-2.427556999999999832e+01 -2.768752999999999886e+01 -2.502780500000000075e+01
-1.649742099999999922e+01 -1.682437900000000042e+01 -1.852438300000000027e+01
-1.955761400000000094e+01 -1.733849100000000121e+01 -2.059943099999999916e+01
-5.297084699999999913e+01 -4.725069200000000080e+01 -5.210561200000000071e+01
-7.305123500000000547e+01 -8.168889900000000637e+01 -7.678459900000000005e+01
-2.266304500000000033e+01 -2.136661099999999891e+01 -2.415073800000000048e+01
-1.700062799999999896e+01 -1.745702100000000101e+01 -1.999124399999999824e+01
-1.588126899999999964e+01 -1.784350799999999992e+01 -1.696574000000000026e+01
-7.399577999999999633e+01 -6.677702499999999475e+01 -6.765214799999999684e+01
-1.393775699999999951e+01 -1.663921200000000056e+01 -1.691026700000000105e+01
-9.987304999999999211e+00 -1.067939600000000056e+01 -9.153791000000000011e+00
-9.905633799999999667e+01 -1.006439730000000026e+02 -8.835659599999999614e+01
-8.808130400000000293e+01 -8.670781399999999906e+01 -7.854056599999999833e+01
-3.302065199999999834e+01 -2.901046799999999948e+01 -3.466910000000000025e+01
-1.405633399999999966e+01 -1.179185000000000016e+01 -1.312989299999999915e+01
-1.984777100000000161e+01 -2.229500499999999974e+01 -2.169546100000000166e+01
-3.695388100000000264e+01 -3.045093800000000073e+01 -3.397574999999999790e+01
-4.497428399999999726e+01 -3.930130400000000179e+01 -4.011220000000000141e+01
-4.022691199999999867e+01 -4.129569000000000045e+01 -4.634652299999999769e+01
-6.720969399999999894e+01 -6.416854100000000471e+01 -6.994835600000000397e+01
-3.174645399999999995e+01 -3.042727400000000060e+01 -2.775798599999999894e+01
-3.375876800000000344e+01 -3.900094599999999900e+01 -3.983508499999999941e+01
-7.017879999999999896e+00 -8.044126000000000332e+00 -8.256467000000000667e+00
-1.125449799999999989e+01 -1.261936799999999970e+01 -1.113977799999999974e+01
-4.107387700000000308e+01 -4.725069200000000080e+01 -4.198065600000000330e+01
-5.865587599999999924e+01 -5.207726000000000255e+01 -5.843751999999999924e+01
-1.392821799999999932e+01 -1.689611400000000074e+01 -1.516050700000000084e+01
-1.154554899999999940e+01 -9.687820999999999572e+00 -1.045627799999999930e+01
-5.940315600000000273e+01 -5.388735599999999692e+01 -5.663097100000000239e+01
-8.847543999999999187e+00 -9.856158999999999892e+00 -8.750624999999999432e+00
-7.427272999999999570e+00 -7.058302000000000298e+00 -8.234002000000000265e+00
-3.424631800000000226e+01 -3.802441900000000174e+01 -3.321528699999999645e+01
-1.100081400000000009e+01 -9.659274999999999167e+00 -1.015079899999999924e+01
-8.835659599999999614e+01 -1.006439730000000026e+02 -8.989852399999999477e+01
-8.989852399999999477e+01 -8.952337900000000559e+01 -7.867048200000000691e+01
-1.689611400000000074e+01 -1.886231799999999836e+01 -2.062934399999999968e+01
-1.400065799999999960e+01 -1.346888000000000041e+01 -1.050902899999999995e+01
-1.536971600000000038e+01 -1.323606099999999941e+01 -1.298316299999999934e+01
-6.657286000000000037e+00 -6.952506999999999771e+00 -6.386162999999999812e+00
-6.991013999999999839e+00 -6.380226999999999649e+00 -7.194963000000000442e+00
-1.485430900000000065e+01 -1.535846699999999920e+01 -1.311105700000000063e+01
-2.767652199999999851e+01 -3.237369900000000200e+01 -2.837628499999999931e+01
-1.846712000000000131e+01 -2.086393599999999893e+01 -2.125193700000000163e+01
-1.426950000000000074e+01 -1.517431900000000056e+01 -1.314567899999999945e+01
-2.855065499999999901e+01 -3.279219899999999654e+01 -2.936171999999999827e+01
-1.802873599999999854e+01 -2.101233399999999918e+01 -1.876509499999999875e+01
-5.333684300000000178e+01 -4.786605899999999991e+01 -4.783294899999999927e+01
-5.207726000000000255e+01 -5.195214899999999858e+01 -4.618811300000000131e+01
-3.147839000000000098e+01 -3.560422200000000004e+01 -3.073545199999999866e+01
-8.904771700000000578e+01 -8.766301699999999641e+01 -7.395433699999999533e+01
-2.300195099999999826e+01 -1.921453299999999942e+01 -2.096082300000000131e+01
-5.508010600000000068e+01 -5.403448000000000206e+01 -6.262746800000000036e+01
-1.235756100000000046e+01 -1.834172900000000084e+01 -1.587255399999999916e+01
-3.181511100000000170e+01 -3.626530400000000043e+01 -3.671105500000000177e+01
-1.032700400000000052e+01 -1.169780199999999937e+01 -1.139456299999999978e+01
-7.873056900000000269e+01 -7.024303799999999853e+01 -6.991602199999999812e+01
-6.841319300000000680e+01 -6.193631400000000298e+01 -6.378029999999999688e+01
-3.561312800000000323e+01 -2.506405099999999919e+01 -2.991829999999999856e+01
-7.237004999999999910e+00 -7.813674999999999926e+00 -6.978486000000000189e+00
-2.983189499999999938e+01 -2.890706199999999981e+01 -2.603803200000000118e+01
-8.024058999999999386e+00 -9.153791000000000011e+00 -8.518245000000000289e+00
-7.882850999999999608e+00 -7.328437000000000090e+00 -8.735153999999999641e+00
-2.748075800000000157e+01 -3.157688900000000132e+01 -3.233070099999999769e+01
-7.474171000000000120e+00 -7.732747999999999955e+00 -8.698213000000000861e+00
-7.284652000000000349e+00 -7.691672999999999760e+00 -6.877826999999999913e+00
-9.170105300000000170e+01 -7.822797400000000323e+01 -7.799947600000000136e+01
-1.020452200000000076e+01 -1.231440899999999949e+01 -1.150263799999999925e+01
-1.756304799999999844e+01 -1.476012300000000010e+01 -1.473230500000000021e+01
-6.201058100000000195e+01 -7.129763099999999554e+01 -7.238162800000000630e+01
-6.197702499999999759e+01 -6.416854100000000471e+01 -6.720969399999999894e+01
-9.955966000000000093e+00 -9.796395999999999660e+00 -1.127562900000000035e+01
-8.342724999999999724e+00 -7.412886000000000308e+00 -7.657836999999999783e+00
-1.203231099999999998e+01 -1.324802999999999997e+01 -1.168765299999999918e+01
-2.502173000000000158e+01 -2.855065499999999901e+01 -2.571882300000000043e+01
-6.660035200000000088e+01 -7.484237000000000251e+01 -6.708209100000000547e+01
-9.642998000000000403e+00 -1.000055700000000058e+01 -1.095985399999999998e+01
-1.304873300000000036e+01 -1.224703099999999978e+01 -1.139515899999999959e+01
-8.732729000000000852e+00 -9.367435999999999652e+00 -9.947155999999999665e+00
-2.008416599999999974e+01 -1.817373500000000064e+01 -1.717044500000000085e+01
-4.848227700000000340e+01 -5.297778000000000276e+01 -4.749870700000000312e+01
-3.335039700000000096e+01 -3.661747100000000188e+01 -4.212779799999999852e+01
-6.578517100000000539e+01 -5.836368199999999717e+01 -5.744401100000000326e+01
-6.243401899999999927e+01 -6.204839199999999977e+01 -5.555049199999999843e+01
-1.634159199999999856e+01 -1.825235199999999836e+01 -1.774835799999999963e+01
-4.449630499999999955e+01 -4.306607000000000340e+01 -3.948364800000000230e+01
-3.739072600000000079e+01 -4.267378800000000183e+01 -3.792985999999999791e+01
-5.353293200000000240e+01 -6.290060100000000176e+01 -5.423368700000000331e+01
-1.015792380000000037e+02 -8.646292599999999595e+01 -8.923625199999999325e+01
-9.367435999999999652e+00 -1.008824800000000010e+01 -1.071083499999999944e+01
-6.723150000000000404e+00 -7.363832999999999629e+00 -6.577601999999999727e+00
-9.951513999999999527e+00 -1.072164899999999932e+01 -9.380627999999999744e+00
-4.075705399999999656e+01 -4.405023599999999817e+01 -4.758085799999999921e+01
-2.049949000000000154e+01 -2.135891900000000021e+01 -1.814953900000000075e+01
-1.473230500000000021e+01 -1.476012300000000010e+01 -1.239427200000000084e+01
-8.366547999999999874e+00 -9.693217999999999890e+00 -8.639338000000000406e+00
-3.033405499999999932e+01 -3.367689399999999722e+01 -2.788821499999999887e+01
-5.807863499999999846e+01 -6.344702199999999692e+01 -6.660035200000000088e+01
-4.101701700000000272e+01 -3.466910000000000025e+01 -3.760561700000000229e+01
-8.861143999999999465e+00 -8.048947000000000074e+00 -9.099348000000000880e+00
-3.111025199999999913e+01 -3.561312800000000323e+01 -4.213344699999999676e+01
-8.477029999999999177e+00 -9.153791000000000011e+00 -8.024058999999999386e+00
-3.525097199999999731e+01 -3.110576400000000064e+01 -3.558550400000000025e+01
-8.750624999999999432e+00 -9.781551000000000329e+00 -8.620186999999999600e+00
-8.274770000000000181e+00 -9.367435999999999652e+00 -8.732729000000000852e+00
-2.874134099999999847e+01 -3.375876800000000344e+01 -2.954159399999999991e+01
-2.737433599999999956e+01 -2.526769699999999830e+01 -2.300195099999999826e+01
-2.740764599999999973e+01 -2.762172999999999945e+01 -3.110576400000000064e+01
-1.942989999999999995e+01 -2.180825099999999850e+01 -2.249314100000000138e+01
-3.178766099999999994e+01 -3.642363699999999938e+01 -3.609113700000000335e+01
-7.782852300000000412e+01 -8.735850399999999638e+01 -7.667931699999999751e+01
-4.233896599999999921e+01 -3.561568199999999962e+01 -4.126793899999999837e+01
-6.468285199999999691e+01 -5.584676499999999777e+01 -6.763750500000000443e+01
-2.365600799999999992e+01 -2.408217000000000141e+01 -2.086393599999999893e+01
-2.097003700000000137e+01 -2.526769699999999830e+01 -2.294989899999999849e+01
-3.274298600000000192e+01 -4.038768799999999715e+01 -2.925708799999999954e+01
-6.104771399999999915e+01 -6.892074499999999659e+01 -5.966813400000000200e+01
-6.750172000000000594e+01 -5.892700800000000072e+01 -5.881371500000000196e+01
-1.295665799999999912e+01 -1.143432999999999922e+01 -1.168765299999999918e+01
-1.634159199999999856e+01 -1.774835799999999963e+01 -1.585291800000000073e+01
-4.101701700000000272e+01 -4.562644800000000345e+01 -4.778716200000000214e+01
-5.294186200000000042e+01 -6.295695599999999814e+01 -5.402662500000000279e+01
-9.498832899999999313e+01 -9.387795599999999752e+01 -8.553242600000000095e+01
-2.056370099999999823e+01 -1.852438300000000027e+01 -2.079824500000000143e+01
-8.249248400000000458e+01 -8.201306800000000408e+01 -7.672307499999999436e+01
-3.870789099999999650e+01 -4.213266699999999787e+01 -4.516073399999999793e+01
-9.687820999999999572e+00 -8.698213000000000861e+00 -1.045627799999999930e+01
-3.073545199999999866e+01 -3.014044399999999868e+01 -2.671921599999999941e+01
-2.701280900000000074e+01 -3.087889099999999942e+01 -2.768752999999999886e+01
-1.127562900000000035e+01 -9.796395999999999660e+00 -1.111950900000000075e+01
-8.862975900000000706e+01 -8.795229999999999393e+01 -7.974677200000000710e+01
-6.841319300000000680e+01 -7.188056400000000679e+01 -7.530756700000000592e+01
-1.962086599999999947e+01 -2.210007200000000083e+01 -2.149439399999999978e+01
-3.826137200000000149e+01 -3.749986899999999679e+01 -4.451564599999999672e+01
-9.628622900000000584e+01 -8.670781399999999906e+01 -8.808130400000000293e+01
-1.304873300000000036e+01 -1.139515899999999959e+01 -1.219503300000000046e+01
-8.048947000000000074e+00 -8.251483999999999597e+00 -9.099348000000000880e+00
-2.234734200000000115e+01 -2.135891900000000021e+01 -2.507199400000000011e+01
-4.190678400000000181e+01 -3.832840900000000062e+01 -4.414378099999999705e+01
-8.135171599999999614e+01 -9.420334800000000541e+01 -8.315238600000000702e+01
-7.237004999999999910e+00 -6.773133999999999766e+00 -7.529728999999999672e+00
-9.284252000000000393e+00 -9.808944000000000329e+00 -1.108032399999999917e+01
-1.922508499999999998e+01 -2.226773800000000136e+01 -2.024336800000000025e+01
-1.000055700000000058e+01 -1.137516199999999955e+01 -1.095985399999999998e+01
-4.391822599999999710e+01 -3.930130400000000179e+01 -4.497428399999999726e+01
-5.001884400000000142e+01 -4.948450700000000069e+01 -4.234116300000000166e+01
-6.261772999999999811e+00 -6.202545999999999893e+00 -7.552871999999999808e+00
-3.302065199999999834e+01 -3.710561899999999724e+01 -3.217204999999999870e+01
-6.713030600000000447e+01 -6.591547900000000482e+01 -5.595519600000000082e+01
-7.866536999999999580e+01 -6.778479799999999500e+01 -6.590175100000000441e+01
-5.948303899999999800e+01 -6.891600099999999429e+01 -5.974005100000000112e+01
-5.398579500000000309e+01 -4.715421899999999766e+01 -5.473556899999999814e+01
-6.591547900000000482e+01 -7.781704399999999566e+01 -6.495328999999999553e+01
-9.541411999999999694e+01 -9.385011299999999324e+01 -8.487388900000000547e+01
-2.492518099999999848e+01 -2.638309100000000029e+01 -3.068021900000000102e+01
-9.364887500000000387e+01 -8.163311000000000206e+01 -8.037914899999999818e+01
-5.793585699999999861e+01 -6.986862000000000705e+01 -5.727969300000000175e+01
-1.911987500000000040e+01 -1.661753500000000017e+01 -1.928038300000000049e+01
-5.874313899999999933e+01 -5.487665599999999699e+01 -5.952812399999999826e+01
-4.138657100000000355e+01 -2.991829999999999856e+01 -3.392329999999999757e+01
-1.594293599999999955e+01 -1.437862999999999936e+01 -1.320877400000000002e+01
-9.951513999999999527e+00 -9.380627999999999744e+00 -8.715013000000000787e+00
-1.108603800000000028e+01 -1.261113399999999984e+01 -1.111950900000000075e+01
-1.475506200000000057e+01 -1.515207799999999949e+01 -1.646550799999999981e+01
-8.096595999999999904e+00 -8.259624999999999773e+00 -9.104086000000000567e+00
-5.696091000000000015e+00 -5.679770000000000429e+00 -5.799923999999999857e+00
-4.012004300000000256e+01 -3.524887600000000276e+01 -3.885680599999999885e+01
-7.635845999999999911e+00 -7.094895000000000174e+00 -8.024058999999999386e+00
-3.083522100000000066e+01 -3.023903699999999972e+01 -3.533659099999999853e+01
-6.611687600000000486e+01 -6.947286400000000128e+01 -7.122233900000000517e+01
-9.659274999999999167e+00 -8.901064999999999117e+00 -1.015079899999999924e+01
-1.762430399999999864e+01 -1.489802000000000071e+01 -1.726918399999999920e+01
-1.941076899999999839e+01 -1.702861599999999953e+01 -1.849275400000000147e+01
-2.419818100000000172e+01 -2.506659399999999849e+01 -2.209281000000000006e+01
-2.148547699999999949e+01 -2.436456599999999995e+01 -2.328037799999999891e+01
-9.331283000000000882e+00 -1.058862799999999993e+01 -1.029992000000000019e+01
-1.261643899999999974e+01 -1.516050700000000084e+01 -1.362744999999999962e+01
-9.956759999999999167e+00 -1.113977799999999974e+01 -9.856158999999999892e+00
-9.383998800000000529e+01 -8.002493099999999515e+01 -8.027525099999999725e+01
-1.245303299999999957e+01 -1.203231099999999998e+01 -1.095985399999999998e+01
-2.774116000000000071e+01 -2.384149299999999982e+01 -2.812843000000000160e+01
-7.284652000000000349e+00 -7.738309000000000104e+00 -8.177747000000000099e+00
-4.233896599999999921e+01 -4.999000600000000105e+01 -5.023350899999999797e+01
-6.532023999999999830e+00 -6.686936000000000213e+00 -7.160645999999999844e+00
-2.632138300000000086e+01 -2.346070699999999931e+01 -2.303093300000000099e+01
-6.645664299999999969e+01 -5.843751999999999924e+01 -6.443729999999999336e+01
-7.466483800000000315e+01 -7.208787499999999682e+01 -6.295695599999999814e+01
-7.543508699999999578e+01 -7.699137799999999743e+01 -6.871133500000000538e+01
-9.128846500000000219e+01 -9.040549400000000446e+01 -8.198051499999999692e+01
-5.127120599999999939e+01 -4.660569399999999973e+01 -4.797350000000000136e+01
-2.408217000000000141e+01 -2.807777199999999951e+01 -2.463285300000000078e+01
-1.179185000000000016e+01 -9.987304999999999211e+00 -1.106879900000000028e+01
-8.663944000000000756e+00 -9.955966000000000093e+00 -8.855762999999999607e+00
-7.229557599999999695e+01 -6.645664299999999969e+01 -6.443729999999999336e+01
-9.751105000000000800e+00 -8.908048000000000854e+00 -8.518245000000000289e+00
-9.204437599999999975e+01 -8.135171599999999614e+01 -7.993564000000000647e+01
-3.136839700000000164e+01 -3.598575000000000301e+01 -3.558550400000000025e+01
-8.478616800000000353e+01 -1.018323979999999978e+02 -8.463552900000000534e+01
-4.449630499999999955e+01 -3.948364800000000230e+01 -4.077281800000000089e+01
-7.325226299999999924e+01 -6.994835600000000397e+01 -7.678459900000000005e+01
-1.019213700000000067e+01 -1.007630600000000065e+01 -9.064723000000000752e+00
-3.980928200000000317e+01 -4.716354599999999664e+01 -4.034328099999999750e+01
-2.255116200000000148e+01 -2.532418900000000050e+01 -2.613336299999999923e+01
-2.034140199999999865e+01 -1.941076899999999839e+01 -2.209281000000000006e+01
-5.892700800000000072e+01 -5.132869099999999918e+01 -5.881371500000000196e+01
-4.719307100000000332e+01 -5.373240200000000044e+01 -5.240859400000000079e+01
-2.361174199999999956e+01 -2.689563499999999863e+01 -2.603803200000000118e+01
-4.267378800000000183e+01 -4.786605899999999991e+01 -4.829681699999999722e+01
-5.127120599999999939e+01 -5.571298600000000079e+01 -5.487665599999999699e+01
-6.698466600000000426e+01 -5.744401100000000326e+01 -6.052943299999999738e+01
-2.517120200000000096e+01 -2.610724000000000089e+01 -2.893120800000000159e+01
-5.460832899999999768e+01 -5.294305599999999856e+01 -4.858641500000000235e+01
-4.405023599999999817e+01 -4.667248399999999720e+01 -5.064271699999999754e+01
-1.802873599999999854e+01 -1.594921199999999928e+01 -1.535846699999999920e+01
-1.192217899999999986e+01 -1.100081400000000009e+01 -1.249308699999999916e+01
-1.001908899999999925e+01 -1.020452200000000076e+01 -1.150263799999999925e+01
-6.201058100000000195e+01 -7.238162800000000630e+01 -6.290060100000000176e+01
-3.675049099999999669e+01 -3.331311800000000289e+01 -3.811467499999999831e+01
-1.318570000000000064e+01 -1.543129799999999996e+01 -1.389017100000000049e+01
-3.085248899999999850e+01 -2.525273999999999930e+01 -2.788821499999999887e+01
-7.781704399999999566e+01 -7.658785000000000309e+01 -6.495328999999999553e+01
-1.410943400000000025e+01 -1.254650900000000036e+01 -1.286099399999999982e+01
-2.612086299999999994e+01 -2.238161300000000153e+01 -2.331353199999999859e+01
-1.084057999999999922e+01 -1.123692899999999995e+01 -9.693217999999999890e+00
-5.783377600000000029e+01 -5.526521199999999823e+01 -6.039016699999999815e+01
-6.978486000000000189e+00 -7.529815000000000147e+00 -6.730457999999999608e+00
-4.101701700000000272e+01 -3.760561700000000229e+01 -4.562644800000000345e+01
-1.332000400000000084e+01 -1.194449099999999930e+01 -1.133009000000000022e+01
-1.004957300000000053e+01 -1.032700400000000052e+01 -1.139456299999999978e+01
-6.911997999999999642e+00 -5.787957999999999714e+00 -6.549844000000000221e+00
-4.742488399999999871e+01 -4.950110099999999846e+01 -5.305548799999999687e+01
-1.616446099999999930e+01 -1.635989700000000013e+01 -1.428901399999999988e+01
-8.366547999999999874e+00 -8.256467000000000667e+00 -9.388640999999999792e+00
-1.275033600000000078e+01 -1.261936799999999970e+01 -1.125449799999999989e+01
-8.821397199999999827e+01 -8.222706700000000524e+01 -7.713956899999999450e+01
-7.873056900000000269e+01 -7.974194500000000119e+01 -7.024303799999999853e+01
-2.315301300000000140e+01 -2.047145499999999885e+01 -2.307346000000000075e+01
-2.434559199999999990e+01 -2.689563499999999863e+01 -2.361174199999999956e+01
-9.373864600000000280e+01 -9.289340599999999881e+01 -7.935653299999999888e+01
-5.096696299999999979e+01 -4.938006500000000187e+01 -5.688613300000000095e+01
-1.066207999999999956e+01 -1.587255399999999916e+01 -1.363751099999999994e+01
-4.999000600000000105e+01 -4.697473300000000052e+01 -5.506364200000000153e+01
-9.693217999999999890e+00 -8.366547999999999874e+00 -9.388640999999999792e+00
-1.702861599999999953e+01 -1.609972899999999996e+01 -1.849275400000000147e+01
-3.360212800000000044e+01 -3.487364800000000287e+01 -3.841372599999999693e+01
-1.817373500000000064e+01 -1.655207000000000050e+01 -1.559713400000000050e+01
-1.442587600000000059e+01 -1.275033600000000078e+01 -1.295665799999999912e+01
-3.085248899999999850e+01 -3.397574999999999790e+01 -2.782760000000000034e+01
-2.365600799999999992e+01 -2.748075800000000157e+01 -2.408217000000000141e+01
-2.767652199999999851e+01 -2.699315400000000054e+01 -3.187319799999999859e+01
-4.151550699999999949e+01 -4.719307100000000332e+01 -4.645101700000000022e+01
-1.536971600000000038e+01 -1.541068600000000011e+01 -1.323606099999999941e+01
-1.846712000000000131e+01 -1.826541299999999879e+01 -2.086393599999999893e+01
-5.689397199999999799e+01 -4.742336300000000193e+01 -5.855725199999999830e+01
-3.725797200000000231e+01 -3.085248899999999850e+01 -3.367689399999999722e+01
-7.295879899999999907e+01 -7.974677200000000710e+01 -7.185166800000000364e+01
-1.400065799999999960e+01 -1.774980300000000000e+01 -1.346888000000000041e+01
-6.212372799999999984e+01 -5.398579500000000309e+01 -6.407358499999999424e+01
-3.335039700000000096e+01 -2.855941100000000077e+01 -3.661747100000000188e+01
-1.050044800000000045e+01 -9.659274999999999167e+00 -1.100081400000000009e+01
-3.749986899999999679e+01 -4.364074300000000051e+01 -4.451564599999999672e+01
-7.237004999999999910e+00 -8.131510000000000460e+00 -7.813674999999999926e+00
-4.539164300000000196e+01 -4.634652299999999769e+01 -5.204967800000000011e+01
-7.330022999999999733e+00 -7.529815000000000147e+00 -8.251483999999999597e+00
-1.537687400000000082e+01 -1.363347000000000087e+01 -1.409096500000000063e+01
-1.047554099999999977e+01 -8.735153999999999641e+00 -9.122716000000000491e+00
-8.633114199999999983e+01 -8.932649299999999926e+01 -7.965489599999999371e+01
-8.189724099999999396e+01 -8.180244899999999575e+01 -7.487691599999999426e+01
-4.433837199999999967e+01 -4.922834699999999941e+01 -5.068707799999999963e+01
-1.635989700000000013e+01 -1.675553499999999829e+01 -1.448300700000000063e+01
-6.848479100000000130e+01 -6.713030600000000447e+01 -5.701480099999999851e+01
-2.012410799999999966e+01 -1.795126199999999983e+01 -1.841529500000000041e+01
-1.784350799999999992e+01 -1.905581000000000103e+01 -1.696574000000000026e+01
-6.577626999999999668e+01 -7.295879899999999907e+01 -7.185166800000000364e+01
-1.922971599999999981e+01 -2.356231899999999868e+01 -2.055735500000000116e+01
-6.913286499999999535e+01 -6.993395099999999331e+01 -6.243401899999999927e+01
-2.056370099999999823e+01 -2.318008899999999883e+01 -2.307346000000000075e+01
-5.701480099999999851e+01 -6.713030600000000447e+01 -5.595519600000000082e+01
-7.296029199999999548e+01 -7.015919200000000444e+01 -6.565976200000000063e+01
-3.608885899999999936e+01 -3.547954000000000008e+01 -4.126527300000000054e+01
-1.470541200000000082e+01 -1.732722800000000163e+01 -1.543129799999999996e+01
-1.648534700000000086e+01 -1.421472699999999989e+01 -1.661753500000000017e+01
-1.058311199999999985e+01 -8.263353000000000392e+00 -1.050902899999999995e+01
-4.749870700000000312e+01 -5.297778000000000276e+01 -5.216481999999999886e+01
-3.244148299999999807e+01 -3.360212800000000044e+01 -3.711418199999999956e+01
-1.074910599999999938e+01 -9.457563999999999638e+00 -9.767120999999999498e+00
-3.725797200000000231e+01 -3.397574999999999790e+01 -3.085248899999999850e+01
-4.073770400000000080e+01 -3.870789099999999650e+01 -4.516073399999999793e+01
-4.863143699999999825e+01 -5.584676499999999777e+01 -4.640997999999999735e+01
-6.341264699999999976e+01 -5.865498300000000143e+01 -5.824906000000000006e+01
-2.329015000000000057e+01 -2.566185499999999919e+01 -2.662203699999999884e+01
-6.907276600000000144e+01 -8.315238600000000702e+01 -7.132150199999999529e+01
-8.663944000000000756e+00 -9.796395999999999660e+00 -9.955966000000000093e+00
-2.507199400000000011e+01 -2.135891900000000021e+01 -2.418681399999999826e+01
-9.986278099999999824e+01 -9.716697800000000029e+01 -8.740370799999999463e+01
-1.139515899999999959e+01 -1.224703099999999978e+01 -1.072164899999999932e+01
-8.198128999999999778e+00 -1.235756100000000046e+01 -1.066207999999999956e+01
-1.585291800000000073e+01 -1.774835799999999963e+01 -1.725616799999999884e+01
-4.778716200000000214e+01 -5.402662500000000279e+01 -5.478545400000000143e+01
-1.845278100000000165e+01 -2.062934399999999968e+01 -2.261903500000000022e+01
-3.187319799999999859e+01 -2.699315400000000054e+01 -3.123614699999999900e+01
-6.145332299999999748e+01 -6.021157699999999835e+01 -5.002454699999999832e+01
-6.393086000000000269e+00 -6.380226999999999649e+00 -6.991013999999999839e+00
-3.014884899999999845e+01 -3.488221399999999761e+01 -3.087889099999999942e+01
-6.894315600000000188e+01 -7.418013399999999535e+01 -7.465596800000000144e+01
-5.283734599999999659e+01 -4.797350000000000136e+01 -4.965370599999999968e+01
-4.863038499999999686e+01 -5.306307699999999983e+01 -5.744401100000000326e+01
-4.605490100000000098e+01 -4.533582400000000234e+01 -5.353293200000000240e+01
-5.663097100000000239e+01 -5.388735599999999692e+01 -5.064271699999999754e+01
-1.221411200000000008e+01 -1.001369200000000070e+01 -1.218574399999999969e+01
-3.178766099999999994e+01 -2.774116000000000071e+01 -3.217204999999999870e+01
-6.330127499999999685e+01 -5.715984300000000218e+01 -5.777354499999999859e+01
-2.052439199999999886e+01 -2.381230199999999897e+01 -2.331353199999999859e+01
-7.859547000000000061e+00 -7.529728999999999672e+00 -7.032776000000000138e+00
-2.070757000000000048e+01 -2.399018200000000078e+01 -2.078938300000000083e+01
-1.066207999999999956e+01 -1.235756100000000046e+01 -1.587255399999999916e+01
-3.238926000000000016e+01 -3.335601400000000183e+01 -2.933882200000000040e+01
-3.561312800000000323e+01 -4.138657100000000355e+01 -4.788526999999999845e+01
-8.795229999999999393e+01 -8.775540999999999769e+01 -7.861499600000000498e+01
-6.978486000000000189e+00 -7.813674999999999926e+00 -7.529815000000000147e+00
-2.419818100000000172e+01 -2.329015000000000057e+01 -2.662203699999999884e+01
-2.301753700000000080e+01 -2.136661099999999891e+01 -2.034140199999999865e+01
-8.425551400000000513e+01 -8.092735799999999813e+01 -7.208787499999999682e+01
-4.212779799999999852e+01 -5.294186200000000042e+01 -4.562644800000000345e+01
-5.068707799999999963e+01 -4.922834699999999941e+01 -5.590849999999999653e+01
-4.075001600000000224e+01 -4.130477400000000188e+01 -4.787233100000000263e+01
-2.879760900000000134e+01 -2.501136299999999935e+01 -2.356231899999999868e+01
-1.552033499999999933e+01 -1.689611400000000074e+01 -1.392821799999999932e+01
-7.092417899999999520e+01 -6.894315600000000188e+01 -7.465596800000000144e+01
-2.638309100000000029e+01 -2.080613699999999966e+01 -2.193111599999999939e+01
-1.437862999999999936e+01 -1.276446699999999979e+01 -1.202133899999999933e+01
-6.320999999999999730e+00 -7.392237999999999865e+00 -7.194963000000000442e+00
-8.804641599999999357e+01 -8.825712699999999700e+01 -7.912637800000000254e+01
-8.242072000000000287e+00 -7.317369000000000234e+00 -7.691672999999999760e+00
-1.169780199999999937e+01 -1.317623999999999995e+01 -1.286099399999999982e+01
-8.901064999999999117e+00 -8.242072000000000287e+00 -9.380627999999999744e+00
-8.932649299999999926e+01 -9.973284300000000258e+01 -9.033744599999999991e+01
-4.886803799999999853e+01 -4.058479200000000020e+01 -4.065745600000000337e+01
-5.281652600000000319e+01 -4.213344699999999676e+01 -5.345654400000000095e+01
-2.378385499999999908e+01 -2.193111599999999939e+01 -1.774980300000000000e+01
-7.862378999999999785e+00 -8.048947000000000074e+00 -8.861143999999999465e+00
-2.607512399999999886e+01 -2.507199400000000011e+01 -2.921096700000000013e+01
-7.822797400000000323e+01 -6.891600099999999429e+01 -6.528288000000000579e+01
-4.008520399999999739e+01 -3.610110199999999736e+01 -4.231311999999999784e+01
-2.893120800000000159e+01 -2.610724000000000089e+01 -3.009245400000000004e+01
-2.837628499999999931e+01 -3.296490699999999663e+01 -2.921096700000000013e+01
-6.202545999999999893e+00 -6.143318999999999974e+00 -7.649287000000000170e+00
-1.830055499999999924e+01 -1.852438300000000027e+01 -2.056370099999999823e+01
-4.597086500000000342e+01 -3.938918400000000020e+01 -4.378038000000000096e+01
-2.694806499999999971e+01 -2.335703600000000080e+01 -2.652678799999999981e+01
-1.063221799999999995e+01 -1.032700400000000052e+01 -9.362237999999999616e+00
-7.658785000000000309e+01 -6.407358499999999424e+01 -6.495328999999999553e+01
-8.425621399999999994e+01 -8.438785699999999679e+01 -7.279420399999999347e+01
-7.866536999999999580e+01 -9.045966099999999699e+01 -7.993564000000000647e+01
-7.845019200000000126e+01 -6.993395099999999331e+01 -6.913286499999999535e+01
-1.137516199999999955e+01 -1.245303299999999957e+01 -1.095985399999999998e+01
-9.252003399999999544e+01 -1.015027050000000060e+02 -9.091384899999999902e+01
-1.392821799999999932e+01 -1.154554899999999940e+01 -1.276446699999999979e+01
-4.330526499999999857e+01 -3.877287400000000162e+01 -3.792985999999999791e+01
-3.045093800000000073e+01 -2.478527899999999917e+01 -2.782760000000000034e+01
-1.782457600000000042e+01 -1.580928499999999914e+01 -1.464787300000000059e+01
-1.426950000000000074e+01 -1.341003700000000087e+01 -1.559713400000000050e+01
-1.008824800000000010e+01 -9.521421000000000134e+00 -1.091960599999999992e+01
-4.581688700000000125e+01 -4.449630499999999955e+01 -4.077281800000000089e+01
-3.637171099999999768e+01 -4.802099400000000173e+01 -4.413692700000000002e+01
-6.994835600000000397e+01 -7.305123500000000547e+01 -7.678459900000000005e+01
-6.835729600000000517e+01 -6.342353200000000157e+01 -6.902048000000000627e+01
-1.123692899999999995e+01 -1.286643300000000067e+01 -1.095266999999999946e+01
-8.682458999999999705e+00 -7.877169999999999561e+00 -7.838582999999999856e+00
-3.425900899999999893e+01 -3.980928200000000317e+01 -3.457182999999999851e+01
-8.603258999999999901e+01 -8.487388900000000547e+01 -7.608330700000000490e+01
-3.375876800000000344e+01 -3.471466600000000113e+01 -2.954159399999999991e+01
-9.781551000000000329e+00 -9.856158999999999892e+00 -1.108603800000000028e+01
-6.295695599999999814e+01 -7.208787499999999682e+01 -6.219955999999999818e+01
-2.007809400000000011e+01 -2.148547699999999949e+01 -1.905581000000000103e+01
-5.352045199999999880e+01 -5.333684300000000178e+01 -5.906293000000000148e+01
-1.732722800000000163e+01 -2.049949000000000154e+01 -1.814953900000000075e+01
-5.870589400000000069e+01 -6.416854100000000471e+01 -6.197702499999999759e+01
-6.232248000000000232e+00 -7.017879999999999896e+00 -7.324797000000000224e+00
-1.942989999999999995e+01 -2.249314100000000138e+01 -1.995791399999999882e+01
-5.974005100000000112e+01 -6.087222599999999773e+01 -5.158464399999999728e+01
-2.566185499999999919e+01 -2.457330100000000073e+01 -2.831681899999999885e+01
-6.378029999999999688e+01 -6.478380300000000602e+01 -7.188056400000000679e+01
-3.588040600000000069e+01 -3.609113700000000335e+01 -4.080007200000000012e+01
-5.339809999999999945e+00 -7.540829999999999700e+00 -6.568888000000000282e+00
-7.861499600000000498e+01 -8.775540999999999769e+01 -7.798630500000000154e+01
-1.814953900000000075e+01 -1.906029200000000046e+01 -1.624631400000000170e+01
-7.469248000000000332e+00 -8.709884999999999877e+00 -9.272911999999999821e+00
-3.216818099999999703e+01 -2.838501000000000118e+01 -3.111161699999999897e+01
-7.912637800000000254e+01 -8.825712699999999700e+01 -8.137615999999999872e+01
-4.198065600000000330e+01 -4.725069200000000080e+01 -4.776323899999999867e+01
-6.204839199999999977e+01 -6.737967100000000187e+01 -5.898557999999999879e+01
-5.580997599999999892e+01 -4.848019000000000034e+01 -5.130022900000000163e+01
-4.211798799999999687e+01 -4.742488399999999871e+01 -4.581688700000000125e+01
-1.394643699999999953e+01 -1.304873300000000036e+01 -1.491164099999999948e+01
-3.710561899999999724e+01 -4.252077500000000043e+01 -4.151550699999999949e+01
-3.364959600000000250e+01 -3.216818099999999703e+01 -3.665003699999999753e+01
-7.419962999999999909e+01 -8.575851699999999767e+01 -8.923625199999999325e+01
-9.733378199999999936e+01 -9.689686500000000535e+01 -8.825712699999999700e+01
-5.029437699999999722e+01 -4.544016599999999784e+01 -4.660569399999999973e+01
-1.346888000000000041e+01 -1.058311199999999985e+01 -1.050902899999999995e+01
-8.088044600000000628e+01 -7.923459400000000130e+01 -6.713030600000000447e+01
-9.653185999999999822e+00 -1.095266999999999946e+01 -1.127568300000000079e+01
-8.966074399999999400e+01 -8.862975900000000706e+01 -8.093419000000000096e+01
-4.858247899999999930e+01 -5.138306999999999647e+01 -5.555049199999999843e+01
-5.069440000000000168e+00 -5.339809999999999945e+00 -6.568888000000000282e+00
-3.111161699999999897e+01 -2.748773900000000125e+01 -3.024870400000000004e+01
-3.832840900000000062e+01 -3.554607000000000028e+01 -4.073770400000000080e+01
-6.577626999999999668e+01 -6.032354000000000127e+01 -5.970582499999999726e+01
-1.663921200000000056e+01 -2.012388899999999836e+01 -1.691026700000000105e+01
-9.956759999999999167e+00 -9.856158999999999892e+00 -8.847543999999999187e+00
-2.506405099999999919e+01 -2.117745999999999995e+01 -1.687237599999999915e+01
-4.431159900000000107e+01 -4.310742599999999669e+01 -4.938006500000000187e+01
-4.370468300000000283e+01 -4.586818999999999846e+01 -4.950110099999999846e+01
-2.056370099999999823e+01 -2.079824500000000143e+01 -2.318008899999999883e+01
-1.682437900000000042e+01 -1.725616799999999884e+01 -1.886707099999999926e+01
-2.901046799999999948e+01 -2.492518099999999848e+01 -3.068021900000000102e+01
-7.009240499999999940e+01 -6.087222599999999773e+01 -5.974005100000000112e+01
-1.037900800000000068e+01 -1.137516199999999955e+01 -1.000055700000000058e+01
-1.045610699999999937e+01 -8.999468999999999497e+00 -9.003201999999999927e+00
-3.023903699999999972e+01 -3.457182999999999851e+01 -3.533659099999999853e+01
-7.540829999999999700e+00 -9.381135000000000446e+00 -1.132601400000000069e+01
-5.373240200000000044e+01 -6.204839199999999977e+01 -5.898557999999999879e+01
-4.130477400000000188e+01 -4.189145599999999803e+01 -4.867388299999999646e+01
-7.015919200000000444e+01 -7.802453800000000683e+01 -7.085382199999999386e+01
-6.611687600000000486e+01 -6.779360300000000450e+01 -6.258149300000000181e+01
-3.665003699999999753e+01 -4.213266699999999787e+01 -3.870789099999999650e+01
-5.727969300000000175e+01 -7.057648299999999608e+01 -5.966308699999999732e+01
-2.697830099999999831e+01 -3.031243800000000022e+01 -2.612086299999999994e+01
-1.154554899999999940e+01 -1.261643899999999974e+01 -1.065861199999999975e+01
-1.058862799999999993e+01 -1.203231099999999998e+01 -1.168765299999999918e+01
-1.001371029999999962e+02 -9.863665699999999958e+01 -8.901284400000000119e+01
-1.125449799999999989e+01 -9.956759999999999167e+00 -1.010080899999999993e+01
-1.084057999999999922e+01 -9.693217999999999890e+00 -9.388640999999999792e+00
-3.123614699999999900e+01 -2.615842200000000162e+01 -3.026508799999999866e+01
-9.252003399999999544e+01 -9.091384899999999902e+01 -8.241645099999999502e+01
-1.944266400000000061e+01 -1.885797099999999915e+01 -2.181967699999999866e+01
-6.677702499999999475e+01 -5.970582499999999726e+01 -6.184762400000000326e+01
-6.990130700000000274e+01 -7.798630500000000154e+01 -7.827552300000000685e+01
-4.742336300000000193e+01 -5.374557500000000232e+01 -5.855725199999999830e+01
-5.906412000000000440e+00 -7.126514000000000237e+00 -7.344325999999999688e+00
-1.243186299999999989e+01 -1.353660799999999931e+01 -1.203400599999999976e+01
-3.142221400000000031e+01 -3.160457200000000100e+01 -3.588040600000000069e+01
-2.806827200000000033e+01 -3.147839000000000098e+01 -2.731901900000000083e+01
-4.863143699999999825e+01 -4.640997999999999735e+01 -4.022571200000000147e+01
-3.364959600000000250e+01 -3.665003699999999753e+01 -3.870789099999999650e+01
-1.537687400000000082e+01 -1.725616799999999884e+01 -1.682437900000000042e+01
-7.370993000000000350e+00 -6.871499000000000024e+00 -7.753434999999999633e+00
-2.149154000000000053e+01 -2.074322300000000041e+01 -1.899778299999999831e+01
-7.324797000000000224e+00 -8.256467000000000667e+00 -8.366547999999999874e+00
-8.048947000000000074e+00 -7.330022999999999733e+00 -8.251483999999999597e+00
-1.594921199999999928e+01 -1.652367599999999825e+01 -1.393250199999999950e+01
-6.024866000000000277e+00 -7.516466000000000314e+00 -7.629544000000000104e+00
-2.838501000000000118e+01 -2.605681099999999972e+01 -2.506659399999999849e+01
-6.420411999999999786e+00 -5.341006000000000142e+00 -5.069440000000000168e+00
-7.992084000000000188e+00 -9.284252000000000393e+00 -8.961477000000000359e+00
-1.154554899999999940e+01 -1.065861199999999975e+01 -9.687820999999999572e+00
-1.011312799999999967e+01 -9.527746000000000492e+00 -8.572471999999999426e+00
-9.987304999999999211e+00 -9.527746000000000492e+00 -1.106879900000000028e+01
-6.835729600000000517e+01 -7.543508699999999578e+01 -6.871133500000000538e+01
-1.009835730000000069e+02 -9.141761999999999944e+01 -9.033744599999999991e+01
-4.516073399999999793e+01 -5.139975100000000197e+01 -4.620420099999999763e+01
-3.111025199999999913e+01 -2.506405099999999919e+01 -3.561312800000000323e+01
-9.781551000000000329e+00 -1.108603800000000028e+01 -1.111950900000000075e+01
-6.987869200000000092e+01 -8.002493099999999515e+01 -6.892074499999999659e+01
-8.738018999999999536e+00 -8.815893000000000868e+00 -1.020452200000000076e+01
-3.557799099999999726e+01 -3.142221400000000031e+01 -3.588040600000000069e+01
-4.991553600000000301e+01 -5.586737099999999856e+01 -5.460832899999999768e+01
-3.711418199999999956e+01 -4.211798799999999687e+01 -4.077281800000000089e+01
-2.812843000000000160e+01 -2.384149299999999982e+01 -2.414670900000000131e+01
-4.267378800000000183e+01 -4.241214099999999831e+01 -4.786605899999999991e+01
-1.315567899999999923e+01 -1.224703099999999978e+01 -1.394643699999999953e+01
-4.863143699999999825e+01 -5.281652600000000319e+01 -5.836528899999999709e+01
-6.051052099999999712e+01 -6.615595999999999322e+01 -5.544817299999999705e+01
-7.182376200000000210e+01 -5.964188500000000204e+01 -6.167542999999999864e+01
-4.848019000000000034e+01 -4.190678400000000181e+01 -4.414378099999999705e+01
-1.535846699999999920e+01 -1.349314999999999998e+01 -1.311105700000000063e+01
-9.859261000000000053e+00 -8.997719000000000023e+00 -8.682458999999999705e+00
-1.753428999999999860e+01 -1.922508499999999998e+01 -2.024336800000000025e+01
-9.364887500000000387e+01 -9.466132100000000094e+01 -8.163311000000000206e+01
-2.811605899999999991e+01 -2.814953399999999917e+01 -2.499383900000000125e+01
-7.392237999999999865e+00 -6.261772999999999811e+00 -7.552871999999999808e+00
-3.547954000000000008e+01 -3.488221399999999761e+01 -4.058479200000000020e+01
-7.517695700000000159e+01 -6.212372799999999984e+01 -6.407358499999999424e+01
-1.133009000000000022e+01 -1.194449099999999930e+01 -1.026614200000000032e+01
-8.241645099999999502e+01 -8.054691800000000512e+01 -7.274009100000000672e+01
-8.396977499999999850e+01 -9.098519100000000037e+01 -8.125964600000000360e+01
-4.038768799999999715e+01 -5.374557500000000232e+01 -4.742336300000000193e+01
-8.633114199999999983e+01 -7.965489599999999371e+01 -7.634485499999999547e+01
-6.320999999999999730e+00 -6.261772999999999811e+00 -7.392237999999999865e+00
-7.713956899999999450e+01 -7.229557599999999695e+01 -6.737967100000000187e+01
-3.725797200000000231e+01 -3.367689399999999722e+01 -4.008520399999999739e+01
-1.333383199999999924e+01 -1.351884500000000067e+01 -1.090526999999999980e+01
-3.425900899999999893e+01 -3.424521000000000015e+01 -3.914868100000000339e+01
-9.280352800000000002e+01 -9.383998800000000529e+01 -8.027525099999999725e+01
-1.489802000000000071e+01 -1.286643300000000067e+01 -1.269478200000000001e+01
-1.616446099999999930e+01 -1.826541299999999879e+01 -1.846712000000000131e+01
-6.021157699999999835e+01 -5.915646699999999925e+01 -5.001884400000000142e+01
-3.037982900000000086e+01 -2.613336299999999923e+01 -2.954159399999999991e+01
-7.516466000000000314e+00 -5.965639000000000358e+00 -7.344325999999999688e+00
-6.835729600000000517e+01 -6.871133500000000538e+01 -6.311553899999999828e+01
-4.433837199999999967e+01 -5.068707799999999963e+01 -4.557375799999999799e+01
-1.784350799999999992e+01 -1.679924899999999965e+01 -1.894068299999999994e+01
-5.521756700000000251e+01 -6.104771399999999915e+01 -5.301619000000000170e+01
-2.757529699999999906e+01 -2.741325799999999902e+01 -2.399018200000000078e+01
-3.665003699999999753e+01 -3.216818099999999703e+01 -3.524887600000000276e+01
-7.700082000000000093e+00 -6.754109999999999836e+00 -7.350013999999999825e+00
-9.955966000000000093e+00 -1.154074999999999918e+01 -1.019213700000000067e+01
-1.314567899999999945e+01 -1.401458399999999926e+01 -1.219503300000000046e+01
-5.508010600000000068e+01 -6.262746800000000036e+01 -6.231525800000000004e+01
-4.126793899999999837e+01 -3.983508499999999941e+01 -4.697473300000000052e+01
-6.970291999999999710e+00 -6.457881000000000427e+00 -7.094895000000000174e+00
-2.047039600000000092e+01 -2.393246399999999952e+01 -2.070757000000000048e+01
-8.999468999999999497e+00 -7.836388000000000353e+00 -9.003201999999999927e+00
-4.364074300000000051e+01 -5.072932000000000130e+01 -5.158464399999999728e+01
-5.962202899999999772e+01 -5.807863499999999846e+01 -6.660035200000000088e+01
-4.991553600000000301e+01 -5.460832899999999768e+01 -4.858641500000000235e+01
-2.051379100000000122e+01 -1.687237599999999915e+01 -1.419844999999999935e+01
-5.268418400000000190e+01 -4.586818999999999846e+01 -4.848019000000000034e+01
-2.463285300000000078e+01 -2.807777199999999951e+01 -2.874134099999999847e+01
-5.696091000000000015e+00 -5.799923999999999857e+00 -6.232248000000000232e+00
-1.219621800000000000e+01 -1.335709100000000049e+01 -1.179861700000000013e+01
-3.321528699999999645e+01 -3.231082700000000330e+01 -2.890706199999999981e+01
-7.229557599999999695e+01 -7.634485499999999547e+01 -6.645664299999999969e+01
-4.806584500000000304e+01 -4.310742599999999669e+01 -4.204408399999999801e+01
-3.127960699999999861e+01 -2.714308300000000074e+01 -2.821295800000000042e+01
-2.180825099999999850e+01 -2.101233399999999918e+01 -2.423302400000000034e+01
-3.204235700000000264e+01 -3.331311800000000289e+01 -3.675049099999999669e+01
-2.988005400000000122e+01 -3.023903699999999972e+01 -2.623703799999999831e+01
-9.383998800000000529e+01 -9.373864600000000280e+01 -8.002493099999999515e+01
-1.123692899999999995e+01 -1.095266999999999946e+01 -9.932097000000000619e+00
-7.418013399999999535e+01 -6.894315600000000188e+01 -6.779360300000000450e+01
-4.950110099999999846e+01 -4.586818999999999846e+01 -5.268418400000000190e+01
-1.376150400000000040e+01 -1.335709100000000049e+01 -1.219621800000000000e+01
-2.101233399999999918e+01 -2.018676599999999866e+01 -2.338974100000000078e+01
-3.014044399999999868e+01 -3.424521000000000015e+01 -2.984626300000000043e+01
-8.135171599999999614e+01 -8.315238600000000702e+01 -6.907276600000000144e+01
-2.343872100000000103e+01 -2.008416599999999974e+01 -2.234734200000000115e+01
-5.783377600000000029e+01 -6.377918199999999871e+01 -6.018661399999999873e+01
-6.142762799999999856e+01 -5.947319399999999945e+01 -6.565976200000000063e+01
-3.187319799999999859e+01 -3.123614699999999900e+01 -3.671899599999999708e+01
-3.498852899999999977e+01 -3.031243800000000022e+01 -3.105126699999999929e+01
-8.646292599999999595e+01 -1.006243050000000068e+02 -8.403228500000000167e+01
-1.045627799999999930e+01 -1.030897099999999966e+01 -1.202133899999999933e+01
-1.269478200000000001e+01 -1.286643300000000067e+01 -1.123692899999999995e+01
-8.955892199999999548e+01 -8.966074399999999400e+01 -8.180244899999999575e+01
-1.675553499999999829e+01 -1.944266400000000061e+01 -1.732847399999999993e+01
-7.923459400000000130e+01 -6.591547900000000482e+01 -6.713030600000000447e+01
-2.034068800000000010e+01 -1.735345099999999974e+01 -1.995791399999999882e+01
-7.935653299999999888e+01 -7.857358100000000434e+01 -6.799989300000000014e+01
-5.783377600000000029e+01 -5.283734599999999659e+01 -5.526521199999999823e+01
-1.449573200000000028e+01 -1.231440899999999949e+01 -1.194551700000000061e+01
-6.750172000000000594e+01 -6.702393700000000365e+01 -5.892700800000000072e+01
-3.849435400000000129e+01 -4.101701700000000272e+01 -4.452110799999999813e+01
-2.096082300000000131e+01 -1.757804099999999892e+01 -1.904137100000000160e+01
-1.125449799999999989e+01 -1.113977799999999974e+01 -9.956759999999999167e+00
-7.466483800000000315e+01 -6.468285199999999691e+01 -7.733320500000000663e+01
-1.192217899999999986e+01 -1.249308699999999916e+01 -1.346238100000000060e+01
-3.131770699999999863e+01 -3.238926000000000016e+01 -2.831681899999999885e+01
-2.656293399999999849e+01 -2.552346199999999854e+01 -2.328037799999999891e+01
-4.634652299999999769e+01 -4.129569000000000045e+01 -4.768869500000000272e+01
-6.532023999999999830e+00 -7.160645999999999844e+00 -7.005442000000000391e+00
-7.386955000000000382e+00 -7.738309000000000104e+00 -6.952506999999999771e+00
-4.330526499999999857e+01 -4.922834699999999941e+01 -4.433837199999999967e+01
-9.653210199999999475e+01 -9.741795000000000471e+01 -8.425621399999999994e+01
-1.886707099999999926e+01 -2.118095500000000087e+01 -2.079824500000000143e+01
-5.352045199999999880e+01 -4.786605899999999991e+01 -5.333684300000000178e+01
-1.610688199999999881e+01 -1.826541299999999879e+01 -1.616446099999999930e+01
-2.909151800000000065e+01 -2.477433699999999916e+01 -2.612086299999999994e+01
-1.904137100000000160e+01 -1.610978199999999916e+01 -1.700062799999999896e+01
-6.549170000000000158e+00 -5.917079000000000200e+00 -7.469248000000000332e+00
-4.126527300000000054e+01 -4.664838000000000306e+01 -5.002454699999999832e+01
-1.536971600000000038e+01 -1.792103499999999983e+01 -1.541068600000000011e+01
-8.315238600000000702e+01 -9.667628600000000461e+01 -8.576569299999999885e+01
-3.900094599999999900e+01 -3.826137200000000149e+01 -4.533582400000000234e+01
-2.096082300000000131e+01 -1.921453299999999942e+01 -1.757804099999999892e+01
-1.243186299999999989e+01 -1.397371099999999977e+01 -1.353660799999999931e+01
-1.488726899999999986e+01 -1.584038199999999996e+01 -1.679924899999999965e+01
-2.568105800000000016e+01 -2.266304500000000033e+01 -2.415073800000000048e+01
-1.218373199999999912e+01 -1.043937200000000054e+01 -1.219891699999999979e+01
-6.573412399999999423e+01 -7.378269199999999728e+01 -7.313095599999999763e+01
-5.068707799999999963e+01 -5.220437499999999886e+01 -4.557375799999999799e+01
-4.040141200000000055e+01 -3.544153399999999721e+01 -3.675049099999999669e+01
-4.991445399999999921e+01 -4.262538899999999842e+01 -5.023350899999999797e+01
-1.127568300000000079e+01 -1.323606099999999941e+01 -1.148453100000000049e+01
-1.012426199999999987e+01 -9.879070999999999714e+00 -1.148453100000000049e+01
-8.732729000000000852e+00 -9.947155999999999665e+00 -9.286163999999999419e+00
-9.346207699999999363e+01 -7.781704399999999566e+01 -7.923459400000000130e+01
-6.506039999999999601e+00 -5.712411000000000350e+00 -6.232248000000000232e+00
-1.257539200000000079e+01 -1.405633399999999966e+01 -1.496046600000000026e+01
-8.761203399999999419e+01 -8.941747599999999352e+01 -7.700548499999999308e+01
-1.332000400000000084e+01 -1.257539200000000079e+01 -1.496046600000000026e+01
-2.382585500000000067e+01 -2.393246399999999952e+01 -2.047039600000000092e+01
-6.993395099999999331e+01 -8.005505800000000249e+01 -7.230482499999999391e+01
-1.456994199999999928e+01 -1.585291800000000073e+01 -1.409096500000000063e+01
-7.691672999999999760e+00 -7.317369000000000234e+00 -6.877826999999999913e+00
-7.859547000000000061e+00 -7.032776000000000138e+00 -7.317369000000000234e+00
-1.464841599999999922e+01 -1.627356699999999989e+01 -1.442587600000000059e+01
-7.313095599999999763e+01 -7.395446300000000406e+01 -6.464039900000000216e+01
-1.450231400000000015e+01 -1.513165900000000086e+01 -1.624361999999999995e+01
-5.460832899999999768e+01 -5.870589400000000069e+01 -5.294305599999999856e+01
-1.635989700000000013e+01 -1.448300700000000063e+01 -1.428901399999999988e+01
-7.510691799999999319e+01 -7.416959099999999694e+01 -6.578517100000000539e+01
-6.990130700000000274e+01 -7.827552300000000685e+01 -7.099342500000000200e+01
-7.399577999999999633e+01 -7.295879899999999907e+01 -6.677702499999999475e+01
-3.142221400000000031e+01 -3.105126699999999929e+01 -2.741325799999999902e+01
-1.394643699999999953e+01 -1.491164099999999948e+01 -1.584038199999999996e+01
-8.201306800000000408e+01 -8.940582200000000057e+01 -8.108424300000000073e+01
-1.275033600000000078e+01 -1.125449799999999989e+01 -1.143432999999999922e+01
-6.848479100000000130e+01 -8.088044600000000628e+01 -6.713030600000000447e+01
-2.427556999999999832e+01 -2.502780500000000075e+01 -2.228012500000000173e+01
-1.646523099999999928e+01 -1.845278100000000165e+01 -2.012464900000000156e+01
-1.329881899999999995e+01 -1.541068600000000011e+01 -1.449573200000000028e+01
-5.518382900000000291e+01 -4.718426399999999887e+01 -5.595519600000000082e+01
-1.657476300000000080e+01 -1.400722700000000032e+01 -1.579646100000000075e+01
-1.693049699999999902e+01 -1.333383199999999924e+01 -1.346888000000000041e+01
-1.516878999999999955e+01 -1.536971600000000038e+01 -1.298316299999999934e+01
-3.174645399999999995e+01 -2.922516200000000097e+01 -3.339380700000000246e+01
-9.689686500000000535e+01 -9.628622900000000584e+01 -8.808130400000000293e+01
-6.723150000000000404e+00 -6.849542999999999715e+00 -7.562702999999999953e+00
-1.113977799999999974e+01 -1.261936799999999970e+01 -1.256638099999999980e+01
-2.080613699999999966e+01 -1.659564400000000006e+01 -1.693049699999999902e+01
-1.445911399999999958e+01 -1.393775699999999951e+01 -1.691026700000000105e+01
-2.714308300000000074e+01 -2.362809700000000035e+01 -2.454712999999999923e+01
-3.392329999999999757e+01 -3.639694800000000185e+01 -4.514635499999999979e+01
-3.233070099999999769e+01 -3.826137200000000149e+01 -3.300420499999999890e+01
-4.742488399999999871e+01 -5.305548799999999687e+01 -5.094326600000000127e+01
-3.626530400000000043e+01 -3.561568199999999962e+01 -4.233896599999999921e+01
-8.374004499999999496e+01 -7.315663600000000599e+01 -7.238162800000000630e+01
-6.779360300000000450e+01 -6.341264699999999976e+01 -6.258149300000000181e+01
-6.991602199999999812e+01 -6.409589599999999621e+01 -7.065690299999999979e+01
-1.442428699999999964e+01 -1.576910200000000017e+01 -1.410943400000000025e+01
-4.596329599999999971e+01 -5.096696299999999979e+01 -5.306307699999999983e+01
-6.528288000000000579e+01 -6.891600099999999429e+01 -5.948303899999999800e+01
-1.735764400000000052e+01 -1.886231799999999836e+01 -1.552033499999999933e+01
-1.679924899999999965e+01 -1.795426199999999994e+01 -1.894068299999999994e+01
-2.039413700000000063e+01 -1.825235199999999836e+01 -1.872958600000000118e+01
-1.050902899999999995e+01 -8.149390999999999607e+00 -1.073724499999999971e+01
-7.900366000000000000e+00 -9.064603999999999218e+00 -8.752860999999999336e+00
-3.466910000000000025e+01 -2.901046799999999948e+01 -3.068021900000000102e+01
-1.792103499999999983e+01 -1.787378100000000103e+01 -2.078938300000000083e+01
-1.419844999999999935e+01 -9.381135000000000446e+00 -1.222566800000000065e+01
-4.788526999999999845e+01 -5.578810699999999656e+01 -6.145407699999999807e+01
-4.858641500000000235e+01 -5.294305599999999856e+01 -4.667248399999999720e+01
-8.288273000000000224e+00 -9.404757999999999285e+00 -8.682458999999999705e+00
-4.204408399999999801e+01 -4.096609800000000234e+01 -4.693824999999999648e+01
-6.632046300000000372e+01 -7.305123500000000547e+01 -6.994835600000000397e+01
-1.329881899999999995e+01 -1.194551700000000061e+01 -1.148453100000000049e+01
-1.580928499999999914e+01 -1.312989299999999915e+01 -1.464787300000000059e+01
-7.798630500000000154e+01 -8.807547499999999729e+01 -7.827552300000000685e+01
-5.195214899999999858e+01 -4.599622000000000099e+01 -4.618811300000000131e+01
-1.886231799999999836e+01 -2.294989899999999849e+01 -2.062934399999999968e+01
-4.218347399999999681e+01 -3.802441900000000174e+01 -4.318137399999999815e+01
-5.906293000000000148e+01 -5.865498300000000143e+01 -6.436702499999999816e+01
-2.719490499999999855e+01 -2.607512399999999886e+01 -3.022509799999999913e+01
-9.859261000000000053e+00 -1.032964800000000061e+01 -8.997719000000000023e+00
-2.078938300000000083e+01 -2.399018200000000078e+01 -2.381230199999999897e+01
-8.908757699999999602e+01 -7.873056900000000269e+01 -7.832091800000000603e+01
-1.614473699999999923e+01 -1.627356699999999989e+01 -1.819003400000000070e+01
-3.174645399999999995e+01 -2.775798599999999894e+01 -2.922516200000000097e+01
-6.311553899999999828e+01 -6.409589599999999621e+01 -5.863582699999999903e+01
-6.204839199999999977e+01 -5.373240200000000044e+01 -5.555049199999999843e+01
-5.423368700000000331e+01 -6.353408999999999907e+01 -5.506364200000000153e+01
-9.003201999999999927e+00 -7.836388000000000353e+00 -7.882850999999999608e+00
-2.300195099999999826e+01 -2.097003700000000137e+01 -1.921453299999999942e+01
-1.324802999999999997e+01 -1.295665799999999912e+01 -1.168765299999999918e+01
-9.331283000000000882e+00 -9.642998000000000403e+00 -1.058862799999999993e+01
-2.017114300000000071e+01 -2.313067500000000010e+01 -2.925708799999999954e+01
-7.738309000000000104e+00 -8.274770000000000181e+00 -8.732729000000000852e+00
-1.969383399999999895e+01 -1.657476300000000080e+01 -1.887979500000000144e+01
-2.737433599999999956e+01 -3.033405499999999932e+01 -2.526769699999999830e+01
-3.610110199999999736e+01 -3.033405499999999932e+01 -3.239702599999999677e+01
-8.256467000000000667e+00 -9.753033999999999537e+00 -9.388640999999999792e+00
-5.970582499999999726e+01 -6.032354000000000127e+01 -5.568875299999999839e+01
-4.999000600000000105e+01 -5.964188500000000204e+01 -5.023350899999999797e+01
-2.812843000000000160e+01 -2.901046799999999948e+01 -3.302065199999999834e+01
-5.688613300000000095e+01 -5.508010600000000068e+01 -6.231525800000000004e+01
-1.470541200000000082e+01 -1.543129799999999996e+01 -1.318570000000000064e+01
-8.795229999999999393e+01 -7.861499600000000498e+01 -7.974677200000000710e+01
-1.795426199999999994e+01 -1.941076899999999839e+01 -2.034140199999999865e+01
-2.378385499999999908e+01 -1.896157699999999835e+01 -2.733906999999999954e+01
-7.891216199999999503e+01 -7.845019200000000126e+01 -6.913286499999999535e+01
-4.490297900000000197e+01 -4.486120799999999775e+01 -5.132869099999999918e+01
-2.762172999999999945e+01 -2.453312700000000035e+01 -2.783401599999999831e+01
-1.032964800000000061e+01 -1.193421299999999974e+01 -1.091960599999999992e+01
-7.296029199999999548e+01 -7.854056599999999833e+01 -7.015919200000000444e+01
-1.610978199999999916e+01 -1.458996899999999997e+01 -1.700062799999999896e+01
-5.152180100000000351e+01 -5.521756700000000251e+01 -4.768869500000000272e+01
-7.857358100000000434e+01 -7.804808900000000449e+01 -6.757706500000000460e+01
-6.087222599999999773e+01 -7.129763099999999554e+01 -6.201058100000000195e+01
-7.015919200000000444e+01 -6.142762799999999856e+01 -6.565976200000000063e+01
-1.249308699999999916e+01 -1.315567899999999923e+01 -1.411212300000000042e+01
-7.296029199999999548e+01 -7.092417899999999520e+01 -7.912637800000000254e+01
-5.964188500000000204e+01 -5.929917999999999978e+01 -5.023350899999999797e+01
-5.584676499999999777e+01 -4.863143699999999825e+01 -5.836528899999999709e+01
-9.753033999999999537e+00 -8.044126000000000332e+00 -9.272911999999999821e+00
-2.181473700000000093e+01 -2.197064299999999903e+01 -2.486273600000000172e+01
-5.689397199999999799e+01 -6.907276600000000144e+01 -5.578810699999999656e+01
-1.445911399999999958e+01 -1.269478200000000001e+01 -1.197975300000000054e+01
-3.785518299999999670e+01 -3.424327600000000160e+01 -3.335601400000000183e+01
-8.374004499999999496e+01 -8.425621399999999994e+01 -7.315663600000000599e+01
-1.475506200000000057e+01 -1.609563100000000091e+01 -1.442428699999999964e+01
-3.518613400000000269e+01 -3.525097199999999731e+01 -4.042798899999999662e+01
-1.004004769999999951e+02 -1.012593250000000040e+02 -8.437899699999999825e+01
-2.362809700000000035e+01 -2.074322300000000041e+01 -2.149154000000000053e+01
-6.970291999999999710e+00 -7.094895000000000174e+00 -7.635845999999999911e+00
-1.450231400000000015e+01 -1.290554099999999949e+01 -1.346238100000000060e+01
-6.039450500000000233e+01 -5.586737099999999856e+01 -6.193631400000000298e+01
-9.541411999999999694e+01 -8.487388900000000547e+01 -8.603258999999999901e+01
-4.667441699999999827e+01 -4.716354599999999664e+01 -5.424749500000000069e+01
-7.691672999999999760e+00 -8.177747000000000099e+00 -8.715013000000000787e+00
-6.611687600000000486e+01 -7.122233900000000517e+01 -6.779360300000000450e+01
-6.952506999999999771e+00 -7.284652000000000349e+00 -6.621012000000000342e+00
-2.414670900000000131e+01 -2.384149299999999982e+01 -2.012388899999999836e+01
-1.133250999999999920e+01 -1.393775699999999951e+01 -1.197975300000000054e+01
-7.649287000000000170e+00 -6.143318999999999974e+00 -7.667900999999999634e+00
-2.517120200000000096e+01 -2.785633100000000084e+01 -2.434559199999999990e+01
-2.748773900000000125e+01 -2.506659399999999849e+01 -2.419818100000000172e+01
-2.063765300000000025e+01 -2.050873800000000102e+01 -2.335703600000000080e+01
-3.561568199999999962e+01 -3.037982900000000086e+01 -3.471466600000000113e+01
-6.377918199999999871e+01 -6.471083699999999794e+01 -6.018661399999999873e+01
-1.906029200000000046e+01 -1.717044500000000085e+01 -1.624631400000000170e+01
-2.774116000000000071e+01 -2.382585500000000067e+01 -2.384149299999999982e+01
-1.616446099999999930e+01 -1.846712000000000131e+01 -1.635989700000000013e+01
-3.626530400000000043e+01 -4.233896599999999921e+01 -4.262538899999999842e+01
-5.297778000000000276e+01 -5.840854499999999661e+01 -5.777354499999999859e+01
-7.732747999999999955e+00 -8.961477000000000359e+00 -8.698213000000000861e+00
-7.004895000000000316e+00 -7.787204000000000015e+00 -7.084150000000000169e+00
-1.917431600000000103e+01 -2.149439399999999978e+01 -2.093814300000000017e+01
-1.821556700000000006e+01 -2.051831100000000063e+01 -1.969935800000000015e+01
-1.516050700000000084e+01 -1.845278100000000165e+01 -1.646523099999999928e+01
-1.896157699999999835e+01 -1.774980300000000000e+01 -1.400065799999999960e+01
-1.133250999999999920e+01 -9.753033999999999537e+00 -9.272911999999999821e+00
-2.925708799999999954e+01 -3.639694800000000185e+01 -2.615054500000000104e+01
-8.982102399999999420e+01 -8.955892199999999548e+01 -8.189724099999999396e+01
-2.118214299999999994e+01 -1.817373500000000064e+01 -2.008416599999999974e+01
-2.936171999999999827e+01 -3.400140600000000290e+01 -3.014884899999999845e+01
-8.135171599999999614e+01 -6.907276600000000144e+01 -6.929825800000000413e+01
-7.502975200000000200e+01 -7.778572200000000691e+01 -6.477257699999999829e+01
-8.288273000000000224e+00 -8.682458999999999705e+00 -7.838582999999999856e+00
-1.774835799999999963e+01 -1.984777100000000161e+01 -1.932353700000000174e+01
-6.528288000000000579e+01 -5.948303899999999800e+01 -5.424749500000000069e+01
-6.344702199999999692e+01 -5.590849999999999653e+01 -6.142762799999999856e+01
-2.507199400000000011e+01 -2.418681399999999826e+01 -2.837628499999999931e+01
-5.130022900000000163e+01 -4.414378099999999705e+01 -4.620420099999999763e+01
-1.389017100000000049e+01 -1.624631400000000170e+01 -1.469233499999999992e+01
-8.131510000000000460e+00 -7.529728999999999672e+00 -8.491144999999999499e+00
-8.735153999999999641e+00 -7.876383999999999830e+00 -9.122716000000000491e+00
-8.201306800000000408e+01 -8.108424300000000073e+01 -7.418013399999999535e+01
-1.037796299999999938e+01 -1.047554099999999977e+01 -1.237217700000000065e+01
-3.610110199999999736e+01 -3.367689399999999722e+01 -3.033405499999999932e+01
-1.535846699999999920e+01 -1.594921199999999928e+01 -1.349314999999999998e+01
-1.542505000000000059e+01 -1.720084699999999955e+01 -1.679846999999999824e+01
-6.891600099999999429e+01 -7.009240499999999940e+01 -5.974005100000000112e+01
-2.501136299999999935e+01 -2.615842200000000162e+01 -2.168465000000000131e+01
-3.009245400000000004e+01 -3.127960699999999861e+01 -3.461732099999999690e+01
-3.639694800000000185e+01 -4.742336300000000193e+01 -4.514635499999999979e+01
-4.863038499999999686e+01 -5.744401100000000326e+01 -5.171533699999999811e+01
-1.849275400000000147e+01 -2.024336800000000025e+01 -2.119657000000000124e+01
-8.092735799999999813e+01 -7.891216199999999503e+01 -6.956935699999999656e+01
-5.712411000000000350e+00 -5.696091000000000015e+00 -6.232248000000000232e+00
-3.849435400000000129e+01 -3.466910000000000025e+01 -4.101701700000000272e+01
-1.043937200000000054e+01 -1.045610699999999937e+01 -1.219891699999999979e+01
-2.180825099999999850e+01 -2.423302400000000034e+01 -2.502173000000000158e+01
-8.997719000000000023e+00 -7.877169999999999561e+00 -8.682458999999999705e+00
-6.645664299999999969e+01 -7.634485499999999547e+01 -7.165788600000000486e+01
-1.834172900000000084e+01 -2.635798000000000130e+01 -2.313067500000000010e+01
-3.798694199999999910e+01 -4.391822599999999710e+01 -4.231311999999999784e+01
-8.478616800000000353e+01 -7.057648299999999608e+01 -6.986862000000000705e+01
-1.335709100000000049e+01 -1.502589399999999920e+01 -1.456994199999999928e+01
-3.471466600000000113e+01 -3.375876800000000344e+01 -3.983508499999999941e+01
-1.841529500000000041e+01 -1.693174899999999994e+01 -1.899778299999999831e+01
-2.384149299999999982e+01 -2.382585500000000067e+01 -2.023441800000000157e+01
-7.649867899999999565e+01 -7.484237000000000251e+01 -6.660035200000000088e+01
-7.782852300000000412e+01 -7.667931699999999751e+01 -6.698584499999999764e+01
-2.017114300000000071e+01 -2.925708799999999954e+01 -2.615054500000000104e+01
-4.431159900000000107e+01 -5.096696299999999979e+01 -4.596329599999999971e+01
-1.147718200000000088e+01 -1.011312799999999967e+01 -9.938256000000000867e+00
-7.350013999999999825e+00 -7.986585999999999963e+00 -8.446471999999999980e+00
-4.102753200000000078e+01 -4.151550699999999949e+01 -4.645101700000000022e+01
-6.572642799999999852e+01 -5.836368199999999717e+01 -6.578517100000000539e+01
-4.073770400000000080e+01 -3.554607000000000028e+01 -3.870789099999999650e+01
-1.203231099999999998e+01 -1.058862799999999993e+01 -1.095985399999999998e+01
-2.365600799999999992e+01 -2.694806499999999971e+01 -2.748075800000000157e+01
-2.701280900000000074e+01 -2.427556999999999832e+01 -2.346070699999999931e+01
-6.871499000000000024e+00 -6.970291999999999710e+00 -7.753434999999999633e+00
-7.867048200000000691e+01 -7.733320500000000663e+01 -6.763750500000000443e+01
-7.813674999999999926e+00 -8.131510000000000460e+00 -8.845534999999999926e+00
-7.363832999999999629e+00 -7.562702999999999953e+00 -8.477029999999999177e+00
-1.090526999999999980e+01 -1.133250999999999920e+01 -9.272911999999999821e+00
-9.741795000000000471e+01 -9.841944100000000617e+01 -8.438785699999999679e+01
-1.113977799999999974e+01 -1.256638099999999980e+01 -1.108603800000000028e+01
-2.638309100000000029e+01 -3.335039700000000096e+01 -3.068021900000000102e+01
-1.139515899999999959e+01 -9.951513999999999527e+00 -1.062710399999999922e+01
-9.956759999999999167e+00 -8.969640999999999309e+00 -1.010080899999999993e+01
-8.835659599999999614e+01 -8.989852399999999477e+01 -7.778572200000000691e+01
-3.943486500000000206e+01 -4.022691199999999867e+01 -4.539164300000000196e+01
-7.965489599999999371e+01 -8.932649299999999926e+01 -8.141158799999999474e+01
-4.212779799999999852e+01 -3.661747100000000188e+01 -4.640997999999999735e+01
-3.110576400000000064e+01 -2.762172999999999945e+01 -3.136839700000000164e+01
-3.147839000000000098e+01 -3.073545199999999866e+01 -2.731901900000000083e+01
-4.391822599999999710e+01 -4.991553600000000301e+01 -4.858641500000000235e+01
-7.160645999999999844e+00 -6.686936000000000213e+00 -7.370993000000000350e+00
-7.552871999999999808e+00 -8.738018999999999536e+00 -8.545496999999999233e+00
-8.487388900000000547e+01 -7.510691799999999319e+01 -7.608330700000000490e+01
-2.552346199999999854e+01 -2.233905599999999936e+01 -2.328037799999999891e+01
-2.047039600000000092e+01 -2.070757000000000048e+01 -1.762430399999999864e+01
-5.970582499999999726e+01 -5.588063900000000217e+01 -6.184762400000000326e+01
-1.735345099999999974e+01 -1.457663100000000078e+01 -1.700172900000000098e+01
-6.478380300000000602e+01 -5.865587599999999924e+01 -6.645664299999999969e+01
-2.783401599999999831e+01 -2.453312700000000035e+01 -2.470529099999999900e+01
-1.457663100000000078e+01 -1.473230500000000021e+01 -1.221411200000000008e+01
-2.526769699999999830e+01 -3.033405499999999932e+01 -2.788821499999999887e+01
-2.024336800000000025e+01 -2.226773800000000136e+01 -2.329015000000000057e+01
-1.197975300000000054e+01 -1.084057999999999922e+01 -9.753033999999999537e+00
-1.315567899999999923e+01 -1.488726899999999986e+01 -1.411212300000000042e+01
-7.789894999999999570e+00 -8.663944000000000756e+00 -8.855762999999999607e+00
-3.588238299999999725e+01 -3.244148299999999807e+01 -3.711418199999999956e+01
-4.758085799999999921e+01 -5.388735599999999692e+01 -5.033269299999999902e+01
-1.018323979999999978e+02 -1.020217710000000011e+02 -8.463552900000000534e+01
-1.421472699999999989e+01 -1.219891699999999979e+01 -1.433077399999999990e+01
-6.409589599999999621e+01 -5.840854499999999661e+01 -5.863582699999999903e+01
-1.687237599999999915e+01 -1.390068600000000032e+01 -1.132601400000000069e+01
-6.778479799999999500e+01 -5.374557500000000232e+01 -6.590175100000000441e+01
-4.034328099999999750e+01 -4.667441699999999827e+01 -4.177011600000000158e+01
-5.663450000000000095e+00 -5.647129999999999761e+00 -4.637877999999999723e+00
-4.497428399999999726e+01 -4.011220000000000141e+01 -4.561235099999999676e+01
-1.298316299999999934e+01 -1.323606099999999941e+01 -1.127568300000000079e+01
-7.737100200000000427e+01 -7.562349100000000135e+01 -6.902048000000000627e+01
-1.885797099999999915e+01 -1.846712000000000131e+01 -2.125193700000000163e+01
-5.374557500000000232e+01 -6.778479799999999500e+01 -5.855725199999999830e+01
-7.667900999999999634e+00 -6.084093000000000195e+00 -7.629544000000000104e+00
-3.110576400000000064e+01 -3.136839700000000164e+01 -3.558550400000000025e+01
-1.159324800000000089e+01 -1.008824800000000010e+01 -1.091960599999999992e+01
-6.407358499999999424e+01 -5.473556899999999814e+01 -6.495328999999999553e+01
-8.177747000000000099e+00 -8.732729000000000852e+00 -9.286163999999999419e+00
-3.392329999999999757e+01 -2.991829999999999856e+01 -2.495828799999999958e+01
-1.774980300000000000e+01 -2.193111599999999939e+01 -1.693049699999999902e+01
-2.785633100000000084e+01 -3.087006099999999975e+01 -2.689563499999999863e+01
-7.974194500000000119e+01 -8.027525099999999725e+01 -7.034037800000000118e+01
-2.063765300000000025e+01 -1.818327000000000027e+01 -2.050873800000000102e+01
-1.962086599999999947e+01 -1.795126199999999983e+01 -2.012410799999999966e+01
-8.750624999999999432e+00 -8.620186999999999600e+00 -7.787204000000000015e+00
-5.132869099999999918e+01 -5.892700800000000072e+01 -5.147808299999999804e+01
-3.739072600000000079e+01 -3.706106100000000225e+01 -4.241214099999999831e+01
-1.168765299999999918e+01 -1.143432999999999922e+01 -1.029992000000000019e+01
-4.776323899999999867e+01 -4.725069200000000080e+01 -5.297084699999999913e+01
-1.006243050000000068e+02 -9.917228000000000065e+01 -8.403228500000000167e+01
-2.532418900000000050e+01 -2.463285300000000078e+01 -2.874134099999999847e+01
-2.280322100000000063e+01 -2.012410799999999966e+01 -2.074322300000000041e+01
-3.026508799999999866e+01 -2.615842200000000162e+01 -2.501136299999999935e+01
-8.952337900000000559e+01 -9.986278099999999824e+01 -8.740370799999999463e+01
-1.894068299999999994e+01 -1.795426199999999994e+01 -2.034140199999999865e+01
-2.210007200000000083e+01 -2.012410799999999966e+01 -2.280322100000000063e+01
-1.649742099999999922e+01 -1.852438300000000027e+01 -1.830055499999999924e+01
-5.584676499999999777e+01 -5.294186200000000042e+01 -4.640997999999999735e+01
-8.614855000000000373e+00 -7.862378999999999785e+00 -8.861143999999999465e+00
-3.487364800000000287e+01 -3.174645399999999995e+01 -3.641569199999999995e+01
-5.902927100000000138e+01 -6.757706500000000460e+01 -5.881371500000000196e+01
-2.774116000000000071e+01 -2.812843000000000160e+01 -3.217204999999999870e+01
-7.732747999999999955e+00 -6.991013999999999839e+00 -7.992084000000000188e+00
-1.726918399999999920e+01 -1.445911399999999958e+01 -1.691026700000000105e+01
-3.237369900000000200e+01 -3.296490699999999663e+01 -2.837628499999999931e+01
-3.045093800000000073e+01 -2.690829000000000093e+01 -2.478527899999999917e+01
-1.845278100000000165e+01 -1.689611400000000074e+01 -2.062934399999999968e+01
-1.074910599999999938e+01 -9.767120999999999498e+00 -1.108715800000000051e+01
-2.118214299999999994e+01 -2.008416599999999974e+01 -2.343872100000000103e+01
-1.426950000000000074e+01 -1.233333099999999938e+01 -1.341003700000000087e+01
-1.139515899999999959e+01 -1.072164899999999932e+01 -9.951513999999999527e+00
-4.430458800000000252e+01 -4.544016599999999784e+01 -4.940109300000000303e+01
-4.848227700000000340e+01 -5.367222499999999741e+01 -5.297778000000000276e+01
-7.906577000000000410e+00 -7.004895000000000316e+00 -7.349343000000000181e+00
-8.553242600000000095e+01 -8.427882800000000429e+01 -7.649867899999999565e+01
-9.457563999999999638e+00 -9.128825000000000855e+00 -8.342724999999999724e+00
-3.237369900000000200e+01 -3.706106100000000225e+01 -3.739072600000000079e+01
-7.877169999999999561e+00 -7.160645999999999844e+00 -7.838582999999999856e+00
-1.735764400000000052e+01 -2.097003700000000137e+01 -1.886231799999999836e+01
-4.391822599999999710e+01 -4.497428399999999726e+01 -4.991553600000000301e+01
-1.050044800000000045e+01 -1.100081400000000009e+01 -1.192217899999999986e+01
-2.731901900000000083e+01 -2.671921599999999941e+01 -2.393711700000000064e+01
-4.102753200000000078e+01 -4.618811300000000131e+01 -4.080007200000000012e+01
-1.657476300000000080e+01 -1.732722800000000163e+01 -1.470541200000000082e+01
-1.312989299999999915e+01 -1.106879900000000028e+01 -1.215465599999999924e+01
-4.940109300000000303e+01 -4.544016599999999784e+01 -5.029437699999999722e+01
-7.328437000000000090e+00 -6.847349000000000352e+00 -7.876383999999999830e+00
-4.075705399999999656e+01 -3.397574999999999790e+01 -3.725797200000000231e+01
-8.812336999999999421e+00 -8.684718999999999411e+00 -1.012426199999999987e+01
-1.135003900000000066e+01 -1.255203400000000080e+01 -1.318570000000000064e+01
-3.912903000000000020e+01 -3.111025199999999913e+01 -4.213344699999999676e+01
-5.906293000000000148e+01 -6.542701399999999978e+01 -5.947319399999999945e+01
-5.700407200000000074e+01 -5.783205399999999941e+01 -6.378029999999999688e+01
-8.180357899999999916e+01 -8.189724099999999396e+01 -7.395446300000000406e+01
-1.624631400000000170e+01 -1.717044500000000085e+01 -1.469233499999999992e+01
-5.799923999999999857e+00 -5.238781000000000354e+00 -6.549170000000000158e+00
-1.159324800000000089e+01 -1.091960599999999992e+01 -1.263221000000000060e+01
-1.984777100000000161e+01 -2.169546100000000166e+01 -1.932353700000000174e+01
-1.899778299999999831e+01 -1.751301600000000036e+01 -1.969935800000000015e+01
-1.421472699999999989e+01 -1.433077399999999990e+01 -1.661753500000000017e+01
-3.131770699999999863e+01 -2.719490499999999855e+01 -3.022509799999999913e+01
-5.929917999999999978e+01 -4.991445399999999921e+01 -5.023350899999999797e+01
-3.983508499999999941e+01 -4.605490100000000098e+01 -4.697473300000000052e+01
-3.476552800000000332e+01 -3.560422200000000004e+01 -4.022691199999999867e+01
-9.723259299999999428e+01 -8.932649299999999926e+01 -8.633114199999999983e+01
-2.051831100000000063e+01 -2.233905599999999936e+01 -1.969935800000000015e+01
-1.489802000000000071e+01 -1.269478200000000001e+01 -1.445911399999999958e+01
-2.502780500000000075e+01 -2.499383900000000125e+01 -2.210759099999999933e+01
-5.138306999999999647e+01 -6.005603299999999933e+01 -5.555049199999999843e+01
-7.141173200000000065e+01 -8.403228500000000167e+01 -6.985980600000000607e+01
-7.122233900000000517e+01 -7.418013399999999535e+01 -6.779360300000000450e+01
-1.684158700000000053e+01 -1.433077399999999990e+01 -1.457995700000000028e+01
-4.486120799999999775e+01 -4.539164300000000196e+01 -5.146924899999999781e+01
-3.695388100000000264e+01 -3.286357999999999890e+01 -3.045093800000000073e+01
-4.213344699999999676e+01 -4.788526999999999845e+01 -5.345654400000000095e+01
-6.765214799999999684e+01 -6.077939500000000095e+01 -6.812714300000000378e+01
-1.659564400000000006e+01 -2.026164999999999949e+01 -1.663921200000000056e+01
-8.709884999999999877e+00 -8.263353000000000392e+00 -1.058311199999999985e+01
-1.922971599999999981e+01 -1.580928499999999914e+01 -1.782457600000000042e+01
-2.767652199999999851e+01 -3.187319799999999859e+01 -3.237369900000000200e+01
-1.169780199999999937e+01 -1.203400599999999976e+01 -1.317623999999999995e+01
-7.324797000000000224e+00 -7.017879999999999896e+00 -8.256467000000000667e+00
-7.540829999999999700e+00 -1.132601400000000069e+01 -9.217465999999999937e+00
-3.160457200000000100e+01 -2.757529699999999906e+01 -2.762243799999999894e+01
-5.906293000000000148e+01 -6.436702499999999816e+01 -6.542701399999999978e+01
-5.701480099999999851e+01 -4.787233100000000263e+01 -4.867388299999999646e+01
-9.767120999999999498e+00 -9.457563999999999638e+00 -8.614855000000000373e+00
-4.991553600000000301e+01 -5.085309099999999916e+01 -5.586737099999999856e+01
-3.642363699999999938e+01 -4.151550699999999949e+01 -4.102753200000000078e+01
-1.001369200000000070e+01 -9.029598999999999265e+00 -1.053710099999999983e+01
-8.901284400000000119e+01 -9.863665699999999958e+01 -8.735850399999999638e+01
-6.572642799999999852e+01 -7.378269199999999728e+01 -6.573412399999999423e+01
-8.952337900000000559e+01 -8.740370799999999463e+01 -7.733320500000000663e+01
-6.506039999999999601e+00 -7.494112999999999580e+00 -6.549844000000000221e+00
-5.843751999999999924e+01 -5.207726000000000255e+01 -5.240859400000000079e+01
-1.876509499999999875e+01 -2.101233399999999918e+01 -2.180825099999999850e+01
-1.215465599999999924e+01 -1.362744999999999962e+01 -1.464787300000000059e+01
-4.073770400000000080e+01 -4.516073399999999793e+01 -4.620420099999999763e+01
-6.005603299999999933e+01 -6.243401899999999927e+01 -5.555049199999999843e+01
-3.147839000000000098e+01 -3.640004799999999818e+01 -3.560422200000000004e+01
-5.487665599999999699e+01 -5.571298600000000079e+01 -5.952812399999999826e+01
-1.627356699999999989e+01 -1.649742099999999922e+01 -1.830055499999999924e+01
-2.365600799999999992e+01 -2.335703600000000080e+01 -2.694806499999999971e+01
-6.346486900000000020e+01 -7.024303799999999853e+01 -6.330127499999999685e+01
-8.576569299999999885e+01 -7.502975200000000200e+01 -7.132150199999999529e+01
-5.033269299999999902e+01 -5.618325600000000009e+01 -5.210561200000000071e+01
-2.568105800000000016e+01 -2.775798599999999894e+01 -2.436456599999999995e+01
-5.874313899999999933e+01 -6.311553899999999828e+01 -5.863582699999999903e+01
-2.762243799999999894e+01 -2.382585500000000067e+01 -2.774116000000000071e+01
-4.170366800000000040e+01 -3.675049099999999669e+01 -3.811467499999999831e+01
-6.991013999999999839e+00 -7.194963000000000442e+00 -7.992084000000000188e+00
-3.144329199999999958e+01 -3.547954000000000008e+01 -3.608885899999999936e+01
-4.413692700000000002e+01 -5.544817299999999705e+01 -5.374557500000000232e+01
-1.286643300000000067e+01 -1.516878999999999955e+01 -1.298316299999999934e+01
-1.004957300000000053e+01 -8.861143999999999465e+00 -9.099348000000000880e+00
-3.087889099999999942e+01 -3.488221399999999761e+01 -3.547954000000000008e+01
-3.237369900000000200e+01 -3.187319799999999859e+01 -3.706106100000000225e+01
-4.230269499999999994e+01 -3.671899599999999708e+01 -4.198065600000000330e+01
-2.393711700000000064e+01 -2.671921599999999941e+01 -2.347308500000000109e+01
-5.306307699999999983e+01 -5.912646000000000157e+01 -6.052943299999999738e+01
-1.609563100000000091e+01 -1.756753300000000095e+01 -1.576910200000000017e+01
-9.537526699999999380e+01 -8.821397199999999827e+01 -8.329492299999999716e+01
-2.313067500000000010e+01 -3.274298600000000192e+01 -2.925708799999999954e+01
-1.655207000000000050e+01 -1.517431900000000056e+01 -1.426950000000000074e+01
-9.033744599999999991e+01 -9.141761999999999944e+01 -8.168889900000000637e+01
-1.043937200000000054e+01 -8.999468999999999497e+00 -1.045610699999999937e+01
-2.690829000000000093e+01 -2.356231899999999868e+01 -2.187310199999999938e+01
-1.448300700000000063e+01 -1.675553499999999829e+01 -1.485430900000000065e+01
-1.423811000000000071e+01 -1.616446099999999930e+01 -1.428901399999999988e+01
-3.798694199999999910e+01 -3.239702599999999677e+01 -3.395658900000000102e+01
-3.045093800000000073e+01 -3.286357999999999890e+01 -2.690829000000000093e+01
-3.364959600000000250e+01 -2.953207000000000093e+01 -3.216818099999999703e+01
-6.416854100000000471e+01 -6.632046300000000372e+01 -6.994835600000000397e+01
-1.564384300000000039e+01 -1.624361999999999995e+01 -1.751301600000000036e+01
-1.205037300000000045e+01 -1.173874600000000079e+01 -1.393250199999999950e+01
-8.005505800000000249e+01 -9.148655499999999563e+01 -8.329492299999999716e+01
-1.895705200000000090e+01 -1.626923599999999936e+01 -1.648534700000000086e+01
-7.700082000000000093e+00 -7.350013999999999825e+00 -8.446471999999999980e+00
-5.966308699999999732e+01 -6.990545099999999934e+01 -5.535616900000000129e+01
-8.699192000000000036e+00 -5.746373000000000175e+00 -7.472831000000000223e+00
-6.436702499999999816e+01 -5.865498300000000143e+01 -6.341264699999999976e+01
-2.238161300000000153e+01 -1.904137100000000160e+01 -1.999124399999999824e+01
-1.635989700000000013e+01 -1.885797099999999915e+01 -1.675553499999999829e+01
-6.248621800000000093e+01 -5.521756700000000251e+01 -5.715984300000000218e+01
-2.737433599999999956e+01 -2.300195099999999826e+01 -2.477433699999999916e+01
-8.670781399999999906e+01 -8.553242600000000095e+01 -7.802453800000000683e+01
-5.912646000000000157e+01 -6.698584499999999764e+01 -6.788648100000000341e+01
-2.315301300000000140e+01 -2.050873800000000102e+01 -2.047145499999999885e+01
-3.238926000000000016e+01 -3.586232700000000051e+01 -3.689016300000000115e+01
-2.052439199999999886e+01 -1.792103499999999983e+01 -2.078938300000000083e+01
-1.456994199999999928e+01 -1.409096500000000063e+01 -1.290856699999999968e+01
-1.895705200000000090e+01 -1.648534700000000086e+01 -1.911987500000000040e+01
-6.572642799999999852e+01 -6.573412399999999423e+01 -5.798545599999999922e+01
-7.053551500000000374e+01 -6.698584499999999764e+01 -6.231525800000000004e+01
-8.431061300000000358e+01 -8.421958899999999915e+01 -7.086385699999999588e+01
-8.242072000000000287e+00 -7.859547000000000061e+00 -7.317369000000000234e+00
-9.284252000000000393e+00 -8.291173000000000570e+00 -9.808944000000000329e+00
-5.799923999999999857e+00 -5.679770000000000429e+00 -5.238781000000000354e+00
-3.877287400000000162e+01 -4.433837199999999967e+01 -3.983475899999999825e+01
-4.204408399999999801e+01 -3.785518299999999670e+01 -3.689016300000000115e+01
-9.808944000000000329e+00 -1.001908899999999925e+01 -1.187698699999999974e+01
-3.144329199999999958e+01 -2.811605899999999991e+01 -2.768752999999999886e+01
-2.293605700000000169e+01 -2.361174199999999956e+01 -2.603803200000000118e+01
-6.702393700000000365e+01 -7.799947600000000136e+01 -6.528288000000000579e+01
-8.952337900000000559e+01 -7.733320500000000663e+01 -7.867048200000000691e+01
-5.068707799999999963e+01 -5.807863499999999846e+01 -5.220437499999999886e+01
-4.452110799999999813e+01 -4.101701700000000272e+01 -4.778716200000000214e+01
-2.356231899999999868e+01 -2.501136299999999935e+01 -2.055735500000000116e+01
-1.659564400000000006e+01 -1.351884500000000067e+01 -1.333383199999999924e+01
-7.658785000000000309e+01 -7.517695700000000159e+01 -6.407358499999999424e+01
-6.568888000000000282e+00 -7.540829999999999700e+00 -9.217465999999999937e+00
-2.502780500000000075e+01 -2.811605899999999991e+01 -2.499383900000000125e+01
-7.595797000000000132e+00 -8.515164999999999651e+00 -8.259624999999999773e+00
-3.912903000000000020e+01 -5.281652600000000319e+01 -4.863143699999999825e+01
-2.096082300000000131e+01 -1.904137100000000160e+01 -2.238161300000000153e+01
-1.243186299999999989e+01 -1.203400599999999976e+01 -1.099425699999999928e+01
-8.093419000000000096e+01 -7.295879899999999907e+01 -7.399577999999999633e+01
-1.663921200000000056e+01 -2.026164999999999949e+01 -2.012388899999999836e+01
-1.012593250000000040e+02 -8.478616800000000353e+01 -8.437899699999999825e+01
-2.169546100000000166e+01 -2.455132499999999851e+01 -2.393711700000000064e+01
-2.356231899999999868e+01 -1.922971599999999981e+01 -2.187310199999999938e+01
-2.343872100000000103e+01 -2.607512399999999886e+01 -2.719490499999999855e+01
-3.716088400000000291e+01 -3.802441900000000174e+01 -4.218347399999999681e+01
-6.698584499999999764e+01 -7.667931699999999751e+01 -6.788648100000000341e+01
-1.428809299999999993e+01 -1.610688199999999881e+01 -1.423811000000000071e+01
-3.498852899999999977e+01 -3.395658900000000102e+01 -3.031243800000000022e+01
-5.715984300000000218e+01 -5.521756700000000251e+01 -5.152180100000000351e+01
-4.213266699999999787e+01 -4.863038499999999686e+01 -4.516073399999999793e+01
-1.099425699999999928e+01 -1.203400599999999976e+01 -1.063221799999999995e+01
-4.618811300000000131e+01 -4.599622000000000099e+01 -4.080007200000000012e+01
-8.002493099999999515e+01 -7.935653299999999888e+01 -6.892074499999999659e+01
-1.261936799999999970e+01 -1.428809299999999993e+01 -1.423811000000000071e+01
-1.753428999999999860e+01 -1.517431900000000056e+01 -1.655207000000000050e+01
-5.139975100000000197e+01 -5.798545599999999922e+01 -5.130022900000000163e+01
-7.813380000000000436e+00 -8.807297000000000153e+00 -8.515164999999999651e+00
-8.738018999999999536e+00 -7.649287000000000170e+00 -8.815893000000000868e+00
-5.970582499999999726e+01 -5.305548799999999687e+01 -5.588063900000000217e+01
-8.684718999999999411e+00 -9.879070999999999714e+00 -1.012426199999999987e+01
-1.074910599999999938e+01 -1.037900800000000068e+01 -9.457563999999999638e+00
-1.405633399999999966e+01 -1.312989299999999915e+01 -1.580928499999999914e+01
-1.154074999999999918e+01 -1.127562900000000035e+01 -1.311105700000000063e+01
-3.424327600000000160e+01 -3.111161699999999897e+01 -3.024870400000000004e+01
-8.941747599999999352e+01 -7.866536999999999580e+01 -7.700548499999999308e+01
-1.011312799999999967e+01 -8.752860999999999336e+00 -9.938256000000000867e+00
-9.741795000000000471e+01 -8.438785699999999679e+01 -8.425621399999999994e+01
-9.252003399999999544e+01 -8.241645099999999502e+01 -8.427882800000000429e+01
-1.317623999999999995e+01 -1.442428699999999964e+01 -1.286099399999999982e+01
-2.831681899999999885e+01 -3.238926000000000016e+01 -2.933882200000000040e+01
-7.906577000000000410e+00 -8.750624999999999432e+00 -7.787204000000000015e+00
-1.475506200000000057e+01 -1.442428699999999964e+01 -1.317623999999999995e+01
-7.778572200000000691e+01 -8.989852399999999477e+01 -7.867048200000000691e+01
-4.640997999999999735e+01 -3.661747100000000188e+01 -4.022571200000000147e+01
-1.543129799999999996e+01 -1.814953900000000075e+01 -1.624631400000000170e+01
-5.902927100000000138e+01 -5.881371500000000196e+01 -5.146924899999999781e+01
-3.635414200000000307e+01 -3.648526400000000081e+01 -4.234116300000000166e+01
-5.688613300000000095e+01 -4.938006500000000187e+01 -5.508010600000000068e+01
-8.180357899999999916e+01 -8.982102399999999420e+01 -8.189724099999999396e+01
-6.841319300000000680e+01 -6.378029999999999688e+01 -7.188056400000000679e+01
-2.615842200000000162e+01 -2.699315400000000054e+01 -2.262145599999999845e+01
-6.812714300000000378e+01 -7.395446300000000406e+01 -7.487691599999999426e+01
-2.507199400000000011e+01 -2.837628499999999931e+01 -2.921096700000000013e+01
-6.436702499999999816e+01 -6.341264699999999976e+01 -6.894315600000000188e+01
-3.302065199999999834e+01 -3.466910000000000025e+01 -3.849435400000000129e+01
-6.145332299999999748e+01 -5.002454699999999832e+01 -5.535616900000000129e+01
-2.605681099999999972e+01 -2.953207000000000093e+01 -2.735569200000000123e+01
-1.142290799999999962e+01 -1.192217899999999986e+01 -1.290554099999999949e+01
-8.815893000000000868e+00 -8.812336999999999421e+00 -1.032241100000000067e+01
-6.077939500000000095e+01 -6.464039900000000216e+01 -6.812714300000000378e+01
-6.145407699999999807e+01 -6.477257699999999829e+01 -5.345654400000000095e+01
-4.364074300000000051e+01 -4.177011600000000158e+01 -5.072932000000000130e+01
-8.425551400000000513e+01 -9.372581700000000637e+01 -8.092735799999999813e+01
-9.064603999999999218e+00 -8.242874000000000478e+00 -9.687820999999999572e+00
-2.118095500000000087e+01 -2.393711700000000064e+01 -2.347308500000000109e+01
-4.758085799999999921e+01 -4.405023599999999817e+01 -5.064271699999999754e+01
-8.263353000000000392e+00 -6.420411999999999786e+00 -8.149390999999999607e+00
-1.392821799999999932e+01 -1.261643899999999974e+01 -1.154554899999999940e+01
-8.342724999999999724e+00 -7.657836999999999783e+00 -8.614855000000000373e+00
-1.080996000000000024e+01 -9.404757999999999285e+00 -1.026614200000000032e+01
-7.057674699999999746e+01 -7.798630500000000154e+01 -6.990130700000000274e+01
-5.793585699999999861e+01 -7.028137099999999293e+01 -6.986862000000000705e+01
-6.471083699999999794e+01 -6.342353200000000157e+01 -5.952812399999999826e+01
-4.742488399999999871e+01 -5.094326600000000127e+01 -4.581688700000000125e+01
-7.529815000000000147e+00 -8.513550999999999647e+00 -8.251483999999999597e+00
-3.900094599999999900e+01 -4.533582400000000234e+01 -4.605490100000000098e+01
-8.969640999999999309e+00 -8.847543999999999187e+00 -8.044662999999999897e+00
-8.821397199999999827e+01 -9.318962600000000407e+01 -8.222706700000000524e+01
-7.912637800000000254e+01 -7.092417899999999520e+01 -7.465596800000000144e+01
-5.777354499999999859e+01 -5.715984300000000218e+01 -5.216481999999999886e+01
-6.799989300000000014e+01 -7.857358100000000434e+01 -6.757706500000000460e+01
-3.180184699999999864e+01 -3.183920699999999826e+01 -2.814953399999999917e+01
-6.478380300000000602e+01 -6.645664299999999969e+01 -7.165788600000000486e+01
-7.737100200000000427e+01 -6.902048000000000627e+01 -7.099342500000000200e+01
-3.811467499999999831e+01 -3.461732099999999690e+01 -3.948364800000000230e+01
-1.502589399999999920e+01 -1.679846999999999824e+01 -1.634159199999999856e+01
-1.905581000000000103e+01 -2.051831100000000063e+01 -1.821556700000000006e+01
-4.211798799999999687e+01 -4.581688700000000125e+01 -4.077281800000000089e+01
-2.623703799999999831e+01 -2.315301300000000140e+01 -2.307346000000000075e+01
-8.125964600000000360e+01 -9.007995599999999570e+01 -8.249248400000000458e+01
-8.096595999999999904e+00 -7.269446000000000296e+00 -7.373315999999999981e+00
-6.947286400000000128e+01 -7.325226299999999924e+01 -7.541181000000000267e+01
-1.610978199999999916e+01 -1.450747800000000076e+01 -1.344533299999999976e+01
-7.649867899999999565e+01 -6.660035200000000088e+01 -7.085382199999999386e+01
-2.018676599999999866e+01 -2.255116200000000148e+01 -2.338974100000000078e+01
-6.341264699999999976e+01 -5.824906000000000006e+01 -6.258149300000000181e+01
-4.330526499999999857e+01 -4.433837199999999967e+01 -3.877287400000000162e+01
-7.484237000000000251e+01 -7.274009100000000672e+01 -6.708209100000000547e+01
-8.941747599999999352e+01 -9.045966099999999699e+01 -7.866536999999999580e+01
-1.576910200000000017e+01 -1.542505000000000059e+01 -1.410943400000000025e+01
-7.315663600000000599e+01 -8.425621399999999994e+01 -7.279420399999999347e+01
-3.279219899999999654e+01 -3.181511100000000170e+01 -3.671105500000000177e+01
-3.395658900000000102e+01 -3.239702599999999677e+01 -2.909151800000000065e+01
-7.418013399999999535e+01 -7.122233900000000517e+01 -7.672307499999999436e+01
-6.892074499999999659e+01 -6.799989300000000014e+01 -5.966813400000000200e+01
-9.863665699999999958e+01 -9.703963600000000156e+01 -8.735850399999999638e+01
-2.890706199999999981e+01 -3.231082700000000330e+01 -2.806827200000000033e+01
-2.552346199999999854e+01 -2.454712999999999923e+01 -2.233905599999999936e+01
-1.852438300000000027e+01 -1.886707099999999926e+01 -2.079824500000000143e+01
-2.525273999999999930e+01 -2.782760000000000034e+01 -2.261903500000000022e+01
-4.189145599999999803e+01 -3.635414200000000307e+01 -4.234116300000000166e+01
-2.733906999999999954e+01 -1.896157699999999835e+01 -2.117745999999999995e+01
-1.845278100000000165e+01 -2.261903500000000022e+01 -2.012464900000000156e+01
-2.427556999999999832e+01 -2.059943099999999916e+01 -2.346070699999999931e+01
-4.107387700000000308e+01 -4.597086500000000342e+01 -4.725069200000000080e+01
-8.421958899999999915e+01 -8.437899699999999825e+01 -7.028137099999999293e+01
-5.403448000000000206e+01 -5.962202899999999772e+01 -6.262746800000000036e+01
-2.166416900000000112e+01 -1.895705200000000090e+01 -2.181473700000000093e+01
-1.157481699999999947e+01 -1.015079899999999924e+01 -1.072164899999999932e+01
-1.797787999999999897e+01 -1.419844999999999935e+01 -1.222566800000000065e+01
-4.742336300000000193e+01 -5.689397199999999799e+01 -4.514635499999999979e+01
-1.019227249999999998e+02 -1.015792380000000037e+02 -8.923625199999999325e+01
-1.193421299999999974e+01 -1.389017100000000049e+01 -1.263221000000000060e+01
-1.290856699999999968e+01 -1.409096500000000063e+01 -1.245303299999999957e+01
-6.929825800000000413e+01 -5.689397199999999799e+01 -5.855725199999999830e+01
-1.797787999999999897e+01 -2.615054500000000104e+01 -2.495828799999999958e+01
-1.684158700000000053e+01 -1.955761400000000094e+01 -1.928038300000000049e+01
-3.648526400000000081e+01 -4.239999399999999952e+01 -4.234116300000000166e+01
-1.397371099999999977e+01 -1.290554099999999949e+01 -1.450231400000000015e+01
-7.185166800000000364e+01 -7.057674699999999746e+01 -6.549102200000000096e+01
-9.064362300000000516e+01 -8.902097299999999791e+01 -7.891216199999999503e+01
-9.372581700000000637e+01 -9.064362300000000516e+01 -8.092735799999999813e+01
-1.826541299999999879e+01 -2.063765300000000025e+01 -2.086393599999999893e+01
-3.142221400000000031e+01 -2.741325799999999902e+01 -2.757529699999999906e+01
-1.932353700000000174e+01 -2.169546100000000166e+01 -2.118095500000000087e+01
-3.216818099999999703e+01 -2.953207000000000093e+01 -2.838501000000000118e+01
-5.521756700000000251e+01 -5.301619000000000170e+01 -4.768869500000000272e+01
-2.478527899999999917e+01 -2.690829000000000093e+01 -2.187310199999999938e+01
-8.131510000000000460e+00 -8.491144999999999499e+00 -9.227306999999999704e+00
-1.659564400000000006e+01 -1.333383199999999924e+01 -1.693049699999999902e+01
-1.257539200000000079e+01 -1.067939600000000056e+01 -1.179185000000000016e+01
-3.014884899999999845e+01 -2.701280900000000074e+01 -2.632138300000000086e+01
-8.274770000000000181e+00 -8.873830999999999136e+00 -9.367435999999999652e+00
-2.347308500000000109e+01 -2.631409899999999880e+01 -2.318008899999999883e+01
-4.858247899999999930e+01 -4.252077500000000043e+01 -4.452110799999999813e+01
-1.067939600000000056e+01 -1.133009000000000022e+01 -9.751105000000000800e+00
-3.014884899999999845e+01 -3.400140600000000290e+01 -3.488221399999999761e+01
-4.940109300000000303e+01 -5.423239699999999885e+01 -5.367222499999999741e+01
-6.616825000000000401e+00 -6.405943999999999861e+00 -6.797990999999999673e+00
-6.457881000000000427e+00 -6.577601999999999727e+00 -7.094895000000000174e+00
-1.132601400000000069e+01 -9.381135000000000446e+00 -1.419844999999999935e+01
-1.397371099999999977e+01 -1.450231400000000015e+01 -1.564384300000000039e+01
-1.108032399999999917e+01 -9.808944000000000329e+00 -1.187698699999999974e+01
-9.284252000000000393e+00 -1.108032399999999917e+01 -1.030897099999999966e+01
-2.936171999999999827e+01 -3.279219899999999654e+01 -3.400140600000000290e+01
-6.698466600000000426e+01 -7.510691799999999319e+01 -6.578517100000000539e+01
-1.315567899999999923e+01 -1.394643699999999953e+01 -1.488726899999999986e+01
-2.169546100000000166e+01 -2.229500499999999974e+01 -2.455132499999999851e+01
-2.566185499999999919e+01 -2.831681899999999885e+01 -2.933882200000000040e+01
-6.290060100000000176e+01 -6.353408999999999907e+01 -5.423368700000000331e+01
-8.385500999999999650e+00 -7.920555000000000234e+00 -7.492930000000000312e+00
-1.233333099999999938e+01 -1.314567899999999945e+01 -1.141437999999999953e+01
-4.597086500000000342e+01 -5.033269299999999902e+01 -5.210561200000000071e+01
-4.230269499999999994e+01 -4.198065600000000330e+01 -4.776323899999999867e+01
-4.697473300000000052e+01 -4.605490100000000098e+01 -5.423368700000000331e+01
-3.471466600000000113e+01 -3.037982900000000086e+01 -2.954159399999999991e+01
-8.242072000000000287e+00 -7.691672999999999760e+00 -8.715013000000000787e+00
-8.835659599999999614e+01 -7.778572200000000691e+01 -7.502975200000000200e+01
-2.418681399999999826e+01 -2.767652199999999851e+01 -2.837628499999999931e+01
-1.020217710000000011e+02 -8.575851699999999767e+01 -8.463552900000000534e+01
-1.588126899999999964e+01 -1.488726899999999986e+01 -1.679924899999999965e+01
-7.678660999999999959e+00 -8.752860999999999336e+00 -8.572471999999999426e+00
-1.541068600000000011e+01 -1.745702100000000101e+01 -1.449573200000000028e+01
-7.416959099999999694e+01 -7.378269199999999728e+01 -6.572642799999999852e+01
-3.695388100000000264e+01 -4.075705399999999656e+01 -4.378038000000000096e+01
-1.489802000000000071e+01 -1.445911399999999958e+01 -1.726918399999999920e+01
-1.922971599999999981e+01 -1.782457600000000042e+01 -2.187310199999999938e+01
-1.026614200000000032e+01 -8.908048000000000854e+00 -9.751105000000000800e+00
-4.189145599999999803e+01 -4.948450700000000069e+01 -4.867388299999999646e+01
-2.838501000000000118e+01 -2.506659399999999849e+01 -2.748773900000000125e+01
-5.473556899999999814e+01 -4.684219600000000128e+01 -5.518382900000000291e+01
-1.363751099999999994e+01 -2.017114300000000071e+01 -1.797787999999999897e+01
-2.701280900000000074e+01 -2.768752999999999886e+01 -2.427556999999999832e+01
-3.180184699999999864e+01 -3.648526400000000081e+01 -3.183920699999999826e+01
-9.859261000000000053e+00 -1.135003900000000066e+01 -1.032964800000000061e+01
-8.108424300000000073e+01 -8.940582200000000057e+01 -8.804641599999999357e+01
-2.477433699999999916e+01 -2.238161300000000153e+01 -2.612086299999999994e+01
-6.549102200000000096e+01 -6.377918199999999871e+01 -6.039016699999999815e+01
-4.241214099999999831e+01 -3.706106100000000225e+01 -4.230269499999999994e+01
-4.310742599999999669e+01 -3.885680599999999885e+01 -3.785518299999999670e+01
-4.829681699999999722e+01 -5.352045199999999880e+01 -5.442352199999999840e+01
-8.232001000000000346e+00 -7.905522999999999634e+00 -9.178226999999999691e+00
-7.861499600000000498e+01 -7.798630500000000154e+01 -7.057674699999999746e+01
-5.238781000000000354e+00 -5.917079000000000200e+00 -6.549170000000000158e+00
-3.087006099999999975e+01 -3.204235700000000264e+01 -3.544153399999999721e+01
-2.694806499999999971e+01 -2.652678799999999981e+01 -3.083522100000000066e+01
-4.486120799999999775e+01 -3.914868100000000339e+01 -3.943486500000000206e+01
-8.242874000000000478e+00 -8.698213000000000861e+00 -9.687820999999999572e+00
-2.382585500000000067e+01 -2.047039600000000092e+01 -2.023441800000000157e+01
-5.727969300000000175e+01 -5.966308699999999732e+01 -4.886803799999999853e+01
-5.689397199999999799e+01 -5.578810699999999656e+01 -4.514635499999999979e+01
-1.826541299999999879e+01 -1.818327000000000027e+01 -2.063765300000000025e+01
-9.193934099999999887e+01 -9.122033500000000572e+01 -7.804808900000000449e+01
-5.581849000000000061e+00 -8.198128999999999778e+00 -7.472831000000000223e+00
-2.526769699999999830e+01 -2.788821499999999887e+01 -2.294989899999999849e+01
-7.877169999999999561e+00 -7.492930000000000312e+00 -7.005442000000000391e+00
-2.929400300000000001e+01 -2.821295800000000042e+01 -2.552346199999999854e+01
-8.953720099999999604e+01 -8.005505800000000249e+01 -7.845019200000000126e+01
-2.879760900000000134e+01 -3.026508799999999866e+01 -2.501136299999999935e+01
-9.653185999999999822e+00 -8.232001000000000346e+00 -9.178226999999999691e+00
-7.182376200000000210e+01 -8.431061300000000358e+01 -7.086385699999999588e+01
-9.284252000000000393e+00 -1.030897099999999966e+01 -8.961477000000000359e+00
-4.557375799999999799e+01 -5.220437499999999886e+01 -4.693824999999999648e+01
-3.239702599999999677e+01 -2.737433599999999956e+01 -2.909151800000000065e+01
-7.094895000000000174e+00 -7.363832999999999629e+00 -8.024058999999999386e+00
-9.932097000000000619e+00 -9.178226999999999691e+00 -8.639338000000000406e+00
-9.040549400000000446e+01 -8.180357899999999916e+01 -8.198051499999999692e+01
-5.085309099999999916e+01 -4.497428399999999726e+01 -4.561235099999999676e+01
-1.353660799999999931e+01 -1.515207799999999949e+01 -1.475506200000000057e+01
-2.135891900000000021e+01 -1.906029200000000046e+01 -1.814953900000000075e+01
-1.941076899999999839e+01 -1.849275400000000147e+01 -2.119657000000000124e+01
-8.037914899999999818e+01 -8.163311000000000206e+01 -7.009240499999999940e+01
-4.490297900000000197e+01 -5.132869099999999918e+01 -5.147808299999999804e+01
-2.855065499999999901e+01 -2.936171999999999827e+01 -2.571882300000000043e+01
-5.679770000000000429e+00 -5.663450000000000095e+00 -5.238781000000000354e+00
-7.862378999999999785e+00 -7.064402000000000292e+00 -7.203959000000000223e+00
-1.609563100000000091e+01 -1.646550799999999981e+01 -1.795126199999999983e+01
-8.513550999999999647e+00 -7.813674999999999926e+00 -8.845534999999999926e+00
-3.424327600000000160e+01 -3.524887600000000276e+01 -3.111161699999999897e+01
-1.257539200000000079e+01 -1.133009000000000022e+01 -1.067939600000000056e+01
-3.710561899999999724e+01 -3.642363699999999938e+01 -3.217204999999999870e+01
-1.476012300000000010e+01 -1.457995700000000028e+01 -1.237217700000000065e+01
-2.855065499999999901e+01 -2.775560499999999919e+01 -3.181511100000000170e+01
-1.834172900000000084e+01 -2.313067500000000010e+01 -1.587255399999999916e+01
-2.699315400000000054e+01 -2.341800200000000132e+01 -2.262145599999999845e+01
-1.661753500000000017e+01 -1.433077399999999990e+01 -1.684158700000000053e+01
-1.417575099999999999e+01 -1.218373199999999912e+01 -1.421472699999999989e+01
-1.542505000000000059e+01 -1.376150400000000040e+01 -1.410943400000000025e+01
-2.063765300000000025e+01 -2.365600799999999992e+01 -2.086393599999999893e+01
-5.898557999999999879e+01 -6.737967100000000187e+01 -6.443729999999999336e+01
-7.827552300000000685e+01 -7.737100200000000427e+01 -7.099342500000000200e+01
-6.850147999999999904e+00 -8.709884999999999877e+00 -7.469248000000000332e+00
-4.126793899999999837e+01 -3.561568199999999962e+01 -3.471466600000000113e+01
-4.719307100000000332e+01 -4.252077500000000043e+01 -4.858247899999999930e+01
-9.808944000000000329e+00 -8.291173000000000570e+00 -8.545496999999999233e+00
-6.850147999999999904e+00 -5.341006000000000142e+00 -6.420411999999999786e+00
-5.700407200000000074e+01 -5.085309099999999916e+01 -5.148153500000000093e+01
-7.058302000000000298e+00 -6.754109999999999836e+00 -7.700082000000000093e+00
-3.476755299999999949e+01 -3.938918400000000020e+01 -4.107387700000000308e+01
-5.138306999999999647e+01 -4.778716200000000214e+01 -5.478545400000000143e+01
-9.879070999999999714e+00 -9.653185999999999822e+00 -1.127568300000000079e+01
-8.131510000000000460e+00 -9.227306999999999704e+00 -8.845534999999999926e+00
-3.832840900000000062e+01 -4.073770400000000080e+01 -4.414378099999999705e+01
-7.024303799999999853e+01 -7.974194500000000119e+01 -7.034037800000000118e+01
-9.245081199999999910e+01 -9.128846500000000219e+01 -8.273661699999999541e+01
-2.890706199999999981e+01 -2.806827200000000033e+01 -2.526220299999999952e+01
-3.998428100000000285e+01 -3.641569199999999995e+01 -4.190678400000000181e+01
-8.855762999999999607e+00 -1.019213700000000067e+01 -9.064723000000000752e+00
-7.395446300000000406e+01 -8.189724099999999396e+01 -7.487691599999999426e+01
-4.126527300000000054e+01 -3.547954000000000008e+01 -4.058479200000000020e+01
-8.996056000000000097e+01 -8.940582200000000057e+01 -8.201306800000000408e+01
-3.798694199999999910e+01 -3.395658900000000102e+01 -3.930130400000000179e+01
-9.289340599999999881e+01 -9.193934099999999887e+01 -7.857358100000000434e+01
-3.983475899999999825e+01 -4.433837199999999967e+01 -4.557375799999999799e+01
-2.783401599999999831e+01 -2.470529099999999900e+01 -2.802404999999999902e+01
-1.700172900000000098e+01 -1.457663100000000078e+01 -1.429720200000000041e+01
-6.788648100000000341e+01 -6.698466600000000426e+01 -6.052943299999999738e+01
-7.822797400000000323e+01 -8.037914899999999818e+01 -6.891600099999999429e+01
-8.515164999999999651e+00 -9.642998000000000403e+00 -9.331283000000000882e+00
-2.408217000000000141e+01 -2.748075800000000157e+01 -2.807777199999999951e+01
-3.286357999999999890e+01 -2.879760900000000134e+01 -2.690829000000000093e+01
-7.529728999999999672e+00 -6.773133999999999766e+00 -7.032776000000000138e+00
-2.399018200000000078e+01 -2.741325799999999902e+01 -2.381230199999999897e+01
-5.130022900000000163e+01 -5.798545599999999922e+01 -5.870857800000000282e+01
-2.149439399999999978e+01 -2.434559199999999990e+01 -2.361174199999999956e+01
-9.703963600000000156e+01 -8.603258999999999901e+01 -8.735850399999999638e+01
-9.102365199999999845e+01 -7.974194500000000119e+01 -7.873056900000000269e+01
-1.072164899999999932e+01 -1.015079899999999924e+01 -9.380627999999999744e+00
-9.420334800000000541e+01 -9.667628600000000461e+01 -8.315238600000000702e+01
-1.675553499999999829e+01 -1.732847399999999993e+01 -1.485430900000000065e+01
-3.335601400000000183e+01 -3.024870400000000004e+01 -2.933882200000000040e+01
-2.047145499999999885e+01 -2.056370099999999823e+01 -2.307346000000000075e+01
-1.091960599999999992e+01 -1.193421299999999974e+01 -1.263221000000000060e+01
-8.620186999999999600e+00 -8.663944000000000756e+00 -7.618145000000000167e+00
-6.344702199999999692e+01 -6.142762799999999856e+01 -7.015919200000000444e+01
-7.017879999999999896e+00 -6.549170000000000158e+00 -8.044126000000000332e+00
-2.506659399999999849e+01 -2.301753700000000080e+01 -2.209281000000000006e+01
-6.632046300000000372e+01 -6.841319300000000680e+01 -7.305123500000000547e+01
-5.352045199999999880e+01 -5.906293000000000148e+01 -5.947319399999999945e+01
-2.615054500000000104e+01 -3.392329999999999757e+01 -2.495828799999999958e+01
-6.219955999999999818e+01 -6.005603299999999933e+01 -5.478545400000000143e+01
-2.234734200000000115e+01 -2.507199400000000011e+01 -2.607512399999999886e+01
-4.129569000000000045e+01 -4.180562599999999662e+01 -4.768869500000000272e+01
-5.195214899999999858e+01 -5.148153500000000093e+01 -4.599622000000000099e+01
-1.428901399999999988e+01 -1.448300700000000063e+01 -1.261113399999999984e+01
-7.986585999999999963e+00 -7.105513000000000190e+00 -7.789894999999999570e+00
-7.032776000000000138e+00 -6.425334000000000323e+00 -6.603444999999999787e+00
-4.431159900000000107e+01 -3.885680599999999885e+01 -4.310742599999999669e+01
-2.615054500000000104e+01 -3.639694800000000185e+01 -3.392329999999999757e+01
-7.541181000000000267e+01 -8.125964600000000360e+01 -8.249248400000000458e+01
-9.947155999999999665e+00 -9.367435999999999652e+00 -1.071083499999999944e+01
-7.188056400000000679e+01 -6.478380300000000602e+01 -7.165788600000000486e+01
-7.813380000000000436e+00 -7.595797000000000132e+00 -7.022191000000000294e+00
-8.291173000000000570e+00 -7.392237999999999865e+00 -8.545496999999999233e+00
-2.062934399999999968e+01 -2.525273999999999930e+01 -2.261903500000000022e+01
-8.908757699999999602e+01 -9.102365199999999845e+01 -7.873056900000000269e+01
-8.177747000000000099e+00 -9.286163999999999419e+00 -8.715013000000000787e+00
-3.360212800000000044e+01 -3.042727400000000060e+01 -3.487364800000000287e+01
-4.599622000000000099e+01 -4.561235099999999676e+01 -4.056305700000000058e+01
-1.312989299999999915e+01 -1.215465599999999924e+01 -1.464787300000000059e+01
-7.876383999999999830e+00 -6.847349000000000352e+00 -7.427272999999999570e+00
-2.984626300000000043e+01 -3.425900899999999893e+01 -2.988005400000000122e+01
-1.032241100000000067e+01 -1.012426199999999987e+01 -1.194551700000000061e+01
-1.346238100000000060e+01 -1.249308699999999916e+01 -1.411212300000000042e+01
-8.044126000000000332e+00 -6.549170000000000158e+00 -7.469248000000000332e+00
-1.001369200000000070e+01 -1.221411200000000008e+01 -1.043445700000000009e+01
-5.374557500000000232e+01 -5.544817299999999705e+01 -6.590175100000000441e+01
-8.385500999999999650e+00 -9.521421000000000134e+00 -8.873830999999999136e+00
-1.928038300000000049e+01 -1.955761400000000094e+01 -2.210759099999999933e+01
-4.138657100000000355e+01 -3.392329999999999757e+01 -4.514635499999999979e+01
-1.111950900000000075e+01 -1.261113399999999984e+01 -1.278945900000000080e+01
-3.841372599999999693e+01 -3.487364800000000287e+01 -3.998428100000000285e+01
-4.486120799999999775e+01 -3.943486500000000206e+01 -4.539164300000000196e+01
-5.912646000000000157e+01 -6.788648100000000341e+01 -6.052943299999999738e+01
-1.004486349999999959e+02 -9.951805199999999729e+01 -9.007995599999999570e+01
-3.980928200000000317e+01 -4.034328099999999750e+01 -3.457182999999999851e+01
-5.367222499999999741e+01 -5.423239699999999885e+01 -5.863582699999999903e+01
-4.948450700000000069e+01 -4.189145599999999803e+01 -4.234116300000000166e+01
-1.717044500000000085e+01 -1.559713400000000050e+01 -1.469233499999999992e+01
-2.149439399999999978e+01 -2.210007200000000083e+01 -2.434559199999999990e+01
-2.341800200000000132e+01 -2.049949000000000154e+01 -1.969383399999999895e+01
-6.204839199999999977e+01 -7.230482499999999391e+01 -6.737967100000000187e+01
-1.062710399999999922e+01 -9.947155999999999665e+00 -1.141437999999999953e+01
-6.615595999999999322e+01 -7.700548499999999308e+01 -6.590175100000000441e+01
-6.702393700000000365e+01 -6.528288000000000579e+01 -5.711550900000000297e+01
-2.455132499999999851e+01 -2.229500499999999974e+01 -2.526220299999999952e+01
-4.965370599999999968e+01 -5.094326600000000127e+01 -5.526521199999999823e+01
-3.339380700000000246e+01 -3.554607000000000028e+01 -3.832840900000000062e+01
-7.732747999999999955e+00 -7.992084000000000188e+00 -8.961477000000000359e+00
-1.037900800000000068e+01 -1.179861700000000013e+01 -1.137516199999999955e+01
-2.762243799999999894e+01 -2.774116000000000071e+01 -3.178766099999999994e+01
-2.838501000000000118e+01 -2.748773900000000125e+01 -3.111161699999999897e+01
-1.315567899999999923e+01 -1.157481699999999947e+01 -1.224703099999999978e+01
-5.590849999999999653e+01 -4.922834699999999941e+01 -5.442352199999999840e+01
-3.598575000000000301e+01 -3.635414200000000307e+01 -4.189145599999999803e+01
-8.847543999999999187e+00 -8.750624999999999432e+00 -7.906577000000000410e+00
-9.955966000000000093e+00 -1.019213700000000067e+01 -8.855762999999999607e+00
-3.204235700000000264e+01 -2.893120800000000159e+01 -3.331311800000000289e+01
-3.914868100000000339e+01 -3.424521000000000015e+01 -3.943486500000000206e+01
-7.836388000000000353e+00 -6.920283000000000406e+00 -7.882850999999999608e+00
-1.655207000000000050e+01 -1.426950000000000074e+01 -1.559713400000000050e+01
-5.294305599999999856e+01 -5.663097100000000239e+01 -5.064271699999999754e+01
-1.825235199999999836e+01 -1.679846999999999824e+01 -1.872958600000000118e+01
-2.023441800000000157e+01 -2.047039600000000092e+01 -1.726918399999999920e+01
-5.132869099999999918e+01 -4.486120799999999775e+01 -5.146924899999999781e+01
-8.163311000000000206e+01 -7.129763099999999554e+01 -7.009240499999999940e+01
-6.920283000000000406e+00 -7.328437000000000090e+00 -7.882850999999999608e+00
-1.400722700000000032e+01 -1.470541200000000082e+01 -1.255203400000000080e+01
-1.058862799999999993e+01 -9.642998000000000403e+00 -1.095985399999999998e+01
-4.715421899999999766e+01 -4.045328500000000105e+01 -4.684219600000000128e+01
-1.193421299999999974e+01 -1.135003900000000066e+01 -1.318570000000000064e+01
-4.075001600000000224e+01 -3.525097199999999731e+01 -3.558550400000000025e+01
-2.341800200000000132e+01 -1.969383399999999895e+01 -2.262145599999999845e+01
-3.706106100000000225e+01 -3.187319799999999859e+01 -3.671899599999999708e+01
-3.877287400000000162e+01 -3.983475899999999825e+01 -3.477059299999999809e+01
-8.699192000000000036e+00 -1.066207999999999956e+01 -1.363751099999999994e+01
-6.993395099999999331e+01 -6.204839199999999977e+01 -6.243401899999999927e+01
-6.891600099999999429e+01 -8.037914899999999818e+01 -7.009240499999999940e+01
-7.086385699999999588e+01 -5.929917999999999978e+01 -5.964188500000000204e+01
-1.001371029999999962e+02 -8.901284400000000119e+01 -9.091384899999999902e+01
-2.079824500000000143e+01 -2.118095500000000087e+01 -2.347308500000000109e+01
-7.032776000000000138e+00 -6.603444999999999787e+00 -7.317369000000000234e+00
-5.964188500000000204e+01 -4.999000600000000105e+01 -6.167542999999999864e+01
-2.697071800000000152e+01 -2.338974100000000078e+01 -2.613336299999999923e+01
-1.047554099999999977e+01 -9.122716000000000491e+00 -1.043445700000000009e+01
-2.051379100000000122e+01 -1.797787999999999897e+01 -2.495828799999999958e+01
-1.818327000000000027e+01 -1.614473699999999923e+01 -1.819003400000000070e+01
-3.424631800000000226e+01 -3.321528699999999645e+01 -2.983189499999999938e+01
-2.568105800000000016e+01 -2.436456599999999995e+01 -2.266304500000000033e+01
-9.693217999999999890e+00 -1.123692899999999995e+01 -9.932097000000000619e+00
-8.775540999999999769e+01 -8.807547499999999729e+01 -7.798630500000000154e+01
-8.141158799999999474e+01 -8.168889900000000637e+01 -7.530756700000000592e+01
-1.762430399999999864e+01 -1.787378100000000103e+01 -1.516878999999999955e+01
-9.917228000000000065e+01 -9.731900400000000673e+01 -8.251844199999999319e+01
-7.920555000000000234e+00 -8.274770000000000181e+00 -7.386955000000000382e+00
-3.560422200000000004e+01 -3.640004799999999818e+01 -4.129569000000000045e+01
-1.942989999999999995e+01 -1.995791399999999882e+01 -1.700172900000000098e+01
-1.417575099999999999e+01 -1.421472699999999989e+01 -1.648534700000000086e+01
-2.855941100000000077e+01 -2.193111599999999939e+01 -2.378385499999999908e+01
-3.849025000000000318e+01 -3.671105500000000177e+01 -4.249195999999999884e+01
-1.491164099999999948e+01 -1.304873300000000036e+01 -1.401458399999999926e+01
-4.414378099999999705e+01 -4.073770400000000080e+01 -4.620420099999999763e+01
-5.373240200000000044e+01 -4.858247899999999930e+01 -5.555049199999999843e+01
-2.785633100000000084e+01 -2.893120800000000159e+01 -3.204235700000000264e+01
-1.876509499999999875e+01 -1.942989999999999995e+01 -1.652367599999999825e+01
-5.526521199999999823e+01 -5.094326600000000127e+01 -5.568875299999999839e+01
-1.496452200000000055e+01 -1.682437900000000042e+01 -1.649742099999999922e+01
-4.950110099999999846e+01 -5.268418400000000190e+01 -5.588063900000000217e+01
-6.506039999999999601e+00 -6.232248000000000232e+00 -7.324797000000000224e+00
-1.488726899999999986e+01 -1.394643699999999953e+01 -1.584038199999999996e+01
-8.699192000000000036e+00 -1.363751099999999994e+01 -1.222566800000000065e+01
-2.118095500000000087e+01 -2.169546100000000166e+01 -2.393711700000000064e+01
-3.089670999999999879e+01 -2.740764599999999973e+01 -3.110576400000000064e+01
-3.915622400000000169e+01 -4.040141200000000055e+01 -4.430458800000000252e+01
-1.802873599999999854e+01 -1.876509499999999875e+01 -1.594921199999999928e+01
-3.360212800000000044e+01 -3.841372599999999693e+01 -3.711418199999999956e+01
-8.273661699999999541e+01 -8.198051499999999692e+01 -7.378269199999999728e+01
-1.219891699999999979e+01 -1.045610699999999937e+01 -1.225638799999999939e+01
-9.033162099999999839e+01 -7.517695700000000159e+01 -7.658785000000000309e+01
-1.626923599999999936e+01 -1.417575099999999999e+01 -1.648534700000000086e+01
-1.513165900000000086e+01 -1.411212300000000042e+01 -1.588126899999999964e+01
-2.293605700000000169e+01 -2.039413700000000063e+01 -2.093814300000000017e+01
-7.092417899999999520e+01 -6.436702499999999816e+01 -6.894315600000000188e+01
-5.152180100000000351e+01 -4.668761200000000144e+01 -5.216481999999999886e+01
-2.632138300000000086e+01 -2.701280900000000074e+01 -2.346070699999999931e+01
-7.992084000000000188e+00 -8.291173000000000570e+00 -9.284252000000000393e+00
-1.675553499999999829e+01 -1.885797099999999915e+01 -1.944266400000000061e+01
-5.663450000000000095e+00 -4.637877999999999723e+00 -5.238781000000000354e+00
-7.284652000000000349e+00 -8.177747000000000099e+00 -7.691672999999999760e+00
-7.315663600000000599e+01 -7.279420399999999347e+01 -6.353408999999999907e+01
-5.865498300000000143e+01 -5.333684300000000178e+01 -5.326403899999999680e+01
-8.437899699999999825e+01 -8.478616800000000353e+01 -6.986862000000000705e+01
-1.433077399999999990e+01 -1.219891699999999979e+01 -1.225638799999999939e+01
-2.532418900000000050e+01 -2.181967699999999866e+01 -2.463285300000000078e+01
-2.125193700000000163e+01 -2.408217000000000141e+01 -2.463285300000000078e+01
-7.920555000000000234e+00 -8.873830999999999136e+00 -8.274770000000000181e+00
-2.181967699999999866e+01 -1.885797099999999915e+01 -2.125193700000000163e+01
-1.635989700000000013e+01 -1.846712000000000131e+01 -1.885797099999999915e+01
-2.181967699999999866e+01 -2.125193700000000163e+01 -2.463285300000000078e+01
-1.646550799999999981e+01 -1.515207799999999949e+01 -1.693174899999999994e+01
-1.906029200000000046e+01 -2.008416599999999974e+01 -1.717044500000000085e+01
-9.679513000000000034e+00 -1.063221799999999995e+01 -9.362237999999999616e+00
-7.986585999999999963e+00 -8.855762999999999607e+00 -9.064723000000000752e+00
-3.498852899999999977e+01 -3.105126699999999929e+01 -3.557799099999999726e+01
-3.626530400000000043e+01 -3.113648600000000144e+01 -3.561568199999999962e+01
-1.010787399999999963e+02 -8.952337900000000559e+01 -8.989852399999999477e+01
-3.165831100000000120e+01 -3.183920699999999826e+01 -3.635414200000000307e+01
-1.984777100000000161e+01 -1.825235199999999836e+01 -2.039413700000000063e+01
-1.205037300000000045e+01 -1.393250199999999950e+01 -1.429720200000000041e+01
-4.042798899999999662e+01 -3.525097199999999731e+01 -4.075001600000000224e+01
-1.137516199999999955e+01 -1.179861700000000013e+01 -1.290856699999999968e+01
-4.430458800000000252e+01 -4.940109300000000303e+01 -4.848227700000000340e+01
-8.620186999999999600e+00 -7.618145000000000167e+00 -7.787204000000000015e+00
-2.294989899999999849e+01 -2.525273999999999930e+01 -2.062934399999999968e+01
-3.127960699999999861e+01 -2.821295800000000042e+01 -3.244148299999999807e+01
-8.273661699999999541e+01 -9.128846500000000219e+01 -8.198051499999999692e+01
-9.917228000000000065e+01 -8.251844199999999319e+01 -8.403228500000000167e+01
-1.194449099999999930e+01 -1.080996000000000024e+01 -1.026614200000000032e+01
-6.409589599999999621e+01 -6.871133500000000538e+01 -7.065690299999999979e+01
-8.473531599999999742e+01 -7.543508699999999578e+01 -7.562349100000000135e+01
-8.862359899999999868e+01 -7.737100200000000427e+01 -7.827552300000000685e+01
-1.254650900000000036e+01 -1.108715800000000051e+01 -1.139456299999999978e+01
-9.102365199999999845e+01 -9.280352800000000002e+01 -7.974194500000000119e+01
-8.315238600000000702e+01 -8.576569299999999885e+01 -7.132150199999999529e+01
-8.966074399999999400e+01 -8.093419000000000096e+01 -8.180244899999999575e+01
-1.955761400000000094e+01 -2.059943099999999916e+01 -2.228012500000000173e+01
-6.691200700000000268e+01 -7.867048200000000691e+01 -6.763750500000000443e+01
-1.009835730000000069e+02 -1.010560920000000067e+02 -9.141761999999999944e+01
-8.149390999999999607e+00 -6.420411999999999786e+00 -6.568888000000000282e+00
-4.430458800000000252e+01 -4.848227700000000340e+01 -4.318137399999999815e+01
-1.255203400000000080e+01 -1.470541200000000082e+01 -1.318570000000000064e+01
-3.160457200000000100e+01 -2.762243799999999894e+01 -3.178766099999999994e+01
-6.765214799999999684e+01 -6.677702499999999475e+01 -6.184762400000000326e+01
-2.492518099999999848e+01 -2.414670900000000131e+01 -2.026164999999999949e+01
-1.276446699999999979e+01 -1.154554899999999940e+01 -1.045627799999999930e+01
-2.181473700000000093e+01 -1.895705200000000090e+01 -1.911987500000000040e+01
-7.419962999999999909e+01 -6.021157699999999835e+01 -6.145332299999999748e+01
-1.015079899999999924e+01 -8.901064999999999117e+00 -9.380627999999999744e+00
-8.525704899999999498e+01 -7.699137799999999743e+01 -7.543508699999999578e+01
-1.579646100000000075e+01 -1.496046600000000026e+01 -1.796663799999999966e+01
-1.010560920000000067e+02 -9.098519100000000037e+01 -9.141761999999999944e+01
-2.262145599999999845e+01 -1.887979500000000144e+01 -2.168465000000000131e+01
-1.830055499999999924e+01 -2.056370099999999823e+01 -2.047145499999999885e+01
-1.203400599999999976e+01 -1.353660799999999931e+01 -1.317623999999999995e+01
-9.040549400000000446e+01 -8.982102399999999420e+01 -8.180357899999999916e+01
-3.885680599999999885e+01 -3.424327600000000160e+01 -3.785518299999999670e+01
-4.252077500000000043e+01 -3.849435400000000129e+01 -4.452110799999999813e+01
-4.107387700000000308e+01 -3.938918400000000020e+01 -4.597086500000000342e+01
-6.765214799999999684e+01 -6.812714300000000378e+01 -7.487691599999999426e+01
-6.084093000000000195e+00 -6.024866000000000277e+00 -7.629544000000000104e+00
-7.618145000000000167e+00 -8.663944000000000756e+00 -7.789894999999999570e+00
-6.990756000000000192e+00 -7.900366000000000000e+00 -7.678660999999999959e+00
-3.518613400000000269e+01 -3.089670999999999879e+01 -3.525097199999999731e+01
-1.745702100000000101e+01 -1.700062799999999896e+01 -1.449573200000000028e+01
-1.314567899999999945e+01 -1.219503300000000046e+01 -1.141437999999999953e+01
-1.922508499999999998e+01 -1.817373500000000064e+01 -2.118214299999999994e+01
-4.599622000000000099e+01 -4.056305700000000058e+01 -4.080007200000000012e+01
-6.142762799999999856e+01 -5.590849999999999653e+01 -5.442352199999999840e+01
-7.378269199999999728e+01 -8.198051499999999692e+01 -7.313095599999999763e+01
-6.970291999999999710e+00 -7.635845999999999911e+00 -7.753434999999999633e+00
-5.220437499999999886e+01 -5.807863499999999846e+01 -5.962202899999999772e+01
-3.671105500000000177e+01 -4.262538899999999842e+01 -4.249195999999999884e+01
-7.667900999999999634e+00 -8.812336999999999421e+00 -8.815893000000000868e+00
-6.418802000000000341e+00 -6.405943999999999861e+00 -6.616825000000000401e+00
-4.040141200000000055e+01 -3.675049099999999669e+01 -4.170366800000000040e+01
-3.557799099999999726e+01 -3.105126699999999929e+01 -3.142221400000000031e+01
-5.715984300000000218e+01 -5.152180100000000351e+01 -5.216481999999999886e+01
-5.442352199999999840e+01 -5.352045199999999880e+01 -5.947319399999999945e+01
-6.591547900000000482e+01 -6.495328999999999553e+01 -5.518382900000000291e+01
-1.921453299999999942e+01 -2.097003700000000137e+01 -1.735764400000000052e+01
-5.294186200000000042e+01 -5.402662500000000279e+01 -4.562644800000000345e+01
-5.929917999999999978e+01 -7.028137099999999293e+01 -5.793585699999999861e+01
-2.806827200000000033e+01 -2.455132499999999851e+01 -2.526220299999999952e+01
-3.665003699999999753e+01 -3.524887600000000276e+01 -4.012004300000000256e+01
-5.001884400000000142e+01 -4.239999399999999952e+01 -5.002454699999999832e+01
-1.127562900000000035e+01 -1.111950900000000075e+01 -1.278945900000000080e+01
-6.464039900000000216e+01 -7.395446300000000406e+01 -6.812714300000000378e+01
-6.032354000000000127e+01 -5.526521199999999823e+01 -5.568875299999999839e+01
-3.296490699999999663e+01 -3.792985999999999791e+01 -3.377953500000000275e+01
-6.987869200000000092e+01 -6.892074499999999659e+01 -6.104771399999999915e+01
-1.922508499999999998e+01 -1.655207000000000050e+01 -1.817373500000000064e+01
-3.183920699999999826e+01 -3.648526400000000081e+01 -3.635414200000000307e+01
-9.122033500000000572e+01 -7.779087800000000641e+01 -7.804808900000000449e+01
-9.716697800000000029e+01 -8.425551400000000513e+01 -8.740370799999999463e+01
-7.024303799999999853e+01 -7.034037800000000118e+01 -6.330127499999999685e+01
-2.266304500000000033e+01 -2.148547699999999949e+01 -2.007809400000000011e+01
-2.300195099999999826e+01 -2.526769699999999830e+01 -2.097003700000000137e+01
-1.962086599999999947e+01 -2.012410799999999966e+01 -2.210007200000000083e+01
-6.985980600000000607e+01 -6.848479100000000130e+01 -5.809340600000000165e+01
-6.850147999999999904e+00 -8.263353000000000392e+00 -8.709884999999999877e+00
-1.887979500000000144e+01 -1.579646100000000075e+01 -1.796663799999999966e+01
-2.234734200000000115e+01 -1.906029200000000046e+01 -2.135891900000000021e+01
-1.587255399999999916e+01 -2.017114300000000071e+01 -1.363751099999999994e+01
-3.157688900000000132e+01 -2.694806499999999971e+01 -3.083522100000000066e+01
-1.720084699999999955e+01 -1.756753300000000095e+01 -1.917431600000000103e+01
-3.802441900000000174e+01 -3.915622400000000169e+01 -4.318137399999999815e+01
-5.948303899999999800e+01 -5.974005100000000112e+01 -5.072932000000000130e+01
-1.157481699999999947e+01 -1.100081400000000009e+01 -1.015079899999999924e+01
-8.222706700000000524e+01 -9.318962600000000407e+01 -8.633114199999999983e+01
-6.405943999999999861e+00 -6.393086000000000269e+00 -6.797990999999999673e+00
-1.457663100000000078e+01 -1.221411200000000008e+01 -1.218574399999999969e+01
-6.797990999999999673e+00 -7.732747999999999955e+00 -7.474171000000000120e+00
-1.312989299999999915e+01 -1.179185000000000016e+01 -1.106879900000000028e+01
-9.841944100000000617e+01 -9.944971599999999512e+01 -8.431061300000000358e+01
-7.205223000000000155e+00 -8.242874000000000478e+00 -7.900366000000000000e+00
-9.331283000000000882e+00 -1.029992000000000019e+01 -9.104086000000000567e+00
-6.477257699999999829e+01 -7.778572200000000691e+01 -6.691200700000000268e+01
-4.008520399999999739e+01 -4.231311999999999784e+01 -4.667248399999999720e+01
-3.477059299999999809e+01 -3.131770699999999863e+01 -3.022509799999999913e+01
-7.160645999999999844e+00 -7.370993000000000350e+00 -7.838582999999999856e+00
-1.559713400000000050e+01 -1.341003700000000087e+01 -1.469233499999999992e+01
-1.066207999999999956e+01 -8.699192000000000036e+00 -7.472831000000000223e+00
-7.866536999999999580e+01 -7.993564000000000647e+01 -6.778479799999999500e+01
-3.588238299999999725e+01 -3.711418199999999956e+01 -4.077281800000000089e+01
-5.326403899999999680e+01 -4.776323899999999867e+01 -5.297084699999999913e+01
-6.677702499999999475e+01 -6.577626999999999668e+01 -5.970582499999999726e+01
-8.263353000000000392e+00 -8.149390999999999607e+00 -1.050902899999999995e+01
-6.262746800000000036e+01 -5.962202899999999772e+01 -6.708209100000000547e+01
-6.850147999999999904e+00 -6.420411999999999786e+00 -8.263353000000000392e+00
-1.095266999999999946e+01 -1.286643300000000067e+01 -1.298316299999999934e+01
-7.905522999999999634e+00 -7.126514000000000237e+00 -6.911997999999999642e+00
-1.019213700000000067e+01 -1.154074999999999918e+01 -1.173874600000000079e+01
-6.698584499999999764e+01 -5.688613300000000095e+01 -6.231525800000000004e+01
-1.745702100000000101e+01 -1.792103499999999983e+01 -2.052439199999999886e+01
-9.562301700000000437e+01 -8.374004499999999496e+01 -8.280504600000000437e+01
-3.087889099999999942e+01 -3.547954000000000008e+01 -3.144329199999999958e+01
-2.181473700000000093e+01 -1.911987500000000040e+01 -2.197064299999999903e+01
-2.415073800000000048e+01 -2.136661099999999891e+01 -2.301753700000000080e+01
-1.020452200000000076e+01 -1.032241100000000067e+01 -1.231440899999999949e+01
-9.029598999999999265e+00 -7.700082000000000093e+00 -8.446471999999999980e+00
-6.506039999999999601e+00 -7.324797000000000224e+00 -7.494112999999999580e+00
-3.671899599999999708e+01 -3.603616300000000194e+01 -4.198065600000000330e+01
-1.037796299999999938e+01 -9.003201999999999927e+00 -8.735153999999999641e+00
-2.929400300000000001e+01 -2.552346199999999854e+01 -2.656293399999999849e+01
-3.689016300000000115e+01 -3.785518299999999670e+01 -3.335601400000000183e+01
-3.238926000000000016e+01 -3.689016300000000115e+01 -3.335601400000000183e+01
-1.376150400000000040e+01 -1.502589399999999920e+01 -1.335709100000000049e+01
-1.363347000000000087e+01 -1.324802999999999997e+01 -1.203231099999999998e+01
-1.537687400000000082e+01 -1.682437900000000042e+01 -1.496452200000000055e+01
-9.091384899999999902e+01 -8.901284400000000119e+01 -8.054691800000000512e+01
-5.130022900000000163e+01 -4.848019000000000034e+01 -4.414378099999999705e+01
-1.464841599999999922e+01 -1.442587600000000059e+01 -1.295665799999999912e+01
-5.460832899999999768e+01 -6.039450500000000233e+01 -5.870589400000000069e+01
-1.351884500000000067e+01 -1.663921200000000056e+01 -1.393775699999999951e+01
-3.637171099999999768e+01 -4.413692700000000002e+01 -3.274298600000000192e+01
-3.930130400000000179e+01 -3.498852899999999977e+01 -4.011220000000000141e+01
-1.513165900000000086e+01 -1.588126899999999964e+01 -1.696574000000000026e+01
-8.201306800000000408e+01 -7.418013399999999535e+01 -7.672307499999999436e+01
-2.785633100000000084e+01 -3.204235700000000264e+01 -3.087006099999999975e+01
-1.194449099999999930e+01 -1.255203400000000080e+01 -1.080996000000000024e+01
-3.554607000000000028e+01 -3.111893099999999990e+01 -3.364959600000000250e+01
-8.438785699999999679e+01 -8.431061300000000358e+01 -7.182376200000000210e+01
-3.142221400000000031e+01 -2.757529699999999906e+01 -3.160457200000000100e+01
-3.105126699999999929e+01 -3.031243800000000022e+01 -2.697830099999999831e+01
-6.005603299999999933e+01 -5.138306999999999647e+01 -5.478545400000000143e+01
-7.862378999999999785e+00 -7.203959000000000223e+00 -8.048947000000000074e+00
-4.130477400000000188e+01 -3.598575000000000301e+01 -4.189145599999999803e+01
-5.744401100000000326e+01 -5.836368199999999717e+01 -5.171533699999999811e+01
-1.221411200000000008e+01 -1.239427200000000084e+01 -1.043445700000000009e+01
-3.031243800000000022e+01 -2.909151800000000065e+01 -2.612086299999999994e+01
-7.188056400000000679e+01 -8.141158799999999474e+01 -7.530756700000000592e+01
-1.646550799999999981e+01 -1.693174899999999994e+01 -1.841529500000000041e+01
-1.450747800000000076e+01 -1.757804099999999892e+01 -1.594293599999999955e+01
-9.148655499999999563e+01 -9.537526699999999380e+01 -8.329492299999999716e+01
-3.174645399999999995e+01 -3.339380700000000246e+01 -3.641569199999999995e+01
-8.473531599999999742e+01 -8.525704899999999498e+01 -7.543508699999999578e+01
-1.932353700000000174e+01 -2.118095500000000087e+01 -1.886707099999999926e+01
-7.317369000000000234e+00 -6.603444999999999787e+00 -6.877826999999999913e+00
-1.464841599999999922e+01 -1.649742099999999922e+01 -1.627356699999999989e+01
-9.122716000000000491e+00 -8.720145000000000479e+00 -1.043445700000000009e+01
-4.058479200000000020e+01 -4.886803799999999853e+01 -4.664838000000000306e+01
-6.686936000000000213e+00 -6.871499000000000024e+00 -7.370993000000000350e+00
-2.457330100000000073e+01 -2.343872100000000103e+01 -2.719490499999999855e+01
-5.865587599999999924e+01 -5.843751999999999924e+01 -6.645664299999999969e+01
-8.044126000000000332e+00 -7.469248000000000332e+00 -9.272911999999999821e+00
-4.716354599999999664e+01 -4.490297900000000197e+01 -5.147808299999999804e+01
-8.901284400000000119e+01 -8.735850399999999638e+01 -7.782852300000000412e+01
-4.075705399999999656e+01 -3.725797200000000231e+01 -4.405023599999999817e+01
-7.492930000000000312e+00 -7.188479000000000063e+00 -6.763080999999999676e+00
-3.087006099999999975e+01 -3.544153399999999721e+01 -3.424631800000000226e+01
-7.891216199999999503e+01 -8.902097299999999791e+01 -7.845019200000000126e+01
-1.876509499999999875e+01 -2.180825099999999850e+01 -1.942989999999999995e+01
-5.402662500000000279e+01 -6.219955999999999818e+01 -5.478545400000000143e+01
-2.168465000000000131e+01 -1.796663799999999966e+01 -2.055735500000000116e+01
-1.290554099999999949e+01 -1.192217899999999986e+01 -1.346238100000000060e+01
-4.378038000000000096e+01 -4.075705399999999656e+01 -4.758085799999999921e+01
-2.229500499999999974e+01 -2.039413700000000063e+01 -2.293605700000000169e+01
-9.955966000000000093e+00 -1.127562900000000035e+01 -1.154074999999999918e+01
-3.042727400000000060e+01 -2.929400300000000001e+01 -2.656293399999999849e+01
-1.362744999999999962e+01 -1.646523099999999928e+01 -1.464787300000000059e+01
-1.679846999999999824e+01 -1.720084699999999955e+01 -1.872958600000000118e+01
-1.904137100000000160e+01 -1.757804099999999892e+01 -1.610978199999999916e+01
-3.181511100000000170e+01 -2.775560499999999919e+01 -3.113648600000000144e+01
-8.525704899999999498e+01 -8.798099499999999296e+01 -7.699137799999999743e+01
-3.339380700000000246e+01 -3.111893099999999990e+01 -3.554607000000000028e+01
-8.499857999999999691e+00 -9.653185999999999822e+00 -9.879070999999999714e+00
-8.499857999999999691e+00 -7.344325999999999688e+00 -8.232001000000000346e+00
-1.400722700000000032e+01 -1.255203400000000080e+01 -1.194449099999999930e+01
-8.064745999999999526e+00 -8.807297000000000153e+00 -7.813380000000000436e+00
-4.922834699999999941e+01 -4.829681699999999722e+01 -5.442352199999999840e+01
-7.779087800000000641e+01 -9.108516000000000190e+01 -7.799947600000000136e+01
-1.543129799999999996e+01 -1.624631400000000170e+01 -1.389017100000000049e+01
-3.237369900000000200e+01 -3.739072600000000079e+01 -3.296490699999999663e+01
-1.634159199999999856e+01 -1.679846999999999824e+01 -1.825235199999999836e+01
-8.620186999999999600e+00 -9.796395999999999660e+00 -8.663944000000000756e+00
-2.991829999999999856e+01 -2.506405099999999919e+01 -2.051379100000000122e+01
-8.997719000000000023e+00 -8.385500999999999650e+00 -7.877169999999999561e+00
-1.132601400000000069e+01 -1.390068600000000032e+01 -9.217465999999999937e+00
-2.052439199999999886e+01 -2.078938300000000083e+01 -2.381230199999999897e+01
-5.326403899999999680e+01 -5.333684300000000178e+01 -4.783294899999999927e+01
-5.586737099999999856e+01 -5.085309099999999916e+01 -5.700407200000000074e+01
-2.921096700000000013e+01 -3.296490699999999663e+01 -3.377953500000000275e+01
-6.453496000000000343e+00 -9.381135000000000446e+00 -7.540829999999999700e+00
-1.516878999999999955e+01 -1.787378100000000103e+01 -1.536971600000000038e+01
-7.205223000000000155e+00 -6.616825000000000401e+00 -7.474171000000000120e+00
-1.341003700000000087e+01 -1.159324800000000089e+01 -1.263221000000000060e+01
-2.026164999999999949e+01 -2.414670900000000131e+01 -2.012388899999999836e+01
-4.096609800000000234e+01 -4.204408399999999801e+01 -3.689016300000000115e+01
-4.718426399999999887e+01 -4.075001600000000224e+01 -4.787233100000000263e+01
-5.139975100000000197e+01 -5.130022900000000163e+01 -4.620420099999999763e+01
-7.802453800000000683e+01 -8.553242600000000095e+01 -7.649867899999999565e+01
-4.533582400000000234e+01 -4.451564599999999672e+01 -5.265389199999999903e+01
-5.094326600000000127e+01 -5.305548799999999687e+01 -5.568875299999999839e+01
-2.197064299999999903e+01 -1.911987500000000040e+01 -1.928038300000000049e+01
-3.560422200000000004e+01 -4.129569000000000045e+01 -4.022691199999999867e+01
-4.848019000000000034e+01 -4.586818999999999846e+01 -4.190678400000000181e+01
-1.142290799999999962e+01 -1.290554099999999949e+01 -1.243186299999999989e+01
-4.034328099999999750e+01 -4.177011600000000158e+01 -3.533659099999999853e+01
-1.922508499999999998e+01 -2.118214299999999994e+01 -2.226773800000000136e+01
-1.905581000000000103e+01 -2.148547699999999949e+01 -2.051831100000000063e+01
-2.526220299999999952e+01 -2.293605700000000169e+01 -2.603803200000000118e+01
-6.077939500000000095e+01 -5.580997599999999892e+01 -6.464039900000000216e+01
-3.561312800000000323e+01 -2.991829999999999856e+01 -4.138657100000000355e+01
-6.202545999999999893e+00 -7.649287000000000170e+00 -7.552871999999999808e+00
-1.849275400000000147e+01 -1.753428999999999860e+01 -2.024336800000000025e+01
-5.807863499999999846e+01 -5.590849999999999653e+01 -6.344702199999999692e+01
-3.300420499999999890e+01 -3.826137200000000149e+01 -3.900094599999999900e+01
-4.806584500000000304e+01 -4.204408399999999801e+01 -4.693824999999999648e+01
-5.268418400000000190e+01 -4.848019000000000034e+01 -5.580997599999999892e+01
-2.741325799999999902e+01 -3.105126699999999929e+01 -2.697830099999999831e+01
-2.384149299999999982e+01 -2.023441800000000157e+01 -2.012388899999999836e+01
-8.048947000000000074e+00 -7.203959000000000223e+00 -7.330022999999999733e+00
-6.986862000000000705e+01 -7.057648299999999608e+01 -5.727969300000000175e+01
-5.728730999999999796e+00 -5.712411000000000350e+00 -6.506039999999999601e+00
-8.487388900000000547e+01 -8.370407199999999648e+01 -7.510691799999999319e+01
-8.093419000000000096e+01 -7.399577999999999633e+01 -8.180244899999999575e+01
-4.768869500000000272e+01 -4.180562599999999662e+01 -4.668761200000000144e+01
-3.014044399999999868e+01 -3.476552800000000332e+01 -3.424521000000000015e+01
-4.177011600000000158e+01 -3.639227000000000345e+01 -3.533659099999999853e+01
-6.453496000000000343e+00 -8.699192000000000036e+00 -9.381135000000000446e+00
-9.381135000000000446e+00 -8.699192000000000036e+00 -1.222566800000000065e+01
-1.944266400000000061e+01 -2.181967699999999866e+01 -2.255116200000000148e+01
-1.323606099999999941e+01 -1.329881899999999995e+01 -1.148453100000000049e+01
-1.329881899999999995e+01 -1.449573200000000028e+01 -1.194551700000000061e+01
-5.001884400000000142e+01 -5.915646699999999925e+01 -4.948450700000000069e+01
-3.609113700000000335e+01 -4.102753200000000078e+01 -4.080007200000000012e+01
-1.872958600000000118e+01 -1.917431600000000103e+01 -2.093814300000000017e+01
-6.920283000000000406e+00 -6.907423999999999786e+00 -7.328437000000000090e+00
-7.237004999999999910e+00 -7.529728999999999672e+00 -8.131510000000000460e+00
-1.962086599999999947e+01 -2.149439399999999978e+01 -1.917431600000000103e+01
-1.225638799999999939e+01 -1.037796299999999938e+01 -1.237217700000000065e+01
-1.821556700000000006e+01 -1.624361999999999995e+01 -1.696574000000000026e+01
-1.795126199999999983e+01 -1.646550799999999981e+01 -1.841529500000000041e+01
-8.064745999999999526e+00 -7.813380000000000436e+00 -7.190682999999999936e+00
-8.092735799999999813e+01 -6.956935699999999656e+01 -7.208787499999999682e+01
-4.449630499999999955e+01 -4.581688700000000125e+01 -4.965370599999999968e+01
-3.331311800000000289e+01 -3.461732099999999690e+01 -3.811467499999999831e+01
-3.009245400000000004e+01 -2.610724000000000089e+01 -2.714308300000000074e+01
-5.326403899999999680e+01 -4.783294899999999927e+01 -4.776323899999999867e+01
-2.136661099999999891e+01 -2.007809400000000011e+01 -1.894068299999999994e+01
-7.516466000000000314e+00 -8.499857999999999691e+00 -8.684718999999999411e+00
-2.166416900000000112e+01 -2.181473700000000093e+01 -2.470529099999999900e+01
-3.476755299999999949e+01 -2.879760900000000134e+01 -3.286357999999999890e+01
-3.524887600000000276e+01 -3.216818099999999703e+01 -3.111161699999999897e+01
-2.229500499999999974e+01 -2.293605700000000169e+01 -2.526220299999999952e+01
-3.749986899999999679e+01 -3.157688900000000132e+01 -3.639227000000000345e+01
-6.991602199999999812e+01 -7.024303799999999853e+01 -6.346486900000000020e+01
-8.446471999999999980e+00 -7.986585999999999963e+00 -9.064723000000000752e+00
-4.056305700000000058e+01 -3.588040600000000069e+01 -4.080007200000000012e+01
-2.233905599999999936e+01 -2.149154000000000053e+01 -1.969935800000000015e+01
-3.123614699999999900e+01 -3.026508799999999866e+01 -3.603616300000000194e+01
-1.019213700000000067e+01 -1.173874600000000079e+01 -1.007630600000000065e+01
-5.711550900000000297e+01 -4.716354599999999664e+01 -5.147808299999999804e+01
-8.189724099999999396e+01 -8.955892199999999548e+01 -8.180244899999999575e+01
-5.388735599999999692e+01 -4.758085799999999921e+01 -5.064271699999999754e+01
-3.239702599999999677e+01 -3.033405499999999932e+01 -2.737433599999999956e+01
-5.783205399999999941e+01 -5.148153500000000093e+01 -5.195214899999999858e+01
-1.576910200000000017e+01 -1.756753300000000095e+01 -1.720084699999999955e+01
-5.301619000000000170e+01 -5.966813400000000200e+01 -5.204967800000000011e+01
-4.180562599999999662e+01 -4.218347399999999681e+01 -4.668761200000000144e+01
-3.980928200000000317e+01 -3.914868100000000339e+01 -4.490297900000000197e+01
-9.534926799999999503e+01 -9.346207699999999363e+01 -7.923459400000000130e+01
-4.938006500000000187e+01 -4.310742599999999669e+01 -4.806584500000000304e+01
-4.533582400000000234e+01 -3.826137200000000149e+01 -4.451564599999999672e+01
-2.733906999999999954e+01 -2.117745999999999995e+01 -3.111025199999999913e+01
-1.753428999999999860e+01 -1.655207000000000050e+01 -1.922508499999999998e+01
-9.227306999999999704e+00 -1.050044800000000045e+01 -1.006004000000000076e+01
-2.689563499999999863e+01 -3.087006099999999975e+01 -2.983189499999999938e+01
-3.877287400000000162e+01 -3.477059299999999809e+01 -3.377953500000000275e+01
-6.763750500000000443e+01 -5.584676499999999777e+01 -5.836528899999999709e+01
-1.065861199999999975e+01 -1.147718200000000088e+01 -9.938256000000000867e+00
-2.074322300000000041e+01 -1.841529500000000041e+01 -1.899778299999999831e+01
-1.999124399999999824e+01 -2.052439199999999886e+01 -2.331353199999999859e+01
-3.610110199999999736e+01 -3.798694199999999910e+01 -4.231311999999999784e+01
-5.138306999999999647e+01 -4.452110799999999813e+01 -4.778716200000000214e+01
-4.413692700000000002e+01 -4.802099400000000173e+01 -5.544817299999999705e+01
-1.969383399999999895e+01 -2.049949000000000154e+01 -1.732722800000000163e+01
-9.170105300000000170e+01 -9.258351600000000303e+01 -7.822797400000000323e+01
-8.005505800000000249e+01 -8.329492299999999716e+01 -7.230482499999999391e+01
-1.341003700000000087e+01 -1.233333099999999938e+01 -1.159324800000000089e+01
-6.538566000000000322e+00 -7.237004999999999910e+00 -6.978486000000000189e+00
-1.537687400000000082e+01 -1.496452200000000055e+01 -1.363347000000000087e+01
-1.015792380000000037e+02 -1.006243050000000068e+02 -8.646292599999999595e+01
-4.370468300000000283e+01 -4.742488399999999871e+01 -4.211798799999999687e+01
-1.735764400000000052e+01 -1.437862999999999936e+01 -1.594293599999999955e+01
-4.430458800000000252e+01 -4.040141200000000055e+01 -4.544016599999999784e+01
-1.757804099999999892e+01 -1.921453299999999942e+01 -1.594293599999999955e+01
-5.240859400000000079e+01 -5.373240200000000044e+01 -5.898557999999999879e+01
-7.315663600000000599e+01 -6.353408999999999907e+01 -6.290060100000000176e+01
-1.050044800000000045e+01 -1.192217899999999986e+01 -1.142290799999999962e+01
-2.814953399999999917e+01 -3.183920699999999826e+01 -2.802404999999999902e+01
-6.393086000000000269e+00 -6.991013999999999839e+00 -6.797990999999999673e+00
-1.450747800000000076e+01 -1.594293599999999955e+01 -1.320877400000000002e+01
-6.993395099999999331e+01 -7.230482499999999391e+01 -6.204839199999999977e+01
-3.661747100000000188e+01 -3.189238399999999984e+01 -4.022571200000000147e+01
-8.575851699999999767e+01 -1.019227249999999998e+02 -8.923625199999999325e+01
-6.797990999999999673e+00 -6.991013999999999839e+00 -7.732747999999999955e+00
-5.840854499999999661e+01 -6.346486900000000020e+01 -5.777354499999999859e+01
-1.032964800000000061e+01 -1.135003900000000066e+01 -1.193421299999999974e+01
-4.829681699999999722e+01 -4.786605899999999991e+01 -5.352045199999999880e+01
-8.421958899999999915e+01 -7.028137099999999293e+01 -7.086385699999999588e+01
-3.037982900000000086e+01 -2.697071800000000152e+01 -2.613336299999999923e+01
-1.159324800000000089e+01 -1.233333099999999938e+01 -1.071083499999999944e+01
-7.205223000000000155e+00 -7.474171000000000120e+00 -8.242874000000000478e+00
-7.900366000000000000e+00 -8.752860999999999336e+00 -7.678660999999999959e+00
-6.087222599999999773e+01 -6.201058100000000195e+01 -5.265389199999999903e+01
-5.281652600000000319e+01 -3.912903000000000020e+01 -4.213344699999999676e+01
-2.018676599999999866e+01 -1.944266400000000061e+01 -2.255116200000000148e+01
-6.538566000000000322e+00 -6.773133999999999766e+00 -7.237004999999999910e+00
-8.163311000000000206e+01 -9.466132100000000094e+01 -8.280504600000000437e+01
-6.477257699999999829e+01 -6.691200700000000268e+01 -5.281652600000000319e+01
-2.096082300000000131e+01 -2.238161300000000153e+01 -2.477433699999999916e+01
-4.038768799999999715e+01 -4.413692700000000002e+01 -5.374557500000000232e+01
-1.065861199999999975e+01 -9.064603999999999218e+00 -9.687820999999999572e+00
-8.513550999999999647e+00 -9.679513000000000034e+00 -9.362237999999999616e+00
-5.096696299999999979e+01 -5.688613300000000095e+01 -5.912646000000000157e+01
-4.787233100000000263e+01 -5.701480099999999851e+01 -5.595519600000000082e+01
-5.423239699999999885e+01 -5.874313899999999933e+01 -5.863582699999999903e+01
-3.938918400000000020e+01 -3.286357999999999890e+01 -3.695388100000000264e+01
-8.027525099999999725e+01 -6.987869200000000092e+01 -7.034037800000000118e+01
-2.936171999999999827e+01 -3.014884899999999845e+01 -2.632138300000000086e+01
-1.020217710000000011e+02 -1.019227249999999998e+02 -8.575851699999999767e+01
-3.233070099999999769e+01 -3.749986899999999679e+01 -3.826137200000000149e+01
-2.631409899999999880e+01 -2.614406999999999925e+01 -2.318008899999999883e+01
-2.393246399999999952e+01 -2.757529699999999906e+01 -2.399018200000000078e+01
-3.073545199999999866e+01 -3.476552800000000332e+01 -3.014044399999999868e+01
-1.108032399999999917e+01 -1.187698699999999974e+01 -1.320877400000000002e+01
-6.616825000000000401e+00 -6.797990999999999673e+00 -7.474171000000000120e+00
-6.077939500000000095e+01 -6.765214799999999684e+01 -6.184762400000000326e+01
-5.787957999999999714e+00 -5.728730999999999796e+00 -6.549844000000000221e+00
-4.797350000000000136e+01 -4.449630499999999955e+01 -4.965370599999999968e+01
-1.732847399999999993e+01 -1.802873599999999854e+01 -1.535846699999999920e+01
-4.102753200000000078e+01 -4.645101700000000022e+01 -4.618811300000000131e+01
-1.099425699999999928e+01 -1.063221799999999995e+01 -9.679513000000000034e+00
-8.438785699999999679e+01 -9.841944100000000617e+01 -8.431061300000000358e+01
-5.865587599999999924e+01 -5.195214899999999858e+01 -5.207726000000000255e+01
-2.238161300000000153e+01 -1.999124399999999824e+01 -2.331353199999999859e+01
-4.539164300000000196e+01 -5.204967800000000011e+01 -5.146924899999999781e+01
-2.435989800000000116e+01 -2.453312700000000035e+01 -2.762172999999999945e+01
-1.552033499999999933e+01 -1.392821799999999932e+01 -1.276446699999999979e+01
-1.106879900000000028e+01 -9.527746000000000492e+00 -1.011312799999999967e+01
-4.306607000000000340e+01 -4.660569399999999973e+01 -4.170366800000000040e+01
-7.782852300000000412e+01 -6.698584499999999764e+01 -7.053551500000000374e+01
-2.492518099999999848e+01 -2.026164999999999949e+01 -2.080613699999999966e+01
-1.133250999999999920e+01 -1.197975300000000054e+01 -9.753033999999999537e+00
-9.217465999999999937e+00 -1.390068600000000032e+01 -1.073724499999999971e+01
-8.288273000000000224e+00 -7.370993000000000350e+00 -7.753434999999999633e+00
-8.149390999999999607e+00 -6.568888000000000282e+00 -9.217465999999999937e+00
-1.896157699999999835e+01 -1.400065799999999960e+01 -1.390068600000000032e+01
-1.254650900000000036e+01 -1.219621800000000000e+01 -1.108715800000000051e+01
-8.807547499999999729e+01 -8.862359899999999868e+01 -7.827552300000000685e+01
-5.917079000000000200e+00 -6.850147999999999904e+00 -7.469248000000000332e+00
-1.542505000000000059e+01 -1.679846999999999824e+01 -1.502589399999999920e+01
-7.325226299999999924e+01 -8.125964600000000360e+01 -7.541181000000000267e+01
-1.733849100000000121e+01 -1.476012300000000010e+01 -1.756304799999999844e+01
-4.599622000000000099e+01 -5.148153500000000093e+01 -4.561235099999999676e+01
-2.775798599999999894e+01 -3.042727400000000060e+01 -2.656293399999999849e+01
-2.457330100000000073e+01 -2.719490499999999855e+01 -2.831681899999999885e+01
-3.302065199999999834e+01 -3.849435400000000129e+01 -3.710561899999999724e+01
-3.113648600000000144e+01 -2.775560499999999919e+01 -2.697071800000000152e+01
-5.578810699999999656e+01 -6.907276600000000144e+01 -7.132150199999999529e+01
-8.862359899999999868e+01 -8.602267299999999750e+01 -7.737100200000000427e+01
-8.198051499999999692e+01 -8.180357899999999916e+01 -7.313095599999999763e+01
-8.403228500000000167e+01 -8.251844199999999319e+01 -6.985980600000000607e+01
-8.908048000000000854e+00 -7.753434999999999633e+00 -8.518245000000000289e+00
-4.886803799999999853e+01 -5.966308699999999732e+01 -5.535616900000000129e+01
-2.775560499999999919e+01 -2.423302400000000034e+01 -2.697071800000000152e+01
-8.515164999999999651e+00 -8.807297000000000153e+00 -9.642998000000000403e+00
-5.578810699999999656e+01 -7.132150199999999529e+01 -6.145407699999999807e+01
-8.902097299999999791e+01 -8.953720099999999604e+01 -7.845019200000000126e+01
-1.732847399999999993e+01 -1.944266400000000061e+01 -2.018676599999999866e+01
-1.491164099999999948e+01 -1.401458399999999926e+01 -1.609972899999999996e+01
-3.525097199999999731e+01 -3.089670999999999879e+01 -3.110576400000000064e+01
-2.074322300000000041e+01 -2.012410799999999966e+01 -1.841529500000000041e+01
-9.064362300000000516e+01 -7.891216199999999503e+01 -8.092735799999999813e+01
-7.700548499999999308e+01 -7.866536999999999580e+01 -6.590175100000000441e+01
-4.684219600000000128e+01 -4.045328500000000105e+01 -4.042798899999999662e+01
-9.204437599999999975e+01 -9.420334800000000541e+01 -8.135171599999999614e+01
-3.424631800000000226e+01 -3.544153399999999721e+01 -3.915622400000000169e+01
-3.598575000000000301e+01 -3.165831100000000120e+01 -3.635414200000000307e+01
-9.947155999999999665e+00 -1.062710399999999922e+01 -9.286163999999999419e+00
-5.824906000000000006e+01 -5.326403899999999680e+01 -5.297084699999999913e+01
-4.239999399999999952e+01 -4.126527300000000054e+01 -5.002454699999999832e+01
-1.774980300000000000e+01 -1.693049699999999902e+01 -1.346888000000000041e+01
-3.561568199999999962e+01 -3.113648600000000144e+01 -3.037982900000000086e+01
-1.802873599999999854e+01 -2.018676599999999866e+01 -2.101233399999999918e+01
-1.542505000000000059e+01 -1.502589399999999920e+01 -1.376150400000000040e+01
-3.424327600000000160e+01 -3.024870400000000004e+01 -3.335601400000000183e+01
-9.064603999999999218e+00 -1.065861199999999975e+01 -9.938256000000000867e+00
-7.004895000000000316e+00 -7.906577000000000410e+00 -7.787204000000000015e+00
-1.610688199999999881e+01 -1.614473699999999923e+01 -1.818327000000000027e+01
-1.995791399999999882e+01 -2.249314100000000138e+01 -2.303093300000000099e+01
-1.969383399999999895e+01 -1.887979500000000144e+01 -2.262145599999999845e+01
-8.054691800000000512e+01 -7.782852300000000412e+01 -7.053551500000000374e+01
-8.807297000000000153e+00 -9.128825000000000855e+00 -1.000055700000000058e+01
-7.230482499999999391e+01 -8.329492299999999716e+01 -7.713956899999999450e+01
-2.080613699999999966e+01 -2.026164999999999949e+01 -1.659564400000000006e+01
-6.197702499999999759e+01 -5.940315600000000273e+01 -5.663097100000000239e+01
-3.477059299999999809e+01 -3.983475899999999825e+01 -3.586232700000000051e+01
-1.173874600000000079e+01 -1.154074999999999918e+01 -1.349314999999999998e+01
-1.179185000000000016e+01 -1.067939600000000056e+01 -9.987304999999999211e+00
-1.751301600000000036e+01 -1.624361999999999995e+01 -1.821556700000000006e+01
-2.436456599999999995e+01 -2.775798599999999894e+01 -2.656293399999999849e+01
-1.261643899999999974e+01 -1.147718200000000088e+01 -1.065861199999999975e+01
-2.893120800000000159e+01 -3.009245400000000004e+01 -3.331311800000000289e+01
-3.626530400000000043e+01 -4.262538899999999842e+01 -3.671105500000000177e+01
-1.108032399999999917e+01 -1.320877400000000002e+01 -1.202133899999999933e+01
-1.796663799999999966e+01 -1.691749199999999931e+01 -2.055735500000000116e+01
-8.093419000000000096e+01 -7.974677200000000710e+01 -7.295879899999999907e+01
-1.409096500000000063e+01 -1.363347000000000087e+01 -1.245303299999999957e+01
-1.194551700000000061e+01 -1.012426199999999987e+01 -1.148453100000000049e+01
-1.585291800000000073e+01 -1.537687400000000082e+01 -1.409096500000000063e+01
-9.457563999999999638e+00 -1.037900800000000068e+01 -9.128825000000000855e+00
-9.753033999999999537e+00 -1.084057999999999922e+01 -9.388640999999999792e+00
-3.123614699999999900e+01 -2.699315400000000054e+01 -2.615842200000000162e+01
-4.075001600000000224e+01 -3.558550400000000025e+01 -4.130477400000000188e+01
-6.142762799999999856e+01 -5.442352199999999840e+01 -5.947319399999999945e+01
-7.494112999999999580e+00 -7.324797000000000224e+00 -8.366547999999999874e+00
-1.652367599999999825e+01 -1.700172900000000098e+01 -1.429720200000000041e+01
-8.342724999999999724e+00 -8.064745999999999526e+00 -7.412886000000000308e+00
-1.732847399999999993e+01 -2.018676599999999866e+01 -1.802873599999999854e+01
-5.783205399999999941e+01 -6.478380300000000602e+01 -6.378029999999999688e+01
-8.491144999999999499e+00 -7.529728999999999672e+00 -7.859547000000000061e+00
-1.782457600000000042e+01 -2.012464900000000156e+01 -2.187310199999999938e+01
-1.476012300000000010e+01 -1.237217700000000065e+01 -1.239427200000000084e+01
-7.494112999999999580e+00 -8.366547999999999874e+00 -8.639338000000000406e+00
-9.227306999999999704e+00 -1.006004000000000076e+01 -8.845534999999999926e+00
-1.007630600000000065e+01 -8.446471999999999980e+00 -9.064723000000000752e+00
-2.151751799999999903e+01 -1.881237000000000137e+01 -2.166416900000000112e+01
-4.634652299999999769e+01 -5.301619000000000170e+01 -5.204967800000000011e+01
-1.344533299999999976e+01 -1.187698699999999974e+01 -1.150263799999999925e+01
-3.841372599999999693e+01 -3.998428100000000285e+01 -4.370468300000000283e+01
-5.220437499999999886e+01 -5.403448000000000206e+01 -4.693824999999999648e+01
-9.521421000000000134e+00 -1.032964800000000061e+01 -1.091960599999999992e+01
-1.587255399999999916e+01 -2.313067500000000010e+01 -2.017114300000000071e+01
-6.248621800000000093e+01 -5.715984300000000218e+01 -6.330127499999999685e+01
-9.178226999999999691e+00 -7.905522999999999634e+00 -8.639338000000000406e+00
-6.377918199999999871e+01 -5.783377600000000029e+01 -6.039016699999999815e+01
-1.074910599999999938e+01 -1.179861700000000013e+01 -1.037900800000000068e+01
-5.072932000000000130e+01 -5.974005100000000112e+01 -5.158464399999999728e+01
-1.256638099999999980e+01 -1.428901399999999988e+01 -1.261113399999999984e+01
-4.126793899999999837e+01 -3.471466600000000113e+01 -3.983508499999999941e+01
-7.713956899999999450e+01 -8.222706700000000524e+01 -7.229557599999999695e+01
-1.400065799999999960e+01 -1.050902899999999995e+01 -1.073724499999999971e+01
-1.610688199999999881e+01 -1.818327000000000027e+01 -1.826541299999999879e+01
-2.719490499999999855e+01 -3.131770699999999863e+01 -2.831681899999999885e+01
-9.245081199999999910e+01 -8.273661699999999541e+01 -8.370407199999999648e+01
-3.488221399999999761e+01 -3.400140600000000290e+01 -4.065745600000000337e+01
-7.325226299999999924e+01 -6.720969399999999894e+01 -6.994835600000000397e+01
-4.660569399999999973e+01 -4.544016599999999784e+01 -4.170366800000000040e+01
-4.786605899999999991e+01 -4.241214099999999831e+01 -4.783294899999999927e+01
-7.541181000000000267e+01 -8.249248400000000458e+01 -7.672307499999999436e+01
-3.642363699999999938e+01 -4.102753200000000078e+01 -3.609113700000000335e+01
-1.684158700000000053e+01 -1.457995700000000028e+01 -1.733849100000000121e+01
-8.720145000000000479e+00 -8.234002000000000265e+00 -1.001369200000000070e+01
-2.501136299999999935e+01 -2.168465000000000131e+01 -2.055735500000000116e+01
-1.218574399999999969e+01 -1.001369200000000070e+01 -1.053710099999999983e+01
-3.274298600000000192e+01 -4.413692700000000002e+01 -4.038768799999999715e+01
-1.627356699999999989e+01 -1.830055499999999924e+01 -1.819003400000000070e+01
-7.737100200000000427e+01 -8.602267299999999750e+01 -7.562349100000000135e+01
-7.466483800000000315e+01 -6.295695599999999814e+01 -6.468285199999999691e+01
-2.762243799999999894e+01 -2.757529699999999906e+01 -2.393246399999999952e+01
-4.045328500000000105e+01 -3.518613400000000269e+01 -4.042798899999999662e+01
-1.536971600000000038e+01 -1.787378100000000103e+01 -1.792103499999999983e+01
-6.573412399999999423e+01 -7.313095599999999763e+01 -6.464039900000000216e+01
-8.901284400000000119e+01 -7.782852300000000412e+01 -8.054691800000000512e+01
-9.659274999999999167e+00 -8.491144999999999499e+00 -8.901064999999999117e+00
-1.143432999999999922e+01 -1.125449799999999989e+01 -1.010080899999999993e+01
-1.516050700000000084e+01 -1.689611400000000074e+01 -1.845278100000000165e+01
-4.230269499999999994e+01 -3.706106100000000225e+01 -3.671899599999999708e+01
-2.984626300000000043e+01 -3.424521000000000015e+01 -3.425900899999999893e+01
-2.455132499999999851e+01 -2.731901900000000083e+01 -2.393711700000000064e+01
-1.261643899999999974e+01 -1.362744999999999962e+01 -1.147718200000000088e+01
-2.024336800000000025e+01 -2.329015000000000057e+01 -2.119657000000000124e+01
-1.609563100000000091e+01 -1.795126199999999983e+01 -1.756753300000000095e+01
-6.929825800000000413e+01 -6.907276600000000144e+01 -5.689397199999999799e+01
-1.030897099999999966e+01 -1.108032399999999917e+01 -1.202133899999999933e+01
-8.421958899999999915e+01 -1.004004769999999951e+02 -8.437899699999999825e+01
-3.068021900000000102e+01 -3.335039700000000096e+01 -3.760561700000000229e+01
-2.532418900000000050e+01 -2.874134099999999847e+01 -2.954159399999999991e+01
-6.353408999999999907e+01 -6.167542999999999864e+01 -5.506364200000000153e+01
-7.057648299999999608e+01 -8.463552900000000534e+01 -6.990545099999999934e+01
-1.515207799999999949e+01 -1.397371099999999977e+01 -1.564384300000000039e+01
-8.251483999999999597e+00 -8.513550999999999647e+00 -9.362237999999999616e+00
-2.486273600000000172e+01 -2.814953399999999917e+01 -2.802404999999999902e+01
-5.544817299999999705e+01 -6.615595999999999322e+01 -6.590175100000000441e+01
-5.580997599999999892e+01 -5.130022900000000163e+01 -5.870857800000000282e+01
-5.294186200000000042e+01 -4.212779799999999852e+01 -4.640997999999999735e+01
-1.080996000000000024e+01 -1.255203400000000080e+01 -1.135003900000000066e+01
-6.956935699999999656e+01 -6.913286499999999535e+01 -6.005603299999999933e+01
-2.423302400000000034e+01 -2.338974100000000078e+01 -2.697071800000000152e+01
-9.141761999999999944e+01 -9.098519100000000037e+01 -8.396977499999999850e+01
-6.143318999999999974e+00 -6.084093000000000195e+00 -7.667900999999999634e+00
-3.603616300000000194e+01 -3.476755299999999949e+01 -4.107387700000000308e+01
-2.988005400000000122e+01 -3.457182999999999851e+01 -3.023903699999999972e+01
-5.870589400000000069e+01 -6.039450500000000233e+01 -6.416854100000000471e+01
-1.095266999999999946e+01 -1.298316299999999934e+01 -1.127568300000000079e+01
-1.733849100000000121e+01 -1.457995700000000028e+01 -1.476012300000000010e+01
-8.141158799999999474e+01 -9.033744599999999991e+01 -8.168889900000000637e+01
-4.129569000000000045e+01 -3.640004799999999818e+01 -4.180562599999999662e+01
-3.586232700000000051e+01 -3.983475899999999825e+01 -4.096609800000000234e+01
-2.921096700000000013e+01 -3.377953500000000275e+01 -3.022509799999999913e+01
-9.537526699999999380e+01 -1.003177280000000025e+02 -8.821397199999999827e+01
-9.457563999999999638e+00 -8.342724999999999724e+00 -8.614855000000000373e+00
-2.638309100000000029e+01 -2.855941100000000077e+01 -3.335039700000000096e+01
-4.802099400000000173e+01 -6.051052099999999712e+01 -5.544817299999999705e+01
-7.845019200000000126e+01 -8.005505800000000249e+01 -6.993395099999999331e+01
-3.588040600000000069e+01 -3.160457200000000100e+01 -3.609113700000000335e+01
-9.789938399999999774e+01 -9.733378199999999936e+01 -8.804641599999999357e+01
-8.108424300000000073e+01 -8.804641599999999357e+01 -7.912637800000000254e+01
-1.376150400000000040e+01 -1.254650900000000036e+01 -1.410943400000000025e+01
-9.141761999999999944e+01 -8.396977499999999850e+01 -8.168889900000000637e+01
-6.991602199999999812e+01 -6.346486900000000020e+01 -6.409589599999999621e+01
-1.394643699999999953e+01 -1.224703099999999978e+01 -1.304873300000000036e+01
-1.169780199999999937e+01 -1.286099399999999982e+01 -1.139456299999999978e+01
-3.136839700000000164e+01 -3.165831100000000120e+01 -3.598575000000000301e+01
-6.987869200000000092e+01 -6.104771399999999915e+01 -6.248621800000000093e+01
-1.363347000000000087e+01 -1.496452200000000055e+01 -1.324802999999999997e+01
-9.767120999999999498e+00 -8.614855000000000373e+00 -8.861143999999999465e+00
-2.034068800000000010e+01 -1.995791399999999882e+01 -2.303093300000000099e+01
-7.160645999999999844e+00 -7.877169999999999561e+00 -7.005442000000000391e+00
-5.783205399999999941e+01 -5.195214899999999858e+01 -5.865587599999999924e+01
-8.908048000000000854e+00 -9.404757999999999285e+00 -8.288273000000000224e+00
-2.605681099999999972e+01 -2.415073800000000048e+01 -2.301753700000000080e+01
-3.296490699999999663e+01 -3.739072600000000079e+01 -3.792985999999999791e+01
-6.005603299999999933e+01 -6.913286499999999535e+01 -6.243401899999999927e+01
-8.044662999999999897e+00 -8.847543999999999187e+00 -7.906577000000000410e+00
-8.163311000000000206e+01 -8.280504600000000437e+01 -7.129763099999999554e+01
-8.180357899999999916e+01 -7.395446300000000406e+01 -7.313095599999999763e+01
-4.581688700000000125e+01 -5.094326600000000127e+01 -4.965370599999999968e+01
-2.502780500000000075e+01 -2.210759099999999933e+01 -2.228012500000000173e+01
-8.698213000000000861e+00 -8.961477000000000359e+00 -1.045627799999999930e+01
-8.908048000000000854e+00 -8.288273000000000224e+00 -7.753434999999999633e+00
-7.804808900000000449e+01 -7.779087800000000641e+01 -6.750172000000000594e+01
-7.562349100000000135e+01 -6.835729600000000517e+01 -6.902048000000000627e+01
-1.393250199999999950e+01 -1.652367599999999825e+01 -1.429720200000000041e+01
-3.476552800000000332e+01 -4.022691199999999867e+01 -3.943486500000000206e+01
-5.755964500000000328e+01 -5.824906000000000006e+01 -5.297084699999999913e+01
-8.740370799999999463e+01 -8.425551400000000513e+01 -7.466483800000000315e+01
-7.386955000000000382e+00 -6.952506999999999771e+00 -6.657286000000000037e+00
-1.819003400000000070e+01 -1.830055499999999924e+01 -2.047145499999999885e+01
-2.748773900000000125e+01 -2.419818100000000172e+01 -2.662203699999999884e+01
-8.499857999999999691e+00 -8.232001000000000346e+00 -9.653185999999999822e+00
-5.204967800000000011e+01 -5.902927100000000138e+01 -5.146924899999999781e+01
-1.015027050000000060e+02 -1.001371029999999962e+02 -9.091384899999999902e+01
-7.399577999999999633e+01 -6.765214799999999684e+01 -7.487691599999999426e+01
-8.241645099999999502e+01 -9.091384899999999902e+01 -8.054691800000000512e+01
-4.533582400000000234e+01 -5.265389199999999903e+01 -5.353293200000000240e+01
-6.990545099999999934e+01 -6.145332299999999748e+01 -5.535616900000000129e+01
-3.710561899999999724e+01 -4.151550699999999949e+01 -3.642363699999999938e+01
-2.181473700000000093e+01 -2.486273600000000172e+01 -2.470529099999999900e+01
-6.087222599999999773e+01 -5.265389199999999903e+01 -5.158464399999999728e+01
-9.731900400000000673e+01 -9.534926799999999503e+01 -8.088044600000000628e+01
-7.269446000000000296e+00 -8.044662999999999897e+00 -7.349343000000000181e+00
-2.023441800000000157e+01 -1.726918399999999920e+01 -1.691026700000000105e+01
-1.332000400000000084e+01 -1.133009000000000022e+01 -1.257539200000000079e+01
-6.947286400000000128e+01 -6.720969399999999894e+01 -7.325226299999999924e+01
-6.409589599999999621e+01 -6.346486900000000020e+01 -5.840854499999999661e+01
-6.021157699999999835e+01 -7.141173200000000065e+01 -5.915646699999999925e+01
-5.906293000000000148e+01 -5.333684300000000178e+01 -5.865498300000000143e+01
-4.719307100000000332e+01 -4.858247899999999930e+01 -5.373240200000000044e+01
-8.370407199999999648e+01 -8.273661699999999541e+01 -7.416959099999999694e+01
-5.783205399999999941e+01 -5.865587599999999924e+01 -6.478380300000000602e+01
-2.499383900000000125e+01 -2.197064299999999903e+01 -2.210759099999999933e+01
-6.773133999999999766e+00 -6.425334000000000323e+00 -7.032776000000000138e+00
-6.591547900000000482e+01 -5.518382900000000291e+01 -5.595519600000000082e+01
-5.755964500000000328e+01 -6.129990500000000253e+01 -6.258149300000000181e+01
-2.502173000000000158e+01 -2.775560499999999919e+01 -2.855065499999999901e+01
-1.032700400000000052e+01 -1.004957300000000053e+01 -9.099348000000000880e+00
-6.956935699999999656e+01 -6.005603299999999933e+01 -6.219955999999999818e+01
-2.453312700000000035e+01 -2.151751799999999903e+01 -2.166416900000000112e+01
-2.909151800000000065e+01 -2.737433599999999956e+01 -2.477433699999999916e+01
-4.725069200000000080e+01 -4.597086500000000342e+01 -5.210561200000000071e+01
-1.205037300000000045e+01 -1.218574399999999969e+01 -1.053710099999999983e+01
-7.494112999999999580e+00 -7.905522999999999634e+00 -6.911997999999999642e+00
-8.750624999999999432e+00 -9.856158999999999892e+00 -9.781551000000000329e+00
-3.561312800000000323e+01 -4.788526999999999845e+01 -4.213344699999999676e+01
-1.657476300000000080e+01 -1.470541200000000082e+01 -1.400722700000000032e+01
-6.032354000000000127e+01 -6.549102200000000096e+01 -6.039016699999999815e+01
-1.007630600000000065e+01 -9.029598999999999265e+00 -8.446471999999999980e+00
-9.944971599999999512e+01 -1.004004769999999951e+02 -8.421958899999999915e+01
-9.346207699999999363e+01 -9.173556299999999908e+01 -7.781704399999999566e+01
-8.044662999999999897e+00 -7.906577000000000410e+00 -7.349343000000000181e+00
-3.009245400000000004e+01 -2.714308300000000074e+01 -3.127960699999999861e+01
-1.090526999999999980e+01 -1.351884500000000067e+01 -1.133250999999999920e+01
-2.614406999999999925e+01 -2.988005400000000122e+01 -2.623703799999999831e+01
-9.258351600000000303e+01 -9.364887500000000387e+01 -8.037914899999999818e+01
-7.126514000000000237e+00 -5.847184999999999633e+00 -6.911997999999999642e+00
-3.136839700000000164e+01 -2.783401599999999831e+01 -3.165831100000000120e+01
-5.865498300000000143e+01 -5.326403899999999680e+01 -5.824906000000000006e+01
-5.301619000000000170e+01 -4.634652299999999769e+01 -4.768869500000000272e+01
-7.822797400000000323e+01 -9.258351600000000303e+01 -8.037914899999999818e+01
-8.752860999999999336e+00 -1.011312799999999967e+01 -8.572471999999999426e+00
-7.629544000000000104e+00 -7.516466000000000314e+00 -8.684718999999999411e+00
-8.149390999999999607e+00 -9.217465999999999937e+00 -1.073724499999999971e+01
-2.059943099999999916e+01 -2.427556999999999832e+01 -2.228012500000000173e+01
-1.513165900000000086e+01 -1.346238100000000060e+01 -1.411212300000000042e+01
-2.925708799999999954e+01 -4.038768799999999715e+01 -3.639694800000000185e+01
-7.802453800000000683e+01 -7.649867899999999565e+01 -7.085382199999999386e+01
-2.007809400000000011e+01 -1.905581000000000103e+01 -1.784350799999999992e+01
-4.991553600000000301e+01 -4.497428399999999726e+01 -5.085309099999999916e+01
-3.885680599999999885e+01 -3.524887600000000276e+01 -3.424327600000000160e+01
-3.915622400000000169e+01 -4.430458800000000252e+01 -4.318137399999999815e+01
-5.029437699999999722e+01 -4.660569399999999973e+01 -5.127120599999999939e+01
-2.671921599999999941e+01 -3.014044399999999868e+01 -2.631409899999999880e+01
-8.125964600000000360e+01 -7.325226299999999924e+01 -7.678459900000000005e+01
-3.948364800000000230e+01 -3.588238299999999725e+01 -4.077281800000000089e+01
-2.690829000000000093e+01 -2.879760900000000134e+01 -2.356231899999999868e+01
-3.710561899999999724e+01 -3.849435400000000129e+01 -4.252077500000000043e+01
-2.782760000000000034e+01 -2.478527899999999917e+01 -2.261903500000000022e+01
-4.999000600000000105e+01 -4.126793899999999837e+01 -4.697473300000000052e+01
-1.243186299999999989e+01 -1.290554099999999949e+01 -1.397371099999999977e+01
-3.087889099999999942e+01 -3.144329199999999958e+01 -2.768752999999999886e+01
-5.148153500000000093e+01 -5.085309099999999916e+01 -4.561235099999999676e+01
-4.267378800000000183e+01 -4.829681699999999722e+01 -4.330526499999999857e+01
-9.286163999999999419e+00 -9.951513999999999527e+00 -8.715013000000000787e+00
-1.905581000000000103e+01 -1.821556700000000006e+01 -1.696574000000000026e+01
-4.667248399999999720e+01 -5.294305599999999856e+01 -5.064271699999999754e+01
-9.951805199999999729e+01 -8.996056000000000097e+01 -9.007995599999999570e+01
-2.922516200000000097e+01 -2.568105800000000016e+01 -2.735569200000000123e+01
-1.275033600000000078e+01 -1.428809299999999993e+01 -1.261936799999999970e+01
-1.491164099999999948e+01 -1.609972899999999996e+01 -1.702861599999999953e+01
-1.333383199999999924e+01 -1.090526999999999980e+01 -1.058311199999999985e+01
-8.385500999999999650e+00 -8.873830999999999136e+00 -7.920555000000000234e+00
-8.873830999999999136e+00 -9.521421000000000134e+00 -1.008824800000000010e+01
-4.012004300000000256e+01 -3.885680599999999885e+01 -4.431159900000000107e+01
-5.728730999999999796e+00 -6.506039999999999601e+00 -6.549844000000000221e+00
-1.576910200000000017e+01 -1.720084699999999955e+01 -1.542505000000000059e+01
-4.597086500000000342e+01 -4.378038000000000096e+01 -5.033269299999999902e+01
-3.321528699999999645e+01 -3.802441900000000174e+01 -3.716088400000000291e+01
-1.691749199999999931e+01 -1.922971599999999981e+01 -2.055735500000000116e+01
-2.453312700000000035e+01 -2.166416900000000112e+01 -2.470529099999999900e+01
-2.735569200000000123e+01 -2.568105800000000016e+01 -2.415073800000000048e+01
-4.126527300000000054e+01 -4.058479200000000020e+01 -4.664838000000000306e+01
-4.151550699999999949e+01 -4.252077500000000043e+01 -4.719307100000000332e+01
-4.233896599999999921e+01 -4.126793899999999837e+01 -4.999000600000000105e+01
-1.475506200000000057e+01 -1.646550799999999981e+01 -1.609563100000000091e+01
-1.887979500000000144e+01 -1.657476300000000080e+01 -1.579646100000000075e+01
-1.720084699999999955e+01 -1.917431600000000103e+01 -1.872958600000000118e+01
-1.050044800000000045e+01 -1.142290799999999962e+01 -1.006004000000000076e+01
-6.542701399999999978e+01 -7.296029199999999548e+01 -6.565976200000000063e+01
-1.205037300000000045e+01 -1.429720200000000041e+01 -1.218574399999999969e+01
-6.848479100000000130e+01 -5.701480099999999851e+01 -5.809340600000000165e+01
-7.699137799999999743e+01 -7.832091800000000603e+01 -7.065690299999999979e+01
-7.274009100000000672e+01 -8.054691800000000512e+01 -7.053551500000000374e+01
-4.058479200000000020e+01 -3.488221399999999761e+01 -4.065745600000000337e+01
-4.267378800000000183e+01 -4.330526499999999857e+01 -3.792985999999999791e+01
-1.797787999999999897e+01 -2.051379100000000122e+01 -1.419844999999999935e+01
-3.165831100000000120e+01 -2.783401599999999831e+01 -2.802404999999999902e+01
-1.442587600000000059e+01 -1.428809299999999993e+01 -1.275033600000000078e+01
-2.492518099999999848e+01 -2.080613699999999966e+01 -2.638309100000000029e+01
-8.180244899999999575e+01 -7.399577999999999633e+01 -7.487691599999999426e+01
-4.664838000000000306e+01 -4.886803799999999853e+01 -5.535616900000000129e+01
-7.188479000000000063e+00 -7.386955000000000382e+00 -6.657286000000000037e+00
-1.010080899999999993e+01 -8.969640999999999309e+00 -9.104086000000000567e+00
-5.836368199999999717e+01 -5.798545599999999922e+01 -5.139975100000000197e+01
-4.231311999999999784e+01 -4.858641500000000235e+01 -4.667248399999999720e+01
-7.279420399999999347e+01 -7.182376200000000210e+01 -6.167542999999999864e+01
-9.884188299999999572e+01 -8.940582200000000057e+01 -8.996056000000000097e+01
-5.127120599999999939e+01 -4.797350000000000136e+01 -5.283734599999999659e+01
-2.079824500000000143e+01 -2.347308500000000109e+01 -2.318008899999999883e+01
-9.879070999999999714e+00 -1.127568300000000079e+01 -1.148453100000000049e+01
-7.876383999999999830e+00 -8.720145000000000479e+00 -9.122716000000000491e+00
-1.143432999999999922e+01 -1.010080899999999993e+01 -1.029992000000000019e+01
-1.045610699999999937e+01 -1.037796299999999938e+01 -1.225638799999999939e+01
-1.687237599999999915e+01 -1.132601400000000069e+01 -1.419844999999999935e+01
-1.139515899999999959e+01 -1.062710399999999922e+01 -1.219503300000000046e+01
-5.929917999999999978e+01 -5.793585699999999861e+01 -4.991445399999999921e+01
-2.506405099999999919e+01 -1.687237599999999915e+01 -2.051379100000000122e+01
-3.400140600000000290e+01 -3.279219899999999654e+01 -3.849025000000000318e+01
-1.496452200000000055e+01 -1.464841599999999922e+01 -1.324802999999999997e+01
-4.306607000000000340e+01 -3.811467499999999831e+01 -3.948364800000000230e+01
-3.123614699999999900e+01 -3.603616300000000194e+01 -3.671899599999999708e+01
-6.952506999999999771e+00 -6.621012000000000342e+00 -6.386162999999999812e+00
-1.762430399999999864e+01 -2.070757000000000048e+01 -1.787378100000000103e+01
-2.953207000000000093e+01 -3.111893099999999990e+01 -2.735569200000000123e+01
-4.262538899999999842e+01 -4.991445399999999921e+01 -4.249195999999999884e+01
-2.338974100000000078e+01 -2.255116200000000148e+01 -2.613336299999999923e+01
-8.513550999999999647e+00 -8.845534999999999926e+00 -9.679513000000000034e+00
-6.723150000000000404e+00 -7.562702999999999953e+00 -7.363832999999999629e+00
-5.460832899999999768e+01 -5.586737099999999856e+01 -6.039450500000000233e+01
-5.152180100000000351e+01 -4.768869500000000272e+01 -4.668761200000000144e+01
-1.142290799999999962e+01 -1.243186299999999989e+01 -1.099425699999999928e+01
-7.562702999999999953e+00 -6.849542999999999715e+00 -7.678660999999999959e+00
-2.762243799999999894e+01 -2.393246399999999952e+01 -2.382585500000000067e+01
-8.259624999999999773e+00 -8.096595999999999904e+00 -7.373315999999999981e+00
-9.951805199999999729e+01 -9.884188299999999572e+01 -8.996056000000000097e+01
-7.635845999999999911e+00 -8.024058999999999386e+00 -8.518245000000000289e+00
-8.720145000000000479e+00 -1.001369200000000070e+01 -1.043445700000000009e+01
-5.947319399999999945e+01 -6.542701399999999978e+01 -6.565976200000000063e+01
-6.311553899999999828e+01 -6.871133500000000538e+01 -6.409589599999999621e+01
-5.881371500000000196e+01 -5.132869099999999918e+01 -5.146924899999999781e+01
-2.607512399999999886e+01 -2.921096700000000013e+01 -3.022509799999999913e+01
-5.952812399999999826e+01 -5.571298600000000079e+01 -6.018661399999999873e+01
-6.471083699999999794e+01 -5.952812399999999826e+01 -6.018661399999999873e+01
-3.603616300000000194e+01 -3.026508799999999866e+01 -3.476755299999999949e+01
-1.541068600000000011e+01 -1.792103499999999983e+01 -1.745702100000000101e+01
-4.239999399999999952e+01 -5.001884400000000142e+01 -4.234116300000000166e+01
-6.542701399999999978e+01 -7.092417899999999520e+01 -7.296029199999999548e+01
-4.858247899999999930e+01 -4.452110799999999813e+01 -5.138306999999999647e+01
-9.128825000000000855e+00 -1.037900800000000068e+01 -1.000055700000000058e+01
-6.907423999999999786e+00 -6.894566000000000194e+00 -6.847349000000000352e+00
-2.436456599999999995e+01 -2.656293399999999849e+01 -2.328037799999999891e+01
-9.289340599999999881e+01 -7.857358100000000434e+01 -7.935653299999999888e+01
-7.993564000000000647e+01 -8.135171599999999614e+01 -6.929825800000000413e+01
-6.902048000000000627e+01 -6.342353200000000157e+01 -6.471083699999999794e+01
-2.855941100000000077e+01 -2.378385499999999908e+01 -3.189238399999999984e+01
-8.168889900000000637e+01 -7.305123500000000547e+01 -7.530756700000000592e+01
-1.193421299999999974e+01 -1.318570000000000064e+01 -1.389017100000000049e+01
-2.226773800000000136e+01 -2.118214299999999994e+01 -2.457330100000000073e+01
-2.051831100000000063e+01 -2.148547699999999949e+01 -2.328037799999999891e+01
-8.821397199999999827e+01 -1.003177280000000025e+02 -9.318962600000000407e+01
-6.021157699999999835e+01 -5.001884400000000142e+01 -5.002454699999999832e+01
-5.843751999999999924e+01 -5.898557999999999879e+01 -6.443729999999999336e+01
-5.711550900000000297e+01 -6.528288000000000579e+01 -5.424749500000000069e+01
-2.193111599999999939e+01 -2.080613699999999966e+01 -1.693049699999999902e+01
-7.854056599999999833e+01 -7.296029199999999548e+01 -8.137615999999999872e+01
-5.688613300000000095e+01 -6.698584499999999764e+01 -5.912646000000000157e+01
-1.012593250000000040e+02 -1.018323979999999978e+02 -8.478616800000000353e+01
-3.457182999999999851e+01 -4.034328099999999750e+01 -3.533659099999999853e+01
-1.585291800000000073e+01 -1.725616799999999884e+01 -1.537687400000000082e+01
-7.412886000000000308e+00 -8.064745999999999526e+00 -7.190682999999999936e+00
-4.716354599999999664e+01 -5.711550900000000297e+01 -5.424749500000000069e+01
-2.343872100000000103e+01 -2.234734200000000115e+01 -2.607512399999999886e+01
-7.328437000000000090e+00 -7.876383999999999830e+00 -8.735153999999999641e+00
-8.396977499999999850e+01 -8.125964600000000360e+01 -7.678459900000000005e+01
-7.965489599999999371e+01 -8.141158799999999474e+01 -7.188056400000000679e+01
-3.377953500000000275e+01 -3.477059299999999809e+01 -3.022509799999999913e+01
-3.716088400000000291e+01 -4.218347399999999681e+01 -4.180562599999999662e+01
-2.486273600000000172e+01 -2.197064299999999903e+01 -2.499383900000000125e+01
-8.603258999999999901e+01 -7.608330700000000490e+01 -7.667931699999999751e+01
-8.904771700000000578e+01 -7.395433699999999533e+01 -7.517695700000000159e+01
-4.797350000000000136e+01 -4.306607000000000340e+01 -4.449630499999999955e+01
-1.147718200000000088e+01 -1.215465599999999924e+01 -1.011312799999999967e+01
-4.370468300000000283e+01 -3.998428100000000285e+01 -4.586818999999999846e+01
-7.920555000000000234e+00 -7.188479000000000063e+00 -7.492930000000000312e+00
-7.595797000000000132e+00 -8.259624999999999773e+00 -7.373315999999999981e+00
-3.144329199999999958e+01 -3.608885899999999936e+01 -3.180184699999999864e+01
-4.008520399999999739e+01 -3.367689399999999722e+01 -3.610110199999999736e+01
-4.562644800000000345e+01 -5.402662500000000279e+01 -4.778716200000000214e+01
-1.010787399999999963e+02 -9.986278099999999824e+01 -8.952337900000000559e+01
-2.814953399999999917e+01 -2.486273600000000172e+01 -2.499383900000000125e+01
-6.799989300000000014e+01 -6.757706500000000460e+01 -5.902927100000000138e+01
-6.353408999999999907e+01 -7.279420399999999347e+01 -6.167542999999999864e+01
-6.129990500000000253e+01 -6.611687600000000486e+01 -6.258149300000000181e+01
-7.416959099999999694e+01 -6.572642799999999852e+01 -6.578517100000000539e+01
-5.836368199999999717e+01 -5.139975100000000197e+01 -5.171533699999999811e+01
-7.753434999999999633e+00 -7.635845999999999911e+00 -8.518245000000000289e+00
-7.877169999999999561e+00 -8.385500999999999650e+00 -7.492930000000000312e+00
-2.168465000000000131e+01 -1.887979500000000144e+01 -1.796663799999999966e+01
-3.073545199999999866e+01 -2.671921599999999941e+01 -2.731901900000000083e+01
-1.323606099999999941e+01 -1.541068600000000011e+01 -1.329881899999999995e+01
-2.552346199999999854e+01 -2.821295800000000042e+01 -2.454712999999999923e+01
-9.905633799999999667e+01 -8.835659599999999614e+01 -8.576569299999999885e+01
-7.057674699999999746e+01 -6.377918199999999871e+01 -6.549102200000000096e+01
-1.004957300000000053e+01 -9.767120999999999498e+00 -8.861143999999999465e+00
-4.096609800000000234e+01 -4.557375799999999799e+01 -4.693824999999999648e+01
-6.377918199999999871e+01 -6.990130700000000274e+01 -6.471083699999999794e+01
-9.932097000000000619e+00 -1.095266999999999946e+01 -9.178226999999999691e+00
-1.517431900000000056e+01 -1.401458399999999926e+01 -1.314567899999999945e+01
-8.280504600000000437e+01 -8.374004499999999496e+01 -7.238162800000000630e+01
-7.363832999999999629e+00 -8.477029999999999177e+00 -8.024058999999999386e+00
-1.745702100000000101e+01 -2.052439199999999886e+01 -1.999124399999999824e+01
-2.838501000000000118e+01 -2.953207000000000093e+01 -2.605681099999999972e+01
-3.641569199999999995e+01 -3.832840900000000062e+01 -4.190678400000000181e+01
-2.318008899999999883e+01 -2.614406999999999925e+01 -2.307346000000000075e+01
-3.127960699999999861e+01 -3.244148299999999807e+01 -3.588238299999999725e+01
-2.517120200000000096e+01 -2.893120800000000159e+01 -2.785633100000000084e+01
-5.917079000000000200e+00 -5.341006000000000142e+00 -6.850147999999999904e+00
-2.613336299999999923e+01 -2.532418900000000050e+01 -2.954159399999999991e+01
-6.051052099999999712e+01 -7.297366300000000194e+01 -6.615595999999999322e+01
-4.948450700000000069e+01 -5.809340600000000165e+01 -4.867388299999999646e+01
-3.476755299999999949e+01 -3.026508799999999866e+01 -2.879760900000000134e+01
-3.998428100000000285e+01 -3.487364800000000287e+01 -3.641569199999999995e+01
-8.684718999999999411e+00 -8.499857999999999691e+00 -9.879070999999999714e+00
-8.997719000000000023e+00 -1.032964800000000061e+01 -9.521421000000000134e+00
-1.795426199999999994e+01 -1.702861599999999953e+01 -1.941076899999999839e+01
-1.995791399999999882e+01 -1.735345099999999974e+01 -1.700172900000000098e+01
-5.847184999999999633e+00 -5.787957999999999714e+00 -6.911997999999999642e+00
-2.812843000000000160e+01 -2.414670900000000131e+01 -2.901046799999999948e+01
-2.740764599999999973e+01 -2.435989800000000116e+01 -2.762172999999999945e+01
-8.620186999999999600e+00 -9.781551000000000329e+00 -9.796395999999999660e+00
-1.717044500000000085e+01 -1.817373500000000064e+01 -1.559713400000000050e+01
-1.784350799999999992e+01 -1.588126899999999964e+01 -1.679924899999999965e+01
-1.782457600000000042e+01 -1.646523099999999928e+01 -2.012464900000000156e+01
-1.652367599999999825e+01 -1.942989999999999995e+01 -1.700172900000000098e+01
-1.659564400000000006e+01 -1.663921200000000056e+01 -1.351884500000000067e+01
-1.442587600000000059e+01 -1.627356699999999989e+01 -1.614473699999999923e+01
-2.209281000000000006e+01 -1.941076899999999839e+01 -2.119657000000000124e+01
-7.238162800000000630e+01 -7.315663600000000599e+01 -6.290060100000000176e+01
-1.090526999999999980e+01 -8.709884999999999877e+00 -1.058311199999999985e+01
-2.050873800000000102e+01 -1.818327000000000027e+01 -1.819003400000000070e+01
-2.988005400000000122e+01 -3.425900899999999893e+01 -3.457182999999999851e+01
-2.012388899999999836e+01 -2.023441800000000157e+01 -1.691026700000000105e+01
-1.400722700000000032e+01 -1.332000400000000084e+01 -1.579646100000000075e+01
-3.849025000000000318e+01 -3.279219899999999654e+01 -3.671105500000000177e+01
-3.144329199999999958e+01 -3.180184699999999864e+01 -2.811605899999999991e+01
-1.442428699999999964e+01 -1.410943400000000025e+01 -1.286099399999999982e+01
-7.466483800000000315e+01 -8.425551400000000513e+01 -7.208787499999999682e+01
-7.873056900000000269e+01 -6.991602199999999812e+01 -7.832091800000000603e+01
-9.033162099999999839e+01 -8.904771700000000578e+01 -7.517695700000000159e+01
-1.269478200000000001e+01 -1.123692899999999995e+01 -1.084057999999999922e+01
-2.093814300000000017e+01 -2.149439399999999978e+01 -2.361174199999999956e+01
-1.286099399999999982e+01 -1.254650900000000036e+01 -1.139456299999999978e+01
-8.752860999999999336e+00 -9.064603999999999218e+00 -9.938256000000000867e+00
-1.026614200000000032e+01 -9.404757999999999285e+00 -8.908048000000000854e+00
-1.257539200000000079e+01 -1.179185000000000016e+01 -1.405633399999999966e+01
-1.376150400000000040e+01 -1.219621800000000000e+01 -1.254650900000000036e+01
-1.269478200000000001e+01 -1.084057999999999922e+01 -1.197975300000000054e+01
-7.296029199999999548e+01 -7.912637800000000254e+01 -8.137615999999999872e+01
-8.940582200000000057e+01 -9.789938399999999774e+01 -8.804641599999999357e+01
-4.848227700000000340e+01 -4.940109300000000303e+01 -5.367222499999999741e+01
-1.725616799999999884e+01 -1.774835799999999963e+01 -1.932353700000000174e+01
-9.733378199999999936e+01 -8.825712699999999700e+01 -8.804641599999999357e+01
-1.437862999999999936e+01 -1.552033499999999933e+01 -1.276446699999999979e+01
-1.610688199999999881e+01 -1.616446099999999930e+01 -1.423811000000000071e+01
-9.153791000000000011e+00 -9.751105000000000800e+00 -8.518245000000000289e+00
-7.297366300000000194e+01 -8.761203399999999419e+01 -7.700548499999999308e+01
-1.353660799999999931e+01 -1.397371099999999977e+01 -1.515207799999999949e+01
-3.367689399999999722e+01 -3.085248899999999850e+01 -2.788821499999999887e+01
-8.463552900000000534e+01 -8.575851699999999767e+01 -6.990545099999999934e+01
-1.239427200000000084e+01 -1.047554099999999977e+01 -1.043445700000000009e+01
-2.300195099999999826e+01 -2.096082300000000131e+01 -2.477433699999999916e+01
-7.194963000000000442e+00 -7.392237999999999865e+00 -8.291173000000000570e+00
-5.892700800000000072e+01 -6.702393700000000365e+01 -5.711550900000000297e+01
-2.149154000000000053e+01 -1.899778299999999831e+01 -1.969935800000000015e+01
-3.915622400000000169e+01 -3.544153399999999721e+01 -4.040141200000000055e+01
-2.454712999999999923e+01 -2.149154000000000053e+01 -2.233905599999999936e+01
-7.516466000000000314e+00 -7.344325999999999688e+00 -8.499857999999999691e+00
-9.498832899999999313e+01 -1.038344309999999950e+02 -9.387795599999999752e+01
-3.321528699999999645e+01 -3.716088400000000291e+01 -3.231082700000000330e+01
-5.127120599999999939e+01 -5.283734599999999659e+01 -5.571298600000000079e+01
-5.892700800000000072e+01 -5.711550900000000297e+01 -5.147808299999999804e+01
-3.466910000000000025e+01 -3.068021900000000102e+01 -3.760561700000000229e+01
-1.353660799999999931e+01 -1.475506200000000057e+01 -1.317623999999999995e+01
-2.280322100000000063e+01 -2.074322300000000041e+01 -2.362809700000000035e+01
-9.098519100000000037e+01 -1.004486349999999959e+02 -9.007995599999999570e+01
-1.256638099999999980e+01 -1.261936799999999970e+01 -1.423811000000000071e+01
-2.378385499999999908e+01 -1.774980300000000000e+01 -1.896157699999999835e+01
-7.370993000000000350e+00 -8.288273000000000224e+00 -7.838582999999999856e+00
-1.080996000000000024e+01 -9.859261000000000053e+00 -9.404757999999999285e+00
-5.305548799999999687e+01 -5.970582499999999726e+01 -5.568875299999999839e+01
-6.437789100000000531e+01 -6.720969399999999894e+01 -6.947286400000000128e+01
-8.735850399999999638e+01 -8.603258999999999901e+01 -7.667931699999999751e+01
-1.224703099999999978e+01 -1.157481699999999947e+01 -1.072164899999999932e+01
-5.843751999999999924e+01 -5.240859400000000079e+01 -5.898557999999999879e+01
-8.670781399999999906e+01 -9.498832899999999313e+01 -8.553242600000000095e+01
-1.231440899999999949e+01 -1.344533299999999976e+01 -1.150263799999999925e+01
-3.476755299999999949e+01 -3.286357999999999890e+01 -3.938918400000000020e+01
-5.388735599999999692e+01 -5.618325600000000009e+01 -5.033269299999999902e+01
-6.987869200000000092e+01 -6.248621800000000093e+01 -7.034037800000000118e+01
-4.783294899999999927e+01 -4.230269499999999994e+01 -4.776323899999999867e+01
-3.639694800000000185e+01 -4.038768799999999715e+01 -4.742336300000000193e+01
-9.987304999999999211e+00 -8.477029999999999177e+00 -9.527746000000000492e+00
-8.969640999999999309e+00 -8.044662999999999897e+00 -8.096595999999999904e+00
-6.691200700000000268e+01 -6.763750500000000443e+01 -5.836528899999999709e+01
-3.189238399999999984e+01 -3.912903000000000020e+01 -4.022571200000000147e+01
-1.610978199999999916e+01 -1.757804099999999892e+01 -1.450747800000000076e+01
-7.058302000000000298e+00 -7.700082000000000093e+00 -8.234002000000000265e+00
-8.825712699999999700e+01 -8.808130400000000293e+01 -8.137615999999999872e+01
-1.502589399999999920e+01 -1.634159199999999856e+01 -1.456994199999999928e+01
-1.458996899999999997e+01 -1.344533299999999976e+01 -1.231440899999999949e+01
-1.429720200000000041e+01 -1.457663100000000078e+01 -1.218574399999999969e+01
-7.923459400000000130e+01 -7.781704399999999566e+01 -6.591547900000000482e+01
-7.230482499999999391e+01 -7.713956899999999450e+01 -6.737967100000000187e+01
-2.807777199999999951e+01 -3.300420499999999890e+01 -2.874134099999999847e+01
-9.108516000000000190e+01 -9.170105300000000170e+01 -7.799947600000000136e+01
-7.608330700000000490e+01 -7.510691799999999319e+01 -6.698466600000000426e+01
-3.160457200000000100e+01 -3.178766099999999994e+01 -3.609113700000000335e+01
-1.984777100000000161e+01 -2.039413700000000063e+01 -2.229500499999999974e+01
-4.364074300000000051e+01 -3.639227000000000345e+01 -4.177011600000000158e+01
-5.966308699999999732e+01 -7.057648299999999608e+01 -6.990545099999999934e+01
-4.378038000000000096e+01 -4.758085799999999921e+01 -5.033269299999999902e+01
-1.249308699999999916e+01 -1.100081400000000009e+01 -1.157481699999999947e+01
-2.506659399999999849e+01 -2.605681099999999972e+01 -2.301753700000000080e+01
-2.697830099999999831e+01 -2.612086299999999994e+01 -2.331353199999999859e+01
-1.751301600000000036e+01 -1.821556700000000006e+01 -1.969935800000000015e+01
-1.421472699999999989e+01 -1.218373199999999912e+01 -1.219891699999999979e+01
-6.344702199999999692e+01 -7.015919200000000444e+01 -7.085382199999999386e+01
-3.300420499999999890e+01 -3.375876800000000344e+01 -2.874134099999999847e+01
-8.251844199999999319e+01 -8.088044600000000628e+01 -6.848479100000000130e+01
-8.515164999999999651e+00 -9.331283000000000882e+00 -8.259624999999999773e+00
-1.029992000000000019e+01 -1.010080899999999993e+01 -9.104086000000000567e+00
-2.812843000000000160e+01 -3.302065199999999834e+01 -3.217204999999999870e+01
-4.318137399999999815e+01 -4.848227700000000340e+01 -4.749870700000000312e+01
-3.725797200000000231e+01 -4.008520399999999739e+01 -4.405023599999999817e+01
-5.744401100000000326e+01 -5.306307699999999983e+01 -6.052943299999999738e+01
-4.012004300000000256e+01 -4.431159900000000107e+01 -4.596329599999999971e+01
-4.948450700000000069e+01 -5.915646699999999925e+01 -5.809340600000000165e+01
-5.809340600000000165e+01 -5.701480099999999851e+01 -4.867388299999999646e+01
-7.861499600000000498e+01 -7.057674699999999746e+01 -7.185166800000000364e+01
-1.037796299999999938e+01 -8.735153999999999641e+00 -1.047554099999999977e+01
-3.360212800000000044e+01 -2.929400300000000001e+01 -3.042727400000000060e+01
-3.661747100000000188e+01 -2.855941100000000077e+01 -3.189238399999999984e+01
-4.330526499999999857e+01 -4.829681699999999722e+01 -4.922834699999999941e+01
-9.173556299999999908e+01 -9.033162099999999839e+01 -7.658785000000000309e+01
-1.108715800000000051e+01 -1.004957300000000053e+01 -1.139456299999999978e+01
-7.699137799999999743e+01 -8.798099499999999296e+01 -7.832091800000000603e+01
-7.667931699999999751e+01 -7.608330700000000490e+01 -6.788648100000000341e+01
-9.973284300000000258e+01 -1.009835730000000069e+02 -9.033744599999999991e+01
-7.974194500000000119e+01 -9.280352800000000002e+01 -8.027525099999999725e+01
-8.427882800000000429e+01 -7.484237000000000251e+01 -7.649867899999999565e+01
-2.378385499999999908e+01 -2.733906999999999954e+01 -3.189238399999999984e+01
-8.141158799999999474e+01 -8.932649299999999926e+01 -9.033744599999999991e+01
-5.578810699999999656e+01 -4.138657100000000355e+01 -4.514635499999999979e+01
-7.813380000000000436e+00 -8.515164999999999651e+00 -7.595797000000000132e+00
-6.799989300000000014e+01 -5.902927100000000138e+01 -5.966813400000000200e+01
-9.987304999999999211e+00 -9.153791000000000011e+00 -8.477029999999999177e+00
-1.032241100000000067e+01 -8.812336999999999421e+00 -1.012426199999999987e+01
-5.746373000000000175e+00 -5.581849000000000061e+00 -7.472831000000000223e+00
-3.938918400000000020e+01 -3.695388100000000264e+01 -4.378038000000000096e+01
-5.096696299999999979e+01 -5.912646000000000157e+01 -5.306307699999999983e+01
-1.756304799999999844e+01 -1.735345099999999974e+01 -2.034068800000000010e+01
-1.275033600000000078e+01 -1.143432999999999922e+01 -1.295665799999999912e+01
-9.856158999999999892e+00 -1.113977799999999974e+01 -1.108603800000000028e+01
-4.213266699999999787e+01 -4.596329599999999971e+01 -4.863038499999999686e+01
-1.457995700000000028e+01 -1.225638799999999939e+01 -1.237217700000000065e+01
-7.813380000000000436e+00 -7.022191000000000294e+00 -7.190682999999999936e+00
-2.313067500000000010e+01 -2.635798000000000130e+01 -3.274298600000000192e+01
-9.007995599999999570e+01 -8.996056000000000097e+01 -8.249248400000000458e+01
-6.416854100000000471e+01 -6.039450500000000233e+01 -6.632046300000000372e+01
-7.552871999999999808e+00 -7.649287000000000170e+00 -8.738018999999999536e+00
-3.244148299999999807e+01 -2.821295800000000042e+01 -2.929400300000000001e+01
-7.274009100000000672e+01 -6.262746800000000036e+01 -6.708209100000000547e+01
-2.571882300000000043e+01 -2.632138300000000086e+01 -2.303093300000000099e+01
-3.980928200000000317e+01 -4.490297900000000197e+01 -4.716354599999999664e+01
-3.498852899999999977e+01 -3.557799099999999726e+01 -4.011220000000000141e+01
-4.306607000000000340e+01 -4.170366800000000040e+01 -3.811467499999999831e+01
-8.709884999999999877e+00 -1.090526999999999980e+01 -9.272911999999999821e+00
-1.219621800000000000e+01 -1.074910599999999938e+01 -1.108715800000000051e+01
-2.418681399999999826e+01 -2.049949000000000154e+01 -2.341800200000000132e+01
-4.863038499999999686e+01 -4.596329599999999971e+01 -5.306307699999999983e+01
-3.487364800000000287e+01 -3.042727400000000060e+01 -3.174645399999999995e+01
-1.691749199999999931e+01 -1.580928499999999914e+01 -1.922971599999999981e+01
-2.733906999999999954e+01 -3.111025199999999913e+01 -3.912903000000000020e+01
-1.579646100000000075e+01 -1.332000400000000084e+01 -1.496046600000000026e+01
-1.133009000000000022e+01 -1.026614200000000032e+01 -9.751105000000000800e+00
-7.787204000000000015e+00 -7.618145000000000167e+00 -7.084150000000000169e+00
-5.798545599999999922e+01 -6.573412399999999423e+01 -5.870857800000000282e+01
-7.657836999999999783e+00 -7.064402000000000292e+00 -7.862378999999999785e+00
-9.153791000000000011e+00 -1.067939600000000056e+01 -9.751105000000000800e+00
-9.404757999999999285e+00 -9.859261000000000053e+00 -8.682458999999999705e+00
-5.238781000000000354e+00 -4.637877999999999723e+00 -5.917079000000000200e+00
-1.684158700000000053e+01 -1.733849100000000121e+01 -1.955761400000000094e+01
-4.177011600000000158e+01 -4.667441699999999827e+01 -5.072932000000000130e+01
-1.485430900000000065e+01 -1.732847399999999993e+01 -1.535846699999999920e+01
-8.602267299999999750e+01 -8.473531599999999742e+01 -7.562349100000000135e+01
-5.367222499999999741e+01 -5.840854499999999661e+01 -5.297778000000000276e+01
-1.797787999999999897e+01 -2.017114300000000071e+01 -2.615054500000000104e+01
-9.884188299999999572e+01 -9.789938399999999774e+01 -8.940582200000000057e+01
-3.558550400000000025e+01 -3.598575000000000301e+01 -4.130477400000000188e+01
-9.380627999999999744e+00 -8.242072000000000287e+00 -8.715013000000000787e+00
-7.182376200000000210e+01 -7.086385699999999588e+01 -5.964188500000000204e+01
-7.297366300000000194e+01 -8.468560800000000199e+01 -8.761203399999999419e+01
-4.310742599999999669e+01 -3.785518299999999670e+01 -4.204408399999999801e+01
-1.411212300000000042e+01 -1.488726899999999986e+01 -1.588126899999999964e+01
-2.922516200000000097e+01 -2.775798599999999894e+01 -2.568105800000000016e+01
-7.017879999999999896e+00 -5.799923999999999857e+00 -6.549170000000000158e+00
-2.249314100000000138e+01 -2.571882300000000043e+01 -2.303093300000000099e+01
-4.241214099999999831e+01 -4.230269499999999994e+01 -4.783294899999999927e+01
-8.798099499999999296e+01 -8.908757699999999602e+01 -7.832091800000000603e+01
-1.491164099999999948e+01 -1.702861599999999953e+01 -1.584038199999999996e+01
-1.594921199999999928e+01 -1.876509499999999875e+01 -1.652367599999999825e+01
-1.108603800000000028e+01 -1.256638099999999980e+01 -1.261113399999999984e+01
-4.262538899999999842e+01 -4.233896599999999921e+01 -5.023350899999999797e+01
-8.177747000000000099e+00 -7.738309000000000104e+00 -8.732729000000000852e+00
-7.986585999999999963e+00 -7.789894999999999570e+00 -8.855762999999999607e+00
-7.086385699999999588e+01 -7.028137099999999293e+01 -5.929917999999999978e+01
-8.256467000000000667e+00 -8.044126000000000332e+00 -9.753033999999999537e+00
-1.735345099999999974e+01 -1.473230500000000021e+01 -1.457663100000000078e+01
-2.293605700000000169e+01 -2.093814300000000017e+01 -2.361174199999999956e+01
-1.147718200000000088e+01 -1.362744999999999962e+01 -1.215465599999999924e+01
-1.584038199999999996e+01 -1.795426199999999994e+01 -1.679924899999999965e+01
-6.453496000000000343e+00 -5.746373000000000175e+00 -8.699192000000000036e+00
-9.628622900000000584e+01 -9.498832899999999313e+01 -8.670781399999999906e+01
-2.266304500000000033e+01 -2.007809400000000011e+01 -2.136661099999999891e+01
-1.006004000000000076e+01 -1.142290799999999962e+01 -1.099425699999999928e+01
-6.778479799999999500e+01 -6.929825800000000413e+01 -5.855725199999999830e+01
-8.125964600000000360e+01 -9.098519100000000037e+01 -9.007995599999999570e+01
-1.489802000000000071e+01 -1.516878999999999955e+01 -1.286643300000000067e+01
-1.133250999999999920e+01 -1.351884500000000067e+01 -1.393775699999999951e+01
-3.544153399999999721e+01 -3.204235700000000264e+01 -3.675049099999999669e+01
-9.703963600000000156e+01 -9.541411999999999694e+01 -8.603258999999999901e+01
-1.543129799999999996e+01 -1.732722800000000163e+01 -1.814953900000000075e+01
-7.122233900000000517e+01 -7.541181000000000267e+01 -7.672307499999999436e+01
-3.760561700000000229e+01 -4.212779799999999852e+01 -4.562644800000000345e+01
-6.577626999999999668e+01 -7.185166800000000364e+01 -6.549102200000000096e+01
-3.603616300000000194e+01 -4.107387700000000308e+01 -4.198065600000000330e+01
-2.748075800000000157e+01 -2.694806499999999971e+01 -3.157688900000000132e+01
-7.274009100000000672e+01 -7.053551500000000374e+01 -6.262746800000000036e+01
-5.870589400000000069e+01 -6.197702499999999759e+01 -5.663097100000000239e+01
-3.640004799999999818e+01 -3.716088400000000291e+01 -4.180562599999999662e+01
-2.785633100000000084e+01 -2.689563499999999863e+01 -2.434559199999999990e+01
-1.187698699999999974e+01 -1.001908899999999925e+01 -1.150263799999999925e+01
-3.233070099999999769e+01 -3.157688900000000132e+01 -3.749986899999999679e+01
-7.395433699999999533e+01 -6.212372799999999984e+01 -7.517695700000000159e+01
-2.197064299999999903e+01 -1.928038300000000049e+01 -2.210759099999999933e+01
-1.405633399999999966e+01 -1.691749199999999931e+01 -1.496046600000000026e+01
-9.385011299999999324e+01 -9.245081199999999910e+01 -8.370407199999999648e+01
-6.542701399999999978e+01 -6.436702499999999816e+01 -7.092417899999999520e+01
-3.009245400000000004e+01 -3.461732099999999690e+01 -3.331311800000000289e+01
-7.344325999999999688e+00 -7.126514000000000237e+00 -8.232001000000000346e+00
-1.001369200000000070e+01 -8.234002000000000265e+00 -9.029598999999999265e+00
-1.027296800000000019e+02 -9.252003399999999544e+01 -9.387795599999999752e+01
-1.231440899999999949e+01 -1.032241100000000067e+01 -1.194551700000000061e+01
-5.700407200000000074e+01 -5.148153500000000093e+01 -5.783205399999999941e+01
-4.586818999999999846e+01 -3.998428100000000285e+01 -4.190678400000000181e+01
-2.991829999999999856e+01 -2.051379100000000122e+01 -2.495828799999999958e+01
-4.605490100000000098e+01 -5.353293200000000240e+01 -5.423368700000000331e+01
-5.948303899999999800e+01 -5.072932000000000130e+01 -5.424749500000000069e+01
-3.586232700000000051e+01 -4.096609800000000234e+01 -3.689016300000000115e+01
-8.273661699999999541e+01 -7.378269199999999728e+01 -7.416959099999999694e+01
-1.048439070000000015e+02 -9.498832899999999313e+01 -9.628622900000000584e+01
-5.598169000000000395e+00 -5.581849000000000061e+00 -5.746373000000000175e+00
-1.426950000000000074e+01 -1.314567899999999945e+01 -1.233333099999999938e+01
-1.886231799999999836e+01 -2.097003700000000137e+01 -2.294989899999999849e+01
-6.947286400000000128e+01 -7.541181000000000267e+01 -7.122233900000000517e+01
-1.496046600000000026e+01 -1.691749199999999931e+01 -1.796663799999999966e+01
-6.894315600000000188e+01 -6.341264699999999976e+01 -6.779360300000000450e+01
-2.741325799999999902e+01 -2.697830099999999831e+01 -2.381230199999999897e+01
-8.342724999999999724e+00 -9.128825000000000855e+00 -8.064745999999999526e+00
-7.779087800000000641e+01 -7.799947600000000136e+01 -6.702393700000000365e+01
-2.329015000000000057e+01 -2.419818100000000172e+01 -2.119657000000000124e+01
-9.466132100000000094e+01 -9.562301700000000437e+01 -8.280504600000000437e+01
-2.419818100000000172e+01 -2.209281000000000006e+01 -2.119657000000000124e+01
-8.251844199999999319e+01 -6.848479100000000130e+01 -6.985980600000000607e+01
-3.695388100000000264e+01 -3.397574999999999790e+01 -4.075705399999999656e+01
-1.219621800000000000e+01 -1.179861700000000013e+01 -1.074910599999999938e+01
-8.259624999999999773e+00 -9.331283000000000882e+00 -9.104086000000000567e+00
-7.386955000000000382e+00 -8.274770000000000181e+00 -7.738309000000000104e+00
-1.063221799999999995e+01 -1.203400599999999976e+01 -1.169780199999999937e+01
-4.718426399999999887e+01 -4.787233100000000263e+01 -5.595519600000000082e+01
-3.792985999999999791e+01 -3.877287400000000162e+01 -3.377953500000000275e+01
-6.871133500000000538e+01 -7.699137799999999743e+01 -7.065690299999999979e+01
-7.057674699999999746e+01 -6.990130700000000274e+01 -6.377918199999999871e+01
-2.226773800000000136e+01 -2.566185499999999919e+01 -2.329015000000000057e+01
-9.045966099999999699e+01 -9.204437599999999975e+01 -7.993564000000000647e+01
-1.648534700000000086e+01 -1.661753500000000017e+01 -1.911987500000000040e+01
-3.339380700000000246e+01 -2.922516200000000097e+01 -3.111893099999999990e+01
-7.419962999999999909e+01 -7.141173200000000065e+01 -6.021157699999999835e+01
-3.749986899999999679e+01 -3.639227000000000345e+01 -4.364074300000000051e+01
-1.256638099999999980e+01 -1.423811000000000071e+01 -1.428901399999999988e+01
-3.397574999999999790e+01 -3.045093800000000073e+01 -2.782760000000000034e+01
-8.553242600000000095e+01 -9.387795599999999752e+01 -8.427882800000000429e+01
-5.072932000000000130e+01 -4.667441699999999827e+01 -5.424749500000000069e+01
-1.400722700000000032e+01 -1.194449099999999930e+01 -1.332000400000000084e+01
-1.756753300000000095e+01 -1.795126199999999983e+01 -1.962086599999999947e+01
-3.900094599999999900e+01 -4.605490100000000098e+01 -3.983508499999999941e+01
-6.453496000000000343e+00 -7.540829999999999700e+00 -5.339809999999999945e+00
-7.194963000000000442e+00 -8.291173000000000570e+00 -7.992084000000000188e+00
-7.005442000000000391e+00 -7.492930000000000312e+00 -6.763080999999999676e+00
-5.508010600000000068e+01 -4.806584500000000304e+01 -5.403448000000000206e+01
-8.108424300000000073e+01 -7.912637800000000254e+01 -7.465596800000000144e+01
-9.099348000000000880e+00 -8.251483999999999597e+00 -9.362237999999999616e+00
-2.226773800000000136e+01 -2.457330100000000073e+01 -2.566185499999999919e+01
-3.841372599999999693e+01 -4.370468300000000283e+01 -4.211798799999999687e+01
-8.168889900000000637e+01 -8.396977499999999850e+01 -7.678459900000000005e+01
-3.424521000000000015e+01 -3.476552800000000332e+01 -3.943486500000000206e+01
-9.796395999999999660e+00 -9.781551000000000329e+00 -1.111950900000000075e+01
-4.011220000000000141e+01 -3.557799099999999726e+01 -4.056305700000000058e+01
-1.237217700000000065e+01 -1.047554099999999977e+01 -1.239427200000000084e+01
-8.969640999999999309e+00 -8.096595999999999904e+00 -9.104086000000000567e+00
-5.403448000000000206e+01 -4.806584500000000304e+01 -4.693824999999999648e+01
-1.173874600000000079e+01 -1.349314999999999998e+01 -1.393250199999999950e+01
-9.689686500000000535e+01 -1.058608839999999987e+02 -9.628622900000000584e+01
-8.953720099999999604e+01 -9.148655499999999563e+01 -8.005505800000000249e+01
-1.450231400000000015e+01 -1.346238100000000060e+01 -1.513165900000000086e+01
-6.437789100000000531e+01 -6.947286400000000128e+01 -6.611687600000000486e+01
-2.012464900000000156e+01 -2.478527899999999917e+01 -2.187310199999999938e+01
-9.723259299999999428e+01 -9.973284300000000258e+01 -8.932649299999999926e+01
-4.797350000000000136e+01 -4.660569399999999973e+01 -4.306607000000000340e+01
-7.132150199999999529e+01 -7.502975200000000200e+01 -6.145407699999999807e+01
-3.339380700000000246e+01 -3.832840900000000062e+01 -3.641569199999999995e+01
-1.450231400000000015e+01 -1.624361999999999995e+01 -1.564384300000000039e+01
-4.431159900000000107e+01 -4.938006500000000187e+01 -5.096696299999999979e+01
-8.491144999999999499e+00 -7.859547000000000061e+00 -8.901064999999999117e+00
-6.201058100000000195e+01 -6.290060100000000176e+01 -5.353293200000000240e+01
-4.516073399999999793e+01 -4.863038499999999686e+01 -5.171533699999999811e+01
-1.003177280000000025e+02 -1.051827789999999965e+02 -9.318962600000000407e+01
-6.572642799999999852e+01 -5.798545599999999922e+01 -5.836368199999999717e+01
-1.095266999999999946e+01 -9.653185999999999822e+00 -9.178226999999999691e+00
-1.051827789999999965e+02 -9.723259299999999428e+01 -9.318962600000000407e+01
-1.390068600000000032e+01 -1.400065799999999960e+01 -1.073724499999999971e+01
-1.624361999999999995e+01 -1.513165900000000086e+01 -1.696574000000000026e+01
-6.615595999999999322e+01 -7.297366300000000194e+01 -7.700548499999999308e+01
-9.731900400000000673e+01 -8.088044600000000628e+01 -8.251844199999999319e+01
-9.227306999999999704e+00 -9.659274999999999167e+00 -1.050044800000000045e+01
-9.693217999999999890e+00 -9.932097000000000619e+00 -8.639338000000000406e+00
-3.760561700000000229e+01 -3.335039700000000096e+01 -4.212779799999999852e+01
-8.845534999999999926e+00 -1.006004000000000076e+01 -9.679513000000000034e+00
-2.362809700000000035e+01 -2.149154000000000053e+01 -2.454712999999999923e+01
-4.787233100000000263e+01 -4.130477400000000188e+01 -4.867388299999999646e+01
-3.364959600000000250e+01 -3.111893099999999990e+01 -2.953207000000000093e+01
-1.137516199999999955e+01 -1.290856699999999968e+01 -1.245303299999999957e+01
-7.305123500000000547e+01 -6.841319300000000680e+01 -7.530756700000000592e+01
-1.006439730000000026e+02 -1.010787399999999963e+02 -8.989852399999999477e+01
-8.374004499999999496e+01 -9.653210199999999475e+01 -8.425621399999999994e+01
-9.716697800000000029e+01 -9.372581700000000637e+01 -8.425551400000000513e+01
-7.667900999999999634e+00 -7.629544000000000104e+00 -8.812336999999999421e+00
-9.318962600000000407e+01 -9.723259299999999428e+01 -8.633114199999999983e+01
-5.002454699999999832e+01 -4.664838000000000306e+01 -5.535616900000000129e+01
-1.245303299999999957e+01 -1.363347000000000087e+01 -1.203231099999999998e+01
-8.646292599999999595e+01 -7.141173200000000065e+01 -7.419962999999999909e+01
-2.768752999999999886e+01 -2.811605899999999991e+01 -2.502780500000000075e+01
-7.965489599999999371e+01 -7.188056400000000679e+01 -7.165788600000000486e+01
-1.609972899999999996e+01 -1.517431900000000056e+01 -1.753428999999999860e+01
-8.088044600000000628e+01 -9.534926799999999503e+01 -7.923459400000000130e+01
-4.561235099999999676e+01 -4.011220000000000141e+01 -4.056305700000000058e+01
-2.652678799999999981e+01 -2.315301300000000140e+01 -2.623703799999999831e+01
-6.698466600000000426e+01 -6.578517100000000539e+01 -5.744401100000000326e+01
-6.193631400000000298e+01 -5.700407200000000074e+01 -6.378029999999999688e+01
-8.478616800000000353e+01 -8.463552900000000534e+01 -7.057648299999999608e+01
-4.684219600000000128e+01 -4.042798899999999662e+01 -4.718426399999999887e+01
-7.900366000000000000e+00 -8.242874000000000478e+00 -9.064603999999999218e+00
-1.032700400000000052e+01 -9.099348000000000880e+00 -9.362237999999999616e+00
-8.487388900000000547e+01 -9.385011299999999324e+01 -8.370407199999999648e+01
-2.423302400000000034e+01 -2.101233399999999918e+01 -2.338974100000000078e+01
-8.996056000000000097e+01 -8.201306800000000408e+01 -8.249248400000000458e+01
-5.965639000000000358e+00 -5.906412000000000440e+00 -7.344325999999999688e+00
-2.571882300000000043e+01 -2.936171999999999827e+01 -2.632138300000000086e+01
-9.029598999999999265e+00 -1.007630600000000065e+01 -1.053710099999999983e+01
-3.642363699999999938e+01 -3.178766099999999994e+01 -3.217204999999999870e+01
-8.198128999999999778e+00 -1.066207999999999956e+01 -7.472831000000000223e+00
-5.755964500000000328e+01 -5.297084699999999913e+01 -5.210561200000000071e+01
-2.346070699999999931e+01 -2.034068800000000010e+01 -2.303093300000000099e+01
-1.552033499999999933e+01 -1.886231799999999836e+01 -1.689611400000000074e+01
-3.037982900000000086e+01 -3.113648600000000144e+01 -2.697071800000000152e+01
-3.136839700000000164e+01 -2.762172999999999945e+01 -2.783401599999999831e+01
-5.068707799999999963e+01 -5.590849999999999653e+01 -5.807863499999999846e+01
-4.637877999999999723e+00 -5.341006000000000142e+00 -5.917079000000000200e+00
-3.461732099999999690e+01 -3.588238299999999725e+01 -3.948364800000000230e+01
-6.952506999999999771e+00 -7.738309000000000104e+00 -7.284652000000000349e+00
-8.720145000000000479e+00 -7.427272999999999570e+00 -8.234002000000000265e+00
-7.208787499999999682e+01 -6.956935699999999656e+01 -6.219955999999999818e+01
-4.715421899999999766e+01 -4.684219600000000128e+01 -5.473556899999999814e+01
-4.370468300000000283e+01 -4.950110099999999846e+01 -4.742488399999999871e+01
-1.045610699999999937e+01 -9.003201999999999927e+00 -1.037796299999999938e+01
-1.735764400000000052e+01 -1.552033499999999933e+01 -1.437862999999999936e+01
-5.268418400000000190e+01 -6.077939500000000095e+01 -5.588063900000000217e+01
-2.233905599999999936e+01 -2.051831100000000063e+01 -2.328037799999999891e+01
-1.127562900000000035e+01 -1.278945900000000080e+01 -1.311105700000000063e+01
-2.652678799999999981e+01 -3.023903699999999972e+01 -3.083522100000000066e+01
-5.526521199999999823e+01 -6.032354000000000127e+01 -6.039016699999999815e+01
-2.901046799999999948e+01 -2.414670900000000131e+01 -2.492518099999999848e+01
-4.042798899999999662e+01 -4.075001600000000224e+01 -4.718426399999999887e+01
-6.577601999999999727e+00 -7.363832999999999629e+00 -7.094895000000000174e+00
-6.342353200000000157e+01 -6.311553899999999828e+01 -5.874313899999999933e+01
-9.642998000000000403e+00 -8.807297000000000153e+00 -1.000055700000000058e+01
-8.740370799999999463e+01 -7.466483800000000315e+01 -7.733320500000000663e+01
-4.022691199999999867e+01 -4.634652299999999769e+01 -4.539164300000000196e+01
-1.080996000000000024e+01 -1.135003900000000066e+01 -9.859261000000000053e+00
-3.424631800000000226e+01 -3.915622400000000169e+01 -3.802441900000000174e+01
-3.024870400000000004e+01 -2.748773900000000125e+01 -2.662203699999999884e+01
-9.956759999999999167e+00 -8.847543999999999187e+00 -8.969640999999999309e+00
-2.984626300000000043e+01 -2.988005400000000122e+01 -2.614406999999999925e+01
-5.423239699999999885e+01 -5.487665599999999699e+01 -5.874313899999999933e+01
-9.808944000000000329e+00 -8.545496999999999233e+00 -1.001908899999999925e+01
-5.398579500000000309e+01 -5.473556899999999814e+01 -6.407358499999999424e+01
-7.804808900000000449e+01 -6.750172000000000594e+01 -6.757706500000000460e+01
-8.241645099999999502e+01 -7.484237000000000251e+01 -8.427882800000000429e+01
-7.392237999999999865e+00 -7.552871999999999808e+00 -8.545496999999999233e+00
-7.779087800000000641e+01 -6.702393700000000365e+01 -6.750172000000000594e+01
-3.085248899999999850e+01 -2.782760000000000034e+01 -2.525273999999999930e+01
-6.167542999999999864e+01 -4.999000600000000105e+01 -5.506364200000000153e+01
-8.329492299999999716e+01 -8.821397199999999827e+01 -7.713956899999999450e+01
-1.219503300000000046e+01 -1.062710399999999922e+01 -1.141437999999999953e+01
-9.367435999999999652e+00 -8.873830999999999136e+00 -1.008824800000000010e+01
-8.901064999999999117e+00 -7.859547000000000061e+00 -8.242072000000000287e+00
-2.301753700000000080e+01 -2.034140199999999865e+01 -2.209281000000000006e+01
-4.645101700000000022e+01 -5.207726000000000255e+01 -4.618811300000000131e+01
-1.449573200000000028e+01 -1.458996899999999997e+01 -1.231440899999999949e+01
-2.234734200000000115e+01 -2.008416599999999974e+01 -1.906029200000000046e+01
-3.111893099999999990e+01 -2.922516200000000097e+01 -2.735569200000000123e+01
-2.435989800000000116e+01 -2.151751799999999903e+01 -2.453312700000000035e+01
-1.349314999999999998e+01 -1.154074999999999918e+01 -1.311105700000000063e+01
-5.220437499999999886e+01 -5.962202899999999772e+01 -5.403448000000000206e+01
-7.657836999999999783e+00 -7.862378999999999785e+00 -8.614855000000000373e+00
-8.093419000000000096e+01 -8.862975900000000706e+01 -7.974677200000000710e+01
-3.231082700000000330e+01 -3.640004799999999818e+01 -3.147839000000000098e+01
-2.007809400000000011e+01 -1.784350799999999992e+01 -1.894068299999999994e+01
-1.007630600000000065e+01 -1.173874600000000079e+01 -1.205037300000000045e+01
-5.966813400000000200e+01 -5.902927100000000138e+01 -5.204967800000000011e+01
-6.737967100000000187e+01 -7.229557599999999695e+01 -6.443729999999999336e+01
-2.180825099999999850e+01 -2.502173000000000158e+01 -2.249314100000000138e+01
-1.661753500000000017e+01 -1.684158700000000053e+01 -1.928038300000000049e+01
-7.649287000000000170e+00 -7.667900999999999634e+00 -8.815893000000000868e+00
-1.392821799999999932e+01 -1.516050700000000084e+01 -1.261643899999999974e+01
-1.401458399999999926e+01 -1.304873300000000036e+01 -1.219503300000000046e+01
-2.662203699999999884e+01 -2.566185499999999919e+01 -2.933882200000000040e+01
-3.111025199999999913e+01 -2.117745999999999995e+01 -2.506405099999999919e+01
-2.748075800000000157e+01 -3.233070099999999769e+01 -2.807777199999999951e+01
-1.010560920000000067e+02 -1.004486349999999959e+02 -9.098519100000000037e+01
-1.646523099999999928e+01 -1.782457600000000042e+01 -1.464787300000000059e+01
-7.634485499999999547e+01 -7.965489599999999371e+01 -7.165788600000000486e+01
-7.350013999999999825e+00 -7.105513000000000190e+00 -7.986585999999999963e+00
-8.646292599999999595e+01 -7.419962999999999909e+01 -8.923625199999999325e+01
-1.693174899999999994e+01 -1.751301600000000036e+01 -1.899778299999999831e+01
-7.205223000000000155e+00 -7.900366000000000000e+00 -6.990756000000000192e+00
-2.615842200000000162e+01 -2.262145599999999845e+01 -2.168465000000000131e+01
-8.575851699999999767e+01 -7.419962999999999909e+01 -6.990545099999999934e+01
-3.233070099999999769e+01 -3.300420499999999890e+01 -2.807777199999999951e+01
-2.517120200000000096e+01 -2.280322100000000063e+01 -2.610724000000000089e+01
-9.387795599999999752e+01 -9.252003399999999544e+01 -8.427882800000000429e+01
-1.700062799999999896e+01 -1.458996899999999997e+01 -1.449573200000000028e+01
-3.639227000000000345e+01 -3.083522100000000066e+01 -3.533659099999999853e+01
-7.876383999999999830e+00 -7.427272999999999570e+00 -8.720145000000000479e+00
-2.605681099999999972e+01 -2.735569200000000123e+01 -2.415073800000000048e+01
-1.393775699999999951e+01 -1.445911399999999958e+01 -1.197975300000000054e+01
-2.638309100000000029e+01 -2.193111599999999939e+01 -2.855941100000000077e+01
-3.073545199999999866e+01 -3.560422200000000004e+01 -3.476552800000000332e+01
-1.320877400000000002e+01 -1.437862999999999936e+01 -1.202133899999999933e+01
-3.461732099999999690e+01 -3.127960699999999861e+01 -3.588238299999999725e+01
-3.912903000000000020e+01 -4.863143699999999825e+01 -4.022571200000000147e+01
-8.234002000000000265e+00 -7.700082000000000093e+00 -9.029598999999999265e+00
-7.510691799999999319e+01 -8.370407199999999648e+01 -7.416959099999999694e+01
-2.733906999999999954e+01 -3.912903000000000020e+01 -3.189238399999999984e+01
-1.006004000000000076e+01 -1.099425699999999928e+01 -9.679513000000000034e+00
-8.738018999999999536e+00 -1.020452200000000076e+01 -1.001908899999999925e+01
-1.363751099999999994e+01 -1.797787999999999897e+01 -1.222566800000000065e+01
-6.420411999999999786e+00 -5.069440000000000168e+00 -6.568888000000000282e+00
-1.693174899999999994e+01 -1.515207799999999949e+01 -1.564384300000000039e+01
-3.023903699999999972e+01 -2.652678799999999981e+01 -2.623703799999999831e+01
-3.321528699999999645e+01 -2.890706199999999981e+01 -2.983189499999999938e+01
-1.278945900000000080e+01 -1.485430900000000065e+01 -1.311105700000000063e+01
-2.210759099999999933e+01 -1.955761400000000094e+01 -2.228012500000000173e+01
-3.231082700000000330e+01 -3.147839000000000098e+01 -2.806827200000000033e+01
-1.063221799999999995e+01 -1.169780199999999937e+01 -1.032700400000000052e+01
-4.544016599999999784e+01 -4.040141200000000055e+01 -4.170366800000000040e+01
-5.940315600000000273e+01 -6.437789100000000531e+01 -6.129990500000000253e+01
-1.341003700000000087e+01 -1.263221000000000060e+01 -1.469233499999999992e+01
-8.002493099999999515e+01 -9.373864600000000280e+01 -7.935653299999999888e+01
-9.122033500000000572e+01 -9.108516000000000190e+01 -7.779087800000000641e+01
-2.117745999999999995e+01 -1.896157699999999835e+01 -1.390068600000000032e+01
-8.961477000000000359e+00 -1.030897099999999966e+01 -1.045627799999999930e+01
-7.799947600000000136e+01 -7.822797400000000323e+01 -6.528288000000000579e+01
-8.646292599999999595e+01 -8.403228500000000167e+01 -7.141173200000000065e+01
-2.381230199999999897e+01 -2.697830099999999831e+01 -2.331353199999999859e+01
-2.821295800000000042e+01 -2.714308300000000074e+01 -2.454712999999999923e+01
-1.693174899999999994e+01 -1.564384300000000039e+01 -1.751301600000000036e+01
-1.634159199999999856e+01 -1.585291800000000073e+01 -1.456994199999999928e+01
-1.774835799999999963e+01 -1.825235199999999836e+01 -1.984777100000000161e+01
-4.645101700000000022e+01 -4.719307100000000332e+01 -5.240859400000000079e+01
-5.268418400000000190e+01 -5.580997599999999892e+01 -6.077939500000000095e+01
-3.087006099999999975e+01 -3.424631800000000226e+01 -2.983189499999999938e+01
-6.778479799999999500e+01 -7.993564000000000647e+01 -6.929825800000000413e+01
-2.455132499999999851e+01 -2.806827200000000033e+01 -2.731901900000000083e+01
-1.584038199999999996e+01 -1.702861599999999953e+01 -1.795426199999999994e+01
-8.438785699999999679e+01 -7.182376200000000210e+01 -7.279420399999999347e+01
-8.545496999999999233e+00 -8.738018999999999536e+00 -1.001908899999999925e+01
-8.222706700000000524e+01 -8.633114199999999983e+01 -7.634485499999999547e+01
-5.207726000000000255e+01 -4.645101700000000022e+01 -5.240859400000000079e+01
-7.419962999999999909e+01 -6.145332299999999748e+01 -6.990545099999999934e+01
-2.811605899999999991e+01 -3.180184699999999864e+01 -2.814953399999999917e+01
-7.562349100000000135e+01 -7.543508699999999578e+01 -6.835729600000000517e+01
-4.405023599999999817e+01 -4.008520399999999739e+01 -4.667248399999999720e+01
-5.940315600000000273e+01 -5.618325600000000009e+01 -5.388735599999999692e+01
-4.697473300000000052e+01 -5.423368700000000331e+01 -5.506364200000000153e+01
-1.324802999999999997e+01 -1.464841599999999922e+01 -1.295665799999999912e+01
-2.418681399999999826e+01 -2.135891900000000021e+01 -2.049949000000000154e+01
-2.086393599999999893e+01 -2.408217000000000141e+01 -2.125193700000000163e+01
-3.400140600000000290e+01 -3.849025000000000318e+01 -4.065745600000000337e+01
-1.346888000000000041e+01 -1.333383199999999924e+01 -1.058311199999999985e+01
-1.335709100000000049e+01 -1.456994199999999928e+01 -1.290856699999999968e+01
-6.468285199999999691e+01 -6.295695599999999814e+01 -5.294186200000000042e+01
-1.071083499999999944e+01 -1.233333099999999938e+01 -1.141437999999999953e+01
-6.660035200000000088e+01 -6.344702199999999692e+01 -7.085382199999999386e+01
-7.502975200000000200e+01 -6.477257699999999829e+01 -6.145407699999999807e+01
-2.689563499999999863e+01 -2.983189499999999938e+01 -2.603803200000000118e+01
-6.835729600000000517e+01 -6.311553899999999828e+01 -6.342353200000000157e+01
-5.301619000000000170e+01 -6.104771399999999915e+01 -5.966813400000000200e+01
-2.890706199999999981e+01 -2.526220299999999952e+01 -2.603803200000000118e+01
-3.180184699999999864e+01 -3.608885899999999936e+01 -3.648526400000000081e+01
-4.490297900000000197e+01 -3.914868100000000339e+01 -4.486120799999999775e+01
-4.218347399999999681e+01 -4.318137399999999815e+01 -4.749870700000000312e+01
-4.788526999999999845e+01 -6.145407699999999807e+01 -5.345654400000000095e+01
-2.418681399999999826e+01 -2.341800200000000132e+01 -2.767652199999999851e+01
-1.725616799999999884e+01 -1.932353700000000174e+01 -1.886707099999999926e+01
-9.947155999999999665e+00 -1.071083499999999944e+01 -1.141437999999999953e+01
-8.825712699999999700e+01 -9.689686500000000535e+01 -8.808130400000000293e+01
-1.344533299999999976e+01 -1.450747800000000076e+01 -1.187698699999999974e+01
-7.781704399999999566e+01 -9.173556299999999908e+01 -7.658785000000000309e+01
-1.921453299999999942e+01 -1.735764400000000052e+01 -1.594293599999999955e+01
-4.668761200000000144e+01 -4.749870700000000312e+01 -5.216481999999999886e+01
-7.229557599999999695e+01 -8.222706700000000524e+01 -7.634485499999999547e+01
-9.227306999999999704e+00 -8.491144999999999499e+00 -9.659274999999999167e+00
-8.997719000000000023e+00 -9.521421000000000134e+00 -8.385500999999999650e+00
-1.687237599999999915e+01 -2.117745999999999995e+01 -1.390068600000000032e+01
-7.974677200000000710e+01 -7.861499600000000498e+01 -7.185166800000000364e+01
-3.930130400000000179e+01 -3.395658900000000102e+01 -3.498852899999999977e+01
-7.009240499999999940e+01 -7.129763099999999554e+01 -6.087222599999999773e+01
-5.588063900000000217e+01 -6.077939500000000095e+01 -6.184762400000000326e+01
-5.915646699999999925e+01 -6.985980600000000607e+01 -5.809340600000000165e+01
-1.215465599999999924e+01 -1.106879900000000028e+01 -1.011312799999999967e+01
-8.576569299999999885e+01 -8.835659599999999614e+01 -7.502975200000000200e+01
-3.557799099999999726e+01 -3.588040600000000069e+01 -4.056305700000000058e+01
-1.609563100000000091e+01 -1.576910200000000017e+01 -1.442428699999999964e+01
-2.470529099999999900e+01 -2.486273600000000172e+01 -2.802404999999999902e+01
-8.241645099999999502e+01 -7.274009100000000672e+01 -7.484237000000000251e+01
-4.096609800000000234e+01 -3.983475899999999825e+01 -4.557375799999999799e+01
-1.904137100000000160e+01 -1.700062799999999896e+01 -1.999124399999999824e+01
-5.906412000000000440e+00 -5.847184999999999633e+00 -7.126514000000000237e+00
-3.181511100000000170e+01 -3.113648600000000144e+01 -3.626530400000000043e+01
-6.262746800000000036e+01 -7.053551500000000374e+01 -6.231525800000000004e+01
-7.935653299999999888e+01 -6.799989300000000014e+01 -6.892074499999999659e+01
-3.031243800000000022e+01 -3.395658900000000102e+01 -2.909151800000000065e+01
-5.294305599999999856e+01 -5.870589400000000069e+01 -5.663097100000000239e+01
-4.940109300000000303e+01 -5.029437699999999722e+01 -5.423239699999999885e+01
-5.571298600000000079e+01 -5.783377600000000029e+01 -6.018661399999999873e+01
-6.342353200000000157e+01 -5.874313899999999933e+01 -5.952812399999999826e+01
-7.562702999999999953e+00 -7.678660999999999959e+00 -8.572471999999999426e+00
-1.969383399999999895e+01 -1.732722800000000163e+01 -1.657476300000000080e+01
-3.610110199999999736e+01 -3.239702599999999677e+01 -3.798694199999999910e+01
-7.854056599999999833e+01 -8.670781399999999906e+01 -7.802453800000000683e+01
-8.808130400000000293e+01 -7.854056599999999833e+01 -8.137615999999999872e+01
-5.618325600000000009e+01 -6.129990500000000253e+01 -5.755964500000000328e+01
-6.632046300000000372e+01 -6.039450500000000233e+01 -6.193631400000000298e+01
-6.380226999999999649e+00 -6.320999999999999730e+00 -7.194963000000000442e+00
-1.062710399999999922e+01 -9.951513999999999527e+00 -9.286163999999999419e+00
-9.667628600000000461e+01 -9.905633799999999667e+01 -8.576569299999999885e+01
-2.614406999999999925e+01 -2.623703799999999831e+01 -2.307346000000000075e+01
-6.495328999999999553e+01 -5.473556899999999814e+01 -5.518382900000000291e+01
-6.956935699999999656e+01 -7.891216199999999503e+01 -6.913286499999999535e+01
-6.691200700000000268e+01 -7.778572200000000691e+01 -7.867048200000000691e+01
-1.881237000000000137e+01 -1.895705200000000090e+01 -2.166416900000000112e+01
-4.451564599999999672e+01 -4.364074300000000051e+01 -5.158464399999999728e+01
-6.464039900000000216e+01 -5.580997599999999892e+01 -5.870857800000000282e+01
-6.677702499999999475e+01 -7.295879899999999907e+01 -6.577626999999999668e+01
-7.418013399999999535e+01 -8.108424300000000073e+01 -7.465596800000000144e+01
-1.249308699999999916e+01 -1.157481699999999947e+01 -1.315567899999999923e+01
-2.136661099999999891e+01 -1.894068299999999994e+01 -2.034140199999999865e+01
-5.139975100000000197e+01 -4.516073399999999793e+01 -5.171533699999999811e+01
-7.529815000000000147e+00 -7.813674999999999926e+00 -8.513550999999999647e+00
-1.756753300000000095e+01 -1.962086599999999947e+01 -1.917431600000000103e+01
-7.854056599999999833e+01 -7.802453800000000683e+01 -7.015919200000000444e+01
-5.618325600000000009e+01 -5.755964500000000328e+01 -5.210561200000000071e+01
-1.187698699999999974e+01 -1.450747800000000076e+01 -1.320877400000000002e+01
-3.244148299999999807e+01 -2.929400300000000001e+01 -3.360212800000000044e+01
-9.562301700000000437e+01 -9.653210199999999475e+01 -8.374004499999999496e+01
-2.671921599999999941e+01 -2.631409899999999880e+01 -2.347308500000000109e+01
-3.711418199999999956e+01 -3.841372599999999693e+01 -4.211798799999999687e+01
-1.756304799999999844e+01 -1.473230500000000021e+01 -1.735345099999999974e+01
-2.335703600000000080e+01 -2.050873800000000102e+01 -2.315301300000000140e+01
-5.962202899999999772e+01 -6.660035200000000088e+01 -6.708209100000000547e+01
-1.008824800000000010e+01 -1.159324800000000089e+01 -1.071083499999999944e+01
-5.571298600000000079e+01 -5.283734599999999659e+01 -5.783377600000000029e+01
-1.881237000000000137e+01 -1.626923599999999936e+01 -1.895705200000000090e+01
-1.349314999999999998e+01 -1.594921199999999928e+01 -1.393250199999999950e+01
-3.300420499999999890e+01 -3.900094599999999900e+01 -3.375876800000000344e+01
-9.527746000000000492e+00 -8.477029999999999177e+00 -8.572471999999999426e+00
-1.457995700000000028e+01 -1.433077399999999990e+01 -1.225638799999999939e+01
-3.024870400000000004e+01 -2.662203699999999884e+01 -2.933882200000000040e+01
-5.281652600000000319e+01 -6.691200700000000268e+01 -5.836528899999999709e+01
-2.502173000000000158e+01 -2.423302400000000034e+01 -2.775560499999999919e+01
-1.442587600000000059e+01 -1.614473699999999923e+01 -1.428809299999999993e+01
-2.249314100000000138e+01 -2.502173000000000158e+01 -2.571882300000000043e+01
-9.944971599999999512e+01 -8.421958899999999915e+01 -8.431061300000000358e+01
-5.029437699999999722e+01 -5.127120599999999939e+01 -5.487665599999999699e+01
-3.798694199999999910e+01 -3.930130400000000179e+01 -4.391822599999999710e+01
-5.824906000000000006e+01 -5.755964500000000328e+01 -6.258149300000000181e+01
-2.210007200000000083e+01 -2.280322100000000063e+01 -2.517120200000000096e+01
-1.007630600000000065e+01 -1.205037300000000045e+01 -1.053710099999999983e+01
-3.231082700000000330e+01 -3.716088400000000291e+01 -3.640004799999999818e+01
-2.039413700000000063e+01 -1.872958600000000118e+01 -2.093814300000000017e+01
-6.757706500000000460e+01 -6.750172000000000594e+01 -5.881371500000000196e+01
-1.276446699999999979e+01 -1.045627799999999930e+01 -1.202133899999999933e+01
-6.632046300000000372e+01 -6.193631400000000298e+01 -6.841319300000000680e+01
-5.265389199999999903e+01 -6.201058100000000195e+01 -5.353293200000000240e+01
-8.096595999999999904e+00 -8.044662999999999897e+00 -7.269446000000000296e+00
-3.425900899999999893e+01 -3.914868100000000339e+01 -3.980928200000000317e+01
-6.346486900000000020e+01 -6.330127499999999685e+01 -5.777354499999999859e+01
-1.179861700000000013e+01 -1.335709100000000049e+01 -1.290856699999999968e+01
-3.014044399999999868e+01 -2.984626300000000043e+01 -2.631409899999999880e+01
-3.739072600000000079e+01 -4.241214099999999831e+01 -4.267378800000000183e+01
-9.003201999999999927e+00 -7.882850999999999608e+00 -8.735153999999999641e+00
-8.477029999999999177e+00 -7.562702999999999953e+00 -8.572471999999999426e+00
-2.266304500000000033e+01 -2.436456599999999995e+01 -2.148547699999999949e+01
-6.577626999999999668e+01 -6.549102200000000096e+01 -6.032354000000000127e+01
-6.621012000000000342e+00 -7.284652000000000349e+00 -6.877826999999999913e+00
-5.840854499999999661e+01 -5.367222499999999741e+01 -5.863582699999999903e+01
-8.242874000000000478e+00 -7.474171000000000120e+00 -8.698213000000000861e+00
-7.733320500000000663e+01 -6.468285199999999691e+01 -6.763750500000000443e+01
-3.639227000000000345e+01 -3.157688900000000132e+01 -3.083522100000000066e+01
-1.448300700000000063e+01 -1.485430900000000065e+01 -1.278945900000000080e+01
-2.261903500000000022e+01 -2.478527899999999917e+01 -2.012464900000000156e+01
-7.857358100000000434e+01 -9.193934099999999887e+01 -7.804808900000000449e+01
-1.609972899999999996e+01 -1.401458399999999926e+01 -1.517431900000000056e+01
-7.188479000000000063e+00 -6.657286000000000037e+00 -6.763080999999999676e+00
-1.609972899999999996e+01 -1.753428999999999860e+01 -1.849275400000000147e+01
-8.064745999999999526e+00 -9.128825000000000855e+00 -8.807297000000000153e+00
-1.762430399999999864e+01 -1.516878999999999955e+01 -1.489802000000000071e+01
-7.034037800000000118e+01 -6.248621800000000093e+01 -6.330127499999999685e+01
-1.108715800000000051e+01 -9.767120999999999498e+00 -1.004957300000000053e+01
-2.855065499999999901e+01 -3.181511100000000170e+01 -3.279219899999999654e+01
-2.059943099999999916e+01 -2.034068800000000010e+01 -2.346070699999999931e+01
-6.468285199999999691e+01 -5.294186200000000042e+01 -5.584676499999999777e+01
-7.920555000000000234e+00 -7.386955000000000382e+00 -7.188479000000000063e+00
-8.027525099999999725e+01 -8.002493099999999515e+01 -6.987869200000000092e+01
-7.099342500000000200e+01 -6.902048000000000627e+01 -6.471083699999999794e+01
-1.405633399999999966e+01 -1.580928499999999914e+01 -1.691749199999999931e+01
-3.608885899999999936e+01 -4.126527300000000054e+01 -4.239999399999999952e+01
-2.050873800000000102e+01 -1.819003400000000070e+01 -2.047145499999999885e+01
-4.138657100000000355e+01 -5.578810699999999656e+01 -4.788526999999999845e+01
-6.232248000000000232e+00 -5.799923999999999857e+00 -7.017879999999999896e+00
-2.255116200000000148e+01 -2.181967699999999866e+01 -2.532418900000000050e+01
-1.362744999999999962e+01 -1.516050700000000084e+01 -1.646523099999999928e+01
-1.263221000000000060e+01 -1.389017100000000049e+01 -1.469233499999999992e+01
-2.118214299999999994e+01 -2.343872100000000103e+01 -2.457330100000000073e+01
-5.423239699999999885e+01 -5.029437699999999722e+01 -5.487665599999999699e+01
-4.218347399999999681e+01 -4.749870700000000312e+01 -4.668761200000000144e+01
-1.027296800000000019e+02 -1.015027050000000060e+02 -9.252003399999999544e+01
-5.265389199999999903e+01 -4.451564599999999672e+01 -5.158464399999999728e+01
-6.573412399999999423e+01 -6.464039900000000216e+01 -5.870857800000000282e+01
-1.261113399999999984e+01 -1.448300700000000063e+01 -1.278945900000000080e+01
-6.477257699999999829e+01 -5.281652600000000319e+01 -5.345654400000000095e+01
-3.554607000000000028e+01 -3.364959600000000250e+01 -3.870789099999999650e+01
-6.197702499999999759e+01 -6.720969399999999894e+01 -6.437789100000000531e+01
-2.635798000000000130e+01 -3.637171099999999768e+01 -3.274298600000000192e+01
-8.812336999999999421e+00 -7.629544000000000104e+00 -8.684718999999999411e+00
-5.297778000000000276e+01 -5.777354499999999859e+01 -5.216481999999999886e+01
-2.984626300000000043e+01 -2.614406999999999925e+01 -2.631409899999999880e+01
-7.608330700000000490e+01 -6.698466600000000426e+01 -6.788648100000000341e+01
-6.129990500000000253e+01 -6.437789100000000531e+01 -6.611687600000000486e+01
-8.815893000000000868e+00 -1.032241100000000067e+01 -1.020452200000000076e+01
-7.028137099999999293e+01 -8.437899699999999825e+01 -6.986862000000000705e+01
-5.305548799999999687e+01 -4.950110099999999846e+01 -5.588063900000000217e+01
-4.034328099999999750e+01 -4.716354599999999664e+01 -4.667441699999999827e+01
-5.508010600000000068e+01 -4.938006500000000187e+01 -4.806584500000000304e+01
-6.849542999999999715e+00 -6.990756000000000192e+00 -7.678660999999999959e+00
-3.014884899999999845e+01 -3.087889099999999942e+01 -2.701280900000000074e+01
-2.714308300000000074e+01 -2.610724000000000089e+01 -2.362809700000000035e+01
-6.248621800000000093e+01 -6.104771399999999915e+01 -5.521756700000000251e+01
-1.852438300000000027e+01 -1.682437900000000042e+01 -1.886707099999999926e+01
-7.832091800000000603e+01 -6.991602199999999812e+01 -7.065690299999999979e+01
-2.788821499999999887e+01 -2.525273999999999930e+01 -2.294989899999999849e+01
-6.990130700000000274e+01 -7.099342500000000200e+01 -6.471083699999999794e+01
-5.586737099999999856e+01 -5.700407200000000074e+01 -6.193631400000000298e+01
-7.328437000000000090e+00 -6.907423999999999786e+00 -6.847349000000000352e+00
-8.232001000000000346e+00 -7.126514000000000237e+00 -7.905522999999999634e+00
-1.756304799999999844e+01 -2.034068800000000010e+01 -2.059943099999999916e+01
-3.648526400000000081e+01 -3.608885899999999936e+01 -4.239999399999999952e+01
-3.183920699999999826e+01 -3.165831100000000120e+01 -2.802404999999999902e+01
-2.767652199999999851e+01 -2.341800200000000132e+01 -2.699315400000000054e+01
-6.197702499999999759e+01 -6.437789100000000531e+01 -5.940315600000000273e+01
-7.129763099999999554e+01 -8.280504600000000437e+01 -7.238162800000000630e+01
-3.477059299999999809e+01 -3.586232700000000051e+01 -3.131770699999999863e+01
-3.131770699999999863e+01 -3.586232700000000051e+01 -3.238926000000000016e+01
-2.070757000000000048e+01 -2.393246399999999952e+01 -2.399018200000000078e+01
-5.283734599999999659e+01 -4.965370599999999968e+01 -5.526521199999999823e+01
-1.787378100000000103e+01 -2.070757000000000048e+01 -2.078938300000000083e+01
-5.402662500000000279e+01 -6.295695599999999814e+01 -6.219955999999999818e+01
-3.665003699999999753e+01 -4.012004300000000256e+01 -4.213266699999999787e+01
-1.221411200000000008e+01 -1.473230500000000021e+01 -1.239427200000000084e+01
-7.905522999999999634e+00 -7.494112999999999580e+00 -8.639338000000000406e+00
-5.940315600000000273e+01 -6.129990500000000253e+01 -5.618325600000000009e+01
-2.047039600000000092e+01 -1.762430399999999864e+01 -1.726918399999999920e+01
-4.684219600000000128e+01 -4.718426399999999887e+01 -5.518382900000000291e+01
-6.730457999999999608e+00 -7.529815000000000147e+00 -7.330022999999999733e+00
-2.210007200000000083e+01 -2.517120200000000096e+01 -2.434559199999999990e+01
-1.610978199999999916e+01 -1.344533299999999976e+01 -1.458996899999999997e+01
-6.024866000000000277e+00 -5.965639000000000358e+00 -7.516466000000000314e+00
-7.494112999999999580e+00 -6.911997999999999642e+00 -6.549844000000000221e+00
-5.915646699999999925e+01 -7.141173200000000065e+01 -6.985980600000000607e+01
-2.610724000000000089e+01 -2.280322100000000063e+01 -2.362809700000000035e+01
-4.213266699999999787e+01 -4.012004300000000256e+01 -4.596329599999999971e+01
-4.231311999999999784e+01 -4.391822599999999710e+01 -4.858641500000000235e+01
-2.335703600000000080e+01 -2.315301300000000140e+01 -2.652678799999999981e+01
-1.428809299999999993e+01 -1.614473699999999923e+01 -1.610688199999999881e+01
-1.058862799999999993e+01 -1.168765299999999918e+01 -1.029992000000000019e+01
-2.063765300000000025e+01 -2.335703600000000080e+01 -2.365600799999999992e+01
-1.496452200000000055e+01 -1.649742099999999922e+01 -1.464841599999999922e+01
-1.733849100000000121e+01 -1.756304799999999844e+01 -2.059943099999999916e+01
-5.793585699999999861e+01 -5.727969300000000175e+01 -4.725303100000000001e+01
-4.991445399999999921e+01 -5.793585699999999861e+01 -4.725303100000000001e+01
-5.727969300000000175e+01 -4.886803799999999853e+01 -4.725303100000000001e+01
-4.065745600000000337e+01 -3.849025000000000318e+01 -4.725303100000000001e+01
-4.886803799999999853e+01 -4.065745600000000337e+01 -4.725303100000000001e+01
-4.725303100000000001e+01 -3.849025000000000318e+01 -4.249195999999999884e+01
-4.991445399999999921e+01 -4.725303100000000001e+01 -4.249195999999999884e+01
