3.077111500000000177e+01 3.079531700000000072e+01 3.067381800000000069e+01
3.214159800000000189e+01 3.224903100000000222e+01 3.226886300000000318e+01
3.056914099999999834e+01 3.058673800000000043e+01 3.071330299999999980e+01
3.447131399999999957e+01 3.434329000000000320e+01 3.445203000000000060e+01
3.512211599999999834e+01 3.526815599999999762e+01 3.514671400000000290e+01
3.351272900000000021e+01 3.349321100000000229e+01 3.362036200000000008e+01
3.402005199999999974e+01 3.411611500000000063e+01 3.414460700000000060e+01
3.313154000000000110e+01 3.325865900000000153e+01 3.315128500000000145e+01
3.448536800000000113e+01 3.435288200000000103e+01 3.441223200000000304e+01
3.463001100000000321e+01 3.475867600000000124e+01 3.465330800000000266e+01
3.321165200000000084e+01 3.323316499999999962e+01 3.310666499999999957e+01
3.613526800000000350e+01 3.610734599999999972e+01 3.600645300000000049e+01
3.510276300000000305e+01 3.505747199999999708e+01 3.495913999999999788e+01
3.505738900000000058e+01 3.503639499999999884e+01 3.516404800000000108e+01
3.346954099999999954e+01 3.334164599999999723e+01 3.345192200000000327e+01
3.259005899999999656e+01 3.271738899999999717e+01 3.261104699999999923e+01
3.417595200000000233e+01 3.404810299999999756e+01 3.415578899999999862e+01
3.469609499999999969e+01 3.456745800000000202e+01 3.467498799999999903e+01
3.293173800000000284e+01 3.304701599999999928e+01 3.306059100000000228e+01
3.490959500000000304e+01 3.488667999999999836e+01 3.501555799999999863e+01
3.378545100000000190e+01 3.367809900000000312e+01 3.365876899999999949e+01
3.179911299999999841e+01 3.192681299999999922e+01 3.181430100000000039e+01
3.435498900000000333e+01 3.447231099999999770e+01 3.435433499999999896e+01
3.165422900000000084e+01 3.167159200000000041e+01 3.154480600000000123e+01
3.421545600000000320e+01 3.434329000000000320e+01 3.423489200000000210e+01
3.517240000000000322e+01 3.514419199999999677e+01 3.526877300000000304e+01
3.362365900000000352e+01 3.375165599999999699e+01 3.364793300000000187e+01
3.349502799999999780e+01 3.336111999999999966e+01 3.345557099999999906e+01
3.466958199999999835e+01 3.454089599999999649e+01 3.464959999999999951e+01
3.140331799999999873e+01 3.141784000000000177e+01 3.129079600000000028e+01
3.045433399999999935e+01 3.052202799999999883e+01 3.059394899999999851e+01
3.320368799999999965e+01 3.322600700000000273e+01 3.309869400000000184e+01
3.275080299999999767e+01 3.262433099999999797e+01 3.273107100000000003e+01
3.600645300000000049e+01 3.610734599999999972e+01 3.597953600000000307e+01
3.597953600000000307e+01 3.594892200000000315e+01 3.585284699999999702e+01
3.375165599999999699e+01 3.385758799999999979e+01 3.387942300000000273e+01
3.507056500000000199e+01 3.495818100000000328e+01 3.493341600000000113e+01
3.420934700000000106e+01 3.408674899999999752e+01 3.418048799999999687e+01
3.250180100000000039e+01 3.252398500000000325e+01 3.240578699999999657e+01
3.316337999999999653e+01 3.310000000000000142e+01 3.323821199999999720e+01
3.136610100000000045e+01 3.125783699999999854e+01 3.124142900000000012e+01
3.391157599999999661e+01 3.403896900000000159e+01 3.393158100000000132e+01
3.172707199999999972e+01 3.185437200000000146e+01 3.174581799999999987e+01
3.326676299999999742e+01 3.328681900000000127e+01 3.315958400000000239e+01
3.122158999999999907e+01 3.124314400000000091e+01 3.111820900000000023e+01
3.127504000000000062e+01 3.129211899999999957e+01 3.116537999999999897e+01
3.450779599999999903e+01 3.439901499999999857e+01 3.438105600000000095e+01
3.514419199999999677e+01 3.504062400000000110e+01 3.501646999999999821e+01
3.288967399999999941e+01 3.291357099999999747e+01 3.278258199999999789e+01
3.021926900000000060e+01 3.010000000000000142e+01 3.010000000000000142e+01
3.407456899999999678e+01 3.394585299999999961e+01 3.405546799999999763e+01
3.452189099999999655e+01 3.451415000000000077e+01 3.464988000000000312e+01
3.534144100000000321e+01 3.547837799999999930e+01 3.541666099999999773e+01
3.134860499999999917e+01 3.147733399999999904e+01 3.136727899999999991e+01
3.234076900000000165e+01 3.246790399999999721e+01 3.236080700000000121e+01
3.375755300000000148e+01 3.364237200000000172e+01 3.375397699999999901e+01
3.509840700000000169e+01 3.497348499999999660e+01 3.508701899999999796e+01
3.554645099999999758e+01 3.541371699999999834e+01 3.552467699999999695e+01
3.226436799999999749e+01 3.228137000000000256e+01 3.215405499999999961e+01
3.307674399999999792e+01 3.297175599999999918e+01 3.295004600000000039e+01
3.298712400000000144e+01 3.310666499999999957e+01 3.300437699999999808e+01
3.019793299999999903e+01 3.025159400000000076e+01 3.032447600000000065e+01
3.200122700000000009e+01 3.212919399999999825e+01 3.202138899999999921e+01
3.315774199999999894e+01 3.322778900000000135e+01 3.330182800000000043e+01
3.254292300000000182e+01 3.256075700000000239e+01 3.242973899999999787e+01
3.277179300000000239e+01 3.266431399999999741e+01 3.278884599999999949e+01
3.366730499999999893e+01 3.381325400000000059e+01 3.370459499999999764e+01
3.070473499999999945e+01 3.058109200000000172e+01 3.069435299999999955e+01
3.218863300000000294e+01 3.230606399999999923e+01 3.218858999999999781e+01
3.477895000000000181e+01 3.488667999999999836e+01 3.490959500000000304e+01
3.110108100000000064e+01 3.120026800000000122e+01 3.122312499999999957e+01
3.189007000000000147e+01 3.175957299999999961e+01 3.187130099999999899e+01
3.197528900000000007e+01 3.199526399999999882e+01 3.186891200000000168e+01
3.120101999999999975e+01 3.122158999999999907e+01 3.109382899999999950e+01
3.473630299999999949e+01 3.484384699999999668e+01 3.472829399999999822e+01
3.182795899999999989e+01 3.193360699999999852e+01 3.195476800000000139e+01
3.307211000000000212e+01 3.296488500000000244e+01 3.294482899999999859e+01
3.277790199999999743e+01 3.288548399999999816e+01 3.290523999999999916e+01
3.360894299999999646e+01 3.350146199999999652e+01 3.348116999999999877e+01
3.348780099999999749e+01 3.351615100000000069e+01 3.338166900000000226e+01
3.525014000000000181e+01 3.534708499999999987e+01 3.538453100000000262e+01
3.459226300000000265e+01 3.446828299999999956e+01 3.449045499999999720e+01
3.558185300000000240e+01 3.550946100000000172e+01 3.546731900000000337e+01
3.244219199999999859e+01 3.256926800000000100e+01 3.246278900000000078e+01
3.375662499999999966e+01 3.364911000000000030e+01 3.362918799999999919e+01
3.416610099999999761e+01 3.429292099999999976e+01 3.418661300000000125e+01
3.206954400000000049e+01 3.207467799999999869e+01 3.195963899999999924e+01
3.117342199999999863e+01 3.106309500000000057e+01 3.116513399999999834e+01
3.288548399999999816e+01 3.299175999999999931e+01 3.301238299999999981e+01
3.286880299999999977e+01 3.293575700000000239e+01 3.279357300000000208e+01
3.281740299999999877e+01 3.283776300000000248e+01 3.271064700000000158e+01
3.428396699999999697e+01 3.439215300000000042e+01 3.441231899999999655e+01
3.367627000000000237e+01 3.369639800000000207e+01 3.356847599999999687e+01
3.069435299999999955e+01 3.058109200000000172e+01 3.057249099999999942e+01
3.422736400000000145e+01 3.425553099999999773e+01 3.412867599999999868e+01
3.422301099999999963e+01 3.424334000000000344e+01 3.411489399999999961e+01
3.460158400000000256e+01 3.470105499999999665e+01 3.473630299999999949e+01
3.529074500000000114e+01 3.516404800000000108e+01 3.527363700000000080e+01
3.210690400000000011e+01 3.208751099999999923e+01 3.221378500000000145e+01
3.543766600000000011e+01 3.554645099999999758e+01 3.556812800000000152e+01
3.308046199999999715e+01 3.310666499999999957e+01 3.298712400000000144e+01
3.021996599999999944e+01 3.022003799999999885e+01 3.034238200000000063e+01
3.129079600000000028e+01 3.130556800000000095e+01 3.117387499999999889e+01
3.275855299999999914e+01 3.288548399999999816e+01 3.277790199999999743e+01
3.178248900000000177e+01 3.179911299999999841e+01 3.167286100000000104e+01
3.420292800000000000e+01 3.409453500000000048e+01 3.407456899999999678e+01
3.010000000000000142e+01 3.021934100000000001e+01 3.022003799999999885e+01
3.105484500000000025e+01 3.118235200000000162e+01 3.107252899999999940e+01
3.484548099999999948e+01 3.497312900000000013e+01 3.486676599999999837e+01
3.483175399999999655e+01 3.493348399999999998e+01 3.479758400000000051e+01
3.160398199999999846e+01 3.158375699999999853e+01 3.170736899999999991e+01
3.567783000000000015e+01 3.559279800000000193e+01 3.572859100000000154e+01
3.198180699999999987e+01 3.187336499999999972e+01 3.185437200000000146e+01
3.396590499999999935e+01 3.409453500000000048e+01 3.398637999999999693e+01
3.568913100000000327e+01 3.576021999999999679e+01 3.562178600000000017e+01
3.328811600000000226e+01 3.328649399999999758e+01 3.317211999999999961e+01
3.293156299999999703e+01 3.282920500000000175e+01 3.294465999999999894e+01
3.188820799999999878e+01 3.176230999999999938e+01 3.186891200000000168e+01
3.244219199999999859e+01 3.246278900000000078e+01 3.233567899999999895e+01
3.529074500000000114e+01 3.540595199999999920e+01 3.541008699999999720e+01
3.553091400000000277e+01 3.564887199999999723e+01 3.552644800000000203e+01
3.514662200000000070e+01 3.510538100000000128e+01 3.501575600000000321e+01
3.228819299999999970e+01 3.226886300000000318e+01 3.239641300000000257e+01
3.516821600000000103e+01 3.512519300000000300e+01 3.505100699999999847e+01
3.411518000000000228e+01 3.421997499999999803e+01 3.424939599999999729e+01
3.336111999999999966e+01 3.330182800000000043e+01 3.345557099999999906e+01
3.278258199999999789e+01 3.267243700000000217e+01 3.265306499999999801e+01
3.089413300000000007e+01 3.091930500000000137e+01 3.079531700000000072e+01
3.122312499999999957e+01 3.120026800000000122e+01 3.132722499999999854e+01
3.463875999999999777e+01 3.457751999999999981e+01 3.450349400000000344e+01
3.509840700000000169e+01 3.522247899999999987e+01 3.520926500000000203e+01
3.288855300000000170e+01 3.301516199999999657e+01 3.290866199999999964e+01
3.204003199999999651e+01 3.215195299999999889e+01 3.217076699999999789e+01
3.519195400000000262e+01 3.505747199999999708e+01 3.510276300000000305e+01
3.307211000000000212e+01 3.294482899999999859e+01 3.305225699999999733e+01
3.208751099999999923e+01 3.219250799999999657e+01 3.221378500000000145e+01
3.371648600000000329e+01 3.369639800000000207e+01 3.382414599999999893e+01
3.403965000000000174e+01 3.401749300000000176e+01 3.414042700000000252e+01
3.609305499999999967e+01 3.619467999999999819e+01 3.606007600000000224e+01
3.226436799999999749e+01 3.224855300000000113e+01 3.237305400000000333e+01
3.343260599999999982e+01 3.351866799999999813e+01 3.357072699999999799e+01
3.352152999999999849e+01 3.364904899999999799e+01 3.354147900000000249e+01
3.193360699999999852e+01 3.206086499999999972e+01 3.195476800000000139e+01
3.458809200000000317e+01 3.456745800000000202e+01 3.469609499999999969e+01
3.084551400000000143e+01 3.071710099999999954e+01 3.071622599999999892e+01
3.325705599999999862e+01 3.333558500000000180e+01 3.339411700000000138e+01
3.505738900000000058e+01 3.507886500000000041e+01 3.495140800000000070e+01
3.058447100000000063e+01 3.046395800000000165e+01 3.046511599999999831e+01
3.615394799999999975e+01 3.602823699999999718e+01 3.603974999999999795e+01
3.252691699999999742e+01 3.254586400000000168e+01 3.241685199999999867e+01
3.010000000000000142e+01 3.010000000000000142e+01 3.022456999999999994e+01
3.046395800000000165e+01 3.046131199999999950e+01 3.034440899999999885e+01
3.498865200000000186e+01 3.494741599999999693e+01 3.485758299999999821e+01
3.501612399999999781e+01 3.512395300000000020e+01 3.514377999999999957e+01
3.253325499999999693e+01 3.242190999999999690e+01 3.254322400000000215e+01
3.145580599999999905e+01 3.145695100000000011e+01 3.133584000000000103e+01
3.033207200000000014e+01 3.033564099999999897e+01 3.044797200000000004e+01
3.384934700000000163e+01 3.381804799999999744e+01 3.394962799999999703e+01
3.565930300000000130e+01 3.552467699999999695e+01 3.561760900000000163e+01
3.381714999999999804e+01 3.371036200000000349e+01 3.369146500000000088e+01
3.281740299999999877e+01 3.271064700000000158e+01 3.268953400000000187e+01
3.143467100000000158e+01 3.145428499999999872e+01 3.132722499999999854e+01
3.272194900000000217e+01 3.282918300000000045e+01 3.284886699999999848e+01
3.149213100000000054e+01 3.159467400000000126e+01 3.161762699999999882e+01
3.424043300000000301e+01 3.436064900000000222e+01 3.435810800000000143e+01
3.419625099999999662e+01 3.407045500000000260e+01 3.417737600000000242e+01
3.289910700000000077e+01 3.285038600000000031e+01 3.298712400000000144e+01
3.223629100000000136e+01 3.234380500000000325e+01 3.236252100000000098e+01
3.481590099999999666e+01 3.492735199999999907e+01 3.493884400000000312e+01
3.262433099999999797e+01 3.260472099999999784e+01 3.273107100000000003e+01
3.444089100000000059e+01 3.441819499999999721e+01 3.454707599999999701e+01
3.345385100000000023e+01 3.332657400000000081e+01 3.343401200000000273e+01
3.368876099999999951e+01 3.370862600000000242e+01 3.358118100000000084e+01
3.340525300000000186e+01 3.353204800000000319e+01 3.342466100000000040e+01
3.172216299999999833e+01 3.184871400000000108e+01 3.174306400000000039e+01
3.352395599999999831e+01 3.364793300000000187e+01 3.354330099999999959e+01
3.152864299999999886e+01 3.154480600000000123e+01 3.141784000000000177e+01
3.352292400000000328e+01 3.340380400000000094e+01 3.352281800000000089e+01
3.208167300000000211e+01 3.197528900000000007e+01 3.195476800000000139e+01
3.482392000000000110e+01 3.480241099999999932e+01 3.492994900000000058e+01
3.254292300000000182e+01 3.265006999999999948e+01 3.266991900000000015e+01
3.160398199999999846e+01 3.172844200000000114e+01 3.160419999999999874e+01
3.257086600000000232e+01 3.264374099999999856e+01 3.270624800000000221e+01
3.098988500000000101e+01 3.085685499999999948e+01 3.096344399999999908e+01
3.531098099999999818e+01 3.526877300000000304e+01 3.538475499999999840e+01
3.578342599999999862e+01 3.575598300000000052e+01 3.564887199999999723e+01
3.406197900000000089e+01 3.397563799999999645e+01 3.392902600000000035e+01
3.486494400000000127e+01 3.482370800000000344e+01 3.473213799999999907e+01
3.379292699999999883e+01 3.366876299999999844e+01 3.377603500000000025e+01
3.187336499999999972e+01 3.189242499999999936e+01 3.176455699999999993e+01
3.334164599999999723e+01 3.321165200000000084e+01 3.332708600000000132e+01
3.107362600000000086e+01 3.110108100000000064e+01 3.098303599999999847e+01
3.545998800000000273e+01 3.531098099999999818e+01 3.538475499999999840e+01
3.312671600000000183e+01 3.301418999999999926e+01 3.300437699999999808e+01
3.622438600000000264e+01 3.609305499999999967e+01 3.612660799999999739e+01
3.034122500000000144e+01 3.046549100000000010e+01 3.034238200000000063e+01
3.146202600000000160e+01 3.145983199999999869e+01 3.134391199999999955e+01
3.375662499999999966e+01 3.362918799999999919e+01 3.373495700000000141e+01
3.504469499999999726e+01 3.501555799999999863e+01 3.514671400000000290e+01
3.100006099999999876e+01 3.087271000000000143e+01 3.089727600000000152e+01
3.259463099999999969e+01 3.261314099999999883e+01 3.248862900000000309e+01
3.152841499999999897e+01 3.165537199999999984e+01 3.154632399999999848e+01
3.347363699999999653e+01 3.345385100000000023e+01 3.358118100000000084e+01
3.282920500000000175e+01 3.283889400000000336e+01 3.294465999999999894e+01
3.523169399999999740e+01 3.536756799999999856e+01 3.525254900000000191e+01
3.292907799999999696e+01 3.305561999999999756e+01 3.295004600000000039e+01
3.429292099999999976e+01 3.439901499999999857e+01 3.441947400000000101e+01
3.379292699999999883e+01 3.391126200000000068e+01 3.381804799999999744e+01
3.463713099999999656e+01 3.449045499999999720e+01 3.456030700000000166e+01
3.314175999999999789e+01 3.324870700000000312e+01 3.326842800000000011e+01
3.473726700000000278e+01 3.462901500000000254e+01 3.460855399999999804e+01
3.439215300000000042e+01 3.450031100000000350e+01 3.452074300000000306e+01
3.127504000000000062e+01 3.114958899999999886e+01 3.125783699999999854e+01
3.277034499999999895e+01 3.275080299999999767e+01 3.287758600000000087e+01
3.358620499999999964e+01 3.366730499999999893e+01 3.370459499999999764e+01
3.218863300000000294e+01 3.218858999999999781e+01 3.207467799999999869e+01
3.341554800000000114e+01 3.339532200000000017e+01 3.352219300000000146e+01
3.331193700000000035e+01 3.344031799999999777e+01 3.333234499999999656e+01
3.413540100000000166e+01 3.400732399999999700e+01 3.411489399999999961e+01
3.046131199999999950e+01 3.034103400000000050e+01 3.034440899999999885e+01
3.250799599999999856e+01 3.238089699999999738e+01 3.248789399999999716e+01
3.429153300000000115e+01 3.416467600000000004e+01 3.427124299999999835e+01
3.438314799999999849e+01 3.427731500000000153e+01 3.425553099999999773e+01
3.402197999999999922e+01 3.402207299999999890e+01 3.412069100000000077e+01
3.215405499999999961e+01 3.216994400000000098e+01 3.203704400000000163e+01
3.529074500000000114e+01 3.527363700000000080e+01 3.540595199999999920e+01
3.338051699999999755e+01 3.327164499999999947e+01 3.325282599999999888e+01
3.223373800000000244e+01 3.234076900000000165e+01 3.236080700000000121e+01
3.394717399999999685e+01 3.390317100000000039e+01 3.401761700000000133e+01
3.396700700000000239e+01 3.407717199999999735e+01 3.409149399999999730e+01
3.170832800000000162e+01 3.160005599999999859e+01 3.158124499999999912e+01
3.422736400000000145e+01 3.435433499999999896e+01 3.434053000000000111e+01
3.178032699999999977e+01 3.167159200000000041e+01 3.165422900000000084e+01
3.568462399999999946e+01 3.555323200000000128e+01 3.559110199999999935e+01
3.375755300000000148e+01 3.364128800000000297e+01 3.364237200000000172e+01
3.219852699999999857e+01 3.217974799999999647e+01 3.230712900000000332e+01
3.303519200000000211e+01 3.305561999999999756e+01 3.292907799999999696e+01
3.340365400000000307e+01 3.328438500000000033e+01 3.328533500000000345e+01
3.442834899999999720e+01 3.441264999999999930e+01 3.453850599999999815e+01
3.528374600000000072e+01 3.541666099999999773e+01 3.534754800000000330e+01
3.172844200000000114e+01 3.182869099999999918e+01 3.185849999999999937e+01
3.425553099999999773e+01 3.422736400000000145e+01 3.434053000000000111e+01
3.332657400000000081e+01 3.330673000000000172e+01 3.343401200000000273e+01
3.369718900000000161e+01 3.380500800000000083e+01 3.382383999999999702e+01
3.350146199999999652e+01 3.339411900000000344e+01 3.337392400000000237e+01
3.190681500000000170e+01 3.178032699999999977e+01 3.188820799999999878e+01
3.413540100000000166e+01 3.415578899999999862e+01 3.402797799999999739e+01
3.198180699999999987e+01 3.200122700000000009e+01 3.187336499999999972e+01
3.391157599999999661e+01 3.389174299999999818e+01 3.401910399999999868e+01
3.510141200000000339e+01 3.523169399999999740e+01 3.512320700000000073e+01
3.420934700000000106e+01 3.410575899999999905e+01 3.408674899999999752e+01
3.172707199999999972e+01 3.183554699999999826e+01 3.185437200000000146e+01
3.586549300000000073e+01 3.580734100000000097e+01 3.592007399999999961e+01
3.426365799999999950e+01 3.413540100000000166e+01 3.424334000000000344e+01
3.442829299999999648e+01 3.450349400000000344e+01 3.436817099999999670e+01
3.507056500000000199e+01 3.508958899999999659e+01 3.495818100000000328e+01
3.010000000000000142e+01 3.010000000000000142e+01 3.022398000000000096e+01
3.525014000000000181e+01 3.522982199999999864e+01 3.534708499999999987e+01
3.264358899999999863e+01 3.262433099999999797e+01 3.275080299999999767e+01
3.215195299999999889e+01 3.228549100000000038e+01 3.217076699999999789e+01
3.226436799999999749e+01 3.239061699999999888e+01 3.228137000000000256e+01
3.294222700000000259e+01 3.306059100000000228e+01 3.305967799999999812e+01
3.206456500000000176e+01 3.216994400000000098e+01 3.219250799999999657e+01
3.222899199999999809e+01 3.210202699999999965e+01 3.220865500000000026e+01
3.044758900000000068e+01 3.032447600000000065e+01 3.044746699999999962e+01
3.550810800000000000e+01 3.546430800000000261e+01 3.537245000000000061e+01
3.465851200000000176e+01 3.461670800000000270e+01 3.453927000000000191e+01
3.433726699999999710e+01 3.444223099999999960e+01 3.446800199999999847e+01
3.160005599999999859e+01 3.149204500000000095e+01 3.147351499999999902e+01
3.070629599999999826e+01 3.058447100000000063e+01 3.058764299999999992e+01
3.299535300000000149e+01 3.286863499999999760e+01 3.297572000000000259e+01
3.325865900000000153e+01 3.327835499999999769e+01 3.315128500000000145e+01
3.429258399999999796e+01 3.442829299999999648e+01 3.436817099999999670e+01
3.370535000000000281e+01 3.383262200000000064e+01 3.372466599999999914e+01
3.569975800000000277e+01 3.566209200000000124e+01 3.558185300000000240e+01
3.228819299999999970e+01 3.241589299999999696e+01 3.230712900000000332e+01
3.058764299999999992e+01 3.058447100000000063e+01 3.046511599999999831e+01
3.489089299999999838e+01 3.482279199999999975e+01 3.475865900000000153e+01
3.082200299999999871e+01 3.093619299999999939e+01 3.094451700000000116e+01
3.342009399999999886e+01 3.354827699999999879e+01 3.344031799999999777e+01
3.021856800000000121e+01 3.021846499999999835e+01 3.033564099999999897e+01
3.482592499999999802e+01 3.481542699999999968e+01 3.493341600000000113e+01
3.338166900000000226e+01 3.351615100000000069e+01 3.341008399999999767e+01
3.358965899999999749e+01 3.369718900000000161e+01 3.371599700000000155e+01
3.214656099999999839e+01 3.201872800000000296e+01 3.212638900000000319e+01
3.426365799999999950e+01 3.415578899999999862e+01 3.413540100000000166e+01
3.412143900000000230e+01 3.411518000000000228e+01 3.424939599999999729e+01
3.554466500000000195e+01 3.559279800000000193e+01 3.547456199999999882e+01
3.472695800000000332e+01 3.461810400000000243e+01 3.459937200000000246e+01
3.366895600000000144e+01 3.377674100000000124e+01 3.379649700000000223e+01
3.595260600000000295e+01 3.606007600000000224e+01 3.592403000000000191e+01
3.107362600000000086e+01 3.120026800000000122e+01 3.110108100000000064e+01
3.382414599999999893e+01 3.369639800000000207e+01 3.380396499999999804e+01
3.604852900000000204e+01 3.601882299999999759e+01 3.591768799999999828e+01
3.294482899999999859e+01 3.296488500000000244e+01 3.283776300000000248e+01
3.520450499999999749e+01 3.534144100000000321e+01 3.528374600000000072e+01
3.233567899999999895e+01 3.246278900000000078e+01 3.235616100000000017e+01
3.541008699999999720e+01 3.552644800000000203e+01 3.552048099999999664e+01
3.377376000000000289e+01 3.387942300000000273e+01 3.390057500000000346e+01
3.401910399999999868e+01 3.389174299999999818e+01 3.399941599999999653e+01
3.107510999999999868e+01 3.096302400000000077e+01 3.097433699999999845e+01
3.302742400000000345e+01 3.310000000000000142e+01 3.316337999999999653e+01
3.101980199999999854e+01 3.104782399999999853e+01 3.091930500000000137e+01
3.485145599999999888e+01 3.497521600000000319e+01 3.495964599999999933e+01
3.390304400000000129e+01 3.377603500000000025e+01 3.388614299999999702e+01
3.434897999999999740e+01 3.444616599999999806e+01 3.449045499999999720e+01
3.194170599999999993e+01 3.205591700000000088e+01 3.206954400000000049e+01
3.464959999999999951e+01 3.454089599999999649e+01 3.452074300000000306e+01
3.068265399999999943e+01 3.066302599999999856e+01 3.078882300000000072e+01
3.484548099999999948e+01 3.482392000000000110e+01 3.495140800000000070e+01
3.353271600000000063e+01 3.341944199999999654e+01 3.353216900000000322e+01
3.424826600000000099e+01 3.437715099999999779e+01 3.427124299999999835e+01
3.247927899999999823e+01 3.237305400000000333e+01 3.235578399999999988e+01
3.446325499999999664e+01 3.448432700000000040e+01 3.435695100000000224e+01
3.528374600000000072e+01 3.534144100000000321e+01 3.541666099999999773e+01
3.401280500000000018e+01 3.403210200000000185e+01 3.390443700000000149e+01
3.554645099999999758e+01 3.565930300000000130e+01 3.568076299999999890e+01
3.457751999999999981e+01 3.451628000000000185e+01 3.444026499999999658e+01
3.215405499999999961e+01 3.228137000000000256e+01 3.216994400000000098e+01
3.368876099999999951e+01 3.366895600000000144e+01 3.379649700000000223e+01
3.360089899999999830e+01 3.349321100000000229e+01 3.347363699999999653e+01
3.588715599999999739e+01 3.585639799999999866e+01 3.575598300000000052e+01
3.538453100000000262e+01 3.553091400000000277e+01 3.540595199999999920e+01
3.446800199999999847e+01 3.444223099999999960e+01 3.457105899999999821e+01
3.034277099999999905e+01 3.046659700000000015e+01 3.046605599999999825e+01
3.396010100000000165e+01 3.385220199999999835e+01 3.383262200000000064e+01
3.372808700000000215e+01 3.375165599999999699e+01 3.362365900000000352e+01
3.487424200000000241e+01 3.485145599999999888e+01 3.495964599999999933e+01
3.512395300000000020e+01 3.499624299999999977e+01 3.510586500000000143e+01
3.371036200000000349e+01 3.359608200000000267e+01 3.358765499999999804e+01
3.317852800000000002e+01 3.331548300000000040e+01 3.323821199999999720e+01
3.516420200000000307e+01 3.513655099999999720e+01 3.501516999999999769e+01
3.258351700000000051e+01 3.245665900000000192e+01 3.256075700000000239e+01
3.246790399999999721e+01 3.259496500000000196e+01 3.248789399999999716e+01
3.260472099999999784e+01 3.258351700000000051e+01 3.271064700000000158e+01
3.546430800000000261e+01 3.555574699999999666e+01 3.541382699999999772e+01
3.119158900000000045e+01 3.106525200000000098e+01 3.118236699999999928e+01
3.563395100000000326e+01 3.556812800000000152e+01 3.568939199999999801e+01
3.521633599999999831e+01 3.510586500000000143e+01 3.508958899999999659e+01
3.198069299999999870e+01 3.208751099999999923e+01 3.210690400000000011e+01
3.384423300000000268e+01 3.382414599999999893e+01 3.395178500000000099e+01
3.266431399999999741e+01 3.254586400000000168e+01 3.266062500000000313e+01
3.437176900000000046e+01 3.435147599999999812e+01 3.447992399999999691e+01
3.326842800000000011e+01 3.324870700000000312e+01 3.337543800000000260e+01
3.393158100000000132e+01 3.405908600000000064e+01 3.395178500000000099e+01
3.333558500000000180e+01 3.341411300000000040e+01 3.347231899999999882e+01
3.216078499999999707e+01 3.226886300000000318e+01 3.228819299999999970e+01
3.432384799999999814e+01 3.419579399999999936e+01 3.430399299999999840e+01
3.210923400000000072e+01 3.209009300000000309e+01 3.221717399999999998e+01
3.244781600000000310e+01 3.234076900000000165e+01 3.232034500000000321e+01
3.034103400000000050e+01 3.022398000000000096e+01 3.034440899999999885e+01
3.206031099999999867e+01 3.193775499999999923e+01 3.194456200000000123e+01
3.615394799999999975e+01 3.625409199999999998e+01 3.612660799999999739e+01
3.579733900000000091e+01 3.566209200000000124e+01 3.569975800000000277e+01
3.206086499999999972e+01 3.208167300000000211e+01 3.195476800000000139e+01
3.506295999999999680e+01 3.515359600000000029e+01 3.501965599999999768e+01
3.362365900000000352e+01 3.349502799999999780e+01 3.359608200000000267e+01
3.431423999999999808e+01 3.420806600000000230e+01 3.418661300000000125e+01
3.404810299999999756e+01 3.392069099999999793e+01 3.402797799999999739e+01
3.368599300000000341e+01 3.357836000000000354e+01 3.355875100000000089e+01
3.326676299999999742e+01 3.324632499999999879e+01 3.337392400000000237e+01
3.299175999999999931e+01 3.296775399999999934e+01 3.309674199999999900e+01
3.385976200000000347e+01 3.375662499999999966e+01 3.373495700000000141e+01
3.575225199999999859e+01 3.588918900000000178e+01 3.582527199999999823e+01
3.501555799999999863e+01 3.512211599999999834e+01 3.514671400000000290e+01
3.401927700000000243e+01 3.398585599999999829e+01 3.411150500000000108e+01
3.427731500000000153e+01 3.428457600000000127e+01 3.414260999999999768e+01
3.293077199999999749e+01 3.279842599999999919e+01 3.282475399999999865e+01
3.257860000000000156e+01 3.259463099999999969e+01 3.246997799999999756e+01
3.489564500000000180e+01 3.485758299999999821e+01 3.476636500000000041e+01
3.179911299999999841e+01 3.169000199999999978e+01 3.167286100000000104e+01
3.130556800000000095e+01 3.141784000000000177e+01 3.143467100000000158e+01
3.564887199999999723e+01 3.575598300000000052e+01 3.563283500000000004e+01
3.338573800000000347e+01 3.340525300000000186e+01 3.327835499999999769e+01
3.452356199999999831e+01 3.450779599999999903e+01 3.463464400000000154e+01
3.354827699999999879e+01 3.367627000000000237e+01 3.356847599999999687e+01
3.475782699999999892e+01 3.488667999999999836e+01 3.477895000000000181e+01
3.423964300000000094e+01 3.435498900000000333e+01 3.423029100000000113e+01
3.105484500000000025e+01 3.107252899999999940e+01 3.094326799999999977e+01
3.241685199999999867e+01 3.230325700000000211e+01 3.230134300000000280e+01
3.377674100000000124e+01 3.375674699999999717e+01 3.388471700000000197e+01
3.508701899999999796e+01 3.518842399999999770e+01 3.522247899999999987e+01
3.476029499999999928e+01 3.486676599999999837e+01 3.488827299999999809e+01
3.494837600000000322e+01 3.506056699999999893e+01 3.493956699999999671e+01
3.444026499999999658e+01 3.451628000000000185e+01 3.437939200000000284e+01
3.356847599999999687e+01 3.358867500000000206e+01 3.346066700000000083e+01
3.458701899999999796e+01 3.470300100000000043e+01 3.458731300000000175e+01
3.396401300000000134e+01 3.383625399999999672e+01 3.394360999999999962e+01
3.501516999999999769e+01 3.513655099999999720e+01 3.502334499999999906e+01
3.423489200000000210e+01 3.434329000000000320e+01 3.436250600000000333e+01
3.550946100000000172e+01 3.549920900000000046e+01 3.538184400000000096e+01
3.430027199999999965e+01 3.417373099999999653e+01 3.427901500000000112e+01
3.384197699999999998e+01 3.396700700000000239e+01 3.385976200000000347e+01
3.309196399999999727e+01 3.307211000000000212e+01 3.319934800000000052e+01
3.507886500000000041e+01 3.520630100000000340e+01 3.510141200000000339e+01
3.398474499999999665e+01 3.396401300000000134e+01 3.409200400000000286e+01
3.109875600000000162e+01 3.124054800000000043e+01 3.116513399999999834e+01
3.526864400000000188e+01 3.523107799999999656e+01 3.513655099999999720e+01
3.369219400000000064e+01 3.356509599999999693e+01 3.366876299999999844e+01
3.495818100000000328e+01 3.482592499999999802e+01 3.493341600000000113e+01
3.070077399999999912e+01 3.058099199999999840e+01 3.058447100000000063e+01
3.398954299999999762e+01 3.414260999999999768e+01 3.404538999999999760e+01
3.470000000000000284e+01 3.463875999999999777e+01 3.456370400000000132e+01
3.533489300000000100e+01 3.543782199999999705e+01 3.546731900000000337e+01
3.482646199999999936e+01 3.494837600000000322e+01 3.493956699999999671e+01
3.394360999999999962e+01 3.381624699999999706e+01 3.392395299999999736e+01
3.401749300000000176e+01 3.399991800000000097e+01 3.412143900000000230e+01
3.429258399999999796e+01 3.416826100000000110e+01 3.421401099999999929e+01
3.475867600000000124e+01 3.478099199999999769e+01 3.465330800000000266e+01
3.152864299999999886e+01 3.141784000000000177e+01 3.140331799999999873e+01
3.541371699999999834e+01 3.530136999999999858e+01 3.528603799999999779e+01
3.430275699999999972e+01 3.428635599999999783e+01 3.441264999999999930e+01
3.395105800000000329e+01 3.406390499999999832e+01 3.407717199999999735e+01
3.228819299999999970e+01 3.239641300000000257e+01 3.241589299999999696e+01
3.224903100000000222e+01 3.235616100000000017e+01 3.237641299999999944e+01
3.503639499999999884e+01 3.501612399999999781e+01 3.514377999999999957e+01
3.242456399999999661e+01 3.230325700000000211e+01 3.241685199999999867e+01
3.203973599999999777e+01 3.206086499999999972e+01 3.193360699999999852e+01
3.021804699999999855e+01 3.010000000000000142e+01 3.021393199999999979e+01
3.234380500000000325e+01 3.246997799999999756e+01 3.236252100000000098e+01
3.506056699999999893e+01 3.517485599999999835e+01 3.517363000000000284e+01
3.536756799999999856e+01 3.550946100000000172e+01 3.538184400000000096e+01
3.046659700000000015e+01 3.059132599999999869e+01 3.059070300000000131e+01
3.482279199999999975e+01 3.492887100000000089e+01 3.481539899999999932e+01
3.481590099999999666e+01 3.483977600000000052e+01 3.470957800000000049e+01
3.409200400000000286e+01 3.421997499999999803e+01 3.411518000000000228e+01
3.133584000000000103e+01 3.134363799999999856e+01 3.124152499999999932e+01
3.439850700000000217e+01 3.441897399999999863e+01 3.429153300000000115e+01
3.349502799999999780e+01 3.352395599999999831e+01 3.340383299999999878e+01
3.184871400000000108e+01 3.197528900000000007e+01 3.186891200000000168e+01
3.511236000000000246e+01 3.507112399999999752e+01 3.497443499999999972e+01
3.165422900000000084e+01 3.152864299999999886e+01 3.163731999999999900e+01
3.438314799999999849e+01 3.425553099999999773e+01 3.434053000000000111e+01
3.399941599999999653e+01 3.387191500000000133e+01 3.397971900000000289e+01
3.506295999999999680e+01 3.501965599999999768e+01 3.492963300000000260e+01
3.151029000000000124e+01 3.161870400000000103e+01 3.163724099999999950e+01
3.435288200000000103e+01 3.421401099999999929e+01 3.430031799999999720e+01
3.423767200000000344e+01 3.437939200000000284e+01 3.432578300000000127e+01
3.580734100000000097e+01 3.590335600000000227e+01 3.592007399999999961e+01
3.372654200000000202e+01 3.386298200000000236e+01 3.378481899999999882e+01
3.268245699999999943e+01 3.270217199999999735e+01 3.257508200000000187e+01
3.463262600000000191e+01 3.473923400000000328e+01 3.476029499999999928e+01
3.286667500000000075e+01 3.288967399999999941e+01 3.276067499999999910e+01
3.554466500000000195e+01 3.547456199999999882e+01 3.543388999999999811e+01
3.398474499999999665e+01 3.409200400000000286e+01 3.411518000000000228e+01
3.222899199999999809e+01 3.235616100000000017e+01 3.224903100000000222e+01
3.278018300000000096e+01 3.272145799999999838e+01 3.287496199999999646e+01
3.320987300000000175e+01 3.310250099999999662e+01 3.308304600000000306e+01
3.423029100000000113e+01 3.435433499999999896e+01 3.422736400000000145e+01
3.208751099999999923e+01 3.206456500000000176e+01 3.219250799999999657e+01
3.114958899999999886e+01 3.103965699999999828e+01 3.102565200000000090e+01
3.356990600000000313e+01 3.370767699999999678e+01 3.362941800000000114e+01
3.383625399999999672e+01 3.372840699999999714e+01 3.370862600000000242e+01
3.481692600000000226e+01 3.470585599999999715e+01 3.482646199999999936e+01
3.329912099999999953e+01 3.343260599999999982e+01 3.336192299999999733e+01
3.349502799999999780e+01 3.340383299999999878e+01 3.336111999999999966e+01
3.329334099999999808e+01 3.320759799999999728e+01 3.314031700000000313e+01
3.321165200000000084e+01 3.320759799999999728e+01 3.332708600000000132e+01
3.401927700000000243e+01 3.406197900000000089e+01 3.392902600000000035e+01
3.551546499999999895e+01 3.538118699999999706e+01 3.541382699999999772e+01
3.424939599999999729e+01 3.433515899999999732e+01 3.422489900000000063e+01
3.543766600000000011e+01 3.541371699999999834e+01 3.554645099999999758e+01
3.130556800000000095e+01 3.143467100000000158e+01 3.132722499999999854e+01
3.340513399999999677e+01 3.340380400000000094e+01 3.328649399999999758e+01
3.353092000000000183e+01 3.360891999999999769e+01 3.366730499999999893e+01
3.465377800000000263e+01 3.463262600000000191e+01 3.476029499999999928e+01
3.471676899999999932e+01 3.484545299999999912e+01 3.473726700000000278e+01
3.371599700000000155e+01 3.384197699999999998e+01 3.373495700000000141e+01
3.492994900000000058e+01 3.480241099999999932e+01 3.490886700000000076e+01
3.429292099999999976e+01 3.427303100000000313e+01 3.439901499999999857e+01
3.298475799999999936e+01 3.296488500000000244e+01 3.309196399999999727e+01
3.554466500000000195e+01 3.563395100000000326e+01 3.565048399999999873e+01
3.602612599999999787e+01 3.606817600000000112e+01 3.595114399999999932e+01
3.182046000000000063e+01 3.170950900000000061e+01 3.182875299999999896e+01
3.417373099999999653e+01 3.403965000000000174e+01 3.414042700000000252e+01
3.125783699999999854e+01 3.113250400000000084e+01 3.124142900000000012e+01
3.305562499999999915e+01 3.293991599999999664e+01 3.293077199999999749e+01
3.341411599999999993e+01 3.352152999999999849e+01 3.354147900000000249e+01
3.253325499999999693e+01 3.241398499999999672e+01 3.242190999999999690e+01
3.068681099999999873e+01 3.057262199999999908e+01 3.056297500000000156e+01
3.331548300000000040e+01 3.325705599999999862e+01 3.339411700000000138e+01
3.093619299999999939e+01 3.104782399999999853e+01 3.106525200000000098e+01
3.021897399999999934e+01 3.010000000000000142e+01 3.022398000000000096e+01
3.325282599999999888e+01 3.327164499999999947e+01 3.314324799999999982e+01
3.492963300000000260e+01 3.488548200000000321e+01 3.479664900000000216e+01
3.526033900000000187e+01 3.533666099999999943e+01 3.518404499999999757e+01
3.576021999999999679e+01 3.590335600000000227e+01 3.580734100000000097e+01
3.550810800000000000e+01 3.537245000000000061e+01 3.541993099999999828e+01
3.317852800000000002e+01 3.325705599999999862e+01 3.331548300000000040e+01
3.559110199999999935e+01 3.545998800000000273e+01 3.549920900000000046e+01
3.426365799999999950e+01 3.424334000000000344e+01 3.437176900000000046e+01
3.484548900000000060e+01 3.473446799999999968e+01 3.471426999999999907e+01
3.257860000000000156e+01 3.268918899999999894e+01 3.270292500000000047e+01
3.364219299999999890e+01 3.352292400000000328e+01 3.352281800000000089e+01
3.441819499999999721e+01 3.428457600000000127e+01 3.440225800000000334e+01
3.170832800000000162e+01 3.183554699999999826e+01 3.172707199999999972e+01
3.096302400000000077e+01 3.083763099999999824e+01 3.084551400000000143e+01
3.156460900000000080e+01 3.154632399999999848e+01 3.167286100000000104e+01
3.370767699999999678e+01 3.364801400000000342e+01 3.378481899999999882e+01
3.401927700000000243e+01 3.392902600000000035e+01 3.388146100000000160e+01
3.433726699999999710e+01 3.446800199999999847e+01 3.435974600000000123e+01
3.325865900000000153e+01 3.323896899999999732e+01 3.336611200000000110e+01
3.329166200000000231e+01 3.328811600000000226e+01 3.317395400000000194e+01
3.461177200000000198e+01 3.450500600000000162e+01 3.448432700000000040e+01
3.409200400000000286e+01 3.396401300000000134e+01 3.407045500000000260e+01
3.065342199999999906e+01 3.059004499999999993e+01 3.072293700000000172e+01
3.110108100000000064e+01 3.111885600000000096e+01 3.100006099999999876e+01
3.315958400000000239e+01 3.317948700000000173e+01 3.305225699999999733e+01
3.452189099999999655e+01 3.464988000000000312e+01 3.463110000000000355e+01
3.170736899999999991e+01 3.181430100000000039e+01 3.182869099999999918e+01
3.278077199999999891e+01 3.271783800000000042e+01 3.285038600000000031e+01
3.456891999999999854e+01 3.459064399999999750e+01 3.446325499999999664e+01
3.010000000000000142e+01 3.010000000000000142e+01 3.021393199999999979e+01
3.228549100000000038e+01 3.242761000000000138e+01 3.230134300000000280e+01
3.461614000000000146e+01 3.460158400000000256e+01 3.473630299999999949e+01
3.471676899999999932e+01 3.473726700000000278e+01 3.460855399999999804e+01
3.539929899999999918e+01 3.528603799999999779e+01 3.529046799999999706e+01
3.419550900000000127e+01 3.406390499999999832e+01 3.417373099999999653e+01
3.176455699999999993e+01 3.189242499999999936e+01 3.178248900000000177e+01
3.424043300000000301e+01 3.435810800000000143e+01 3.423964300000000094e+01
3.227400300000000044e+01 3.229453099999999921e+01 3.216723999999999961e+01
3.309869400000000184e+01 3.299444799999999844e+01 3.297175599999999918e+01
3.545998800000000273e+01 3.541993099999999828e+01 3.531098099999999818e+01
3.439716899999999811e+01 3.428635599999999783e+01 3.426942300000000330e+01
3.348252800000000207e+01 3.335593000000000075e+01 3.346313500000000118e+01
3.118235200000000162e+01 3.129211899999999957e+01 3.131000099999999975e+01
3.328851900000000086e+01 3.339532200000000017e+01 3.341554800000000114e+01
3.245238100000000259e+01 3.234380500000000325e+01 3.232556999999999903e+01
3.352292400000000328e+01 3.340365400000000307e+01 3.340380400000000094e+01
3.427731500000000153e+01 3.414260999999999768e+01 3.417340800000000200e+01
3.497521600000000319e+01 3.485145599999999888e+01 3.483977600000000052e+01
3.407717199999999735e+01 3.406390499999999832e+01 3.419550900000000127e+01
3.240120100000000036e+01 3.229453099999999921e+01 3.227400300000000044e+01
3.129211899999999957e+01 3.140150200000000069e+01 3.141927400000000148e+01
3.267243700000000217e+01 3.268918899999999894e+01 3.256198599999999743e+01
3.609305499999999967e+01 3.606007600000000224e+01 3.595260600000000295e+01
3.373662699999999859e+01 3.360894299999999646e+01 3.371648600000000329e+01
3.402197999999999922e+01 3.414953299999999814e+01 3.402635200000000282e+01
3.467605400000000060e+01 3.464483899999999750e+01 3.475865900000000153e+01
3.401910399999999868e+01 3.399941599999999653e+01 3.412680799999999692e+01
3.454681699999999722e+01 3.441897399999999863e+01 3.452600499999999784e+01
3.106309500000000057e+01 3.105415299999999945e+01 3.094058899999999923e+01
3.345557099999999906e+01 3.348183199999999715e+01 3.358765499999999804e+01
3.440225800000000334e+01 3.428457600000000127e+01 3.427731500000000153e+01
3.474123600000000067e+01 3.470000000000000284e+01 3.461670800000000270e+01
3.149204500000000095e+01 3.151029000000000124e+01 3.138371700000000075e+01
3.058099199999999840e+01 3.046395800000000165e+01 3.058447100000000063e+01
3.082998900000000120e+01 3.081728000000000023e+01 3.094326799999999977e+01
3.328533500000000345e+01 3.316666899999999885e+01 3.316989199999999727e+01
3.402197999999999922e+01 3.390304400000000129e+01 3.402207299999999890e+01
3.397328999999999866e+01 3.381325400000000059e+01 3.387703299999999729e+01
3.293156299999999703e+01 3.279954500000000195e+01 3.282920500000000175e+01
3.518459599999999909e+01 3.529074500000000114e+01 3.531031300000000073e+01
3.405546799999999763e+01 3.392668799999999862e+01 3.403900900000000007e+01
3.165422900000000084e+01 3.154480600000000123e+01 3.152864299999999886e+01
3.578342599999999862e+01 3.567783000000000015e+01 3.581806499999999716e+01
3.277034499999999895e+01 3.287758600000000087e+01 3.289721800000000229e+01
3.399280499999999705e+01 3.401280500000000018e+01 3.388471700000000197e+01
3.355138099999999923e+01 3.344399700000000308e+01 3.342466100000000040e+01
3.306059100000000228e+01 3.304701599999999928e+01 3.318559499999999929e+01
3.257086600000000232e+01 3.270624800000000221e+01 3.264462300000000283e+01
3.262947700000000140e+01 3.265006999999999948e+01 3.252398500000000325e+01
3.431423999999999808e+01 3.444223099999999960e+01 3.433726699999999710e+01
3.217544699999999835e+01 3.205617800000000273e+01 3.206031099999999867e+01
3.237641299999999944e+01 3.250413400000000053e+01 3.239641300000000257e+01
3.452356199999999831e+01 3.439901499999999857e+01 3.450779599999999903e+01
3.181683699999999959e+01 3.183554699999999826e+01 3.170832800000000162e+01
3.431123099999999937e+01 3.418339100000000030e+01 3.429153300000000115e+01
3.403900900000000007e+01 3.391494800000000254e+01 3.402005199999999974e+01
3.447288199999999847e+01 3.458877199999999874e+01 3.458701899999999796e+01
3.094451700000000116e+01 3.106128000000000000e+01 3.097433699999999845e+01
3.420934700000000106e+01 3.423004099999999994e+01 3.410575899999999905e+01
3.606007600000000224e+01 3.616497400000000084e+01 3.603239399999999648e+01
3.192681299999999922e+01 3.204003199999999651e+01 3.205591700000000088e+01
3.405546799999999763e+01 3.394585299999999961e+01 3.392668799999999862e+01
3.268245699999999943e+01 3.280950200000000194e+01 3.270217199999999735e+01
3.311179800000000029e+01 3.321914400000000001e+01 3.323896899999999732e+01
3.363957500000000067e+01 3.351272900000000021e+01 3.362036200000000008e+01
3.010000000000000142e+01 3.010000000000000142e+01 3.021853899999999982e+01
3.451242400000000288e+01 3.464372800000000296e+01 3.459499900000000139e+01
3.446800199999999847e+01 3.449011300000000091e+01 3.435974600000000123e+01
3.343720700000000079e+01 3.330942399999999992e+01 3.341554800000000114e+01
3.147638600000000153e+01 3.149347500000000011e+01 3.160419999999999874e+01
3.404538999999999760e+01 3.408674899999999752e+01 3.395206300000000255e+01
3.382113400000000070e+01 3.390306000000000353e+01 3.395206300000000255e+01
3.277790199999999743e+01 3.290523999999999916e+01 3.279760399999999976e+01
3.057707600000000170e+01 3.046131199999999950e+01 3.058099199999999840e+01
3.412366099999999847e+01 3.412021599999999921e+01 3.423964300000000094e+01
3.336102100000000092e+01 3.346954099999999954e+01 3.348887500000000017e+01
3.629999999999999716e+01 3.628379699999999985e+01 3.617047900000000027e+01
3.338051699999999755e+01 3.336102100000000092e+01 3.348887500000000017e+01
3.469647799999999904e+01 3.459064399999999750e+01 3.456891999999999854e+01
3.566209200000000124e+01 3.576251899999999750e+01 3.562343899999999763e+01
3.231510300000000058e+01 3.233567899999999895e+01 3.220865500000000026e+01
3.256075700000000239e+01 3.245665900000000192e+01 3.242973899999999787e+01
3.247927899999999823e+01 3.235578399999999988e+01 3.245665900000000192e+01
3.201468100000000305e+01 3.203365099999999899e+01 3.190681500000000170e+01
3.459499900000000139e+01 3.456814700000000329e+01 3.444674400000000247e+01
3.291688099999999650e+01 3.302420200000000250e+01 3.304393499999999761e+01
3.473726700000000278e+01 3.475782699999999892e+01 3.462901500000000254e+01
3.160005599999999859e+01 3.147351499999999902e+01 3.158124499999999912e+01
3.472721200000000152e+01 3.468454799999999949e+01 3.459226300000000265e+01
3.423767200000000344e+01 3.432578300000000127e+01 3.420216800000000035e+01
3.448536800000000113e+01 3.442829299999999648e+01 3.435288200000000103e+01
3.463262600000000191e+01 3.452600499999999784e+01 3.450500600000000162e+01
3.309196399999999727e+01 3.319934800000000052e+01 3.321914400000000001e+01
3.512519300000000300e+01 3.521638000000000090e+01 3.507947899999999919e+01
3.178032699999999977e+01 3.165422900000000084e+01 3.176230999999999938e+01
3.070629599999999826e+01 3.070077399999999912e+01 3.058447100000000063e+01
3.077111500000000177e+01 3.067381800000000069e+01 3.065487900000000110e+01
3.366776399999999825e+01 3.377376000000000289e+01 3.379383899999999841e+01
3.399776800000000065e+01 3.410575899999999905e+01 3.397328999999999866e+01
3.034409499999999937e+01 3.034285699999999864e+01 3.046511599999999831e+01
3.352817799999999693e+01 3.340002299999999735e+01 3.350844299999999976e+01
3.497714899999999716e+01 3.484548900000000060e+01 3.495818100000000328e+01
3.431135900000000305e+01 3.420934700000000106e+01 3.418048799999999687e+01
3.378545100000000190e+01 3.376624199999999831e+01 3.389242600000000039e+01
3.523107799999999656e+01 3.519195400000000262e+01 3.510276300000000305e+01
3.286880299999999977e+01 3.293792200000000037e+01 3.300797699999999679e+01
3.154480600000000123e+01 3.167159200000000041e+01 3.156242100000000050e+01
3.499624299999999977e+01 3.486620599999999826e+01 3.497714899999999716e+01
3.452685000000000315e+01 3.463001100000000321e+01 3.465330800000000266e+01
3.335593000000000075e+01 3.322925099999999787e+01 3.333656799999999976e+01
3.561760900000000163e+01 3.568398799999999937e+01 3.574278499999999781e+01
3.202138899999999921e+01 3.204003199999999651e+01 3.191050800000000010e+01
3.396700700000000239e+01 3.409149399999999730e+01 3.398110899999999646e+01
3.147733399999999904e+01 3.158375699999999853e+01 3.160398199999999846e+01
3.218258500000000311e+01 3.207019199999999870e+01 3.218858999999999781e+01
3.483977600000000052e+01 3.472695800000000332e+01 3.470957800000000049e+01
3.375397699999999901e+01 3.378063600000000122e+01 3.385937100000000299e+01
3.261491500000000343e+01 3.263497799999999671e+01 3.250799599999999856e+01
3.432053700000000163e+01 3.442834899999999720e+01 3.444616599999999806e+01
3.266062500000000313e+01 3.254586400000000168e+01 3.252691699999999742e+01
3.383732200000000034e+01 3.385758799999999979e+01 3.372808700000000215e+01
3.323896899999999732e+01 3.334638900000000206e+01 3.336611200000000110e+01
3.269633600000000229e+01 3.256926800000000100e+01 3.267561500000000052e+01
3.493341600000000113e+01 3.492657499999999970e+01 3.502919299999999936e+01
3.314011299999999949e+01 3.327131200000000177e+01 3.320018199999999808e+01
3.516404800000000108e+01 3.503639499999999884e+01 3.514377999999999957e+01
3.423004099999999994e+01 3.433576099999999798e+01 3.435695100000000224e+01
3.529046799999999706e+01 3.517485599999999835e+01 3.528465899999999777e+01
3.568076299999999890e+01 3.580428299999999808e+01 3.580270099999999900e+01
3.460855399999999804e+01 3.462901500000000254e+01 3.450031100000000350e+01
3.291399200000000036e+01 3.303700299999999856e+01 3.293077199999999749e+01
3.426942300000000330e+01 3.425105099999999680e+01 3.438178400000000323e+01
3.499411099999999664e+01 3.512211599999999834e+01 3.501555799999999863e+01
3.399776800000000065e+01 3.387703299999999729e+01 3.395206300000000255e+01
3.357836000000000354e+01 3.345192200000000327e+01 3.355875100000000089e+01
3.437939200000000284e+01 3.445503999999999678e+01 3.432578300000000127e+01
3.504062400000000110e+01 3.491089999999999804e+01 3.501646999999999821e+01
3.385758799999999979e+01 3.398637999999999693e+01 3.387942300000000273e+01
3.324920000000000186e+01 3.322600700000000273e+01 3.335576999999999970e+01
3.463464400000000154e+01 3.461810400000000243e+01 3.474670799999999815e+01
3.386456900000000303e+01 3.384423300000000268e+01 3.397227399999999875e+01
3.305562499999999915e+01 3.307329500000000166e+01 3.293991599999999664e+01
3.435695100000000224e+01 3.448432700000000040e+01 3.437715099999999779e+01
3.388073099999999727e+01 3.375755300000000148e+01 3.387249200000000116e+01
3.192533799999999999e+01 3.203365099999999899e+01 3.205245599999999939e+01
3.378545100000000190e+01 3.365876899999999949e+01 3.376624199999999831e+01
3.388146100000000160e+01 3.378063600000000122e+01 3.375024700000000166e+01
3.550946100000000172e+01 3.536756799999999856e+01 3.546731900000000337e+01
3.195963899999999924e+01 3.196047000000000082e+01 3.185849999999999937e+01
3.021393199999999979e+01 3.010000000000000142e+01 3.019793299999999903e+01
3.407456899999999678e+01 3.396590499999999935e+01 3.394585299999999961e+01
3.199526399999999882e+01 3.188820799999999878e+01 3.186891200000000168e+01
3.172216299999999833e+01 3.182795899999999989e+01 3.184871400000000108e+01
3.548049400000000020e+01 3.555123900000000248e+01 3.562178600000000017e+01
3.265006999999999948e+01 3.275855299999999914e+01 3.277790199999999743e+01
3.365621800000000263e+01 3.352817799999999693e+01 3.363635899999999879e+01
3.420292800000000000e+01 3.422301099999999963e+01 3.409453500000000048e+01
3.435147599999999812e+01 3.422301099999999963e+01 3.433119200000000149e+01
3.435433499999999896e+01 3.446641900000000192e+01 3.434053000000000111e+01
3.421401099999999929e+01 3.416826100000000110e+01 3.409372499999999917e+01
3.172844200000000114e+01 3.170950900000000061e+01 3.160419999999999874e+01
3.492994900000000058e+01 3.503639499999999884e+01 3.505738900000000058e+01
3.453850599999999815e+01 3.452189099999999655e+01 3.463110000000000355e+01
3.342009399999999886e+01 3.344031799999999777e+01 3.331193700000000035e+01
3.457751999999999981e+01 3.444026499999999658e+01 3.450349400000000344e+01
3.334638900000000206e+01 3.345385100000000023e+01 3.347363699999999653e+01
3.521633599999999831e+01 3.519901500000000283e+01 3.533410700000000304e+01
3.582874900000000196e+01 3.579733900000000091e+01 3.569975800000000277e+01
3.271419999999999817e+01 3.282739200000000324e+01 3.283889400000000336e+01
3.021934100000000001e+01 3.021782699999999977e+01 3.033857100000000173e+01
3.307329500000000166e+01 3.320345799999999770e+01 3.309674199999999900e+01
3.489089299999999838e+01 3.495913999999999788e+01 3.482279199999999975e+01
3.391494800000000254e+01 3.390091400000000021e+01 3.402005199999999974e+01
3.331144299999999703e+01 3.329166200000000231e+01 3.318559499999999929e+01
3.316666899999999885e+01 3.304565300000000150e+01 3.305271199999999965e+01
3.230325700000000211e+01 3.230606399999999923e+01 3.218863300000000294e+01
3.482279199999999975e+01 3.467605400000000060e+01 3.475865900000000153e+01
3.287758600000000087e+01 3.298475799999999936e+01 3.300448399999999793e+01
3.489089299999999838e+01 3.487424200000000241e+01 3.501516999999999769e+01
3.170950900000000061e+01 3.158723699999999823e+01 3.160419999999999874e+01
3.559279800000000193e+01 3.554466500000000195e+01 3.565048399999999873e+01
3.446641900000000192e+01 3.447231099999999770e+01 3.458731300000000175e+01
3.033109599999999872e+01 3.044406700000000043e+01 3.044982699999999909e+01
3.586549300000000073e+01 3.595260600000000295e+01 3.580428299999999808e+01
3.452685000000000315e+01 3.440225800000000334e+01 3.450386100000000056e+01
3.415949899999999673e+01 3.405105400000000060e+01 3.403210200000000185e+01
3.218258500000000311e+01 3.206031099999999867e+01 3.207019199999999870e+01
3.272194900000000217e+01 3.274181600000000003e+01 3.261491500000000343e+01
3.010000000000000142e+01 3.021996599999999944e+01 3.022052000000000049e+01
3.169837100000000163e+01 3.157910199999999890e+01 3.157793200000000056e+01
3.322925099999999787e+01 3.310250099999999662e+01 3.320987300000000175e+01
3.278077199999999891e+01 3.285038600000000031e+01 3.289910700000000077e+01
3.291688099999999650e+01 3.278985800000000239e+01 3.289721800000000229e+01
3.486586599999999692e+01 3.484545299999999912e+01 3.497348499999999660e+01
3.498865200000000186e+01 3.485758299999999821e+01 3.489564500000000180e+01
3.249803899999999857e+01 3.261314099999999883e+01 3.257677400000000034e+01
3.256075700000000239e+01 3.266991900000000015e+01 3.268953400000000187e+01
3.481590099999999666e+01 3.493884400000000312e+01 3.483977600000000052e+01
3.252398500000000325e+01 3.254292300000000182e+01 3.242039499999999919e+01
3.490886700000000076e+01 3.480241099999999932e+01 3.478099199999999769e+01
3.460165800000000047e+01 3.463001100000000321e+01 3.450386100000000056e+01
3.347231899999999882e+01 3.341411300000000040e+01 3.355060900000000146e+01
3.314175999999999789e+01 3.316172199999999748e+01 3.303519200000000211e+01
3.381624699999999706e+01 3.370862600000000242e+01 3.368876099999999951e+01
3.196285900000000169e+01 3.207128900000000016e+01 3.209009300000000309e+01
3.158375699999999853e+01 3.156460900000000080e+01 3.169000199999999978e+01
3.414953299999999814e+01 3.409592099999999704e+01 3.402635200000000282e+01
3.358867500000000206e+01 3.348116999999999877e+01 3.346066700000000083e+01
3.482392000000000110e+01 3.469647799999999904e+01 3.480241099999999932e+01
3.170832800000000162e+01 3.172707199999999972e+01 3.160005599999999859e+01
3.147733399999999904e+01 3.160398199999999846e+01 3.149347500000000011e+01
3.351615100000000069e+01 3.364686900000000236e+01 3.353216900000000322e+01
3.322778900000000135e+01 3.336192299999999733e+01 3.330182800000000043e+01
3.115869000000000000e+01 3.116822300000000112e+01 3.106393299999999869e+01
3.278197899999999976e+01 3.290866199999999964e+01 3.280245299999999986e+01
3.317098299999999966e+01 3.329788899999999785e+01 3.319042100000000062e+01
3.364793300000000187e+01 3.377376000000000289e+01 3.366776399999999825e+01
3.519901500000000283e+01 3.508958899999999659e+01 3.507056500000000199e+01
3.460165800000000047e+01 3.446641900000000192e+01 3.458731300000000175e+01
3.562178600000000017e+01 3.568398799999999937e+01 3.555141600000000324e+01
3.478247199999999850e+01 3.474123600000000067e+01 3.465851200000000176e+01
3.362903000000000020e+01 3.350146199999999652e+01 3.360894299999999646e+01
3.111820900000000023e+01 3.114584400000000031e+01 3.101980199999999854e+01
3.609305499999999967e+01 3.595260600000000295e+01 3.600135800000000330e+01
3.590435200000000293e+01 3.588165099999999796e+01 3.577842499999999859e+01
3.291399200000000036e+01 3.293077199999999749e+01 3.282475399999999865e+01
3.246278900000000078e+01 3.259005899999999656e+01 3.248350200000000143e+01
3.266062500000000313e+01 3.252691699999999742e+01 3.257677400000000034e+01
3.470105499999999665e+01 3.457105899999999821e+01 3.467605400000000060e+01
3.382414599999999893e+01 3.380396499999999804e+01 3.393158100000000132e+01
3.427901500000000112e+01 3.414042700000000252e+01 3.422489900000000063e+01
3.333234499999999656e+01 3.346066700000000083e+01 3.335329800000000233e+01
3.239061699999999888e+01 3.237305400000000333e+01 3.249835499999999655e+01
3.032447600000000065e+01 3.038186699999999973e+01 3.044746699999999962e+01
3.512519300000000300e+01 3.507947899999999919e+01 3.497521600000000319e+01
3.033379899999999907e+01 3.044758900000000068e+01 3.045663599999999960e+01
3.435147599999999812e+01 3.424334000000000344e+01 3.422301099999999963e+01
3.125783699999999854e+01 3.114958899999999886e+01 3.113250400000000084e+01
3.252826999999999913e+01 3.265521300000000338e+01 3.254872399999999999e+01
3.254586400000000168e+01 3.242456399999999661e+01 3.241685199999999867e+01
3.385220199999999835e+01 3.387191500000000133e+01 3.374436099999999783e+01
3.337543800000000260e+01 3.348252800000000207e+01 3.350225700000000018e+01
3.568398799999999937e+01 3.580734100000000097e+01 3.574278499999999781e+01
3.434897999999999740e+01 3.449045499999999720e+01 3.437721700000000169e+01
3.343401200000000273e+01 3.354147900000000249e+01 3.356137300000000323e+01
3.585639799999999866e+01 3.582874900000000196e+01 3.572333900000000284e+01
3.412021599999999921e+01 3.424043300000000301e+01 3.423964300000000094e+01
3.518459599999999909e+01 3.516404800000000108e+01 3.529074500000000114e+01
3.010000000000000142e+01 3.021804699999999855e+01 3.021853899999999982e+01
3.118235200000000162e+01 3.131000099999999975e+01 3.120101999999999975e+01
3.293991599999999664e+01 3.279842599999999919e+01 3.293077199999999749e+01
3.531098099999999818e+01 3.541993099999999828e+01 3.530007599999999712e+01
3.547837799999999930e+01 3.561531500000000250e+01 3.555123900000000248e+01
3.445954700000000059e+01 3.458809200000000317e+01 3.447992399999999691e+01
3.146202600000000160e+01 3.134363799999999856e+01 3.145695100000000011e+01
3.229453099999999921e+01 3.242166600000000187e+01 3.231510300000000058e+01
3.169000199999999978e+01 3.179911299999999841e+01 3.181430100000000039e+01
3.297572000000000259e+01 3.295612400000000264e+01 3.308304600000000306e+01
3.480241099999999932e+01 3.469647799999999904e+01 3.467476400000000325e+01
3.488497000000000270e+01 3.484384699999999668e+01 3.473630299999999949e+01
3.483175399999999655e+01 3.479758400000000051e+01 3.468343099999999879e+01
3.548049400000000020e+01 3.562178600000000017e+01 3.555141600000000324e+01
3.430275699999999972e+01 3.442834899999999720e+01 3.432053700000000163e+01
3.342226399999999842e+01 3.329334099999999808e+01 3.331745899999999949e+01
3.072293700000000172e+01 3.085247999999999990e+01 3.078202800000000039e+01
3.499469299999999805e+01 3.510141200000000339e+01 3.512320700000000073e+01
3.455451099999999798e+01 3.446828299999999956e+01 3.459226300000000265e+01
3.412143900000000230e+01 3.399991800000000097e+01 3.411518000000000228e+01
3.197528900000000007e+01 3.184871400000000108e+01 3.195476800000000139e+01
3.198180699999999987e+01 3.210923400000000072e+01 3.200122700000000009e+01
3.089413300000000007e+01 3.077111500000000177e+01 3.085685499999999948e+01
3.272145799999999838e+01 3.278077199999999891e+01 3.287496199999999646e+01
3.585284699999999702e+01 3.581806499999999716e+01 3.572859100000000154e+01
3.228137000000000256e+01 3.239061699999999888e+01 3.240874600000000072e+01
3.293575700000000239e+01 3.300797699999999679e+01 3.308046199999999715e+01
3.471426999999999907e+01 3.460165800000000047e+01 3.458731300000000175e+01
3.205617800000000273e+01 3.193690899999999999e+01 3.193775499999999923e+01
3.154480600000000123e+01 3.156242100000000050e+01 3.143467100000000158e+01
3.512395300000000020e+01 3.525014000000000181e+01 3.514377999999999957e+01
3.294482899999999859e+01 3.281740299999999877e+01 3.292498700000000156e+01
3.152864299999999886e+01 3.151407700000000034e+01 3.163731999999999900e+01
3.600645300000000049e+01 3.597953600000000307e+01 3.588165099999999796e+01
3.281655800000000056e+01 3.293173800000000284e+01 3.294222700000000259e+01
3.537245000000000061e+01 3.546430800000000261e+01 3.532713900000000251e+01
3.538453100000000262e+01 3.534708499999999987e+01 3.547456199999999882e+01
3.022003799999999885e+01 3.021934100000000001e+01 3.034122500000000144e+01
3.288967399999999941e+01 3.278258199999999789e+01 3.276067499999999910e+01
3.458809200000000317e+01 3.471676899999999932e+01 3.460855399999999804e+01
3.270624800000000221e+01 3.264374099999999856e+01 3.278018300000000096e+01
3.339411700000000138e+01 3.353092000000000183e+01 3.345255699999999877e+01
3.485758299999999821e+01 3.472721200000000152e+01 3.476636500000000041e+01
3.344399700000000308e+01 3.331727899999999920e+01 3.342466100000000040e+01
3.456891999999999854e+01 3.446325499999999664e+01 3.444089100000000059e+01
3.421401099999999929e+01 3.419933300000000287e+01 3.430031799999999720e+01
3.081728000000000023e+01 3.080456500000000020e+01 3.092889100000000013e+01
3.518842399999999770e+01 3.517240000000000322e+01 3.531098099999999818e+01
3.033857100000000173e+01 3.021782699999999977e+01 3.033467200000000119e+01
3.080456500000000020e+01 3.069435299999999955e+01 3.068265399999999943e+01
3.409453500000000048e+01 3.422301099999999963e+01 3.411489399999999961e+01
3.354147900000000249e+01 3.364904899999999799e+01 3.366895600000000144e+01
3.450386100000000056e+01 3.438314799999999849e+01 3.446641900000000192e+01
3.298475799999999936e+01 3.311179800000000029e+01 3.300448399999999793e+01
3.094154500000000141e+01 3.107362600000000086e+01 3.098303599999999847e+01
3.360893999999999693e+01 3.358965899999999749e+01 3.371599700000000155e+01
3.441231899999999655e+01 3.454089599999999649e+01 3.443222600000000000e+01
3.145983199999999869e+01 3.134056299999999951e+01 3.134391199999999955e+01
3.021846499999999835e+01 3.021853899999999982e+01 3.033838799999999836e+01
3.378063600000000122e+01 3.364686900000000236e+01 3.375024700000000166e+01
3.528603799999999779e+01 3.516267700000000218e+01 3.517363000000000284e+01
3.602823699999999718e+01 3.590335600000000227e+01 3.603974999999999795e+01
3.248862900000000309e+01 3.249803899999999857e+01 3.238089999999999691e+01
3.448086500000000143e+01 3.460108199999999812e+01 3.459377099999999672e+01
3.469609499999999969e+01 3.467498799999999903e+01 3.480365700000000118e+01
3.418048799999999687e+01 3.408674899999999752e+01 3.404538999999999760e+01
3.424912700000000143e+01 3.415393399999999957e+01 3.411150500000000108e+01
3.161870400000000103e+01 3.172707199999999972e+01 3.174581799999999987e+01
3.590335600000000227e+01 3.602823699999999718e+01 3.592007399999999961e+01
3.355060900000000146e+01 3.349264099999999900e+01 3.362941800000000114e+01
3.022003799999999885e+01 3.034122500000000144e+01 3.034238200000000063e+01
3.311887200000000320e+01 3.299175999999999931e+01 3.309674199999999900e+01
3.022398000000000096e+01 3.022456999999999994e+01 3.034440899999999885e+01
3.266991900000000015e+01 3.277790199999999743e+01 3.279760399999999976e+01
3.561760900000000163e+01 3.552467699999999695e+01 3.549981700000000018e+01
3.508958899999999659e+01 3.510586500000000143e+01 3.497714899999999716e+01
3.316172199999999748e+01 3.318228299999999820e+01 3.305561999999999756e+01
3.364128800000000297e+01 3.352281800000000089e+01 3.352491100000000301e+01
3.196285900000000169e+01 3.194403000000000148e+01 3.207128900000000016e+01
3.288855300000000170e+01 3.286863499999999760e+01 3.299535300000000149e+01
3.129079600000000028e+01 3.117387499999999889e+01 3.116822300000000112e+01
3.283889400000000336e+01 3.282920500000000175e+01 3.273800099999999702e+01
3.416610099999999761e+01 3.414629099999999795e+01 3.427303100000000313e+01
3.186891200000000168e+01 3.176230999999999938e+01 3.174306400000000039e+01
3.436250600000000333e+01 3.434329000000000320e+01 3.447131399999999957e+01
3.105415299999999945e+01 3.093488400000000027e+01 3.094058899999999923e+01
3.165537199999999984e+01 3.176455699999999993e+01 3.178248900000000177e+01
3.312203900000000090e+01 3.299535300000000149e+01 3.310250099999999662e+01
3.397971900000000289e+01 3.387191500000000133e+01 3.385220199999999835e+01
3.594892200000000315e+01 3.604852900000000204e+01 3.591768799999999828e+01
3.336611200000000110e+01 3.334638900000000206e+01 3.347363699999999653e+01
3.301516199999999657e+01 3.299535300000000149e+01 3.312203900000000090e+01
3.214159800000000189e+01 3.226886300000000318e+01 3.216078499999999707e+01
3.559279800000000193e+01 3.553091400000000277e+01 3.547456199999999882e+01
3.199896700000000038e+01 3.198069299999999870e+01 3.210690400000000011e+01
3.380500800000000083e+01 3.378545100000000190e+01 3.391219300000000203e+01
3.305830600000000175e+01 3.305271199999999965e+01 3.294465999999999894e+01
3.482392000000000110e+01 3.492994900000000058e+01 3.495140800000000070e+01
3.322778900000000135e+01 3.316337999999999653e+01 3.329912099999999953e+01
3.454707599999999701e+01 3.452685000000000315e+01 3.465330800000000266e+01
3.403896900000000159e+01 3.405908600000000064e+01 3.393158100000000132e+01
3.404810299999999756e+01 3.394038100000000213e+01 3.392069099999999793e+01
3.377376000000000289e+01 3.375165599999999699e+01 3.387942300000000273e+01
3.214656099999999839e+01 3.212638900000000319e+01 3.225368499999999727e+01
3.362903000000000020e+01 3.360894299999999646e+01 3.373662699999999859e+01
3.326676299999999742e+01 3.313948400000000305e+01 3.324632499999999879e+01
3.294482899999999859e+01 3.283776300000000248e+01 3.281740299999999877e+01
3.346118500000000040e+01 3.356509599999999693e+01 3.359093500000000176e+01
3.348780099999999749e+01 3.361983399999999733e+01 3.351615100000000069e+01
3.127768700000000024e+01 3.115869000000000000e+01 3.128358300000000014e+01
3.501575600000000321e+01 3.497539600000000348e+01 3.488497000000000270e+01
3.201872800000000296e+01 3.191179500000000147e+01 3.189007000000000147e+01
3.403896900000000159e+01 3.414629099999999795e+01 3.416610099999999761e+01
3.279842599999999919e+01 3.270624800000000221e+01 3.282475399999999865e+01
3.383732200000000034e+01 3.396590499999999935e+01 3.385758799999999979e+01
3.458809200000000317e+01 3.469609499999999969e+01 3.471676899999999932e+01
3.264358899999999863e+01 3.275080299999999767e+01 3.277034499999999895e+01
3.276067499999999910e+01 3.265306499999999801e+01 3.263216899999999754e+01
3.499469299999999805e+01 3.501646999999999821e+01 3.488827299999999809e+01
3.352817799999999693e+01 3.354827699999999879e+01 3.342009399999999886e+01
3.345192200000000327e+01 3.332708600000000132e+01 3.342963799999999708e+01
3.359093500000000176e+01 3.356509599999999693e+01 3.369219400000000064e+01
3.025159400000000076e+01 3.031453300000000084e+01 3.038186699999999973e+01
3.428396699999999697e+01 3.415578899999999862e+01 3.426365799999999950e+01
3.368740799999999780e+01 3.376598400000000311e+01 3.382113400000000070e+01
3.318354800000000182e+01 3.329186200000000184e+01 3.331193700000000035e+01
3.547624600000000328e+01 3.543766600000000011e+01 3.556812800000000152e+01
3.463464400000000154e+01 3.476273900000000339e+01 3.464483899999999750e+01
3.495528399999999891e+01 3.506180100000000266e+01 3.508701899999999796e+01
3.469488100000000230e+01 3.465851200000000176e+01 3.456814700000000329e+01
3.346066700000000083e+01 3.348116999999999877e+01 3.335329800000000233e+01
3.435810800000000143e+01 3.447570699999999988e+01 3.447288199999999847e+01
3.311887200000000320e+01 3.309674199999999900e+01 3.322520000000000095e+01
3.259005899999999656e+01 3.261104699999999923e+01 3.248350200000000143e+01
3.308304600000000306e+01 3.306350400000000178e+01 3.319042100000000062e+01
3.021846499999999835e+01 3.033838799999999836e+01 3.033564099999999897e+01
3.399280499999999705e+01 3.386456900000000303e+01 3.397227399999999875e+01
3.158723699999999823e+01 3.147638600000000153e+01 3.160419999999999874e+01
3.181430100000000039e+01 3.194170599999999993e+01 3.182869099999999918e+01
3.280173500000000075e+01 3.291357099999999747e+01 3.293173800000000284e+01
3.560005100000000056e+01 3.546430800000000261e+01 3.550810800000000000e+01
3.329788899999999785e+01 3.331727899999999920e+01 3.319042100000000062e+01
3.441819499999999721e+01 3.440225800000000334e+01 3.452685000000000315e+01
3.067381800000000069e+01 3.056297500000000156e+01 3.055279900000000026e+01
3.543782199999999705e+01 3.558396400000000170e+01 3.546731900000000337e+01
3.095899299999999954e+01 3.094058899999999923e+01 3.083007500000000078e+01
3.493884400000000312e+01 3.497521600000000319e+01 3.483977600000000052e+01
3.045663499999999857e+01 3.033838799999999836e+01 3.046171100000000109e+01
3.282739200000000324e+01 3.294222700000000259e+01 3.294741400000000198e+01
3.417595200000000233e+01 3.406800499999999943e+01 3.404810299999999756e+01
3.556812800000000152e+01 3.568076299999999890e+01 3.568939199999999801e+01
3.441223200000000304e+01 3.433236000000000132e+01 3.445879300000000001e+01
3.486620599999999826e+01 3.488783200000000306e+01 3.475867600000000124e+01
3.470300100000000043e+01 3.481542699999999968e+01 3.482592499999999802e+01
3.370535000000000281e+01 3.357836000000000354e+01 3.368599300000000341e+01
3.391157599999999661e+01 3.401910399999999868e+01 3.403896900000000159e+01
3.246790399999999721e+01 3.257508200000000187e+01 3.259496500000000196e+01
3.423029100000000113e+01 3.435498900000000333e+01 3.435433499999999896e+01
3.506056699999999893e+01 3.517363000000000284e+01 3.505520099999999672e+01
3.473923400000000328e+01 3.461177200000000198e+01 3.471800600000000259e+01
3.463464400000000154e+01 3.474670799999999815e+01 3.476273900000000339e+01
3.058764299999999992e+01 3.046605599999999825e+01 3.059070300000000131e+01
3.212638900000000319e+01 3.201872800000000296e+01 3.199896700000000038e+01
3.471676899999999932e+01 3.482527300000000281e+01 3.484545299999999912e+01
3.497312900000000013e+01 3.510141200000000339e+01 3.499469299999999805e+01
3.066302599999999856e+01 3.072304899999999961e+01 3.078783999999999921e+01
3.497443499999999972e+01 3.507112399999999752e+01 3.493348399999999998e+01
3.455451099999999798e+01 3.464372800000000296e+01 3.451242400000000288e+01
3.594892200000000315e+01 3.591768799999999828e+01 3.581806499999999716e+01
3.412366099999999847e+01 3.409832600000000014e+01 3.401761700000000133e+01
3.526877300000000304e+01 3.514419199999999677e+01 3.525254900000000191e+01
3.116537999999999897e+01 3.129211899999999957e+01 3.118235200000000162e+01
3.342963799999999708e+01 3.354330099999999959e+01 3.355875100000000089e+01
3.412143900000000230e+01 3.424939599999999729e+01 3.422489900000000063e+01
3.558396400000000170e+01 3.558185300000000240e+01 3.546731900000000337e+01
3.288967399999999941e+01 3.301890999999999821e+01 3.291357099999999747e+01
3.381804799999999744e+01 3.391126200000000068e+01 3.394962799999999703e+01
3.203365099999999899e+01 3.214159800000000189e+01 3.216078499999999707e+01
3.198180699999999987e+01 3.209009300000000309e+01 3.210923400000000072e+01
3.365186200000000127e+01 3.364237200000000172e+01 3.353271600000000063e+01
3.603239399999999648e+01 3.590435200000000293e+01 3.592403000000000191e+01
3.443222600000000000e+01 3.456056600000000145e+01 3.445203000000000060e+01
3.363957500000000067e+01 3.365876899999999949e+01 3.353204800000000319e+01
3.384934700000000163e+01 3.388146100000000160e+01 3.375024700000000166e+01
3.471800600000000259e+01 3.469647799999999904e+01 3.482392000000000110e+01
3.354256500000000329e+01 3.341554800000000114e+01 3.352219300000000146e+01
3.316337999999999653e+01 3.323821199999999720e+01 3.329912099999999953e+01
3.081084900000000104e+01 3.093619299999999939e+01 3.082200299999999871e+01
3.582527199999999823e+01 3.595114399999999932e+01 3.590335600000000227e+01
3.428457600000000127e+01 3.431135900000000305e+01 3.418048799999999687e+01
3.223373800000000244e+01 3.210690400000000011e+01 3.221378500000000145e+01
3.091930500000000137e+01 3.104782399999999853e+01 3.093619299999999939e+01
3.403896900000000159e+01 3.401910399999999868e+01 3.414629099999999795e+01
3.425405399999999645e+01 3.412680799999999692e+01 3.423489200000000210e+01
3.263216899999999754e+01 3.265306499999999801e+01 3.252445199999999659e+01
3.444616599999999806e+01 3.455871599999999688e+01 3.456030700000000166e+01
3.274181600000000003e+01 3.276180000000000092e+01 3.263497799999999671e+01
3.581752800000000292e+01 3.568462399999999946e+01 3.572269599999999912e+01
3.555123900000000248e+01 3.568913100000000327e+01 3.562178600000000017e+01
3.339411900000000344e+01 3.328681900000000127e+01 3.326676299999999742e+01
3.541382699999999772e+01 3.538118699999999706e+01 3.526815599999999762e+01
3.010000000000000142e+01 3.010000000000000142e+01 3.021804699999999855e+01
3.394038100000000213e+01 3.383262200000000064e+01 3.381306599999999918e+01
3.147351499999999902e+01 3.149204500000000095e+01 3.136610100000000045e+01
3.168967699999999965e+01 3.170832800000000162e+01 3.158124499999999912e+01
3.445954700000000059e+01 3.433119200000000149e+01 3.443924200000000013e+01
3.404810299999999756e+01 3.406800499999999943e+01 3.394038100000000213e+01
3.398474499999999665e+01 3.385622899999999902e+01 3.396401300000000134e+01
3.488667999999999836e+01 3.499411099999999664e+01 3.501555799999999863e+01
3.293651299999999793e+01 3.304393499999999761e+01 3.306350400000000178e+01
3.090415700000000143e+01 3.100601199999999835e+01 3.102565200000000090e+01
3.576251899999999750e+01 3.585876400000000075e+01 3.572269599999999912e+01
3.021564199999999900e+01 3.010000000000000142e+01 3.021856800000000121e+01
3.065342199999999906e+01 3.072293700000000172e+01 3.078202800000000039e+01
3.124152499999999932e+01 3.121038400000000124e+01 3.112534899999999993e+01
3.519771999999999679e+01 3.506786499999999762e+01 3.516778800000000160e+01
3.474670799999999815e+01 3.461810400000000243e+01 3.472695800000000332e+01
3.416467600000000004e+01 3.403900900000000007e+01 3.414460700000000060e+01
3.160005599999999859e+01 3.161870400000000103e+01 3.149204500000000095e+01
3.340975300000000203e+01 3.329166200000000231e+01 3.341944199999999654e+01
3.420292800000000000e+01 3.407456899999999678e+01 3.418339100000000030e+01
3.505747199999999708e+01 3.501575600000000321e+01 3.492887100000000089e+01
3.455871599999999688e+01 3.468343099999999879e+01 3.467491400000000112e+01
3.219852699999999857e+01 3.207128900000000016e+01 3.217974799999999647e+01
3.401280500000000018e+01 3.412153299999999945e+01 3.414107500000000073e+01
3.424826600000000099e+01 3.423004099999999994e+01 3.435695100000000224e+01
3.231510300000000058e+01 3.220865500000000026e+01 3.218801200000000051e+01
3.021564199999999900e+01 3.021856800000000121e+01 3.033207200000000014e+01
3.455451099999999798e+01 3.451242400000000288e+01 3.442079499999999825e+01
3.475077699999999936e+01 3.468343099999999879e+01 3.463110000000000355e+01
3.181661799999999829e+01 3.169653800000000032e+01 3.169990100000000055e+01
3.258351700000000051e+01 3.247927899999999823e+01 3.245665900000000192e+01
3.343260599999999982e+01 3.337625100000000344e+01 3.351866799999999813e+01
3.435810800000000143e+01 3.436064900000000222e+01 3.447570699999999988e+01
3.420806600000000230e+01 3.433726699999999710e+01 3.422978100000000268e+01
3.426942300000000330e+01 3.415949899999999673e+01 3.414107500000000073e+01
3.351866799999999813e+01 3.358620499999999964e+01 3.366589900000000313e+01
3.081084900000000104e+01 3.068681099999999873e+01 3.079531700000000072e+01
3.282325500000000318e+01 3.292907799999999696e+01 3.295004600000000039e+01
3.279954500000000195e+01 3.278884599999999949e+01 3.266062500000000313e+01
3.594892200000000315e+01 3.581806499999999716e+01 3.585284699999999702e+01
3.446800199999999847e+01 3.460158400000000256e+01 3.449011300000000091e+01
3.531031300000000073e+01 3.529074500000000114e+01 3.541008699999999720e+01
3.383262200000000064e+01 3.385220199999999835e+01 3.372466599999999914e+01
3.486620599999999826e+01 3.473446799999999968e+01 3.484548900000000060e+01
3.034103400000000050e+01 3.021897399999999934e+01 3.022398000000000096e+01
3.493956699999999671e+01 3.506056699999999893e+01 3.505520099999999672e+01
3.067381800000000069e+01 3.068681099999999873e+01 3.056297500000000156e+01
3.157507899999999879e+01 3.170128199999999907e+01 3.159467400000000126e+01
3.547624600000000328e+01 3.563395100000000326e+01 3.554466500000000195e+01
3.405546799999999763e+01 3.403900900000000007e+01 3.416467600000000004e+01
3.268245699999999943e+01 3.257508200000000187e+01 3.255527000000000015e+01
3.456370400000000132e+01 3.442829299999999648e+01 3.448536800000000113e+01
3.475867600000000124e+01 3.488783200000000306e+01 3.478099199999999769e+01
3.157910199999999890e+01 3.146202600000000160e+01 3.157793200000000056e+01
3.261104699999999923e+01 3.273879800000000273e+01 3.263216899999999754e+01
3.383262200000000064e+01 3.370535000000000281e+01 3.381306599999999918e+01
3.373662699999999859e+01 3.384423300000000268e+01 3.386456900000000303e+01
3.312177599999999700e+01 3.322600700000000273e+01 3.324920000000000186e+01
3.468343099999999879e+01 3.479758400000000051e+01 3.467491400000000112e+01
3.179839000000000127e+01 3.181683699999999959e+01 3.168967699999999965e+01
3.454681699999999722e+01 3.443924200000000013e+01 3.441897399999999863e+01
3.341944199999999654e+01 3.329166200000000231e+01 3.331144299999999703e+01
3.421997499999999803e+01 3.434897999999999740e+01 3.424939599999999729e+01
3.255527000000000015e+01 3.257508200000000187e+01 3.244781600000000310e+01
3.501646999999999821e+01 3.491089999999999804e+01 3.488827299999999809e+01
3.340380400000000094e+01 3.328533500000000345e+01 3.328649399999999758e+01
3.167159200000000041e+01 3.179839000000000127e+01 3.168967699999999965e+01
3.341411599999999993e+01 3.328681900000000127e+01 3.339411900000000344e+01
3.433515899999999732e+01 3.442079499999999825e+01 3.427901500000000112e+01
3.167903599999999997e+01 3.180622800000000083e+01 3.170128199999999907e+01
3.353092000000000183e+01 3.347231899999999882e+01 3.360891999999999769e+01
3.421401099999999929e+01 3.409149399999999730e+01 3.419933300000000287e+01
3.376598400000000311e+01 3.390306000000000353e+01 3.382113400000000070e+01
3.214656099999999839e+01 3.203973599999999777e+01 3.201872800000000296e+01
3.346954099999999954e+01 3.345192200000000327e+01 3.357836000000000354e+01
3.111885600000000096e+01 3.122312499999999957e+01 3.124142900000000012e+01
3.405105400000000060e+01 3.394360999999999962e+01 3.392395299999999736e+01
3.628379699999999985e+01 3.615394799999999975e+01 3.617047900000000027e+01
3.329334099999999808e+01 3.320018199999999808e+01 3.331745899999999949e+01
3.205617800000000273e+01 3.193775499999999923e+01 3.206031099999999867e+01
3.506295999999999680e+01 3.492963300000000260e+01 3.497539600000000348e+01
3.259496500000000196e+01 3.261491500000000343e+01 3.248789399999999716e+01
3.388471700000000197e+01 3.401280500000000018e+01 3.390443700000000149e+01
3.127768700000000024e+01 3.129079600000000028e+01 3.116822300000000112e+01
3.272194900000000217e+01 3.261491500000000343e+01 3.259496500000000196e+01
3.588165099999999796e+01 3.597953600000000307e+01 3.585284699999999702e+01
3.547456199999999882e+01 3.534708499999999987e+01 3.543388999999999811e+01
3.344031799999999777e+01 3.356847599999999687e+01 3.346066700000000083e+01
3.305830600000000175e+01 3.294465999999999894e+01 3.294741400000000198e+01
3.058821599999999918e+01 3.070863399999999999e+01 3.071622599999999892e+01
3.453850599999999815e+01 3.441264999999999930e+01 3.452189099999999655e+01
3.469488100000000230e+01 3.478247199999999850e+01 3.465851200000000176e+01
3.509840700000000169e+01 3.508701899999999796e+01 3.522247899999999987e+01
3.387191500000000133e+01 3.389174299999999818e+01 3.376412499999999994e+01
3.445879300000000001e+01 3.456814700000000329e+01 3.453927000000000191e+01
3.382414599999999893e+01 3.393158100000000132e+01 3.395178500000000099e+01
3.474670799999999815e+01 3.472695800000000332e+01 3.485145599999999888e+01
3.505738900000000058e+01 3.516404800000000108e+01 3.518459599999999909e+01
3.107510999999999868e+01 3.097433699999999845e+01 3.112534899999999993e+01
3.372840699999999714e+01 3.385622899999999902e+01 3.374741199999999708e+01
3.266287400000000218e+01 3.277034499999999895e+01 3.278985800000000239e+01
3.360891999999999769e+01 3.368740799999999780e+01 3.374689099999999797e+01
3.433236000000000132e+01 3.444674400000000247e+01 3.445879300000000001e+01
3.580270099999999900e+01 3.577842499999999859e+01 3.568939199999999801e+01
3.228549100000000038e+01 3.238089999999999691e+01 3.242761000000000138e+01
3.588715599999999739e+01 3.598911700000000025e+01 3.585639799999999866e+01
3.327131200000000177e+01 3.321873200000000281e+01 3.336111999999999966e+01
3.250413400000000053e+01 3.263216899999999754e+01 3.252445199999999659e+01
3.441231899999999655e+01 3.439215300000000042e+01 3.452074300000000306e+01
3.481542699999999968e+01 3.481692600000000226e+01 3.492657499999999970e+01
3.362365900000000352e+01 3.352395599999999831e+01 3.349502799999999780e+01
3.189007000000000147e+01 3.187130099999999899e+01 3.199896700000000038e+01
3.316385600000000267e+01 3.303700299999999856e+01 3.314324799999999982e+01
3.429985200000000134e+01 3.437939200000000284e+01 3.423767200000000344e+01
3.145580599999999905e+01 3.157698500000000053e+01 3.145695100000000011e+01
3.409592099999999704e+01 3.398585599999999829e+01 3.394962799999999703e+01
3.396700700000000239e+01 3.398110899999999646e+01 3.385976200000000347e+01
3.216994400000000098e+01 3.229961600000000033e+01 3.219250799999999657e+01
3.192681299999999922e+01 3.205591700000000088e+01 3.194170599999999993e+01
3.151407700000000034e+01 3.140331799999999873e+01 3.139471999999999952e+01
3.568462399999999946e+01 3.564299599999999657e+01 3.555323200000000128e+01
3.501516999999999769e+01 3.487424200000000241e+01 3.495964599999999933e+01
3.353216900000000322e+01 3.341944199999999654e+01 3.341008399999999767e+01
3.316989199999999727e+01 3.316666899999999885e+01 3.305271199999999965e+01
3.069745599999999897e+01 3.058149200000000079e+01 3.057262199999999908e+01
3.518842399999999770e+01 3.531098099999999818e+01 3.530007599999999712e+01
3.424912700000000143e+01 3.411150500000000108e+01 3.420216800000000035e+01
3.352219300000000146e+01 3.350225700000000018e+01 3.362918799999999919e+01
3.242166600000000187e+01 3.254872399999999999e+01 3.244219199999999859e+01
3.327835499999999769e+01 3.329788899999999785e+01 3.317098299999999966e+01
3.384197699999999998e+01 3.385976200000000347e+01 3.373495700000000141e+01
3.232556999999999903e+01 3.219852699999999857e+01 3.230712900000000332e+01
3.518404499999999757e+01 3.529345500000000158e+01 3.516821600000000103e+01
3.149213100000000054e+01 3.136467100000000130e+01 3.146365399999999823e+01
3.492735199999999907e+01 3.504469499999999726e+01 3.505534999999999712e+01
3.391494800000000254e+01 3.379631700000000194e+01 3.379842599999999919e+01
3.488497000000000270e+01 3.473630299999999949e+01 3.481539899999999932e+01
3.140150200000000069e+01 3.152841499999999897e+01 3.141927400000000148e+01
3.472695800000000332e+01 3.459937200000000246e+01 3.470957800000000049e+01
3.431423999999999808e+01 3.433726699999999710e+01 3.420806600000000230e+01
3.484384699999999668e+01 3.479664900000000216e+01 3.472829399999999822e+01
3.628379699999999985e+01 3.625409199999999998e+01 3.615394799999999975e+01
3.263497799999999671e+01 3.252826999999999913e+01 3.250799599999999856e+01
3.207019199999999870e+01 3.206031099999999867e+01 3.194456200000000123e+01
3.124314400000000091e+01 3.134860499999999917e+01 3.136727899999999991e+01
3.443924200000000013e+01 3.433119200000000149e+01 3.431123099999999937e+01
3.497521600000000319e+01 3.493884400000000312e+01 3.505100699999999847e+01
3.328649399999999758e+01 3.316989199999999727e+01 3.317211999999999961e+01
3.507112399999999752e+01 3.502988799999999969e+01 3.493348399999999998e+01
3.297175599999999918e+01 3.299444799999999844e+01 3.286667500000000075e+01
3.344399700000000308e+01 3.333656799999999976e+01 3.331727899999999920e+01
3.226886300000000318e+01 3.237641299999999944e+01 3.239641300000000257e+01
3.400732399999999700e+01 3.402797799999999739e+01 3.390057500000000346e+01
3.059132599999999869e+01 3.058821599999999918e+01 3.071622599999999892e+01
3.533410700000000304e+01 3.519901500000000283e+01 3.530136999999999858e+01
3.377376000000000289e+01 3.390057500000000346e+01 3.379383899999999841e+01
3.077111500000000177e+01 3.071330299999999980e+01 3.085685499999999948e+01
3.421545600000000320e+01 3.432384799999999814e+01 3.434329000000000320e+01
3.169653800000000032e+01 3.157793200000000056e+01 3.157698500000000053e+01
3.451415000000000077e+01 3.461614000000000146e+01 3.464988000000000312e+01
3.021610099999999832e+01 3.021564199999999900e+01 3.033109599999999872e+01
3.285779999999999745e+01 3.273107100000000003e+01 3.283776300000000248e+01
3.540726200000000290e+01 3.529046799999999706e+01 3.528465899999999777e+01
3.580734100000000097e+01 3.586549300000000073e+01 3.574278499999999781e+01
3.125699300000000136e+01 3.117342199999999863e+01 3.116513399999999834e+01
3.320345799999999770e+01 3.333234499999999656e+01 3.322520000000000095e+01
3.218801200000000051e+01 3.220865500000000026e+01 3.208167300000000211e+01
3.600135800000000330e+01 3.586549300000000073e+01 3.592007399999999961e+01
3.540726200000000290e+01 3.555141600000000324e+01 3.549981700000000018e+01
3.045663499999999857e+01 3.056914099999999834e+01 3.044797200000000004e+01
3.070863399999999999e+01 3.083813299999999913e+01 3.071622599999999892e+01
3.280950200000000194e+01 3.278985800000000239e+01 3.291688099999999650e+01
3.436817099999999670e+01 3.429985200000000134e+01 3.423853199999999930e+01
3.595941200000000038e+01 3.592970600000000303e+01 3.582874900000000196e+01
3.598911700000000025e+01 3.595941200000000038e+01 3.585639799999999866e+01
3.183554699999999826e+01 3.196285900000000169e+01 3.185437200000000146e+01
3.463262600000000191e+01 3.450500600000000162e+01 3.461177200000000198e+01
3.248350200000000143e+01 3.261104699999999923e+01 3.250413400000000053e+01
3.396401300000000134e+01 3.385622899999999902e+01 3.383625399999999672e+01
3.329166200000000231e+01 3.317395400000000194e+01 3.318559499999999929e+01
3.392069099999999793e+01 3.394038100000000213e+01 3.381306599999999918e+01
3.239061699999999888e+01 3.249835499999999655e+01 3.251699099999999731e+01
3.486620599999999826e+01 3.484548900000000060e+01 3.497714899999999716e+01
3.336102100000000092e+01 3.323316499999999962e+01 3.334164599999999723e+01
3.101980199999999854e+01 3.089413300000000007e+01 3.098988500000000101e+01
3.275855299999999914e+01 3.286600599999999872e+01 3.288548399999999816e+01
3.252445199999999659e+01 3.254393799999999715e+01 3.241589299999999696e+01
3.533489300000000100e+01 3.520630100000000340e+01 3.531031300000000073e+01
3.323316499999999962e+01 3.325282599999999888e+01 3.312671600000000183e+01
3.101980199999999854e+01 3.114584400000000031e+01 3.104782399999999853e+01
3.359093500000000176e+01 3.371979999999999933e+01 3.361983399999999733e+01
3.301909200000000055e+01 3.295484700000000089e+01 3.309123199999999798e+01
3.271783800000000042e+01 3.279357300000000208e+01 3.285038600000000031e+01
3.517363000000000284e+01 3.517485599999999835e+01 3.529046799999999706e+01
3.280950200000000194e+01 3.291688099999999650e+01 3.293651299999999793e+01
3.357072699999999799e+01 3.351866799999999813e+01 3.366589900000000313e+01
3.343260599999999982e+01 3.357072699999999799e+01 3.348183199999999715e+01
3.111820900000000023e+01 3.124314400000000091e+01 3.114584400000000031e+01
3.463713099999999656e+01 3.472721200000000152e+01 3.459226300000000265e+01
3.298475799999999936e+01 3.309196399999999727e+01 3.311179800000000029e+01
3.261104699999999923e+01 3.271738899999999717e+01 3.273879800000000273e+01
3.377674100000000124e+01 3.388471700000000197e+01 3.390443700000000149e+01
3.207467799999999869e+01 3.196047000000000082e+01 3.195963899999999924e+01
3.283831099999999736e+01 3.274334300000000297e+01 3.270755700000000132e+01
3.313948400000000305e+01 3.315958400000000239e+01 3.303237800000000135e+01
3.432384799999999814e+01 3.443222600000000000e+01 3.445203000000000060e+01
3.425405399999999645e+01 3.423489200000000210e+01 3.436250600000000333e+01
3.182869099999999918e+01 3.194170599999999993e+01 3.195963899999999924e+01
3.169000199999999978e+01 3.156460900000000080e+01 3.167286100000000104e+01
3.258351700000000051e+01 3.256075700000000239e+01 3.268953400000000187e+01
3.600645300000000049e+01 3.588165099999999796e+01 3.590435200000000293e+01
3.380396499999999804e+01 3.391157599999999661e+01 3.393158100000000132e+01
3.134056299999999951e+01 3.124054800000000043e+01 3.134391199999999955e+01
3.313154000000000110e+01 3.311179800000000029e+01 3.323896899999999732e+01
3.306944299999999970e+01 3.320018199999999808e+01 3.314031700000000313e+01
3.410575899999999905e+01 3.411611500000000063e+01 3.397328999999999866e+01
3.468454799999999949e+01 3.464372800000000296e+01 3.455451099999999798e+01
3.417595200000000233e+01 3.428396699999999697e+01 3.430399299999999840e+01
3.441819499999999721e+01 3.452685000000000315e+01 3.454707599999999701e+01
3.370535000000000281e+01 3.368599300000000341e+01 3.381306599999999918e+01
3.314324799999999982e+01 3.301418999999999926e+01 3.312671600000000183e+01
3.059132599999999869e+01 3.071710099999999954e+01 3.059070300000000131e+01
3.383625399999999672e+01 3.370862600000000242e+01 3.381624699999999706e+01
3.022456999999999994e+01 3.022056299999999851e+01 3.034409499999999937e+01
3.534754800000000330e+01 3.548049400000000020e+01 3.540726200000000290e+01
3.089413300000000007e+01 3.079531700000000072e+01 3.077111500000000177e+01
3.069745599999999897e+01 3.070863399999999999e+01 3.058149200000000079e+01
3.305562499999999915e+01 3.318354800000000182e+01 3.307329500000000166e+01
3.507947899999999919e+01 3.521638000000000090e+01 3.516420200000000307e+01
3.418339100000000030e+01 3.416467600000000004e+01 3.429153300000000115e+01
3.423853199999999930e+01 3.414953299999999814e+01 3.412069100000000077e+01
3.427303100000000313e+01 3.414629099999999795e+01 3.425405399999999645e+01
3.428635599999999783e+01 3.417737600000000242e+01 3.415949899999999673e+01
3.441947400000000101e+01 3.452356199999999831e+01 3.454618399999999667e+01
3.392218900000000303e+01 3.400280399999999759e+01 3.405419100000000299e+01
3.444026499999999658e+01 3.437939200000000284e+01 3.429985200000000134e+01
3.447570699999999988e+01 3.458877199999999874e+01 3.447288199999999847e+01
3.318228299999999820e+01 3.328851900000000086e+01 3.330942399999999992e+01
3.210923400000000072e+01 3.221717399999999998e+01 3.223629100000000136e+01
3.282739200000000324e+01 3.270292500000000047e+01 3.281655800000000056e+01
3.321873200000000281e+01 3.330182800000000043e+01 3.336111999999999966e+01
3.469647799999999904e+01 3.456891999999999854e+01 3.467476400000000325e+01
3.133584000000000103e+01 3.124152499999999932e+01 3.119158900000000045e+01
3.586549300000000073e+01 3.580428299999999808e+01 3.574278499999999781e+01
3.183554699999999826e+01 3.194403000000000148e+01 3.196285900000000169e+01
3.316511599999999760e+01 3.304584700000000197e+01 3.304565300000000150e+01
3.507208599999999876e+01 3.520450499999999749e+01 3.516778800000000160e+01
3.409453500000000048e+01 3.411489399999999961e+01 3.398637999999999693e+01
3.279842599999999919e+01 3.270755700000000132e+01 3.264462300000000283e+01
3.357061199999999701e+01 3.346313500000000118e+01 3.344399700000000308e+01
3.589999999999999858e+01 3.576251899999999750e+01 3.579733900000000091e+01
3.396010100000000165e+01 3.397971900000000289e+01 3.385220199999999835e+01
3.398954299999999762e+01 3.392218900000000303e+01 3.405419100000000299e+01
3.182046000000000063e+01 3.181661799999999829e+01 3.169990100000000055e+01
3.343260599999999982e+01 3.348183199999999715e+01 3.336192299999999733e+01
3.435974600000000123e+01 3.449011300000000091e+01 3.438178400000000323e+01
3.433119200000000149e+01 3.420292800000000000e+01 3.431123099999999937e+01
3.285038600000000031e+01 3.293575700000000239e+01 3.298712400000000144e+01
3.417340800000000200e+01 3.405419100000000299e+01 3.412867599999999868e+01
3.482370800000000344e+01 3.469488100000000230e+01 3.473213799999999907e+01
3.482527300000000281e+01 3.469609499999999969e+01 3.480365700000000118e+01
3.270217199999999735e+01 3.282918300000000045e+01 3.272194900000000217e+01
3.369639800000000207e+01 3.358867500000000206e+01 3.356847599999999687e+01
3.345385100000000023e+01 3.343401200000000273e+01 3.356137300000000323e+01
3.254322400000000215e+01 3.242190999999999690e+01 3.242456399999999661e+01
3.271419999999999817e+01 3.283889400000000336e+01 3.273800099999999702e+01
3.122158999999999907e+01 3.111820900000000023e+01 3.109382899999999950e+01
3.436064900000000222e+01 3.448086500000000143e+01 3.447570699999999988e+01
3.198069299999999870e+01 3.185512699999999953e+01 3.196346099999999879e+01
3.274181600000000003e+01 3.284886699999999848e+01 3.286863499999999760e+01
3.229961600000000033e+01 3.228137000000000256e+01 3.240874600000000072e+01
3.405105400000000060e+01 3.407045500000000260e+01 3.394360999999999962e+01
3.336102100000000092e+01 3.325282599999999888e+01 3.323316499999999962e+01
3.507886500000000041e+01 3.497312900000000013e+01 3.495140800000000070e+01
3.058109200000000172e+01 3.046171100000000109e+01 3.045663599999999960e+01
3.122158999999999907e+01 3.132891499999999851e+01 3.134860499999999917e+01
3.547837799999999930e+01 3.555123900000000248e+01 3.541666099999999773e+01
3.389174299999999818e+01 3.378403999999999741e+01 3.376412499999999994e+01
3.033564099999999897e+01 3.033838799999999836e+01 3.045663499999999857e+01
3.010000000000000142e+01 3.010000000000000142e+01 3.021846499999999835e+01
3.252826999999999913e+01 3.240120100000000036e+01 3.250799599999999856e+01
3.196285900000000169e+01 3.198180699999999987e+01 3.185437200000000146e+01
3.538184400000000096e+01 3.549920900000000046e+01 3.538475499999999840e+01
3.432578300000000127e+01 3.424912700000000143e+01 3.420216800000000035e+01
3.470150999999999897e+01 3.470300100000000043e+01 3.458701899999999796e+01
3.170736899999999991e+01 3.158375699999999853e+01 3.169000199999999978e+01
3.523169399999999740e+01 3.520630100000000340e+01 3.533489300000000100e+01
3.351866799999999813e+01 3.337625100000000344e+01 3.345255699999999877e+01
3.470150999999999897e+01 3.470585599999999715e+01 3.481692600000000226e+01
3.495528399999999891e+01 3.482527300000000281e+01 3.493275200000000069e+01
3.052202799999999883e+01 3.059004499999999993e+01 3.065342199999999906e+01
3.408769699999999858e+01 3.419579399999999936e+01 3.421545600000000320e+01
3.543782199999999705e+01 3.541008699999999720e+01 3.552048099999999664e+01
3.390306000000000353e+01 3.398954299999999762e+01 3.404538999999999760e+01
3.239061699999999888e+01 3.251699099999999731e+01 3.240874600000000072e+01
3.401749300000000176e+01 3.412143900000000230e+01 3.414042700000000252e+01
3.364237200000000172e+01 3.364128800000000297e+01 3.352491100000000301e+01
3.490617999999999910e+01 3.486494400000000127e+01 3.477496599999999916e+01
3.297175599999999918e+01 3.286667500000000075e+01 3.284463699999999875e+01
3.393285199999999691e+01 3.391219300000000203e+01 3.403965000000000174e+01
3.098303599999999847e+01 3.100006099999999876e+01 3.089727600000000152e+01
3.456814700000000329e+01 3.465851200000000176e+01 3.453927000000000191e+01
3.094451700000000116e+01 3.093619299999999939e+01 3.106525200000000098e+01
3.525803700000000163e+01 3.521638000000000090e+01 3.512519300000000300e+01
3.445954700000000059e+01 3.443924200000000013e+01 3.456745800000000202e+01
3.328438500000000033e+01 3.316511599999999760e+01 3.316666899999999885e+01
3.422978100000000268e+01 3.433726699999999710e+01 3.435974600000000123e+01
3.033857100000000173e+01 3.033467200000000119e+01 3.045658799999999999e+01
3.092889100000000013e+01 3.080456500000000020e+01 3.091481800000000035e+01
3.467491400000000112e+01 3.463713099999999656e+01 3.456030700000000166e+01
3.266431399999999741e+01 3.254322400000000215e+01 3.254586400000000168e+01
3.170128199999999907e+01 3.182795899999999989e+01 3.172216299999999833e+01
3.187336499999999972e+01 3.200122700000000009e+01 3.189242499999999936e+01
3.406800499999999943e+01 3.396010100000000165e+01 3.394038100000000213e+01
3.237305400000000333e+01 3.224855300000000113e+01 3.235578399999999988e+01
3.448432700000000040e+01 3.450500600000000162e+01 3.437715099999999779e+01
3.427901500000000112e+01 3.442079499999999825e+01 3.438886600000000016e+01
3.290866199999999964e+01 3.303519200000000211e+01 3.292907799999999696e+01
3.502988799999999969e+01 3.489564500000000180e+01 3.493348399999999998e+01
3.376146200000000164e+01 3.364128800000000297e+01 3.375755300000000148e+01
3.283776300000000248e+01 3.273107100000000003e+01 3.271064700000000158e+01
3.619467999999999819e+01 3.616497400000000084e+01 3.606007600000000224e+01
3.149204500000000095e+01 3.138371700000000075e+01 3.136610100000000045e+01
3.403210200000000185e+01 3.392395299999999736e+01 3.390443700000000149e+01
3.217974799999999647e+01 3.228819299999999970e+01 3.230712900000000332e+01
3.309674199999999900e+01 3.320345799999999770e+01 3.322520000000000095e+01
3.117387499999999889e+01 3.107362600000000086e+01 3.103532799999999980e+01
3.470105499999999665e+01 3.467605400000000060e+01 3.482279199999999975e+01
3.435498900000000333e+01 3.447288199999999847e+01 3.447231099999999770e+01
3.370862600000000242e+01 3.360089899999999830e+01 3.358118100000000084e+01
3.499411099999999664e+01 3.509840700000000169e+01 3.512211599999999834e+01
3.452356199999999831e+01 3.463464400000000154e+01 3.464483899999999750e+01
3.555141600000000324e+01 3.561760900000000163e+01 3.549981700000000018e+01
3.563283500000000004e+01 3.558396400000000170e+01 3.552048099999999664e+01
3.371648600000000329e+01 3.382414599999999893e+01 3.384423300000000268e+01
3.304701599999999928e+01 3.314747299999999797e+01 3.318559499999999929e+01
3.504062400000000110e+01 3.493275200000000069e+01 3.491089999999999804e+01
3.158124499999999912e+01 3.147351499999999902e+01 3.145428499999999872e+01
3.085247999999999990e+01 3.080087199999999825e+01 3.094154500000000141e+01
3.235578399999999988e+01 3.223560799999999915e+01 3.232961000000000240e+01
3.430275699999999972e+01 3.417737600000000242e+01 3.428635599999999783e+01
3.555141600000000324e+01 3.568398799999999937e+01 3.561760900000000163e+01
3.505534999999999712e+01 3.518404499999999757e+01 3.516821600000000103e+01
3.290523999999999916e+01 3.288548399999999816e+01 3.301238299999999981e+01
3.522247899999999987e+01 3.518842399999999770e+01 3.530007599999999712e+01
3.167903599999999997e+01 3.157507899999999879e+01 3.155324600000000146e+01
3.337625100000000344e+01 3.331548300000000040e+01 3.345255699999999877e+01
3.387942300000000273e+01 3.400732399999999700e+01 3.390057500000000346e+01
3.388073099999999727e+01 3.376146200000000164e+01 3.375755300000000148e+01
3.266991900000000015e+01 3.279760399999999976e+01 3.268953400000000187e+01
3.369718900000000161e+01 3.367809900000000312e+01 3.380500800000000083e+01
3.491089999999999804e+01 3.480365700000000118e+01 3.478203700000000254e+01
3.345192200000000327e+01 3.342963799999999708e+01 3.355875100000000089e+01
3.038186699999999973e+01 3.031453300000000084e+01 3.045433399999999935e+01
3.256198599999999743e+01 3.257860000000000156e+01 3.245238100000000259e+01
3.374689099999999797e+01 3.382113400000000070e+01 3.387703299999999729e+01
3.289721800000000229e+01 3.287758600000000087e+01 3.300448399999999793e+01
3.447231099999999770e+01 3.447288199999999847e+01 3.458701899999999796e+01
3.066302599999999856e+01 3.068265399999999943e+01 3.056578599999999923e+01
3.590335600000000227e+01 3.595114399999999932e+01 3.603974999999999795e+01
3.283831099999999736e+01 3.296775399999999934e+01 3.286600599999999872e+01
3.044797200000000004e+01 3.056914099999999834e+01 3.055279900000000026e+01
3.565930300000000130e+01 3.561760900000000163e+01 3.574278499999999781e+01
3.132722499999999854e+01 3.145428499999999872e+01 3.134768199999999894e+01
3.382383999999999702e+01 3.380500800000000083e+01 3.393285199999999691e+01
3.282739200000000324e+01 3.281655800000000056e+01 3.294222700000000259e+01
3.455871599999999688e+01 3.467491400000000112e+01 3.456030700000000166e+01
3.543301900000000160e+01 3.539132500000000192e+01 3.529345500000000158e+01
3.259463099999999969e+01 3.248862900000000309e+01 3.246997799999999756e+01
3.361983399999999733e+01 3.371979999999999933e+01 3.375024700000000166e+01
3.071710099999999954e+01 3.059132599999999869e+01 3.071622599999999892e+01
3.348116999999999877e+01 3.337392400000000237e+01 3.335329800000000233e+01
3.290866199999999964e+01 3.301516199999999657e+01 3.303519200000000211e+01
3.378403999999999741e+01 3.367627000000000237e+01 3.365621800000000263e+01
3.550946100000000172e+01 3.562343899999999763e+01 3.549920900000000046e+01
3.292498700000000156e+01 3.290523999999999916e+01 3.303237800000000135e+01
3.606817600000000112e+01 3.617047900000000027e+01 3.603974999999999795e+01
3.279954500000000195e+01 3.266062500000000313e+01 3.269791899999999885e+01
3.273879800000000273e+01 3.271738899999999717e+01 3.284463699999999875e+01
3.388614299999999702e+01 3.398110899999999646e+01 3.402207299999999890e+01
3.389242600000000039e+01 3.399991800000000097e+01 3.401749300000000176e+01
3.322778900000000135e+01 3.329912099999999953e+01 3.336192299999999733e+01
3.203973599999999777e+01 3.216723999999999961e+01 3.206086499999999972e+01
3.471800600000000259e+01 3.482392000000000110e+01 3.484548099999999948e+01
3.383625399999999672e+01 3.381624699999999706e+01 3.394360999999999962e+01
3.298475799999999936e+01 3.285779999999999745e+01 3.296488500000000244e+01
3.457105899999999821e+01 3.444223099999999960e+01 3.454618399999999667e+01
3.046549100000000010e+01 3.058821599999999918e+01 3.059132599999999869e+01
3.140331799999999873e+01 3.129079600000000028e+01 3.127768700000000024e+01
3.110108100000000064e+01 3.100006099999999876e+01 3.098303599999999847e+01
3.328851900000000086e+01 3.326842800000000011e+01 3.339532200000000017e+01
3.270292500000000047e+01 3.268918899999999894e+01 3.281655800000000056e+01
3.010000000000000142e+01 3.010000000000000142e+01 3.019793299999999903e+01
3.339411900000000344e+01 3.326676299999999742e+01 3.337392400000000237e+01
3.462901500000000254e+01 3.464959999999999951e+01 3.452074300000000306e+01
3.256926800000000100e+01 3.254872399999999999e+01 3.267561500000000052e+01
3.467476400000000325e+01 3.456891999999999854e+01 3.454707599999999701e+01
3.283889400000000336e+01 3.282739200000000324e+01 3.294741400000000198e+01
3.242190999999999690e+01 3.230606399999999923e+01 3.242456399999999661e+01
3.010000000000000142e+01 3.025159400000000076e+01 3.019793299999999903e+01
3.340002299999999735e+01 3.342009399999999886e+01 3.329186200000000184e+01
3.184871400000000108e+01 3.182795899999999989e+01 3.195476800000000139e+01
3.010000000000000142e+01 3.010000000000000142e+01 3.022056299999999851e+01
3.320345799999999770e+01 3.318354800000000182e+01 3.331193700000000035e+01
3.034277099999999905e+01 3.021996599999999944e+01 3.034238200000000063e+01
3.378403999999999741e+01 3.365621800000000263e+01 3.376412499999999994e+01
3.414629099999999795e+01 3.401910399999999868e+01 3.412680799999999692e+01
3.420806600000000230e+01 3.422978100000000268e+01 3.410071400000000352e+01
3.519771999999999679e+01 3.528374600000000072e+01 3.534754800000000330e+01
3.566209200000000124e+01 3.550946100000000172e+01 3.558185300000000240e+01
3.254586400000000168e+01 3.254322400000000215e+01 3.242456399999999661e+01
3.169990100000000055e+01 3.158723699999999823e+01 3.170950900000000061e+01
3.511236000000000246e+01 3.497443499999999972e+01 3.501965599999999768e+01
3.239641300000000257e+01 3.250413400000000053e+01 3.252445199999999659e+01
3.235578399999999988e+01 3.232961000000000240e+01 3.245665900000000192e+01
3.170950900000000061e+01 3.172844200000000114e+01 3.182875299999999896e+01
3.143760800000000089e+01 3.141927400000000148e+01 3.154632399999999848e+01
3.044758900000000068e+01 3.044746699999999962e+01 3.056578599999999923e+01
3.539929899999999918e+01 3.540726200000000290e+01 3.549981700000000018e+01
3.194403000000000148e+01 3.192533799999999999e+01 3.205245599999999939e+01
3.320368799999999965e+01 3.309869400000000184e+01 3.307674399999999792e+01
3.363957500000000067e+01 3.353204800000000319e+01 3.351272900000000021e+01
3.425553099999999773e+01 3.427731500000000153e+01 3.417340800000000200e+01
3.451628000000000185e+01 3.445503999999999678e+01 3.437939200000000284e+01
3.532713900000000251e+01 3.526815599999999762e+01 3.520926500000000203e+01
3.444089100000000059e+01 3.433576099999999798e+01 3.431135900000000305e+01
3.093488400000000027e+01 3.081561500000000109e+01 3.082073400000000163e+01
3.274334300000000297e+01 3.275855299999999914e+01 3.262947700000000140e+01
3.291357099999999747e+01 3.301890999999999821e+01 3.304701599999999928e+01
3.105484500000000025e+01 3.094326799999999977e+01 3.092889100000000013e+01
3.010000000000000142e+01 3.021846499999999835e+01 3.021856800000000121e+01
3.522982199999999864e+01 3.510586500000000143e+01 3.521633599999999831e+01
3.126867299999999972e+01 3.136727899999999991e+01 3.138687499999999986e+01
3.319934800000000052e+01 3.307211000000000212e+01 3.317948700000000173e+01
3.414042700000000252e+01 3.412143900000000230e+01 3.422489900000000063e+01
3.536756799999999856e+01 3.533489300000000100e+01 3.546731900000000337e+01
3.316172199999999748e+01 3.326842800000000011e+01 3.328851900000000086e+01
3.116537999999999897e+01 3.105484500000000025e+01 3.103965699999999828e+01
3.402207299999999890e+01 3.398110899999999646e+01 3.409372499999999917e+01
3.212198399999999765e+01 3.224903100000000222e+01 3.214159800000000189e+01
3.407717199999999735e+01 3.419550900000000127e+01 3.419933300000000287e+01
3.412366099999999847e+01 3.423964300000000094e+01 3.423029100000000113e+01
3.311179800000000029e+01 3.309196399999999727e+01 3.321914400000000001e+01
3.519771999999999679e+01 3.534754800000000330e+01 3.528465899999999777e+01
3.250413400000000053e+01 3.261104699999999923e+01 3.263216899999999754e+01
3.010000000000000142e+01 3.010000000000000142e+01 3.022003799999999885e+01
3.333177799999999991e+01 3.343720700000000079e+01 3.346118500000000040e+01
3.127504000000000062e+01 3.116537999999999897e+01 3.114958899999999886e+01
3.369718900000000161e+01 3.382383999999999702e+01 3.371599700000000155e+01
3.477496599999999916e+01 3.473213799999999907e+01 3.464372800000000296e+01
3.021853899999999982e+01 3.021804699999999855e+01 3.033865300000000076e+01
3.033853799999999978e+01 3.021897399999999934e+01 3.034103400000000050e+01
3.010000000000000142e+01 3.010000000000000142e+01 3.021856800000000121e+01
3.302420200000000250e+01 3.300448399999999793e+01 3.313154000000000110e+01
3.282325500000000318e+01 3.269633600000000229e+01 3.280245299999999986e+01
3.487424200000000241e+01 3.474670799999999815e+01 3.485145599999999888e+01
3.331144299999999703e+01 3.327404200000000145e+01 3.341008399999999767e+01
3.098988500000000101e+01 3.089413300000000007e+01 3.085685499999999948e+01
3.329912099999999953e+01 3.337625100000000344e+01 3.343260599999999982e+01
3.149204500000000095e+01 3.161870400000000103e+01 3.151029000000000124e+01
3.448086500000000143e+01 3.459377099999999672e+01 3.447570699999999988e+01
3.254292300000000182e+01 3.266991900000000015e+01 3.256075700000000239e+01
3.207019199999999870e+01 3.194456200000000123e+01 3.196047000000000082e+01
3.461810400000000243e+01 3.450779599999999903e+01 3.449016699999999958e+01
3.157793200000000056e+01 3.146202600000000160e+01 3.145695100000000011e+01
3.033838799999999836e+01 3.021853899999999982e+01 3.033865300000000076e+01
3.165537199999999984e+01 3.163724099999999950e+01 3.176455699999999993e+01
3.174581799999999987e+01 3.187336499999999972e+01 3.176455699999999993e+01
3.274334300000000297e+01 3.286600599999999872e+01 3.275855299999999914e+01
3.163724099999999950e+01 3.161870400000000103e+01 3.174581799999999987e+01
3.160005599999999859e+01 3.172707199999999972e+01 3.161870400000000103e+01
3.163724099999999950e+01 3.174581799999999987e+01 3.176455699999999993e+01
3.284886699999999848e+01 3.282918300000000045e+01 3.295612400000000264e+01
3.358867500000000206e+01 3.360894299999999646e+01 3.348116999999999877e+01
3.242779099999999914e+01 3.244781600000000310e+01 3.232034500000000321e+01
3.085247999999999990e+01 3.098303599999999847e+01 3.089727600000000152e+01
3.454681699999999722e+01 3.452600499999999784e+01 3.465377800000000263e+01
3.147733399999999904e+01 3.145692700000000031e+01 3.158375699999999853e+01
3.607823499999999939e+01 3.594892200000000315e+01 3.597953600000000307e+01
3.046215400000000173e+01 3.058149200000000079e+01 3.058821599999999918e+01
3.259005899999999656e+01 3.256926800000000100e+01 3.269633600000000229e+01
3.090415700000000143e+01 3.102565200000000090e+01 3.091481800000000035e+01
3.022052000000000049e+01 3.021996599999999944e+01 3.034277099999999905e+01
3.206086499999999972e+01 3.216723999999999961e+01 3.218801200000000051e+01
3.346118500000000040e+01 3.359093500000000176e+01 3.348780099999999749e+01
3.117387499999999889e+01 3.103532799999999980e+01 3.116822300000000112e+01
3.398637999999999693e+01 3.400732399999999700e+01 3.387942300000000273e+01
3.348252800000000207e+01 3.346313500000000118e+01 3.358965899999999749e+01
3.477496599999999916e+01 3.486494400000000127e+01 3.473213799999999907e+01
3.093488400000000027e+01 3.082073400000000163e+01 3.094058899999999923e+01
3.327164499999999947e+01 3.316385600000000267e+01 3.314324799999999982e+01
3.378063600000000122e+01 3.392902600000000035e+01 3.385937100000000299e+01
3.419365799999999922e+01 3.406197900000000089e+01 3.415393399999999957e+01
3.438790600000000097e+01 3.424912700000000143e+01 3.432578300000000127e+01
3.238089699999999738e+01 3.225368499999999727e+01 3.236080700000000121e+01
3.376146200000000164e+01 3.364219299999999890e+01 3.364128800000000297e+01
3.606007600000000224e+01 3.603239399999999648e+01 3.592403000000000191e+01
3.470000000000000284e+01 3.456370400000000132e+01 3.461670800000000270e+01
3.056914099999999834e+01 3.071330299999999980e+01 3.065487900000000110e+01
3.575610499999999803e+01 3.585284699999999702e+01 3.572859100000000154e+01
3.551546499999999895e+01 3.547401099999999730e+01 3.538118699999999706e+01
3.492657499999999970e+01 3.481692600000000226e+01 3.493956699999999671e+01
3.346118500000000040e+01 3.348780099999999749e+01 3.335576999999999970e+01
3.329186200000000184e+01 3.342009399999999886e+01 3.331193700000000035e+01
3.473923400000000328e+01 3.471800600000000259e+01 3.484548099999999948e+01
3.441223200000000304e+01 3.435288200000000103e+01 3.430031799999999720e+01
3.501612399999999781e+01 3.490886700000000076e+01 3.488783200000000306e+01
3.359608200000000267e+01 3.349502799999999780e+01 3.345557099999999906e+01
3.033109599999999872e+01 3.021564199999999900e+01 3.033207200000000014e+01
3.109875600000000162e+01 3.096302400000000077e+01 3.107510999999999868e+01
3.273107100000000003e+01 3.260472099999999784e+01 3.271064700000000158e+01
3.409682899999999961e+01 3.397563799999999645e+01 3.406197900000000089e+01
3.350844299999999976e+01 3.348887500000000017e+01 3.361667299999999869e+01
3.547401099999999730e+01 3.533666099999999943e+01 3.538118699999999706e+01
3.376412499999999994e+01 3.363635899999999879e+01 3.374436099999999783e+01
3.216078499999999707e+01 3.228819299999999970e+01 3.217974799999999647e+01
3.257508200000000187e+01 3.270217199999999735e+01 3.259496500000000196e+01
3.482370800000000344e+01 3.478247199999999850e+01 3.469488100000000230e+01
3.417737600000000242e+01 3.405105400000000060e+01 3.415949899999999673e+01
3.520630100000000340e+01 3.518459599999999909e+01 3.531031300000000073e+01
3.421545600000000320e+01 3.419579399999999936e+01 3.432384799999999814e+01
3.441223200000000304e+01 3.445879300000000001e+01 3.453927000000000191e+01
3.349264099999999900e+01 3.356990600000000313e+01 3.362941800000000114e+01
3.103532799999999980e+01 3.107362600000000086e+01 3.094154500000000141e+01
3.300691299999999728e+01 3.314011299999999949e+01 3.306944299999999970e+01
3.010000000000000142e+01 3.010000000000000142e+01 3.021996599999999944e+01
3.411611500000000063e+01 3.402005199999999974e+01 3.397328999999999866e+01
3.315958400000000239e+01 3.305225699999999733e+01 3.303237800000000135e+01
3.352152999999999849e+01 3.350146199999999652e+01 3.362903000000000020e+01
3.491089999999999804e+01 3.478203700000000254e+01 3.488827299999999809e+01
3.467605400000000060e+01 3.457105899999999821e+01 3.454618399999999667e+01
3.464372800000000296e+01 3.473213799999999907e+01 3.459499900000000139e+01
3.278077199999999891e+01 3.289910700000000077e+01 3.287496199999999646e+01
3.449011300000000091e+01 3.460158400000000256e+01 3.461614000000000146e+01
3.136727899999999991e+01 3.149347500000000011e+01 3.138687499999999986e+01
3.355060900000000146e+01 3.368740799999999780e+01 3.360891999999999769e+01
3.288227100000000291e+01 3.295484700000000089e+01 3.301909200000000055e+01
3.343720700000000079e+01 3.341554800000000114e+01 3.354256500000000329e+01
3.465377800000000263e+01 3.452600499999999784e+01 3.463262600000000191e+01
3.341944199999999654e+01 3.331144299999999703e+01 3.341008399999999767e+01
3.454618399999999667e+01 3.452356199999999831e+01 3.464483899999999750e+01
3.046395800000000165e+01 3.034440899999999885e+01 3.034409499999999937e+01
3.394585299999999961e+01 3.396590499999999935e+01 3.383732200000000034e+01
3.553091400000000277e+01 3.552644800000000203e+01 3.540595199999999920e+01
3.158723699999999823e+01 3.157698500000000053e+01 3.145580599999999905e+01
3.286667500000000075e+01 3.273879800000000273e+01 3.284463699999999875e+01
3.409200400000000286e+01 3.407045500000000260e+01 3.419625099999999662e+01
3.084551400000000143e+01 3.083813299999999913e+01 3.097433699999999845e+01
3.122312499999999957e+01 3.132722499999999854e+01 3.134768199999999894e+01
3.444674400000000247e+01 3.456814700000000329e+01 3.445879300000000001e+01
3.416826100000000110e+01 3.402207299999999890e+01 3.409372499999999917e+01
3.405908600000000064e+01 3.418661300000000125e+01 3.407971899999999721e+01
3.340513399999999677e+01 3.328649399999999758e+01 3.328811600000000226e+01
3.352152999999999849e+01 3.339411900000000344e+01 3.350146199999999652e+01
3.058149200000000079e+01 3.070863399999999999e+01 3.058821599999999918e+01
3.304584700000000197e+01 3.291899500000000245e+01 3.304565300000000150e+01
3.601882299999999759e+01 3.588715599999999739e+01 3.591768799999999828e+01
3.364237200000000172e+01 3.352491100000000301e+01 3.353271600000000063e+01
3.351272900000000021e+01 3.340525300000000186e+01 3.338573800000000347e+01
3.407456899999999678e+01 3.409453500000000048e+01 3.396590499999999935e+01
3.288855300000000170e+01 3.299535300000000149e+01 3.301516199999999657e+01
3.083007500000000078e+01 3.070629599999999826e+01 3.071176499999999976e+01
3.470150999999999897e+01 3.481542699999999968e+01 3.470300100000000043e+01
3.363635899999999879e+01 3.350844299999999976e+01 3.361667299999999869e+01
3.371648600000000329e+01 3.358867500000000206e+01 3.369639800000000207e+01
3.541666099999999773e+01 3.548049400000000020e+01 3.534754800000000330e+01
3.212919399999999825e+01 3.210923400000000072e+01 3.223629100000000136e+01
3.265521300000000338e+01 3.276180000000000092e+01 3.278197899999999976e+01
3.322600700000000273e+01 3.333177799999999991e+01 3.335576999999999970e+01
3.252691699999999742e+01 3.241685199999999867e+01 3.242761000000000138e+01
3.285779999999999745e+01 3.275080299999999767e+01 3.273107100000000003e+01
3.555323200000000128e+01 3.564299599999999657e+01 3.550810800000000000e+01
3.295484700000000089e+01 3.302742400000000345e+01 3.309123199999999798e+01
3.080456500000000020e+01 3.068265399999999943e+01 3.078882300000000072e+01
3.309123199999999798e+01 3.322778900000000135e+01 3.315774199999999894e+01
3.345192200000000327e+01 3.334164599999999723e+01 3.332708600000000132e+01
3.193690899999999999e+01 3.181764000000000081e+01 3.181661799999999829e+01
3.308120600000000167e+01 3.321873200000000281e+01 3.314011299999999949e+01
3.172216299999999833e+01 3.174306400000000039e+01 3.161762699999999882e+01
3.577842499999999859e+01 3.588165099999999796e+01 3.575610499999999803e+01
3.437176900000000046e+01 3.447992399999999691e+01 3.450031100000000350e+01
3.410071400000000352e+01 3.399280499999999705e+01 3.397227399999999875e+01
3.270624800000000221e+01 3.278018300000000096e+01 3.282475399999999865e+01
3.337392400000000237e+01 3.324632499999999879e+01 3.335329800000000233e+01
3.528374600000000072e+01 3.519771999999999679e+01 3.516778800000000160e+01
3.615394799999999975e+01 3.612660799999999739e+01 3.602823699999999718e+01
3.360893999999999693e+01 3.371599700000000155e+01 3.373495700000000141e+01
3.449016699999999958e+01 3.436250600000000333e+01 3.447131399999999957e+01
3.435288200000000103e+01 3.429258399999999796e+01 3.421401099999999929e+01
3.481542699999999968e+01 3.492657499999999970e+01 3.493341600000000113e+01
3.464988000000000312e+01 3.461614000000000146e+01 3.472829399999999822e+01
3.470150999999999897e+01 3.481692600000000226e+01 3.481542699999999968e+01
3.414260999999999768e+01 3.428457600000000127e+01 3.418048799999999687e+01
3.400280399999999759e+01 3.386298200000000236e+01 3.394717399999999685e+01
3.100006099999999876e+01 3.111885600000000096e+01 3.100601199999999835e+01
3.468343099999999879e+01 3.453850599999999815e+01 3.463110000000000355e+01
3.411611500000000063e+01 3.423004099999999994e+01 3.424826600000000099e+01
3.229471600000000109e+01 3.218258500000000311e+01 3.230235700000000065e+01
3.091930500000000137e+01 3.093619299999999939e+01 3.081084900000000104e+01
3.033109599999999872e+01 3.033207200000000014e+01 3.044406700000000043e+01
3.362036200000000008e+01 3.349321100000000229e+01 3.360089899999999830e+01
3.366730499999999893e+01 3.374689099999999797e+01 3.381325400000000059e+01
3.072304899999999961e+01 3.065342199999999906e+01 3.078202800000000039e+01
3.412366099999999847e+01 3.423029100000000113e+01 3.409832600000000014e+01
3.412680799999999692e+01 3.410732500000000300e+01 3.423489200000000210e+01
3.033379899999999907e+01 3.021393199999999979e+01 3.032447600000000065e+01
3.357061199999999701e+01 3.344399700000000308e+01 3.355138099999999923e+01
3.414107500000000073e+01 3.415949899999999673e+01 3.403210200000000185e+01
3.401280500000000018e+01 3.414107500000000073e+01 3.403210200000000185e+01
3.240120100000000036e+01 3.242166600000000187e+01 3.229453099999999921e+01
3.210202699999999965e+01 3.199526399999999882e+01 3.197528900000000007e+01
3.222899199999999809e+01 3.224903100000000222e+01 3.212198399999999765e+01
3.501965599999999768e+01 3.497443499999999972e+01 3.488548200000000321e+01
3.427901500000000112e+01 3.417373099999999653e+01 3.414042700000000252e+01
3.201468100000000305e+01 3.190681500000000170e+01 3.188820799999999878e+01
3.473726700000000278e+01 3.486586599999999692e+01 3.475782699999999892e+01
3.473446799999999968e+01 3.475867600000000124e+01 3.463001100000000321e+01
3.575225199999999859e+01 3.582527199999999823e+01 3.568913100000000327e+01
3.456745800000000202e+01 3.454681699999999722e+01 3.467498799999999903e+01
3.302420200000000250e+01 3.313154000000000110e+01 3.315128500000000145e+01
3.512519300000000300e+01 3.497521600000000319e+01 3.505100699999999847e+01
3.316172199999999748e+01 3.328851900000000086e+01 3.318228299999999820e+01
3.327164499999999947e+01 3.329186200000000184e+01 3.316385600000000267e+01
3.399991800000000097e+01 3.387421199999999999e+01 3.398474499999999665e+01
3.193775499999999923e+01 3.181661799999999829e+01 3.182046000000000063e+01
3.463262600000000191e+01 3.461177200000000198e+01 3.473923400000000328e+01
3.452600499999999784e+01 3.441897399999999863e+01 3.439850700000000217e+01
3.558396400000000170e+01 3.543782199999999705e+01 3.552048099999999664e+01
3.198069299999999870e+01 3.196346099999999879e+01 3.208751099999999923e+01
3.046659700000000015e+01 3.046549100000000010e+01 3.059132599999999869e+01
3.449045499999999720e+01 3.446828299999999956e+01 3.437721700000000169e+01
3.068265399999999943e+01 3.057249099999999942e+01 3.056578599999999923e+01
3.441897399999999863e+01 3.431123099999999937e+01 3.429153300000000115e+01
3.522247899999999987e+01 3.532713900000000251e+01 3.520926500000000203e+01
3.284886699999999848e+01 3.295612400000000264e+01 3.297572000000000259e+01
3.379631700000000194e+01 3.392668799999999862e+01 3.381714999999999804e+01
3.585876400000000075e+01 3.581752800000000292e+01 3.572269599999999912e+01
3.378545100000000190e+01 3.389242600000000039e+01 3.391219300000000203e+01
3.419365799999999922e+01 3.409682899999999961e+01 3.406197900000000089e+01
3.248350200000000143e+01 3.250413400000000053e+01 3.237641299999999944e+01
3.245665900000000192e+01 3.232961000000000240e+01 3.242973899999999787e+01
3.201468100000000305e+01 3.214159800000000189e+01 3.203365099999999899e+01
3.044746699999999962e+01 3.052577499999999944e+01 3.056578599999999923e+01
3.106525200000000098e+01 3.119158900000000045e+01 3.106128000000000000e+01
3.264374099999999856e+01 3.272145799999999838e+01 3.278018300000000096e+01
3.375674699999999717e+01 3.373662699999999859e+01 3.386456900000000303e+01
3.517240000000000322e+01 3.526877300000000304e+01 3.531098099999999818e+01
3.447231099999999770e+01 3.458701899999999796e+01 3.458731300000000175e+01
3.261314099999999883e+01 3.271419999999999817e+01 3.273800099999999702e+01
3.497443499999999972e+01 3.493348399999999998e+01 3.483175399999999655e+01
3.428396699999999697e+01 3.426365799999999950e+01 3.439215300000000042e+01
3.270755700000000132e+01 3.262518200000000235e+01 3.256228200000000328e+01
3.318228299999999820e+01 3.330942399999999992e+01 3.320368799999999965e+01
3.582874900000000196e+01 3.592970600000000303e+01 3.579733900000000091e+01
3.116537999999999897e+01 3.118235200000000162e+01 3.105484500000000025e+01
3.552644800000000203e+01 3.563283500000000004e+01 3.552048099999999664e+01
3.374436099999999783e+01 3.361667299999999869e+01 3.372466599999999914e+01
3.278985800000000239e+01 3.277034499999999895e+01 3.289721800000000229e+01
3.430399299999999840e+01 3.428396699999999697e+01 3.441231899999999655e+01
3.271738899999999717e+01 3.269633600000000229e+01 3.282325500000000318e+01
3.110108100000000064e+01 3.122312499999999957e+01 3.111885600000000096e+01
3.367809900000000312e+01 3.357061199999999701e+01 3.355138099999999923e+01
3.354330099999999959e+01 3.366776399999999825e+01 3.355875100000000089e+01
3.254872399999999999e+01 3.265521300000000338e+01 3.267561500000000052e+01
3.403900900000000007e+01 3.392668799999999862e+01 3.391494800000000254e+01
3.134860499999999917e+01 3.132891499999999851e+01 3.145692700000000031e+01
3.409682899999999961e+01 3.400000000000000000e+01 3.397563799999999645e+01
3.389242600000000039e+01 3.387421199999999999e+01 3.399991800000000097e+01
3.384656499999999824e+01 3.398954299999999762e+01 3.390306000000000353e+01
3.384656499999999824e+01 3.378481899999999882e+01 3.392218900000000303e+01
3.340002299999999735e+01 3.329186200000000184e+01 3.327164499999999947e+01
3.178306699999999907e+01 3.180622800000000083e+01 3.167903599999999997e+01
3.444223099999999960e+01 3.441947400000000101e+01 3.454618399999999667e+01
3.291899500000000245e+01 3.292657799999999924e+01 3.278884599999999949e+01
3.344031799999999777e+01 3.346066700000000083e+01 3.333234499999999656e+01
3.403896900000000159e+01 3.416610099999999761e+01 3.405908600000000064e+01
3.244219199999999859e+01 3.254872399999999999e+01 3.256926800000000100e+01
3.117387499999999889e+01 3.120026800000000122e+01 3.107362600000000086e+01
3.552467699999999695e+01 3.541371699999999834e+01 3.539929899999999918e+01
3.293991599999999664e+01 3.283831099999999736e+01 3.279842599999999919e+01
3.517363000000000284e+01 3.516267700000000218e+01 3.505520099999999672e+01
3.424826600000000099e+01 3.435695100000000224e+01 3.437715099999999779e+01
3.449016699999999958e+01 3.450779599999999903e+01 3.438105600000000095e+01
3.484545299999999912e+01 3.482527300000000281e+01 3.495528399999999891e+01
3.395178500000000099e+01 3.405908600000000064e+01 3.407971899999999721e+01
3.507039000000000328e+01 3.517485599999999835e+01 3.506056699999999893e+01
3.431135900000000305e+01 3.433576099999999798e+01 3.420934700000000106e+01
3.308120600000000167e+01 3.301909200000000055e+01 3.315774199999999894e+01
3.324632499999999879e+01 3.311887200000000320e+01 3.322520000000000095e+01
3.488783200000000306e+01 3.490886700000000076e+01 3.478099199999999769e+01
3.425105099999999680e+01 3.426942300000000330e+01 3.414107500000000073e+01
3.034285699999999864e+01 3.034277099999999905e+01 3.046605599999999825e+01
3.433515899999999732e+01 3.427901500000000112e+01 3.422489900000000063e+01
3.492887100000000089e+01 3.501575600000000321e+01 3.488497000000000270e+01
3.205591700000000088e+01 3.217076699999999789e+01 3.218361199999999656e+01
3.398110899999999646e+01 3.409149399999999730e+01 3.409372499999999917e+01
3.044406700000000043e+01 3.033207200000000014e+01 3.044797200000000004e+01
3.291357099999999747e+01 3.304701599999999928e+01 3.293173800000000284e+01
3.417373099999999653e+01 3.406390499999999832e+01 3.403965000000000174e+01
3.266287400000000218e+01 3.278985800000000239e+01 3.268245699999999943e+01
3.248862900000000309e+01 3.238089999999999691e+01 3.236252100000000098e+01
3.352152999999999849e+01 3.362903000000000020e+01 3.364904899999999799e+01
3.327835499999999769e+01 3.340525300000000186e+01 3.329788899999999785e+01
3.284463699999999875e+01 3.282325500000000318e+01 3.295004600000000039e+01
3.433236000000000132e+01 3.430027199999999965e+01 3.444674400000000247e+01
3.554645099999999758e+01 3.552467699999999695e+01 3.565930300000000130e+01
3.333558500000000180e+01 3.347231899999999882e+01 3.339411700000000138e+01
3.343401200000000273e+01 3.341411599999999993e+01 3.354147900000000249e+01
3.460158400000000256e+01 3.457105899999999821e+01 3.470105499999999665e+01
3.191050800000000010e+01 3.204003199999999651e+01 3.192681299999999922e+01
3.439716899999999811e+01 3.426942300000000330e+01 3.438178400000000323e+01
3.419550900000000127e+01 3.417373099999999653e+01 3.430027199999999965e+01
3.450500600000000162e+01 3.452600499999999784e+01 3.439850700000000217e+01
3.480241099999999932e+01 3.467476400000000325e+01 3.478099199999999769e+01
3.208751099999999923e+01 3.196346099999999879e+01 3.206456500000000176e+01
3.145695100000000011e+01 3.134363799999999856e+01 3.133584000000000103e+01
3.400000000000000000e+01 3.412021599999999921e+01 3.412366099999999847e+01
3.485758299999999821e+01 3.481669800000000237e+01 3.472721200000000152e+01
3.456370400000000132e+01 3.448536800000000113e+01 3.461670800000000270e+01
3.318559499999999929e+01 3.314747299999999797e+01 3.327404200000000145e+01
3.267243700000000217e+01 3.280173500000000075e+01 3.268918899999999894e+01
3.238089999999999691e+01 3.225650900000000121e+01 3.236252100000000098e+01
3.507039000000000328e+01 3.519771999999999679e+01 3.517485599999999835e+01
3.517485599999999835e+01 3.519771999999999679e+01 3.528465899999999777e+01
3.151029000000000124e+01 3.163724099999999950e+01 3.152841499999999897e+01
3.408674899999999752e+01 3.399776800000000065e+01 3.395206300000000255e+01
3.399776800000000065e+01 3.397328999999999866e+01 3.387703299999999729e+01
3.084551400000000143e+01 3.083763099999999824e+01 3.071710099999999954e+01
3.486676599999999837e+01 3.499469299999999805e+01 3.488827299999999809e+01
3.267561500000000052e+01 3.278197899999999976e+01 3.280245299999999986e+01
3.010000000000000142e+01 3.017257599999999940e+01 3.025159400000000076e+01
3.226436799999999749e+01 3.237305400000000333e+01 3.239061699999999888e+01
3.288855300000000170e+01 3.290866199999999964e+01 3.278197899999999976e+01
3.033865300000000076e+01 3.033379899999999907e+01 3.045663599999999960e+01
3.317098299999999966e+01 3.304393499999999761e+01 3.315128500000000145e+01
3.286863499999999760e+01 3.284886699999999848e+01 3.297572000000000259e+01
3.178306699999999907e+01 3.167903599999999997e+01 3.165356999999999843e+01
3.585639799999999866e+01 3.572333900000000284e+01 3.575598300000000052e+01
3.375662499999999966e+01 3.385976200000000347e+01 3.388614299999999702e+01
3.339532200000000017e+01 3.350225700000000018e+01 3.352219300000000146e+01
3.337543800000000260e+01 3.324870700000000312e+01 3.335593000000000075e+01
3.449016699999999958e+01 3.438105600000000095e+01 3.436250600000000333e+01
3.349321100000000229e+01 3.338573800000000347e+01 3.336611200000000110e+01
3.370767699999999678e+01 3.384656499999999824e+01 3.376598400000000311e+01
3.021610099999999832e+01 3.033109599999999872e+01 3.033467200000000119e+01
3.408769699999999858e+01 3.396010100000000165e+01 3.406800499999999943e+01
3.407045500000000260e+01 3.396401300000000134e+01 3.394360999999999962e+01
3.271738899999999717e+01 3.282325500000000318e+01 3.284463699999999875e+01
3.215195299999999889e+01 3.212919399999999825e+01 3.225650900000000121e+01
3.375397699999999901e+01 3.364237200000000172e+01 3.365186200000000127e+01
3.078202800000000039e+01 3.085247999999999990e+01 3.089727600000000152e+01
3.478203700000000254e+01 3.476029499999999928e+01 3.488827299999999809e+01
3.331727899999999920e+01 3.320987300000000175e+01 3.319042100000000062e+01
3.399941599999999653e+01 3.397971900000000289e+01 3.410732500000000300e+01
3.100006099999999876e+01 3.100601199999999835e+01 3.087271000000000143e+01
3.269791899999999885e+01 3.261314099999999883e+01 3.273800099999999702e+01
3.465851200000000176e+01 3.474123600000000067e+01 3.461670800000000270e+01
3.454089599999999649e+01 3.441231899999999655e+01 3.452074300000000306e+01
3.433119200000000149e+01 3.422301099999999963e+01 3.420292800000000000e+01
3.506180100000000266e+01 3.493275200000000069e+01 3.504062400000000110e+01
3.263497799999999671e+01 3.276180000000000092e+01 3.265521300000000338e+01
3.317395400000000194e+01 3.317211999999999961e+01 3.305967799999999812e+01
3.314747299999999797e+01 3.324920000000000186e+01 3.327404200000000145e+01
3.259463099999999969e+01 3.270292500000000047e+01 3.271419999999999817e+01
3.069634599999999836e+01 3.057707600000000170e+01 3.058099199999999840e+01
3.441264999999999930e+01 3.428635599999999783e+01 3.439716899999999811e+01
3.205591700000000088e+01 3.204003199999999651e+01 3.217076699999999789e+01
3.533410700000000304e+01 3.530136999999999858e+01 3.543766600000000011e+01
3.341411599999999993e+01 3.339411900000000344e+01 3.352152999999999849e+01
3.251699099999999731e+01 3.264358899999999863e+01 3.253591099999999869e+01
3.305561999999999756e+01 3.318228299999999820e+01 3.307674399999999792e+01
3.420806600000000230e+01 3.410071400000000352e+01 3.407971899999999721e+01
3.572859100000000154e+01 3.559279800000000193e+01 3.565048399999999873e+01
3.340383299999999878e+01 3.342226399999999842e+01 3.331745899999999949e+01
3.310250099999999662e+01 3.297572000000000259e+01 3.308304600000000306e+01
3.414460700000000060e+01 3.424826600000000099e+01 3.427124299999999835e+01
3.435147599999999812e+01 3.445954700000000059e+01 3.447992399999999691e+01
3.543782199999999705e+01 3.531031300000000073e+01 3.541008699999999720e+01
3.582527199999999823e+01 3.588918900000000178e+01 3.595114399999999932e+01
3.365621800000000263e+01 3.367627000000000237e+01 3.354827699999999879e+01
3.277179300000000239e+01 3.265252399999999966e+01 3.266431399999999741e+01
3.576251899999999750e+01 3.572269599999999912e+01 3.562343899999999763e+01
3.324632499999999879e+01 3.313948400000000305e+01 3.311887200000000320e+01
3.213847799999999921e+01 3.226436799999999749e+01 3.215405499999999961e+01
3.222899199999999809e+01 3.212198399999999765e+01 3.210202699999999965e+01
3.117342199999999863e+01 3.105415299999999945e+01 3.106309500000000057e+01
3.395105800000000329e+01 3.396700700000000239e+01 3.384197699999999998e+01
3.383732200000000034e+01 3.371036200000000349e+01 3.381714999999999804e+01
3.346118500000000040e+01 3.343720700000000079e+01 3.356509599999999693e+01
3.392668799999999862e+01 3.394585299999999961e+01 3.381714999999999804e+01
3.525254900000000191e+01 3.536756799999999856e+01 3.538184400000000096e+01
3.207019199999999870e+01 3.196047000000000082e+01 3.207467799999999869e+01
3.264358899999999863e+01 3.277034499999999895e+01 3.266287400000000218e+01
3.057262199999999908e+01 3.058149200000000079e+01 3.045658799999999999e+01
3.302742400000000345e+01 3.316337999999999653e+01 3.309123199999999798e+01
3.379631700000000194e+01 3.381714999999999804e+01 3.369146500000000088e+01
3.566209200000000124e+01 3.562343899999999763e+01 3.550946100000000172e+01
3.534708499999999987e+01 3.533905099999999777e+01 3.543388999999999811e+01
3.124054800000000043e+01 3.125699300000000136e+01 3.116513399999999834e+01
3.309123199999999798e+01 3.316337999999999653e+01 3.322778900000000135e+01
3.364686900000000236e+01 3.365186200000000127e+01 3.353216900000000322e+01
3.307329500000000166e+01 3.318354800000000182e+01 3.320345799999999770e+01
3.441947400000000101e+01 3.439901499999999857e+01 3.452356199999999831e+01
3.169653800000000032e+01 3.157698500000000053e+01 3.169990100000000055e+01
3.156460900000000080e+01 3.143760800000000089e+01 3.154632399999999848e+01
3.311887200000000320e+01 3.313948400000000305e+01 3.301238299999999981e+01
3.308120600000000167e+01 3.315774199999999894e+01 3.321873200000000281e+01
3.314011299999999949e+01 3.320018199999999808e+01 3.306944299999999970e+01
3.230325700000000211e+01 3.218863300000000294e+01 3.218361199999999656e+01
3.563395100000000326e+01 3.547624600000000328e+01 3.556812800000000152e+01
3.140150200000000069e+01 3.151029000000000124e+01 3.152841499999999897e+01
3.213847799999999921e+01 3.224855300000000113e+01 3.226436799999999749e+01
3.242190999999999690e+01 3.241398499999999672e+01 3.230235700000000065e+01
3.577842499999999859e+01 3.575610499999999803e+01 3.563395100000000326e+01
3.405546799999999763e+01 3.416467600000000004e+01 3.418339100000000030e+01
3.576021999999999679e+01 3.582527199999999823e+01 3.590335600000000227e+01
3.340383299999999878e+01 3.327131200000000177e+01 3.336111999999999966e+01
3.229961600000000033e+01 3.242779099999999914e+01 3.232034500000000321e+01
3.442834899999999720e+01 3.453850599999999815e+01 3.455871599999999688e+01
3.046605599999999825e+01 3.058764299999999992e+01 3.046511599999999831e+01
3.371979999999999933e+01 3.384934700000000163e+01 3.375024700000000166e+01
3.419579399999999936e+01 3.406800499999999943e+01 3.417595200000000233e+01
3.352281800000000089e+01 3.340513399999999677e+01 3.352491100000000301e+01
3.111820900000000023e+01 3.101980199999999854e+01 3.098988500000000101e+01
3.134056299999999951e+01 3.125699300000000136e+01 3.124054800000000043e+01
3.202138899999999921e+01 3.215195299999999889e+01 3.204003199999999651e+01
3.254393799999999715e+01 3.243460400000000021e+01 3.241589299999999696e+01
3.459064399999999750e+01 3.461177200000000198e+01 3.448432700000000040e+01
3.278258199999999789e+01 3.280173500000000075e+01 3.267243700000000217e+01
3.357072699999999799e+01 3.366589900000000313e+01 3.369146500000000088e+01
3.301909200000000055e+01 3.309123199999999798e+01 3.315774199999999894e+01
3.433236000000000132e+01 3.441223200000000304e+01 3.430031799999999720e+01
3.390317100000000039e+01 3.400000000000000000e+01 3.401761700000000133e+01
3.377603500000000025e+01 3.375662499999999966e+01 3.388614299999999702e+01
3.138371700000000075e+01 3.127504000000000062e+01 3.125783699999999854e+01
3.499469299999999805e+01 3.512320700000000073e+01 3.501646999999999821e+01
3.255527000000000015e+01 3.244781600000000310e+01 3.242779099999999914e+01
3.193775499999999923e+01 3.193690899999999999e+01 3.181661799999999829e+01
3.517240000000000322e+01 3.504062400000000110e+01 3.514419199999999677e+01
3.416467600000000004e+01 3.414460700000000060e+01 3.427124299999999835e+01
3.294222700000000259e+01 3.305967799999999812e+01 3.294741400000000198e+01
3.010000000000000142e+01 3.021782699999999977e+01 3.021934100000000001e+01
3.372808700000000215e+01 3.362365900000000352e+01 3.359608200000000267e+01
3.332708600000000132e+01 3.320759799999999728e+01 3.329334099999999808e+01
3.364911000000000030e+01 3.366876299999999844e+01 3.354256500000000329e+01
3.483175399999999655e+01 3.468343099999999879e+01 3.475077699999999936e+01
3.501612399999999781e+01 3.488783200000000306e+01 3.499624299999999977e+01
3.460165800000000047e+01 3.450386100000000056e+01 3.446641900000000192e+01
3.505520099999999672e+01 3.516267700000000218e+01 3.502919299999999936e+01
3.291399200000000036e+01 3.278018300000000096e+01 3.287496199999999646e+01
3.492657499999999970e+01 3.493956699999999671e+01 3.505520099999999672e+01
3.519901500000000283e+01 3.507056500000000199e+01 3.516267700000000218e+01
3.238089699999999738e+01 3.227400300000000044e+01 3.225368499999999727e+01
3.445503999999999678e+01 3.438790600000000097e+01 3.432578300000000127e+01
3.458877199999999874e+01 3.470150999999999897e+01 3.458701899999999796e+01
3.252826999999999913e+01 3.254872399999999999e+01 3.242166600000000187e+01
3.504469499999999726e+01 3.518404499999999757e+01 3.505534999999999712e+01
3.058673800000000043e+01 3.058109200000000172e+01 3.070473499999999945e+01
3.491089999999999804e+01 3.493275200000000069e+01 3.480365700000000118e+01
3.365876899999999949e+01 3.367809900000000312e+01 3.355138099999999923e+01
3.375674699999999717e+01 3.386456900000000303e+01 3.388471700000000197e+01
3.505738900000000058e+01 3.518459599999999909e+01 3.507886500000000041e+01
3.145692700000000031e+01 3.132891499999999851e+01 3.143760800000000089e+01
3.580428299999999808e+01 3.595260600000000295e+01 3.592403000000000191e+01
3.438790600000000097e+01 3.429048699999999883e+01 3.424912700000000143e+01
3.473213799999999907e+01 3.469488100000000230e+01 3.459499900000000139e+01
3.094058899999999923e+01 3.082073400000000163e+01 3.083007500000000078e+01
3.301418999999999926e+01 3.287496199999999646e+01 3.300437699999999808e+01
3.119158900000000045e+01 3.124152499999999932e+01 3.112534899999999993e+01
3.132891499999999851e+01 3.131000099999999975e+01 3.143760800000000089e+01
3.170128199999999907e+01 3.180622800000000083e+01 3.182795899999999989e+01
3.580428299999999808e+01 3.592403000000000191e+01 3.580270099999999900e+01
3.592970600000000303e+01 3.589999999999999858e+01 3.579733900000000091e+01
3.138371700000000075e+01 3.151029000000000124e+01 3.140150200000000069e+01
3.319934800000000052e+01 3.317948700000000173e+01 3.330673000000000172e+01
3.021996599999999944e+01 3.010000000000000142e+01 3.022003799999999885e+01
3.310250099999999662e+01 3.299535300000000149e+01 3.297572000000000259e+01
3.595941200000000038e+01 3.582874900000000196e+01 3.585639799999999866e+01
3.617047900000000027e+01 3.615394799999999975e+01 3.603974999999999795e+01
3.022056299999999851e+01 3.010000000000000142e+01 3.022052000000000049e+01
3.622438600000000264e+01 3.619467999999999819e+01 3.609305499999999967e+01
3.320368799999999965e+01 3.330942399999999992e+01 3.333177799999999991e+01
3.046549100000000010e+01 3.046215400000000173e+01 3.058821599999999918e+01
3.290523999999999916e+01 3.292498700000000156e+01 3.279760399999999976e+01
3.459937200000000246e+01 3.449016699999999958e+01 3.447131399999999957e+01
3.083813299999999913e+01 3.094451700000000116e+01 3.097433699999999845e+01
3.508958899999999659e+01 3.497714899999999716e+01 3.495818100000000328e+01
3.158375699999999853e+01 3.145692700000000031e+01 3.156460900000000080e+01
3.127504000000000062e+01 3.140150200000000069e+01 3.129211899999999957e+01
3.252826999999999913e+01 3.242166600000000187e+01 3.240120100000000036e+01
3.405105400000000060e+01 3.392395299999999736e+01 3.403210200000000185e+01
3.327131200000000177e+01 3.340383299999999878e+01 3.331745899999999949e+01
3.115869000000000000e+01 3.127768700000000024e+01 3.116822300000000112e+01
3.181683699999999959e+01 3.192533799999999999e+01 3.194403000000000148e+01
3.094326799999999977e+01 3.107252899999999940e+01 3.096344399999999908e+01
3.365621800000000263e+01 3.363635899999999879e+01 3.376412499999999994e+01
3.488548200000000321e+01 3.483175399999999655e+01 3.475077699999999936e+01
3.180622800000000083e+01 3.191179500000000147e+01 3.193360699999999852e+01
3.562343899999999763e+01 3.572269599999999912e+01 3.559110199999999935e+01
3.499624299999999977e+01 3.488783200000000306e+01 3.486620599999999826e+01
3.477895000000000181e+01 3.466958199999999835e+01 3.464959999999999951e+01
3.410071400000000352e+01 3.422978100000000268e+01 3.412153299999999945e+01
3.100601199999999835e+01 3.111885600000000096e+01 3.113250400000000084e+01
3.334164599999999723e+01 3.323316499999999962e+01 3.321165200000000084e+01
3.306350400000000178e+01 3.304393499999999761e+01 3.317098299999999966e+01
3.353204800000000319e+01 3.365876899999999949e+01 3.355138099999999923e+01
3.352395599999999831e+01 3.342226399999999842e+01 3.340383299999999878e+01
3.326842800000000011e+01 3.337543800000000260e+01 3.339532200000000017e+01
3.147733399999999904e+01 3.149347500000000011e+01 3.136727899999999991e+01
3.357072699999999799e+01 3.369146500000000088e+01 3.358765499999999804e+01
3.361667299999999869e+01 3.359712700000000041e+01 3.372466599999999914e+01
3.456370400000000132e+01 3.450349400000000344e+01 3.442829299999999648e+01
3.220865500000000026e+01 3.210202699999999965e+01 3.208167300000000211e+01
3.387703299999999729e+01 3.382113400000000070e+01 3.395206300000000255e+01
3.233567899999999895e+01 3.222899199999999809e+01 3.220865500000000026e+01
3.201872800000000296e+01 3.203973599999999777e+01 3.191179500000000147e+01
3.446641900000000192e+01 3.438314799999999849e+01 3.434053000000000111e+01
3.399941599999999653e+01 3.389174299999999818e+01 3.387191500000000133e+01
3.034277099999999905e+01 3.034238200000000063e+01 3.046659700000000015e+01
3.467605400000000060e+01 3.454618399999999667e+01 3.464483899999999750e+01
3.409832600000000014e+01 3.423029100000000113e+01 3.422736400000000145e+01
3.103965699999999828e+01 3.092889100000000013e+01 3.091481800000000035e+01
3.189007000000000147e+01 3.178306699999999907e+01 3.175957299999999961e+01
3.138371700000000075e+01 3.140150200000000069e+01 3.127504000000000062e+01
3.506180100000000266e+01 3.518842399999999770e+01 3.508701899999999796e+01
3.249835499999999655e+01 3.237305400000000333e+01 3.247927899999999823e+01
3.368599300000000341e+01 3.379383899999999841e+01 3.381306599999999918e+01
3.058109200000000172e+01 3.045663599999999960e+01 3.057249099999999942e+01
3.409832600000000014e+01 3.422736400000000145e+01 3.412867599999999868e+01
3.251699099999999731e+01 3.253591099999999869e+01 3.240874600000000072e+01
3.087271000000000143e+01 3.078202800000000039e+01 3.089727600000000152e+01
3.010000000000000142e+01 3.010000000000000142e+01 3.021610099999999832e+01
3.306059100000000228e+01 3.317395400000000194e+01 3.305967799999999812e+01
3.379842599999999919e+01 3.366589900000000313e+01 3.370459499999999764e+01
3.382383999999999702e+01 3.393285199999999691e+01 3.395105800000000329e+01
3.449011300000000091e+01 3.451415000000000077e+01 3.438178400000000323e+01
3.296775399999999934e+01 3.307329500000000166e+01 3.309674199999999900e+01
3.541666099999999773e+01 3.555123900000000248e+01 3.548049400000000020e+01
3.340975300000000203e+01 3.341944199999999654e+01 3.353271600000000063e+01
3.405419100000000299e+01 3.400280399999999759e+01 3.412867599999999868e+01
3.414953299999999814e+01 3.402197999999999922e+01 3.412069100000000077e+01
3.214656099999999839e+01 3.216723999999999961e+01 3.203973599999999777e+01
3.242761000000000138e+01 3.241685199999999867e+01 3.230134300000000280e+01
3.156242100000000050e+01 3.158124499999999912e+01 3.145428499999999872e+01
3.170736899999999991e+01 3.169000199999999978e+01 3.181430100000000039e+01
3.559110199999999935e+01 3.555323200000000128e+01 3.545998800000000273e+01
3.507056500000000199e+01 3.493341600000000113e+01 3.502919299999999936e+01
3.181683699999999959e+01 3.194403000000000148e+01 3.183554699999999826e+01
3.386456900000000303e+01 3.399280499999999705e+01 3.388471700000000197e+01
3.490617999999999910e+01 3.477496599999999916e+01 3.481669800000000237e+01
3.104782399999999853e+01 3.114584400000000031e+01 3.118236699999999928e+01
3.504469499999999726e+01 3.490959500000000304e+01 3.501555799999999863e+01
3.366876299999999844e+01 3.356509599999999693e+01 3.354256500000000329e+01
3.439901499999999857e+01 3.427303100000000313e+01 3.438105600000000095e+01
3.505534999999999712e+01 3.516821600000000103e+01 3.505100699999999847e+01
3.497312900000000013e+01 3.499469299999999805e+01 3.486676599999999837e+01
3.045663499999999857e+01 3.046171100000000109e+01 3.058673800000000043e+01
3.052577499999999944e+01 3.059394899999999851e+01 3.066302599999999856e+01
3.385220199999999835e+01 3.374436099999999783e+01 3.372466599999999914e+01
3.078882300000000072e+01 3.066302599999999856e+01 3.078783999999999921e+01
3.568913100000000327e+01 3.582527199999999823e+01 3.576021999999999679e+01
3.203365099999999899e+01 3.216078499999999707e+01 3.205245599999999939e+01
3.424912700000000143e+01 3.429048699999999883e+01 3.415393399999999957e+01
3.578342599999999862e+01 3.564887199999999723e+01 3.567783000000000015e+01
3.471800600000000259e+01 3.461177200000000198e+01 3.459064399999999750e+01
3.010000000000000142e+01 3.010000000000000142e+01 3.022052000000000049e+01
3.420934700000000106e+01 3.433576099999999798e+01 3.423004099999999994e+01
3.451242400000000288e+01 3.459499900000000139e+01 3.444674400000000247e+01
3.497443499999999972e+01 3.483175399999999655e+01 3.488548200000000321e+01
3.262433099999999797e+01 3.249835499999999655e+01 3.260472099999999784e+01
3.176230999999999938e+01 3.165422900000000084e+01 3.163731999999999900e+01
3.364793300000000187e+01 3.375165599999999699e+01 3.377376000000000289e+01
3.425405399999999645e+01 3.414629099999999795e+01 3.412680799999999692e+01
3.256198599999999743e+01 3.268918899999999894e+01 3.257860000000000156e+01
3.273879800000000273e+01 3.276067499999999910e+01 3.263216899999999754e+01
3.352395599999999831e+01 3.354330099999999959e+01 3.342226399999999842e+01
3.354147900000000249e+01 3.366895600000000144e+01 3.356137300000000323e+01
3.274181600000000003e+01 3.286863499999999760e+01 3.276180000000000092e+01
3.600135800000000330e+01 3.595260600000000295e+01 3.586549300000000073e+01
3.348183199999999715e+01 3.357072699999999799e+01 3.358765499999999804e+01
3.169653800000000032e+01 3.169837100000000163e+01 3.157793200000000056e+01
3.514377999999999957e+01 3.525014000000000181e+01 3.527363700000000080e+01
3.165537199999999984e+01 3.178248900000000177e+01 3.167286100000000104e+01
3.196047000000000082e+01 3.182875299999999896e+01 3.185849999999999937e+01
3.134363799999999856e+01 3.134391199999999955e+01 3.121038400000000124e+01
3.282918300000000045e+01 3.280950200000000194e+01 3.293651299999999793e+01
3.219250799999999657e+01 3.229961600000000033e+01 3.232034500000000321e+01
3.044982699999999909e+01 3.057262199999999908e+01 3.045658799999999999e+01
3.595114399999999932e+01 3.606817600000000112e+01 3.603974999999999795e+01
3.430027199999999965e+01 3.427901500000000112e+01 3.438886600000000016e+01
3.553091400000000277e+01 3.538453100000000262e+01 3.547456199999999882e+01
3.316385600000000267e+01 3.329186200000000184e+01 3.318354800000000182e+01
3.572333900000000284e+01 3.569975800000000277e+01 3.558396400000000170e+01
3.131000099999999975e+01 3.141927400000000148e+01 3.143760800000000089e+01
3.538118699999999706e+01 3.533666099999999943e+01 3.526033900000000187e+01
3.341411300000000040e+01 3.349264099999999900e+01 3.355060900000000146e+01
3.410732500000000300e+01 3.408769699999999858e+01 3.421545600000000320e+01
3.245238100000000259e+01 3.246997799999999756e+01 3.234380500000000325e+01
3.475782699999999892e+01 3.486586599999999692e+01 3.488667999999999836e+01
3.414260999999999768e+01 3.418048799999999687e+01 3.404538999999999760e+01
3.058673800000000043e+01 3.046171100000000109e+01 3.058109200000000172e+01
3.532713900000000251e+01 3.541382699999999772e+01 3.526815599999999762e+01
3.304701599999999928e+01 3.301890999999999821e+01 3.314747299999999797e+01
3.412153299999999945e+01 3.422978100000000268e+01 3.425105099999999680e+01
3.395178500000000099e+01 3.407971899999999721e+01 3.397227399999999875e+01
3.581752800000000292e+01 3.577629199999999798e+01 3.568462399999999946e+01
3.201872800000000296e+01 3.189007000000000147e+01 3.199896700000000038e+01
3.512395300000000020e+01 3.522982199999999864e+01 3.525014000000000181e+01
3.588918900000000178e+01 3.602612599999999787e+01 3.595114399999999932e+01
3.579733900000000091e+01 3.576251899999999750e+01 3.566209200000000124e+01
3.476029499999999928e+01 3.473923400000000328e+01 3.486676599999999837e+01
3.530753500000000145e+01 3.526864400000000188e+01 3.516420200000000307e+01
3.507947899999999919e+01 3.516420200000000307e+01 3.501516999999999769e+01
3.240120100000000036e+01 3.238089699999999738e+01 3.250799599999999856e+01
3.538118699999999706e+01 3.526033900000000187e+01 3.526815599999999762e+01
3.375397699999999901e+01 3.365186200000000127e+01 3.378063600000000122e+01
3.309196399999999727e+01 3.296488500000000244e+01 3.307211000000000212e+01
3.246790399999999721e+01 3.248789399999999716e+01 3.236080700000000121e+01
3.034122500000000144e+01 3.046215400000000173e+01 3.046549100000000010e+01
3.340513399999999677e+01 3.328811600000000226e+01 3.340975300000000203e+01
3.210202699999999965e+01 3.212198399999999765e+01 3.199526399999999882e+01
3.212638900000000319e+01 3.199896700000000038e+01 3.210690400000000011e+01
3.082998900000000120e+01 3.094326799999999977e+01 3.096344399999999908e+01
3.270624800000000221e+01 3.279842599999999919e+01 3.264462300000000283e+01
3.506180100000000266e+01 3.504062400000000110e+01 3.517240000000000322e+01
3.301418999999999926e+01 3.303700299999999856e+01 3.291399200000000036e+01
3.372840699999999714e+01 3.362036200000000008e+01 3.360089899999999830e+01
3.405908600000000064e+01 3.416610099999999761e+01 3.418661300000000125e+01
3.558396400000000170e+01 3.569975800000000277e+01 3.558185300000000240e+01
3.139471999999999952e+01 3.140331799999999873e+01 3.127768700000000024e+01
3.242190999999999690e+01 3.230235700000000065e+01 3.230606399999999923e+01
3.469488100000000230e+01 3.456814700000000329e+01 3.459499900000000139e+01
3.385976200000000347e+01 3.398110899999999646e+01 3.388614299999999702e+01
3.067381800000000069e+01 3.055279900000000026e+01 3.065487900000000110e+01
3.330182800000000043e+01 3.336192299999999733e+01 3.345557099999999906e+01
3.301418999999999926e+01 3.291399200000000036e+01 3.287496199999999646e+01
3.304565300000000150e+01 3.291899500000000245e+01 3.293156299999999703e+01
3.415393399999999957e+01 3.401927700000000243e+01 3.411150500000000108e+01
3.102565200000000090e+01 3.103965699999999828e+01 3.091481800000000035e+01
3.280173500000000075e+01 3.293173800000000284e+01 3.281655800000000056e+01
3.458060400000000101e+01 3.459937200000000246e+01 3.447131399999999957e+01
3.591768799999999828e+01 3.588715599999999739e+01 3.578342599999999862e+01
3.262947700000000140e+01 3.252398500000000325e+01 3.250180100000000039e+01
3.205245599999999939e+01 3.216078499999999707e+01 3.217974799999999647e+01
3.381624699999999706e+01 3.368876099999999951e+01 3.379649700000000223e+01
3.384656499999999824e+01 3.392218900000000303e+01 3.398954299999999762e+01
3.305967799999999812e+01 3.305830600000000175e+01 3.294741400000000198e+01
3.515359600000000029e+01 3.511236000000000246e+01 3.501965599999999768e+01
3.448536800000000113e+01 3.441223200000000304e+01 3.453927000000000191e+01
3.492963300000000260e+01 3.501965599999999768e+01 3.488548200000000321e+01
3.205591700000000088e+01 3.218361199999999656e+01 3.206954400000000049e+01
3.121038400000000124e+01 3.107510999999999868e+01 3.112534899999999993e+01
3.507886500000000041e+01 3.510141200000000339e+01 3.497312900000000013e+01
3.033109599999999872e+01 3.044982699999999909e+01 3.033467200000000119e+01
3.230325700000000211e+01 3.218361199999999656e+01 3.230134300000000280e+01
3.081561500000000109e+01 3.069634599999999836e+01 3.070077399999999912e+01
3.136467100000000130e+01 3.139471999999999952e+01 3.128358300000000014e+01
3.467476400000000325e+01 3.454707599999999701e+01 3.465330800000000266e+01
3.338051699999999755e+01 3.325282599999999888e+01 3.336102100000000092e+01
3.492735199999999907e+01 3.490959500000000304e+01 3.504469499999999726e+01
3.378063600000000122e+01 3.365186200000000127e+01 3.364686900000000236e+01
3.096302400000000077e+01 3.095899299999999954e+01 3.083763099999999824e+01
3.463464400000000154e+01 3.450779599999999903e+01 3.461810400000000243e+01
3.523169399999999740e+01 3.533489300000000100e+01 3.536756799999999856e+01
3.481669800000000237e+01 3.477496599999999916e+01 3.468454799999999949e+01
3.506180100000000266e+01 3.517240000000000322e+01 3.518842399999999770e+01
3.056297500000000156e+01 3.044406700000000043e+01 3.055279900000000026e+01
3.224855300000000113e+01 3.223560799999999915e+01 3.235578399999999988e+01
3.046395800000000165e+01 3.034409499999999937e+01 3.046511599999999831e+01
3.458060400000000101e+01 3.468878000000000128e+01 3.470957800000000049e+01
3.120101999999999975e+01 3.132891499999999851e+01 3.122158999999999907e+01
3.234076900000000165e+01 3.223373800000000244e+01 3.221378500000000145e+01
3.572333900000000284e+01 3.558396400000000170e+01 3.563283500000000004e+01
3.021782699999999977e+01 3.010000000000000142e+01 3.021610099999999832e+01
3.431123099999999937e+01 3.420292800000000000e+01 3.418339100000000030e+01
3.434329000000000320e+01 3.432384799999999814e+01 3.445203000000000060e+01
3.090415700000000143e+01 3.078882300000000072e+01 3.078783999999999921e+01
3.409832600000000014e+01 3.400280399999999759e+01 3.394717399999999685e+01
3.129079600000000028e+01 3.141784000000000177e+01 3.130556800000000095e+01
3.554645099999999758e+01 3.568076299999999890e+01 3.556812800000000152e+01
3.352817799999999693e+01 3.342009399999999886e+01 3.340002299999999735e+01
3.416826100000000110e+01 3.423853199999999930e+01 3.412069100000000077e+01
3.087271000000000143e+01 3.072304899999999961e+01 3.078202800000000039e+01
3.181764000000000081e+01 3.169837100000000163e+01 3.169653800000000032e+01
3.057707600000000170e+01 3.045780699999999896e+01 3.046131199999999950e+01
3.139471999999999952e+01 3.127768700000000024e+01 3.128358300000000014e+01
3.337543800000000260e+01 3.335593000000000075e+01 3.348252800000000207e+01
3.471426999999999907e+01 3.473446799999999968e+01 3.460165800000000047e+01
3.243460400000000021e+01 3.245238100000000259e+01 3.232556999999999903e+01
3.265252399999999966e+01 3.253325499999999693e+01 3.254322400000000215e+01
3.386298200000000236e+01 3.380634200000000078e+01 3.394717399999999685e+01
3.034122500000000144e+01 3.033857100000000173e+01 3.046215400000000173e+01
3.461810400000000243e+01 3.449016699999999958e+01 3.459937200000000246e+01
3.317395400000000194e+01 3.306059100000000228e+01 3.318559499999999929e+01
3.266431399999999741e+01 3.265252399999999966e+01 3.254322400000000215e+01
3.320018199999999808e+01 3.329334099999999808e+01 3.314031700000000313e+01
3.362941800000000114e+01 3.370767699999999678e+01 3.376598400000000311e+01
3.492657499999999970e+01 3.505520099999999672e+01 3.502919299999999936e+01
3.071330299999999980e+01 3.077111500000000177e+01 3.065487900000000110e+01
3.302420200000000250e+01 3.289721800000000229e+01 3.300448399999999793e+01
3.562178600000000017e+01 3.576021999999999679e+01 3.568398799999999937e+01
3.492887100000000089e+01 3.488497000000000270e+01 3.481539899999999932e+01
3.338573800000000347e+01 3.327835499999999769e+01 3.325865900000000153e+01
3.471676899999999932e+01 3.469609499999999969e+01 3.482527300000000281e+01
3.417737600000000242e+01 3.407045500000000260e+01 3.405105400000000060e+01
3.333177799999999991e+01 3.346118500000000040e+01 3.335576999999999970e+01
3.369219400000000064e+01 3.366876299999999844e+01 3.379292699999999883e+01
3.265306499999999801e+01 3.267243700000000217e+01 3.254393799999999715e+01
3.518404499999999757e+01 3.504469499999999726e+01 3.514671400000000290e+01
3.362918799999999919e+01 3.360893999999999693e+01 3.373495700000000141e+01
3.394038100000000213e+01 3.396010100000000165e+01 3.383262200000000064e+01
3.507886500000000041e+01 3.518459599999999909e+01 3.520630100000000340e+01
3.402797799999999739e+01 3.392069099999999793e+01 3.390057500000000346e+01
3.172844200000000114e+01 3.170736899999999991e+01 3.182869099999999918e+01
3.268245699999999943e+01 3.278985800000000239e+01 3.280950200000000194e+01
3.091930500000000137e+01 3.081084900000000104e+01 3.079531700000000072e+01
3.493275200000000069e+01 3.482527300000000281e+01 3.480365700000000118e+01
3.429292099999999976e+01 3.441947400000000101e+01 3.431423999999999808e+01
3.279760399999999976e+01 3.281740299999999877e+01 3.268953400000000187e+01
3.327835499999999769e+01 3.317098299999999966e+01 3.315128500000000145e+01
3.450031100000000350e+01 3.462901500000000254e+01 3.452074300000000306e+01
3.539132500000000192e+01 3.525803700000000163e+01 3.529345500000000158e+01
3.376624199999999831e+01 3.363957500000000067e+01 3.374741199999999708e+01
3.178032699999999977e+01 3.179839000000000127e+01 3.167159200000000041e+01
3.319934800000000052e+01 3.330673000000000172e+01 3.332657400000000081e+01
3.484548900000000060e+01 3.471426999999999907e+01 3.482592499999999802e+01
3.283831099999999736e+01 3.286600599999999872e+01 3.274334300000000297e+01
3.286600599999999872e+01 3.296775399999999934e+01 3.299175999999999931e+01
3.419625099999999662e+01 3.417737600000000242e+01 3.430275699999999972e+01
3.400000000000000000e+01 3.412366099999999847e+01 3.401761700000000133e+01
3.263497799999999671e+01 3.265521300000000338e+01 3.252826999999999913e+01
3.432384799999999814e+01 3.430399299999999840e+01 3.443222600000000000e+01
3.309869400000000184e+01 3.322600700000000273e+01 3.312177599999999700e+01
3.359712700000000041e+01 3.370535000000000281e+01 3.372466599999999914e+01
3.021782699999999977e+01 3.021610099999999832e+01 3.033467200000000119e+01
3.374741199999999708e+01 3.363957500000000067e+01 3.362036200000000008e+01
3.094451700000000116e+01 3.106525200000000098e+01 3.106128000000000000e+01
3.510141200000000339e+01 3.520630100000000340e+01 3.523169399999999740e+01
3.160398199999999846e+01 3.170736899999999991e+01 3.172844200000000114e+01
3.272194900000000217e+01 3.284886699999999848e+01 3.274181600000000003e+01
3.363635899999999879e+01 3.352817799999999693e+01 3.350844299999999976e+01
3.265521300000000338e+01 3.278197899999999976e+01 3.267561500000000052e+01
3.264358899999999863e+01 3.266287400000000218e+01 3.253591099999999869e+01
3.476273900000000339e+01 3.489089299999999838e+01 3.475865900000000153e+01
3.090415700000000143e+01 3.091481800000000035e+01 3.078882300000000072e+01
3.070629599999999826e+01 3.058764299999999992e+01 3.071176499999999976e+01
3.397563799999999645e+01 3.387249200000000116e+01 3.385937100000000299e+01
3.479664900000000216e+01 3.488548200000000321e+01 3.475077699999999936e+01
3.106525200000000098e+01 3.104782399999999853e+01 3.118236699999999928e+01
3.429292099999999976e+01 3.431423999999999808e+01 3.418661300000000125e+01
3.540726200000000290e+01 3.539929899999999918e+01 3.529046799999999706e+01
3.046215400000000173e+01 3.033857100000000173e+01 3.045658799999999999e+01
3.190681500000000170e+01 3.179839000000000127e+01 3.178032699999999977e+01
3.501612399999999781e+01 3.499624299999999977e+01 3.512395300000000020e+01
3.461670800000000270e+01 3.448536800000000113e+01 3.453927000000000191e+01
3.106128000000000000e+01 3.119158900000000045e+01 3.112534899999999993e+01
3.262518200000000235e+01 3.262947700000000140e+01 3.250180100000000039e+01
3.163731999999999900e+01 3.151407700000000034e+01 3.161762699999999882e+01
3.446828299999999956e+01 3.442079499999999825e+01 3.433515899999999732e+01
3.447992399999999691e+01 3.460855399999999804e+01 3.450031100000000350e+01
3.194456200000000123e+01 3.182046000000000063e+01 3.182875299999999896e+01
3.535161399999999787e+01 3.521638000000000090e+01 3.525803700000000163e+01
3.379292699999999883e+01 3.377603500000000025e+01 3.390304400000000129e+01
3.239641300000000257e+01 3.252445199999999659e+01 3.241589299999999696e+01
3.390306000000000353e+01 3.404538999999999760e+01 3.395206300000000255e+01
3.038186699999999973e+01 3.052577499999999944e+01 3.044746699999999962e+01
3.176230999999999938e+01 3.163731999999999900e+01 3.174306400000000039e+01
3.021804699999999855e+01 3.033379899999999907e+01 3.033865300000000076e+01
3.528603799999999779e+01 3.517363000000000284e+01 3.529046799999999706e+01
3.294482899999999859e+01 3.292498700000000156e+01 3.305225699999999733e+01
3.158723699999999823e+01 3.145580599999999905e+01 3.147638600000000153e+01
3.541371699999999834e+01 3.528603799999999779e+01 3.539929899999999918e+01
3.114584400000000031e+01 3.124314400000000091e+01 3.126867299999999972e+01
3.212198399999999765e+01 3.201468100000000305e+01 3.199526399999999882e+01
3.364911000000000030e+01 3.352219300000000146e+01 3.362918799999999919e+01
3.399941599999999653e+01 3.410732500000000300e+01 3.412680799999999692e+01
3.252398500000000325e+01 3.242039499999999919e+01 3.240578699999999657e+01
3.444089100000000059e+01 3.446325499999999664e+01 3.433576099999999798e+01
3.385622899999999902e+01 3.387421199999999999e+01 3.374741199999999708e+01
3.149347500000000011e+01 3.147638600000000153e+01 3.138687499999999986e+01
3.141927400000000148e+01 3.152841499999999897e+01 3.154632399999999848e+01
3.229961600000000033e+01 3.240874600000000072e+01 3.242779099999999914e+01
3.286880299999999977e+01 3.300797699999999679e+01 3.293575700000000239e+01
3.473726700000000278e+01 3.484545299999999912e+01 3.486586599999999692e+01
3.331144299999999703e+01 3.318559499999999929e+01 3.327404200000000145e+01
3.266287400000000218e+01 3.268245699999999943e+01 3.255527000000000015e+01
3.300797699999999679e+01 3.293792200000000037e+01 3.306944299999999970e+01
3.471800600000000259e+01 3.459064399999999750e+01 3.469647799999999904e+01
3.159467400000000126e+01 3.149213100000000054e+01 3.146365399999999823e+01
3.539132500000000192e+01 3.535161399999999787e+01 3.525803700000000163e+01
3.289910700000000077e+01 3.298712400000000144e+01 3.300437699999999808e+01
3.052577499999999944e+01 3.066302599999999856e+01 3.056578599999999923e+01
3.464483899999999750e+01 3.476273900000000339e+01 3.475865900000000153e+01
3.388146100000000160e+01 3.392902600000000035e+01 3.378063600000000122e+01
3.294465999999999894e+01 3.283889400000000336e+01 3.294741400000000198e+01
3.384423300000000268e+01 3.395178500000000099e+01 3.397227399999999875e+01
3.394962799999999703e+01 3.391126200000000068e+01 3.402635200000000282e+01
3.409592099999999704e+01 3.394962799999999703e+01 3.402635200000000282e+01
3.410732500000000300e+01 3.397971900000000289e+01 3.408769699999999858e+01
3.410575899999999905e+01 3.423004099999999994e+01 3.411611500000000063e+01
3.083813299999999913e+01 3.084551400000000143e+01 3.071622599999999892e+01
3.476273900000000339e+01 3.487424200000000241e+01 3.489089299999999838e+01
3.533489300000000100e+01 3.531031300000000073e+01 3.543782199999999705e+01
3.191179500000000147e+01 3.203973599999999777e+01 3.193360699999999852e+01
3.017257599999999940e+01 3.024515299999999840e+01 3.031453300000000084e+01
3.353204800000000319e+01 3.355138099999999923e+01 3.342466100000000040e+01
3.328438500000000033e+01 3.316666899999999885e+01 3.328533500000000345e+01
3.612660799999999739e+01 3.609305499999999967e+01 3.600135800000000330e+01
3.411150500000000108e+01 3.398585599999999829e+01 3.409592099999999704e+01
3.522982199999999864e+01 3.521633599999999831e+01 3.533905099999999777e+01
3.526815599999999762e+01 3.512211599999999834e+01 3.520926500000000203e+01
3.320345799999999770e+01 3.331193700000000035e+01 3.333234499999999656e+01
3.364904899999999799e+01 3.362903000000000020e+01 3.375674699999999717e+01
3.329788899999999785e+01 3.340525300000000186e+01 3.342466100000000040e+01
3.568462399999999946e+01 3.577629199999999798e+01 3.564299599999999657e+01
3.096302400000000077e+01 3.084551400000000143e+01 3.097433699999999845e+01
3.526877300000000304e+01 3.538184400000000096e+01 3.538475499999999840e+01
3.269791899999999885e+01 3.266062500000000313e+01 3.257677400000000034e+01
3.510586500000000143e+01 3.499624299999999977e+01 3.497714899999999716e+01
3.495913999999999788e+01 3.489089299999999838e+01 3.502334499999999906e+01
3.453850599999999815e+01 3.468343099999999879e+01 3.455871599999999688e+01
3.157910199999999890e+01 3.145983199999999869e+01 3.146202600000000160e+01
3.246997799999999756e+01 3.248862900000000309e+01 3.236252100000000098e+01
3.233567899999999895e+01 3.235616100000000017e+01 3.222899199999999809e+01
3.175957299999999961e+01 3.178306699999999907e+01 3.165356999999999843e+01
3.261314099999999883e+01 3.269791899999999885e+01 3.257677400000000034e+01
3.373662699999999859e+01 3.371648600000000329e+01 3.384423300000000268e+01
3.025159400000000076e+01 3.038186699999999973e+01 3.032447600000000065e+01
3.526033900000000187e+01 3.518404499999999757e+01 3.514671400000000290e+01
3.537245000000000061e+01 3.532713900000000251e+01 3.522247899999999987e+01
3.407971899999999721e+01 3.410071400000000352e+01 3.397227399999999875e+01
3.312177599999999700e+01 3.324920000000000186e+01 3.314747299999999797e+01
3.044982699999999909e+01 3.044406700000000043e+01 3.056297500000000156e+01
3.489564500000000180e+01 3.476636500000000041e+01 3.479758400000000051e+01
3.021926900000000060e+01 3.010000000000000142e+01 3.021897399999999934e+01
3.377603500000000025e+01 3.364911000000000030e+01 3.375662499999999966e+01
3.342226399999999842e+01 3.342963799999999708e+01 3.329334099999999808e+01
3.395105800000000329e+01 3.393285199999999691e+01 3.406390499999999832e+01
3.274334300000000297e+01 3.262518200000000235e+01 3.270755700000000132e+01
3.157507899999999879e+01 3.159467400000000126e+01 3.146365399999999823e+01
3.081084900000000104e+01 3.082200299999999871e+01 3.069745599999999897e+01
3.437176900000000046e+01 3.424334000000000344e+01 3.435147599999999812e+01
3.540595199999999920e+01 3.552644800000000203e+01 3.541008699999999720e+01
3.607823499999999939e+01 3.604852900000000204e+01 3.594892200000000315e+01
3.057262199999999908e+01 3.044982699999999909e+01 3.056297500000000156e+01
3.316989199999999727e+01 3.305271199999999965e+01 3.305830600000000175e+01
3.196047000000000082e+01 3.194456200000000123e+01 3.182875299999999896e+01
3.468878000000000128e+01 3.481590099999999666e+01 3.470957800000000049e+01
3.468454799999999949e+01 3.455451099999999798e+01 3.459226300000000265e+01
3.446828299999999956e+01 3.433515899999999732e+01 3.437721700000000169e+01
3.287496199999999646e+01 3.289910700000000077e+01 3.300437699999999808e+01
3.279842599999999919e+01 3.283831099999999736e+01 3.270755700000000132e+01
3.374436099999999783e+01 3.363635899999999879e+01 3.361667299999999869e+01
3.278258199999999789e+01 3.265306499999999801e+01 3.276067499999999910e+01
3.408674899999999752e+01 3.410575899999999905e+01 3.399776800000000065e+01
3.344399700000000308e+01 3.346313500000000118e+01 3.333656799999999976e+01
3.613526800000000350e+01 3.600645300000000049e+01 3.603239399999999648e+01
3.429985200000000134e+01 3.414953299999999814e+01 3.423853199999999930e+01
3.223373800000000244e+01 3.212638900000000319e+01 3.210690400000000011e+01
3.425105099999999680e+01 3.435974600000000123e+01 3.438178400000000323e+01
3.414953299999999814e+01 3.423767200000000344e+01 3.409592099999999704e+01
3.417340800000000200e+01 3.414260999999999768e+01 3.405419100000000299e+01
3.328681900000000127e+01 3.317948700000000173e+01 3.315958400000000239e+01
3.230235700000000065e+01 3.218258500000000311e+01 3.218858999999999781e+01
3.293575700000000239e+01 3.308046199999999715e+01 3.298712400000000144e+01
3.411611500000000063e+01 3.424826600000000099e+01 3.414460700000000060e+01
3.383625399999999672e+01 3.385622899999999902e+01 3.372840699999999714e+01
3.391219300000000203e+01 3.401749300000000176e+01 3.403965000000000174e+01
3.241589299999999696e+01 3.243460400000000021e+01 3.230712900000000332e+01
3.348252800000000207e+01 3.358965899999999749e+01 3.360893999999999693e+01
3.314175999999999789e+01 3.326842800000000011e+01 3.316172199999999748e+01
3.458877199999999874e+01 3.470585599999999715e+01 3.470150999999999897e+01
3.154632399999999848e+01 3.165537199999999984e+01 3.167286100000000104e+01
3.602612599999999787e+01 3.616306300000000107e+01 3.606817600000000112e+01
3.071710099999999954e+01 3.071176499999999976e+01 3.059070300000000131e+01
3.408769699999999858e+01 3.397971900000000289e+01 3.396010100000000165e+01
3.393285199999999691e+01 3.380500800000000083e+01 3.391219300000000203e+01
3.376598400000000311e+01 3.384656499999999824e+01 3.390306000000000353e+01
3.293991599999999664e+01 3.307329500000000166e+01 3.296775399999999934e+01
3.334638900000000206e+01 3.332657400000000081e+01 3.345385100000000023e+01
3.094326799999999977e+01 3.081728000000000023e+01 3.092889100000000013e+01
3.380634200000000078e+01 3.390317100000000039e+01 3.394717399999999685e+01
3.492994900000000058e+01 3.490886700000000076e+01 3.503639499999999884e+01
3.010000000000000142e+01 3.010000000000000142e+01 3.021934100000000001e+01
3.117387499999999889e+01 3.130556800000000095e+01 3.120026800000000122e+01
3.348116999999999877e+01 3.350146199999999652e+01 3.337392400000000237e+01
3.325865900000000153e+01 3.313154000000000110e+01 3.323896899999999732e+01
3.368599300000000341e+01 3.366776399999999825e+01 3.379383899999999841e+01
3.103965699999999828e+01 3.105484500000000025e+01 3.092889100000000013e+01
3.486620599999999826e+01 3.475867600000000124e+01 3.473446799999999968e+01
3.190681500000000170e+01 3.203365099999999899e+01 3.192533799999999999e+01
3.358118100000000084e+01 3.345385100000000023e+01 3.356137300000000323e+01
3.218858999999999781e+01 3.207019199999999870e+01 3.207467799999999869e+01
3.471426999999999907e+01 3.470300100000000043e+01 3.482592499999999802e+01
3.207128900000000016e+01 3.194403000000000148e+01 3.205245599999999939e+01
3.245238100000000259e+01 3.257860000000000156e+01 3.246997799999999756e+01
3.478099199999999769e+01 3.467476400000000325e+01 3.465330800000000266e+01
3.340002299999999735e+01 3.338051699999999755e+01 3.350844299999999976e+01
3.126867299999999972e+01 3.124314400000000091e+01 3.136727899999999991e+01
3.081084900000000104e+01 3.069745599999999897e+01 3.068681099999999873e+01
3.261491500000000343e+01 3.250799599999999856e+01 3.248789399999999716e+01
3.578342599999999862e+01 3.588715599999999739e+01 3.575598300000000052e+01
3.375755300000000148e+01 3.375397699999999901e+01 3.387249200000000116e+01
3.033853799999999978e+01 3.021926900000000060e+01 3.021897399999999934e+01
3.440225800000000334e+01 3.427731500000000153e+01 3.438314799999999849e+01
3.280245299999999986e+01 3.290866199999999964e+01 3.292907799999999696e+01
3.248789399999999716e+01 3.238089699999999738e+01 3.236080700000000121e+01
3.320018199999999808e+01 3.327131200000000177e+01 3.331745899999999949e+01
3.314324799999999982e+01 3.303700299999999856e+01 3.301418999999999926e+01
3.336102100000000092e+01 3.334164599999999723e+01 3.346954099999999954e+01
3.240120100000000036e+01 3.227400300000000044e+01 3.238089699999999738e+01
3.440225800000000334e+01 3.438314799999999849e+01 3.450386100000000056e+01
3.489089299999999838e+01 3.501516999999999769e+01 3.502334499999999906e+01
3.521638000000000090e+01 3.530753500000000145e+01 3.516420200000000307e+01
3.348780099999999749e+01 3.359093500000000176e+01 3.361983399999999733e+01
3.235616100000000017e+01 3.246278900000000078e+01 3.248350200000000143e+01
3.526864400000000188e+01 3.513655099999999720e+01 3.516420200000000307e+01
3.371036200000000349e+01 3.372808700000000215e+01 3.359608200000000267e+01
3.181683699999999959e+01 3.170832800000000162e+01 3.168967699999999965e+01
3.310666499999999957e+01 3.312671600000000183e+01 3.300437699999999808e+01
3.616306300000000107e+01 3.629999999999999716e+01 3.617047900000000027e+01
3.270217199999999735e+01 3.280950200000000194e+01 3.282918300000000045e+01
3.424334000000000344e+01 3.413540100000000166e+01 3.411489399999999961e+01
3.134391199999999955e+01 3.124054800000000043e+01 3.121038400000000124e+01
3.057249099999999942e+01 3.044758900000000068e+01 3.056578599999999923e+01
3.407456899999999678e+01 3.405546799999999763e+01 3.418339100000000030e+01
3.323821199999999720e+01 3.331548300000000040e+01 3.337625100000000344e+01
3.282920500000000175e+01 3.279954500000000195e+01 3.269791899999999885e+01
3.320987300000000175e+01 3.308304600000000306e+01 3.319042100000000062e+01
3.333177799999999991e+01 3.330942399999999992e+01 3.343720700000000079e+01
3.333656799999999976e+01 3.320987300000000175e+01 3.331727899999999920e+01
3.370767699999999678e+01 3.378481899999999882e+01 3.384656499999999824e+01
3.514662200000000070e+01 3.523606800000000305e+01 3.510538100000000128e+01
3.309869400000000184e+01 3.312177599999999700e+01 3.299444799999999844e+01
3.379292699999999883e+01 3.390304400000000129e+01 3.391126200000000068e+01
3.282920500000000175e+01 3.269791899999999885e+01 3.273800099999999702e+01
3.516404800000000108e+01 3.514377999999999957e+01 3.527363700000000080e+01
3.270217199999999735e+01 3.272194900000000217e+01 3.259496500000000196e+01
3.312203900000000090e+01 3.310250099999999662e+01 3.322925099999999787e+01
3.533666099999999943e+01 3.543301900000000160e+01 3.529345500000000158e+01
3.156242100000000050e+01 3.167159200000000041e+01 3.168967699999999965e+01
3.521633599999999831e+01 3.508958899999999659e+01 3.519901500000000283e+01
3.278018300000000096e+01 3.291399200000000036e+01 3.282475399999999865e+01
3.316385600000000267e+01 3.305562499999999915e+01 3.303700299999999856e+01
3.409149399999999730e+01 3.421401099999999929e+01 3.409372499999999917e+01
3.479839100000000229e+01 3.490959500000000304e+01 3.492735199999999907e+01
3.493348399999999998e+01 3.489564500000000180e+01 3.479758400000000051e+01
3.296488500000000244e+01 3.285779999999999745e+01 3.283776300000000248e+01
3.526877300000000304e+01 3.525254900000000191e+01 3.538184400000000096e+01
3.505747199999999708e+01 3.514662200000000070e+01 3.501575600000000321e+01
3.381325400000000059e+01 3.379842599999999919e+01 3.370459499999999764e+01
3.408769699999999858e+01 3.406800499999999943e+01 3.419579399999999936e+01
3.454089599999999649e+01 3.456056600000000145e+01 3.443222600000000000e+01
3.340513399999999677e+01 3.340975300000000203e+01 3.352491100000000301e+01
3.438105600000000095e+01 3.425405399999999645e+01 3.436250600000000333e+01
3.568398799999999937e+01 3.576021999999999679e+01 3.580734100000000097e+01
3.321165200000000084e+01 3.308046199999999715e+01 3.320759799999999728e+01
3.151407700000000034e+01 3.139471999999999952e+01 3.149213100000000054e+01
3.575610499999999803e+01 3.572859100000000154e+01 3.565048399999999873e+01
3.533905099999999777e+01 3.547624600000000328e+01 3.543388999999999811e+01
3.391494800000000254e+01 3.392668799999999862e+01 3.379631700000000194e+01
3.052202799999999883e+01 3.065342199999999906e+01 3.059394899999999851e+01
3.513655099999999720e+01 3.510276300000000305e+01 3.502334499999999906e+01
3.242166600000000187e+01 3.244219199999999859e+01 3.231510300000000058e+01
3.390091400000000021e+01 3.379842599999999919e+01 3.381325400000000059e+01
3.091481800000000035e+01 3.080456500000000020e+01 3.078882300000000072e+01
3.058099199999999840e+01 3.046131199999999950e+01 3.046395800000000165e+01
3.562343899999999763e+01 3.559110199999999935e+01 3.549920900000000046e+01
3.189242499999999936e+01 3.191050800000000010e+01 3.178248900000000177e+01
3.292657799999999924e+01 3.277179300000000239e+01 3.278884599999999949e+01
3.476636500000000041e+01 3.472721200000000152e+01 3.463713099999999656e+01
3.473923400000000328e+01 3.484548099999999948e+01 3.486676599999999837e+01
3.259005899999999656e+01 3.269633600000000229e+01 3.271738899999999717e+01
3.228549100000000038e+01 3.225650900000000121e+01 3.238089999999999691e+01
3.124152499999999932e+01 3.134363799999999856e+01 3.121038400000000124e+01
3.430399299999999840e+01 3.441231899999999655e+01 3.443222600000000000e+01
3.287758600000000087e+01 3.275080299999999767e+01 3.285779999999999745e+01
3.370862600000000242e+01 3.372840699999999714e+01 3.360089899999999830e+01
3.439850700000000217e+01 3.429153300000000115e+01 3.427124299999999835e+01
3.306350400000000178e+01 3.317098299999999966e+01 3.319042100000000062e+01
3.021846499999999835e+01 3.010000000000000142e+01 3.021853899999999982e+01
3.470105499999999665e+01 3.482279199999999975e+01 3.481539899999999932e+01
3.191050800000000010e+01 3.179911299999999841e+01 3.178248900000000177e+01
3.082073400000000163e+01 3.070077399999999912e+01 3.070629599999999826e+01
3.170128199999999907e+01 3.172216299999999833e+01 3.159467400000000126e+01
3.174306400000000039e+01 3.163731999999999900e+01 3.161762699999999882e+01
3.492994900000000058e+01 3.505738900000000058e+01 3.495140800000000070e+01
3.335576999999999970e+01 3.348780099999999749e+01 3.338166900000000226e+01
3.426365799999999950e+01 3.437176900000000046e+01 3.439215300000000042e+01
3.449045499999999720e+01 3.444616599999999806e+01 3.456030700000000166e+01
3.419625099999999662e+01 3.430275699999999972e+01 3.432053700000000163e+01
3.071710099999999954e+01 3.083763099999999824e+01 3.071176499999999976e+01
3.071176499999999976e+01 3.058764299999999992e+01 3.059070300000000131e+01
3.444026499999999658e+01 3.429985200000000134e+01 3.436817099999999670e+01
3.033379899999999907e+01 3.032447600000000065e+01 3.044758900000000068e+01
3.369718900000000161e+01 3.357061199999999701e+01 3.367809900000000312e+01
3.534708499999999987e+01 3.522982199999999864e+01 3.533905099999999777e+01
3.431423999999999808e+01 3.441947400000000101e+01 3.444223099999999960e+01
3.045780699999999896e+01 3.033853799999999978e+01 3.034103400000000050e+01
3.225368499999999727e+01 3.223373800000000244e+01 3.236080700000000121e+01
3.397563799999999645e+01 3.400000000000000000e+01 3.387249200000000116e+01
3.479758400000000051e+01 3.476636500000000041e+01 3.467491400000000112e+01
3.555574699999999666e+01 3.551546499999999895e+01 3.541382699999999772e+01
3.364128800000000297e+01 3.364219299999999890e+01 3.352281800000000089e+01
3.497539600000000348e+01 3.484384699999999668e+01 3.488497000000000270e+01
3.521633599999999831e+01 3.533410700000000304e+01 3.533905099999999777e+01
3.532713900000000251e+01 3.546430800000000261e+01 3.541382699999999772e+01
3.580428299999999808e+01 3.565930300000000130e+01 3.574278499999999781e+01
3.167903599999999997e+01 3.170128199999999907e+01 3.157507899999999879e+01
3.316989199999999727e+01 3.305830600000000175e+01 3.317211999999999961e+01
3.321165200000000084e+01 3.310666499999999957e+01 3.308046199999999715e+01
3.374689099999999797e+01 3.368740799999999780e+01 3.382113400000000070e+01
3.506786499999999762e+01 3.507208599999999876e+01 3.516778800000000160e+01
3.419579399999999936e+01 3.417595200000000233e+01 3.430399299999999840e+01
3.442834899999999720e+01 3.455871599999999688e+01 3.444616599999999806e+01
3.070473499999999945e+01 3.081728000000000023e+01 3.082998900000000120e+01
3.178032699999999977e+01 3.176230999999999938e+01 3.188820799999999878e+01
3.141784000000000177e+01 3.154480600000000123e+01 3.143467100000000158e+01
3.421997499999999803e+01 3.432053700000000163e+01 3.434897999999999740e+01
3.046171100000000109e+01 3.033865300000000076e+01 3.045663599999999960e+01
3.167903599999999997e+01 3.155324600000000146e+01 3.165356999999999843e+01
3.555123900000000248e+01 3.561531500000000250e+01 3.568913100000000327e+01
3.529345500000000158e+01 3.525803700000000163e+01 3.516821600000000103e+01
3.488667999999999836e+01 3.486586599999999692e+01 3.499411099999999664e+01
3.339411700000000138e+01 3.347231899999999882e+01 3.353092000000000183e+01
3.358965899999999749e+01 3.346313500000000118e+01 3.357061199999999701e+01
3.479664900000000216e+01 3.464988000000000312e+01 3.472829399999999822e+01
3.109382899999999950e+01 3.098988500000000101e+01 3.096344399999999908e+01
3.259463099999999969e+01 3.271419999999999817e+01 3.261314099999999883e+01
3.454681699999999722e+01 3.465377800000000263e+01 3.467498799999999903e+01
3.364911000000000030e+01 3.354256500000000329e+01 3.352219300000000146e+01
3.470300100000000043e+01 3.471426999999999907e+01 3.458731300000000175e+01
3.227400300000000044e+01 3.214656099999999839e+01 3.225368499999999727e+01
3.380396499999999804e+01 3.367627000000000237e+01 3.378403999999999741e+01
3.434897999999999740e+01 3.432053700000000163e+01 3.444616599999999806e+01
3.380500800000000083e+01 3.367809900000000312e+01 3.378545100000000190e+01
3.359712700000000041e+01 3.357836000000000354e+01 3.370535000000000281e+01
3.533410700000000304e+01 3.543766600000000011e+01 3.547624600000000328e+01
3.350844299999999976e+01 3.338051699999999755e+01 3.348887500000000017e+01
3.325282599999999888e+01 3.314324799999999982e+01 3.312671600000000183e+01
3.116822300000000112e+01 3.103532799999999980e+01 3.106393299999999869e+01
3.442079499999999825e+01 3.451242400000000288e+01 3.438886600000000016e+01
3.187130099999999899e+01 3.185512699999999953e+01 3.198069299999999870e+01
3.310666499999999957e+01 3.323316499999999962e+01 3.312671600000000183e+01
3.303700299999999856e+01 3.305562499999999915e+01 3.293077199999999749e+01
3.447570699999999988e+01 3.459377099999999672e+01 3.458877199999999874e+01
3.045663499999999857e+01 3.058673800000000043e+01 3.056914099999999834e+01
3.238089999999999691e+01 3.249803899999999857e+01 3.242761000000000138e+01
3.136610100000000045e+01 3.138371700000000075e+01 3.125783699999999854e+01
3.429048699999999883e+01 3.419365799999999922e+01 3.415393399999999957e+01
3.361983399999999733e+01 3.364686900000000236e+01 3.351615100000000069e+01
3.540726200000000290e+01 3.548049400000000020e+01 3.555141600000000324e+01
3.535161399999999787e+01 3.530753500000000145e+01 3.521638000000000090e+01
3.034238200000000063e+01 3.046549100000000010e+01 3.046659700000000015e+01
3.271064700000000158e+01 3.258351700000000051e+01 3.268953400000000187e+01
3.182046000000000063e+01 3.169990100000000055e+01 3.170950900000000061e+01
3.616306300000000107e+01 3.629999999999999716e+01 3.629999999999999716e+01
3.428635599999999783e+01 3.415949899999999673e+01 3.426942300000000330e+01
3.300448399999999793e+01 3.311179800000000029e+01 3.313154000000000110e+01
3.376624199999999831e+01 3.365876899999999949e+01 3.363957500000000067e+01
3.435498900000000333e+01 3.435810800000000143e+01 3.447288199999999847e+01
3.107252899999999940e+01 3.109382899999999950e+01 3.096344399999999908e+01
3.427303100000000313e+01 3.425405399999999645e+01 3.438105600000000095e+01
3.400000000000000000e+01 3.388073099999999727e+01 3.387249200000000116e+01
3.319934800000000052e+01 3.332657400000000081e+01 3.321914400000000001e+01
3.114958899999999886e+01 3.116537999999999897e+01 3.103965699999999828e+01
3.143467100000000158e+01 3.156242100000000050e+01 3.145428499999999872e+01
3.149347500000000011e+01 3.160398199999999846e+01 3.160419999999999874e+01
3.266991900000000015e+01 3.265006999999999948e+01 3.277790199999999743e+01
3.085247999999999990e+01 3.094154500000000141e+01 3.098303599999999847e+01
3.169990100000000055e+01 3.157698500000000053e+01 3.158723699999999823e+01
3.435433499999999896e+01 3.447231099999999770e+01 3.446641900000000192e+01
3.081728000000000023e+01 3.069435299999999955e+01 3.080456500000000020e+01
3.282325500000000318e+01 3.280245299999999986e+01 3.292907799999999696e+01
3.342226399999999842e+01 3.354330099999999959e+01 3.342963799999999708e+01
3.321914400000000001e+01 3.334638900000000206e+01 3.323896899999999732e+01
3.507039000000000328e+01 3.506786499999999762e+01 3.519771999999999679e+01
3.519195400000000262e+01 3.514662200000000070e+01 3.505747199999999708e+01
3.351272900000000021e+01 3.338573800000000347e+01 3.349321100000000229e+01
3.253591099999999869e+01 3.266287400000000218e+01 3.255527000000000015e+01
3.602823699999999718e+01 3.600135800000000330e+01 3.592007399999999961e+01
3.518404499999999757e+01 3.533666099999999943e+01 3.529345500000000158e+01
3.441819499999999721e+01 3.431135900000000305e+01 3.428457600000000127e+01
3.460165800000000047e+01 3.473446799999999968e+01 3.463001100000000321e+01
3.330942399999999992e+01 3.328851900000000086e+01 3.341554800000000114e+01
3.502988799999999969e+01 3.498865200000000186e+01 3.489564500000000180e+01
3.344031799999999777e+01 3.354827699999999879e+01 3.356847599999999687e+01
3.493884400000000312e+01 3.505534999999999712e+01 3.505100699999999847e+01
3.527363700000000080e+01 3.538453100000000262e+01 3.540595199999999920e+01
3.429258399999999796e+01 3.436817099999999670e+01 3.423853199999999930e+01
3.410732500000000300e+01 3.421545600000000320e+01 3.423489200000000210e+01
3.200122700000000009e+01 3.210923400000000072e+01 3.212919399999999825e+01
3.479664900000000216e+01 3.475077699999999936e+01 3.464988000000000312e+01
3.475782699999999892e+01 3.477895000000000181e+01 3.464959999999999951e+01
3.301890999999999821e+01 3.312177599999999700e+01 3.314747299999999797e+01
3.316172199999999748e+01 3.305561999999999756e+01 3.303519200000000211e+01
3.366589900000000313e+01 3.358620499999999964e+01 3.370459499999999764e+01
3.202138899999999921e+01 3.212919399999999825e+01 3.215195299999999889e+01
3.010000000000000142e+01 3.010000000000000142e+01 3.021897399999999934e+01
3.044406700000000043e+01 3.044797200000000004e+01 3.055279900000000026e+01
3.346954099999999954e+01 3.359712700000000041e+01 3.348887500000000017e+01
3.494741599999999693e+01 3.490617999999999910e+01 3.481669800000000237e+01
3.476273900000000339e+01 3.474670799999999815e+01 3.487424200000000241e+01
3.337543800000000260e+01 3.350225700000000018e+01 3.339532200000000017e+01
3.378481899999999882e+01 3.386298200000000236e+01 3.392218900000000303e+01
3.066302599999999856e+01 3.059394899999999851e+01 3.072304899999999961e+01
3.519483199999999812e+01 3.506295999999999680e+01 3.510538100000000128e+01
3.381325400000000059e+01 3.374689099999999797e+01 3.387703299999999729e+01
3.495528399999999891e+01 3.493275200000000069e+01 3.506180100000000266e+01
3.406390499999999832e+01 3.393285199999999691e+01 3.403965000000000174e+01
3.552467699999999695e+01 3.539929899999999918e+01 3.549981700000000018e+01
3.194170599999999993e+01 3.206954400000000049e+01 3.195963899999999924e+01
3.252691699999999742e+01 3.242761000000000138e+01 3.257677400000000034e+01
3.412153299999999945e+01 3.425105099999999680e+01 3.414107500000000073e+01
3.477496599999999916e+01 3.464372800000000296e+01 3.468454799999999949e+01
3.527730400000000088e+01 3.514662200000000070e+01 3.519195400000000262e+01
3.496173100000000034e+01 3.507208599999999876e+01 3.506786499999999762e+01
3.326676299999999742e+01 3.315958400000000239e+01 3.313948400000000305e+01
3.385758799999999979e+01 3.396590499999999935e+01 3.398637999999999693e+01
3.492735199999999907e+01 3.505534999999999712e+01 3.493884400000000312e+01
3.348887500000000017e+01 3.359712700000000041e+01 3.361667299999999869e+01
3.485145599999999888e+01 3.472695800000000332e+01 3.483977600000000052e+01
3.450500600000000162e+01 3.439850700000000217e+01 3.437715099999999779e+01
3.189007000000000147e+01 3.191179500000000147e+01 3.178306699999999907e+01
3.291899500000000245e+01 3.278884599999999949e+01 3.279954500000000195e+01
3.366895600000000144e+01 3.368876099999999951e+01 3.356137300000000323e+01
3.241398499999999672e+01 3.229471600000000109e+01 3.230235700000000065e+01
3.368876099999999951e+01 3.358118100000000084e+01 3.356137300000000323e+01
3.082073400000000163e+01 3.070629599999999826e+01 3.083007500000000078e+01
3.417595200000000233e+01 3.415578899999999862e+01 3.428396699999999697e+01
3.227400300000000044e+01 3.216723999999999961e+01 3.214656099999999839e+01
3.159467400000000126e+01 3.172216299999999833e+01 3.161762699999999882e+01
3.262947700000000140e+01 3.275855299999999914e+01 3.265006999999999948e+01
3.244781600000000310e+01 3.257508200000000187e+01 3.246790399999999721e+01
3.034285699999999864e+01 3.046605599999999825e+01 3.046511599999999831e+01
3.418661300000000125e+01 3.420806600000000230e+01 3.407971899999999721e+01
3.392902600000000035e+01 3.397563799999999645e+01 3.385937100000000299e+01
3.429985200000000134e+01 3.423767200000000344e+01 3.414953299999999814e+01
3.364904899999999799e+01 3.377674100000000124e+01 3.366895600000000144e+01
3.625409199999999998e+01 3.622438600000000264e+01 3.612660799999999739e+01
3.021856800000000121e+01 3.033564099999999897e+01 3.033207200000000014e+01
3.389242600000000039e+01 3.376624199999999831e+01 3.387421199999999999e+01
3.109875600000000162e+01 3.095899299999999954e+01 3.096302400000000077e+01
3.215195299999999889e+01 3.225650900000000121e+01 3.228549100000000038e+01
3.156242100000000050e+01 3.168967699999999965e+01 3.158124499999999912e+01
3.415578899999999862e+01 3.404810299999999756e+01 3.402797799999999739e+01
3.501575600000000321e+01 3.510538100000000128e+01 3.497539600000000348e+01
3.242761000000000138e+01 3.249803899999999857e+01 3.257677400000000034e+01
3.340002299999999735e+01 3.327164499999999947e+01 3.338051699999999755e+01
3.276180000000000092e+01 3.286863499999999760e+01 3.288855300000000170e+01
3.192681299999999922e+01 3.194170599999999993e+01 3.181430100000000039e+01
3.507039000000000328e+01 3.506056699999999893e+01 3.494837600000000322e+01
3.323821199999999720e+01 3.337625100000000344e+01 3.329912099999999953e+01
3.264462300000000283e+01 3.270755700000000132e+01 3.256228200000000328e+01
3.452189099999999655e+01 3.439716899999999811e+01 3.451415000000000077e+01
3.507947899999999919e+01 3.501516999999999769e+01 3.495964599999999933e+01
3.221378500000000145e+01 3.219250799999999657e+01 3.232034500000000321e+01
3.364904899999999799e+01 3.375674699999999717e+01 3.377674100000000124e+01
3.382383999999999702e+01 3.395105800000000329e+01 3.384197699999999998e+01
3.526815599999999762e+01 3.526033900000000187e+01 3.514671400000000290e+01
3.268918899999999894e+01 3.280173500000000075e+01 3.281655800000000056e+01
3.120026800000000122e+01 3.130556800000000095e+01 3.132722499999999854e+01
3.467498799999999903e+01 3.465377800000000263e+01 3.478203700000000254e+01
3.045663599999999960e+01 3.044758900000000068e+01 3.057249099999999942e+01
3.151407700000000034e+01 3.149213100000000054e+01 3.161762699999999882e+01
3.451415000000000077e+01 3.439716899999999811e+01 3.438178400000000323e+01
3.100601199999999835e+01 3.113250400000000084e+01 3.102565200000000090e+01
3.523107799999999656e+01 3.532165700000000186e+01 3.519195400000000262e+01
3.589999999999999858e+01 3.585876400000000075e+01 3.576251899999999750e+01
3.291688099999999650e+01 3.289721800000000229e+01 3.302420200000000250e+01
3.479839100000000229e+01 3.492735199999999907e+01 3.481590099999999666e+01
3.379383899999999841e+01 3.392069099999999793e+01 3.381306599999999918e+01
3.560005100000000056e+01 3.555574699999999666e+01 3.546430800000000261e+01
3.377603500000000025e+01 3.366876299999999844e+01 3.364911000000000030e+01
3.592403000000000191e+01 3.590435200000000293e+01 3.580270099999999900e+01
3.389242600000000039e+01 3.401749300000000176e+01 3.391219300000000203e+01
3.291688099999999650e+01 3.304393499999999761e+01 3.293651299999999793e+01
3.430275699999999972e+01 3.441264999999999930e+01 3.442834899999999720e+01
3.249835499999999655e+01 3.247927899999999823e+01 3.260472099999999784e+01
3.218863300000000294e+01 3.207467799999999869e+01 3.206954400000000049e+01
3.424939599999999729e+01 3.434897999999999740e+01 3.437721700000000169e+01
3.577629199999999798e+01 3.573505600000000015e+01 3.564299599999999657e+01
3.455451099999999798e+01 3.442079499999999825e+01 3.446828299999999956e+01
3.414260999999999768e+01 3.398954299999999762e+01 3.405419100000000299e+01
3.573505600000000015e+01 3.560005100000000056e+01 3.564299599999999657e+01
3.516267700000000218e+01 3.507056500000000199e+01 3.502919299999999936e+01
3.304393499999999761e+01 3.302420200000000250e+01 3.315128500000000145e+01
3.606817600000000112e+01 3.616306300000000107e+01 3.617047900000000027e+01
3.081561500000000109e+01 3.070077399999999912e+01 3.082073400000000163e+01
3.251699099999999731e+01 3.262433099999999797e+01 3.264358899999999863e+01
3.425553099999999773e+01 3.417340800000000200e+01 3.412867599999999868e+01
3.527363700000000080e+01 3.525014000000000181e+01 3.538453100000000262e+01
3.240874600000000072e+01 3.253591099999999869e+01 3.242779099999999914e+01
3.322925099999999787e+01 3.320987300000000175e+01 3.333656799999999976e+01
3.046605599999999825e+01 3.046659700000000015e+01 3.059070300000000131e+01
3.398474499999999665e+01 3.387421199999999999e+01 3.385622899999999902e+01
3.206086499999999972e+01 3.218801200000000051e+01 3.208167300000000211e+01
3.512211599999999834e+01 3.509840700000000169e+01 3.520926500000000203e+01
3.610734599999999972e+01 3.607823499999999939e+01 3.597953600000000307e+01
3.218258500000000311e+01 3.217544699999999835e+01 3.206031099999999867e+01
3.601882299999999759e+01 3.598911700000000025e+01 3.588715599999999739e+01
3.355060900000000146e+01 3.362941800000000114e+01 3.368740799999999780e+01
3.564299599999999657e+01 3.560005100000000056e+01 3.550810800000000000e+01
3.097433699999999845e+01 3.106128000000000000e+01 3.112534899999999993e+01
3.208167300000000211e+01 3.210202699999999965e+01 3.197528900000000007e+01
3.106309500000000057e+01 3.095899299999999954e+01 3.109875600000000162e+01
3.079531700000000072e+01 3.068681099999999873e+01 3.067381800000000069e+01
3.537245000000000061e+01 3.522247899999999987e+01 3.530007599999999712e+01
3.330673000000000172e+01 3.328681900000000127e+01 3.341411599999999993e+01
3.070077399999999912e+01 3.069634599999999836e+01 3.058099199999999840e+01
3.480365700000000118e+01 3.467498799999999903e+01 3.478203700000000254e+01
3.221717399999999998e+01 3.219852699999999857e+01 3.232556999999999903e+01
3.463713099999999656e+01 3.459226300000000265e+01 3.449045499999999720e+01
3.497348499999999660e+01 3.495528399999999891e+01 3.508701899999999796e+01
3.146202600000000160e+01 3.134391199999999955e+01 3.134363799999999856e+01
3.022056299999999851e+01 3.022052000000000049e+01 3.034285699999999864e+01
3.314011299999999949e+01 3.321873200000000281e+01 3.327131200000000177e+01
3.234076900000000165e+01 3.221378500000000145e+01 3.232034500000000321e+01
3.485758299999999821e+01 3.494741599999999693e+01 3.481669800000000237e+01
3.131000099999999975e+01 3.129211899999999957e+01 3.141927400000000148e+01
3.525803700000000163e+01 3.512519300000000300e+01 3.516821600000000103e+01
3.364801400000000342e+01 3.372654200000000202e+01 3.378481899999999882e+01
3.109382899999999950e+01 3.111820900000000023e+01 3.098988500000000101e+01
3.072304899999999961e+01 3.087271000000000143e+01 3.078783999999999921e+01
3.497312900000000013e+01 3.484548099999999948e+01 3.495140800000000070e+01
3.520450499999999749e+01 3.528374600000000072e+01 3.516778800000000160e+01
3.458060400000000101e+01 3.447131399999999957e+01 3.445203000000000060e+01
3.085685499999999948e+01 3.082998900000000120e+01 3.096344399999999908e+01
3.372808700000000215e+01 3.385758799999999979e+01 3.375165599999999699e+01
3.156460900000000080e+01 3.145692700000000031e+01 3.143760800000000089e+01
3.034122500000000144e+01 3.021934100000000001e+01 3.033857100000000173e+01
3.446800199999999847e+01 3.457105899999999821e+01 3.460158400000000256e+01
3.459377099999999672e+01 3.470585599999999715e+01 3.458877199999999874e+01
3.350225700000000018e+01 3.360893999999999693e+01 3.362918799999999919e+01
3.252398500000000325e+01 3.265006999999999948e+01 3.254292300000000182e+01
3.052577499999999944e+01 3.045433399999999935e+01 3.059394899999999851e+01
3.575598300000000052e+01 3.572333900000000284e+01 3.563283500000000004e+01
3.010000000000000142e+01 3.022056299999999851e+01 3.022456999999999994e+01
3.395105800000000329e+01 3.407717199999999735e+01 3.396700700000000239e+01
3.021804699999999855e+01 3.021393199999999979e+01 3.033379899999999907e+01
3.383732200000000034e+01 3.372808700000000215e+01 3.371036200000000349e+01
3.419550900000000127e+01 3.433236000000000132e+01 3.419933300000000287e+01
3.331727899999999920e+01 3.329788899999999785e+01 3.342466100000000040e+01
3.122312499999999957e+01 3.134768199999999894e+01 3.124142900000000012e+01
3.221717399999999998e+01 3.234380500000000325e+01 3.223629100000000136e+01
3.402207299999999890e+01 3.416826100000000110e+01 3.412069100000000077e+01
3.503639499999999884e+01 3.490886700000000076e+01 3.501612399999999781e+01
3.022052000000000049e+01 3.034277099999999905e+01 3.034285699999999864e+01
3.279357300000000208e+01 3.293575700000000239e+01 3.285038600000000031e+01
3.398585599999999829e+01 3.388146100000000160e+01 3.384934700000000163e+01
3.182795899999999989e+01 3.180622800000000083e+01 3.193360699999999852e+01
3.591768799999999828e+01 3.578342599999999862e+01 3.581806499999999716e+01
3.293173800000000284e+01 3.306059100000000228e+01 3.294222700000000259e+01
3.316385600000000267e+01 3.318354800000000182e+01 3.305562499999999915e+01
3.320368799999999965e+01 3.333177799999999991e+01 3.322600700000000273e+01
3.392395299999999736e+01 3.381624699999999706e+01 3.379649700000000223e+01
3.152864299999999886e+01 3.140331799999999873e+01 3.151407700000000034e+01
3.256198599999999743e+01 3.245238100000000259e+01 3.243460400000000021e+01
3.371979999999999933e+01 3.381804799999999744e+01 3.384934700000000163e+01
3.351866799999999813e+01 3.345255699999999877e+01 3.358620499999999964e+01
3.010000000000000142e+01 3.022456999999999994e+01 3.022398000000000096e+01
3.304565300000000150e+01 3.293156299999999703e+01 3.305271199999999965e+01
3.492963300000000260e+01 3.484384699999999668e+01 3.497539600000000348e+01
3.331548300000000040e+01 3.339411700000000138e+01 3.345255699999999877e+01
3.291899500000000245e+01 3.279954500000000195e+01 3.293156299999999703e+01
3.413540100000000166e+01 3.402797799999999739e+01 3.400732399999999700e+01
3.182875299999999896e+01 3.172844200000000114e+01 3.185849999999999937e+01
3.572269599999999912e+01 3.568462399999999946e+01 3.559110199999999935e+01
3.305225699999999733e+01 3.292498700000000156e+01 3.303237800000000135e+01
3.288548399999999816e+01 3.286600599999999872e+01 3.299175999999999931e+01
3.260472099999999784e+01 3.247927899999999823e+01 3.258351700000000051e+01
3.360089899999999830e+01 3.347363699999999653e+01 3.358118100000000084e+01
3.512320700000000073e+01 3.514419199999999677e+01 3.501646999999999821e+01
3.397328999999999866e+01 3.390091400000000021e+01 3.381325400000000059e+01
3.371648600000000329e+01 3.360894299999999646e+01 3.358867500000000206e+01
3.387421199999999999e+01 3.376624199999999831e+01 3.374741199999999708e+01
3.010000000000000142e+01 3.010000000000000142e+01 3.021782699999999977e+01
3.113250400000000084e+01 3.111885600000000096e+01 3.124142900000000012e+01
3.449011300000000091e+01 3.461614000000000146e+01 3.451415000000000077e+01
3.187130099999999899e+01 3.198069299999999870e+01 3.199896700000000038e+01
3.456370400000000132e+01 3.463875999999999777e+01 3.450349400000000344e+01
3.299444799999999844e+01 3.301890999999999821e+01 3.288967399999999941e+01
3.338573800000000347e+01 3.325865900000000153e+01 3.336611200000000110e+01
3.087271000000000143e+01 3.100601199999999835e+01 3.090415700000000143e+01
3.317211999999999961e+01 3.305830600000000175e+01 3.305967799999999812e+01
3.549920900000000046e+01 3.545998800000000273e+01 3.538475499999999840e+01
3.118235200000000162e+01 3.120101999999999975e+01 3.107252899999999940e+01
3.033564099999999897e+01 3.045663499999999857e+01 3.044797200000000004e+01
3.347231899999999882e+01 3.355060900000000146e+01 3.360891999999999769e+01
3.362365900000000352e+01 3.364793300000000187e+01 3.352395599999999831e+01
3.317948700000000173e+01 3.307211000000000212e+01 3.305225699999999733e+01
3.379649700000000223e+01 3.377674100000000124e+01 3.390443700000000149e+01
3.543766600000000011e+01 3.530136999999999858e+01 3.541371699999999834e+01
3.200122700000000009e+01 3.202138899999999921e+01 3.189242499999999936e+01
3.547401099999999730e+01 3.543301900000000160e+01 3.533666099999999943e+01
3.366776399999999825e+01 3.368599300000000341e+01 3.355875100000000089e+01
3.541993099999999828e+01 3.537245000000000061e+01 3.530007599999999712e+01
3.072293700000000172e+01 3.080087199999999825e+01 3.085247999999999990e+01
3.106309500000000057e+01 3.109875600000000162e+01 3.116513399999999834e+01
3.295612400000000264e+01 3.306350400000000178e+01 3.308304600000000306e+01
3.308120600000000167e+01 3.314011299999999949e+01 3.300691299999999728e+01
3.387191500000000133e+01 3.376412499999999994e+01 3.374436099999999783e+01
3.124054800000000043e+01 3.109875600000000162e+01 3.121038400000000124e+01
3.202138899999999921e+01 3.191050800000000010e+01 3.189242499999999936e+01
3.314175999999999789e+01 3.312203900000000090e+01 3.324870700000000312e+01
3.510538100000000128e+01 3.506295999999999680e+01 3.497539600000000348e+01
3.402005199999999974e+01 3.390091400000000021e+01 3.397328999999999866e+01
3.225650900000000121e+01 3.223629100000000136e+01 3.236252100000000098e+01
3.038186699999999973e+01 3.045433399999999935e+01 3.052577499999999944e+01
3.372840699999999714e+01 3.374741199999999708e+01 3.362036200000000008e+01
3.463001100000000321e+01 3.452685000000000315e+01 3.450386100000000056e+01
3.512395300000000020e+01 3.510586500000000143e+01 3.522982199999999864e+01
3.278258199999999789e+01 3.291357099999999747e+01 3.280173500000000075e+01
3.369146500000000088e+01 3.371036200000000349e+01 3.358765499999999804e+01
3.350225700000000018e+01 3.348252800000000207e+01 3.360893999999999693e+01
3.547624600000000328e+01 3.554466500000000195e+01 3.543388999999999811e+01
3.059394899999999851e+01 3.065342199999999906e+01 3.072304899999999961e+01
3.472721200000000152e+01 3.481669800000000237e+01 3.468454799999999949e+01
3.533410700000000304e+01 3.547624600000000328e+01 3.533905099999999777e+01
3.253591099999999869e+01 3.255527000000000015e+01 3.242779099999999914e+01
3.353092000000000183e+01 3.366730499999999893e+01 3.358620499999999964e+01
3.534754800000000330e+01 3.540726200000000290e+01 3.528465899999999777e+01
3.481692600000000226e+01 3.482646199999999936e+01 3.493956699999999671e+01
3.295612400000000264e+01 3.282918300000000045e+01 3.293651299999999793e+01
3.234380500000000325e+01 3.221717399999999998e+01 3.232556999999999903e+01
3.309869400000000184e+01 3.297175599999999918e+01 3.307674399999999792e+01
3.134768199999999894e+01 3.136610100000000045e+01 3.124142900000000012e+01
3.055279900000000026e+01 3.056914099999999834e+01 3.065487900000000110e+01
3.299444799999999844e+01 3.288967399999999941e+01 3.286667500000000075e+01
3.244781600000000310e+01 3.246790399999999721e+01 3.234076900000000165e+01
3.356509599999999693e+01 3.343720700000000079e+01 3.354256500000000329e+01
3.466958199999999835e+01 3.479839100000000229e+01 3.468878000000000128e+01
3.324632499999999879e+01 3.322520000000000095e+01 3.335329800000000233e+01
3.340380400000000094e+01 3.340365400000000307e+01 3.328533500000000345e+01
3.304584700000000197e+01 3.292657799999999924e+01 3.291899500000000245e+01
3.530136999999999858e+01 3.519901500000000283e+01 3.516267700000000218e+01
3.336192299999999733e+01 3.348183199999999715e+01 3.345557099999999906e+01
3.278884599999999949e+01 3.266431399999999741e+01 3.266062500000000313e+01
3.106309500000000057e+01 3.094058899999999923e+01 3.095899299999999954e+01
3.437715099999999779e+01 3.439850700000000217e+01 3.427124299999999835e+01
3.346313500000000118e+01 3.335593000000000075e+01 3.333656799999999976e+01
3.295612400000000264e+01 3.293651299999999793e+01 3.306350400000000178e+01
3.244219199999999859e+01 3.233567899999999895e+01 3.231510300000000058e+01
3.246278900000000078e+01 3.256926800000000100e+01 3.259005899999999656e+01
3.512320700000000073e+01 3.523169399999999740e+01 3.525254900000000191e+01
3.419550900000000127e+01 3.430027199999999965e+01 3.433236000000000132e+01
3.318228299999999820e+01 3.320368799999999965e+01 3.307674399999999792e+01
3.602823699999999718e+01 3.612660799999999739e+01 3.600135800000000330e+01
3.273879800000000273e+01 3.286667500000000075e+01 3.276067499999999910e+01
3.321914400000000001e+01 3.332657400000000081e+01 3.334638900000000206e+01
3.193775499999999923e+01 3.182046000000000063e+01 3.194456200000000123e+01
3.345255699999999877e+01 3.353092000000000183e+01 3.358620499999999964e+01
3.555323200000000128e+01 3.550810800000000000e+01 3.541993099999999828e+01
3.514419199999999677e+01 3.512320700000000073e+01 3.525254900000000191e+01
3.109875600000000162e+01 3.107510999999999868e+01 3.121038400000000124e+01
3.068681099999999873e+01 3.069745599999999897e+01 3.057262199999999908e+01
3.415393399999999957e+01 3.406197900000000089e+01 3.401927700000000243e+01
3.439215300000000042e+01 3.437176900000000046e+01 3.450031100000000350e+01
3.466958199999999835e+01 3.456056600000000145e+01 3.454089599999999649e+01
3.182869099999999918e+01 3.195963899999999924e+01 3.185849999999999937e+01
3.199526399999999882e+01 3.201468100000000305e+01 3.188820799999999878e+01
3.380396499999999804e+01 3.369639800000000207e+01 3.367627000000000237e+01
3.185437200000000146e+01 3.187336499999999972e+01 3.174581799999999987e+01
3.114584400000000031e+01 3.126867299999999972e+01 3.118236699999999928e+01
3.495818100000000328e+01 3.484548900000000060e+01 3.482592499999999802e+01
3.229453099999999921e+01 3.231510300000000058e+01 3.218801200000000051e+01
3.567783000000000015e+01 3.564887199999999723e+01 3.553091400000000277e+01
3.301238299999999981e+01 3.313948400000000305e+01 3.303237800000000135e+01
3.473630299999999949e+01 3.470105499999999665e+01 3.481539899999999932e+01
3.590435200000000293e+01 3.577842499999999859e+01 3.580270099999999900e+01
3.305561999999999756e+01 3.307674399999999792e+01 3.295004600000000039e+01
3.401927700000000243e+01 3.388146100000000160e+01 3.398585599999999829e+01
3.317395400000000194e+01 3.328811600000000226e+01 3.317211999999999961e+01
3.297175599999999918e+01 3.284463699999999875e+01 3.295004600000000039e+01
3.069745599999999897e+01 3.082200299999999871e+01 3.070863399999999999e+01
3.271419999999999817e+01 3.270292500000000047e+01 3.282739200000000324e+01
3.324920000000000186e+01 3.335576999999999970e+01 3.338166900000000226e+01
3.568076299999999890e+01 3.580270099999999900e+01 3.568939199999999801e+01
3.380396499999999804e+01 3.378403999999999741e+01 3.391157599999999661e+01
3.235616100000000017e+01 3.248350200000000143e+01 3.237641299999999944e+01
3.290523999999999916e+01 3.301238299999999981e+01 3.303237800000000135e+01
3.513655099999999720e+01 3.523107799999999656e+01 3.510276300000000305e+01
3.379842599999999919e+01 3.379631700000000194e+01 3.366589900000000313e+01
3.046131199999999950e+01 3.045780699999999896e+01 3.034103400000000050e+01
3.394585299999999961e+01 3.383732200000000034e+01 3.381714999999999804e+01
3.327404200000000145e+01 3.338166900000000226e+01 3.341008399999999767e+01
3.545998800000000273e+01 3.555323200000000128e+01 3.541993099999999828e+01
3.251699099999999731e+01 3.249835499999999655e+01 3.262433099999999797e+01
3.293991599999999664e+01 3.296775399999999934e+01 3.283831099999999736e+01
3.528603799999999779e+01 3.530136999999999858e+01 3.516267700000000218e+01
3.450349400000000344e+01 3.444026499999999658e+01 3.436817099999999670e+01
3.456745800000000202e+01 3.443924200000000013e+01 3.454681699999999722e+01
3.242456399999999661e+01 3.230606399999999923e+01 3.230325700000000211e+01
3.419933300000000287e+01 3.433236000000000132e+01 3.430031799999999720e+01
3.083763099999999824e+01 3.083007500000000078e+01 3.071176499999999976e+01
3.342963799999999708e+01 3.332708600000000132e+01 3.329334099999999808e+01
3.603239399999999648e+01 3.600645300000000049e+01 3.590435200000000293e+01
3.465377800000000263e+01 3.476029499999999928e+01 3.478203700000000254e+01
3.274181600000000003e+01 3.263497799999999671e+01 3.261491500000000343e+01
3.033467200000000119e+01 3.044982699999999909e+01 3.045658799999999999e+01
3.492963300000000260e+01 3.479664900000000216e+01 3.484384699999999668e+01
3.425105099999999680e+01 3.422978100000000268e+01 3.435974600000000123e+01
3.403900900000000007e+01 3.402005199999999974e+01 3.414460700000000060e+01
3.372654200000000202e+01 3.380634200000000078e+01 3.386298200000000236e+01
3.134860499999999917e+01 3.145692700000000031e+01 3.147733399999999904e+01
3.464988000000000312e+01 3.475077699999999936e+01 3.463110000000000355e+01
3.328533500000000345e+01 3.316989199999999727e+01 3.328649399999999758e+01
3.441897399999999863e+01 3.443924200000000013e+01 3.431123099999999937e+01
3.462901500000000254e+01 3.475782699999999892e+01 3.464959999999999951e+01
3.359093500000000176e+01 3.369219400000000064e+01 3.371979999999999933e+01
3.391126200000000068e+01 3.402197999999999922e+01 3.402635200000000282e+01
3.398585599999999829e+01 3.384934700000000163e+01 3.394962799999999703e+01
3.300797699999999679e+01 3.306944299999999970e+01 3.314031700000000313e+01
3.365621800000000263e+01 3.354827699999999879e+01 3.352817799999999693e+01
3.435147599999999812e+01 3.433119200000000149e+01 3.445954700000000059e+01
3.495913999999999788e+01 3.505747199999999708e+01 3.492887100000000089e+01
3.510276300000000305e+01 3.495913999999999788e+01 3.502334499999999906e+01
3.456056600000000145e+01 3.468878000000000128e+01 3.458060400000000101e+01
3.499411099999999664e+01 3.486586599999999692e+01 3.497348499999999660e+01
3.310000000000000142e+01 3.317852800000000002e+01 3.323821199999999720e+01
3.292498700000000156e+01 3.281740299999999877e+01 3.279760399999999976e+01
3.616497400000000084e+01 3.613526800000000350e+01 3.603239399999999648e+01
3.243460400000000021e+01 3.232556999999999903e+01 3.230712900000000332e+01
3.034440899999999885e+01 3.022456999999999994e+01 3.034409499999999937e+01
3.572333900000000284e+01 3.582874900000000196e+01 3.569975800000000277e+01
3.575610499999999803e+01 3.588165099999999796e+01 3.585284699999999702e+01
3.010000000000000142e+01 3.021564199999999900e+01 3.021610099999999832e+01
3.217076699999999789e+01 3.228549100000000038e+01 3.230134300000000280e+01
3.444674400000000247e+01 3.430027199999999965e+01 3.438886600000000016e+01
3.435288200000000103e+01 3.442829299999999648e+01 3.429258399999999796e+01
3.497521600000000319e+01 3.507947899999999919e+01 3.495964599999999933e+01
3.287758600000000087e+01 3.285779999999999745e+01 3.298475799999999936e+01
3.349321100000000229e+01 3.336611200000000110e+01 3.347363699999999653e+01
3.433515899999999732e+01 3.424939599999999729e+01 3.437721700000000169e+01
3.216994400000000098e+01 3.228137000000000256e+01 3.229961600000000033e+01
3.276180000000000092e+01 3.288855300000000170e+01 3.278197899999999976e+01
3.495913999999999788e+01 3.492887100000000089e+01 3.482279199999999975e+01
3.456056600000000145e+01 3.458060400000000101e+01 3.445203000000000060e+01
3.366589900000000313e+01 3.379631700000000194e+01 3.369146500000000088e+01
3.358965899999999749e+01 3.357061199999999701e+01 3.369718900000000161e+01
3.229471600000000109e+01 3.217544699999999835e+01 3.218258500000000311e+01
3.265306499999999801e+01 3.254393799999999715e+01 3.252445199999999659e+01
3.371599700000000155e+01 3.382383999999999702e+01 3.384197699999999998e+01
3.070473499999999945e+01 3.069435299999999955e+01 3.081728000000000023e+01
3.209009300000000309e+01 3.207128900000000016e+01 3.219852699999999857e+01
3.461614000000000146e+01 3.473630299999999949e+01 3.472829399999999822e+01
3.299175999999999931e+01 3.311887200000000320e+01 3.301238299999999981e+01
3.391126200000000068e+01 3.390304400000000129e+01 3.402197999999999922e+01
3.010000000000000142e+01 3.010000000000000142e+01 3.021564199999999900e+01
3.113250400000000084e+01 3.114958899999999886e+01 3.102565200000000090e+01
3.191050800000000010e+01 3.192681299999999922e+01 3.179911299999999841e+01
3.320759799999999728e+01 3.308046199999999715e+01 3.314031700000000313e+01
3.046171100000000109e+01 3.033838799999999836e+01 3.033865300000000076e+01
3.392395299999999736e+01 3.379649700000000223e+01 3.390443700000000149e+01
3.563395100000000326e+01 3.575610499999999803e+01 3.565048399999999873e+01
3.120101999999999975e+01 3.131000099999999975e+01 3.132891499999999851e+01
3.190681500000000170e+01 3.192533799999999999e+01 3.179839000000000127e+01
3.107252899999999940e+01 3.120101999999999975e+01 3.109382899999999950e+01
3.181764000000000081e+01 3.169653800000000032e+01 3.181661799999999829e+01
3.369219400000000064e+01 3.379292699999999883e+01 3.381804799999999744e+01
3.445954700000000059e+01 3.456745800000000202e+01 3.458809200000000317e+01
3.459937200000000246e+01 3.458060400000000101e+01 3.470957800000000049e+01
3.301516199999999657e+01 3.312203900000000090e+01 3.314175999999999789e+01
3.087271000000000143e+01 3.090415700000000143e+01 3.078783999999999921e+01
3.299444799999999844e+01 3.312177599999999700e+01 3.301890999999999821e+01
3.269633600000000229e+01 3.267561500000000052e+01 3.280245299999999986e+01
3.305271199999999965e+01 3.293156299999999703e+01 3.294465999999999894e+01
3.359608200000000267e+01 3.345557099999999906e+01 3.358765499999999804e+01
3.499411099999999664e+01 3.497348499999999660e+01 3.509840700000000169e+01
3.218361199999999656e+01 3.218863300000000294e+01 3.206954400000000049e+01
3.149213100000000054e+01 3.139471999999999952e+01 3.136467100000000130e+01
3.257860000000000156e+01 3.270292500000000047e+01 3.259463099999999969e+01
3.365186200000000127e+01 3.353271600000000063e+01 3.353216900000000322e+01
3.216723999999999961e+01 3.229453099999999921e+01 3.218801200000000051e+01
3.267243700000000217e+01 3.256198599999999743e+01 3.254393799999999715e+01
3.416610099999999761e+01 3.427303100000000313e+01 3.429292099999999976e+01
3.021393199999999979e+01 3.019793299999999903e+01 3.032447600000000065e+01
3.308046199999999715e+01 3.300797699999999679e+01 3.314031700000000313e+01
3.351272900000000021e+01 3.353204800000000319e+01 3.340525300000000186e+01
3.429258399999999796e+01 3.423853199999999930e+01 3.416826100000000110e+01
3.242039499999999919e+01 3.254292300000000182e+01 3.242973899999999787e+01
3.364686900000000236e+01 3.361983399999999733e+01 3.375024700000000166e+01
3.321873200000000281e+01 3.315774199999999894e+01 3.330182800000000043e+01
3.581806499999999716e+01 3.567783000000000015e+01 3.572859100000000154e+01
3.225650900000000121e+01 3.212919399999999825e+01 3.223629100000000136e+01
3.147351499999999902e+01 3.136610100000000045e+01 3.134768199999999894e+01
3.390057500000000346e+01 3.392069099999999793e+01 3.379383899999999841e+01
3.316666899999999885e+01 3.316511599999999760e+01 3.304565300000000150e+01
3.330673000000000172e+01 3.317948700000000173e+01 3.328681900000000127e+01
3.262518200000000235e+01 3.250180100000000039e+01 3.256228200000000328e+01
3.330673000000000172e+01 3.341411599999999993e+01 3.343401200000000273e+01
3.178306699999999907e+01 3.191179500000000147e+01 3.180622800000000083e+01
3.444089100000000059e+01 3.431135900000000305e+01 3.441819499999999721e+01
3.352491100000000301e+01 3.340975300000000203e+01 3.353271600000000063e+01
3.225368499999999727e+01 3.212638900000000319e+01 3.223373800000000244e+01
3.122158999999999907e+01 3.134860499999999917e+01 3.124314400000000091e+01
3.071330299999999980e+01 3.082998900000000120e+01 3.085685499999999948e+01
3.567783000000000015e+01 3.553091400000000277e+01 3.559279800000000193e+01
3.274334300000000297e+01 3.262947700000000140e+01 3.262518200000000235e+01
3.352281800000000089e+01 3.340380400000000094e+01 3.340513399999999677e+01
3.420216800000000035e+01 3.411150500000000108e+01 3.409592099999999704e+01
3.346954099999999954e+01 3.357836000000000354e+01 3.359712700000000041e+01
3.082200299999999871e+01 3.094451700000000116e+01 3.083813299999999913e+01
3.207128900000000016e+01 3.205245599999999939e+01 3.217974799999999647e+01
3.565930300000000130e+01 3.580428299999999808e+01 3.568076299999999890e+01
3.423964300000000094e+01 3.435810800000000143e+01 3.435498900000000333e+01
3.152841499999999897e+01 3.163724099999999950e+01 3.165537199999999984e+01
3.354330099999999959e+01 3.364793300000000187e+01 3.366776399999999825e+01
3.322520000000000095e+01 3.333234499999999656e+01 3.335329800000000233e+01
3.362903000000000020e+01 3.373662699999999859e+01 3.375674699999999717e+01
3.371979999999999933e+01 3.369219400000000064e+01 3.381804799999999744e+01
3.324920000000000186e+01 3.338166900000000226e+01 3.327404200000000145e+01
3.519483199999999812e+01 3.515359600000000029e+01 3.506295999999999680e+01
3.218361199999999656e+01 3.217076699999999789e+01 3.230134300000000280e+01
3.451242400000000288e+01 3.444674400000000247e+01 3.438886600000000016e+01
3.145428499999999872e+01 3.147351499999999902e+01 3.134768199999999894e+01
3.577842499999999859e+01 3.563395100000000326e+01 3.568939199999999801e+01
3.399991800000000097e+01 3.398474499999999665e+01 3.411518000000000228e+01
3.477895000000000181e+01 3.490959500000000304e+01 3.479839100000000229e+01
3.561531500000000250e+01 3.575225199999999859e+01 3.568913100000000327e+01
3.368740799999999780e+01 3.362941800000000114e+01 3.376598400000000311e+01
3.351615100000000069e+01 3.353216900000000322e+01 3.341008399999999767e+01
3.256198599999999743e+01 3.243460400000000021e+01 3.254393799999999715e+01
3.476636500000000041e+01 3.463713099999999656e+01 3.467491400000000112e+01
3.468878000000000128e+01 3.479839100000000229e+01 3.481590099999999666e+01
3.360891999999999769e+01 3.374689099999999797e+01 3.366730499999999893e+01
3.157698500000000053e+01 3.157793200000000056e+01 3.145695100000000011e+01
3.409149399999999730e+01 3.407717199999999735e+01 3.419933300000000287e+01
3.248862900000000309e+01 3.261314099999999883e+01 3.249803899999999857e+01
3.452189099999999655e+01 3.441264999999999930e+01 3.439716899999999811e+01
3.293792200000000037e+01 3.300691299999999728e+01 3.306944299999999970e+01
3.101980199999999854e+01 3.091930500000000137e+01 3.089413300000000007e+01
3.335593000000000075e+01 3.324870700000000312e+01 3.322925099999999787e+01
3.340975300000000203e+01 3.328811600000000226e+01 3.329166200000000231e+01
3.226886300000000318e+01 3.224903100000000222e+01 3.237641299999999944e+01
3.387249200000000116e+01 3.375397699999999901e+01 3.385937100000000299e+01
3.411489399999999961e+01 3.400732399999999700e+01 3.398637999999999693e+01
3.423767200000000344e+01 3.420216800000000035e+01 3.409592099999999704e+01
3.484545299999999912e+01 3.495528399999999891e+01 3.497348499999999660e+01
3.025159400000000076e+01 3.017257599999999940e+01 3.031453300000000084e+01
3.392218900000000303e+01 3.386298200000000236e+01 3.400280399999999759e+01
3.070473499999999945e+01 3.082998900000000120e+01 3.071330299999999980e+01
3.070863399999999999e+01 3.082200299999999871e+01 3.083813299999999913e+01
3.058149200000000079e+01 3.046215400000000173e+01 3.045658799999999999e+01
3.391157599999999661e+01 3.378403999999999741e+01 3.389174299999999818e+01
3.477895000000000181e+01 3.479839100000000229e+01 3.466958199999999835e+01
3.230606399999999923e+01 3.230235700000000065e+01 3.218858999999999781e+01
3.410071400000000352e+01 3.412153299999999945e+01 3.399280499999999705e+01
3.399280499999999705e+01 3.412153299999999945e+01 3.401280500000000018e+01
3.446325499999999664e+01 3.459064399999999750e+01 3.448432700000000040e+01
3.390304400000000129e+01 3.388614299999999702e+01 3.402207299999999890e+01
3.433576099999999798e+01 3.446325499999999664e+01 3.435695100000000224e+01
3.552644800000000203e+01 3.564887199999999723e+01 3.563283500000000004e+01
3.409200400000000286e+01 3.419625099999999662e+01 3.421997499999999803e+01
3.068265399999999943e+01 3.069435299999999955e+01 3.057249099999999942e+01
3.400280399999999759e+01 3.409832600000000014e+01 3.412867599999999868e+01
3.466958199999999835e+01 3.468878000000000128e+01 3.456056600000000145e+01
3.456891999999999854e+01 3.444089100000000059e+01 3.454707599999999701e+01
3.022056299999999851e+01 3.034285699999999864e+01 3.034409499999999937e+01
3.203704400000000163e+01 3.216994400000000098e+01 3.206456500000000176e+01
3.301516199999999657e+01 3.314175999999999789e+01 3.303519200000000211e+01
3.391494800000000254e+01 3.379842599999999919e+01 3.390091400000000021e+01
3.356990600000000313e+01 3.364801400000000342e+01 3.370767699999999678e+01
3.409832600000000014e+01 3.394717399999999685e+01 3.401761700000000133e+01
3.083763099999999824e+01 3.095899299999999954e+01 3.083007500000000078e+01
3.324870700000000312e+01 3.312203900000000090e+01 3.322925099999999787e+01
3.421997499999999803e+01 3.419625099999999662e+01 3.432053700000000163e+01
3.447992399999999691e+01 3.458809200000000317e+01 3.460855399999999804e+01
3.209009300000000309e+01 3.219852699999999857e+01 3.221717399999999998e+01
3.179839000000000127e+01 3.192533799999999999e+01 3.181683699999999959e+01
3.184871400000000108e+01 3.186891200000000168e+01 3.174306400000000039e+01
3.196285900000000169e+01 3.209009300000000309e+01 3.198180699999999987e+01
3.212198399999999765e+01 3.214159800000000189e+01 3.201468100000000305e+01
3.058673800000000043e+01 3.070473499999999945e+01 3.071330299999999980e+01
3.145580599999999905e+01 3.133584000000000103e+01 3.132684799999999825e+01
3.147638600000000153e+01 3.145580599999999905e+01 3.132684799999999825e+01
3.133584000000000103e+01 3.119158900000000045e+01 3.132684799999999825e+01
3.118236699999999928e+01 3.126867299999999972e+01 3.132684799999999825e+01
3.119158900000000045e+01 3.118236699999999928e+01 3.132684799999999825e+01
3.132684799999999825e+01 3.126867299999999972e+01 3.138687499999999986e+01
3.147638600000000153e+01 3.132684799999999825e+01 3.138687499999999986e+01
