1.314505823333333581e+02 3.074675000000000225e+01 -2.566363499999999931e+01
1.327843343333333621e+02 3.221983066666666673e+01 -1.728206099999999878e+01
1.316851536666666789e+02 3.062306066666666382e+01 -1.916517866666666592e+01
1.357410143333333394e+02 3.442221133333333682e+01 -5.077571700000000732e+01
1.361283236666666596e+02 3.517899533333333295e+01 -7.717491100000000870e+01
1.340898083333333091e+02 3.354210066666666989e+01 -2.272679800000000228e+01
1.371432289999999909e+02 3.409359133333333602e+01 -1.814963099999999940e+01
1.341056240000000059e+02 3.318049466666666802e+01 -1.689683899999999994e+01
1.332265126666666788e+02 3.441682733333333744e+01 -6.947498433333333878e+01
1.377225599999999872e+02 3.468066500000000474e+01 -1.582907866666666585e+01
1.359795833333333519e+02 3.318382733333333334e+01 -9.940164000000001110e+00
1.379059230000000014e+02 3.608302233333333220e+01 -9.601896900000001267e+01
1.350775063333333321e+02 3.503979166666666600e+01 -8.444322799999999063e+01
1.374316190000000120e+02 3.508594400000000491e+01 -3.223340666666666721e+01
1.360083676666666577e+02 3.342103633333332624e+01 -1.299269233333333240e+01
1.329131559999999865e+02 3.263949833333332862e+01 -2.127941233333333315e+01
1.361124729999999943e+02 3.412661466666666144e+01 -3.379352300000000042e+01
1.366710053333333406e+02 3.464618033333333358e+01 -4.146259599999999779e+01
1.323313729999999850e+02 3.301311500000000621e+01 -4.262304166666666561e+01
1.360894033333333084e+02 3.493727766666666668e+01 -6.710886366666666447e+01
1.337686526666666680e+02 3.370743966666666580e+01 -2.997723799999999983e+01
1.317034763333333558e+02 3.184674233333333504e+01 -3.753159966666666492e+01
1.381516376666666872e+02 3.439387833333333333e+01 -7.772824333333333335e+00
1.327668119999999874e+02 3.162354233333333653e+01 -1.167121466666666585e+01
1.357178629999999941e+02 3.426454600000000283e+01 -4.343507500000000476e+01
1.367573069999999973e+02 3.519512166666666531e+01 -5.639021866666666938e+01
1.364655869999999993e+02 3.367441600000000079e+01 -1.532827966666666697e+01
1.366400989999999922e+02 3.343723966666666314e+01 -1.056321599999999883e+01
1.360451500000000067e+02 3.462002599999999575e+01 -5.664049433333334349e+01
1.328694830000000024e+02 3.137065133333333122e+01 -9.151442666666666170e+00
1.324451329999999700e+02 3.052343699999999771e+01 -7.573192333333333970e+00
1.327857973333333348e+02 3.317612966666666807e+01 -3.516200799999999305e+01
1.343806660000000193e+02 3.270206833333333662e+01 -1.027029600000000009e+01
1.378503786666666713e+02 3.603111166666666776e+01 -9.296636433333333116e+01
1.377335506666666731e+02 3.592710166666666538e+01 -8.603079499999999769e+01
1.364875616666666645e+02 3.382955566666666414e+01 -1.879592533333333293e+01
1.380952733333333242e+02 3.498738733333333784e+01 -1.265952233333333332e+01
1.374994806666666420e+02 3.415886133333333419e+01 -1.386298000000000030e+01
1.351210853333333262e+02 3.247719100000000481e+01 -6.665318666666666836e+00
1.370551669999999831e+02 3.316719733333332698e+01 -6.855401333333333014e+00
1.323074410000000114e+02 3.128845566666666400e+01 -1.444127766666666624e+01
1.353268116666666856e+02 3.396070866666666888e+01 -2.947550200000000231e+01
1.322386666666666599e+02 3.177575400000000272e+01 -2.019433100000000181e+01
1.348064203333333353e+02 3.323772199999999799e+01 -1.419649933333333358e+01
1.315289860000000033e+02 3.119431433333333459e+01 -3.023485799999999912e+01
1.320235353333333421e+02 3.124417966666666757e+01 -1.926872166666666431e+01
1.353980170000000101e+02 3.442928900000000425e+01 -4.967861699999999558e+01
1.368042250000000024e+02 3.506709533333333439e+01 -5.007250733333333415e+01
1.325236929999999802e+02 3.286194233333333159e+01 -3.260602133333333086e+01
1.299672799999999881e+02 3.013975633333333803e+01 -8.355502366666667058e+01
1.367886006666666674e+02 3.402529666666666230e+01 -2.105910233333333181e+01
1.345787866666666730e+02 3.456197366666666682e+01 -5.724735133333333437e+01
1.388604236666666623e+02 3.541216000000000008e+01 -1.552394799999999897e+01
1.314979620000000011e+02 3.139773933333333389e+01 -3.493048999999999893e+01
1.337805590000000109e+02 3.238982666666666432e+01 -1.113978966666666537e+01
1.321651953333333438e+02 3.371796733333332696e+01 -7.296320966666667118e+01
1.363850093333333291e+02 3.505297033333332735e+01 -6.470993566666668073e+01
1.382499549999999999e+02 3.549494833333333332e+01 -3.019849299999999914e+01
1.343072580000000187e+02 3.223326433333333085e+01 -7.343055333333333046e+00
1.328962600000000123e+02 3.299951533333332776e+01 -2.825899633333333227e+01
1.359600920000000031e+02 3.303272199999999970e+01 -8.565364999999999895e+00
1.322293353333333243e+02 3.025800100000000370e+01 -7.982147333333332817e+00
1.320018816666666623e+02 3.205060333333333489e+01 -3.046278266666666923e+01
1.367748746666667046e+02 3.322911966666666927e+01 -7.968377333333333645e+00
1.348396506666666710e+02 3.251113966666666499e+01 -7.284717333333333045e+00
1.314854799999999955e+02 3.274165099999999740e+01 -8.264283433333334017e+01
1.372401480000000049e+02 3.372838466666666335e+01 -1.134052299999999924e+01
1.318904829999999890e+02 3.066005999999999787e+01 -1.568515866666666625e+01
1.314088786666666522e+02 3.222776233333333806e+01 -6.856328000000000600e+01
1.360784303333333298e+02 3.485840833333332967e+01 -6.445175333333332901e+01
1.325740150000000028e+02 3.117482466666666596e+01 -1.034266366666666670e+01
1.336971999999999809e+02 3.184031466666666788e+01 -7.804482666666666013e+00
1.330215273333333243e+02 3.194648833333333116e+01 -1.232266466666666638e+01
1.316668253333333496e+02 3.117214633333333040e+01 -2.643040266666666582e+01
1.347421693333333224e+02 3.476948133333333857e+01 -6.950827099999999348e+01
1.332929733333333218e+02 3.190544466666666779e+01 -1.020113633333333247e+01
1.345627103333333423e+02 3.299394133333333201e+01 -1.223030766666666658e+01
1.349571213333333333e+02 3.285620866666666728e+01 -9.349107000000000056e+00
1.349876696666666760e+02 3.353052499999999014e+01 -1.847611533333333611e+01
1.325611986666666553e+02 3.346187366666666918e+01 -4.965292133333333169e+01
1.376694563333333292e+02 3.532725200000000854e+01 -3.736522200000000282e+01
1.339463070000000187e+02 3.451700033333333550e+01 -6.053095466666667335e+01
1.370211653333333288e+02 3.551954433333333583e+01 -6.001096766666666582e+01
1.331011193333333438e+02 3.249141633333333345e+01 -1.744743399999999767e+01
1.331430083333333130e+02 3.367830766666666165e+01 -4.234867433333333508e+01
1.352256456666666509e+02 3.421521166666666858e+01 -3.933145799999999781e+01
1.314666366666666590e+02 3.203462033333332926e+01 -5.688907333333333582e+01
1.305577316666666547e+02 3.113388366666666585e+01 -9.242613866666665956e+01
1.350434386666666740e+02 3.296320899999999909e+01 -1.005550633333333188e+01
1.361949749999999995e+02 3.286604433333334185e+01 -6.888194999999999624e+00
1.346018163333333462e+02 3.278860433333333191e+01 -1.001793033333333227e+01
1.361465223333333370e+02 3.436281299999999561e+01 -4.412938266666666465e+01
1.352813373333333402e+02 3.364704800000000517e+01 -2.000264933333333417e+01
1.319598750000000109e+02 3.061597866666666690e+01 -1.396223333333333549e+01
1.379665036666666538e+02 3.420385699999999929e+01 -8.899701333333332798e+00
1.364680166666666707e+02 3.419374833333333186e+01 -3.063305466666666632e+01
1.348859623333333104e+02 3.467964733333332816e+01 -6.270866966666667253e+01
1.374551576666666790e+02 3.524280999999999864e+01 -3.776391133333333272e+01
1.338807496666666736e+02 3.213606666666666456e+01 -8.669812999999999548e+00
1.381192633333333220e+02 3.551741499999999974e+01 -3.628560900000000089e+01
1.360423516666666615e+02 3.305808366666666842e+01 -8.551626666666665599e+00
1.308180476666666721e+02 3.026079533333333416e+01 -3.398074666666666843e+01
1.327933473333333438e+02 3.125674633333333574e+01 -9.050787666666666453e+00
1.350180319999999767e+02 3.280731300000000061e+01 -8.791645000000000820e+00
1.318234759999999994e+02 3.175148766666666589e+01 -3.068056766666666491e+01
1.366650343333333240e+02 3.412401066666666338e+01 -2.521466133333332849e+01
1.309500189999999975e+02 3.017979300000000009e+01 -2.871171333333333564e+01
1.318649766666666778e+02 3.110324199999999806e+01 -2.124376400000000231e+01
1.371248570000000200e+02 3.489512533333333266e+01 -3.476747833333333659e+01
1.342747866666666710e+02 3.485427399999999665e+01 -8.062211466666666126e+01
1.315230479999999886e+02 3.163170266666666564e+01 -3.974086233333333240e+01
1.376601403333333167e+02 3.566640633333333454e+01 -6.272237400000000207e+01
1.321880160000000046e+02 3.190318133333333250e+01 -2.286737133333333460e+01
1.365814860000000124e+02 3.401560666666666322e+01 -2.306254433333333509e+01
1.386968990000000019e+02 3.569037900000000008e+01 -3.412925399999999598e+01
1.320417053333333115e+02 3.324891000000000219e+01 -6.321219766666666828e+01
1.318333763333333479e+02 3.290180933333333257e+01 -6.174748100000000051e+01
1.329362333333333481e+02 3.183980999999999995e+01 -1.202621366666666525e+01
1.330898363333333236e+02 3.241355333333333277e+01 -1.664762266666666690e+01
1.374063159999999755e+02 3.536892800000000392e+01 -4.481020900000000751e+01
1.374792093333333298e+02 3.556874466666666734e+01 -5.664181433333333615e+01
1.348463920000000087e+02 3.508925300000000647e+01 -9.146623699999999246e+01
1.326598963333333359e+02 3.231782300000000419e+01 -1.996210966666666664e+01
1.356977369999999894e+02 3.511480533333332943e+01 -8.040954233333333434e+01
1.340375780000000248e+02 3.419485033333333490e+01 -4.200043066666665936e+01
1.366897869999999955e+02 3.337283966666666402e+01 -9.614103999999999317e+00
1.325043983333333415e+02 3.270269466666666602e+01 -2.919837066666666558e+01
1.314041949999999872e+02 3.086958500000000072e+01 -2.852640999999999849e+01
1.325839880000000051e+02 3.125020600000000215e+01 -1.073051133333333418e+01
1.329326756666666540e+02 3.457325800000000271e+01 -8.544294366666667884e+01
1.363311116666666578e+02 3.517671700000000357e+01 -7.186710800000001598e+01
1.333068883333333190e+02 3.293745899999999693e+01 -2.107177733333333336e+01
1.318057673333333355e+02 3.212091733333333110e+01 -4.009229566666666500e+01
1.350532893333333107e+02 3.511739633333333899e+01 -9.035844900000000735e+01
1.346362259999999935e+02 3.302306533333333505e+01 -1.221297500000000014e+01
1.339546939999999893e+02 3.216460133333333005e+01 -8.466593000000001368e+00
1.351571229999999844e+02 3.374567666666666810e+01 -2.292608500000000049e+01
1.337472603333333439e+02 3.406585666666666867e+01 -4.145965799999999746e+01
1.382443636666666578e+02 3.611593700000000240e+01 -8.623581666666666479e+01
1.344529446666666672e+02 3.229532499999999828e+01 -7.179955999999999783e+00
1.369895676666666589e+02 3.350733366666666058e+01 -1.005783999999999878e+01
1.347164259999999842e+02 3.357068600000000202e+01 -2.057873033333333623e+01
1.333045576666666818e+02 3.198308000000000106e+01 -1.077852433333333160e+01
1.365975936666666541e+02 3.461721500000000162e+01 -4.273127133333332495e+01
1.308447470000000123e+02 3.075961366666666663e+01 -4.728150466666667029e+01
1.373578646666666714e+02 3.332891933333333867e+01 -6.672397000000000133e+00
1.372842626666666774e+02 3.502922066666666723e+01 -3.409944033333333380e+01
1.304353306666666583e+02 3.050451499999999783e+01 -6.300032700000000574e+01
1.386046929999999975e+02 3.607397833333333637e+01 -7.078397300000000314e+01
1.316135620000000017e+02 3.249654433333333259e+01 -6.271303033333332877e+01
1.303445570000000089e+02 3.014152333333333544e+01 -5.195852766666666867e+01
1.302996196666666719e+02 3.042322633333333215e+01 -6.956193766666666534e+01
1.339611003333333485e+02 3.493121700000000374e+01 -9.137937399999999855e+01
1.376398693333333370e+02 3.509461899999999446e+01 -2.732949700000000348e+01
1.313436630000000207e+02 3.249946299999999866e+01 -8.522037799999999663e+01
1.310306703333333189e+02 3.141619900000000243e+01 -6.169472333333333580e+01
1.315604703333333418e+02 3.037189499999999853e+01 -1.833926433333333250e+01
1.326910353333333035e+02 3.387234099999999870e+01 -5.771597299999999819e+01
1.383429099999999892e+02 3.560052966666666663e+01 -3.507605699999999871e+01
1.368252926666666554e+02 3.373965899999999607e+01 -1.451011333333333120e+01
1.346638526666666849e+02 3.273919466666666978e+01 -9.349051666666666094e+00
1.326019643333333136e+02 3.140539366666666865e+01 -1.160556033333333481e+01
1.337032926666666697e+02 3.279999966666666467e+01 -1.545754933333333270e+01
1.331722913333333338e+02 3.156814400000000020e+01 -8.486769000000000673e+00
1.384291016666666678e+02 3.431972999999999985e+01 -5.725261666666667359e+00
1.343165513333333365e+02 3.414802733333333862e+01 -3.807524166666667043e+01
1.359998589999999865e+02 3.291220566666666514e+01 -7.584933333333332861e+00
1.321066273333333640e+02 3.231420566666666616e+01 -3.213694966666666630e+01
1.358097936666666783e+02 3.489403233333333532e+01 -6.893735966666666570e+01
1.344426079999999786e+02 3.265337433333333195e+01 -9.570379666666665841e+00
1.375479496666666819e+02 3.446872066666666257e+01 -1.659716933333332989e+01
1.344844369999999856e+02 3.340481233333333222e+01 -1.831071300000000335e+01
1.343834563333333278e+02 3.365952266666666759e+01 -2.378586166666666557e+01
1.338694043333333354e+02 3.345398733333333752e+01 -2.304347366666666730e+01
1.331340453333333187e+02 3.177131366666666779e+01 -1.007327699999999915e+01
1.363774019999999894e+02 3.357172999999999519e+01 -1.380146533333333458e+01
1.328176023333333262e+02 3.149709633333333159e+01 -1.031756566666666686e+01
1.318981696666666892e+02 3.348318199999999933e+01 -8.471338999999998975e+01
1.331688356666666380e+02 3.200390999999999764e+01 -1.181506599999999985e+01
1.373973106666666695e+02 3.485209333333332893e+01 -2.657036100000000189e+01
1.349224870000000180e+02 3.262097066666666478e+01 -7.733569333333332629e+00
1.313793963333333465e+02 3.164554133333333041e+01 -4.752082699999999704e+01
1.356123400000000174e+02 3.264028499999999866e+01 -6.793201999999999963e+00
1.316331803333333426e+02 3.093672799999999867e+01 -2.427100766666666587e+01
1.367186550000000125e+02 3.532150299999999987e+01 -6.311048766666666410e+01
1.374351169999999911e+02 3.572942700000000116e+01 -6.990322299999999700e+01
1.323108783333333349e+02 3.398888099999999923e+01 -7.371260000000000900e+01
1.335693489999999883e+02 3.480693000000000126e+01 -8.789149133333334873e+01
1.329477816666666570e+02 3.374590833333333961e+01 -4.861680000000000490e+01
1.320422429999999849e+02 3.184344899999999612e+01 -2.559759833333333390e+01
1.360590506666666499e+02 3.329346133333333313e+01 -1.094931799999999988e+01
1.326275826666666546e+02 3.105258099999999999e+01 -9.158557666666666819e+00
1.366809080000000165e+02 3.538524133333333310e+01 -6.772983966666666333e+01
1.358209536666666679e+02 3.304842766666666876e+01 -9.059132666666668499e+00
1.383772686666666516e+02 3.614801633333333797e+01 -8.444391066666666745e+01
1.308903303333333099e+02 3.038303266666666858e+01 -3.431321700000000163e+01
1.307416263333333291e+02 3.142192333333333565e+01 -9.041803166666666414e+01
1.332164276666666751e+02 3.370692333333332869e+01 -4.158425700000000091e+01
1.360396583333333353e+02 3.506898899999999486e+01 -7.332840600000001530e+01
1.324626953333333290e+02 3.092334900000000175e+01 -9.777722000000000691e+00
1.319968586666666681e+02 3.256546700000000527e+01 -4.243870299999999673e+01
1.319340960000000109e+02 3.157670366666666339e+01 -2.466957133333333374e+01
1.343604723333333197e+02 3.350288966666666823e+01 -2.061499366666666688e+01
1.319049113333333310e+02 3.287091966666667275e+01 -5.635647133333333159e+01
1.369789890000000128e+02 3.528393700000000166e+01 -5.111135566666666818e+01
1.330335233333333349e+02 3.297824800000000067e+01 -2.551513633333333431e+01
1.352497943333333410e+02 3.437047000000000452e+01 -4.627888800000000202e+01
1.328250786666666556e+02 3.384074566666666328e+01 -5.395361600000000379e+01
1.340687976666666543e+02 3.456263100000000321e+01 -6.165270333333333497e+01
1.332807339999999954e+02 3.321963166666666467e+01 -2.673654999999999760e+01
1.363269866666666701e+02 3.465827866666666779e+01 -5.204593333333333049e+01
1.362310619999999801e+02 3.447106899999999996e+01 -4.712181233333333097e+01
1.321596973333333267e+02 3.122748866666666245e+01 -1.644547166666666627e+01
1.342568789999999979e+02 3.279957799999999679e+01 -1.180535999999999852e+01
1.372121086666666656e+02 3.365270166666666540e+01 -1.057541633333333131e+01
1.314056510000000060e+02 3.215063366666666411e+01 -6.576426999999999623e+01
1.331075873333333277e+02 3.344435433333332952e+01 -3.605942799999999693e+01
1.353099793333333309e+02 3.336153333333333393e+01 -1.416905633333333547e+01
1.363838066666666577e+02 3.408587299999999942e+01 -2.799781466666666674e+01
1.302322276666666596e+02 3.038225166666666510e+01 -7.311939466666666476e+01
1.335830566666666641e+02 3.245892899999999770e+01 -1.317231233333333229e+01
1.369576513333333310e+02 3.424248399999999748e+01 -2.393866933333333336e+01
1.378515143333333128e+02 3.430533133333332785e+01 -1.059024233333333420e+01
1.329737733333333267e+02 3.405491466666666156e+01 -5.782971833333332512e+01
1.342260713333333229e+02 3.212034766666666741e+01 -7.079586333333332426e+00
1.374672053333333395e+02 3.532344466666666705e+01 -4.141636066666666949e+01
1.357164390000000083e+02 3.330166266666666530e+01 -1.219819500000000012e+01
1.337688430000000324e+02 3.231177133333333273e+01 -1.059038000000000146e+01
1.381536976666666590e+02 3.395598733333333286e+01 -6.416599999999999859e+00
1.333393366666666680e+02 3.404522433333332998e+01 -4.999382433333332898e+01
1.324245753333333369e+02 3.162987633333333193e+01 -1.560445733333333429e+01
1.380357089999999971e+02 3.430740966666666480e+01 -8.670552000000000703e+00
1.327779880000000219e+02 3.170204933333333486e+01 -1.220806733333333227e+01
1.366251289999999869e+02 3.560965266666666906e+01 -8.252686933333332320e+01
1.320981826666666450e+02 3.368040433333333539e+01 -7.623851733333333414e+01
1.324403566666666450e+02 3.222846799999999945e+01 -2.223264266666666700e+01
1.331080583333333323e+02 3.300663000000000125e+01 -2.495098966666666840e+01
1.317642690000000130e+02 3.332445799999999991e+01 -8.866286166666667157e+01
1.343663713333333192e+02 3.445983499999999822e+01 -5.241105366666666754e+01
1.387422133333333250e+02 3.534931833333333628e+01 -1.339071500000000015e+01
1.314252653333333285e+02 3.180521099999999990e+01 -5.067612700000000814e+01
1.379741899999999930e+02 3.427447500000000247e+01 -9.149468999999999852e+00
1.345464623333333236e+02 3.335577200000000175e+01 -1.720703299999999913e+01
1.335717610000000093e+02 3.377534566666665938e+01 -3.562983399999999534e+01
1.349028409999999951e+02 3.342316833333332937e+01 -1.677431300000000292e+01
1.328008986666666544e+02 3.185845000000000127e+01 -1.337762333333333231e+01
1.362481193333333351e+02 3.410638933333333256e+01 -3.088527966666666558e+01
1.321260823333333292e+02 3.195213300000000345e+01 -2.507297866666666764e+01
1.354623916666666616e+02 3.394080766666666449e+01 -2.884762466666666469e+01
1.370256026666666855e+02 3.515210433333333384e+01 -4.505319833333333435e+01
1.374221013333333303e+02 3.413395166666666825e+01 -1.467215433333333330e+01
1.323117406666666795e+02 3.180566366666666411e+01 -1.919882300000000086e+01
1.384703456666666455e+02 3.586430266666666711e+01 -5.429152899999999704e+01
1.363326813333333405e+02 3.421413299999999680e+01 -3.392911833333332794e+01
1.330003063333333273e+02 3.443331933333333694e+01 -7.485241300000001274e+01
1.380395403333333206e+02 3.503944500000000062e+01 -1.507311366666666608e+01
1.302277476666666587e+02 3.014132666666666793e+01 -6.006103600000000142e+01
1.377338966666666522e+02 3.527568233333332870e+01 -3.284242633333332861e+01
1.343069373333333374e+02 3.267290766666666713e+01 -1.038684566666666598e+01
1.318133183333333420e+02 3.220273699999999906e+01 -4.188541933333333844e+01
1.343190990000000227e+02 3.231211833333333061e+01 -7.727396666666666469e+00
1.321923756666666634e+02 3.302083200000000573e+01 -4.792928133333333562e+01
1.340910976666666841e+02 3.214233899999999977e+01 -7.703774000000000122e+00
1.330558780000000070e+02 3.217989133333333029e+01 -1.436710300000000018e+01
1.321558746666666764e+02 3.040651066666666580e+01 -9.444470333333333301e+00
1.363859050000000082e+02 3.544828866666667011e+01 -8.510417699999999286e+01
1.332850779999999986e+02 3.460482999999999976e+01 -7.952553533333332325e+01
1.349775263333333442e+02 3.441583333333333172e+01 -4.808459900000000431e+01
1.323403413333333276e+02 3.152187200000000189e+01 -1.586614633333333302e+01
1.305061430000000087e+02 3.062613666666666745e+01 -6.420996599999999432e+01
1.335171003333333317e+02 3.294656933333333626e+01 -1.883022166666666664e+01
1.340436503333333178e+02 3.322943300000000022e+01 -1.795501933333333611e+01
1.330377110000000300e+02 3.436301599999999468e+01 -7.019557900000000927e+01
1.359192523333333327e+02 3.375421266666666753e+01 -2.111646333333333203e+01
1.370320580000000064e+02 3.564790099999999740e+01 -6.716694499999999834e+01
1.325245323333333261e+02 3.233707166666666666e+01 -2.227241666666666831e+01
1.305033810000000187e+02 3.054574333333333414e+01 -6.003343433333333223e+01
1.351645420000000115e+02 3.482411466666666655e+01 -6.959308199999999545e+01
1.311316033333333451e+02 3.090090433333333308e+01 -3.761122399999999999e+01
1.353943483333333404e+02 3.346956299999999374e+01 -1.582131266666666569e+01
1.316259776666666710e+02 3.025755799999999951e+01 -1.577253633333333482e+01
1.381464723333333211e+02 3.485825600000000435e+01 -9.785164666666666733e+00
1.324929083333333608e+02 3.343596799999999547e+01 -5.088043566666667061e+01
1.334869979999999998e+02 3.366761499999999785e+01 -3.438593099999999936e+01
1.335982799999999884e+02 3.209722599999999915e+01 -9.991263666666666765e+00
1.362593533333333369e+02 3.418494933333332852e+01 -3.402873699999999957e+01
1.339657906666666634e+02 3.416200500000000062e+01 -4.153544299999999367e+01
1.377350519999999960e+02 3.553734166666666283e+01 -5.029606066666666919e+01
1.355669136666666645e+02 3.464814466666667414e+01 -6.010556333333332901e+01
1.346038929999999993e+02 3.374739799999999690e+01 -2.519134733333332932e+01
1.382095533333333321e+02 3.597890400000000710e+01 -7.451555133333333458e+01
1.326400156666666703e+02 3.112499166666666994e+01 -9.472102000000001354e+00
1.352305566666666437e+02 3.377483633333333302e+01 -2.353924233333333405e+01
1.375095816666666622e+02 3.599501333333333264e+01 -9.481115566666666439e+01
1.345512520000000052e+02 3.291582566666667020e+01 -1.145461300000000016e+01
1.388601529999999968e+02 3.527656400000000048e+01 -1.040592333333333208e+01
1.330161133333333510e+02 3.238487633333333093e+01 -1.695248133333333485e+01
1.373520683333333352e+02 3.548567199999999389e+01 -5.219974700000000212e+01
1.363506483333333392e+02 3.385125266666667443e+01 -2.056705333333333385e+01
1.355359246666666593e+02 3.397008766666666446e+01 -3.003416633333333152e+01
1.308465319999999963e+02 3.100415700000000285e+01 -5.722981566666665998e+01
1.370199803333333364e+02 3.309693466666666950e+01 -6.588109000000000215e+00
1.313522236666666743e+02 3.099564366666666615e+01 -3.196998466666666161e+01
1.355327610000000220e+02 3.492877266666666713e+01 -7.259308599999999956e+01
1.330318716666666603e+02 3.385507400000000189e+01 -5.015485066666666825e+01
1.340907559999999705e+02 3.442853366666665949e+01 -5.304582433333333569e+01
1.315966750000000047e+02 3.202238900000000399e+01 -4.830788566666666384e+01
1.361070799999999963e+02 3.457041300000000206e+01 -5.372034800000000132e+01
1.321807266666666578e+02 3.071150099999999838e+01 -1.147118266666666564e+01
1.372610266666666803e+02 3.487360299999999569e+01 -3.056695700000000215e+01
1.322989443333333384e+02 3.349477566666666917e+01 -5.941155433333333491e+01
1.371053273333333209e+02 3.429888666666666808e+01 -2.255007533333332859e+01
1.345409150000000125e+02 3.240270566666666952e+01 -7.474017333333333291e+00
1.372643566666666572e+02 3.443484433333333072e+01 -2.182904499999999715e+01
1.388205766666666818e+02 3.534728266666667196e+01 -1.296406499999999973e+01
1.346385443333333285e+02 3.398311466666666547e+01 -3.169469866666666391e+01
1.382165819999999883e+02 3.562883899999999926e+01 -4.162832300000000174e+01
1.328114773333333289e+02 3.451135500000000178e+01 -8.477423533333332273e+01
1.342353540000000010e+02 3.220178966666667009e+01 -7.440658666666666754e+00
1.345304260000000056e+02 3.371807133333333439e+01 -2.470345599999999919e+01
1.342250980000000027e+02 3.352258233333333237e+01 -2.157518333333333160e+01
1.373382536666666738e+02 3.583317899999999412e+01 -7.909024900000000002e+01
1.375486779999999953e+02 3.544046566666666820e+01 -4.689870266666667220e+01
1.349903690000000154e+02 3.449376399999999876e+01 -5.194130833333333186e+01
1.306951496666666799e+02 3.042514133333333248e+01 -4.330904033333333558e+01
1.358688806666666835e+02 3.388164166666666688e+01 -2.579043033333333312e+01
1.365402263333333224e+02 3.370113400000000325e+01 -1.544822233333333372e+01
1.354569316666666907e+02 3.489511466666666450e+01 -7.150776766666666617e+01
1.377755266666666500e+02 3.507535366666666476e+01 -2.304011466666666763e+01
1.367385529999999960e+02 3.363136633333333236e+01 -1.305481199999999831e+01
1.371677516666666463e+02 3.324407433333333728e+01 -6.969400333333333641e+00
1.353366819999999962e+02 3.510530766666666835e+01 -8.514330699999999297e+01
1.347034853333333331e+02 3.253364433333333494e+01 -7.750371333333333723e+00
1.337303223333333051e+02 3.251692100000000352e+01 -1.257834533333333304e+01
1.345786996666666653e+02 3.263296166666666664e+01 -8.841254999999998532e+00
1.362354189999999790e+02 3.547796066666666803e+01 -9.313226066666668146e+01
1.311516906666666671e+02 3.114640266666667046e+01 -4.337009533333333167e+01
1.380132900000000120e+02 3.563049033333333426e+01 -4.946883900000000267e+01
1.379237966666666750e+02 3.513726333333332974e+01 -2.115492466666666616e+01
1.338683663333333413e+02 3.205836933333333150e+01 -8.257489999999998886e+00
1.351063203333333433e+02 3.387338799999999850e+01 -2.678602833333333422e+01
1.315653313333333188e+02 3.262360100000000074e+01 -7.080895166666667251e+01
1.364283266666666634e+02 3.440105633333332946e+01 -3.949980866666666657e+01
1.332926873333333333e+02 3.329752433333333528e+01 -2.837696733333333654e+01
1.351911543333333441e+02 3.398081733333333432e+01 -3.018405299999999514e+01
1.374698233333333235e+02 3.340733900000000034e+01 -6.665050666666666679e+00
1.326488686666666581e+02 3.223928033333333332e+01 -1.912954633333333376e+01
1.359265056666666567e+02 3.427454499999999626e+01 -4.304680966666666819e+01
1.322207499999999811e+02 3.213883366666667030e+01 -2.561062966666666796e+01
1.339160163333333458e+02 3.236964333333333599e+01 -1.010715333333333454e+01
1.302300753333333034e+02 3.030314100000000010e+01 -6.853824166666665008e+01
1.311357646666666597e+02 3.198087599999999853e+01 -8.047942499999999200e+01
1.385128673333333325e+02 3.617821599999999904e+01 -8.302022366666666642e+01
1.370146216666666703e+02 3.571972966666666593e+01 -7.250566933333332997e+01
1.332424716666666598e+02 3.203243533333333204e+01 -1.159601633333333304e+01
1.345598860000000059e+02 3.507873733333332922e+01 -9.497886266666667154e+01
1.365931596666666508e+02 3.357158966666666089e+01 -1.274607799999999891e+01
1.350896396666666703e+02 3.423630633333333861e+01 -4.000266633333333033e+01
1.361632349999999860e+02 3.399892399999999526e+01 -2.768793900000000008e+01
1.361050096666666605e+02 3.360770133333333121e+01 -1.609391133333333457e+01
1.349537736666666490e+02 3.329567066666666619e+01 -1.442555700000000307e+01
1.351923253333333150e+02 3.301875199999999921e+01 -1.017642500000000005e+01
1.332283189999999991e+02 3.378378133333333722e+01 -4.369533666666666250e+01
1.388568946666666761e+02 3.582223766666666620e+01 -4.284321066666666411e+01
1.361119216666666603e+02 3.509479600000000232e+01 -7.326139666666666983e+01
1.325309046666666575e+02 3.403887933333333393e+01 -6.693376933333333056e+01
1.377172683333333225e+02 3.423483366666666683e+01 -1.168534400000000062e+01
1.355145929999999908e+02 3.285131733333333415e+01 -8.132737333333333041e+00
1.321380729999999915e+02 3.254773633333333294e+01 -3.621337366666666213e+01
1.340636826666666650e+02 3.483986433333333821e+01 -8.232992866666666032e+01
1.317493619999999908e+02 3.172065866666666523e+01 -3.267167599999999794e+01
1.327368629999999712e+02 3.138602633333333713e+01 -1.024124933333333409e+01
1.373788706666666428e+02 3.567922999999999689e+01 -6.574813033333332157e+01
1.339932313333333411e+02 3.335644866666666530e+01 -2.020646033333333236e+01
1.353490870000000257e+02 3.455533399999999489e+01 -5.530674166666666025e+01
1.353434359999999970e+02 3.359767433333333742e+01 -1.865875233333333583e+01
1.361406389999999931e+02 3.480781900000000206e+01 -6.161715333333333433e+01
1.382264056666666647e+02 3.427497433333333987e+01 -6.858308333333333451e+00
1.318537406666666811e+02 3.102354733333333670e+01 -2.062698500000000124e+01
1.316180216666666638e+02 3.234048400000000356e+01 -5.739897366666667011e+01
1.347507510000000082e+02 3.380606833333333583e+01 -2.618399166666666744e+01
1.364680803333333472e+02 3.516597399999999851e+01 -6.681488899999999376e+01
1.369771953333333556e+02 3.483844466666666762e+01 -3.759053833333333472e+01
1.384758056666666732e+02 3.498283666666666392e+01 -6.483176000000000272e+00
1.327698593333333292e+02 3.444531233333333375e+01 -8.145223700000001088e+01
1.351967516666666427e+02 3.353927266666666895e+01 -1.781871500000000097e+01
1.381374229999999841e+02 3.462577766666666435e+01 -8.484014999999999418e+00
1.342819100000000105e+02 3.391462566666666589e+01 -3.055493599999999788e+01
1.352766956666666829e+02 3.505835533333333132e+01 -8.291988833333333275e+01
1.356561183333333247e+02 3.431356266666666244e+01 -4.566486233333333189e+01
1.368674256666666622e+02 3.546350466666666534e+01 -6.280454766666667155e+01
1.336356700000000046e+02 3.425100599999999673e+01 -5.186346499999999793e+01
1.333142693333333284e+02 3.388958200000000431e+01 -4.511991966666666798e+01
1.345121253333333300e+02 3.312114066666666901e+01 -1.396893700000000216e+01
1.371603143333333321e+02 3.512885933333333810e+01 -4.038063366666666809e+01
1.341567359999999951e+02 3.401358733333333362e+01 -3.415593799999999902e+01
1.306614733333333334e+02 3.116814599999999658e+01 -8.306479966666665860e+01
1.352444583333333128e+02 3.521209099999999381e+01 -9.416259133333333864e+01
1.328610670000000198e+02 3.364201766666666771e+01 -4.744674566666666493e+01
1.380841166666666595e+02 3.490584066666666985e+01 -1.152034033333333163e+01
1.303713696666666522e+02 3.062207899999999938e+01 -7.574844866666667542e+01
1.376861003333333144e+02 3.405918099999999527e+01 -1.062717966666666669e+01
1.330542196666666541e+02 3.463415466666666731e+01 -8.640823100000000068e+01
1.371360336666666626e+02 3.541334466666666714e+01 -5.183868033333333614e+01
1.384818006666666861e+02 3.490480166666666406e+01 -5.659379333333333761e+00
1.344178129999999953e+02 3.389460333333332898e+01 -2.961602000000000245e+01
1.338865753333333259e+02 3.404628333333334211e+01 -3.820406100000000293e+01
1.331185756666666578e+02 3.422495200000000182e+01 -6.193521166666666744e+01
1.376590899999999920e+02 3.473099200000000764e+01 -1.789112266666666429e+01
1.328789683333333187e+02 3.144993366666666645e+01 -9.553487666666667266e+00
1.382315283333333298e+02 3.533370833333333394e+01 -2.103796233333333632e+01
1.344169966666666767e+02 3.433392099999999658e+01 -4.559969666666666654e+01
1.334715670000000216e+02 3.403071166666666159e+01 -4.635799133333333089e+01
1.325976693333333287e+02 3.236683299999999974e+01 -2.151401166666666498e+01
1.328689263333333201e+02 3.232720166666666728e+01 -1.764920599999999595e+01
1.375665879999999959e+02 3.506543299999999164e+01 -2.820528933333333654e+01
1.315493543333333264e+02 3.238155766666667290e+01 -6.356822733333333275e+01
1.333781103333333533e+02 3.201140266666666179e+01 -1.058490900000000146e+01
1.320230306666666706e+02 3.017732633333333681e+01 -9.486259333333334709e+00
1.321179923333333477e+02 3.239210133333333630e+01 -3.338248600000000010e+01
1.384542386666666687e+02 3.513635099999999767e+01 -9.415993000000000279e+00
1.369320296666666934e+02 3.541962433333333138e+01 -5.825545799999999730e+01
1.307675830000000019e+02 3.054954200000000242e+01 -4.395670433333333449e+01
1.349933600000000240e+02 3.485568733333333569e+01 -7.301251733333333505e+01
1.357227746666666519e+02 3.478841833333333255e+01 -6.549732400000000609e+01
1.341035786666666638e+02 3.414238633333334150e+01 -3.916353166666666397e+01
1.309570973333333370e+02 3.130700099999999964e+01 -6.250642099999999601e+01
1.369075606666666829e+02 3.436967133333333635e+01 -2.780386733333333282e+01
1.365031170000000031e+02 3.347427233333332453e+01 -1.160686666666666689e+01
1.330836323333333269e+02 3.189763833333333309e+01 -1.143619733333333244e+01
1.343524830000000065e+02 3.505263966666666420e+01 -9.592886800000000846e+01
1.329011339999999848e+02 3.160673066666666742e+01 -1.043735566666666692e+01
1.379176240000000178e+02 3.432640299999999911e+01 -9.974146333333331782e+00
1.356714159999999936e+02 3.395035000000000025e+01 -2.921988566666666998e+01
1.345842603333333329e+02 3.500408300000000139e+01 -8.861677799999999650e+01
1.321426799999999844e+02 3.158874500000000296e+01 -2.004010399999999947e+01
1.332301316666666651e+02 3.428907033333333487e+01 -6.277682466666666272e+01
1.326926583333332985e+02 3.431428233333333111e+01 -7.538771166666667511e+01
1.385528966666666690e+02 3.587692366666666999e+01 -5.324206333333333419e+01
1.379475983333333318e+02 3.379144766666667010e+01 -6.792417333333332863e+00
1.338891586666666456e+02 3.265323699999999718e+01 -1.266749233333333358e+01
1.370278326666666828e+02 3.471071833333333245e+01 -3.296906400000000303e+01
1.326608720000000119e+02 3.283900799999999975e+01 -2.895522699999999716e+01
1.377780266666666478e+02 3.548437233333333296e+01 -4.508904300000000376e+01
1.340936376666666376e+02 3.406397633333333630e+01 -3.633584133333332744e+01
1.329312800000000152e+02 3.227806133333333349e+01 -1.648580700000000121e+01
1.357679300000000069e+02 3.279220099999999860e+01 -7.331975666666667557e+00
1.336141750000000172e+02 3.313180666666666951e+01 -2.041084866666666642e+01
1.380968343333333337e+02 3.427066333333333858e+01 -7.982603999999999367e+00
1.340173870000000136e+02 3.211486133333333015e+01 -7.876818000000000097e+00
1.321377356666666572e+02 3.107163266666666956e+01 -1.546846333333333234e+01
1.377254339999999786e+02 3.363566699999999798e+01 -7.056958666666666602e+00
1.342594433333333370e+02 3.375776233333333920e+01 -2.650280499999999861e+01
1.384180446666666739e+02 3.478308133333333529e+01 -5.610285999999999440e+00
1.369241660000000138e+02 3.336455000000000126e+01 -8.745937666666668164e+00
1.365611866666666572e+02 3.341999366666666305e+01 -1.063066066666666565e+01
1.362350106666666534e+02 3.321375199999999950e+01 -9.404448666666667123e+00
1.361164310000000057e+02 3.324877866666667359e+01 -1.019461666666666666e+01
1.323850576666666541e+02 3.400342733333332745e+01 -7.083457266666665930e+01
1.361076723333333121e+02 3.543682633333332888e+01 -9.424621300000001156e+01
1.338870119999999986e+02 3.426981799999999367e+01 -4.758822866666665874e+01
1.381766886666666778e+02 3.546594466666666534e+01 -3.059581033333333266e+01
1.326653450000000021e+02 3.135582133333333488e+01 -1.066236600000000045e+01
1.319676456666666695e+02 3.336514399999999370e+01 -7.294145600000000229e+01
1.373335810000000095e+02 3.360238166666666615e+01 -9.252811333333333721e+00
1.369540153333333308e+02 3.468223300000000364e+01 -3.429353699999999350e+01
1.364119369999999947e+02 3.476649633333332901e+01 -5.346374533333332835e+01
1.333638623333333157e+02 3.376431033333333431e+01 -4.000166266666666814e+01
1.374710466666666662e+02 3.488040900000000022e+01 -2.537221066666667113e+01
1.353117606666666859e+02 3.432165566666666479e+01 -4.431732933333333335e+01
1.344271616666666773e+02 3.301386899999999969e+01 -1.311638233333333403e+01
1.378499199999999973e+02 3.560970000000000368e+01 -5.327108400000000188e+01
1.388265016666666725e+02 3.601514866666666848e+01 -6.070488466666665772e+01
1.312157346666666626e+02 3.178624066666666792e+01 -6.438035899999999856e+01
1.336845616666666672e+02 3.411793600000000026e+01 -4.484358499999999736e+01
1.322965976666666847e+02 3.121058999999999983e+01 -1.398755799999999994e+01
1.354623916666666616e+02 3.297543766666666443e+01 -9.179813000000001111e+00
1.347050020000000075e+02 3.349237500000000267e+01 -1.900091433333333057e+01
1.312740850000000137e+02 3.245638333333332781e+01 -8.998110200000000702e+01
1.312969256666666524e+02 3.060746933333333075e+01 -2.708647733333333463e+01
1.372795596666666711e+02 3.332221866666666443e+01 -7.068961000000000716e+00
1.312160116666666738e+02 3.101642299999999963e+01 -3.698218199999999456e+01
1.301662859999999853e+02 3.018098466666666368e+01 -6.712475666666665575e+01
1.357061263333333443e+02 3.322257300000000413e+01 -1.118024100000000054e+01
1.345573639999999784e+02 3.487058800000000502e+01 -7.856781999999999755e+01
1.359468723333333458e+02 3.526034833333333296e+01 -8.540487066666666749e+01
1.386027113333333318e+02 3.582363900000000712e+01 -4.718554199999999810e+01
1.364621676666666872e+02 3.543349633333333060e+01 -8.077696433333333914e+01
1.372460610000000258e+02 3.325035566666667108e+01 -6.658336999999999506e+00
1.367200259999999901e+02 3.551676633333332944e+01 -7.227160533333332637e+01
1.363438613333333080e+02 3.429292233333333684e+01 -3.700668999999999897e+01
1.379395653333333200e+02 3.476474233333333785e+01 -1.258598233333333383e+01
1.322244743333333474e+02 3.265690466666666225e+01 -3.588430000000000319e+01
1.318979369999999847e+02 3.356264500000000339e+01 -8.897292233333332945e+01
1.376677420000000041e+02 3.436834300000000297e+01 -1.348641166666666891e+01
1.323736383333333322e+02 3.175698233333333675e+01 -1.763233133333333313e+01
1.307807080000000042e+02 3.088205633333333466e+01 -5.646229600000000204e+01
1.317986936666666793e+02 3.159459800000000129e+01 -2.868492866666666785e+01
1.378367953333333560e+02 3.371350333333333538e+01 -6.942143666666666491e+00
1.324377073333333499e+02 3.394325466666666813e+01 -6.672805666666666013e+01
1.349040213333333043e+02 3.438833833333332990e+01 -4.686640266666666577e+01
1.341905776666666554e+02 3.328791333333332858e+01 -1.786114666666666650e+01
1.321796789999999930e+02 3.325124400000000691e+01 -5.642715700000000112e+01
1.371405873333333432e+02 3.453370166666667274e+01 -2.632624566666666510e+01
1.342303693333333285e+02 3.404215733333333560e+01 -3.468903133333333244e+01
1.325996679999999799e+02 3.065546799999999905e+01 -7.268068666666667177e+00
1.324851340000000164e+02 3.107333266666666916e+01 -1.056295099999999998e+01
1.347212876666666546e+02 3.313044266666666715e+01 -1.311843200000000031e+01
1.345136396666666769e+02 3.460095700000000107e+01 -6.000761066666666466e+01
1.315555643333333364e+02 3.178345366666666294e+01 -4.269258566666667321e+01
1.360034873333333110e+02 3.278299866666666418e+01 -6.841022666666667362e+00
1.373506593333333115e+02 3.454093966666666660e+01 -2.170347666666667052e+01
1.320920393333333323e+02 3.013797733333333539e+01 -8.613019666666666296e+00
1.317568970000000093e+02 3.233814799999999678e+01 -4.865156899999999496e+01
1.348069040000000030e+02 3.465134233333333214e+01 -6.143367200000000139e+01
1.364003900000000158e+02 3.468753000000000242e+01 -5.103675999999999391e+01
1.383706956666666485e+02 3.532526833333333371e+01 -1.719487233333333265e+01
1.335508549999999843e+02 3.414438166666666774e+01 -4.901085466666666690e+01
1.319694063333333247e+02 3.181315700000000035e+01 -2.715065533333333292e+01
1.383622643333333144e+02 3.427939466666666846e+01 -5.909420999999999147e+00
1.334126746666666747e+02 3.224525799999999975e+01 -1.245064200000000021e+01
1.327584840000000099e+02 3.302163266666666885e+01 -3.147772533333333556e+01
1.366113380000000177e+02 3.539696666666666403e+01 -7.169902466666665930e+01
1.345516010000000051e+02 3.431764933333333545e+01 -4.440578500000000162e+01
1.334517823333333411e+02 3.343386433333333230e+01 -2.887854933333333562e+01
1.318881513333333260e+02 3.126149066666666343e+01 -2.235120299999999816e+01
1.330955086666666602e+02 3.336646300000000309e+01 -3.403532200000000074e+01
1.322538340000000119e+02 3.237391866666666829e+01 -2.878537633333333190e+01
1.318311126666666553e+02 3.344346066666667383e+01 -8.920118833333333441e+01
1.377773679999999956e+02 3.419777766666666707e+01 -1.070723199999999942e+01
1.355954593333333378e+02 3.488881599999999850e+01 -7.030563100000000532e+01
1.334800566666666555e+02 3.411219533333333231e+01 -4.935115833333333057e+01
1.334241719999999987e+02 3.232324499999999290e+01 -1.310493766666666637e+01
1.319729976666666573e+02 3.137096500000000177e+01 -2.152961366666666621e+01
1.323593606666666744e+02 3.264120399999999478e+01 -3.141063900000000331e+01
1.382632873333333237e+02 3.603524566666666828e+01 -7.785895599999999206e+01
1.350102510000000109e+02 3.368735199999999708e+01 -2.195674299999999945e+01
1.328475260000000162e+02 3.406595500000000243e+01 -6.059985733333332547e+01
1.351708896666666817e+02 3.469318400000000224e+01 -6.218686133333333288e+01
1.355475156666666692e+02 3.404844266666666641e+01 -3.327611366666666726e+01
1.368571566666666683e+02 3.449726533333333123e+01 -3.211741133333332954e+01
1.305036963333333233e+02 3.101927900000000093e+01 -9.037317199999999673e+01
1.367902353333333565e+02 3.350835266666666001e+01 -1.092886266666666550e+01
1.377245363333333614e+02 3.432138300000000442e+01 -1.226604799999999962e+01
1.331790333333333365e+02 3.468598133333333777e+01 -8.700737166666665701e+01
1.321933720000000108e+02 3.146201733333333550e+01 -1.784222433333333413e+01
1.303697916666666572e+02 3.054314033333333711e+01 -7.076012633333334634e+01
1.318330773333333354e+02 3.086351233333333255e+01 -1.921735099999999719e+01
1.318344796666666809e+02 3.320729866666666652e+01 -7.531000233333332972e+01
1.329763800000000060e+02 3.398236566666667358e+01 -5.531211133333332697e+01
1.373021946666666508e+02 3.388785899999999884e+01 -1.291855266666666857e+01
1.317638306666666779e+02 3.285343766666667165e+01 -6.448422166666667010e+01
1.373201803333333544e+02 3.526188466666666699e+01 -4.134415966666666264e+01
1.369220326666666665e+02 3.400705500000000114e+01 -1.919341166666666609e+01
1.328283059999999978e+02 3.157589266666666461e+01 -1.078367866666666508e+01
1.375628316666666819e+02 3.575977366666666057e+01 -7.222696500000000697e+01
1.341949703333333446e+02 3.284838300000000544e+01 -1.262588233333333143e+01
1.347736609999999757e+02 3.396344233333332596e+01 -3.067459533333333255e+01
1.337340756666666550e+02 3.347334633333333187e+01 -2.512225799999999865e+01
1.323384200000000135e+02 3.309773400000000265e+01 -4.511030266666666222e+01
1.355338426666666862e+02 3.264057900000000245e+01 -6.899370666666666985e+00
1.350583296666666513e+02 3.260117733333333945e+01 -7.359257000000000382e+00
1.350393616666666787e+02 3.436457933333333159e+01 -4.562399466666666825e+01
1.310700199999999995e+02 3.209731200000000229e+01 -9.273542200000001401e+01
1.327440973333333432e+02 3.242565333333333655e+01 -2.028209033333333267e+01
1.353367803333333370e+02 3.447679099999999863e+01 -5.157445133333333587e+01
1.324467006666666578e+02 3.178690400000000338e+01 -1.684558533333333230e+01
1.368224176666666665e+02 3.426205166666666457e+01 -2.666223933333333207e+01
1.370544603333333384e+02 3.399133633333332938e+01 -1.738392699999999991e+01
1.382799653333333083e+02 3.454955766666666506e+01 -6.645165666666667192e+00
1.310119069999999795e+02 3.099337799999999632e+01 -4.597939999999999827e+01
1.373610389999999768e+02 3.418171566666666905e+01 -1.623381233333333284e+01
1.381134493333333637e+02 3.608581466666667126e+01 -8.853145500000000823e+01
1.317266756666666652e+02 3.200758733333333339e+01 -4.086604733333333428e+01
1.368499586666666801e+02 3.397600299999999862e+01 -1.925113233333333440e+01
1.339008320000000083e+02 3.273137700000000194e+01 -1.331406066666666810e+01
1.343145433333333187e+02 3.318997033333332780e+01 -1.584229999999999983e+01
1.340279486666666742e+02 3.359088866666666462e+01 -2.416494700000000151e+01
1.318217163333333417e+02 3.013951300000000444e+01 -1.160734033333333315e+01
1.336397356666666667e+02 3.458371700000000004e+01 -7.088259066666667252e+01
1.348426560000000052e+02 3.443928700000000021e+01 -4.948840366666667023e+01
1.329602989999999920e+02 3.338739300000000298e+01 -3.753114566666666718e+01
1.313023100000000056e+02 3.152468700000000013e+01 -4.759111733333332950e+01
1.375338103333333208e+02 3.402806733333333256e+01 -1.199875833333333297e+01
1.375465786666666475e+02 3.389208566666667366e+01 -1.049595466666666610e+01
1.348835126666666611e+02 3.282691533333333922e+01 -9.322016333333332128e+00
1.302357209999999839e+02 3.053979333333333201e+01 -8.350457166666666353e+01
1.382975606666666692e+02 3.416117333333333050e+01 -6.150233000000000061e+00
1.358734556666666720e+02 3.343981233333332881e+01 -1.386406399999999906e+01
1.387061706666666510e+02 3.625142533333333716e+01 -8.467833166666666500e+01
1.358003290000000050e+02 3.341013766666666385e+01 -1.361862066666666671e+01
1.373626876666666874e+02 3.461868066666666977e+01 -2.274290499999999682e+01
1.368860943333333466e+02 3.568268333333332976e+01 -7.409794466666666324e+01
1.331409010000000137e+02 3.228647899999999282e+01 -1.483794166666666570e+01
1.347660206666666625e+02 3.248238500000000073e+01 -7.295622999999999969e+00
1.346160833333333358e+02 3.243057400000000001e+01 -7.403230666666666515e+00
1.327504586666666739e+02 3.198504900000000362e+01 -1.511595299999999931e+01
1.335131553333333159e+02 3.453663000000000238e+01 -7.057527266666666321e+01
1.340091496666666444e+02 3.299500599999999650e+01 -1.529253100000000209e+01
1.362649393333333308e+02 3.470803633333333238e+01 -5.541909299999999661e+01
1.324136566666666397e+02 3.155160533333333106e+01 -1.504397266666666688e+01
1.339002786666666509e+02 3.466800766666666789e+01 -7.168722666666666044e+01
1.326566380000000152e+02 3.425520766666667072e+01 -7.305675166666667053e+01
1.331509853333333240e+02 3.442218099999999481e+01 -7.124386800000000619e+01
1.370046616666666921e+02 3.455454566666666238e+01 -2.996224633333333642e+01
1.344500753333333307e+02 3.317015200000000164e+01 -1.489948666666666632e+01
1.355469290000000058e+02 3.514035066666667007e+01 -8.416771099999999706e+01
1.328511186666666788e+02 3.173228866666666548e+01 -1.181305466666666781e+01
1.304396706666666717e+02 3.066384700000000052e+01 -7.216518100000000402e+01
1.315039010000000133e+02 3.069993733333333807e+01 -2.386116666666666575e+01
1.362648003333333406e+02 3.374512100000000459e+01 -1.834755366666666987e+01
1.373365239999999972e+02 3.402560566666667086e+01 -1.440174566666666500e+01
1.304955216666666615e+02 3.038402266666666662e+01 -5.277442966666666280e+01
1.356029813333333607e+02 3.347888133333333371e+01 -1.545948366666666551e+01
1.379563190000000077e+02 3.492693966666666938e+01 -1.457773633333333230e+01
1.375127803333333532e+02 3.423373133333333129e+01 -1.450722299999999798e+01
1.338534089999999708e+02 3.381470633333333353e+01 -3.145514099999999758e+01
1.351082609999999988e+02 3.517526500000000311e+01 -9.375479933333333804e+01
1.363069690000000094e+02 3.293823400000000134e+01 -7.045131999999999728e+00
1.326942180000000064e+02 3.159293966666666620e+01 -1.210850899999999974e+01
1.378250596666666752e+02 3.494653266666666269e+01 -1.811075933333333410e+01
1.377110690000000091e+02 3.460338966666666494e+01 -1.510237933333333160e+01
1.335019366666666656e+02 3.330724966666667086e+01 -2.510610333333333344e+01
1.384501820000000123e+02 3.568146066666666627e+01 -3.848886766666666404e+01
1.318581736666666586e+02 3.199064299999999506e+01 -3.453209266666666366e+01
1.332656846666666581e+02 3.401320333333333679e+01 -5.047454599999999658e+01
1.315137499999999875e+02 3.155502433333333201e+01 -3.807331733333333545e+01
1.312703510000000051e+02 3.214712233333333558e+01 -7.642610299999999768e+01
1.356494366666666735e+02 3.475877066666666337e+01 -6.459591433333334010e+01
1.322961426666666682e+02 3.379799466666667485e+01 -6.822294033333332663e+01
1.335325546666666696e+02 3.258596299999999957e+01 -1.476760766666666846e+01
1.342236230000000035e+02 3.439835066666666563e+01 -4.999777866666666881e+01
1.316247869999999978e+02 3.257780199999999837e+01 -6.456063999999999226e+01
1.366240096666666659e+02 3.380766566666666506e+01 -1.724676566666666488e+01
1.342640406666666593e+02 3.331715666666666920e+01 -1.789806466666666651e+01
1.331237403333333305e+02 3.264707299999999890e+01 -1.912535833333333457e+01
1.382184466666666651e+02 3.496306133333333577e+01 -9.798555000000000348e+00
1.364652773333333187e+02 3.320386900000000452e+01 -8.572610333333333443e+00
1.375047490000000039e+02 3.511474100000000220e+01 -3.145326233333333832e+01
1.373134953333333499e+02 3.430758433333333102e+01 -1.886139966666666723e+01
1.385075609999999813e+02 3.524999433333332632e+01 -1.193508433333333407e+01
1.381773910000000001e+02 3.576258233333333436e+01 -5.504248466666666673e+01
1.363156270000000063e+02 3.457929333333333943e+01 -4.940065166666666840e+01
1.355993556666666677e+02 3.296058899999999880e+01 -8.791829999999999146e+00
1.346852499999999964e+02 3.430075266666667488e+01 -4.331614400000000131e+01
1.361731333333333396e+02 3.504392833333333357e+01 -6.977335133333333772e+01
1.374269409999999709e+02 3.394228799999999779e+01 -1.224295566666666701e+01
1.360931150000000116e+02 3.352967766666666449e+01 -1.452901700000000140e+01
1.326517616666666584e+02 3.438673833333333363e+01 -8.144576766666666856e+01
1.367913670000000081e+02 3.498933133333333245e+01 -4.804549399999999792e+01
1.364981243333333225e+02 3.390779699999999508e+01 -2.081385366666666314e+01
1.326660516666666751e+02 3.327699233333333950e+01 -4.112975566666666083e+01
1.354322650000000010e+02 3.466648533333333404e+01 -6.069497933333334316e+01
1.349708106666666652e+02 3.389369200000000149e+01 -2.783170900000000003e+01
1.354016989999999794e+02 3.302294533333333248e+01 -9.728876000000001412e+00
1.371905983333333268e+02 3.440614300000000014e+01 -2.286395566666666923e+01
1.320952770000000100e+02 3.383692533333333330e+01 -8.204635466666667298e+01
1.326152996666666866e+02 3.200381500000000301e+01 -1.686944599999999994e+01
1.338420880000000182e+02 3.373682066666666657e+01 -2.957653399999999877e+01
1.324627303333333259e+02 3.380411466666667053e+01 -6.194908733333333117e+01
1.370025920000000212e+02 3.544811599999999885e+01 -5.711042866666667095e+01
1.313924976666666566e+02 3.192620299999999745e+01 -5.761047299999999183e+01
1.321517479999999978e+02 3.017062166666666556e+01 -8.240813666666666037e+00
1.367162009999999839e+02 3.399544233333332954e+01 -2.106217366666666635e+01
1.329478870000000086e+02 3.191746133333333546e+01 -1.263078033333333217e+01
1.332077423333333570e+02 3.179961199999999977e+01 -9.854302999999999813e+00
1.386990606666666679e+02 3.555117299999999858e+01 -2.418630199999999775e+01
1.350058543333333319e+02 3.272884166666666772e+01 -8.248602666666668526e+00
1.355521843333333436e+02 3.360691833333333278e+01 -1.838279733333333255e+01
1.366031270000000006e+02 3.417349133333333810e+01 -2.765869600000000261e+01
1.365522979999999791e+02 3.430189299999999974e+01 -3.294406099999999782e+01
1.380201076666666324e+02 3.438709466666666259e+01 -9.132713999999999999e+00
1.331455430000000035e+02 3.415866566666667126e+01 -5.857270600000000371e+01
1.313069950000000006e+02 3.168071699999999780e+01 -5.328846666666666465e+01
1.374200319999999920e+02 3.500791100000000000e+01 -3.005318333333333314e+01
1.344451103333333322e+02 3.456383233333333038e+01 -5.809383233333333152e+01
1.353832229999999868e+02 3.339078299999999899e+01 -1.444080333333333499e+01
1.328891129999999805e+02 3.450709300000000468e+01 -8.210468933333334007e+01
1.343489933333333113e+02 3.342462566666666390e+01 -1.923547766666666803e+01
1.380122289999999907e+02 3.524981933333333473e+01 -2.336150066666666092e+01
1.370720236666666665e+02 3.577528200000000425e+01 -7.549840633333332107e+01
1.320395653333333428e+02 3.279349533333333966e+01 -4.703095933333332823e+01
1.310862763333333589e+02 3.025857966666666599e+01 -2.666295766666666722e+01
1.352772023333333209e+02 3.312449833333332805e+01 -1.106115566666666616e+01
1.351360009999999932e+02 3.489094166666666297e+01 -7.388668333333333749e+01
1.371101450000000170e+02 3.394530466666666513e+01 -1.590012633333333270e+01
1.323126933333333284e+02 3.326290000000000191e+01 -5.147602100000000291e+01
1.317652679999999918e+02 3.308834466666666430e+01 -7.473291166666666641e+01
1.314784966666667003e+02 3.226598466666666809e+01 -6.472681266666666033e+01
1.351186453333333475e+02 3.475250166666666729e+01 -6.574886066666665840e+01
1.342801070000000152e+02 3.295560933333333509e+01 -1.325362966666666686e+01
1.353191146666666782e+02 3.492676833333333519e+01 -7.433694966666666915e+01
1.312314409999999896e+02 3.163364866666666941e+01 -5.639152466666666896e+01
1.377700246666666715e+02 3.559598233333333184e+01 -5.428116366666666437e+01
1.380649246666666556e+02 3.450868099999999572e+01 -9.023357333333331454e+00
1.313564890000000105e+02 3.040832999999999586e+01 -2.288270533333333390e+01
1.383080750000000023e+02 3.587412733333333392e+01 -6.058494833333332963e+01
1.377588826666666648e+02 3.447765633333333568e+01 -1.304454966666666671e+01
1.345149886666666532e+02 3.408088500000000209e+01 -3.515149100000000004e+01
1.312024536666666847e+02 3.210436266666666683e+01 -8.038429833333333363e+01
1.336179433333333293e+02 3.269289333333333047e+01 -1.509165999999999919e+01
1.306775993333333474e+02 3.018016199999999927e+01 -3.695503166666666317e+01
1.308046823333333464e+02 3.161846833333333606e+01 -9.534626633333334667e+01
1.335521913333333259e+02 3.318054166666666305e+01 -2.195428666666666473e+01
1.359653700000000072e+02 3.284342166666666429e+01 -7.233677666666666006e+00
1.340595373333333100e+02 3.286798566666666943e+01 -1.362341200000000008e+01
1.363617186666666896e+02 3.489493466666666421e+01 -5.939939666666666795e+01
1.340396166666666602e+02 3.491396000000000299e+01 -8.877353300000000047e+01
1.318565043333333335e+02 3.256265133333332784e+01 -4.936181933333333660e+01
1.347878966666666827e+02 3.264007000000000147e+01 -8.194810999999999623e+00
1.357347836666666581e+02 3.486484033333333343e+01 -6.837760600000001432e+01
1.349754349999999761e+02 3.249576766666667282e+01 -6.952723666666666524e+00
1.375336116666666442e+02 3.483075666666666592e+01 -2.270403033333333198e+01
1.378512943333333283e+02 3.457851000000000141e+01 -1.241667333333333367e+01
1.375029533333333518e+02 3.347901366666666689e+01 -7.153502333333332963e+00
1.331945940000000235e+02 3.311289133333333012e+01 -2.579104166666666842e+01
1.343949266666666915e+02 3.373787800000000203e+01 -2.558417133333333382e+01
1.323450703333333252e+02 3.204141366666667068e+01 -2.150114233333333402e+01
1.316622143333333099e+02 3.161278933333333541e+01 -3.357005899999999343e+01
1.327746730000000071e+02 3.409060199999999696e+01 -6.289221099999999609e+01
1.351233683333333317e+02 3.351017066666666722e+01 -1.749235033333333433e+01
1.373859353333333502e+02 3.477426966666666885e+01 -2.513616933333333137e+01
1.323625000000000114e+02 3.167848533333333094e+01 -1.699715933333333240e+01
1.314420526666666547e+02 3.152493033333333372e+01 -4.040988633333333269e+01
1.324369563333333417e+02 3.356506300000000209e+01 -5.638662333333333976e+01
1.368090026666666574e+02 3.329717999999999734e+01 -8.464145999999999503e+00
1.329960063333333267e+02 3.113028200000000467e+01 -7.292083000000000759e+00
1.332209423333333405e+02 3.283103133333333545e+01 -2.053561766666666699e+01
1.338347533333333104e+02 3.321976433333333745e+01 -1.947774533333333480e+01
1.363274150000000020e+02 3.369648566666666767e+01 -1.669283966666666785e+01
1.380571370000000115e+02 3.511972300000000047e+01 -1.690401266666666658e+01
1.379942133333333345e+02 3.455179666666666805e+01 -1.011948533333333167e+01
1.385808806666666726e+02 3.561906333333333663e+01 -3.060152700000000436e+01
1.333099143333333529e+02 3.472740666666666698e+01 -8.709239566666666121e+01
1.349254756666666708e+02 3.357981166666666439e+01 -1.981334800000000129e+01
1.314385420000000124e+02 3.109461833333333303e+01 -3.117065833333333558e+01
1.383368616666666640e+02 3.601567299999999960e+01 -7.324091333333333864e+01
1.379576909999999828e+02 3.585480933333332842e+01 -7.252935033333334047e+01
1.355875589999999704e+02 3.288983933333333454e+01 -8.269771666666665411e+00
1.329647603333333450e+02 3.251211666666666389e+01 -1.897322200000000336e+01
1.316999926666666454e+02 3.258810533333333836e+01 -5.967113800000000623e+01
1.350217360000000042e+02 3.464938933333332471e+01 -6.026104999999999023e+01
1.352419263333333390e+02 3.385323066666666136e+01 -2.587836433333333375e+01
1.337705419999999776e+02 3.421478033333333002e+01 -4.721607033333333447e+01
1.351744433333333291e+02 3.338210333333333324e+01 -1.494294000000000011e+01
1.344052470000000028e+02 3.242067533333332818e+01 -8.050794666666666544e+00
1.322284156666666775e+02 3.038460333333333452e+01 -8.578084666666667246e+00
1.355730470000000025e+02 3.505996266666667083e+01 -7.909248166666667146e+01
1.320245903333333217e+02 3.041267466666666408e+01 -1.107522699999999993e+01
1.364791119999999864e+02 3.427260900000000277e+01 -3.337068366666667174e+01
1.322225946666666516e+02 3.117997666666666490e+01 -1.493360966666666734e+01
1.333226353333333236e+02 3.257740233333333180e+01 -1.647478900000000124e+01
1.315502520000000004e+02 3.246242666666666565e+01 -6.624948566666665783e+01
1.357218553333333375e+02 3.382282599999999917e+01 -2.428481166666666979e+01
1.333163793333333160e+02 3.345340766666667065e+01 -3.199646066666666755e+01
1.384840326666666499e+02 3.574470466666667079e+01 -4.298888866666666786e+01
1.340245193333333305e+02 3.440555066666666306e+01 -5.259657766666666845e+01
1.345694230000000005e+02 3.351228800000000518e+01 -1.997756400000000099e+01
1.372043640000000266e+02 3.580282866666667019e+01 -7.646962566666665850e+01
1.383643080000000225e+02 3.420009733333333202e+01 -5.880250000000000199e+00
1.373821583333333365e+02 3.521312966666666711e+01 -3.806015700000000379e+01
1.318896446666666691e+02 3.017886199999999874e+01 -1.103146533333333501e+01
1.318146369999999763e+02 3.123112433333333726e+01 -2.368766833333333466e+01
1.354534783333333223e+02 3.288970466666665970e+01 -8.519115999999998579e+00
1.365596519999999998e+02 3.534366266666665979e+01 -7.148646133333333808e+01
1.388596530000000087e+02 3.554831066666667283e+01 -2.261012799999999956e+01
1.365128853333333154e+02 3.450918766666666926e+01 -4.140609599999999801e+01
1.308835913333333281e+02 3.142087166666666675e+01 -7.507709033333333082e+01
1.332883116666666581e+02 3.234376666666666011e+01 -1.431764233333333181e+01
1.316894613333333552e+02 3.176780533333333167e+01 -3.610283966666666089e+01
1.336645626666666828e+02 3.300496333333333610e+01 -1.811494233333333170e+01
1.374485046666666790e+02 3.472455099999999817e+01 -2.263392200000000187e+01
1.347921956666666574e+02 3.482170666666666392e+01 -7.264713366666666161e+01
1.342997929999999940e+02 3.477092299999999625e+01 -7.383122833333332835e+01
1.386220713333333379e+02 3.555123200000000594e+01 -2.519292533333333495e+01
1.342831270000000075e+02 3.435054766666666382e+01 -4.708061933333332405e+01
1.363366406666666535e+02 3.334435466666666770e+01 -1.050952200000000225e+01
1.325963026666666451e+02 3.078581499999999949e+01 -7.927690666666666885e+00
1.370133170000000007e+02 3.507310400000000072e+01 -4.299801866666666683e+01
1.338675340000000062e+02 3.453835233333333576e+01 -6.329176033333333606e+01
1.339592866666666566e+02 3.407884566666666615e+01 -3.833055499999999682e+01
1.331573043333333146e+02 3.192625700000000322e+01 -1.119359766666666722e+01
1.321369006666666621e+02 3.203075600000000378e+01 -2.602827700000000277e+01
1.315448529999999892e+02 3.084070099999999925e+01 -2.491636200000000301e+01
1.358436946666666643e+02 3.279239733333333362e+01 -7.198408666666666456e+00
1.376912973333333241e+02 3.579983433333332954e+01 -7.454706400000000599e+01
1.342582539999999938e+02 3.236024433333333405e+01 -8.263573333333333437e+00
1.361792080000000169e+02 3.300806533333333448e+01 -7.801188666666665661e+00
1.379983946666666554e+02 3.463441366666666710e+01 -1.050356399999999901e+01
1.310032253333333472e+02 3.197694733333333161e+01 -9.340841600000000255e+01
1.326839033333333191e+02 3.151396599999999992e+01 -1.159739900000000112e+01
1.376501456666666741e+02 3.517262433333333860e+01 -3.013790233333333290e+01
1.346867376666666871e+02 3.289573966666666394e+01 -1.065792566666666552e+01
1.329625016666666681e+02 3.156001333333333392e+01 -9.675736666666665542e+00
1.378674029999999959e+02 3.595588000000000051e+01 -8.534694733333333261e+01
1.322526876666666737e+02 3.289684100000000200e+01 -4.168447333333333660e+01
1.363352636666666626e+02 3.538796566666666621e+01 -8.346432566666665309e+01
1.376811256666666736e+02 3.540205933333333377e+01 -4.171841633333333021e+01
1.309520703333333529e+02 3.026020133333333817e+01 -3.003196366666666606e+01
1.325872686666666596e+02 3.281097700000000117e+01 -2.984428699999999779e+01
1.364623326666666969e+02 3.463780500000000018e+01 -4.747339233333334363e+01
1.356517806666666672e+02 3.271005733333333154e+01 -7.072858333333333469e+00
1.372669443333333277e+02 3.345919800000000066e+01 -8.278795999999999822e+00
1.340082416666666631e+02 3.478371999999999531e+01 -7.868803800000000592e+01
1.337224916666666843e+02 3.339531233333333660e+01 -2.371429866666666442e+01
1.374125076666666700e+02 3.449102199999999385e+01 -1.960075666666666550e+01
1.332867143333333217e+02 3.423788733333333312e+01 -5.914469600000000327e+01
1.319724006666666583e+02 3.085024533333333352e+01 -1.631060366666666539e+01
1.366203366666666454e+02 3.522393500000000444e+01 -6.329877400000000165e+01
1.311539539999999988e+02 3.029702333333333186e+01 -2.569081133333333256e+01
1.320358246666666560e+02 3.072719066666666876e+01 -1.384101600000000154e+01
1.365300976666666770e+02 3.414414666666666420e+01 -2.782998899999999765e+01
1.346543966666666563e+02 3.361982800000000537e+01 -2.193375199999999836e+01
1.378992813333333345e+02 3.445114266666666936e+01 -1.085778899999999858e+01
1.342916206666666596e+02 3.303367999999999682e+01 -1.405169033333333317e+01
1.326876943333333259e+02 3.099940233333333595e+01 -8.436533999999999978e+00
1.334135720000000163e+02 3.363819866666666769e+01 -3.514601599999999593e+01
1.360226169999999968e+02 3.446181366666666435e+01 -5.060030233333333172e+01
1.306712056666666513e+02 3.138143566666666473e+01 -9.616323266666667280e+01
1.317585040000000163e+02 3.025846400000000003e+01 -1.358147266666666475e+01
1.324474856666666653e+02 3.372591733333333508e+01 -6.038008933333333061e+01
1.383007953333333262e+02 3.520744833333333190e+01 -1.403302533333333280e+01
1.386189573333333271e+02 3.599044766666666106e+01 -6.247737466666666251e+01
1.319239276666666854e+02 3.245585600000000426e+01 -4.292927133333333245e+01
1.385599090000000047e+02 3.455857266666666305e+01 -5.316152666666666526e+00
1.366824850000000140e+02 3.472491333333333330e+01 -4.356627833333333655e+01
1.375574893333333364e+02 3.410420899999999733e+01 -1.249830233333333318e+01
1.324927193333333264e+02 3.417152200000000306e+01 -7.400499100000000396e+01
1.322273749999999950e+02 3.169719800000000021e+01 -1.952567600000000070e+01
1.385617499999999893e+02 3.595055566666666635e+01 -6.002920833333333661e+01
1.376145246666666537e+02 3.355755599999999816e+01 -7.127179333333333311e+00
1.308867569999999887e+02 3.030121499999999912e+01 -3.268655499999999847e+01
1.351295699999999727e+02 3.306912466666667427e+01 -1.086703400000000208e+01
1.302928953333333482e+02 3.026431966666666540e+01 -6.125414799999999360e+01
1.348717316666666761e+02 3.274847500000000622e+01 -8.732213333333334049e+00
1.383933763333333218e+02 3.554736766666666625e+01 -2.959996266666666642e+01
1.379094826666666620e+02 3.505753433333332936e+01 -1.887047200000000302e+01
1.330583266666666589e+02 3.313320833333332871e+01 -2.854067566666666877e+01
1.320316306666666719e+02 3.356300566666666896e+01 -7.678585800000000461e+01
1.324070803333333117e+02 3.199272600000000466e+01 -1.977655366666666836e+01
1.334431869999999947e+02 3.291751366666667167e+01 -1.923207866666666632e+01
1.328586779999999692e+02 3.121096466666666558e+01 -8.386005333333333311e+00
1.319070066666666605e+02 3.280203333333333404e+01 -5.391126066666666361e+01
1.353616316666666535e+02 3.419514099999999956e+01 -3.895464266666666475e+01
1.329982283333333442e+02 3.179142866666666478e+01 -1.114063433333333286e+01
1.356677723333333176e+02 3.439236999999999966e+01 -4.932825933333333523e+01
1.304390576666666846e+02 3.097654199999999847e+01 -9.460962333333333163e+01
1.319577376666666453e+02 3.173413933333333148e+01 -2.623279433333333444e+01
1.334667399999999873e+02 3.307329766666666160e+01 -2.122351733333333357e+01
1.357333726666666678e+02 3.390127866666666279e+01 -2.714495766666666654e+01
1.375840933333333567e+02 3.597171300000000116e+01 -9.226328933333333282e+01
1.342755400000000066e+02 3.339537933333333086e+01 -1.907878233333333284e+01
1.333928226666666603e+02 3.304418466666666632e+01 -2.167580033333333134e+01
1.327109886666666796e+02 3.219041533333333405e+01 -1.777411966666666743e+01
1.376479576666666560e+02 3.553275800000000118e+01 -5.173286899999999378e+01
1.337944116666666616e+02 3.202885466666666758e+01 -8.446125999999999578e+00
1.337176393333333237e+02 3.383421733333333492e+01 -3.434526466666667233e+01
1.319057006666666894e+02 3.301855933333333581e+01 -6.180668366666666458e+01
1.373348680000000002e+02 3.490175900000000553e+01 -2.934721333333333249e+01
1.369318733333333569e+02 3.323009666666666106e+01 -7.571948666666666661e+00
1.376359716666666770e+02 3.457574466666667234e+01 -1.621285500000000113e+01
1.352646843333333209e+02 3.400987866666667259e+01 -3.123829699999999931e+01
1.360896113333333233e+02 3.396972500000000394e+01 -2.738150233333333361e+01
1.364136140000000239e+02 3.380161300000000324e+01 -1.865941300000000069e+01
1.336099933333333354e+02 3.217554499999999962e+01 -1.053446166666666706e+01
1.349367976666666493e+02 3.365820000000000078e+01 -2.156834333333333120e+01
1.349423753333333309e+02 3.321752400000000449e+01 -1.333762266666666818e+01
1.346132806666666681e+02 3.286666499999999758e+01 -1.068944066666666437e+01
1.327758166666666568e+02 3.353907199999999733e+01 -4.638194899999999876e+01
1.325702626666666504e+02 3.354126199999999614e+01 -5.171076066666666549e+01
1.330614763333333315e+02 3.123998666666666679e+01 -7.420271666666667265e+00
1.348157266666666771e+02 3.495870733333333646e+01 -8.210331100000000504e+01
1.335749129999999809e+02 3.194019766666666627e+01 -8.976371333333332814e+00
1.353498439999999903e+02 3.411712033333333238e+01 -3.560849533333333738e+01
1.355304166666666390e+02 3.277647599999999528e+01 -7.625466333333332791e+00
1.366338193333333493e+02 3.388693833333332606e+01 -1.906333300000000008e+01
1.365356830000000059e+02 3.466698533333333643e+01 -4.626934866666666579e+01
1.342451193333333492e+02 3.272157899999999842e+01 -1.114114699999999836e+01
1.326401446666666573e+02 3.268196966666666725e+01 -2.599178399999999911e+01
1.369271783333333303e+02 3.496647866666666715e+01 -4.267190566666666740e+01
1.354676343333333364e+02 3.349884966666666486e+01 -1.620246766666666716e+01
1.361429719999999861e+02 3.340288199999999819e+01 -1.211778266666666504e+01
1.327871953333333295e+02 3.361607500000000215e+01 -4.837854533333333507e+01
1.323446830000000034e+02 3.031599799999999689e+01 -7.350723333333333720e+00
1.361972320000000138e+02 3.423447133333332459e+01 -3.733025866666665848e+01
1.375546236666666857e+02 3.375817533333333387e+01 -9.207106000000001345e+00
1.354342870000000119e+02 3.326244900000000371e+01 -1.236259100000000011e+01
1.380377563333333342e+02 3.549401333333333497e+01 -3.745757633333332848e+01
1.352999716666666643e+02 3.468074066666667221e+01 -6.132104600000000261e+01
1.365199319999999830e+02 3.503470133333333791e+01 -5.953880866666666094e+01
1.334163273333333279e+02 3.464051333333333815e+01 -7.921842766666667046e+01
1.351121676666666644e+02 3.343171166666666494e+01 -1.603636466666666749e+01
1.383549430000000200e+02 3.443556566666666896e+01 -5.862625000000000419e+00
1.351410433333333287e+02 3.314693799999999868e+01 -1.171502133333333440e+01
1.329020963333333327e+02 3.256153599999999670e+01 -2.028892300000000048e+01
1.337497280000000046e+02 3.311232366666666849e+01 -1.873671899999999724e+01
1.316931863333333297e+02 3.029749800000000093e+01 -1.505434533333333569e+01
1.349088103333333208e+02 3.394321599999999961e+01 -2.957923666666666307e+01
1.312315473333333387e+02 3.155594100000000068e+01 -5.314904766666666092e+01
1.315731380000000001e+02 3.186156599999999983e+01 -4.428823966666666223e+01
1.323878129999999942e+02 3.288234800000000035e+01 -3.686555400000000304e+01
1.363642080000000192e+02 3.552415566666666535e+01 -9.096340933333333112e+01
1.337728250000000116e+02 3.326852966666666589e+01 -2.085224166666666790e+01
1.376816723333333528e+02 3.444910100000000597e+01 -1.401730533333333284e+01
1.314268993333333526e+02 3.059653066666666632e+01 -2.404307833333333022e+01
1.371546639999999968e+02 3.549636833333332930e+01 -5.566319833333332667e+01
1.305775743333333310e+02 3.090988566666666770e+01 -7.510127433333333613e+01
1.356701880000000244e+02 3.491794533333333561e+01 -7.106535866666666834e+01
1.317601799999999912e+02 3.041891133333333030e+01 -1.525077266666666809e+01
1.321159976666666580e+02 3.290567766666666927e+01 -4.724069999999999681e+01
1.360389846666666642e+02 3.409735333333333074e+01 -3.342279966666666979e+01
1.380922720000000083e+02 3.564609433333333044e+01 -4.782508699999999635e+01
1.333765853333333382e+02 3.440112833333333953e+01 -6.551956200000000763e+01
1.377426240000000064e+02 3.483757133333333655e+01 -1.783216866666666434e+01
1.381430333333333635e+02 3.478145099999999701e+01 -9.185450000000001225e+00
1.360430903333333390e+02 3.365656766666666755e+01 -1.762119233333333312e+01
1.354003373333333400e+02 3.398988299999999896e+01 -3.064113966666666400e+01
1.338039076666666460e+02 3.254598366666666465e+01 -1.230268266666666754e+01
1.381586406666666562e+02 3.431320500000000351e+01 -7.533048000000000854e+00
1.383930760000000078e+02 3.509646599999999950e+01 -9.361436666666667961e+00
1.371640079999999955e+02 3.468967066666667165e+01 -2.893410233333333181e+01
1.353705346666666571e+02 3.471469700000000103e+01 -6.295232299999999981e+01
1.306360366666666550e+02 3.054813400000000101e+01 -5.118700499999999920e+01
1.336597339999999861e+02 3.204802799999999507e+01 -9.279846666666665911e+00
1.364853246666666564e+02 3.479583166666666472e+01 -5.221199933333333121e+01
1.370746776666666449e+02 3.502307800000000526e+01 -3.965555866666667129e+01
1.323186240000000282e+02 3.072463833333333127e+01 -9.860130666666666599e+00
1.343002783333333525e+02 3.499301433333332767e+01 -9.166933499999998958e+01
1.337150256666666621e+02 3.457022100000000364e+01 -6.841441466666667282e+01
1.376000166666666757e+02 3.589489166666666620e+01 -8.475343066666665948e+01
1.381648179999999968e+02 3.407986799999999761e+01 -6.849998999999999505e+00
1.368329806666666570e+02 3.522183799999999820e+01 -5.430779133333333419e+01
1.319499836666666681e+02 3.121328366666666554e+01 -2.052855999999999881e+01
1.362283573333333209e+02 3.351056333333333015e+01 -1.347665966666666826e+01
1.339021666666666590e+02 3.419857799999999770e+01 -4.403421300000000116e+01
1.371019736666666802e+02 3.554437866666666679e+01 -5.934684799999999427e+01
1.325335033333333286e+02 3.294071833333332933e+01 -3.449422000000000565e+01
1.327648303333333217e+02 3.389297933333332935e+01 -5.670592199999999394e+01
1.326997873333333473e+02 3.211201133333333502e+01 -1.702384766666666849e+01
1.322098729999999875e+02 3.206037800000000004e+01 -2.465370299999999659e+01
1.322360210000000222e+02 3.360898333333333454e+01 -6.566972733333334133e+01
1.380783686666666483e+02 3.595359200000000044e+01 -7.737231566666666538e+01
1.358874523333333286e+02 3.448160733333333638e+01 -5.287385366666666897e+01
1.338925646666666864e+02 3.361013066666667015e+01 -2.593453666666666280e+01
1.325422826666666651e+02 3.382701833333333497e+01 -6.016483500000000362e+01
1.373119666666666774e+02 3.474613466666666994e+01 -2.639648433333333344e+01
1.330460453333333533e+02 3.349343533333333056e+01 -3.885627800000000320e+01
1.370108253333333437e+02 3.323357099999999775e+01 -7.392686999999999564e+00
1.311930703333333383e+02 3.085634833333333304e+01 -3.433723033333333063e+01
1.387287839999999903e+02 3.589325733333333091e+01 -5.111022499999999269e+01
1.375858443333333696e+02 3.425880766666666233e+01 -1.367279533333333319e+01
1.338188483333333352e+02 3.218480900000000133e+01 -9.336688333333333034e+00
1.312777189999999905e+02 3.096777400000000213e+01 -3.374688166666666689e+01
1.354119096666666735e+02 3.406812133333333037e+01 -3.376931933333333546e+01
1.355709116666666603e+02 3.420525133333332946e+01 -4.033411566666666914e+01
1.326297136666666745e+02 3.260322866666666641e+01 -2.470980600000000038e+01
1.341841073333333441e+02 3.452172966666666554e+01 -5.757299000000000433e+01
1.334819863333333387e+02 3.271286466666666115e+01 -1.647742200000000068e+01
1.366603560000000073e+02 3.574161600000000050e+01 -8.896138733333333448e+01
1.387391096666666499e+02 3.562071866666666864e+01 -2.837691633333333030e+01
1.348178790000000049e+02 3.331590033333333167e+01 -1.533196300000000178e+01
1.361291306666666685e+02 3.535438999999999510e+01 -8.781465500000000191e+01
1.319571173333333434e+02 3.013934899999999928e+01 -9.964982666666665878e+00
1.360044536666666772e+02 3.386202300000000065e+01 -2.411457033333333300e+01
1.323293129999999849e+02 3.144388700000000014e+01 -1.536428366666666534e+01
1.324976139999999987e+02 3.165974999999999895e+01 -1.489719500000000174e+01
1.366368139999999869e+02 3.440999366666667214e+01 -3.478018566666666089e+01
1.360275086666666766e+02 3.401882966666666874e+01 -3.007426933333333352e+01
1.341461243333333186e+02 3.393499566666665856e+01 -3.178328233333333586e+01
1.361628576666666675e+02 3.496544966666666454e+01 -6.681245333333333747e+01
1.338736733333333575e+02 3.301465066666666104e+01 -1.646682633333333357e+01
1.322647320000000093e+02 3.097860700000000023e+01 -1.257387366666666573e+01
1.367906680000000108e+02 3.578132633333333246e+01 -8.494551199999999369e+01
1.314933089999999822e+02 3.017807000000000173e+01 -1.723721166666666704e+01
1.325570023333333154e+02 3.071946233333333609e+01 -7.832189333333333003e+00
1.309015386666666529e+02 3.119241933333333350e+01 -6.164156899999999695e+01
1.387316199999999924e+02 3.514445766666666060e+01 -7.306132000000000737e+00
1.355043899999999724e+02 3.469725666666666797e+01 -6.214488499999999505e+01
1.370071003333333408e+02 3.411609733333333594e+01 -2.047140933333333024e+01
1.322780706666666504e+02 3.157026833333333471e+01 -1.732446766666666349e+01
1.322333196666666311e+02 3.337361899999999792e+01 -5.828787600000000424e+01
1.367379223333333300e+02 3.415362933333333473e+01 -2.505020799999999781e+01
1.349489166666666904e+02 3.500069966666666943e+01 -8.342159266666666895e+01
1.342541700000000162e+02 3.463902033333332753e+01 -6.466626200000000324e+01
1.324292793333333123e+02 3.214985466666666269e+01 -2.137773533333333376e+01
1.347234556666666663e+02 3.409180433333333582e+01 -3.504724999999999824e+01
1.372400279999999952e+02 3.427841933333333913e+01 -1.974493666666666414e+01
1.332032076666666853e+02 3.223725666666666712e+01 -1.385649133333333261e+01
1.314919543333333252e+02 3.025542733333333345e+01 -1.818742466666666857e+01
1.337382159999999942e+02 3.449591000000000207e+01 -6.314866933333333776e+01
1.344115713333333417e+02 3.468843600000000293e+01 -6.661220600000000047e+01
1.310112893333333375e+02 3.173768566666666402e+01 -7.979801966666666146e+01
1.346290070000000014e+02 3.250648499999999785e+01 -7.806329333333333231e+00
1.370359816666666575e+02 3.344250833333333617e+01 -9.128123000000000431e+00
1.384264356666666629e+02 3.439815466666667021e+01 -5.572825000000000806e+00
1.349541129999999782e+02 3.425837133333333639e+01 -4.098200166666666178e+01
1.346006313333333253e+02 3.418999900000000025e+01 -3.892980999999999625e+01
1.370928419999999903e+02 3.359025733333333363e+01 -1.056833999999999918e+01
1.313161416666666526e+02 3.076432566666666446e+01 -2.908229366666666849e+01
1.330215350000000001e+02 3.290079300000000018e+01 -2.419527700000000081e+01
1.316344550000000027e+02 3.274967200000000389e+01 -7.010209766666666553e+01
1.376749090000000137e+02 3.587327799999999911e+01 -8.184235533333333024e+01
1.348550986666666631e+02 3.451989966666666731e+01 -5.365669600000000372e+01
1.373322903333333045e+02 3.533704833333333539e+01 -4.444176233333333670e+01
1.358573153333333323e+02 3.380316333333333034e+01 -2.304367899999999736e+01
1.378768466666666654e+02 3.481538766666666618e+01 -1.448277366666666666e+01
1.301642779999999959e+02 3.026132933333333241e+01 -7.194613066666666157e+01
1.384052276666666614e+02 3.501844499999999982e+01 -7.775728000000000861e+00
1.313645546666666633e+02 3.064120133333333840e+01 -2.604590100000000064e+01
1.333187749999999880e+02 3.162367833333333067e+01 -8.123528999999999556e+00
1.378998026666666590e+02 3.555162066666667187e+01 -4.685899766666667432e+01
1.369335959999999943e+02 3.408638433333333495e+01 -2.079460233333333363e+01
1.339509746666666672e+02 3.260426966666667425e+01 -1.182004199999999905e+01
1.331175553333333426e+02 3.449245499999999964e+01 -7.596292300000000353e+01
1.376697959999999910e+02 3.480916666666666970e+01 -1.900825033333333280e+01
1.308078230000000133e+02 3.153968666666666820e+01 -9.014149666666666860e+01
1.327765316666666422e+02 3.266067133333333317e+01 -2.339463433333333242e+01
1.359928400000000011e+02 3.378367933333333184e+01 -2.155504566666666832e+01
1.349594846666666683e+02 3.381514299999999906e+01 -2.556958333333333755e+01
1.326502966666666623e+02 3.319899433333333150e+01 -3.912292566666666715e+01
1.342440670000000011e+02 3.471864300000000014e+01 -7.051721433333334232e+01
1.325815933333333305e+02 3.176830133333333706e+01 -1.487769500000000100e+01
1.367835766666666757e+02 3.446834433333333436e+01 -3.308585200000000270e+01
1.322957209999999861e+02 3.334084899999999863e+01 -5.463307033333333607e+01
1.340541643333333468e+02 3.427278366666666187e+01 -4.530792866666666185e+01
1.339392943333333506e+02 3.252605600000000408e+01 -1.122016033333333240e+01
1.368532669999999882e+02 3.493854766666666478e+01 -4.432813500000000317e+01
1.319006993333333355e+02 3.332521100000000303e+01 -7.610073633333333021e+01
1.326433780000000127e+02 3.171988633333333496e+01 -1.371519033333333226e+01
1.347557116666666843e+02 3.336501799999999918e+01 -1.642022633333333204e+01
1.337774443333333068e+02 3.434498966666667030e+01 -5.356181200000000331e+01
1.334051406666666821e+02 3.172884866666666426e+01 -8.378614000000000672e+00
1.373784419999999784e+02 3.353738633333333752e+01 -8.401066333333332636e+00
1.332804423333333261e+02 3.416827933333333789e+01 -5.621398400000000350e+01
1.375892096666666760e+02 3.383005933333333815e+01 -9.562683999999999074e+00
1.335249253333333286e+02 3.206834166666666874e+01 -1.019522599999999990e+01
1.360196356666666588e+02 3.349994099999999975e+01 -1.433183733333333265e+01
1.324339746666666713e+02 3.119446999999999903e+01 -1.197581199999999946e+01
1.344293963333333295e+02 3.397287233333333489e+01 -3.186786566666667042e+01
1.386488559999999950e+02 3.620274133333333566e+01 -8.169611033333332273e+01
1.363490303333333316e+02 3.327032733333333425e+01 -9.601415000000001143e+00
1.310697603333333348e+02 3.201808133333333473e+01 -8.868734033333333855e+01
1.346617629999999792e+02 3.498932966666666999e+01 -8.640510433333334106e+01
1.336683506666666688e+02 3.256592466666666752e+01 -1.348717366666666528e+01
1.347003573333333293e+02 3.393398633333333692e+01 -3.001496700000000217e+01
1.329262966666666443e+02 3.124556866666666721e+01 -8.148135333333332397e+00
1.336799949999999910e+02 3.264394300000000015e+01 -1.411852966666666731e+01
1.378088476666666509e+02 3.590467799999999698e+01 -8.211824266666667427e+01
1.377516430000000014e+02 3.541851233333333226e+01 -4.108438766666666453e+01
1.352589086666666560e+02 3.348982033333333419e+01 -1.660905033333333236e+01
1.319770713333333561e+02 3.298346000000000089e+01 -5.643741166666666231e+01
1.309708886666666672e+02 3.067102533333333270e+01 -3.839352299999999474e+01
1.344386073333333513e+02 3.449101566666666230e+01 -5.378210133333333687e+01
1.333888343333333353e+02 3.471195499999999612e+01 -8.450728133333332437e+01
1.363939273333333233e+02 3.513596833333333080e+01 -6.802468566666665595e+01
1.355864026666666575e+02 3.384259433333333078e+01 -2.525767733333333354e+01
1.333864360000000033e+02 3.452206999999999937e+01 -7.231950733333333403e+01
1.351798063333333459e+02 3.390250400000000042e+01 -2.755308199999999985e+01
1.355142716666666729e+02 3.477504066666666915e+01 -6.557427599999999757e+01
1.373698333333333323e+02 3.513534433333333595e+01 -3.539470200000000233e+01
1.309001286666666601e+02 3.105826533333333472e+01 -5.561134633333332999e+01
1.341241469999999936e+02 3.377734933333332634e+01 -2.764819100000000063e+01
1.341097363333333305e+02 3.274102566666667258e+01 -1.208354266666666632e+01
1.374414266666666720e+02 3.368107299999999782e+01 -9.316880333333335429e+00
1.334528753333333100e+02 3.441263233333333460e+01 -6.451564566666667133e+01
1.380419763333333378e+02 3.575683933333333187e+01 -5.989439933333333244e+01
1.318295876666666402e+02 3.236466700000000429e+01 -4.538005966666666069e+01
1.373191359999999861e+02 3.591089033333333447e+01 -8.630289633333332233e+01
1.365817639999999926e+02 3.328372133333333949e+01 -8.998433000000000348e+00
1.326923369999999807e+02 3.255358499999999822e+01 -2.286371899999999968e+01
1.361578120000000069e+02 3.444173833333334045e+01 -4.742460366666666260e+01
1.382824843333333149e+02 3.485297599999999818e+01 -7.611052000000000817e+00
1.365175196666666579e+02 3.354754766666666654e+01 -1.269673533333333459e+01
1.337086773333333269e+02 3.192011266666666458e+01 -8.205139000000000848e+00
1.356219569999999806e+02 3.311470233333333368e+01 -1.016028666666666602e+01
1.327684950000000015e+02 3.430563866666667394e+01 -7.282145300000000532e+01
1.310251376666666658e+02 3.149658066666667011e+01 -6.602861599999999953e+01
1.326615533333333303e+02 3.401046833333332842e+01 -6.255416433333332549e+01
1.332524823333333188e+02 3.393595933333333647e+01 -4.806167899999999804e+01
1.341017769999999985e+02 3.222068933333333263e+01 -8.098283333333332834e+00
1.316566656666666688e+02 3.197481200000000001e+01 -4.346389033333333174e+01
1.330117216666666593e+02 3.143737166666666738e+01 -8.620616000000000057e+00
1.365490426666666792e+02 3.562695066666666577e+01 -8.787688833333334060e+01
1.353988766666666663e+02 3.494968599999999270e+01 -7.490217499999999973e+01
1.323633286666666606e+02 3.345389833333333485e+01 -5.569940266666666417e+01
1.318350340000000358e+02 3.312975766666666289e+01 -7.138351300000000776e+01
1.311657833333333372e+02 3.061718999999999724e+01 -3.059686266666666654e+01
1.365621216666666840e+02 3.526649366666666197e+01 -6.763277733333335107e+01
1.325597403333333375e+02 3.418760000000000332e+01 -7.246163566666666611e+01
1.331929273333333299e+02 3.355121266666666457e+01 -3.740521466666666583e+01
1.332373686666666686e+02 3.247086066666667392e+01 -1.605531866666666474e+01
1.339082243333333224e+02 3.324907566666666980e+01 -1.926322933333333509e+01
1.333021533333333366e+02 3.381223200000000162e+01 -4.290256433333333774e+01
1.323782309999999995e+02 3.227707533333333600e+01 -2.415450366666666682e+01
1.358208550000000230e+02 3.521523866666666436e+01 -8.461069533333333936e+01
1.332215180000000032e+02 3.144015200000000121e+01 -7.579785999999999468e+00
1.358957423333333452e+02 3.500913233333333352e+01 -7.271231233333332966e+01
1.370386116666666680e+02 3.383656366666667026e+01 -1.468753099999999989e+01
1.348643196666666597e+02 3.481222400000000050e+01 -7.131761766666666347e+01
1.319844599999999843e+02 3.144973033333333490e+01 -2.204255633333333364e+01
1.356395149999999887e+02 3.467863600000000446e+01 -6.141440000000000055e+01
1.350275456666666685e+02 3.428652433333333249e+01 -4.213883700000000232e+01
1.346626156666666532e+02 3.478959666666666095e+01 -7.155485066666666683e+01
1.385705396666666616e+02 3.623061233333333320e+01 -8.618083566666666684e+01
1.334587726666666470e+02 3.255708133333333620e+01 -1.510119533333333486e+01
1.312014963333333242e+02 3.202502166666666739e+01 -7.673568466666665699e+01
1.314846606666666560e+02 3.131967600000000118e+01 -3.377278833333333097e+01
1.366987263333333260e+02 3.436055499999999796e+01 -3.181504433333333282e+01
1.356878189999999904e+02 3.498835566666667063e+01 -7.404184933333333163e+01
1.319743729999999857e+02 3.320950199999999342e+01 -6.552959066666666388e+01
1.342230213333333211e+02 3.501149866666666099e+01 -9.434493233333331830e+01
1.327463549999999941e+02 3.294429300000000183e+01 -2.976205366666666308e+01
1.336490226666666388e+02 3.336594799999999594e+01 -2.413654933333333474e+01
1.327331646666666813e+02 3.234722966666666366e+01 -1.939656633333333247e+01
1.362992483333333382e+02 3.397862566666666595e+01 -2.523312500000000114e+01
1.309028693333333138e+02 3.063192266666666796e+01 -4.019558699999999618e+01
1.380856789999999990e+02 3.527816400000000385e+01 -2.249270233333333024e+01
1.362765896666666947e+02 3.382272466666666588e+01 -2.039882166666666663e+01
1.316083919999999807e+02 3.078042433333333250e+01 -2.277856933333333345e+01
1.357912749999999846e+02 3.429419800000000151e+01 -4.476514466666666436e+01
1.309472070000000201e+02 3.161715166666666832e+01 -7.962665233333332537e+01
1.346514636666666718e+02 3.459338999999999942e+01 -5.876132566666666435e+01
1.313565056666666635e+02 3.025427966666666535e+01 -2.081198600000000098e+01
1.344661339999999825e+02 3.280887799999999999e+01 -1.081575500000000112e+01
1.385109520000000032e+02 3.532746300000000161e+01 -1.480066599999999966e+01
1.384347026666666522e+02 3.580520633333333080e+01 -4.982122999999999280e+01
1.305536606666666728e+02 3.119851633333333041e+01 -9.757940499999999417e+01
1.352257243333333463e+02 3.325366766666666507e+01 -1.281886466666666813e+01
1.331917829999999867e+02 3.215944666666666762e+01 -1.315085499999999996e+01
1.384329656666666608e+02 3.592897500000000122e+01 -6.158316066666666444e+01
1.385060799999999972e+02 3.548616499999999974e+01 -2.302890433333333320e+01
1.316285736666666537e+02 3.049124933333333232e+01 -1.855986133333333399e+01
1.309766219999999919e+02 3.075433099999999698e+01 -4.040880699999999592e+01
1.339860139999999831e+02 3.283874700000000502e+01 -1.379385533333333314e+01
1.329187473333333571e+02 3.430218500000000148e+01 -6.930647900000001016e+01
1.371100196666666591e+02 3.590595566666666372e+01 -8.619225266666667551e+01
1.372434056666666891e+02 3.593497566666666643e+01 -8.843226599999998427e+01
1.323228986666666458e+02 3.188425933333333262e+01 -1.992233399999999577e+01
1.370785026666666511e+02 3.458313466666666613e+01 -2.880358966666666376e+01
1.328284339999999872e+02 3.253289433333333136e+01 -2.073331766666666809e+01
1.342084703333333380e+02 3.388549866666667043e+01 -3.002842033333333305e+01
1.322591763333333290e+02 3.321707033333333925e+01 -5.197415066666666661e+01
1.360780966666666529e+02 3.389137933333333308e+01 -2.452222366666666531e+01
1.343440570000000207e+02 3.246865433333332618e+01 -8.616654000000000480e+00
1.378860689999999920e+02 3.489628133333332727e+01 -1.561999099999999885e+01
1.359249256666666668e+02 3.331194400000000400e+01 -1.168221266666666658e+01
1.314929549999999665e+02 3.096793999999999869e+01 -2.782768033333333335e+01
1.350922083333333319e+02 3.283668099999999868e+01 -8.838678999999999064e+00
1.325461076666666713e+02 3.249476099999999690e+01 -2.432242433333333054e+01
1.371841670000000022e+02 3.528383566666666837e+01 -4.520812066666666595e+01
1.358422086666666644e+02 3.320423566666666915e+01 -1.058686366666666778e+01
1.313625930000000039e+02 3.107115666666666698e+01 -3.301082299999999492e+01
1.326510536666666837e+02 3.364352299999999474e+01 -5.243523833333333073e+01
1.368250449999999887e+02 3.302172366666666647e+01 -6.606919999999999682e+00
1.360837329999999668e+02 3.278726566666666997e+01 -6.710125999999999813e+00
1.384448079999999948e+02 3.521298466666667082e+01 -1.163519966666666683e+01
1.339240703333333613e+02 3.288763199999999642e+01 -1.470662266666666618e+01
1.370157063333333269e+02 3.358509799999999501e+01 -1.092208500000000093e+01
1.369178520000000105e+02 3.349505500000000069e+01 -1.022451566666666700e+01
1.314513910000000010e+02 3.116906566666666833e+01 -3.205177499999999924e+01
1.339744180000000142e+02 3.465220199999999551e+01 -6.929225166666667235e+01
1.343651210000000162e+02 3.306283999999999423e+01 -1.399646166666666680e+01
1.328502896666666402e+02 3.268907800000000208e+01 -2.284726366666666308e+01
1.346888383333333365e+02 3.385529833333333727e+01 -2.777249866666666733e+01
1.313972286666666776e+02 3.199826233333332937e+01 -6.022279266666667041e+01
1.352868006666666645e+02 3.276307033333333152e+01 -7.932995333333333399e+00
1.348570756666666739e+02 3.311048199999999753e+01 -1.229779666666666493e+01
1.358760616666666579e+02 3.440270133333333291e+01 -4.946972333333334149e+01
1.355826763333333247e+02 3.428381733333333159e+01 -4.401553000000000537e+01
1.315167553333333217e+02 3.191001199999999827e+01 -4.908777366666667064e+01
1.317365673333333405e+02 3.164249066666666366e+01 -3.154536299999999827e+01
1.347148523333333685e+02 3.261126933333333255e+01 -8.216252666666667537e+00
1.379431703333333417e+02 3.593081866666666713e+01 -8.039068999999999221e+01
1.353154016666666450e+02 3.388237399999999866e+01 -2.674654033333333203e+01
1.306748570000000029e+02 3.130834099999999864e+01 -9.080527233333333470e+01
1.342410733333333326e+02 3.316076899999999483e+01 -1.585592899999999794e+01
1.363446566666666513e+02 3.313664733333333601e+01 -8.334664666666666832e+00
1.372775860000000137e+02 3.406505466666666848e+01 -1.578781299999999987e+01
1.337692093333333503e+02 3.462759566666667155e+01 -7.122623699999999758e+01
1.360618253333333314e+02 3.425463733333333494e+01 -4.049710500000000479e+01
1.376226799999999741e+02 3.449737366666666816e+01 -1.554210599999999864e+01
1.360548443333333353e+02 3.373480299999999943e+01 -1.964246466666666890e+01
1.357595326666666722e+02 3.309471800000000030e+01 -9.641765000000001251e+00
1.307720339999999908e+02 3.063304333333333318e+01 -4.668328199999999839e+01
1.343328489999999817e+02 3.378704233333333917e+01 -2.697978100000000268e+01
1.304212573333333296e+02 3.026307599999999809e+01 -5.225386466666666507e+01
1.386172773333333055e+02 3.541176800000000213e+01 -1.726217800000000224e+01
1.314672866666666380e+02 3.082018833333333419e+01 -2.632530300000000167e+01
1.311027803333333566e+02 3.066252733333333325e+01 -3.337543933333333257e+01
1.354121026666666694e+02 3.310415599999999614e+01 -1.051298266666666592e+01
1.354715656666666348e+02 3.515335366666666772e+01 -8.617882699999999829e+01
1.368840879999999913e+02 3.421320000000000050e+01 -2.442560433333333592e+01
1.329190343333333431e+02 3.416958533333333747e+01 -6.322012366666666594e+01
1.354354513333333330e+02 3.422445866666666348e+01 -4.059196566666666683e+01
1.344655629999999746e+02 3.420774366666666566e+01 -3.993980499999999978e+01
1.352007686666666757e+02 3.449640666666666533e+01 -5.208026366666666718e+01
1.378868489999999838e+02 3.399306133333333690e+01 -8.438583666666666261e+00
1.328065156666666837e+02 3.437316966666666929e+01 -7.572601600000000133e+01
1.383516946666666456e+02 3.451245366666666570e+01 -5.901676666666666904e+00
1.330092516666666427e+02 3.326007533333333299e+01 -3.278465066666666416e+01
1.321582776666666632e+02 3.218756633333333639e+01 -2.810335800000000006e+01
1.321732700000000023e+02 3.278229166666666572e+01 -4.114825133333333440e+01
1.366564473333333467e+02 3.329389333333333667e+01 -8.876302666666667562e+00
1.374368760000000123e+02 3.464672066666667405e+01 -2.151022299999999987e+01
1.310210383333333368e+02 3.125631800000000382e+01 -5.527027266666666350e+01
1.383457826666666506e+02 3.580418699999999887e+01 -5.260947799999999575e+01
1.323959473333333392e+02 3.191414533333333381e+01 -1.902877866666666762e+01
1.316288556666666523e+02 3.308553866666666465e+01 -8.706925499999999829e+01
1.388590349999999773e+02 3.514812633333333025e+01 -7.084269666666666687e+00
1.365192683333333434e+02 3.406526966666666567e+01 -2.536860366666666877e+01
1.354156283333333306e+02 3.271686866666667015e+01 -7.458514000000000976e+00
1.335987873333333198e+02 3.349258133333333376e+01 -2.767680766666666514e+01
1.369202350000000195e+02 3.581995266666666566e+01 -8.268081700000000467e+01
1.358068986666666831e+02 3.393067400000000333e+01 -2.802468666666666763e+01
1.378078856666666354e+02 3.398864100000000121e+01 -9.021138000000000545e+00
1.310777163333333419e+02 3.177899299999999982e+01 -7.566607733333333385e+01
1.368850293333333354e+02 3.342545366666666240e+01 -9.518233333333334656e+00
1.347695613333333142e+02 3.441054766666667319e+01 -4.823879433333333822e+01
1.366873903333333544e+02 3.428178366666666221e+01 -2.962095999999999663e+01
1.360730526666666549e+02 3.292442233333333235e+01 -7.494262333333334247e+00
1.378763026666666747e+02 3.411875833333333219e+01 -9.249887333333333572e+00
1.335176883333333251e+02 3.475024233333333967e+01 -8.472986266666666211e+01
1.366205183333333366e+02 3.477500833333333219e+01 -4.714657533333332395e+01
1.337652933333333465e+02 3.275110133333333096e+01 -1.448124933333333253e+01
1.352079566666666608e+02 3.361784966666667174e+01 -1.952291666666667069e+01
1.344959366666666654e+02 3.348307866666667110e+01 -1.970003099999999918e+01
1.314134430000000009e+02 3.246323266666666996e+01 -7.736822133333333795e+01
1.319729473333333374e+02 3.276369833333333048e+01 -4.923658433333333306e+01
1.315917070000000137e+02 3.114454266666666626e+01 -2.787706599999999924e+01
1.384940516666666497e+02 3.443907366666666547e+01 -5.527333666666667256e+00
1.339161573333333308e+02 3.193309366666666449e+01 -7.376913333333333433e+00
1.335675033333333488e+02 3.281977266666666537e+01 -1.683746700000000018e+01
1.341853483333333372e+02 3.232991066666667024e+01 -8.390920333333333758e+00
1.343670909999999878e+02 3.402170633333333427e+01 -3.353458966666666896e+01
1.358520660000000078e+02 3.328233733333333078e+01 -1.152829266666666719e+01
1.372104313333333323e+02 3.500113400000000041e+01 -3.523376866666666984e+01
1.318906003333333388e+02 3.049981300000000317e+01 -1.390408566666666701e+01
1.316183966666666549e+02 3.129970333333333699e+01 -2.937379033333333211e+01
1.388200766666666652e+02 3.548209266666666650e+01 -1.911498599999999826e+01
1.355129513333333477e+02 3.381330266666666517e+01 -2.434420400000000129e+01
1.316945320000000095e+02 3.037688799999999745e+01 -1.592996533333333353e+01
1.316877700000000004e+02 3.013948833333333255e+01 -1.352473666666666396e+01
1.334472173333333274e+02 3.247915566666666365e+01 -1.443199599999999982e+01
1.322609793333333243e+02 3.193301266666666649e+01 -2.171919899999999970e+01
1.368045736666666699e+02 3.542193600000000231e+01 -6.360085033333333371e+01
1.325820163333333142e+02 3.425902599999999865e+01 -7.554664999999999964e+01
1.382088809999999910e+02 3.466384333333333245e+01 -7.676427000000000334e+00
1.315987523333333229e+02 3.166037599999999941e+01 -3.719942900000000208e+01
1.371109519999999975e+02 3.525762933333333393e+01 -4.609877499999999628e+01
1.371112540000000024e+02 3.344915866666666915e+01 -8.881871333333334562e+00
1.383494533333333436e+02 3.474143066666666613e+01 -6.203855333333333277e+00
1.365702060000000131e+02 3.490443633333333651e+01 -5.311289933333333124e+01
1.325616553333333343e+02 3.058849833333333024e+01 -7.170831333333333113e+00
1.358415713333333485e+02 3.416631566666666942e+01 -3.841020466666666522e+01
1.372806543333333309e+02 3.545612999999999460e+01 -5.131856200000000712e+01
1.376554346666666504e+02 3.397933100000000195e+01 -1.026931333333333463e+01
1.342704373333333479e+02 3.243878466666666327e+01 -8.734783999999999438e+00
1.338217873333333330e+02 3.409311966666667360e+01 -4.106996466666666379e+01
1.320988963333333288e+02 3.360285700000000020e+01 -7.344178699999999083e+01
1.336995799999999974e+02 3.484869666666666177e+01 -8.882529800000001785e+01
1.328095543333333524e+02 3.289435599999999482e+01 -2.741251233333333559e+01
1.336653466666666930e+02 3.396156500000000023e+01 -3.943558566666666820e+01
1.325349943333333442e+02 3.096012433333333647e+01 -9.370874333333333084e+00
1.333641183333333231e+02 3.458864300000000469e+01 -7.690953999999999269e+01
1.311435083333333296e+02 3.098198733333333621e+01 -3.910986833333333124e+01
1.356019906666666657e+02 3.519987000000000421e+01 -8.712648333333333994e+01
1.366481669999999724e+02 3.448874899999999855e+01 -3.708161166666666730e+01
1.316969489999999894e+02 3.320539000000000129e+01 -8.780210933333331980e+01
1.348924240000000054e+02 3.430893133333333367e+01 -4.324896300000000338e+01
1.311552916666666704e+02 3.037661033333333194e+01 -2.685445233333333093e+01
1.320456806666666694e+02 3.088275799999999904e+01 -1.529185400000000072e+01
1.341211653333333231e+02 3.462411733333333785e+01 -6.513352666666666835e+01
1.314862053333333449e+02 3.258446733333332901e+01 -7.584104133333333664e+01
1.332695750000000032e+02 3.175046799999999791e+01 -9.163148666666666387e+00
1.320533213333333435e+02 3.192233899999999736e+01 -2.654689999999999728e+01
1.359539716666666607e+02 3.398949566666667010e+01 -2.952315966666666824e+01
1.345271810000000130e+02 3.232579700000000145e+01 -7.111879666666666822e+00
1.371288370000000043e+02 3.445549466666666660e+01 -2.507191400000000314e+01
1.337085639999999955e+02 3.436289199999999511e+01 -5.599808766666666315e+01
1.331703676666666638e+02 3.295764399999999483e+01 -2.315057600000000093e+01
1.341709570000000156e+02 3.495300566666666242e+01 -9.014357666666666091e+01
1.320311399999999935e+02 3.372010099999999966e+01 -8.316538866666667218e+01
1.345282023333333257e+02 3.275982700000000136e+01 -1.008435866666666669e+01
1.381691586666666751e+02 3.613991000000000753e+01 -9.134400666666665813e+01
1.322557296666666673e+02 3.141395433333333287e+01 -1.631277266666666392e+01
1.345650733333333449e+02 3.395349733333333120e+01 -3.098118000000000549e+01
1.325135473333333209e+02 3.225835666666666413e+01 -2.136953866666666713e+01
1.352147149999999840e+02 3.317513333333332781e+01 -1.182867633333333401e+01
1.327823979999999722e+02 3.109427633333332963e+01 -8.300758666666666841e+00
1.350447146666666640e+02 3.473330033333332523e+01 -6.501128066666666427e+01
1.382147473333333210e+02 3.443339399999999983e+01 -7.203725333333333758e+00
1.343100146666666603e+02 3.363023533333333859e+01 -2.339231366666666645e+01
1.362477403333333257e+02 3.507154466666666082e+01 -6.926163033333334340e+01
1.352888719999999978e+02 3.460101499999999675e+01 -5.735219200000000228e+01
1.384698273333333418e+02 3.555628066666667308e+01 -2.834404433333333273e+01
1.372635893333333286e+02 3.557909333333333279e+01 -5.901368233333332824e+01
1.350950066666666771e+02 3.379495500000000163e+01 -2.449815333333333456e+01
1.324136389999999892e+02 3.312669466666667262e+01 -4.359667033333332853e+01
1.367174733333333450e+02 3.496142533333333091e+01 -4.980996799999999780e+01
1.324761636666666789e+02 3.150301500000000132e+01 -1.379438500000000012e+01
1.327118516666666608e+02 3.086496566666666652e+01 -7.627331333333333241e+00
1.346629533333333484e+02 3.230700066666666714e+01 -6.687185000000000379e+00
1.344044600000000003e+02 3.425549633333333333e+01 -4.209194366666667264e+01
1.385008609999999862e+02 3.561767100000000141e+01 -3.215693100000000015e+01
1.358343230000000119e+02 3.513587033333333665e+01 -7.972131333333334169e+01
1.349693526666666514e+02 3.293436899999999667e+01 -1.000847566666666566e+01
1.364842123333333177e+02 3.523699299999999113e+01 -6.944075100000002010e+01
1.334539776666666739e+02 3.160245366666666555e+01 -7.477122666666666362e+00
1.371568946666666591e+02 3.338143033333333420e+01 -8.076302666666665075e+00
1.363618459999999857e+02 3.392910733333333440e+01 -2.283370633333333544e+01
1.320316433333333350e+02 3.379991533333333109e+01 -8.628059933333332765e+01
1.347987930000000176e+02 3.271901900000000296e+01 -8.726308000000001286e+00
1.336334410000000048e+02 3.372676533333333992e+01 -3.296768333333333345e+01
1.367675890000000152e+02 3.483219799999999822e+01 -4.405720933333333278e+01
1.361549300000000073e+02 3.348010366666667181e+01 -1.331080733333333477e+01
1.323795893333333140e+02 3.038357799999999997e+01 -7.383668666666665992e+00
1.322752116666666495e+02 3.253098899999999816e+01 -3.132844199999999901e+01
1.374269023333333450e+02 3.381501933333333199e+01 -1.079739666666666587e+01
1.342065843333333248e+02 3.292642933333333843e+01 -1.335586366666666613e+01
1.382098569999999711e+02 3.451073733333333138e+01 -7.354181333333333903e+00
1.321767553333333183e+02 3.063715533333333596e+01 -1.088742033333333303e+01
1.386967243333333215e+02 3.596475000000000222e+01 -5.836516633333334170e+01
1.352431826666666836e+02 3.289069033333333181e+01 -8.926917666666666307e+00
1.315602530000000172e+02 3.052330399999999599e+01 -2.031519600000000025e+01
1.383686820000000068e+02 3.567323233333333832e+01 -4.015207533333333600e+01
1.325290436666666665e+02 3.137639733333332970e+01 -1.217336733333333321e+01
1.335827513333333343e+02 3.385390000000000299e+01 -3.775721833333333421e+01
1.321815293333333159e+02 3.286205900000000213e+01 -4.322923866666667436e+01
1.341904286666666906e+02 3.459797900000000226e+01 -6.251412466666666745e+01
1.357717363333333367e+02 3.537259966666666600e+01 -9.668221433333332016e+01
1.320658700000000181e+02 3.251774599999999538e+01 -3.824146433333333306e+01
1.325873446666666666e+02 3.369662699999999944e+01 -5.551348300000000080e+01
1.308398233333333280e+02 3.067488433333333475e+01 -4.457237533333333346e+01
1.350386623333333489e+02 3.340279733333333212e+01 -1.581997133333333316e+01
1.332446369999999831e+02 3.298633866666666137e+01 -2.264668599999999898e+01
1.354281253333333268e+02 3.370550933333333177e+01 -2.120377533333333631e+01
1.368568473333333486e+02 3.554403633333333801e+01 -6.724429600000000562e+01
1.348337279999999794e+02 3.295420166666666972e+01 -1.066287999999999947e+01
1.387335383333333425e+02 3.609280166666666645e+01 -6.968773199999999690e+01
1.317128059999999721e+02 3.271936300000000131e+01 -6.314077533333334458e+01
1.328613463333333300e+02 3.276694133333333525e+01 -2.403617766666666355e+01
1.331135133333333158e+02 3.396310833333333079e+01 -5.195406133333332832e+01
1.338754000000000133e+02 3.396994566666666771e+01 -3.575609533333332735e+01
1.368874260000000049e+02 3.329627766666666844e+01 -8.228769666666666538e+00
1.333896423333333132e+02 3.208928033333333474e+01 -1.118426233333333109e+01
1.372495006666666768e+02 3.479580233333333439e+01 -2.905041966666666653e+01
1.343442203333333396e+02 3.386537033333333824e+01 -2.899478866666666477e+01
1.344156710000000032e+02 3.293581433333333308e+01 -1.232584233333333223e+01
1.350647239999999840e+02 3.451982466666666483e+01 -5.318678966666666241e+01
1.308983453333333102e+02 3.054834433333333266e+01 -3.807711599999999663e+01
1.329312626666666404e+02 3.132393366666666523e+01 -8.501581999999999084e+00
1.325485789999999895e+02 3.102805933333333144e+01 -9.667955333333333456e+00
1.331571523333333289e+02 3.331742299999999801e+01 -3.142889433333333571e+01
1.322355036666666592e+02 3.273622399999999999e+01 -3.760958533333333520e+01
1.322227716666666595e+02 3.013264433333333159e+01 -7.546507333333333456e+00
1.348914846666666847e+02 3.334493533333333204e+01 -1.547290133333333451e+01
1.361803083333333291e+02 3.459978600000000171e+01 -5.340558133333333757e+01
1.331862973333333287e+02 3.259786900000000287e+01 -1.792680266666666355e+01
1.374991890000000012e+02 3.459692000000000434e+01 -1.932466599999999701e+01
1.320454459999999983e+02 3.287123333333334330e+01 -4.921971599999999825e+01
1.314125919999999894e+02 3.238417933333332854e+01 -7.434104866666666567e+01
1.322711709999999812e+02 3.018317566666667062e+01 -7.377190333333333960e+00
1.355186500000000080e+02 3.337065966666666128e+01 -1.375489100000000064e+01
1.332193559999999763e+02 3.187714699999999723e+01 -1.039715999999999951e+01
1.304703003333333129e+02 3.014018766666666593e+01 -4.481656666666666666e+01
1.353611356666666836e+02 3.323298100000000233e+01 -1.215665066666666938e+01
1.307536649999999838e+02 3.030170633333333186e+01 -3.719549733333333563e+01
1.355015343333333533e+02 3.373479433333333333e+01 -2.191109733333333054e+01
1.354855550000000051e+02 3.409740099999999785e+01 -3.521775166666666479e+01
1.349427460000000281e+02 3.417952033333333617e+01 -3.779274199999999695e+01
1.387032436666666797e+02 3.527633800000000264e+01 -1.099959433333333436e+01
1.369802766666666685e+02 3.558446866666667319e+01 -6.480545399999999745e+01
1.314823509999999942e+02 3.250455066666666681e+01 -7.312918499999999256e+01
1.311581653333333293e+02 3.166554899999999861e+01 -6.326830733333333256e+01
1.344295433333333278e+02 3.503548366666666425e+01 -9.335459866666667494e+01
1.326816316666666751e+02 3.247499966666666893e+01 -2.181742833333333564e+01
1.346786746666666943e+02 3.238068433333333473e+01 -6.984529999999999461e+00
1.312971929999999929e+02 3.175556800000000024e+01 -5.710244033333333391e+01
1.318493170000000134e+02 3.146773533333333361e+01 -2.549794066666666836e+01
1.321520456666666803e+02 3.048694733333333318e+01 -1.001090466666666678e+01
1.384487169999999878e+02 3.543545933333333409e+01 -2.114998633333333089e+01
1.325421396666666567e+02 3.197394133333333244e+01 -1.750601366666666436e+01
1.328469063333333224e+02 3.312637533333332840e+01 -3.243116666666666248e+01
1.339544733333333113e+02 3.356145066666667276e+01 -2.423622299999999896e+01
1.378412853333333317e+02 3.423541800000000279e+01 -1.028741466666666504e+01
1.326909420000000068e+02 3.445023733333332672e+01 -8.460572999999999411e+01
1.362352896666666595e+02 3.526818666666666502e+01 -7.946935133333333567e+01
1.374618539999999882e+02 3.436267033333333387e+01 -1.688895833333333485e+01
1.303718410000000176e+02 3.085707766666666885e+01 -9.300324200000000019e+01
1.351382896666666795e+02 3.271045766666666310e+01 -7.860759999999999970e+00
1.324688546666666582e+02 3.299316566666666262e+01 -3.776665333333333052e+01
1.319168353333333243e+02 3.097566800000000242e+01 -1.879651433333333443e+01
1.316233210000000042e+02 3.017901100000000270e+01 -1.495860833333333595e+01
1.378630656666666425e+02 3.518400766666666613e+01 -2.475812733333333426e+01
1.313542419999999993e+02 3.134094233333333435e+01 -3.923108833333333223e+01
1.345856479999999920e+02 3.315031499999999909e+01 -1.399165266666666696e+01
1.338308746666666593e+02 3.416225499999999471e+01 -4.369522866666667227e+01
1.370647699999999816e+02 3.538992666666666764e+01 -5.262179100000000176e+01
1.331449659999999824e+02 3.323955633333333282e+01 -2.960996533333333502e+01
1.320010599999999954e+02 3.108662733333333605e+01 -1.823955700000000135e+01
1.331321023333333358e+02 3.403230233333332677e+01 -5.396574366666666833e+01
1.328465373333333446e+02 3.217087099999999822e+01 -1.609544066666666495e+01
1.334176216666666903e+02 3.415733800000000286e+01 -5.268864133333332944e+01
1.382291633333333323e+02 3.419786500000000018e+01 -6.687695000000000611e+00
1.343765776666666625e+02 3.314096866666666585e+01 -1.489136266666666586e+01
1.386313869999999895e+02 3.527664233333333499e+01 -1.152079033333333236e+01
1.327657356666666431e+02 3.258245000000000147e+01 -2.227117766666667009e+01
1.308807536666666635e+02 3.014001266666666723e+01 -2.980337333333333660e+01
1.328256039999999985e+02 3.341005666666666940e+01 -4.128740799999999922e+01
1.320858479999999986e+02 3.119666966666666852e+01 -1.758101433333333219e+01
1.334986716666666666e+02 3.374567533333333103e+01 -3.637667866666666328e+01
1.336701520000000016e+02 3.471694400000000513e+01 -7.949994133333332513e+01
1.318908326666666824e+02 3.025841300000000089e+01 -1.163713733333333344e+01
1.300997976666666602e+02 3.029951533333333558e+01 -8.069880933333332962e+01
1.315583153333333257e+02 3.013952266666666802e+01 -1.564344466666666733e+01
1.341561256666666679e+02 3.305340866666666244e+01 -1.504168366666666579e+01
1.330725403333333077e+02 3.277401466666666607e+01 -2.142277900000000201e+01
1.354471846666666579e+02 3.482413533333333078e+01 -6.807811999999999841e+01
1.324151913333333539e+02 3.333185633333333442e+01 -5.012474433333333224e+01
1.315579746666666381e+02 3.091362433333333115e+01 -2.559829966666666579e+01
1.370034026666666875e+02 3.336932600000000093e+01 -8.522503000000000384e+00
1.322046846666666795e+02 3.154034633333333204e+01 -1.835205666666666602e+01
1.384916703333333317e+02 3.451678100000000171e+01 -5.180036333333333687e+00
1.348501596666666558e+02 3.259119966666666102e+01 -7.718023999999999774e+00
1.312656009999999753e+02 3.199174133333333359e+01 -6.982831000000000188e+01
1.354830833333333260e+02 3.453868899999999798e+01 -5.508528833333333097e+01
1.308816803333333496e+02 3.149896966666666742e+01 -7.967792833333334102e+01
1.318256639999999891e+02 3.029852666666666394e+01 -1.292869300000000088e+01
1.320191350000000057e+02 3.168572333333333191e+01 -2.392557299999999998e+01
1.321038493333333292e+02 3.179457999999999984e+01 -2.332232000000000127e+01
1.351518673333333425e+02 3.278930066666666931e+01 -8.356385333333333776e+00
1.321541303333333133e+02 3.166725433333333228e+01 -2.064319500000000218e+01
1.322893106666666654e+02 3.164861066666666645e+01 -1.789499599999999901e+01
1.320924100000000010e+02 3.171587200000000095e+01 -2.256815566666666584e+01
1.337149323333333371e+02 3.287805800000000289e+01 -1.618311166666666523e+01
1.350611436666666805e+02 3.355959599999999909e+01 -1.877163433333333487e+01
1.339894286666666687e+02 3.239865066666666849e+01 -9.891322999999999865e+00
1.325907153333333213e+02 3.091093066666666900e+01 -8.635690666666667070e+00
1.368687083333333305e+02 3.457553333333333256e+01 -3.387259566666666188e+01
1.315784356666666781e+02 3.150600599999999929e+01 -3.433915733333333264e+01
1.377174566666666635e+02 3.600223100000000187e+01 -9.350021433333334642e+01
1.310292513333333488e+02 3.054395399999999938e+01 -3.328388666666666751e+01
1.330497979999999814e+02 3.261855433333332854e+01 -1.949808666666666568e+01
1.321912186666666571e+02 3.094820900000000208e+01 -1.342669233333333345e+01
1.306843856666666568e+02 3.026108566666666277e+01 -3.880965899999999635e+01
1.333275989999999922e+02 3.213870566666666662e+01 -1.202744866666666645e+01
1.327033519999999953e+02 3.351330699999999752e+01 -4.739598600000000062e+01
1.328549829999999758e+02 3.112580866666666779e+01 -8.008511999999999631e+00
1.364353743333333284e+02 3.395770900000000125e+01 -2.294399433333333249e+01
1.334635236666666742e+02 3.351177399999999551e+01 -3.064468266666666452e+01
1.336466063333333238e+02 3.479068266666666887e+01 -8.533519899999998870e+01
1.304399386666666771e+02 3.089873566666666704e+01 -8.857433566666666991e+01
1.356328613333333521e+02 3.319291633333333635e+01 -1.100686433333333270e+01
1.323413916666666807e+02 3.385634433333333959e+01 -6.782137799999999572e+01
1.323480289999999968e+02 3.413652366666666893e+01 -7.859796466666666959e+01
1.325372766666666564e+02 3.432093866666667026e+01 -8.142337466666667467e+01
1.336333943333333139e+02 3.233179633333332959e+01 -1.167607666666666688e+01
1.319649366666666594e+02 3.368164766666667020e+01 -8.785637499999999989e+01
1.381349203333333264e+02 3.600549999999999784e+01 -8.007986033333332898e+01
1.331305526666666594e+02 3.462680399999999992e+01 -8.413246099999999217e+01
1.316170980000000270e+02 3.064577433333333190e+01 -2.081238999999999706e+01
1.377674169999999947e+02 3.577918099999999413e+01 -7.107333133333334274e+01
1.360313930000000084e+02 3.545688766666666680e+01 -9.781909500000000435e+01
1.383493086666667011e+02 3.489435600000000193e+01 -7.046230333333333817e+00
1.326922293333333300e+02 3.343491866666666823e+01 -4.532274633333333469e+01
1.354454073333333213e+02 3.334129766666666939e+01 -1.348104866666666624e+01
1.371755783333333341e+02 3.476757366666667082e+01 -3.033822366666666426e+01
1.332620630000000119e+02 3.435514400000000279e+01 -6.542559899999999118e+01
1.376179423333333318e+02 3.493760766666667195e+01 -2.311118000000000094e+01
1.366576693333333026e+02 3.351556033333333318e+01 -1.158876466666666438e+01
1.314243170000000021e+02 3.029293666666666596e+01 -1.996388800000000074e+01
1.307713173333333430e+02 3.104562999999999917e+01 -6.528817666666667208e+01
1.345164819999999963e+02 3.268214633333332841e+01 -9.477497333333332108e+00
1.322538229999999828e+02 3.404481533333333232e+01 -7.922783800000000554e+01
1.357494566666666742e+02 3.353799699999999717e+01 -1.624118833333333356e+01
1.359763503333333290e+02 3.539728633333333363e+01 -9.448630100000001164e+01
1.356369349999999940e+02 3.371494833333333219e+01 -2.106196699999999922e+01
1.325756566666666743e+02 3.220957533333333345e+01 -1.977857033333333092e+01
1.338155866666666896e+02 3.262407300000000276e+01 -1.291561800000000027e+01
1.334400813333333247e+02 3.476702033333333475e+01 -8.734336566666667068e+01
1.344531403333333230e+02 3.412930966666666421e+01 -3.698508833333333001e+01
1.372458990000000085e+02 3.523373666666666537e+01 -4.184541233333333565e+01
1.358531160000000000e+02 3.424503266666666690e+01 -4.214464200000000460e+01
1.333392320000000097e+02 3.447009833333333262e+01 -7.021873566666666022e+01
1.376929766666666808e+02 3.356398833333333442e+01 -6.579501000000000488e+00
1.327668576666666524e+02 3.101683300000000187e+01 -8.023994666666666831e+00
1.364659340000000043e+02 3.307215633333333216e+01 -7.523261000000000642e+00
1.307429266666666763e+02 3.013998866666666743e+01 -3.377793866666666389e+01
1.372060533333333296e+02 3.403648566666666397e+01 -1.631779366666667030e+01
1.347833683333333283e+02 3.308140633333332659e+01 -1.225169733333333255e+01
1.348520036666666613e+02 3.355067399999999367e+01 -1.952698766666666685e+01
1.368412863333333291e+02 3.486040333333333052e+01 -4.245311633333333390e+01
1.350787973333333412e+02 3.459776566666666753e+01 -5.725321666666666687e+01
1.336172899999999970e+02 3.465695500000000351e+01 -7.629805433333332587e+01
1.358844560000000001e+02 3.285161366666666538e+01 -7.453190999999999455e+00
1.347933339999999873e+02 3.456927900000000164e+01 -5.663501299999999361e+01
1.313700386666666589e+02 3.141587633333333329e+01 -4.060946799999999968e+01
1.374894626666666682e+02 3.361564566666666565e+01 -8.432043666666666937e+00
1.367885143333333247e+02 3.295206999999999908e+01 -6.480523666666667459e+00
1.329725290000000086e+02 3.346510666666666367e+01 -3.961852366666666825e+01
1.369424506666666730e+02 3.460413633333333649e+01 -3.268382399999999421e+01
1.323584746666666661e+02 3.338032299999999708e+01 -5.361548799999999915e+01
1.352147573333333241e+02 3.457152833333333319e+01 -5.580572266666666792e+01
1.303640873333333445e+02 3.038415399999999877e+01 -6.201753266666666065e+01
1.367061543333333304e+02 3.391635999999999740e+01 -1.918073800000000162e+01
1.374863510000000133e+02 3.548777133333333467e+01 -5.086497833333334029e+01
1.310932086666666692e+02 3.154000933333333023e+01 -6.250546933333333044e+01
1.327982586666666691e+02 3.281670333333332934e+01 -2.596059999999999945e+01
1.342418426666666562e+02 3.411957000000000306e+01 -3.733965200000000095e+01
1.309207129999999779e+02 3.088599466666666515e+01 -4.748112833333332361e+01
1.325191693333333376e+02 3.129934400000000139e+01 -1.172819900000000182e+01
1.334598306666666758e+02 3.449122799999999955e+01 -6.890733500000000333e+01
1.330925213333333375e+02 3.409468633333333543e+01 -5.709250166666666360e+01
1.351403226666666626e+02 3.410847266666666400e+01 -3.489143400000000383e+01
1.320370470000000012e+02 3.332658133333332984e+01 -6.661571700000000362e+01
1.348406496666666783e+02 3.347237033333333756e+01 -1.798363000000000156e+01
1.310339323333333539e+02 3.062611400000000117e+01 -3.489287100000000663e+01
1.316279626666666616e+02 3.300349833333333294e+01 -8.235310066666666273e+01
1.374516360000000077e+02 3.594122233333333583e+01 -8.960873333333331914e+01
1.321664110000000107e+02 3.356666633333333039e+01 -6.796156366666666315e+01
1.340047939999999755e+02 3.343457333333333281e+01 -2.140887200000000234e+01
1.366542226666666693e+02 3.404500300000000124e+01 -2.307989499999999694e+01
1.333809856666666462e+02 3.296635599999999755e+01 -2.061501533333333214e+01
1.305767126666666798e+02 3.074937866666666864e+01 -6.547933433333334108e+01
1.382104319999999973e+02 3.473997933333333066e+01 -7.941128666666666724e+00
1.356874916666666593e+02 3.358715833333332768e+01 -1.754763133333333158e+01
1.351458326666666778e+02 3.366718633333333344e+01 -2.092218433333333394e+01
1.387013340000000028e+02 3.541490100000000041e+01 -1.656040266666666483e+01
1.320850213333333443e+02 3.215823966666666678e+01 -2.978672500000000056e+01
1.333457753333333358e+02 3.273299733333333705e+01 -1.798089866666666481e+01
1.327396410000000060e+02 3.330451833333333411e+01 -4.012067233333333860e+01
1.316841749999999820e+02 3.245712633333333486e+01 -5.665080333333332874e+01
1.343924716666666654e+02 3.277989133333333172e+01 -1.090881000000000078e+01
1.364938946666666766e+02 3.556811199999999218e+01 -8.724927833333333638e+01
1.369042859999999848e+02 3.302450099999999367e+01 -6.532340333333332971e+00
1.321066409999999962e+02 3.075868066666666323e+01 -1.299216233333333292e+01
1.368180480000000045e+02 3.315892099999999942e+01 -7.334970000000001100e+00
1.360698889999999892e+02 3.337355133333333157e+01 -1.199684733333333320e+01
1.309371513333333326e+02 3.185705566666666755e+01 -9.405992333333334443e+01
1.365846003333333272e+02 3.314668366666666799e+01 -7.782821000000001099e+00
1.331222676666666587e+02 3.169428466666666466e+01 -9.578429666666666620e+00
1.378994016666666766e+02 3.580539366666666723e+01 -6.982343533333333596e+01
1.363663326666666649e+02 3.445066800000000029e+01 -4.302360266666666888e+01
1.349201109999999915e+02 3.402193100000000214e+01 -3.210446600000000217e+01
1.356127970000000005e+02 3.277039500000000061e+01 -7.456740666666665796e+00
1.350274033333333250e+02 3.332451566666666309e+01 -1.456650199999999984e+01
1.387457173333333458e+02 3.521641799999999733e+01 -8.944701000000000235e+00
1.385312150000000031e+02 3.610293099999999100e+01 -7.546193599999999435e+01
1.333518919999999923e+02 3.368663133333333803e+01 -3.792312766666666590e+01
1.356061493333333203e+02 3.444132900000000319e+01 -5.133270833333332916e+01
1.331564479999999833e+02 3.428649233333333513e+01 -6.408637333333332720e+01
1.382156106666666631e+02 3.489180600000000254e+01 -8.973924333333334502e+00
1.346661040000000185e+02 3.466477133333333427e+01 -6.311052933333333925e+01
1.382807446666666920e+02 3.477795433333333364e+01 -7.177970999999999435e+00
1.376501436666666507e+02 3.420255800000000335e+01 -1.226742199999999805e+01
1.380082950000000039e+02 3.393765333333333700e+01 -7.314678333333333171e+00
1.324104426666666541e+02 3.104164299999999699e+01 -1.115721099999999844e+01
1.343823846666666668e+02 3.461767900000000253e+01 -6.206241199999999480e+01
1.372285603333333199e+02 3.419814066666666719e+01 -1.863414933333333323e+01
1.312056579999999997e+02 3.225988600000000162e+01 -8.738936933333333457e+01
1.312666826666666395e+02 3.088878233333333512e+01 -3.260057433333333421e+01
1.314239506666666557e+02 3.036907833333333429e+01 -2.096841833333333227e+01
1.341632243333333463e+02 3.357149066666666926e+01 -2.284496199999999888e+01
1.373127169999999921e+02 3.374248333333333250e+01 -1.094711399999999912e+01
1.324770093333333421e+02 3.071949966666666398e+01 -8.392051000000000371e+00
1.381586853333333522e+02 3.415075933333333325e+01 -7.108316666666666173e+00
1.356327240000000245e+02 3.415634166666666971e+01 -3.824527166666666744e+01
1.320968773333333104e+02 3.029073566666666650e+01 -9.372106333333332984e+00
1.336722359999999981e+02 3.352199666666666644e+01 -2.712679966666666687e+01
1.345886150000000043e+02 3.411089199999999977e+01 -3.603378666666666419e+01
1.346502226666666786e+02 3.406199399999999855e+01 -3.421181233333333438e+01
1.333620023333333222e+02 3.237246600000000285e+01 -1.404816300000000062e+01
1.330330510000000004e+02 3.202419333333333640e+01 -1.297127033333333479e+01
1.329200393333333352e+02 3.220000233333333739e+01 -1.572192500000000059e+01
1.344539946666666594e+02 3.495985766666666450e+01 -8.682453700000000651e+01
1.336987560000000030e+02 3.419772433333333339e+01 -4.797473333333332590e+01
1.328123843333333127e+02 3.193656800000000473e+01 -1.401031666666666631e+01
1.362763386666666747e+02 3.478698666666667094e+01 -5.790290933333333356e+01
1.377961366666666549e+02 3.470771833333333234e+01 -1.469860466666666632e+01
1.388162173333333271e+02 3.575555166666666906e+01 -3.775054133333333084e+01
1.367330193333333455e+02 3.459642099999999942e+01 -3.813401100000000099e+01
1.340941339999999968e+02 3.310234233333333265e+01 -1.599288933333333240e+01
1.356452873333333571e+02 3.505047200000000629e+01 -7.763875899999999319e+01
1.330708373333333157e+02 3.321084133333333455e+01 -3.025624966666667248e+01
1.355700096666666639e+02 3.324245433333333466e+01 -1.176882833333333167e+01
1.340112496666666573e+02 3.395295833333333491e+01 -3.343819900000000445e+01
1.310729156666666597e+02 3.185827766666666605e+01 -8.017407733333332942e+01
1.370901090000000124e+02 3.466121066666666906e+01 -3.020069433333333464e+01
1.369192323333333263e+02 3.444782866666665910e+01 -2.944733533333333142e+01
1.372254426666666802e+02 3.551408899999999136e+01 -5.540818566666666811e+01
1.339300549999999816e+02 3.201055500000000364e+01 -7.705095000000000027e+00
1.308308483333333356e+02 3.050780466666666868e+01 -3.972732666666667001e+01
1.339604036666666786e+02 3.444531833333333282e+01 -5.584101000000000425e+01
1.320989620000000002e+02 3.060697700000000054e+01 -1.168094700000000152e+01
1.368339949999999874e+02 3.434057933333333068e+01 -2.850827300000000264e+01
1.363189786666666521e+02 3.525296100000000621e+01 -7.619990633333333108e+01
1.336529230000000155e+02 3.292690366666666790e+01 -1.727085066666666435e+01
1.369052973333333227e+02 3.384671833333333524e+01 -1.600948499999999797e+01
1.367151513333333241e+02 3.579966266666666996e+01 -9.005224833333333834e+01
1.337909400000000062e+02 3.386335666666666810e+01 -3.385198433333334123e+01
1.322732846666666831e+02 3.411748866666666657e+01 -8.180915066666666746e+01
1.328175009999999929e+02 3.245468300000000283e+01 -1.979052099999999825e+01
1.347541336666666609e+02 3.240533599999999836e+01 -6.932880333333333311e+00
1.327618093333333320e+02 3.206331000000000131e+01 -1.580646800000000063e+01
1.322213823333333096e+02 3.051300933333333276e+01 -9.425772666666667021e+00
1.310891779999999756e+02 3.110604033333333618e+01 -4.536707000000000534e+01
1.357314273333333290e+02 3.271512733333332790e+01 -6.976476000000000788e+00
1.348860933333333207e+02 3.378598099999999960e+01 -2.506897566666667032e+01
1.366961280000000158e+02 3.525071799999999911e+01 -6.118334633333333272e+01
1.381374419999999930e+02 3.454888099999999440e+01 -8.262095333333332903e+00
1.319549156666666647e+02 3.268844733333332897e+01 -4.784820266666665844e+01
1.343256689999999764e+02 3.491322433333332498e+01 -8.473329033333334337e+01
1.362085199999999929e+02 3.431325933333332756e+01 -4.068842066666666568e+01
1.353112146666666717e+02 3.263167366666667135e+01 -7.148163333333333647e+00
1.329350123333333329e+02 3.323179833333333022e+01 -3.351930433333333070e+01
1.370526743333333286e+02 3.585193133333333293e+01 -8.212777566666666473e+01
1.319385509999999897e+02 3.113419233333333480e+01 -2.000108200000000025e+01
1.373439669999999921e+02 3.555992133333333527e+01 -5.700387966666666983e+01
1.357723023333333288e+02 3.369523333333332715e+01 -2.006954766666666856e+01
1.341214293333333387e+02 3.281914033333333691e+01 -1.276336700000000057e+01
1.360732093333333239e+02 3.433342633333332827e+01 -4.403943066666666795e+01
1.329983743333333450e+02 3.274566000000000088e+01 -2.187506633333333639e+01
1.324981370000000140e+02 3.114768733333333373e+01 -1.092411500000000046e+01
1.336838046666666742e+02 3.360003066666666882e+01 -2.876140366666666637e+01
1.362403470000000141e+02 3.358993866666666150e+01 -1.491351800000000161e+01
1.332602176666666480e+02 3.262651733333333226e+01 -1.757630100000000084e+01
1.369812376666666580e+02 3.396021500000000515e+01 -1.757639799999999752e+01
1.316305683333333434e+02 3.137814899999999696e+01 -3.023573400000000433e+01
1.321773673333333363e+02 3.402415566666666535e+01 -8.340980733333333319e+01
1.339382280000000094e+02 3.392218533333333852e+01 -3.335293599999999969e+01
1.377002280000000098e+02 3.391305600000000453e+01 -9.344038333333333668e+00
1.378233816666666769e+02 3.385119100000000003e+01 -8.025394999999999612e+00
1.355809416666666891e+02 3.332117666666666622e+01 -1.283458399999999955e+01
1.334788783333333413e+02 3.175611033333333566e+01 -8.228474333333332780e+00
1.351259583333333296e+02 3.446929633333333243e+01 -5.064956199999999598e+01
1.315588693333333481e+02 3.287813966666666943e+01 -8.229183799999999849e+01
1.352478009999999813e+02 3.341111000000000075e+01 -1.518926100000000190e+01
1.352761443333333489e+02 3.408805200000000468e+01 -3.424311066666666648e+01
1.331749266666666642e+02 3.252006133333333082e+01 -1.713080466666666624e+01
1.327156676666666328e+02 3.114925633333333721e+01 -9.026842333333332746e+00
1.383106496666666771e+02 3.544589766666666009e+01 -2.516538066666666396e+01
1.353818433333333076e+02 3.285888433333332870e+01 -8.420130000000000337e+00
1.383135023333333322e+02 3.513050266666666488e+01 -1.148138866666666758e+01
1.371788653333333343e+02 3.432745600000000508e+01 -2.170869233333333170e+01
1.354714899999999886e+02 3.445967300000000222e+01 -5.147794366666666832e+01
1.364967913333333343e+02 3.487533666666666932e+01 -5.457484466666667089e+01
1.351289543333333540e+02 3.403019666666666865e+01 -3.198513633333333317e+01
1.385304390000000012e+02 3.510193766666666448e+01 -7.791820333333333792e+00
1.374495899999999722e+02 3.428548900000000543e+01 -1.613742900000000091e+01
1.367040306666666822e+02 3.308601333333333372e+01 -7.098739666666666892e+00
1.350785180000000025e+02 3.319679899999999861e+01 -1.254516500000000256e+01
1.376070813333333263e+02 3.485923033333333620e+01 -2.151074933333333661e+01
1.346737703333333513e+02 3.422051633333333598e+01 -3.996678166666666954e+01
1.306269133333333627e+02 3.038389466666666294e+01 -4.526887033333333221e+01
1.338030219999999701e+02 3.427969099999999258e+01 -4.963472699999999804e+01
1.348941093333333185e+02 3.494319899999999990e+01 -8.001854766666666308e+01
1.316740306666666527e+02 3.213676533333333651e+01 -4.750178733333333270e+01
1.332096846666666750e+02 3.405544266666666431e+01 -5.322916899999999174e+01
1.314924409999999853e+02 3.040803699999999665e+01 -2.012363366666666664e+01
1.323957969999999875e+02 3.296410833333333557e+01 -3.904227466666666402e+01
1.336136463333333211e+02 3.409242866666667027e+01 -4.541838799999999310e+01
1.340362156666666635e+02 3.271172966666666326e+01 -1.225343733333333240e+01
1.319818329999999946e+02 3.241068333333333129e+01 -3.914999599999999447e+01
1.347899039999999786e+02 3.359986966666667030e+01 -2.089165533333333613e+01
1.339197623333333240e+02 3.332716566666666580e+01 -2.035319933333333253e+01
1.329470460000000003e+02 3.287264599999999604e+01 -2.474543066666666746e+01
1.335065473333333159e+02 3.435979199999999878e+01 -6.040992333333333164e+01
1.382674016666666432e+02 3.557681033333332721e+01 -3.563933300000000060e+01
1.373911390000000097e+02 3.340067366666666970e+01 -7.134901666666666920e+00
1.346314756666666881e+02 3.346320233333333505e+01 -1.875680400000000247e+01
1.349466003333333219e+02 3.462456599999999440e+01 -5.914471900000000204e+01
1.317870593333333318e+02 3.195911766666666765e+01 -3.675550766666666647e+01
1.346242843333333212e+02 3.434945866666667058e+01 -4.568272633333333488e+01
1.335586843333333320e+02 3.422317066666666818e+01 -5.232478333333333609e+01
1.369929949999999792e+02 3.447650600000000054e+01 -2.848094199999999887e+01
1.375224449999999763e+02 3.475272233333333105e+01 -2.139993333333333680e+01
1.340051313333333383e+02 3.203851233333333681e+01 -7.527643000000000306e+00
1.309589109999999721e+02 3.137880966666666893e+01 -6.590826533333334680e+01
1.382988253333333262e+02 3.408129233333333019e+01 -5.982393999999999323e+00
1.339307196666666471e+02 3.480049766666667210e+01 -8.122829300000000785e+01
1.331612463333333380e+02 3.455525999999999698e+01 -7.891080633333332628e+01
1.324341459999999984e+02 3.320237000000000194e+01 -4.539397766666667167e+01
1.323696506666666721e+02 3.272112033333333869e+01 -3.305039400000000427e+01
1.319694863333333217e+02 3.233330999999999733e+01 -3.783299233333332978e+01
1.385961736666666582e+02 3.514765533333333991e+01 -8.177941000000000571e+00
1.385827263333333406e+02 3.521907833333332860e+01 -1.010199833333333430e+01
1.320693056666666791e+02 3.155864866666666657e+01 -2.127116766666666692e+01
1.374615393333333202e+02 3.401219333333333594e+01 -1.267313700000000232e+01
1.373481393333333074e+02 3.394936366666666316e+01 -1.324668933333333420e+01
1.307798893333333297e+02 3.080008199999999974e+01 -5.288660600000000045e+01
1.369889916666666920e+02 3.491657733333332914e+01 -3.930624700000000615e+01
1.332092829999999992e+02 3.275334900000000005e+01 -1.961401499999999842e+01
1.323414610000000096e+02 3.017472333333333268e+01 -7.052048000000000094e+00
1.343924723333333304e+02 3.234267966666666894e+01 -7.632747999999999422e+00
1.332950919999999826e+02 3.285973133333333607e+01 -2.009652533333333224e+01
1.319596390000000099e+02 3.037636266666666529e+01 -1.166884266666666825e+01
1.339586809999999844e+02 3.312206766666666624e+01 -1.714164233333333343e+01
1.335791933333333361e+02 3.289774066666666386e+01 -1.761068833333333217e+01
1.335413206666666781e+02 3.170522433333333368e+01 -7.689603000000000854e+00
1.372808139999999923e+02 3.577857333333333401e+01 -7.419486333333333050e+01
1.331658459999999877e+02 3.383417666666667145e+01 -4.665563266666666919e+01
1.331811206666666578e+02 3.347325733333333631e+01 -3.534837133333333981e+01
1.333663926666666839e+02 3.332669166666666882e+01 -2.778092566666666485e+01
1.355328749999999900e+02 3.441124300000000602e+01 -4.962007566666667202e+01
1.341401479999999822e+02 3.341502033333333799e+01 -2.012846266666666750e+01
1.377127289999999959e+02 3.377340866666666130e+01 -8.233680999999998917e+00
1.312886530000000107e+02 3.029395633333333038e+01 -2.272806566666666583e+01
1.358919736666666722e+02 3.403860099999999989e+01 -3.214291399999999754e+01
1.342931973333333247e+02 3.399269266666667022e+01 -3.284289133333333410e+01
1.329355166666666719e+02 3.279509366666666637e+01 -2.349775500000000150e+01
1.319488883333333433e+02 3.217921866666666375e+01 -3.515634266666666718e+01
1.322355189999999823e+02 3.368273700000000304e+01 -6.787464300000000605e+01
1.325577306666666573e+02 3.084392800000000179e+01 -8.499260333333333861e+00
1.369034013333333348e+02 3.481020166666666427e+01 -3.908117833333333380e+01
1.336993273333333434e+02 3.323919099999999816e+01 -2.117665133333333571e+01
1.356829953333333378e+02 3.402882000000000318e+01 -3.251246599999999631e+01
1.324015886666666404e+02 3.095959433333333166e+01 -1.066906300000000130e+01
1.318748490000000118e+02 3.268302033333333156e+01 -5.191904600000000158e+01
1.332583669999999927e+02 3.467215200000000408e+01 -8.441953733333333787e+01
1.360958486666666829e+02 3.449131933333333677e+01 -5.070364366666666456e+01
1.366142319999999870e+02 3.425237700000000274e+01 -3.003513899999999737e+01
1.366558653333333382e+02 3.501172566666667052e+01 -5.375524599999999964e+01
1.334080953333333355e+02 3.268399699999999797e+01 -1.684582733333333238e+01
1.321211080000000209e+02 3.313525066666667129e+01 -5.491133400000000364e+01
1.325164353333333338e+02 3.322357166666666473e+01 -4.355890400000000540e+01
1.320890026666666870e+02 3.267058533333332804e+01 -4.128698066666667188e+01
1.302363683333333313e+02 3.061813799999999830e+01 -8.934864633333332051e+01
1.344902730000000020e+02 3.436539166666666034e+01 -4.685111200000000053e+01
1.317358536666666566e+02 3.208890533333332939e+01 -4.270428066666666922e+01
1.380925136666666617e+02 3.535771433333334102e+01 -2.654226066666666739e+01
1.347671259999999904e+02 3.344325500000000062e+01 -1.777048166666666518e+01
1.342212576666666735e+02 3.256549700000000058e+01 -9.929265000000000896e+00
1.329837006666666639e+02 3.310488233333332886e+01 -2.919919699999999807e+01
1.350046806666666726e+02 3.412949966666666768e+01 -3.577433400000000319e+01
1.377322000000000060e+02 3.565729100000000784e+01 -6.061651966666666880e+01
1.364089536666666618e+02 3.338118533333333460e+01 -1.069134999999999991e+01
1.336025489999999820e+02 3.305375566666666742e+01 -1.938543366666666756e+01
1.370934129999999982e+02 3.422137200000000234e+01 -2.127638933333333071e+01
1.365015769999999975e+02 3.443031566666666521e+01 -3.880038799999999810e+01
1.372691929999999729e+02 3.538607400000000069e+01 -4.789711333333332988e+01
1.388174800000000175e+02 3.588853499999999741e+01 -4.920203133333333056e+01
1.354167930000000126e+02 3.362692166666666793e+01 -1.917351733333333641e+01
1.314135193333333120e+02 3.269621033333333315e+01 -8.750418100000000265e+01
1.368128846666666618e+02 3.570288466666666949e+01 -7.855160200000000259e+01
1.350047240000000102e+02 3.316822700000000168e+01 -1.244553866666666586e+01
1.343685616666666647e+02 3.218563366666666781e+01 -6.918019000000000140e+00
1.329822783333333405e+02 3.215100100000000083e+01 -1.465828866666666919e+01
1.305028786666666747e+02 3.109689000000000192e+01 -9.622215633333333074e+01
1.333877356666666572e+02 3.392001400000000189e+01 -4.441585166666666851e+01
1.367601333333333287e+02 3.378827799999999826e+01 -1.589306999999999981e+01
1.328375979999999856e+02 3.348782933333333034e+01 -4.338205533333333364e+01
1.368408316666666735e+02 3.389656366666666543e+01 -1.757850333333333381e+01
1.369223243333333357e+02 3.533398700000000048e+01 -5.504219200000000001e+01
1.313323759999999822e+02 3.203511333333333511e+01 -6.653044233333334034e+01
1.341715176666666594e+02 3.269226933333333562e+01 -1.128184499999999879e+01
1.311607533333333322e+02 3.053690066666666780e+01 -2.933759699999999881e+01
1.369403886666666779e+02 3.309401199999999932e+01 -6.727363666666666298e+00
1.368990519999999833e+02 3.376831066666667169e+01 -1.455306266666666737e+01
1.369097580000000107e+02 3.559833066666666213e+01 -6.809572266666665996e+01
1.378155789999999854e+02 3.537334200000000095e+01 -3.624518900000000343e+01
1.306111669999999947e+02 3.122089166666666316e+01 -9.230583133333333024e+01
1.368966233333333378e+02 3.316080033333333432e+01 -7.173917666666667081e+00
1.323725883333333115e+02 3.361030000000000229e+01 -5.988231966666666040e+01
1.353503350000000012e+02 3.315343366666666469e+01 -1.120463333333333367e+01
1.352625766666666607e+02 3.444735033333333263e+01 -4.989444266666666294e+01
1.310159906666666529e+02 3.165780799999999928e+01 -7.512160566666666739e+01
1.317872169999999983e+02 3.151618033333333457e+01 -2.782797000000000409e+01
1.349931433333333359e+02 3.309024633333333298e+01 -1.154580466666666716e+01
1.366629846666666879e+02 3.315256000000000114e+01 -7.640756000000000547e+00
1.364243553333333523e+02 3.313657933333333716e+01 -8.110629333333333690e+00
1.315452393333333418e+02 3.222516733333333860e+01 -5.851223300000000194e+01
1.379812210000000050e+02 3.555944166666666462e+01 -4.469300100000000242e+01
1.320578216666666833e+02 3.148006900000000030e+01 -2.072686400000000262e+01
1.344408750000000055e+02 3.221713299999999691e+01 -6.849568333333333037e+00
1.312747363333333226e+02 3.237941733333332905e+01 -8.636649233333332631e+01
1.379144359999999949e+02 3.572282699999999522e+01 -6.150037000000000376e+01
1.368724316666666709e+02 3.413451166666666836e+01 -2.270559100000000186e+01
1.386856410000000039e+02 3.582961599999999436e+01 -4.609006333333334027e+01
1.365361913333333348e+02 3.334542166666666674e+01 -9.803679000000000698e+00
1.340511273333333691e+02 3.234925066666666993e+01 -9.185100666666665248e+00
1.343081166666666775e+02 3.450852366666666171e+01 -5.565985200000000077e+01
1.305680046666666669e+02 3.050627166666666312e+01 -5.361410933333333872e+01
1.326002926666666610e+02 3.377313133333333184e+01 -5.720378766666667048e+01
1.359769716666666852e+02 3.414658366666666467e+01 -3.640221500000000532e+01
1.320324693333333528e+02 3.348428766666666689e+01 -7.349810700000000452e+01
1.315043859999999825e+02 3.104263199999999756e+01 -2.861065066666666823e+01
1.306101690000000133e+02 3.127936800000000162e+01 -9.656767100000000426e+01
1.318677036666666709e+02 3.207112466666666251e+01 -3.603064733333332725e+01
1.324731336666666550e+02 3.246481166666666951e+01 -2.521275266666666326e+01
1.372144970000000228e+02 3.456224766666667136e+01 -2.516598100000000215e+01
1.324418226666666669e+02 3.275225133333333360e+01 -3.188047466666666807e+01
1.369581896666666410e+02 3.364269699999999830e+01 -1.205536166666666453e+01
1.367825723333333201e+02 3.308935533333333012e+01 -6.962995666666667027e+00
1.333411780000000135e+02 3.434830333333334096e+01 -6.342638900000000035e+01
1.382273166666666668e+02 3.397359600000000057e+01 -6.022177666666666873e+00
1.330927126666666709e+02 3.380626766666666327e+01 -4.737450366666666923e+01
1.321709086666666622e+02 3.130553133333333449e+01 -1.690522566666666293e+01
1.369396326666666823e+02 3.504478999999999900e+01 -4.455555400000000077e+01
1.340010286666666559e+02 3.247695900000000080e+01 -1.043532933333333368e+01
1.310041716666666787e+02 3.189709399999999917e+01 -8.903930366666666885e+01
1.367424660000000074e+02 3.511907199999999563e+01 -5.422842833333333346e+01
1.370194993333333287e+02 3.419350866666666633e+01 -2.189546299999999590e+01
1.321197830000000124e+02 3.298310633333333186e+01 -4.963685666666666663e+01
1.310855876666666688e+02 3.017905600000000277e+01 -2.550491833333333602e+01
1.366036946666666552e+02 3.364927600000000751e+01 -1.407100666666666733e+01
1.361899943333333169e+02 3.327600833333332986e+01 -1.023655766666666622e+01
1.329966103333333365e+02 3.362014599999999831e+01 -4.379181066666666311e+01
1.343792536666666706e+02 3.475532066666666964e+01 -7.178329433333333043e+01
1.376909996666666700e+02 3.496673299999999784e+01 -2.199765599999999566e+01
1.379191896666666537e+02 3.452397933333333668e+01 -1.102176566666666702e+01
1.382616656666666870e+02 3.508235700000000179e+01 -1.128513233333333510e+01
1.357203916666666714e+02 3.285637899999999689e+01 -7.804233666666665847e+00
1.383443709999999953e+02 3.497378099999999534e+01 -7.978581666666666017e+00
1.381391383333333351e+02 3.514408566666666900e+01 -1.562097366666666609e+01
1.335598136666666562e+02 3.230286166666666503e+01 -1.194329500000000088e+01
1.325710016666666604e+02 3.438957633333333064e+01 -8.499153233333333901e+01
1.382790083333333087e+02 3.462576699999999619e+01 -6.745491666666666219e+00
1.333111570000000086e+02 3.249955333333333130e+01 -1.574980466666666779e+01
1.359025709999999947e+02 3.509469666666666399e+01 -7.664123966666666377e+01
1.318211893333333364e+02 3.062418833333333623e+01 -1.655388733333333207e+01
1.367056760000000111e+02 3.488243633333333094e+01 -4.769670199999999483e+01
1.337572173333333296e+02 3.362941633333333158e+01 -2.824939799999999934e+01
1.348241246666666484e+02 3.383534433333333169e+01 -2.669500833333333389e+01
1.372961163333333161e+02 3.510695000000000476e+01 -3.620687499999999659e+01
1.317031159999999943e+02 3.140781666666666538e+01 -2.862093633333333287e+01
1.382315876666666554e+02 3.589363966666666528e+01 -6.539412499999998829e+01
1.324624326666666718e+02 3.430917333333333374e+01 -8.400575800000000015e+01
1.335420836666666844e+02 3.467400599999999855e+01 -7.897168333333333123e+01
1.305091659999999933e+02 3.086379933333333270e+01 -7.880351100000000031e+01
1.358105500000000063e+02 3.296450966666666460e+01 -8.393242666666667517e+00
1.309886329999999646e+02 3.118615433333333442e+01 -5.462909799999999905e+01
1.317648886666666783e+02 3.135884133333333068e+01 -2.631978233333333606e+01
1.333432029999999884e+02 3.177848966666666186e+01 -8.988486666666666736e+00
1.381742636666666613e+02 3.584367133333333300e+01 -6.285456199999999427e+01
1.369763306666666551e+02 3.587568166666667224e+01 -8.566945533333334595e+01
1.321198833333333482e+02 3.143183633333333660e+01 -1.898596799999999973e+01
1.345971026666666432e+02 3.322852166666667273e+01 -1.500865133333333290e+01
1.308140956666666739e+02 3.018000133333333324e+01 -3.241781533333332987e+01
1.335288163333333387e+02 3.302452466666667164e+01 -1.976087533333333468e+01
1.371860733333333258e+02 3.588151966666666937e+01 -8.349438100000000418e+01
1.386646616666666603e+02 3.612139233333333266e+01 -7.385753533333333110e+01
1.305431016666666721e+02 3.018036100000000133e+01 -4.257448999999999728e+01
1.383012649999999724e+02 3.617070700000000016e+01 -8.919981333333333851e+01
1.328738926666666487e+02 3.328162999999999982e+01 -3.628135866666666942e+01
1.309616836666666586e+02 3.050528699999999915e+01 -3.466606766666667028e+01
1.348219946666666544e+02 3.287594366666667156e+01 -9.953474666666666693e+00
1.356176359999999761e+02 3.452028433333333624e+01 -5.482798199999999866e+01
1.309941236666666384e+02 3.091899566666667099e+01 -4.456327133333333990e+01
1.379681809999999871e+02 3.500830633333332997e+01 -1.604972666666666825e+01
1.316511956666666663e+02 3.153509766666666891e+01 -3.237733233333333516e+01
1.320349763333333328e+02 3.132288699999999793e+01 -1.974261199999999761e+01
1.333734690000000001e+02 3.245037900000000519e+01 -1.473748266666666673e+01
1.345031253333333154e+02 3.400236966666667371e+01 -3.261599799999999760e+01
1.364628973333333306e+02 3.333086800000000238e+01 -9.887157333333334464e+00
1.329993369999999970e+02 3.120153333333333379e+01 -7.566225333333332692e+00
1.325309303333333446e+02 3.189540166666666821e+01 -1.681162966666666492e+01
1.317803153333333341e+02 3.099308033333333512e+01 -2.182732933333333492e+01
1.355635309999999834e+02 3.368556733333333142e+01 -2.039836166666666273e+01
1.344309033333333332e+02 3.482267099999999971e+01 -7.630365200000001380e+01
1.334285026666666738e+02 3.188387666666666576e+01 -9.312226333333333272e+00
1.367581979999999930e+02 3.564574566666667010e+01 -7.757977233333332379e+01
1.377529666666666799e+02 3.491676033333333606e+01 -1.922114366666666641e+01
1.360562860000000001e+02 3.469937733333333085e+01 -5.933705066666666283e+01
1.348695879999999931e+02 3.415067600000000425e+01 -3.682255966666667035e+01
1.323489413333333289e+02 3.108579066666666790e+01 -1.225754866666666665e+01
1.359869833333333418e+02 3.326215433333333493e+01 -1.081951699999999938e+01
1.338852070000000083e+02 3.309280733333333302e+01 -1.732406766666666798e+01
1.338190950000000043e+02 3.358073266666666967e+01 -2.622849533333333127e+01
1.364241780000000119e+02 3.345001766666666754e+01 -1.158407766666666561e+01
1.332309050000000070e+02 3.334639599999999859e+01 -3.077892666666666699e+01
1.314359359999999981e+02 3.144602933333333183e+01 -3.853391599999999784e+01
1.368771519999999953e+02 3.361661566666666801e+01 -1.210347900000000010e+01
1.358341880000000117e+02 3.364615533333333275e+01 -1.848049500000000123e+01
1.330420173333333480e+02 3.449849700000000041e+01 -7.787992033333334518e+01
1.331181253333333245e+02 3.213078500000000304e+01 -1.339248933333333191e+01
1.374650469999999984e+02 3.388340999999999781e+01 -1.118477000000000032e+01
1.330672290000000260e+02 3.225777533333333480e+01 -1.510691899999999954e+01
1.335133713333333390e+02 3.199008633333333407e+01 -9.655132333333334316e+00
1.379449749999999995e+02 3.439669900000000524e+01 -9.994085000000000107e+00
1.355979116666666471e+02 3.392102466666666061e+01 -2.812924099999999683e+01
1.307585573333333571e+02 3.038391666666666424e+01 -3.921343133333333952e+01
1.351540203333333352e+02 3.462235899999999589e+01 -5.844144800000000117e+01
1.380941213333333337e+02 3.418532700000000091e+01 -7.728485999999999301e+00
1.320542863333333230e+02 3.096112199999999959e+01 -1.594086899999999929e+01
1.336250663333333080e+02 3.181090333333333220e+01 -7.940119000000000149e+00
1.321085003333333532e+02 3.135341966666666735e+01 -1.851465866666666571e+01
1.365327026666666654e+02 3.511241466666666611e+01 -6.213205233333334121e+01
1.344794533333333106e+02 3.245022933333333270e+01 -7.960140333333332485e+00
1.361286206666666487e+02 3.376429933333333366e+01 -1.994077566666666712e+01
1.319580359999999928e+02 3.053673966666666573e+01 -1.317552400000000112e+01
1.380253096666666579e+02 3.415145533333333816e+01 -8.166666333333333583e+00
1.342091990000000123e+02 3.248721599999999654e+01 -9.377627333333334647e+00
1.324771323333333441e+02 3.085067133333333445e+01 -9.195833666666667128e+00
1.312901530000000037e+02 3.013870033333333254e+01 -2.066468566666666717e+01
1.321940209999999922e+02 3.309807433333332938e+01 -5.047079700000000457e+01
1.371070623333333458e+02 3.372297333333333569e+01 -1.227498599999999840e+01
1.335214193333333412e+02 3.390258333333333240e+01 -4.070089666666667227e+01
1.347071976666666444e+02 3.446201566666667304e+01 -5.105903499999999440e+01
1.352662860000000080e+02 3.304593033333333096e+01 -1.025689166666666807e+01
1.387393503333333342e+02 3.548279800000000250e+01 -1.972479066666666725e+01
1.322316889999999887e+02 3.345397033333333070e+01 -6.098244533333333806e+01
1.379197699999999998e+02 3.406189033333333072e+01 -8.574362666666665689e+00
1.329044923333333372e+02 3.409740133333333034e+01 -6.066770833333333002e+01
1.334631270000000143e+02 3.211784566666666052e+01 -1.097557699999999947e+01
1.316895323333333465e+02 3.238193499999999858e+01 -5.401800499999999516e+01
1.325491350000000068e+02 3.153265033333333278e+01 -1.315550966666666710e+01
1.316132046666666611e+02 3.173722399999999766e+01 -3.860589666666666631e+01
1.366436700000000144e+02 3.553477399999999875e+01 -7.722073733333333223e+01
1.381604650000000163e+02 3.501105799999999846e+01 -1.174897733333333427e+01
1.324578516666666701e+02 3.186547133333333548e+01 -1.751852166666666832e+01
1.348355156666666517e+02 3.391403033333332928e+01 -2.894314366666666771e+01
1.337767046666666602e+02 3.483261466666666450e+01 -8.629716700000000174e+01
1.312944873333333362e+02 3.112534499999999937e+01 -3.651369199999999893e+01
1.360274156666666840e+02 3.498994933333333535e+01 -7.013677099999999598e+01
1.329230086666666750e+02 3.359214133333333052e+01 -4.458317600000000169e+01
1.353857796666666786e+02 3.435103399999999851e+01 -4.603704966666666820e+01
1.357701153333333366e+02 3.509152433333333221e+01 -7.820912299999999107e+01
1.370628066666666882e+02 3.494486266666666552e+01 -3.784743533333332977e+01
1.317581996666666839e+02 3.050169466666666551e+01 -1.625334499999999949e+01
1.323181886666666571e+02 3.059424999999999883e+01 -8.989279666666666557e+00
1.357838160000000016e+02 3.377374300000000318e+01 -2.241778933333333157e+01
1.322442923333333340e+02 3.074656299999999831e+01 -1.091217900000000007e+01
1.387336596666666537e+02 3.575820766666666373e+01 -3.908920033333333066e+01
1.326265406666666706e+02 3.208229733333333655e+01 -1.758805200000000113e+01
1.324401513333333469e+02 3.423118266666666187e+01 -7.967238866666666297e+01
1.375101466666666568e+02 3.570337599999999867e+01 -6.743488200000000177e+01
1.372263113333333422e+02 3.464014066666666736e+01 -2.637673299999999799e+01
1.306057313333333525e+02 3.014017333333333681e+01 -3.868913599999999775e+01
1.373752279999999928e+02 3.425838300000000203e+01 -1.705484400000000278e+01
1.335857150000000217e+02 3.451805566666666891e+01 -6.783515966666665520e+01
1.344023249999999905e+02 3.489722366666666176e+01 -8.246276166666666541e+01
1.344304403333333369e+02 3.257580233333332842e+01 -9.017161666666664743e+00
1.329127706666666882e+02 3.168461966666666640e+01 -1.092987899999999968e+01
1.364021699999999839e+02 3.372444966666666488e+01 -1.683646733333333501e+01
1.354973090000000013e+02 3.417571766666666377e+01 -3.869425066666666879e+01
1.322860839999999882e+02 3.260992499999999694e+01 -3.278349399999999747e+01
1.327135639999999910e+02 3.271054733333333076e+01 -2.526915366666666785e+01
1.363625673333333452e+02 3.349650700000000114e+01 -1.257369033333333341e+01
1.345809199999999919e+02 3.359060266666666905e+01 -2.157669599999999832e+01
1.334936639999999954e+02 3.279075033333333522e+01 -1.720480866666666486e+01
1.383596149999999909e+02 3.593981900000000707e+01 -6.508833199999999408e+01
1.368629529999999761e+02 3.354673799999999773e+01 -1.113687799999999761e+01
1.308742793333333339e+02 3.165761366666666632e+01 -8.966635433333333083e+01
1.375880779999999959e+02 3.522251900000000546e+01 -3.387874433333333712e+01
1.318843183333333116e+02 3.170357399999999970e+01 -2.786904133333333178e+01
1.313301876666666601e+02 3.188257433333333424e+01 -6.009105400000000685e+01
1.308149356666666563e+02 3.129931133333333548e+01 -7.503915433333334306e+01
1.338505173333333289e+02 3.285839933333333107e+01 -1.492321066666666773e+01
1.340397759999999892e+02 3.227082300000000004e+01 -8.709090999999999028e+00
1.312250899999999945e+02 3.049301233333332917e+01 -2.701210666666666782e+01
1.387513366666666741e+02 3.601968999999999710e+01 -6.250196133333332682e+01
1.336430436666666708e+02 3.432271766666666934e+01 -5.527292766666666779e+01
1.376204150000000084e+02 3.546333566666666570e+01 -4.715987999999999403e+01
1.354965976666666450e+02 3.321308866666667114e+01 -1.157067766666666842e+01
1.371642510000000073e+02 3.566902033333334288e+01 -6.625275166666666848e+01
1.318379446666666581e+02 3.138896099999999834e+01 -2.486449433333333658e+01
1.359971456666666825e+02 3.532606233333333279e+01 -8.879086199999998996e+01
1.375818623333333335e+02 3.348578766666667406e+01 -6.631771000000000527e+00
1.357681006666666690e+02 3.413682599999999923e+01 -3.729253100000000387e+01
1.321916929999999866e+02 3.242205466666666780e+01 -3.156364033333333552e+01
1.362141306666666480e+02 3.483679099999999806e+01 -6.108964666666667398e+01
1.376350883333333286e+02 3.412282933333332835e+01 -1.173717200000000105e+01
1.318231456666666759e+02 3.054318033333333560e+01 -1.555952366666666897e+01
1.362066773333333458e+02 3.533637399999999928e+01 -8.447931099999999560e+01
1.324796496666666883e+02 3.307113299999999612e+01 -3.983378799999999842e+01
1.348079639999999984e+02 3.420078833333332824e+01 -3.888772800000000274e+01
1.350554899999999918e+02 3.400125933333332995e+01 -3.107186666666666852e+01
1.365840433333333408e+02 3.575948133333333345e+01 -9.463565566666666484e+01
1.336479209999999966e+02 3.196925500000000397e+01 -8.805047999999999320e+00
1.377244246666666641e+02 3.520130499999999785e+01 -2.943096633333333401e+01
1.388605853333333471e+02 3.595548633333333299e+01 -5.465989600000000337e+01
1.369391766666666683e+02 3.574064999999999515e+01 -7.614640033333331814e+01
1.370393946666666807e+02 3.478876499999999794e+01 -3.452537166666666479e+01
1.353747486666666475e+02 3.524679366666666880e+01 -9.442652733333333970e+01
1.354130416666666576e+02 3.508628366666666665e+01 -8.275234566666665614e+01
1.335093779999999981e+02 3.243003133333332499e+01 -1.347248233333333367e+01
1.360736466666666900e+02 3.530322733333333218e+01 -8.569209800000000143e+01
1.323061136666666755e+02 3.372882500000000050e+01 -6.582559566666667195e+01
1.345006683333333513e+02 3.304298633333333868e+01 -1.308073366666666715e+01
1.337186516666666591e+02 3.243886833333332476e+01 -1.198445300000000024e+01
1.309580036666666558e+02 3.042295666666666776e+01 -3.300415266666666980e+01
1.321024880000000223e+02 3.336766766666666939e+01 -6.447087466666665989e+01
1.329708893333333606e+02 3.207309166666666300e+01 -1.394867400000000224e+01
1.337331356666666693e+02 3.207742000000000360e+01 -9.081039999999999779e+00
1.317692260000000033e+02 3.091223366666666550e+01 -2.110984500000000352e+01
1.354909030000000030e+02 3.271643233333333001e+01 -7.347752666666667487e+00
1.366680000000000064e+02 3.509160833333334040e+01 -5.614669299999999907e+01
1.356752566666666553e+02 3.298839499999999703e+01 -8.867026333333333454e+00
1.341747190000000103e+02 3.364988933333333421e+01 -2.440836200000000034e+01
1.352139826666666522e+02 3.413726666666666887e+01 -3.609516433333333651e+01
1.371060513333333404e+02 3.562185833333333562e+01 -6.387430566666666465e+01
1.330014299999999992e+02 3.135857500000000186e+01 -8.266261333333332573e+00
1.313434633333333466e+02 3.234344366666666559e+01 -7.857859566666665785e+01
1.334919696666666766e+02 3.461934233333333566e+01 -7.629633266666665747e+01
1.331778933333333441e+02 3.390900466666666802e+01 -4.880461966666666740e+01
1.314906550000000323e+02 3.062716533333333402e+01 -2.313850700000000060e+01
1.367658206666666558e+02 3.337310733333332990e+01 -9.371989333333333505e+00
1.357389463333333310e+02 3.293438133333332729e+01 -8.316585333333334162e+00
1.316947536666666849e+02 3.296540366666666699e+01 -7.444689566666667702e+01
1.324756879999999910e+02 3.409490533333333673e+01 -7.100042233333334707e+01
1.321276963333333185e+02 3.099337566666666532e+01 -1.491779333333333390e+01
1.323163279999999986e+02 3.285001033333333709e+01 -3.814243499999999898e+01
1.356906286666666404e+02 3.455043000000000575e+01 -5.625985066666666512e+01
1.374696930000000066e+02 3.586275666666666240e+01 -8.210801999999999623e+01
1.351288063333333582e+02 3.255175433333333501e+01 -6.998916000000000359e+00
1.325645299999999907e+02 3.213099633333333571e+01 -1.898734800000000078e+01
1.344684053333333225e+02 3.376716833333333767e+01 -2.610265233333333512e+01
1.377770873333333554e+02 3.391943233333333296e+01 -8.795014999999999361e+00
1.320495700000000170e+02 3.302179933333334105e+01 -5.418273266666665933e+01
1.344828673333333029e+02 3.509520400000000251e+01 -9.751788566666668601e+01
1.332682743333333235e+02 3.447895666666666870e+01 -7.217494799999998634e+01
1.345316929999999900e+02 3.494492366666666072e+01 -8.462573933333332832e+01
1.316048619999999971e+02 3.210302433333333738e+01 -5.050754933333333696e+01
1.308618233333333194e+02 3.113694766666666780e+01 -6.223831433333332797e+01
1.371484393333333571e+02 3.505113533333333464e+01 -3.834825433333333677e+01
1.312890026666666756e+02 3.037186499999999967e+01 -2.379425466666667077e+01
1.316160123333333445e+02 3.226273733333333382e+01 -5.503692066666666705e+01
1.303041543333333436e+02 3.073757833333333167e+01 -9.118290600000000268e+01
1.331309016666666594e+02 3.134765799999999913e+01 -7.554483999999999533e+00
1.375735813333333510e+02 3.462504933333332957e+01 -1.813795633333333512e+01
1.357894853333333174e+02 3.333145466666666579e+01 -1.240849533333333454e+01
1.359552410000000009e+02 3.496054733333333076e+01 -6.997827366666666649e+01
1.323758916666666892e+02 3.369312233333334206e+01 -6.198977000000000004e+01
1.307127403333333007e+02 3.091988266666666618e+01 -6.359325866666666371e+01
1.354219170000000076e+02 3.458684799999999626e+01 -5.701825199999999683e+01
1.370508723333333307e+02 3.531138500000000136e+01 -4.983598400000000339e+01
1.338003603333333444e+02 3.475873733333333604e+01 -8.020342666666665821e+01
1.366070496666666543e+02 3.514087500000000119e+01 -6.042391100000000392e+01
1.314243903333333492e+02 3.051994700000000194e+01 -2.302402433333333320e+01
1.345866279999999904e+02 3.227998166666666435e+01 -6.743748000000000076e+00
1.304319040000000030e+02 3.042438966666666644e+01 -5.901816800000000285e+01
1.357746120000000190e+02 3.465965399999999619e+01 -6.048034766666666684e+01
1.316792096666666794e+02 3.125050833333332889e+01 -2.710932999999999993e+01
1.338307316666666793e+02 3.226276400000000422e+01 -9.825308333333333977e+00
1.372403883333333283e+02 3.564671266666666583e+01 -6.394164999999998855e+01
1.312214276666666990e+02 3.017797600000000102e+01 -2.257160466666666920e+01
1.367491733333333457e+02 3.423251666666666893e+01 -2.708006366666666409e+01
1.358027723333333086e+02 3.437305599999999828e+01 -4.844238966666666357e+01
1.322423346666666646e+02 3.082694000000000401e+01 -1.159107266666666725e+01
1.380437143333333267e+02 3.401610133333333152e+01 -7.437211333333332952e+00
1.327991863333333242e+02 3.133806800000000337e+01 -9.462778333333332625e+00
1.381417100000000175e+02 3.559844733333333267e+01 -4.187728166666666851e+01
1.355297516666666695e+02 3.344943166666666912e+01 -1.509580066666666731e+01
1.329965296666666745e+02 3.417582799999999565e+01 -6.206824299999999539e+01
1.324357113333333302e+02 3.079259566666666714e+01 -9.184125666666666632e+00
1.308712419999999952e+02 3.173751633333333544e+01 -9.468992733333332978e+01
1.301684726666666450e+02 3.049873166666666791e+01 -8.767156133333332946e+01
1.330586033333333091e+02 3.131866333333333330e+01 -7.766860999999999571e+00
1.333781950000000052e+02 3.340463199999999944e+01 -2.950504799999999861e+01
1.379330290000000048e+02 3.468346533333333070e+01 -1.191887499999999989e+01
1.323271153333333530e+02 3.240418500000000535e+01 -2.742038733333333411e+01
1.313421830000000057e+02 3.257633433333333528e+01 -8.887051333333333503e+01
1.380546663333333299e+02 3.387216600000000000e+01 -6.628565666666666800e+00
1.310224760000000117e+02 3.038065000000000282e+01 -3.028690800000000038e+01
1.355559550000000115e+02 3.456921433333333482e+01 -5.672269399999999706e+01
1.322684409999999957e+02 3.314004666666667021e+01 -4.901713600000000071e+01
1.314158173333333366e+02 3.262002066666666877e+01 -8.373021299999999201e+01
1.363061470000000099e+02 3.321127999999999503e+01 -9.146153666666664961e+00
1.376797216666666657e+02 3.370102633333333841e+01 -7.943576333333332684e+00
1.382803826666666964e+02 3.500365633333333193e+01 -9.368033999999999750e+00
1.315841443333333416e+02 3.071309899999999971e+01 -2.238504199999999855e+01
1.341446163333333459e+02 3.297530133333333424e+01 -1.423538766666666788e+01
1.386156593333333262e+02 3.568866466666666071e+01 -3.534724133333332929e+01
1.349149803333333466e+02 3.487641333333333193e+01 -7.512567966666665598e+01
1.340551663333333181e+02 3.330758399999999853e+01 -1.899247066666666584e+01
1.365471280000000149e+02 3.474604566666666727e+01 -4.858097033333333314e+01
1.343789716666666720e+02 3.409962833333333521e+01 -3.611631933333333677e+01
1.327527000000000044e+02 3.338291100000000000e+01 -4.221406200000000553e+01
1.328737333333333197e+02 3.371796133333333501e+01 -4.939042566666666545e+01
1.324942616666666595e+02 3.262314666666666341e+01 -2.772458633333333111e+01
1.359743123333333301e+02 3.512515133333332784e+01 -7.709883600000000570e+01
1.332782916666666608e+02 3.365769499999999681e+01 -3.871294966666666681e+01
1.359424313333333316e+02 3.391103466666667288e+01 -2.642273933333333602e+01
1.372341600000000028e+02 3.515658733333333430e+01 -3.937358266666667106e+01
1.362255603333333340e+02 3.394974799999999959e+01 -2.507730466666666658e+01
1.314742059999999810e+02 3.175483399999999889e+01 -4.607755933333334042e+01
1.339743853333333448e+02 3.276060566666667029e+01 -1.310370499999999971e+01
1.313286406666666721e+02 3.084182366666666653e+01 -3.000323766666666359e+01
1.366321296666666569e+02 3.485389400000000393e+01 -4.931565900000000369e+01
1.351754666666666651e+02 3.434221166666666392e+01 -4.475862333333333254e+01
1.347371450000000266e+02 3.276818033333333346e+01 -9.317563666666666577e+00
1.339701773333333392e+02 3.320020766666666390e+01 -1.807903899999999808e+01
1.362423270000000173e+02 3.455002300000000304e+01 -5.008608566666666206e+01
1.357172369999999830e+02 3.531427233333332794e+01 -9.318618933333333132e+01
1.339775829999999814e+02 3.371774299999999869e+01 -2.742063733333333531e+01
1.327163336666666567e+02 3.175010299999999930e+01 -1.321926566666666680e+01
1.345350156666666805e+02 3.327755066666666295e+01 -1.601332866666666632e+01
1.380089903333333439e+02 3.479522800000000160e+01 -1.160740466666666748e+01
1.352280609999999967e+02 3.281588666666667109e+01 -8.393295666666666932e+00
1.351801643333333232e+02 3.294183999999999912e+01 -9.494500000000000384e+00
1.343296170000000131e+02 3.422546133333333529e+01 -4.109614933333333653e+01
1.382365606666666906e+02 3.404709266666666423e+01 -6.261538333333333206e+00
1.333965026666666631e+02 3.260615366666666404e+01 -1.613166633333333166e+01
1.359379539999999906e+02 3.435335566666666551e+01 -4.669464600000000587e+01
1.327099399999999889e+02 3.314882566666666719e+01 -3.613353000000000037e+01
1.359076386666666565e+02 3.367571433333333886e+01 -1.890152099999999891e+01
1.312210363333333305e+02 3.025619999999999621e+01 -2.363419566666666682e+01
1.340395006666666688e+02 3.366911633333333498e+01 -2.572916266666666729e+01
1.310873946666666541e+02 3.102368300000000190e+01 -4.283281500000000364e+01
1.370988383333333331e+02 3.517980233333333473e+01 -4.374311766666667012e+01
1.314561419999999998e+02 3.167993099999999984e+01 -4.453230366666667095e+01
1.336295933333333323e+02 3.277087733333333830e+01 -1.577206700000000161e+01
1.356141930000000002e+02 3.355765999999999849e+01 -1.708367300000000100e+01
1.332717649999999878e+02 3.270426900000000359e+01 -1.836824966666666725e+01
1.341596826666666686e+02 3.261412466666666887e+01 -1.066113200000000028e+01
1.352432743333333462e+02 3.480409700000000583e+01 -6.801568933333332723e+01
1.321825836666666589e+02 3.086926599999999965e+01 -1.284443966666666626e+01
1.305744320000000016e+02 3.066856799999999694e+01 -6.119766600000000523e+01
1.322231473333333440e+02 3.390250033333333590e+01 -7.532306633333332968e+01
1.345082440000000190e+02 3.481096933333333254e+01 -7.460750800000000993e+01
1.312224106666666614e+02 3.109848100000000315e+01 -3.870815400000000039e+01
1.351634836666666786e+02 3.426459133333332829e+01 -4.130297099999999233e+01
1.384479563333333090e+02 3.536567633333333305e+01 -1.756337366666666711e+01
1.310899739999999838e+02 3.041910433333333330e+01 -2.917212566666666973e+01
1.327276543333333336e+02 3.182851066666666995e+01 -1.382143499999999925e+01
1.377020080000000064e+02 3.504543999999999926e+01 -2.403813633333333044e+01
1.332364379999999926e+02 3.454711533333333762e+01 -7.689171499999999071e+01
1.310172183333333180e+02 3.112607266666666916e+01 -5.029086233333333666e+01
1.351927476666666905e+02 3.258548666666666804e+01 -7.077573333333333494e+00
1.330361193333333176e+02 3.158967466666666724e+01 -9.391512000000000526e+00
1.338342489999999998e+02 3.440807899999999364e+01 -5.591629633333332805e+01
1.363776210000000049e+02 3.452959633333333045e+01 -4.585733966666666817e+01
1.312062479999999880e+02 3.186459166666666576e+01 -6.876446533333333377e+01
1.355822326666666697e+02 3.527534366666666443e+01 -9.273608833333332768e+01
1.329599899999999764e+02 3.382400200000000012e+01 -5.069401733333333482e+01
1.326084720000000061e+02 3.244558599999999871e+01 -2.248380633333333378e+01
1.375807436666666490e+02 3.396683766666667026e+01 -1.087976166666666700e+01
1.322687903333333281e+02 3.045170299999999841e+01 -8.573081666666666933e+00
1.329863556666666682e+02 3.171423133333333411e+01 -1.061168633333333311e+01
1.319593333333333476e+02 3.029683300000000301e+01 -1.103015266666666605e+01
1.383709383333333278e+02 3.525004533333333256e+01 -1.413227999999999973e+01
1.346982246666666754e+02 3.297402433333333249e+01 -1.140576533333333309e+01
1.311631583333333140e+02 3.150647633333333530e+01 -5.571649700000000394e+01
1.383035433333333231e+02 3.536635133333333414e+01 -2.081673933333333082e+01
1.313878736666666782e+02 3.121922033333332891e+01 -3.509461833333333658e+01
1.328973266666666859e+02 3.204397633333332607e+01 -1.428698933333333265e+01
1.331313849999999945e+02 3.360016366666666698e+01 -4.022146433333333704e+01
1.356210820000000012e+02 3.407784966666666548e+01 -3.466376866666666956e+01
1.350389883333333216e+02 3.245005566666666397e+01 -6.653227333333333604e+00
1.374000876666666784e+02 3.441330233333332700e+01 -1.873521833333333220e+01
1.340622606666666741e+02 3.382595099999999633e+01 -2.933556433333333402e+01
1.313038603333333185e+02 3.145224533333333383e+01 -4.501060100000000119e+01
1.319225590000000068e+02 3.149800433333333061e+01 -2.402475533333333502e+01
1.341241873333333388e+02 3.237871766666666673e+01 -9.012866333333333202e+00
1.362277926666666588e+02 3.293751233333333062e+01 -7.216561999999999699e+00
1.363499329999999929e+02 3.481619533333333294e+01 -5.695673500000000189e+01
1.323880736666666564e+02 3.325702666666666829e+01 -4.863270266666666686e+01
1.340244783333333203e+02 3.263353366666666489e+01 -1.161634266666666626e+01
1.363442809999999952e+02 3.300511399999999895e+01 -7.363635666666667134e+00
1.373003476666666529e+02 3.466837600000000208e+01 -2.512691900000000089e+01
1.332336336666666625e+02 3.151681966666666312e+01 -7.909845666666665664e+00
1.356385686666666572e+02 3.533365866666667188e+01 -9.610683166666666466e+01
1.359451803333332975e+02 3.296353600000000483e+01 -8.059383333333332899e+00
1.322396696666666855e+02 3.058486233333333359e+01 -9.722764666666668276e+00
1.352427263333333372e+02 3.472207900000000080e+01 -6.351998999999999995e+01
1.324112210000000118e+02 3.386370766666666299e+01 -6.530759000000000469e+01
1.319767326666666634e+02 3.291032266666667283e+01 -5.387055166666666395e+01
1.350442040000000077e+02 3.392276400000000081e+01 -2.850372966666666841e+01
1.327793303333333199e+02 3.396241400000000255e+01 -5.847590799999999689e+01
1.327303729999999860e+02 3.402396699999999896e+01 -6.147519166666666024e+01
1.357565046666667001e+02 3.405824700000000149e+01 -3.368960133333333573e+01
1.372878386666666586e+02 3.415063833333334031e+01 -1.692958066666666639e+01
1.309135263333333228e+02 3.079995766666666768e+01 -4.492000033333332709e+01
1.353055576666666582e+02 3.484262466666666569e+01 -6.977049499999999682e+01
1.371953509999999881e+02 3.536100933333333529e+01 -4.816221900000000034e+01
1.334400410000000079e+02 3.196171266666666710e+01 -9.836130000000000706e+00
1.324563083333333395e+02 3.024408733333332933e+01 -6.883113000000000703e+00
1.338075220000000058e+02 3.350269666666666524e+01 -2.473595933333333008e+01
1.317648980000000165e+02 3.324546300000000087e+01 -8.360784000000001015e+01
1.383939416666666773e+02 3.607367366666667152e+01 -7.686187133333332611e+01
1.326088083333333145e+02 3.406442733333333450e+01 -6.571828299999999956e+01
1.378754286666666360e+02 3.526173633333333157e+01 -2.807854999999999634e+01
1.362002706666666541e+02 3.519984566666666836e+01 -7.668256700000000592e+01
1.352990123333333656e+02 3.328257999999999583e+01 -1.300336133333333244e+01
1.348012979999999743e+02 3.367827533333332468e+01 -2.267439400000000305e+01
1.338578433333333351e+02 3.337593433333333337e+01 -2.176138866666666516e+01
1.365287869999999941e+02 3.570130400000000037e+01 -9.390710866666665879e+01
1.308527523333333420e+02 3.092762499999999548e+01 -5.341832266666667550e+01
1.367965083333333496e+02 3.534512400000000554e+01 -6.062013333333333520e+01
1.317396410000000060e+02 3.264510599999999840e+01 -5.888196133333334359e+01
1.378366113333333374e+02 3.502641899999999708e+01 -1.988925000000000054e+01
1.351831926666666561e+02 3.495779266666666985e+01 -7.762567266666665944e+01
1.343176269999999874e+02 3.459355099999999794e+01 -6.099947933333333339e+01
1.307375056666666353e+02 3.150031999999999854e+01 -9.595929699999999229e+01
1.320563856666666709e+02 3.244037600000000054e+01 -3.675056733333332915e+01
1.330048700000000110e+02 3.230694399999999433e+01 -1.616198666666666739e+01
1.336144286666666687e+02 3.173206999999999667e+01 -7.556104999999999627e+00
1.318300430000000176e+02 3.262927799999999934e+01 -5.284218333333333106e+01
1.350215643333333446e+02 3.376578200000000152e+01 -2.395372899999999916e+01
1.322626613333333125e+02 3.031931233333333253e+01 -7.979991666666665928e+00
1.359911949999999763e+02 3.519703266666666508e+01 -8.067134000000000071e+01
1.363653270000000077e+02 3.530735599999999863e+01 -7.764901600000000315e+01
1.349933973333333199e+02 3.405090233333333316e+01 -3.292507533333333214e+01
1.325725119999999890e+02 3.317281633333333701e+01 -4.038332799999999878e+01
1.313575433333333251e+02 3.048562300000000391e+01 -2.394240600000000185e+01
1.341430216666666695e+02 3.481986466666666757e+01 -7.959840466666666714e+01
1.300337333333333447e+02 3.017941433333333734e+01 -7.939300366666667230e+01
1.330817663333333201e+02 3.372725666666666910e+01 -4.517862500000000381e+01
1.362772919999999885e+02 3.338174766666666216e+01 -1.124832200000000171e+01
1.335321480000000065e+02 3.398260499999999951e+01 -4.318571800000000138e+01
1.352664249999999981e+02 3.269202733333333555e+01 -7.533988000000000795e+00
1.333065069999999821e+02 3.154446900000000298e+01 -7.742912666666666333e+00
1.311822879999999998e+02 3.077676933333333409e+01 -3.311133266666666231e+01
1.364171076666666522e+02 3.432219500000000068e+01 -3.662106666666666399e+01
1.374146326666666482e+02 3.544749566666666851e+01 -4.914674500000000279e+01
1.376428916666666566e+02 3.602522866666667056e+01 -9.682163333333333810e+01
1.312924233333333177e+02 3.052847466666666421e+01 -2.600203633333333642e+01
1.319057896666666636e+02 3.309363666666666148e+01 -6.486874299999999494e+01
1.312681436666666741e+02 3.191126166666667174e+01 -6.600124133333333987e+01
1.357859160000000145e+02 3.473808633333333518e+01 -6.333275800000000544e+01
1.338463079999999934e+02 3.461044066666666907e+01 -6.856039666666667642e+01
1.339022539999999992e+02 3.439355299999999716e+01 -5.382625666666666575e+01
1.358708806666666362e+02 3.292614866666666984e+01 -7.969175333333333278e+00
1.353656929999999932e+02 3.278143133333333026e+01 -7.918533666666665916e+00
1.356988870000000134e+02 3.366579766666666274e+01 -1.951036100000000317e+01
1.325772116666666705e+02 3.273210733333332456e+01 -2.825789566666666630e+01
1.374078389999999956e+02 3.406342533333333478e+01 -1.398185533333333375e+01
1.335871580000000165e+02 3.341456666666666564e+01 -2.609451666666666370e+01
1.379812146666666877e+02 3.605803833333333586e+01 -9.105954233333334003e+01
1.328785206666666738e+02 3.422930566666666863e+01 -6.661565033333333474e+01
1.337451890000000105e+02 3.215567700000000428e+01 -9.559279333333332573e+00
1.347579356666666683e+02 3.433086033333333376e+01 -4.449270200000000131e+01
1.327545393333333266e+02 3.416104200000000191e+01 -6.613044200000000217e+01
1.377971880000000056e+02 3.412340300000000326e+01 -1.002099800000000052e+01
1.347327876666666668e+02 3.320862999999999943e+01 -1.411152733333333309e+01
1.312728103333333536e+02 3.222451066666666719e+01 -7.964223966666666854e+01
1.361006336666666527e+02 3.300111433333333366e+01 -7.954973999999999990e+00
1.371554833333333363e+02 3.416966266666667451e+01 -1.932421899999999937e+01
1.341973749999999939e+02 3.380696333333332859e+01 -2.799129699999999943e+01
1.337382626666666852e+02 3.398977866666666614e+01 -3.888362833333333413e+01
1.324623609999999871e+02 3.238587533333333113e+01 -2.413253966666666273e+01
1.334017496666666602e+02 3.356037566666666550e+01 -3.320115766666666701e+01
1.332067653333333226e+02 3.319063666666666990e+01 -2.731958033333333447e+01
1.383492679999999666e+02 3.466537933333332688e+01 -6.036077666666667341e+00
1.318723306666666701e+02 3.162485233333333312e+01 -2.699971533333333085e+01
1.388659163333333311e+02 3.608578833333333336e+01 -6.654671466666665935e+01
1.307079566666666608e+02 3.067318966666666924e+01 -5.208393199999999723e+01
1.358184513333333427e+02 3.400917233333333911e+01 -3.127675000000000338e+01
1.336553976666666586e+02 3.388335099999999755e+01 -3.709120700000000426e+01
1.376681680000000085e+02 3.383853633333333732e+01 -9.021215999999999013e+00
1.353290149999999983e+02 3.299365499999999685e+01 -9.616262666666667513e+00
1.344109640000000070e+02 3.337560466666666770e+01 -1.813121566666666595e+01
1.319072613333333379e+02 3.089647966666666434e+01 -1.810436466666666533e+01
1.381295520000000181e+02 3.388556233333333267e+01 -6.182380333333333589e+00
1.374822433333333436e+02 3.495840366666666910e+01 -2.709520233333333294e+01
1.310173760000000129e+02 3.013978033333333428e+01 -2.646309133333333463e+01
1.327229219999999827e+02 3.122657033333333132e+01 -9.399378000000000455e+00
1.349763890000000117e+02 3.345218533333333255e+01 -1.698043800000000303e+01
1.341790816666666615e+02 3.320972266666666428e+01 -1.684134200000000092e+01
1.361906713333333130e+02 3.371586533333333335e+01 -1.813815200000000161e+01
1.319905803333333267e+02 3.100779766666666504e+01 -1.765176833333333306e+01
1.378054946666666751e+02 3.478645000000000209e+01 -1.558456699999999984e+01
1.326771956666666483e+02 3.195526800000000023e+01 -1.561472666666666775e+01
1.344339426666666668e+02 3.353213500000000380e+01 -2.090004966666666775e+01
1.313361686666666799e+02 3.211115333333333410e+01 -6.947962166666667372e+01
1.380731463333333124e+02 3.474773199999999918e+01 -1.006608899999999984e+01
1.324801940000000116e+02 3.202259166666667056e+01 -1.896068066666666496e+01
1.322022893333333116e+02 3.250031966666666250e+01 -3.290363099999999719e+01
1.375852086666666594e+02 3.470302133333333927e+01 -1.908952466666666581e+01
1.356650439999999946e+02 3.342966100000000296e+01 -1.437456400000000123e+01
1.314068379999999934e+02 3.129303200000000018e+01 -3.599783466666666953e+01
1.312434013333333382e+02 3.073170533333333410e+01 -3.045373266666666723e+01
1.335946779999999876e+02 3.253693499999999972e+01 -1.379823833333333205e+01
1.374139330000000143e+02 3.580885500000000121e+01 -7.700274233333333029e+01
1.321617863333333389e+02 3.379467399999999344e+01 -7.565583633333334035e+01
1.300337333333333447e+02 3.025892699999999991e+01 -8.485209833333334473e+01
1.377948649999999873e+02 3.435424033333333682e+01 -1.159076366666666580e+01
1.331584693333333291e+02 3.288006433333333689e+01 -2.201475966666666295e+01
1.336450586666666425e+02 3.240986599999999385e+01 -1.226735533333333272e+01
1.364284619999999961e+02 3.326298433333333548e+01 -9.251907000000000991e+00
1.356854393333333348e+02 3.306481366666666588e+01 -9.526315999999999562e+00
1.359354716666666718e+02 3.339073599999999686e+01 -1.280785866666666628e+01
1.334977993333333188e+02 3.235203366666667080e+01 -1.283474366666666810e+01
1.378152809999999988e+02 3.442975566666666509e+01 -1.183837166666666718e+01
1.352652043333333438e+02 3.497646933333333408e+01 -7.782094333333333225e+01
1.354497176666666576e+02 3.522937233333333751e+01 -9.178387400000001151e+01
1.326411976666666703e+02 3.356618999999999886e+01 -5.051853166666666795e+01
1.329536090000000002e+02 3.243415066666666746e+01 -1.810935433333333222e+01
1.353202369999999917e+02 3.518979900000000072e+01 -9.121244166666667752e+01
1.366772666666666680e+02 3.367817700000000514e+01 -1.422114400000000067e+01
1.325086009999999987e+02 3.173828066666666814e+01 -1.550315100000000079e+01
1.358961960000000033e+02 3.307925266666666886e+01 -9.141047000000000367e+00
1.387971413333333146e+02 3.621118066666667090e+01 -7.919706066666665834e+01
1.338389076666666426e+02 3.278028566666666421e+01 -1.422079899999999952e+01
1.363948323333333406e+02 3.416454500000000394e+01 -3.080586599999999819e+01
1.307463586666666515e+02 3.126494800000000041e+01 -8.009983233333333885e+01
1.320925396666666529e+02 3.052862199999999859e+01 -1.110142333333333475e+01
1.367995103333333304e+02 3.410447599999999824e+01 -2.291237033333333173e+01
1.371238343333333205e+02 3.330998199999999798e+01 -7.626124666666666663e+00
1.317733929999999987e+02 3.277555633333333418e+01 -6.102215133333334052e+01
1.336877513333333525e+02 3.316111333333333988e+01 -2.006289366666666751e+01
1.328866943333333381e+02 3.335946966666666214e+01 -3.833305666666666411e+01
1.336374103333333494e+02 3.328790666666666453e+01 -2.279257533333333186e+01
1.377910833333333471e+02 3.377968699999999558e+01 -7.786883333333332935e+00
1.348220839999999896e+02 3.516269033333333027e+01 -9.756690533333333804e+01
1.326957609999999761e+02 3.307163933333333716e+01 -3.422899933333333422e+01
1.328991516666666541e+02 3.386907766666666930e+01 -5.327384599999999892e+01
1.318450339999999699e+02 3.275504166666666350e+01 -5.584020000000000294e+01
1.375159626666666668e+02 3.519382166666667189e+01 -3.431831199999999882e+01
1.337536456666666709e+02 3.267302866666666716e+01 -1.382263666666666779e+01
1.334784889999999962e+02 3.315126366666666513e+01 -2.239151366666666831e+01
1.358469253333333597e+02 3.535437833333332946e+01 -9.383792733333332592e+01
1.326324383333333401e+02 3.164123000000000374e+01 -1.314128633333333340e+01
1.380000916666666626e+02 3.516831333333333731e+01 -2.016507833333333366e+01
1.356449053333333268e+02 3.283964300000000236e+01 -7.832616333333334069e+00
1.355477216666666607e+02 3.308549466666666916e+01 -1.002465966666666652e+01
1.332149110000000007e+02 3.413307666666666051e+01 -5.615002199999999988e+01
1.359442336666666904e+02 3.487844600000000383e+01 -6.702014966666666851e+01
1.341973316666666562e+02 3.487557100000000077e+01 -8.335680366666666430e+01
1.344777193333333400e+02 3.288681600000000316e+01 -1.151449900000000071e+01
1.368496549999999843e+02 3.530105533333333057e+01 -5.661056466666666864e+01
1.349242876666666575e+02 3.507328333333333603e+01 -8.907618966666666438e+01
1.371788943333333179e+02 3.377209166666666817e+01 -1.242079333333333402e+01
1.359034976666666807e+02 3.411716533333333246e+01 -3.567343900000000190e+01
1.359606943333333220e+02 3.451122933333333265e+01 -5.346776833333333201e+01
1.320997710000000041e+02 3.344659933333333157e+01 -6.756842933333332724e+01
1.355210560000000157e+02 3.433253866666666454e+01 -4.596629433333333736e+01
1.385694903333333343e+02 3.575051633333333712e+01 -4.140266633333333601e+01
1.361151509999999973e+02 3.316657066666666509e+01 -9.330693666666666886e+00
1.330852333333333490e+02 3.146697599999999895e+01 -8.370300000000000296e+00
1.377838539999999909e+02 3.571172666666666373e+01 -6.430493366666665622e+01
1.378847689999999773e+02 3.541639566666666639e+01 -3.708237533333333147e+01
1.369736293333333208e+02 3.387931766666666533e+01 -1.606510033333332998e+01
1.324806503333333296e+02 3.058979966666666428e+01 -7.664128666666666589e+00
1.352022763333333444e+02 3.508755300000000688e+01 -8.590486366666668516e+01
1.332259899999999959e+02 3.239298699999999798e+01 -1.531247599999999842e+01
1.371746463333333281e+02 3.383753133333333807e+01 -1.344990366666666581e+01
1.321104556666666383e+02 3.083606866666666591e+01 -1.368652566666666814e+01
1.303018973333333577e+02 3.050208733333333555e+01 -7.432237233333333393e+01
1.367784969999999873e+02 3.557124999999999915e+01 -7.227468833333333009e+01
1.319083423333333087e+02 3.186180733333333137e+01 -2.994110600000000133e+01
1.314858040000000017e+02 3.282907233333333608e+01 -8.692856299999999692e+01
1.340284203333333437e+02 3.471023600000000187e+01 -7.272496366666666745e+01
1.371132413333333488e+02 3.481716033333333371e+01 -3.316112333333333595e+01
1.329870703333333211e+02 3.266792799999999630e+01 -2.084563766666666496e+01
1.318947983333333411e+02 3.230763333333333520e+01 -4.060104300000000421e+01
1.308828586666666354e+02 3.126518233333333185e+01 -6.671500699999999995e+01
1.360112673333333078e+02 3.438284599999999358e+01 -4.723131033333333306e+01
1.343305026666666606e+02 3.282872966666666770e+01 -1.168957266666666861e+01
1.342480793333333224e+02 3.367931066666666595e+01 -2.471364733333333064e+01
1.369695466666666732e+02 3.432042766666666722e+01 -2.547089866666666680e+01
1.338232323333333227e+02 3.314163599999999832e+01 -1.847598033333333589e+01
1.317557443333333538e+02 3.017900133333333201e+01 -1.286579199999999901e+01
1.349912040000000104e+02 3.477974866666666287e+01 -6.815334533333333411e+01
1.318358313333333456e+02 3.183070333333333224e+01 -3.183477133333333242e+01
1.304405846666666662e+02 3.074260133333332945e+01 -7.729455966666667166e+01
1.332577830000000176e+02 3.167270633333333407e+01 -8.702024333333334027e+00
1.330483366666666427e+02 3.166600366666666488e+01 -9.834938333333333560e+00
1.373463926666666737e+02 3.497958200000000062e+01 -3.110704400000000192e+01
1.326210109999999815e+02 3.340841333333333552e+01 -4.638745266666666822e+01
1.362818213333333404e+02 3.434252666666666443e+01 -4.046447066666666359e+01
1.341084536666666622e+02 3.449897599999999898e+01 -5.701217366666666209e+01
1.342691836666666632e+02 3.427318166666666599e+01 -4.346497933333333918e+01
1.307108883333333154e+02 3.075549900000000036e+01 -5.557812666666666246e+01
1.306397019999999998e+02 3.063003700000000151e+01 -5.459402999999999651e+01
1.328831223333333185e+02 3.436942933333332917e+01 -7.368113699999999255e+01
1.320971033333333366e+02 3.036862133333333347e+01 -9.862885999999999598e+00
1.336220079999999939e+02 3.364863333333332918e+01 -3.110780166666666346e+01
1.378095019999999806e+02 3.530531933333333683e+01 -3.235642200000000201e+01
1.351134386666666671e+02 3.439198166666665912e+01 -4.694347633333332936e+01
1.301006243333333430e+02 3.037912633333333545e+01 -8.621834466666666685e+01
1.336952713333333520e+02 3.228274333333333601e+01 -1.084376466666666694e+01
1.321638713333333328e+02 3.394937666666666587e+01 -8.109776366666666547e+01
1.341647506666666629e+02 3.474628766666666735e+01 -7.354970166666667808e+01
1.361603350000000034e+02 3.549501300000000015e+01 -9.701795399999998892e+01
1.319647136666666540e+02 3.360209966666666759e+01 -8.427357466666667563e+01
1.347644736666666461e+02 3.490140433333333903e+01 -7.853995899999999608e+01
1.379482969999999966e+02 3.529649799999999971e+01 -2.767176966666666615e+01
1.362603029999999933e+02 3.540175800000000095e+01 -8.702517566666665516e+01
1.383136126666666712e+02 3.573545699999999670e+01 -4.744034433333333567e+01
1.333925046666666674e+02 3.165179900000000046e+01 -7.974780666666666740e+00
1.319768400000000099e+02 3.313343933333333524e+01 -6.223243266666667495e+01
1.360503706666666801e+02 3.313292633333333725e+01 -9.206041999999998282e+00
1.374738480000000038e+02 3.375181099999999645e+01 -9.753003333333333913e+00
1.388050906666666435e+02 3.510257966666666363e+01 -6.267017666666666820e+00
1.359884350000000097e+02 3.422524633333333099e+01 -4.004114833333333223e+01
1.342383383333333313e+02 3.447774366666666879e+01 -5.438550000000000040e+01
1.318251170000000059e+02 3.078400133333333244e+01 -1.841906233333333276e+01
1.328627086666666628e+02 3.181028166666666834e+01 -1.238044133333333185e+01
1.327457936666666285e+02 3.146577233333333723e+01 -1.069399166666666723e+01
1.341344403333333446e+02 3.429649733333333472e+01 -4.557544933333333148e+01
1.318914686666666682e+02 3.041900000000000048e+01 -1.306950733333333403e+01
1.335290559999999971e+02 3.162861733333333447e+01 -7.342084666666667481e+00
1.388189756666666597e+02 3.561856166666667178e+01 -2.741054699999999755e+01
1.357394686666666814e+02 3.523990266666666571e+01 -8.751100000000000989e+01
1.362253763333333154e+02 3.491555233333333064e+01 -6.362783633333333455e+01
1.373454676666666785e+02 3.346578533333333638e+01 -7.980059333333333171e+00
1.335370023333333336e+02 3.354113533333333663e+01 -2.998281466666666617e+01
1.346171040000000119e+02 3.472494100000000117e+01 -6.748321666666667795e+01
1.316437306666666700e+02 3.101571933333333320e+01 -2.502371300000000076e+01
1.320086786666666683e+02 3.264065733333332986e+01 -4.395860233333333866e+01
1.368065783333333627e+02 3.462519433333333296e+01 -3.689290666666666851e+01
1.330580363333333480e+02 3.357128933333333265e+01 -4.096147099999999597e+01
1.380690869999999961e+02 3.466819466666666472e+01 -9.629355666666667091e+00
1.335481833333333270e+02 3.222474966666666774e+01 -1.134416066666666723e+01
1.353660780000000159e+02 3.375475833333333497e+01 -2.270143533333333608e+01
1.341516943333333245e+02 3.437189433333333000e+01 -4.921891933333333213e+01
1.337066729999999950e+02 3.375618600000000669e+01 -3.234912533333333329e+01
1.359694723333333570e+02 3.362694566666667129e+01 -1.731883099999999942e+01
1.380223269999999900e+02 3.541600633333333548e+01 -3.252611733333333177e+01
1.357382206666666775e+02 3.345927833333333723e+01 -1.469231033333333336e+01
1.357693153333333100e+02 3.317426333333333588e+01 -1.044911233333333378e+01
1.329192710000000091e+02 3.108916133333333320e+01 -7.496499666666667672e+00
1.336899590000000160e+02 3.444069500000000517e+01 -6.080938599999999639e+01
1.338418233333333376e+02 3.190237366666666574e+01 -7.528205999999999953e+00
1.359076683333333335e+02 3.315551533333333367e+01 -9.861430666666668898e+00
1.355353030000000274e+02 3.300779999999999603e+01 -9.315492666666665755e+00
1.384208059999999989e+02 3.455275000000000318e+01 -5.264579333333333722e+00
1.316929489999999987e+02 3.053750466666666696e+01 -1.791256399999999971e+01
1.318463703333333115e+02 3.243551633333333228e+01 -4.639128433333333845e+01
1.322446493333333422e+02 3.133588500000000110e+01 -1.584708333333333208e+01
1.323684023333333357e+02 3.421269300000000158e+01 -8.212716000000000349e+01
1.325068640000000357e+02 3.359428466666667390e+01 -5.501951666666666796e+01
1.385783043333333353e+02 3.547972399999999737e+01 -2.143318933333333121e+01
1.355053230000000042e+02 3.529184300000000007e+01 -9.538236299999999801e+01
1.308265133333333381e+02 3.042482333333333600e+01 -3.762534266666667548e+01
1.346524563333333333e+02 3.266123266666667035e+01 -8.779237666666666939e+00
1.311522609999999815e+02 3.174329000000000178e+01 -6.744316800000000001e+01
1.388543543333333332e+02 3.625435433333333179e+01 -8.175710166666665657e+01
1.345394276666666826e+02 3.423842599999999692e+01 -4.100223099999999476e+01
1.342296073333333197e+02 3.308260733333333548e+01 -1.496022033333333390e+01
1.339041223333333335e+02 3.368819533333333283e+01 -2.755473533333333691e+01
1.382881040000000041e+02 3.439532633333333678e+01 -6.455657999999999674e+00
1.317176839999999913e+02 3.104326733333333266e+01 -2.374763233333333190e+01
1.354474336666666545e+02 3.430271366666666921e+01 -4.418259499999999207e+01
1.320963536666666585e+02 3.391774099999999947e+01 -8.512982999999999834e+01
1.344615110000000016e+02 3.324835533333333615e+01 -1.592687966666666632e+01
1.320748053333333303e+02 3.111820866666666419e+01 -1.707932766666666780e+01
1.326115920000000017e+02 3.148379233333333715e+01 -1.208785100000000057e+01
1.313746050000000025e+02 3.156721899999999792e+01 -4.506595466666666283e+01
1.349331626666666750e+02 3.269929699999999428e+01 -8.216261666666667907e+00
1.326644116666666662e+02 3.092568699999999993e+01 -8.210748000000000602e+00
1.310883220000000051e+02 3.162137433333333547e+01 -6.681480266666666523e+01
1.380742300000000000e+02 3.443102166666666619e+01 -8.684542333333332920e+00
1.319663593333333438e+02 3.077206599999999881e+01 -1.555412900000000143e+01
1.330841716666666628e+02 3.285159533333333570e+01 -2.249531399999999692e+01
1.362879943333333301e+02 3.346506766666666266e+01 -1.241976266666666540e+01
1.343260146666666799e+02 3.326816733333333076e+01 -1.686463099999999926e+01
1.386692533333333301e+02 3.511199166666666116e+01 -6.966353666666666555e+00
1.349778343333333339e+02 3.513201600000000013e+01 -9.266079066666667075e+01
1.340782409999999913e+02 3.346389266666667339e+01 -2.136925000000000452e+01
1.340861639999999966e+02 3.258468500000000034e+01 -1.082573499999999989e+01
1.384870310000000018e+02 3.598322300000000240e+01 -6.521343600000000151e+01
1.358738123333333476e+02 3.527138699999999716e+01 -8.744159766666666656e+01
1.375961746666666841e+02 3.433804333333333858e+01 -1.431108100000000150e+01
1.378609523333333300e+02 3.465537900000000349e+01 -1.292970399999999920e+01
1.330217366666666692e+02 3.333783033333333634e+01 -3.474479399999999885e+01
1.340925809999999956e+02 3.497139500000000112e+01 -9.282878200000000390e+01
1.353322123333333309e+02 3.351902366666666921e+01 -1.696935500000000374e+01
1.357658073333333277e+02 3.501506699999999483e+01 -7.445240800000000547e+01
1.375378490000000227e+02 3.535470666666666517e+01 -4.178662100000000379e+01
1.329971313333333285e+02 3.429976233333332658e+01 -6.770632000000000517e+01
1.357062333333333299e+02 3.418589100000000514e+01 -3.969689866666666944e+01
1.320745213333333368e+02 3.207988499999999732e+01 -2.866857066666666753e+01
1.345419166666666513e+02 3.473243533333333488e+01 -6.863435800000000597e+01
1.361294686666666678e+02 3.472879233333333104e+01 -5.910463000000000733e+01
1.325562333333333243e+02 3.309605299999999062e+01 -3.845551933333333494e+01
1.331202839999999981e+02 3.308417800000000142e+01 -2.636585266666666527e+01
1.371293126666666637e+02 3.365223300000000251e+01 -1.113290466666666667e+01
1.319392693333333284e+02 3.210084533333333212e+01 -3.380248633333332720e+01
1.301018056666666496e+02 3.013965800000000073e+01 -7.041834066666666558e+01
1.314918263333333641e+02 3.048161266666666691e+01 -2.111953899999999962e+01
1.358846283333333247e+02 3.351851433333333574e+01 -1.531143066666666641e+01
1.338300279999999987e+02 3.489009800000000183e+01 -9.000166566666666768e+01
1.353755726666666703e+02 3.479456300000000368e+01 -6.690607266666665964e+01
1.332427946666666685e+02 3.342433900000000335e+01 -3.267429766666666779e+01
1.379009726666666609e+02 3.385666333333333711e+01 -7.567613666666666461e+00
1.323522880000000157e+02 3.066000800000000126e+01 -9.092430999999999486e+00
1.346907860000000028e+02 3.512105766666666540e+01 -9.637588999999998407e+01
1.373428516666666610e+02 3.381239266666666765e+01 -1.152744566666666692e+01
1.365821443333333320e+02 3.498327900000000312e+01 -5.543922033333333133e+01
1.336034290000000055e+02 3.401213566666666566e+01 -4.258641833333333437e+01
1.383785626666666531e+02 3.547459766666666070e+01 -2.513012633333333312e+01
1.315284199999999828e+02 3.199029633333333322e+01 -5.127384000000000697e+01
1.317371429999999748e+02 3.251043366666666401e+01 -5.481995133333333570e+01
1.347349870000000180e+02 3.417121966666666566e+01 -3.790619600000000133e+01
1.337467813333333311e+02 3.470108066666666247e+01 -7.689629999999999654e+01
1.349531396666666581e+02 3.520529333333333710e+01 -9.870615500000000964e+01
1.388158403333333126e+02 3.503389399999999654e+01 -5.642130333333334136e+00
1.348686276666666402e+02 3.318861033333333665e+01 -1.324950333333333496e+01
1.365711293333333458e+02 3.393662433333333439e+01 -2.092741799999999941e+01
1.358231863333333251e+02 3.497384866666666170e+01 -7.203567100000000778e+01
1.358227376666666544e+02 3.356755833333333072e+01 -1.661486533333333071e+01
1.355867169999999930e+02 3.480606333333333424e+01 -6.671646866666667108e+01
1.370550856666666562e+02 3.442688799999999816e+01 -2.606795366666666780e+01
1.335635356666666667e+02 3.186164400000000185e+01 -8.512098666666666702e+00
1.316260963333333223e+02 3.283579533333332989e+01 -7.427143033333334188e+01
1.345189309999999807e+02 3.363969666666667280e+01 -2.289496699999999763e+01
1.312059763333333251e+02 3.233701933333333045e+01 -9.102979466666666042e+01
1.344454399999999907e+02 3.361043833333333453e+01 -2.249585366666666530e+01
1.305093376666666813e+02 3.078570166666666452e+01 -7.362101300000000492e+01
1.361238503333333085e+02 3.420523599999999220e+01 -3.722889500000000140e+01
1.334746716666666373e+02 3.219593466666666615e+01 -1.158131366666666651e+01
1.331841726666666545e+02 3.164482133333332925e+01 -8.898331333333333149e+00
1.350664529999999957e+02 3.267936666666666667e+01 -7.800011333333333852e+00
1.338657993333333422e+02 3.249693400000000310e+01 -1.145467533333333243e+01
1.305635719999999935e+02 3.042467633333333410e+01 -5.033726366666667218e+01
1.350781416666666530e+02 3.415813266666666692e+01 -3.682742300000000313e+01
1.322936986666666712e+02 3.392134500000000230e+01 -7.211987200000000087e+01
1.328048750000000098e+02 3.422901900000000097e+01 -6.808574533333332113e+01
1.346658746666666673e+02 3.369824866666667162e+01 -2.373991433333333134e+01
1.384357396666666773e+02 3.620169533333333334e+01 -8.747989233333332493e+01
1.315596173333333354e+02 3.029542700000000011e+01 -1.740758566666666596e+01
1.339269113333333507e+02 3.384429333333333290e+01 -3.124596666666667133e+01
1.307095700000000136e+02 3.100692433333333398e+01 -6.860764633333333506e+01
1.318848736666666639e+02 3.223131766666666209e+01 -3.917762733333333358e+01
1.325596666666666579e+02 3.161111433333333309e+01 -1.369783499999999954e+01
1.361746206666666694e+02 3.407728999999999786e+01 -3.075142933333333417e+01
1.347926383333333433e+02 3.503217766666666932e+01 -8.789640333333333899e+01
1.318032526666666797e+02 3.250080766666666676e+01 -5.055041066666666438e+01
1.356541059999999845e+02 3.335072833333332909e+01 -1.309057399999999838e+01
1.334314406666667026e+02 3.283966266666666911e+01 -1.837988700000000009e+01
1.316447933333333538e+02 3.189427333333333081e+01 -4.163031066666666646e+01
1.385398543333333521e+02 3.502644433333333041e+01 -6.444711999999999996e+00
1.370456146666666655e+02 3.330452799999999769e+01 -7.826073333333333437e+00
1.353815256666666471e+02 3.263815400000000722e+01 -7.087150999999999534e+00
1.345732593333333398e+02 3.447773666666666514e+01 -5.239347699999999719e+01
1.354384179999999844e+02 3.501809833333333444e+01 -7.828886300000000631e+01
1.339664036666666789e+02 3.224221266666666708e+01 -8.904356666666666698e+00
1.347392979999999909e+02 3.372751233333332976e+01 -2.416763133333333258e+01
1.334489733333333277e+02 3.387229166666666913e+01 -4.141213233333333221e+01
1.360729430000000093e+02 3.522506966666666273e+01 -8.081442433333334918e+01
1.323074033333333546e+02 3.276916066666667149e+01 -3.614853433333333754e+01
1.326572429999999940e+02 3.127768700000000024e+01 -1.023248533333333476e+01
1.368180886666666538e+02 3.470360099999999903e+01 -3.875108266666666879e+01
1.320238556666666625e+02 3.049223866666666538e+01 -1.174732999999999983e+01
1.330981689999999844e+02 3.154127833333333442e+01 -8.723441000000001111e+00
1.346346063333333234e+02 3.443103433333333641e+01 -4.967952499999999105e+01
1.322751496666666640e+02 3.105472266666666314e+01 -1.305479933333333342e+01
1.350889406666666730e+02 3.524822966666666701e+01 -9.968132599999999854e+01
1.368449359999999899e+02 3.584042766666666324e+01 -8.702627133333332665e+01
1.340711103333333369e+02 3.294610033333333377e+01 -1.436545133333333268e+01
1.358713423333333310e+02 3.484721466666666601e+01 -6.665587699999998961e+01
1.361402593333333186e+02 3.384253199999999850e+01 -2.226100999999999885e+01
1.362886826666666593e+02 3.554003533333333564e+01 -9.543064299999998923e+01
1.330087169999999901e+02 3.369796933333333300e+01 -4.588175466666666580e+01
1.380956776666666599e+02 3.587702766666667031e+01 -6.926844366666665564e+01
1.338016143333333332e+02 3.394070400000000376e+01 -3.604596933333333908e+01
1.339356330000000241e+02 3.296577633333333068e+01 -1.546325899999999898e+01
1.343560970000000054e+02 3.438125199999999637e+01 -4.821954233333332951e+01
1.344922319999999729e+02 3.252745166666666421e+01 -8.417252333333332004e+00
1.314712663333333467e+02 3.211095166666666501e+01 -5.948137133333333537e+01
1.340051816666666582e+02 3.432519766666666783e+01 -4.850215199999999527e+01
1.364530016666666654e+02 3.571811466666666490e+01 -9.956337766666666766e+01
1.338136256666666668e+02 3.448119633333332956e+01 -6.069185533333332927e+01
1.377616920000000107e+02 3.406211466666666610e+01 -9.928027666666666917e+00
1.363978186666666659e+02 3.565936766666666102e+01 -9.853499933333334582e+01
1.381867333333333363e+02 3.508747833333333688e+01 -1.287952966666666832e+01
1.340206640000000107e+02 3.307314066666666719e+01 -1.611367300000000213e+01
1.388087033333333409e+02 3.613390600000000319e+01 -7.204503599999999608e+01
1.303723153333333187e+02 3.077904100000000298e+01 -8.690596399999999733e+01
1.342949106666666523e+02 3.259497033333332894e+01 -9.795676666666665255e+00
1.378997086666666689e+02 3.418587166666666377e+01 -9.421551000000000897e+00
1.375979166666666629e+02 3.530276933333333744e+01 -3.769460400000000533e+01
1.341358546666666598e+02 3.245748266666667092e+01 -9.528362666666666314e+00
1.335638506666666672e+02 3.325856399999999979e+01 -2.322225566666666552e+01
1.306998403333333272e+02 3.050778533333333442e+01 -4.595032933333333602e+01
1.340731426666666550e+02 3.390506200000000092e+01 -3.143353233333333563e+01
1.332539809999999818e+02 3.211018333333333175e+01 -1.224558733333333294e+01
1.362584756666666692e+02 3.514326266666666498e+01 -7.225733166666667273e+01
1.377757293333333450e+02 3.605503900000000073e+01 -9.720707900000000734e+01
1.311369816666666566e+02 3.213944766666666908e+01 -8.817612033333334409e+01
1.373767583333333278e+02 3.596503200000000078e+01 -9.171610300000001814e+01
1.375678350000000023e+02 3.362247833333333347e+01 -8.036593999999999127e+00
1.364184560000000204e+02 3.558371833333333001e+01 -9.225112033333333272e+01
1.309684293333333187e+02 3.105365533333333516e+01 -5.067636533333333659e+01
1.331066873333333263e+02 3.205299633333333276e+01 -1.270627133333333347e+01
1.306381886666666787e+02 3.104028133333333628e+01 -7.735809600000000330e+01
1.313749916666666593e+02 3.071864866666666671e+01 -2.694379800000000103e+01
1.364379713333333086e+02 3.529833500000000157e+01 -7.439778200000000652e+01
1.346821266666666759e+02 3.333588833333333667e+01 -1.626944599999999852e+01
1.303041226666666716e+02 3.065937066666666411e+01 -8.515476933333333420e+01
1.367560093333333100e+02 3.475356066666666521e+01 -4.209586933333333292e+01
1.323049783333333380e+02 3.224709033333333252e+01 -2.530561299999999747e+01
1.339992203333333407e+02 3.457328299999999643e+01 -6.340461599999999720e+01
1.364463916666666705e+02 3.500526266666665975e+01 -6.090689533333333117e+01
1.308138546666666571e+02 3.138319199999999753e+01 -7.999939333333333025e+01
1.305516256666666379e+02 3.026131333333333373e+01 -4.481814966666667033e+01
1.365452853333333394e+02 3.321005233333332995e+01 -8.402614666666666565e+00
1.339043426666666790e+02 3.229163299999999737e+01 -9.596196666666665820e+00
1.339076443333333373e+02 3.487389900000000154e+01 -8.747602466666666032e+01
1.318997243333333529e+02 3.134046466666666575e+01 -2.287836633333333225e+01
1.356805583333333232e+02 3.518381533333333522e+01 -8.482203733333334128e+01
1.379157193333333282e+02 3.371979166666667282e+01 -6.405459000000000458e+00
1.315799560000000099e+02 3.106730766666666455e+01 -2.713397533333333556e+01
1.323637080000000026e+02 3.079453300000000127e+01 -9.881002000000000507e+00
1.371987200000000087e+02 3.492333933333333817e+01 -3.346111599999999697e+01
1.388242633333333345e+02 3.521867966666666661e+01 -8.777679999999998373e+00
1.357523839999999780e+02 3.450131600000000276e+01 -5.421203466666667481e+01
1.316960443333333330e+02 3.088342933333333562e+01 -2.227744266666666917e+01
1.365507570000000044e+02 3.377911033333333535e+01 -1.709292233333333400e+01
1.317140720000000158e+02 3.148638133333333045e+01 -2.949567766666666913e+01
1.310201160000000016e+02 3.029971233333333203e+01 -2.894138099999999625e+01
1.349293066666666618e+02 3.454688166666667115e+01 -5.489140433333332680e+01
1.384193363333333480e+02 3.462946633333333324e+01 -5.298654333333334243e+00
1.332664146666666625e+02 3.358012833333333447e+01 -3.666111733333332978e+01
1.349870553333333589e+02 3.257232600000000389e+01 -7.325155999999999779e+00
1.323690533333333406e+02 3.052468599999999910e+01 -8.127140000000000697e+00
1.373002469999999846e+02 3.570405233333332973e+01 -6.795226399999999956e+01
1.304106346666666525e+02 3.018171099999999640e+01 -4.957732800000000140e+01
1.333996006666666574e+02 3.399841233333333435e+01 -4.687688933333333097e+01
1.320240586666666616e+02 3.025525933333333128e+01 -9.945757333333332895e+00
1.366870509999999967e+02 3.375859033333333770e+01 -1.575220299999999973e+01
1.334213760000000093e+02 3.424240066666666849e+01 -5.644807266666666834e+01
1.337843770000000063e+02 3.334660966666666582e+01 -2.204591499999999726e+01
1.324450339999999926e+02 3.127074533333333406e+01 -1.239204833333333511e+01
1.321692103333333534e+02 3.226575666666666820e+01 -2.920034866666666673e+01
1.330276836666666611e+02 3.410367500000000263e+01 -5.865963966666666352e+01
1.375556693333333271e+02 3.498712866666667054e+01 -2.602745266666666524e+01
1.306210416666666561e+02 3.030204933333333273e+01 -4.278742299999999688e+01
1.361188093333333029e+02 3.285990533333333730e+01 -7.012109999999999843e+00
1.325636790000000076e+02 3.390555466666666717e+01 -6.176073666666667350e+01
1.333549876666666592e+02 3.185593133333333071e+01 -9.483617333333333121e+00
1.375435620000000085e+02 3.583972633333332425e+01 -7.980058366666666814e+01
1.322597486666666384e+02 3.297818533333333590e+01 -4.398835933333333514e+01
1.354852140000000134e+02 3.313434300000000121e+01 -1.067308666666666817e+01
1.327997433333333390e+02 3.325382433333333410e+01 -3.714232033333333760e+01
1.344799203333333253e+02 3.384556566666666555e+01 -2.811949333333333456e+01
1.329510396666666736e+02 3.148201266666666598e+01 -9.257981666666665888e+00
1.323378966666666656e+02 3.248299033333333341e+01 -2.862346233333333245e+01
1.326760086666666609e+02 3.379573166666666140e+01 -5.595073066666666506e+01
1.371419756666666672e+02 3.351914333333333929e+01 -9.457843333333334712e+00
1.302885596666666856e+02 3.018285000000000196e+01 -5.759831633333332235e+01
1.317641500000000008e+02 3.300997600000000176e+01 -7.104229133333333834e+01
1.346883800000000235e+02 3.491629200000000566e+01 -8.051254966666667201e+01
1.372343106666666870e+02 3.338738566666666685e+01 -7.830202333333332376e+00
1.316948849999999993e+02 3.288336766666666477e+01 -7.077217833333334340e+01
1.363104216666666559e+02 3.405690099999999632e+01 -2.797760966666666604e+01
1.313497503333333327e+02 3.180523166666666768e+01 -5.557635933333333611e+01
1.366811859999999967e+02 3.566614066666667071e+01 -8.288282133333332524e+01
1.347717859999999916e+02 3.300320733333333578e+01 -1.141217233333333247e+01
1.351053836666666541e+02 3.291441666666666066e+01 -9.443171666666666297e+00
1.345666173333333120e+02 3.255583899999999886e+01 -8.334227999999999525e+00
1.342985280000000046e+02 3.355190566666666285e+01 -2.181724966666666887e+01
1.368785793333333345e+02 3.509462299999999857e+01 -4.823879666666666566e+01
1.372293180000000064e+02 3.389581933333332842e+01 -1.380003666666666540e+01
1.350724030000000084e+02 3.363803466666666964e+01 -2.049726666666666475e+01
1.339890509999999892e+02 3.379595533333333179e+01 -2.923326166666666737e+01
1.311536566666666488e+02 3.013927566666666635e+01 -2.347018099999999663e+01
1.323594703333333200e+02 3.116426300000000182e+01 -1.271498566666666541e+01
1.347185276666666596e+02 3.454013433333333438e+01 -5.528696133333333051e+01
1.337817663333333371e+02 3.195032033333333388e+01 -8.045023666666667239e+00
1.330093753333333382e+02 3.456865266666666514e+01 -8.310357366666666223e+01
1.326079039999999907e+02 3.296767733333333439e+01 -3.339642166666666867e+01
1.341286360000000002e+02 3.333683633333333063e+01 -1.895409499999999881e+01
1.323296696666666605e+02 3.092762633333333255e+01 -1.128847500000000004e+01
1.320492496666666682e+02 3.309670133333332842e+01 -5.691569433333333450e+01
1.367355243333333590e+02 3.544798399999999816e+01 -6.803751566666666406e+01
1.318028950000000066e+02 3.115196699999999908e+01 -2.310770733333333737e+01
1.316281763333333572e+02 3.041341600000000156e+01 -1.757983499999999921e+01
1.374572433333333663e+02 3.354394933333333739e+01 -8.044360333333333557e+00
1.364534153333333677e+02 3.359851599999999650e+01 -1.390172133333333271e+01
1.346477066666666644e+02 3.310128466666666469e+01 -1.308611666666666729e+01
1.346154036666666514e+02 3.382589166666667069e+01 -2.720757133333333400e+01
1.381653683333333333e+02 3.538425099999999901e+01 -2.578392100000000298e+01
1.319915000000000020e+02 3.197168033333333526e+01 -2.929641033333333056e+01
1.358991900000000044e+02 3.541456366666665900e+01 -9.749663933333333432e+01
1.361788143333333210e+02 3.363750266666666988e+01 -1.631256000000000128e+01
1.364841706666666425e+02 3.536415233333332964e+01 -7.588587900000000275e+01
1.326767273333333321e+02 3.079209633333333329e+01 -7.480704333333332734e+00
1.306237523333333286e+02 3.110899499999999662e+01 -8.329960266666665802e+01
1.337381653333333418e+02 3.303422466666666679e+01 -1.781418266666666739e+01
1.365461709999999869e+02 3.307607733333333044e+01 -7.365448333333333153e+00
1.356483896666667022e+02 3.379346699999999970e+01 -2.348817599999999928e+01
1.307319770000000005e+02 3.118322933333333324e+01 -7.662119933333333677e+01
1.319193576666666843e+02 3.194144066666666504e+01 -3.113755933333332848e+01
1.333426510000000178e+02 3.317083533333333634e+01 -2.469388766666666868e+01
1.347147683333333532e+02 3.504791233333333622e+01 -9.022560600000001330e+01
1.371872686666666539e+02 3.396475199999999717e+01 -1.536210966666666700e+01
1.320326740000000143e+02 3.228510700000000355e+01 -3.418802733333333066e+01
1.323379423333333307e+02 3.045399199999999951e+01 -8.007934000000000552e+00
1.341128549999999962e+02 3.369872699999999810e+01 -2.585441366666666951e+01
1.377749876666666751e+02 3.455357400000000467e+01 -1.345887466666666654e+01
1.377876670000000274e+02 3.515321333333333342e+01 -2.562453933333333111e+01
1.324510603333333165e+02 3.283262933333332967e+01 -3.370173400000000186e+01
1.368134966666666514e+02 3.366316066666666273e+01 -1.320291433333333231e+01
1.333281926666666948e+02 3.353124166666666639e+01 -3.392643699999999995e+01
1.378628819999999848e+02 3.548493366666667015e+01 -4.266205966666667138e+01
1.324386700000000019e+02 3.065680666666666809e+01 -8.321227666666667133e+00
1.338767590000000212e+02 3.474281933333333683e+01 -7.766019366666667167e+01
1.379515603333333331e+02 3.538313466666667040e+01 -3.278682799999999276e+01
1.340743946666666488e+02 3.250632399999999933e+01 -1.024460333333333217e+01
1.372539123333333180e+02 3.359481000000000250e+01 -9.653876666666667106e+00
1.385862999999999943e+02 3.534648966666666325e+01 -1.461368633333333378e+01
1.384161603333333233e+02 3.486098499999999945e+01 -6.019580000000000375e+00
1.337885426666666717e+02 3.290727333333333604e+01 -1.590922333333333505e+01
1.322427163333333340e+02 3.229551633333333172e+01 -2.766762099999999691e+01
1.328337719999999820e+02 3.304906466666665921e+01 -3.065141466666666759e+01
1.323813730000000248e+02 3.131840400000000102e+01 -1.358494166666666736e+01
1.315565726666666535e+02 3.059227299999999516e+01 -2.131511000000000067e+01
1.326716969999999947e+02 3.291693233333332813e+01 -3.061916300000000390e+01
1.338541213333333246e+02 3.241882966666666022e+01 -1.088567466666666661e+01
1.329109183333333419e+02 3.351495600000000508e+01 -4.251508199999999960e+01
1.359213909999999998e+02 3.471891766666666967e+01 -6.169365066666666308e+01
1.350897989999999993e+02 3.327494100000000543e+01 -1.357819400000000165e+01
1.318317816666666715e+02 3.336426433333333108e+01 -8.437337000000000842e+01
1.315608670000000018e+02 3.296380666666667025e+01 -8.669879100000001415e+01
1.381555429999999944e+02 3.522102066666666786e+01 -1.801324100000000072e+01
1.368051073333333534e+02 3.343310866666666215e+01 -9.908908666666667031e+00
1.315669039999999939e+02 3.270459500000000475e+01 -7.383677666666666539e+01
1.305729856666666819e+02 3.098755900000000096e+01 -8.063564766666665662e+01
1.370433089999999936e+02 3.434896699999999470e+01 -2.470137833333333433e+01
1.335136316666666687e+02 3.338521099999999819e+01 -2.663439033333333228e+01
1.338001360000000375e+02 3.298538033333333175e+01 -1.669620266666666808e+01
1.331522649999999715e+02 3.236432466666666841e+01 -1.558815066666666560e+01
1.330385476666666591e+02 3.254070533333333515e+01 -1.861616033333333320e+01
1.369658330000000035e+02 3.520248333333333335e+01 -4.868422733333333241e+01
1.334916403333333221e+02 3.427604699999999838e+01 -5.642451833333333155e+01
1.329219719999999825e+02 3.315423833333333192e+01 -3.164942466666666476e+01
1.384707603333333452e+02 3.605206766666666596e+01 -7.233956533333333994e+01
1.327242343333333281e+02 3.278871600000000086e+01 -2.664620533333333086e+01
1.343994846666666660e+02 3.329736899999999622e+01 -1.694108666666666707e+01
1.311379736666666531e+02 3.190092566666666585e+01 -7.633527433333331658e+01
1.372202499999999930e+02 3.352322733333333105e+01 -9.100868333333332671e+00
1.365159093333333260e+02 3.549375699999999512e+01 -8.163435466666666684e+01
1.368924939999999992e+02 3.517331599999999980e+01 -5.031229033333332978e+01
1.307830806666666774e+02 3.112808333333333621e+01 -6.851946800000000337e+01
1.312346223333333057e+02 3.065229633333332870e+01 -2.935581333333333376e+01
1.324027466666666726e+02 3.407839666666667000e+01 -7.313862466666667217e+01
1.362930736666666576e+02 3.442141100000000620e+01 -4.360264133333333092e+01
1.359719959999999901e+02 3.459034799999999876e+01 -5.649125599999999991e+01
1.314502409999999770e+02 3.188227666666666593e+01 -5.209068733333333512e+01
1.328858480000000100e+02 3.196605100000000377e+01 -1.361770133333333099e+01
1.352926469999999881e+02 3.372554433333333179e+01 -2.201507433333333097e+01
1.321768613333333349e+02 3.182451833333333369e+01 -2.206601433333333162e+01
1.313069189999999935e+02 3.119896133333333310e+01 -3.771637066666666982e+01
1.380165216666666765e+02 3.487653166666667204e+01 -1.246194133333333376e+01
1.332768933333333337e+02 3.226588199999999773e+01 -1.361186666666666589e+01
1.375337199999999882e+02 3.561920533333333339e+01 -6.019388999999998902e+01
1.349192426666666336e+02 3.306141500000000377e+01 -1.148618199999999945e+01
1.349075873333333391e+02 3.475091899999999612e+01 -6.696706533333332345e+01
1.380332673333333275e+02 3.582849266666666921e+01 -6.708546866666665665e+01
1.329711230000000057e+02 3.302747000000000099e+01 -2.758852066666666758e+01
1.325106130000000064e+02 3.396219800000000077e+01 -6.496545566666667071e+01
1.321160306666666600e+02 3.321139666666667267e+01 -5.791067933333334139e+01
1.328841713333333416e+02 3.292214633333333751e+01 -2.673576566666666565e+01
1.311105060000000151e+02 3.074269766666666825e+01 -3.479198999999999842e+01
1.321018576666666604e+02 3.274817233333333633e+01 -4.297095600000000104e+01
1.326078923333333250e+02 3.332887966666667268e+01 -4.428785166666666129e+01
1.381075140000000090e+02 3.572428533333333434e+01 -5.426529700000000389e+01
1.353774630000000059e+02 3.383319366666666639e+01 -2.509377933333333388e+01
1.328800119999999936e+02 3.240535866666666465e+01 -1.848225866666666661e+01
1.349074773333333042e+02 3.298333366666665967e+01 -1.069079033333333228e+01
1.351864839999999788e+02 3.515679733333333701e+01 -9.107843200000000650e+01
1.370395213333333402e+02 3.375354733333333002e+01 -1.327659933333333164e+01
1.301672569999999780e+02 3.042005100000000084e+01 -8.204681899999999928e+01
1.367694269999999790e+02 3.386677499999999696e+01 -1.750503766666666650e+01
1.324808890000000190e+02 3.335526499999999572e+01 -4.878371299999999877e+01
1.365895983333333561e+02 3.547771700000000550e+01 -7.695583266666666589e+01
1.343564716666666925e+02 3.254655899999999491e+01 -9.125909000000000049e+00
1.353180726666666658e+02 3.291532699999999778e+01 -8.968213666666665418e+00
1.382285376666666536e+02 3.525002833333333285e+01 -1.731684066666666766e+01
1.329241016666666440e+02 3.443730999999999653e+01 -7.673781200000000524e+01
1.367215693333333491e+02 3.451783900000000216e+01 -3.608214066666666753e+01
1.314806023333333371e+02 3.234462833333333265e+01 -6.742075400000000229e+01
1.333588943333333248e+02 3.427733699999999573e+01 -5.950255266666666643e+01
1.306449143333333325e+02 3.079315699999999723e+01 -6.236989300000001180e+01
1.362056969999999865e+02 3.335002166666666312e+01 -1.111219433333333484e+01
1.380014376666666749e+02 3.598106633333333804e+01 -8.305068033333333233e+01
1.368917833333333363e+02 3.473203666666666578e+01 -3.734048466666666144e+01
1.335441756666666606e+02 3.266390299999999769e+01 -1.542967333333333357e+01
1.312227236666666670e+02 3.041369566666666557e+01 -2.586402566666666658e+01
1.346365483333333088e+02 3.485670966666666715e+01 -7.666630400000001089e+01
1.348194330000000036e+02 3.428019266666666454e+01 -4.212487166666667093e+01
1.370687596666666650e+02 3.406788933333333347e+01 -1.867774766666666508e+01
1.380266386666666847e+02 3.379862200000000172e+01 -6.293370333333332844e+00
1.315687643333333483e+02 3.142762199999999950e+01 -3.307230033333333807e+01
1.344968936666666650e+02 3.467725233333333534e+01 -6.515941366666666568e+01
1.319027683333333414e+02 3.324724033333333750e+01 -7.209239033333334135e+01
1.367720866666666666e+02 3.438981566666666367e+01 -3.112018166666666730e+01
1.361915610000000072e+02 3.467881399999999559e+01 -5.609330700000000292e+01
1.327245866666666814e+02 3.366764299999999821e+01 -5.130928899999999970e+01
1.328472153333333381e+02 3.398653133333333898e+01 -5.791112533333333090e+01
1.326367156666666460e+02 3.392827700000000135e+01 -6.056493166666666639e+01
1.363037709999999834e+02 3.307257899999999751e+01 -7.937945333333334297e+00
1.354788553333333425e+02 3.357755766666667085e+01 -1.786527500000000046e+01
1.365635440000000074e+02 3.438073833333333340e+01 -3.549502333333332871e+01
1.350266803333333598e+02 3.498182766666666765e+01 -8.109097266666667281e+01
1.351482703333333575e+02 3.502841600000000000e+01 -8.266600999999999999e+01
1.358368403333333561e+02 3.460998333333333221e+01 -5.834760199999999486e+01
1.362993700000000104e+02 3.494448733333332768e+01 -6.288376066666666730e+01
1.371338736666666591e+02 3.317224666666666621e+01 -6.632063333333333865e+00
1.347485656666666785e+02 3.284666466666666906e+01 -9.954927333333332129e+00
1.380366746666666984e+02 3.611087866666666457e+01 -9.383277233333332390e+01
1.323892503333333082e+02 3.235576766666667226e+01 -2.515152266666666492e+01
1.303595153333333485e+02 3.030435799999999702e+01 -5.829089599999999649e+01
1.371476596666666694e+02 3.575061533333333585e+01 -7.253812799999998617e+01
1.378263256666666621e+02 3.583020099999999530e+01 -7.445607033333334357e+01
1.313576143333333448e+02 3.017724766666666270e+01 -1.981119700000000350e+01
1.317505523333333315e+02 3.225253366666666466e+01 -4.658034433333332913e+01
1.335809649999999920e+02 3.437862733333333409e+01 -5.971965099999999893e+01
1.331128520000000037e+02 3.435791966666666752e+01 -6.850403133333333017e+01
1.355230599999999868e+02 3.500478033333333627e+01 -7.664011499999999444e+01
1.343421166666666693e+02 3.290671466666666589e+01 -1.240786099999999870e+01
1.342135889999999847e+02 3.344431999999999761e+01 -2.021623200000000153e+01
1.339294393333333346e+02 3.432059066666666780e+01 -4.942527400000000171e+01
1.341742893333333484e+02 3.225030999999999892e+01 -7.952346999999999611e+00
1.333574430000000177e+02 3.281077733333333413e+01 -1.878757166666666834e+01
1.350502526666666654e+02 3.490360100000000187e+01 -7.557476533333334601e+01
1.358255326666666747e+02 3.453106666666666769e+01 -5.528283766666666565e+01
1.369682936666666535e+02 3.371789366666666865e+01 -1.319774633333333291e+01
1.335486543333333600e+02 3.361915333333333678e+01 -3.177920466666666854e+01
1.311377266666666799e+02 3.221758266666666515e+01 -9.196505466666667417e+01
1.325566440000000057e+02 3.257381833333332821e+01 -2.550213333333333310e+01
1.334372160000000065e+02 3.379393800000000425e+01 -3.921529866666666209e+01
1.318932596666666655e+02 3.073878933333333308e+01 -1.654960133333333161e+01
1.323561200000000042e+02 3.211996966666666964e+01 -2.233959566666666774e+01
1.347467380000000219e+02 3.469357899999999972e+01 -6.443482400000000609e+01
1.350554640000000006e+02 3.304100500000000551e+01 -1.079744366666666622e+01
1.329067883333333384e+02 3.394542866666666470e+01 -5.546136933333333019e+01
1.314267803333333404e+02 3.013854733333333513e+01 -1.801288599999999818e+01
1.322116756666666788e+02 3.110258166666666924e+01 -1.445828800000000136e+01
1.317757323333333659e+02 3.187881133333333494e+01 -3.525463966666666948e+01
1.361876236666666671e+02 3.314279233333333963e+01 -8.859082666666665773e+00
1.318259943333333410e+02 3.037958400000000481e+01 -1.372237299999999927e+01
1.345534516666666889e+02 3.387496233333333606e+01 -2.873652099999999976e+01
1.378577969999999766e+02 3.568018000000000001e+01 -5.936460733333333195e+01
1.317531539999999950e+02 3.127997866666666482e+01 -2.567011966666666822e+01
1.326658769999999947e+02 3.187684766666666647e+01 -1.495290199999999992e+01
1.317290276666666671e+02 3.112245933333333525e+01 -2.441123133333333328e+01
1.309394683333333376e+02 3.177693199999999862e+01 -8.932663933333333262e+01
1.328118686666666690e+02 3.376772299999999660e+01 -5.214741300000000024e+01
1.365862053333333108e+02 3.453836566666667096e+01 -4.040215733333332793e+01
1.357015490000000000e+02 3.462985133333333465e+01 -5.946339933333333505e+01
1.333307259999999985e+02 3.309298700000000082e+01 -2.335816500000000318e+01
1.323159073333333424e+02 3.085490233333333165e+01 -1.088792666666666697e+01
1.326198389999999847e+02 3.304504466666666218e+01 -3.529058633333333006e+01
1.331351786666666612e+02 3.272480133333333185e+01 -2.002062199999999947e+01
1.318338270000000136e+02 3.297631166666666758e+01 -6.463083333333334224e+01
1.367294906666666350e+02 3.354643599999999992e+01 -1.174736133333333221e+01
1.363114583333333485e+02 3.502200099999999594e+01 -6.555665666666666880e+01
1.315412366666666628e+02 3.214726300000000236e+01 -5.606580166666666543e+01
1.331472400000000107e+02 3.141717399999999927e+01 -7.803568333333333662e+00
1.321493856666666318e+02 3.262538533333333390e+01 -3.773899066666666613e+01
1.323033123333333378e+02 3.357224899999999934e+01 -6.151322966666666758e+01
1.333390866666666454e+02 3.221659433333333311e+01 -1.268809166666666677e+01
1.324213959999999872e+02 3.259278699999999418e+01 -2.876693533333333264e+01
1.352995949999999823e+02 3.424401766666667157e+01 -4.082555166666666224e+01
1.321555580000000134e+02 3.024544699999999864e+01 -8.540402333333332763e+00
1.362178743333332989e+02 3.307625200000000376e+01 -8.204068333333331964e+00
1.339428860000000157e+02 3.348334333333333745e+01 -2.283769599999999755e+01
1.330344000000000051e+02 3.423312566666666612e+01 -6.386361066666666630e+01
1.349003576666666504e+02 3.246435233333333059e+01 -6.927830333333333535e+00
1.325140900000000101e+02 3.367231666666666712e+01 -5.690553233333333338e+01
1.366983529999999973e+02 3.322610066666666739e+01 -8.138419333333333228e+00
1.376356746666666595e+02 3.574149533333332585e+01 -6.988452066666665985e+01
1.320220006666666848e+02 3.220733133333333598e+01 -3.293479333333333869e+01
1.323921646666666732e+02 3.139576599999999829e+01 -1.404225833333333462e+01
1.362140993333333370e+02 3.387170166666666660e+01 -2.250965433333333365e+01
1.316967646666666667e+02 3.312581266666666835e+01 -8.285367033333334064e+01
1.346706613333333280e+02 3.325767866666667061e+01 -1.509621066666666600e+01
1.352653793333333283e+02 3.256308833333333297e+01 -6.869615333333332963e+00
1.346200146666666626e+02 3.338495266666666339e+01 -1.737559100000000001e+01
1.334904556666666622e+02 3.183369666666666831e+01 -8.666955999999998994e+00
1.375353746666666837e+02 3.439014833333333598e+01 -1.589703800000000022e+01
1.321664469999999767e+02 3.348912666666666382e+01 -6.537595699999999965e+01
1.336835006666666743e+02 3.220460400000000334e+01 -1.030128400000000077e+01
1.315432913333333431e+02 3.127111299999999972e+01 -3.105265499999999790e+01
1.316843776666666770e+02 3.080004900000000134e+01 -2.146694199999999952e+01
1.376108706666666706e+02 3.560051399999999688e+01 -5.782382633333332933e+01
1.351941076666666675e+02 3.266600066666666891e+01 -7.498663000000000523e+00
1.319657850000000110e+02 3.344391866666666857e+01 -7.672629133333333584e+01
1.326206126666666876e+02 3.413653133333333045e+01 -6.824158066666667821e+01
1.359579123333333257e+02 3.354834266666666309e+01 -1.559437033333333211e+01
1.310577063333333570e+02 3.086821766666666633e+01 -3.991804199999999270e+01
1.324913433333333330e+02 3.210116433333333674e+01 -1.972340900000000019e+01
1.382370209999999986e+02 3.571478299999999706e+01 -4.835331599999999952e+01
1.382927593333333505e+02 3.431757999999999953e+01 -6.350017333333333625e+00
1.320074809999999843e+02 3.160700933333333396e+01 -2.323167600000000377e+01
1.363148186666666675e+02 3.361966600000000227e+01 -1.508439599999999814e+01
1.351633336666666594e+02 3.330361433333333565e+01 -1.373823866666666760e+01
1.348747196666666639e+02 3.370746799999999865e+01 -2.306472166666666723e+01
1.327365936666666641e+02 3.374334733333333247e+01 -5.313447666666666436e+01
1.325360606666666570e+02 3.330163699999999949e+01 -4.545659766666667423e+01
1.346134063333333302e+02 3.513712933333332700e+01 -9.891747300000001530e+01
1.316811783333333494e+02 3.221857399999999672e+01 -4.958472733333332627e+01
1.336127480000000105e+02 3.444934466666666850e+01 -6.302770033333333544e+01
1.324656999999999982e+02 3.142516066666666674e+01 -1.329453333333333376e+01
1.379814343333333397e+02 3.570058933333333329e+01 -5.701521566666666985e+01
1.340211329999999919e+02 3.403328099999999523e+01 -3.596785233333333309e+01
1.360054353333333381e+02 3.482897866666667142e+01 -6.452153666666666254e+01
1.388593226666666567e+02 3.568556600000000145e+01 -3.182422566666666697e+01
1.376005746666666596e+02 3.369426999999999595e+01 -8.375533333333331498e+00
1.324320646666666619e+02 3.348613466666666483e+01 -5.430538166666666910e+01
1.324108043333333455e+02 3.251350933333333160e+01 -2.743481066666666379e+01
1.341055903333333390e+02 3.469280333333333033e+01 -7.031815133333333279e+01
1.358594736666666734e+02 3.476769066666666674e+01 -6.393155733333333046e+01
1.373643463333333159e+02 3.367437199999999820e+01 -9.780942000000001357e+00
1.309514673333333405e+02 3.153728933333333373e+01 -7.484299600000001362e+01
1.333488680000000102e+02 3.412266633333333488e+01 -5.281240933333333487e+01
1.319294690000000116e+02 3.253326966666666209e+01 -4.472708133333333080e+01
1.345016093333333345e+02 3.444390333333333132e+01 -5.084200533333333283e+01
1.364267453333333435e+02 3.300475933333333245e+01 -7.172986666666666622e+00
1.314167416666666668e+02 3.094441333333333333e+01 -2.934684966666666739e+01
1.334282849999999883e+02 3.327796266666666725e+01 -2.562614000000000303e+01
1.321707946666666658e+02 3.332984366666666887e+01 -5.958383299999999849e+01
1.327954826666666577e+02 3.229810233333333969e+01 -1.807194433333333450e+01
1.322221389999999985e+02 3.382861333333332965e+01 -7.296461433333332991e+01
1.364461616666666544e+02 3.403619933333333591e+01 -2.536361799999999889e+01
1.326821390000000065e+02 3.417858700000000027e+01 -6.853518966666666756e+01
1.364351893333333408e+02 3.492474066666666488e+01 -5.826925233333333409e+01
1.323816470000000152e+02 3.024623433333333367e+01 -7.027736666666666743e+00
1.379336416666666594e+02 3.392932499999999862e+01 -7.754679333333332814e+00
1.317495989999999892e+02 3.074934233333333111e+01 -1.950105566666666235e+01
1.310473913333333087e+02 3.078959000000000046e+01 -3.832470566666666656e+01
1.310930693333333181e+02 3.050007800000000202e+01 -3.050718933333333283e+01
1.354509273333333397e+02 3.386245299999999503e+01 -2.602922599999999775e+01
1.359944613333333336e+02 3.474897433333333652e+01 -6.191935733333333047e+01
1.313418556666666746e+02 3.226567033333333256e+01 -7.549476833333334014e+01
1.348582363333333376e+02 3.407168400000000474e+01 -3.398354233333333241e+01
1.347850810000000195e+02 3.404238099999999889e+01 -3.318976466666666880e+01
1.372765050000000144e+02 3.451274200000000292e+01 -2.287673866666666811e+01
1.330406250000000057e+02 3.393708666666666574e+01 -5.258542133333332913e+01
1.373260909999999910e+02 3.438532233333333465e+01 -1.979024466666666626e+01
1.373993896666666501e+02 3.560271833333333547e+01 -5.972771366666666637e+01
1.341781503333333205e+02 3.416940999999999917e+01 -3.963424900000000406e+01
1.320321169999999995e+02 3.064983266666666850e+01 -1.311356299999999919e+01
1.380019819999999982e+02 3.407660200000000117e+01 -8.012991333333333799e+00
1.359100616666666781e+02 3.463964266666666703e+01 -5.896210566666667319e+01
1.374868490000000065e+02 3.451896233333332731e+01 -1.845462799999999959e+01
1.304894470000000126e+02 3.030250499999999647e+01 -4.973676299999999628e+01
1.341543273333333275e+02 3.209051766666666339e+01 -7.196765333333332570e+00
1.332566376666666486e+02 3.306403800000000359e+01 -2.387228866666666605e+01
1.371019046666666554e+02 3.387142933333333161e+01 -1.471502799999999844e+01
1.378041533333333462e+02 3.364186566666666778e+01 -6.502323666666666391e+00
1.381142313333333220e+02 3.402103900000000181e+01 -6.985318333333332852e+00
1.306459476666666717e+02 3.087556633333333522e+01 -6.680933499999999015e+01
1.334164966666666317e+02 3.319999899999999826e+01 -2.417951933333333159e+01
1.341924256666666508e+02 3.424558766666666543e+01 -4.273866866666666198e+01
1.364509233333333498e+02 3.455885666666666367e+01 -4.493925366666667287e+01
1.322939446666666754e+02 3.216859800000000291e+01 -2.434561233333333519e+01
1.325927716666666640e+02 3.184685500000000147e+01 -1.551323733333333088e+01
1.330719870000000071e+02 3.182022999999999868e+01 -1.085873366666666584e+01
1.322720180000000028e+02 3.201158633333333370e+01 -2.255023233333333721e+01
1.328352136666666752e+02 3.209275433333333893e+01 -1.537011966666666574e+01
1.317484479999999962e+02 3.066825866666666300e+01 -1.850032333333333057e+01
1.311064766666666799e+02 3.137283133333333396e+01 -5.415619366666666679e+01
1.311708936666666716e+02 3.141967999999999961e+01 -5.170111399999999691e+01
1.310986583333333328e+02 3.128475899999999754e+01 -5.113358733333333106e+01
1.312440646666666737e+02 3.125929599999999553e+01 -4.213357899999999745e+01
1.311609130000000221e+02 3.123360133333333621e+01 -4.559284166666666493e+01
1.312724233333333359e+02 3.132746533333333261e+01 -4.274508033333333401e+01
1.312408329999999808e+02 3.139670300000000225e+01 -4.655314833333333269e+01
