1.315300860000000114e+02 1.313904670000000010e+02 1.314311940000000050e+02
1.327730980000000045e+02 1.328577919999999892e+02 1.327221130000000073e+02
1.316289470000000108e+02 1.317545900000000074e+02 1.316719239999999900e+02
1.356793619999999976e+02 1.357294909999999959e+02 1.358141899999999964e+02
1.361826079999999877e+02 1.361494490000000042e+02 1.360529139999999870e+02
1.340163689999999974e+02 1.341516609999999901e+02 1.341013949999999966e+02
1.371305659999999875e+02 1.372177340000000072e+02 1.370813870000000065e+02
1.341676019999999880e+02 1.341171249999999873e+02 1.340321450000000141e+02
1.331920810000000017e+02 1.331854289999999992e+02 1.333020280000000071e+02
1.377867210000000000e+02 1.377327909999999918e+02 1.376481679999999983e+02
1.360486699999999871e+02 1.359148370000000057e+02 1.359752430000000061e+02
1.379587080000000014e+02 1.378330569999999966e+02 1.379260040000000060e+02
1.351265410000000031e+02 1.350022140000000093e+02 1.351037640000000124e+02
1.373580129999999997e+02 1.374934670000000096e+02 1.374433769999999981e+02
1.359464749999999924e+02 1.359974430000000041e+02 1.360811850000000049e+02
1.329758980000000008e+02 1.329242279999999994e+02 1.328393419999999878e+02
1.360504239999999925e+02 1.361010530000000074e+02 1.361859420000000114e+02
1.366090049999999962e+02 1.366595430000000135e+02 1.367444680000000119e+02
1.323244129999999927e+02 1.324032660000000021e+02 1.322664399999999887e+02
1.360161860000000047e+02 1.361517809999999997e+02 1.361002430000000061e+02
1.337799789999999973e+02 1.336953359999999975e+02 1.338306430000000091e+02
1.317632220000000132e+02 1.317163199999999961e+02 1.316308870000000013e+02
1.382226300000000094e+02 1.381393720000000087e+02 1.380929109999999866e+02
1.328395160000000033e+02 1.327050839999999994e+02 1.327558359999999880e+02
1.357796979999999962e+02 1.357294909999999959e+02 1.356443999999999903e+02
1.366802429999999902e+02 1.368177809999999965e+02 1.367738970000000052e+02
1.365295069999999953e+02 1.364769259999999917e+02 1.363903280000000109e+02
1.365826409999999953e+02 1.366146200000000022e+02 1.367230360000000076e+02
1.359832639999999913e+02 1.360339160000000049e+02 1.361182699999999954e+02
1.329399339999999938e+02 1.328074049999999886e+02 1.328611099999999965e+02
1.324129800000000046e+02 1.325238559999999950e+02 1.323985629999999958e+02
1.328605890000000045e+02 1.327254509999999925e+02 1.327713520000000074e+02
1.343188000000000102e+02 1.343687319999999943e+02 1.344544659999999965e+02
1.379260040000000060e+02 1.378330569999999966e+02 1.377920750000000112e+02
1.377920750000000112e+02 1.376582390000000089e+02 1.377503379999999993e+02
1.364769259999999917e+02 1.365610990000000129e+02 1.364246599999999887e+02
1.381106430000000103e+02 1.380255449999999939e+02 1.381496319999999969e+02
1.374373349999999903e+02 1.374838049999999896e+02 1.375773020000000031e+02
1.352059539999999913e+02 1.350539569999999969e+02 1.351033449999999903e+02
1.369760630000000106e+02 1.370999999999999943e+02 1.370894380000000012e+02
1.323182960000000037e+02 1.322335820000000126e+02 1.323704449999999895e+02
1.353888750000000130e+02 1.353382339999999999e+02 1.352533259999999871e+02
1.323005430000000047e+02 1.322498830000000112e+02 1.321655739999999923e+02
1.348800870000000032e+02 1.347442690000000027e+02 1.347949050000000000e+02
1.316047039999999981e+02 1.314666540000000055e+02 1.315156000000000063e+02
1.320970739999999921e+02 1.319614980000000060e+02 1.320120339999999999e+02
1.354103090000000122e+02 1.353242030000000113e+02 1.354595390000000066e+02
1.368177809999999965e+02 1.367293740000000071e+02 1.368655200000000036e+02
1.325972120000000132e+02 1.324597119999999961e+02 1.325141549999999881e+02
1.299672799999999881e+02 1.299000000000000057e+02 1.300345599999999990e+02
1.367268239999999935e+02 1.367781040000000132e+02 1.368608739999999955e+02
1.345123890000000131e+02 1.346437919999999906e+02 1.345801789999999869e+02
1.389000000000000057e+02 1.389000000000000057e+02 1.387812710000000038e+02
1.315585159999999973e+02 1.315065580000000125e+02 1.314288119999999935e+02
1.338424500000000137e+02 1.337922389999999950e+02 1.337069879999999955e+02
1.320967699999999923e+02 1.321665680000000123e+02 1.322322479999999985e+02
1.363240639999999928e+02 1.363737619999999993e+02 1.364572019999999952e+02
1.381938179999999932e+02 1.382374090000000137e+02 1.383186379999999929e+02
1.343796389999999974e+02 1.342461700000000064e+02 1.342959649999999954e+02
1.329087780000000123e+02 1.328211860000000115e+02 1.329588160000000130e+02
1.360246129999999880e+02 1.359752430000000061e+02 1.358804199999999867e+02
1.322052520000000015e+02 1.323082609999999875e+02 1.321744930000000124e+02
1.320640820000000133e+02 1.320118999999999971e+02 1.319296630000000050e+02
1.367403370000000109e+02 1.368525820000000124e+02 1.367317050000000052e+02
1.349126850000000104e+02 1.347775420000000111e+02 1.348287249999999915e+02
1.314071649999999920e+02 1.314935079999999914e+02 1.315557670000000030e+02
1.372896059999999920e+02 1.372567139999999881e+02 1.371741240000000062e+02
1.318188299999999913e+02 1.318901480000000106e+02 1.319624709999999936e+02
1.314756280000000004e+02 1.314115060000000028e+02 1.313395020000000102e+02
1.360673240000000135e+02 1.361517809999999997e+02 1.360161860000000047e+02
1.325629319999999893e+02 1.326498339999999985e+02 1.325092789999999923e+02
1.336362369999999942e+02 1.336864989999999977e+02 1.337688640000000078e+02
1.330952069999999878e+02 1.329594370000000083e+02 1.330099380000000053e+02
1.317409550000000138e+02 1.316047039999999981e+02 1.316548170000000084e+02
1.348220809999999972e+02 1.347167139999999961e+02 1.346877130000000022e+02
1.332813620000000014e+02 1.333666039999999953e+02 1.332309539999999970e+02
1.345741620000000012e+02 1.344892220000000123e+02 1.346247470000000135e+02
1.349447120000000098e+02 1.350310570000000041e+02 1.348955949999999859e+02
1.349989280000000065e+02 1.349141559999999913e+02 1.350499250000000018e+02
1.326317779999999971e+02 1.325008449999999982e+02 1.325509729999999990e+02
1.376597230000000138e+02 1.377417269999999974e+02 1.376069190000000049e+02
1.339242560000000140e+02 1.338875480000000096e+02 1.340271170000000041e+02
1.370476250000000107e+02 1.369363800000000140e+02 1.370794909999999902e+02
1.331636129999999980e+02 1.331124110000000087e+02 1.330273339999999962e+02
1.331544130000000052e+02 1.330699769999999944e+02 1.332046349999999961e+02
1.352877059999999858e+02 1.352374820000000000e+02 1.351517489999999952e+02
1.315363480000000038e+02 1.314018230000000074e+02 1.314617389999999943e+02
1.305055199999999900e+02 1.305648759999999982e+02 1.306027990000000045e+02
1.350310570000000041e+02 1.351178529999999967e+02 1.349814059999999927e+02
1.362729530000000011e+02 1.361500890000000084e+02 1.361618829999999889e+02
1.346753080000000011e+02 1.345397869999999898e+02 1.345903539999999907e+02
1.361351850000000070e+02 1.362198060000000055e+02 1.360845759999999984e+02
1.353547199999999862e+02 1.352192169999999862e+02 1.352700749999999914e+02
1.319624709999999936e+02 1.318901480000000106e+02 1.320270060000000001e+02
1.380372110000000134e+02 1.379083540000000028e+02 1.379539460000000020e+02
1.365411019999999951e+02 1.364059259999999938e+02 1.364570219999999949e+02
1.348682110000000023e+02 1.349675949999999887e+02 1.348220809999999972e+02
1.373949880000000121e+02 1.374433769999999981e+02 1.375271079999999984e+02
1.338068000000000097e+02 1.339427949999999896e+02 1.338926539999999932e+02
1.380988389999999981e+02 1.381938179999999932e+02 1.380651330000000030e+02
1.361271989999999903e+02 1.359752430000000061e+02 1.360246129999999880e+02
1.307485340000000065e+02 1.308833740000000034e+02 1.308222350000000063e+02
1.328611099999999965e+02 1.327290439999999876e+02 1.327898879999999906e+02
1.350783270000000016e+02 1.350310570000000041e+02 1.349447120000000098e+02
1.318966169999999920e+02 1.317632220000000132e+02 1.318105889999999931e+02
1.366761099999999942e+02 1.365921690000000126e+02 1.367268239999999935e+02
1.309485080000000039e+02 1.310181750000000136e+02 1.308833740000000034e+02
1.319271999999999991e+02 1.318764189999999985e+02 1.317913110000000074e+02
1.371870920000000069e+02 1.371365189999999927e+02 1.370509600000000034e+02
1.343513979999999890e+02 1.342491929999999911e+02 1.342237690000000043e+02
1.314471619999999916e+02 1.315875299999999868e+02 1.315344519999999875e+02
1.375834700000000055e+02 1.376895470000000046e+02 1.377074039999999968e+02
1.321990380000000016e+02 1.321151270000000011e+02 1.322498830000000112e+02
1.366436750000000018e+02 1.365921690000000126e+02 1.365086139999999943e+02
1.387779679999999871e+02 1.386523270000000139e+02 1.386604020000000048e+02
1.321070620000000133e+02 1.319703529999999887e+02 1.320477009999999893e+02
1.317621330000000057e+02 1.318331980000000101e+02 1.319047979999999995e+02
1.328742860000000121e+02 1.329244759999999985e+02 1.330099380000000053e+02
1.331636129999999980e+02 1.330273339999999962e+02 1.330785620000000051e+02
1.373949880000000121e+02 1.374795200000000079e+02 1.373444399999999916e+02
1.375595950000000016e+02 1.374580949999999859e+02 1.374199380000000019e+02
1.349001759999999877e+02 1.347685270000000060e+02 1.348704730000000040e+02
1.325867379999999969e+02 1.327221130000000073e+02 1.326708380000000034e+02
1.357610740000000078e+02 1.356205549999999960e+02 1.357115819999999928e+02
1.340301359999999988e+02 1.341134940000000029e+02 1.339691039999999873e+02
1.366146200000000022e+02 1.367317050000000052e+02 1.367230360000000076e+02
1.325141549999999881e+02 1.324319989999999905e+02 1.325670409999999890e+02
1.314813069999999868e+02 1.313408110000000022e+02 1.313904670000000010e+02
1.325092789999999923e+02 1.326498339999999985e+02 1.325928509999999960e+02
1.329775199999999984e+02 1.328550400000000025e+02 1.329654669999999896e+02
1.363240639999999928e+02 1.364005160000000103e+02 1.362687549999999987e+02
1.333691750000000127e+02 1.333187869999999862e+02 1.332327029999999866e+02
1.317972029999999961e+02 1.318762450000000115e+02 1.317438539999999989e+02
1.350311130000000048e+02 1.350022140000000093e+02 1.351265410000000031e+02
1.345741620000000012e+02 1.346247470000000135e+02 1.347097689999999943e+02
1.339427949999999896e+02 1.340286330000000135e+02 1.338926539999999932e+02
1.350837030000000141e+02 1.352192169999999862e+02 1.351684490000000096e+02
1.336745510000000081e+02 1.338120020000000068e+02 1.337552279999999882e+02
1.383179989999999862e+02 1.382260599999999897e+02 1.381890319999999974e+02
1.343796389999999974e+02 1.345129049999999893e+02 1.344662899999999865e+02
1.369628020000000106e+02 1.370647119999999859e+02 1.369411890000000085e+02
1.347785120000000063e+02 1.347278570000000002e+02 1.346429090000000031e+02
1.333666039999999953e+02 1.333161149999999964e+02 1.332309539999999970e+02
1.365242330000000095e+02 1.366595430000000135e+02 1.366090049999999962e+02
1.308500109999999950e+02 1.307765640000000076e+02 1.309076660000000061e+02
1.373243659999999977e+02 1.374365490000000136e+02 1.373126790000000028e+02
1.373580129999999997e+02 1.372222260000000063e+02 1.372725489999999979e+02
1.304381410000000017e+02 1.303676490000000001e+02 1.305002020000000016e+02
1.385911189999999920e+02 1.385484549999999899e+02 1.386745050000000106e+02
1.316718750000000000e+02 1.315510490000000061e+02 1.316177619999999990e+02
1.302837450000000104e+02 1.303959930000000043e+02 1.303539330000000120e+02
1.303676490000000001e+02 1.302344579999999894e+02 1.302967519999999979e+02
1.340140649999999880e+02 1.338834840000000099e+02 1.339857519999999909e+02
1.376288940000000025e+02 1.377133110000000045e+02 1.375774030000000039e+02
1.312726049999999987e+02 1.313443249999999978e+02 1.314140590000000088e+02
1.310990480000000105e+02 1.309559370000000058e+02 1.310370259999999973e+02
1.314921919999999886e+02 1.316277550000000076e+02 1.315614640000000009e+02
1.326170089999999959e+02 1.327496710000000064e+02 1.327064259999999933e+02
1.382897490000000005e+02 1.383186379999999929e+02 1.384203430000000026e+02
1.368334930000000043e+02 1.367502230000000054e+02 1.368921620000000132e+02
1.346753080000000011e+02 1.345903539999999907e+02 1.347258960000000059e+02
1.326741399999999942e+02 1.325389020000000073e+02 1.325928509999999960e+02
1.336916610000000105e+02 1.337769429999999886e+02 1.336412740000000099e+02
1.331604690000000062e+02 1.332459859999999878e+02 1.331104190000000074e+02
1.384311449999999866e+02 1.384967179999999871e+02 1.383594420000000014e+02
1.342538509999999974e+02 1.343045710000000099e+02 1.343912320000000022e+02
1.359305080000000032e+02 1.360444559999999967e+02 1.360246129999999880e+02
1.320955820000000074e+02 1.321803800000000138e+02 1.320439200000000142e+02
1.357975120000000118e+02 1.358837190000000135e+02 1.357481500000000096e+02
1.343687319999999943e+02 1.345046260000000018e+02 1.344544659999999965e+02
1.374741270000000100e+02 1.376082930000000033e+02 1.375614290000000040e+02
1.344224499999999978e+02 1.344729279999999960e+02 1.345579329999999914e+02
1.344569419999999980e+02 1.343214759999999899e+02 1.343719509999999957e+02
1.339313199999999995e+02 1.338809689999999932e+02 1.337959240000000136e+02
1.331961129999999969e+02 1.331457519999999874e+02 1.330602710000000002e+02
1.364404110000000117e+02 1.363903280000000109e+02 1.363014670000000024e+02
1.328895660000000021e+02 1.327558359999999880e+02 1.328074049999999886e+02
1.318308800000000076e+02 1.318988579999999899e+02 1.319647710000000131e+02
1.331803459999999859e+02 1.330952069999999878e+02 1.332309539999999970e+02
1.373234390000000076e+02 1.374598770000000059e+02 1.374086159999999950e+02
1.349126850000000104e+02 1.349945240000000126e+02 1.348602520000000027e+02
1.314471619999999916e+02 1.313868119999999919e+02 1.313042149999999992e+02
1.355755299999999863e+02 1.356922059999999988e+02 1.355692840000000103e+02
1.315694509999999866e+02 1.316231659999999977e+02 1.317069239999999866e+02
1.366342439999999954e+02 1.367738970000000052e+02 1.367478240000000085e+02
1.374888750000000073e+02 1.373583810000000085e+02 1.374580949999999859e+02
1.323293669999999906e+02 1.322352730000000065e+02 1.323679950000000076e+02
1.336223229999999944e+02 1.334917419999999879e+02 1.335939820000000111e+02
1.328871709999999950e+02 1.329352649999999869e+02 1.330209089999999890e+02
1.321151270000000011e+02 1.319807549999999878e+02 1.320308469999999943e+02
1.359974430000000041e+02 1.360486699999999871e+02 1.361310389999999870e+02
1.327072809999999947e+02 1.325629319999999893e+02 1.326125350000000083e+02
1.366606559999999888e+02 1.366342439999999954e+02 1.367478240000000085e+02
1.358329249999999888e+02 1.357495159999999998e+02 1.358804199999999867e+02
1.383597359999999981e+02 1.383179989999999862e+02 1.384540709999999990e+02
1.309546620000000132e+02 1.308940939999999955e+02 1.308222350000000063e+02
1.308110670000000084e+02 1.306670849999999859e+02 1.307467269999999928e+02
1.331544130000000052e+02 1.332046349999999961e+02 1.332902349999999956e+02
1.359658180000000129e+02 1.361002430000000061e+02 1.360529139999999870e+02
1.324702699999999993e+02 1.323956379999999911e+02 1.325221779999999967e+02
1.320723729999999989e+02 1.319226429999999937e+02 1.319955600000000118e+02
1.319958849999999870e+02 1.319457490000000064e+02 1.318606540000000109e+02
1.342870159999999942e+02 1.344224499999999978e+02 1.343719509999999957e+02
1.318331980000000101e+02 1.319767380000000117e+02 1.319047979999999995e+02
1.370377980000000093e+02 1.369919050000000027e+02 1.369072639999999978e+02
1.330959789999999998e+02 1.330457749999999919e+02 1.329588160000000130e+02
1.352374820000000000e+02 1.353242030000000113e+02 1.351876980000000117e+02
1.328871709999999950e+02 1.328383939999999939e+02 1.327496710000000064e+02
1.340462880000000041e+02 1.340271170000000041e+02 1.341329880000000117e+02
1.332687050000000113e+02 1.333545619999999872e+02 1.332189349999999877e+02
1.363384049999999945e+02 1.362536010000000033e+02 1.363889540000000125e+02
1.362198060000000055e+02 1.363043260000000032e+02 1.361690539999999885e+02
1.320970739999999921e+02 1.321484360000000038e+02 1.322335820000000126e+02
1.341832780000000014e+02 1.343188000000000102e+02 1.342685590000000104e+02
1.371725959999999986e+02 1.372896059999999920e+02 1.371741240000000062e+02
1.314756280000000004e+02 1.313395020000000102e+02 1.314018230000000074e+02
1.330340040000000101e+02 1.331692150000000083e+02 1.331195429999999931e+02
1.353721370000000093e+02 1.353210489999999879e+02 1.352367519999999956e+02
1.363215490000000045e+02 1.363728490000000022e+02 1.364570219999999949e+02
1.302344579999999894e+02 1.301654729999999915e+02 1.302967519999999979e+02
1.335209820000000036e+02 1.335714600000000019e+02 1.336567279999999869e+02
1.368958430000000135e+02 1.369455879999999866e+02 1.370315229999999929e+02
1.378675130000000024e+02 1.377786759999999902e+02 1.379083540000000028e+02
1.329100809999999910e+02 1.330471689999999967e+02 1.329640699999999924e+02
1.342959649999999954e+02 1.341639270000000010e+02 1.342183220000000006e+02
1.373949880000000121e+02 1.375271079999999984e+02 1.374795200000000079e+02
1.357270949999999914e+02 1.356433580000000063e+02 1.357788639999999987e+02
1.337570910000000026e+02 1.338424500000000137e+02 1.337069879999999955e+02
1.380791429999999878e+02 1.382031709999999975e+02 1.381787789999999916e+02
1.333265829999999994e+02 1.334115109999999902e+02 1.332799159999999858e+02
1.324355759999999975e+02 1.323513810000000035e+02 1.324867690000000096e+02
1.380372110000000134e+02 1.380929109999999866e+02 1.379770049999999912e+02
1.327893640000000062e+02 1.327050839999999994e+02 1.328395160000000033e+02
1.366050329999999917e+02 1.365690250000000106e+02 1.367013289999999870e+02
1.320967699999999923e+02 1.320312099999999873e+02 1.321665680000000123e+02
1.323671659999999974e+02 1.325024769999999990e+02 1.324514269999999954e+02
1.331824210000000051e+02 1.330457749999999919e+02 1.330959789999999998e+02
1.317635999999999967e+02 1.316963199999999858e+02 1.318328869999999995e+02
1.342956810000000019e+02 1.344288420000000031e+02 1.343745910000000094e+02
1.387804590000000076e+02 1.387812710000000038e+02 1.386649099999999919e+02
1.313868119999999919e+02 1.315013539999999921e+02 1.313876300000000015e+02
1.379083540000000028e+02 1.380372110000000134e+02 1.379770049999999912e+02
1.344729279999999960e+02 1.346085260000000119e+02 1.345579329999999914e+02
1.335602829999999983e+02 1.336447039999999902e+02 1.335102960000000110e+02
1.349141559999999913e+02 1.348292810000000088e+02 1.349650860000000137e+02
1.327390460000000019e+02 1.327893640000000062e+02 1.328742860000000121e+02
1.363215490000000045e+02 1.361859420000000114e+02 1.362368669999999895e+02
1.321990380000000016e+02 1.320640820000000133e+02 1.321151270000000011e+02
1.353888750000000130e+02 1.355243969999999933e+02 1.354739030000000071e+02
1.370865729999999871e+02 1.370377980000000093e+02 1.369524370000000033e+02
1.374373349999999903e+02 1.373451640000000111e+02 1.374838049999999896e+02
1.323005430000000047e+02 1.323847959999999944e+02 1.322498830000000112e+02
1.383862589999999955e+02 1.385218950000000007e+02 1.385028829999999971e+02
1.362705689999999947e+02 1.363215490000000045e+02 1.364059259999999938e+02
1.330754459999999995e+02 1.329654669999999896e+02 1.329600059999999928e+02
1.381106430000000103e+02 1.379824329999999861e+02 1.380255449999999939e+02
1.301714969999999880e+02 1.302837450000000104e+02 1.302280010000000061e+02
1.376597230000000138e+02 1.378002400000000023e+02 1.377417269999999974e+02
1.342332800000000077e+02 1.343687319999999943e+02 1.343188000000000102e+02
1.318762450000000115e+02 1.318198559999999873e+02 1.317438539999999989e+02
1.343796389999999974e+02 1.343314880000000073e+02 1.342461700000000064e+02
1.321883929999999907e+02 1.322664399999999887e+02 1.321222940000000108e+02
1.340807330000000093e+02 1.341639270000000010e+02 1.340286330000000135e+02
1.329936040000000048e+02 1.330445090000000050e+02 1.331295210000000111e+02
1.320876069999999913e+02 1.321744930000000124e+02 1.322055239999999969e+02
1.364395890000000122e+02 1.363103260000000034e+02 1.364078000000000088e+02
1.333380009999999913e+02 1.332065189999999859e+02 1.333107139999999902e+02
1.349654669999999896e+02 1.350513980000000060e+02 1.349157140000000084e+02
1.323513810000000035e+02 1.322668229999999880e+02 1.324028199999999913e+02
1.305084879999999998e+02 1.304381410000000017e+02 1.305717999999999961e+02
1.334549949999999967e+02 1.335053910000000030e+02 1.335909149999999954e+02
1.341171249999999873e+02 1.339816810000000089e+02 1.340321450000000141e+02
1.330776810000000125e+02 1.330754459999999995e+02 1.329600059999999928e+02
1.359811550000000011e+02 1.359308560000000057e+02 1.358457459999999912e+02
1.370917239999999993e+02 1.369568250000000091e+02 1.370476250000000107e+02
1.325867379999999969e+02 1.325354319999999859e+02 1.324514269999999954e+02
1.305717999999999961e+02 1.304381410000000017e+02 1.305002020000000016e+02
1.352313080000000127e+02 1.350729310000000112e+02 1.351893870000000106e+02
1.311199740000000133e+02 1.312045929999999885e+02 1.310702430000000049e+02
1.354564829999999915e+02 1.354055130000000133e+02 1.353210489999999879e+02
1.315589050000000100e+02 1.316912729999999954e+02 1.316277550000000076e+02
1.380771729999999877e+02 1.382126120000000071e+02 1.381496319999999969e+02
1.325509729999999990e+02 1.325008449999999982e+02 1.324269069999999999e+02
1.334752750000000106e+02 1.335602829999999983e+02 1.334254359999999906e+02
1.335365689999999859e+02 1.335865949999999884e+02 1.336716759999999908e+02
1.362705689999999947e+02 1.361859420000000114e+02 1.363215490000000045e+02
1.338981320000000039e+02 1.340301359999999988e+02 1.339691039999999873e+02
1.378208779999999933e+02 1.376895470000000046e+02 1.376947309999999902e+02
1.355774979999999914e+02 1.354943189999999902e+02 1.356289240000000120e+02
1.345924239999999941e+02 1.346773430000000076e+02 1.345419119999999964e+02
1.382828309999999874e+02 1.381890319999999974e+02 1.381567970000000116e+02
1.327072809999999947e+02 1.326498339999999985e+02 1.325629319999999893e+02
1.351684490000000096e+02 1.352192169999999862e+02 1.353040039999999919e+02
1.375683799999999906e+02 1.374347040000000106e+02 1.375256610000000137e+02
1.346247470000000135e+02 1.344892220000000123e+02 1.345397869999999898e+02
1.389000000000000057e+02 1.389000000000000057e+02 1.387804590000000076e+02
1.330785620000000051e+02 1.330273339999999962e+02 1.329424439999999947e+02
1.373444399999999916e+02 1.374199380000000019e+02 1.372918270000000120e+02
1.363392560000000060e+02 1.364246599999999887e+02 1.362880289999999945e+02
1.354739030000000071e+02 1.355243969999999933e+02 1.356094740000000058e+02
1.308313499999999863e+02 1.307790200000000027e+02 1.309292259999999999e+02
1.369838780000000042e+02 1.370999999999999943e+02 1.369760630000000106e+02
1.314281070000000113e+02 1.312877530000000093e+02 1.313408110000000022e+02
1.355239640000000065e+02 1.356037249999999972e+02 1.354705940000000055e+02
1.329718900000000019e+02 1.330209089999999890e+02 1.331028159999999900e+02
1.340798949999999934e+02 1.341652559999999994e+02 1.340271170000000041e+02
1.315871730000000071e+02 1.316665040000000033e+02 1.315363480000000038e+02
1.361182699999999954e+02 1.360339160000000049e+02 1.361690539999999885e+02
1.321068740000000048e+02 1.322603860000000111e+02 1.321749199999999860e+02
1.371870920000000069e+02 1.373234390000000076e+02 1.372725489999999979e+02
1.322337540000000047e+02 1.322946369999999945e+02 1.323684419999999875e+02
1.371673289999999952e+02 1.371171300000000031e+02 1.370315229999999929e+02
1.345541069999999877e+02 1.344662899999999865e+02 1.346023480000000063e+02
1.373384049999999945e+02 1.372025280000000009e+02 1.372521370000000047e+02
1.387804590000000076e+02 1.389000000000000057e+02 1.387812710000000038e+02
1.347119000000000142e+02 1.345767769999999928e+02 1.346269560000000070e+02
1.381938179999999932e+02 1.382897490000000005e+02 1.381661789999999996e+02
1.328550400000000025e+02 1.327325600000000065e+02 1.328468320000000062e+02
1.342959649999999954e+02 1.342461700000000064e+02 1.341639270000000010e+02
1.344569419999999980e+02 1.345924239999999941e+02 1.345419119999999964e+02
1.342366169999999954e+02 1.341516609999999901e+02 1.342870159999999942e+02
1.373945429999999988e+02 1.372618370000000141e+02 1.373583810000000085e+02
1.376069190000000049e+02 1.375595950000000016e+02 1.374795200000000079e+02
1.349157140000000084e+02 1.350513980000000060e+02 1.350039950000000033e+02
1.306902259999999956e+02 1.307632110000000125e+02 1.306320120000000031e+02
1.358804419999999880e+02 1.357953440000000001e+02 1.359308560000000057e+02
1.366142460000000085e+02 1.364769259999999917e+02 1.365295069999999953e+02
1.353762370000000033e+02 1.355239640000000065e+02 1.354705940000000055e+02
1.377133110000000045e+02 1.377638190000000122e+02 1.378494499999999903e+02
1.367502230000000054e+02 1.366673309999999901e+02 1.367981049999999925e+02
1.372121830000000102e+02 1.372016340000000127e+02 1.370894380000000012e+02
1.353944649999999967e+02 1.352657820000000015e+02 1.353497989999999902e+02
1.346411190000000033e+02 1.346917950000000133e+02 1.347775420000000111e+02
1.337922389999999950e+02 1.337419999999999902e+02 1.336567279999999869e+02
1.345046260000000018e+02 1.346411190000000033e+02 1.345903539999999907e+02
1.363103260000000034e+02 1.362130129999999895e+02 1.361829180000000008e+02
1.310755929999999978e+02 1.311556889999999953e+02 1.312237900000000081e+02
1.379292330000000106e+02 1.380651330000000030e+02 1.380455039999999940e+02
1.379395069999999919e+02 1.378494499999999903e+02 1.379824329999999861e+02
1.338555039999999963e+02 1.339427949999999896e+02 1.338068000000000097e+02
1.350328680000000077e+02 1.351684490000000096e+02 1.351176440000000127e+02
1.314935079999999914e+02 1.315510490000000061e+02 1.316514369999999872e+02
1.363550889999999924e+02 1.364903079999999989e+02 1.364395829999999989e+02
1.332189349999999877e+02 1.333545619999999872e+02 1.333045649999999966e+02
1.352533259999999871e+02 1.352024930000000040e+02 1.351176440000000127e+02
1.374365490000000136e+02 1.375487320000000011e+02 1.374241890000000126e+02
1.326377549999999985e+02 1.327221130000000073e+02 1.325867379999999969e+02
1.358646359999999902e+02 1.359150140000000135e+02 1.359998669999999947e+02
1.321475819999999999e+02 1.322829989999999896e+02 1.322316690000000108e+02
1.339276749999999936e+02 1.338424500000000137e+02 1.339779240000000016e+02
1.301654729999999915e+02 1.302280010000000061e+02 1.302967519999999979e+02
1.311358099999999922e+02 1.310699860000000001e+02 1.312014979999999866e+02
1.385911189999999920e+02 1.384934120000000064e+02 1.384540709999999990e+02
1.369953160000000025e+02 1.369568250000000091e+02 1.370917239999999993e+02
1.333161149999999964e+02 1.331803459999999859e+02 1.332309539999999970e+02
1.346368630000000053e+02 1.345363879999999881e+02 1.345064069999999958e+02
1.365295069999999953e+02 1.365826409999999953e+02 1.366673309999999901e+02
1.351012200000000121e+02 1.350159500000000037e+02 1.351517489999999952e+02
1.361010530000000074e+02 1.361517849999999896e+02 1.362368669999999895e+02
1.361168690000000083e+02 1.360312470000000076e+02 1.361669129999999939e+02
1.348800870000000032e+02 1.350161479999999870e+02 1.349650860000000137e+02
1.351178529999999967e+02 1.352553990000000113e+02 1.352037239999999940e+02
1.332403089999999963e+02 1.331544130000000052e+02 1.332902349999999956e+02
1.389000000000000057e+02 1.389000000000000057e+02 1.387706839999999886e+02
1.361002430000000061e+02 1.361826079999999877e+02 1.360529139999999870e+02
1.324578109999999924e+02 1.325867120000000057e+02 1.325481910000000028e+02
1.377786759999999902e+02 1.376565270000000112e+02 1.377166019999999946e+02
1.355218130000000087e+02 1.354467109999999934e+02 1.355752549999999985e+02
1.322121689999999887e+02 1.320723729999999989e+02 1.321296769999999867e+02
1.341190330000000017e+02 1.339857519999999909e+02 1.340862630000000024e+02
1.317632220000000132e+02 1.316742749999999944e+02 1.318105889999999931e+02
1.327290439999999876e+02 1.328074049999999886e+02 1.326741399999999942e+02
1.374580949999999859e+02 1.373583810000000085e+02 1.373201359999999909e+02
1.340666929999999866e+02 1.339313199999999995e+02 1.339816810000000089e+02
1.352758289999999874e+02 1.354103090000000122e+02 1.353611229999999921e+02
1.354055130000000133e+02 1.353547199999999862e+02 1.352700749999999914e+02
1.362028119999999944e+02 1.361517809999999997e+02 1.360673240000000135e+02
1.382962060000000122e+02 1.382226300000000094e+02 1.381603810000000010e+02
1.319271999999999991e+02 1.317913110000000074e+02 1.318427110000000084e+02
1.316177619999999990e+02 1.315483560000000125e+02 1.316879470000000083e+02
1.346773430000000076e+02 1.348126939999999934e+02 1.347622159999999951e+02
1.364572019999999952e+02 1.365465230000000076e+02 1.364005160000000103e+02
1.369655520000000024e+02 1.370509600000000034e+02 1.369150740000000042e+02
1.385471740000000125e+02 1.384671580000000120e+02 1.384130849999999953e+02
1.328468320000000062e+02 1.327325600000000065e+02 1.327301860000000033e+02
1.352700749999999914e+02 1.351345780000000047e+02 1.351856019999999887e+02
1.382079589999999882e+02 1.381393150000000105e+02 1.380649950000000104e+02
1.342194309999999859e+02 1.342707090000000107e+02 1.343555900000000065e+02
1.353497989999999902e+02 1.352657820000000015e+02 1.352145060000000001e+02
1.356443999999999903e+02 1.357294909999999959e+02 1.355944639999999879e+02
1.369363800000000140e+02 1.367980929999999944e+02 1.368678040000000067e+02
1.335659699999999930e+02 1.336239060000000052e+02 1.337171339999999873e+02
1.333759159999999895e+02 1.333265829999999994e+02 1.332403089999999963e+02
1.344386210000000119e+02 1.345741620000000012e+02 1.345235930000000053e+02
1.372222260000000063e+02 1.371721440000000030e+02 1.370865729999999871e+02
1.340836710000000096e+02 1.342194309999999859e+02 1.341671059999999898e+02
1.307035820000000115e+02 1.306780390000000125e+02 1.306027990000000045e+02
1.353004640000000052e+02 1.351671289999999885e+02 1.352657820000000015e+02
1.327987640000000056e+02 1.328491720000000100e+02 1.329352649999999869e+02
1.380255449999999939e+02 1.380771729999999877e+02 1.381496319999999969e+02
1.303723830000000135e+02 1.303035849999999982e+02 1.304381410000000017e+02
1.377303379999999891e+02 1.377166019999999946e+02 1.376113609999999881e+02
1.330999999999999943e+02 1.329775199999999984e+02 1.330851389999999981e+02
1.371229140000000086e+02 1.372056959999999890e+02 1.370794909999999902e+02
1.384851429999999937e+02 1.385471740000000125e+02 1.384130849999999953e+02
1.343555900000000065e+02 1.344063620000000014e+02 1.344914870000000064e+02
1.338120020000000068e+02 1.339495919999999956e+02 1.338981320000000039e+02
1.330776810000000125e+02 1.330718119999999942e+02 1.332062339999999949e+02
1.377327909999999918e+02 1.375963109999999858e+02 1.376481679999999983e+02
1.328895660000000021e+02 1.328074049999999886e+02 1.329399339999999938e+02
1.382374090000000137e+02 1.381598569999999881e+02 1.382973189999999875e+02
1.343437680000000114e+02 1.344783799999999871e+02 1.344288420000000031e+02
1.334607080000000110e+02 1.335424820000000068e+02 1.334115109999999902e+02
1.325867379999999969e+02 1.326708380000000034e+02 1.325354319999999859e+02
1.328577919999999892e+02 1.329424439999999947e+02 1.328065430000000049e+02
1.374934670000000096e+02 1.376288940000000025e+02 1.375774030000000039e+02
1.314819449999999961e+02 1.315483560000000125e+02 1.316177619999999990e+02
1.334516120000000114e+02 1.333161149999999964e+02 1.333666039999999953e+02
1.319560370000000091e+02 1.320261260000000050e+02 1.320869289999999978e+02
1.321803800000000138e+02 1.321296769999999867e+02 1.320439200000000142e+02
1.384671580000000120e+02 1.385189279999999883e+02 1.383766300000000058e+02
1.369919050000000027e+02 1.369363800000000140e+02 1.368678040000000067e+02
1.307632110000000125e+02 1.308352399999999989e+02 1.307042979999999943e+02
1.350729310000000112e+02 1.349740630000000010e+02 1.349330860000000030e+02
1.357975120000000118e+02 1.356586890000000096e+02 1.357121229999999912e+02
1.341671059999999898e+02 1.341134940000000029e+02 1.340301359999999988e+02
1.310370259999999973e+02 1.308837699999999984e+02 1.309504959999999869e+02
1.369812740000000133e+02 1.368455649999999935e+02 1.368958430000000135e+02
1.365826409999999953e+02 1.364404110000000117e+02 1.364862990000000025e+02
1.331457519999999874e+02 1.330952069999999878e+02 1.330099380000000053e+02
1.344058070000000100e+02 1.342752260000000035e+02 1.343764160000000061e+02
1.328395160000000033e+02 1.328895660000000021e+02 1.329743200000000058e+02
1.378675130000000024e+02 1.379083540000000028e+02 1.379770049999999912e+02
1.356094740000000058e+02 1.356598639999999989e+02 1.357449100000000044e+02
1.346368630000000053e+02 1.345064069999999958e+02 1.346095109999999977e+02
1.321312230000000056e+02 1.322160079999999880e+02 1.320808089999999879e+02
1.331854289999999992e+02 1.332062339999999949e+02 1.332987320000000011e+02
1.327327699999999879e+02 1.327301860000000033e+02 1.326150189999999895e+02
1.385218950000000007e+02 1.386339120000000094e+02 1.385028829999999971e+02
1.379950599999999952e+02 1.379785139999999899e+02 1.378692210000000102e+02
1.339627160000000003e+02 1.338272760000000119e+02 1.338774840000000097e+02
1.370162740000000099e+02 1.371016720000000078e+02 1.369655520000000024e+02
1.327349649999999883e+02 1.325972120000000132e+02 1.326504390000000058e+02
1.378208779999999933e+02 1.376947309999999902e+02 1.378184709999999882e+02
1.340836710000000096e+02 1.341671059999999898e+02 1.340301359999999988e+02
1.329936040000000048e+02 1.329424439999999947e+02 1.328577919999999892e+02
1.356938519999999926e+02 1.358082239999999956e+02 1.358017140000000040e+02
1.336257929999999874e+02 1.335405389999999954e+02 1.336761930000000120e+02
1.381603810000000010e+02 1.380929109999999866e+02 1.380372110000000134e+02
1.339427949999999896e+02 1.340807330000000093e+02 1.340286330000000135e+02
1.321484360000000038e+02 1.320639459999999872e+02 1.322008250000000089e+02
1.377712950000000092e+02 1.377582879999999932e+02 1.376467189999999903e+02
1.342707090000000107e+02 1.341861450000000104e+02 1.343214759999999899e+02
1.383502530000000093e+02 1.384187379999999905e+02 1.384851429999999937e+02
1.369669749999999908e+02 1.369628020000000106e+02 1.368427210000000116e+02
1.365826409999999953e+02 1.364862990000000025e+02 1.366146200000000022e+02
1.362693600000000060e+02 1.361695839999999862e+02 1.362660879999999963e+02
1.360486699999999871e+02 1.361695839999999862e+02 1.361310389999999870e+02
1.324578109999999924e+02 1.323293669999999906e+02 1.323679950000000076e+02
1.360850739999999917e+02 1.360550250000000005e+02 1.361829180000000008e+02
1.339691039999999873e+02 1.338526679999999942e+02 1.338392639999999858e+02
1.380988389999999981e+02 1.382374090000000137e+02 1.381938179999999932e+02
1.327290439999999876e+02 1.326741399999999942e+02 1.325928509999999960e+02
1.320337260000000015e+02 1.318988579999999899e+02 1.319703529999999887e+02
1.372995349999999917e+02 1.374116019999999878e+02 1.372896059999999920e+02
1.368802200000000084e+02 1.370162740000000099e+02 1.369655520000000024e+02
1.364738110000000120e+02 1.364235950000000059e+02 1.363384049999999945e+02
1.334254359999999906e+02 1.333759159999999895e+02 1.332902349999999956e+02
1.374086159999999950e+02 1.374598770000000059e+02 1.375446469999999977e+02
1.352374820000000000e+02 1.353735969999999895e+02 1.353242030000000113e+02
1.343536420000000078e+02 1.344892220000000123e+02 1.344386210000000119e+02
1.378208779999999933e+02 1.379292330000000106e+02 1.377996489999999881e+02
1.389000000000000057e+02 1.387977490000000103e+02 1.387817560000000014e+02
1.311424370000000010e+02 1.312299580000000105e+02 1.312748090000000047e+02
1.336239060000000052e+02 1.336745510000000081e+02 1.337552279999999882e+02
1.322335820000000126e+02 1.322857659999999953e+02 1.323704449999999895e+02
1.354734510000000114e+02 1.353919109999999932e+02 1.355218130000000087e+02
1.346935850000000130e+02 1.347785120000000063e+02 1.346429090000000031e+02
1.312726049999999987e+02 1.312053249999999878e+02 1.313443249999999978e+02
1.313033140000000003e+02 1.312283070000000009e+02 1.313591560000000129e+02
1.372016340000000127e+02 1.373243659999999977e+02 1.373126790000000028e+02
1.312045929999999885e+02 1.312877530000000093e+02 1.311556889999999953e+02
1.300993599999999901e+02 1.301714969999999880e+02 1.302280010000000061e+02
1.357788639999999987e+02 1.356433580000000063e+02 1.356961569999999995e+02
1.346095109999999977e+02 1.344791610000000048e+02 1.345834199999999896e+02
1.360164660000000083e+02 1.359199460000000101e+02 1.359042049999999904e+02
1.386523270000000139e+02 1.386339120000000094e+02 1.385218950000000007e+02
1.364395890000000122e+02 1.364078000000000088e+02 1.365391140000000121e+02
1.372121830000000102e+02 1.373243659999999977e+02 1.372016340000000127e+02
1.367013289999999870e+02 1.366606559999999888e+02 1.367980929999999944e+02
1.362705689999999947e+02 1.364059259999999938e+02 1.363550889999999924e+02
1.379468469999999911e+02 1.378688980000000015e+02 1.380029509999999959e+02
1.322121689999999887e+02 1.322976390000000038e+02 1.321636149999999930e+02
1.318981599999999901e+02 1.318308800000000076e+02 1.319647710000000131e+02
1.376082930000000033e+02 1.376565270000000112e+02 1.377384059999999977e+02
1.324355759999999975e+02 1.323847959999999944e+02 1.323005430000000047e+02
1.307790200000000027e+02 1.307130929999999864e+02 1.308500109999999950e+02
1.317248380000000054e+02 1.318606540000000109e+02 1.318105889999999931e+02
1.377582879999999932e+02 1.378828770000000077e+02 1.378692210000000102e+02
1.324578109999999924e+02 1.323679950000000076e+02 1.324873159999999928e+02
1.349654669999999896e+02 1.349157140000000084e+02 1.348308830000000000e+02
1.341171249999999873e+02 1.342525180000000091e+02 1.342020899999999983e+02
1.322386459999999886e+02 1.321070620000000133e+02 1.321933290000000056e+02
1.371523809999999912e+02 1.370668530000000089e+02 1.372025280000000009e+02
1.341671059999999898e+02 1.342194309999999859e+02 1.343045710000000099e+02
1.325195319999999981e+02 1.326415780000000098e+02 1.326378939999999886e+02
1.325629319999999893e+02 1.324222000000000037e+02 1.324702699999999993e+02
1.347949050000000000e+02 1.346591889999999978e+02 1.347097689999999943e+02
1.345123890000000131e+02 1.345801789999999869e+02 1.344483510000000024e+02
1.315344519999999875e+02 1.316308870000000013e+02 1.315013539999999921e+02
1.359211459999999931e+02 1.360448599999999999e+02 1.360444559999999967e+02
1.374249910000000057e+02 1.372885819999999910e+02 1.373384049999999945e+02
1.320261260000000050e+02 1.321630629999999940e+02 1.320869289999999978e+02
1.318198559999999873e+02 1.317628880000000038e+02 1.316879470000000083e+02
1.347304200000000094e+02 1.348682110000000023e+02 1.348220809999999972e+02
1.364738110000000120e+02 1.363384049999999945e+02 1.363889540000000125e+02
1.383759019999999964e+02 1.382973189999999875e+02 1.384388659999999902e+02
1.334861769999999979e+02 1.335424820000000068e+02 1.336239060000000052e+02
1.320308469999999943e+02 1.319807549999999878e+02 1.318966169999999920e+02
1.384311449999999866e+02 1.383594420000000014e+02 1.382962060000000122e+02
1.334862459999999942e+02 1.333505780000000129e+02 1.334011999999999887e+02
1.327713520000000074e+02 1.326829140000000109e+02 1.328211860000000115e+02
1.366606559999999888e+02 1.365391140000000121e+02 1.366342439999999954e+02
1.345635969999999872e+02 1.344783799999999871e+02 1.346128260000000125e+02
1.333899690000000078e+02 1.334400510000000111e+02 1.335253270000000043e+02
1.318764189999999985e+02 1.319614980000000060e+02 1.318265370000000019e+02
1.330833069999999907e+02 1.331692150000000083e+02 1.330340040000000101e+02
1.322650219999999877e+02 1.321803800000000138e+02 1.323161000000000058e+02
1.318308800000000076e+02 1.317635999999999967e+02 1.318988579999999899e+02
1.377786759999999902e+02 1.377166019999999946e+02 1.378368260000000021e+02
1.356037249999999972e+02 1.355239640000000065e+02 1.356586890000000096e+02
1.334115109999999902e+02 1.335424820000000068e+02 1.334861769999999979e+02
1.334356919999999889e+02 1.333505780000000129e+02 1.334862459999999942e+02
1.319614980000000060e+02 1.320463570000000004e+02 1.319111379999999940e+02
1.324319989999999905e+02 1.322976390000000038e+02 1.323484440000000006e+02
1.383179989999999862e+02 1.381890319999999974e+02 1.382828309999999874e+02
1.349481220000000121e+02 1.349989280000000065e+02 1.350837030000000141e+02
1.329100809999999910e+02 1.328393259999999998e+02 1.327931710000000010e+02
1.350936179999999922e+02 1.352296640000000139e+02 1.351893870000000106e+02
1.354739030000000071e+02 1.356094740000000058e+02 1.355591699999999946e+02
1.367950470000000109e+02 1.368455649999999935e+02 1.369308580000000006e+02
1.305648759999999982e+02 1.304382400000000075e+02 1.305079729999999927e+02
1.367230360000000076e+02 1.368495650000000126e+02 1.367981049999999925e+02
1.377384059999999977e+02 1.376565270000000112e+02 1.377786759999999902e+02
1.332305810000000008e+02 1.330999999999999943e+02 1.332065189999999859e+02
1.322668229999999880e+02 1.321312230000000056e+02 1.321820700000000102e+02
1.303035849999999982e+02 1.303676490000000001e+02 1.304381410000000017e+02
1.317580429999999865e+02 1.318984780000000114e+02 1.318427110000000084e+02
1.318328869999999995e+02 1.317654870000000074e+02 1.319050650000000076e+02
1.329100809999999910e+02 1.329718900000000019e+02 1.330471689999999967e+02
1.372698599999999942e+02 1.372567139999999881e+02 1.373800099999999986e+02
1.317621330000000057e+02 1.316961609999999894e+02 1.318331980000000101e+02
1.373081099999999992e+02 1.373949880000000121e+02 1.372574429999999950e+02
1.368608739999999955e+02 1.369108980000000031e+02 1.369943260000000009e+02
1.328395160000000033e+02 1.327558359999999880e+02 1.328895660000000021e+02
1.374888750000000073e+02 1.375834700000000055e+02 1.376161500000000046e+02
1.341832780000000014e+02 1.342685590000000104e+02 1.341330739999999935e+02
1.348468670000000031e+02 1.347119000000000142e+02 1.347622159999999951e+02
1.337456730000000107e+02 1.336606299999999976e+02 1.337959240000000136e+02
1.322664399999999887e+02 1.324032660000000021e+02 1.323455539999999928e+02
1.355755299999999863e+02 1.355692840000000103e+02 1.354567140000000052e+02
1.351265080000000012e+02 1.349945240000000126e+02 1.350539569999999969e+02
1.351012200000000121e+02 1.350513980000000060e+02 1.349654669999999896e+02
1.310707649999999944e+02 1.310034850000000120e+02 1.311358099999999922e+02
1.328065430000000049e+02 1.327549109999999928e+02 1.326708380000000034e+02
1.352758289999999874e+02 1.353242030000000113e+02 1.354103090000000122e+02
1.325197300000000098e+02 1.323847959999999944e+02 1.324355759999999975e+02
1.367605770000000120e+02 1.368108330000000024e+02 1.368958430000000135e+02
1.369943260000000009e+02 1.370384889999999984e+02 1.371305659999999875e+02
1.382822400000000016e+02 1.383496969999999919e+02 1.382079589999999882e+02
1.310702430000000049e+02 1.310362519999999904e+02 1.309292259999999999e+02
1.374373349999999903e+02 1.373006179999999858e+02 1.373451640000000111e+02
1.381890319999999974e+02 1.380923840000000098e+02 1.380589319999999987e+02
1.317163199999999961e+02 1.317972029999999961e+02 1.316665040000000033e+02
1.368608739999999955e+02 1.367781040000000132e+02 1.369108980000000031e+02
1.339627160000000003e+02 1.339125040000000126e+02 1.338272760000000119e+02
1.343031000000000006e+02 1.343880120000000034e+02 1.342525180000000091e+02
1.339660820000000001e+02 1.340163689999999974e+02 1.341013949999999966e+02
1.317522519999999986e+02 1.318891889999999876e+02 1.318237080000000105e+02
1.336613189999999918e+02 1.336929599999999994e+02 1.335649280000000090e+02
1.349157140000000084e+02 1.347813710000000071e+02 1.348308830000000000e+02
1.328989939999999876e+02 1.329478990000000067e+02 1.330340040000000101e+02
1.312302770000000010e+02 1.313724379999999883e+02 1.313042149999999992e+02
1.376113609999999881e+02 1.374838049999999896e+02 1.375062650000000133e+02
1.375088660000000118e+02 1.376246050000000025e+02 1.375062650000000133e+02
1.349447120000000098e+02 1.348955949999999859e+02 1.348102309999999875e+02
1.301691199999999924e+02 1.302344579999999894e+02 1.303035849999999982e+02
1.382309030000000121e+02 1.383655730000000119e+02 1.382962060000000122e+02
1.358624969999999905e+02 1.359464749999999924e+02 1.358113950000000045e+02
1.387630629999999883e+02 1.386270879999999863e+02 1.387283610000000067e+02
1.357270949999999914e+02 1.358624969999999905e+02 1.358113950000000045e+02
1.373744900000000086e+02 1.372885819999999910e+02 1.374249910000000057e+02
1.369568250000000091e+02 1.368653889999999933e+02 1.368360690000000091e+02
1.332146199999999965e+02 1.330785620000000051e+02 1.331295210000000111e+02
1.347775420000000111e+02 1.346917950000000133e+02 1.348287249999999915e+02
1.345541069999999877e+02 1.346023480000000063e+02 1.346917950000000133e+02
1.328238210000000095e+02 1.326885090000000105e+02 1.327390460000000019e+02
1.335649280000000090e+02 1.334436399999999878e+02 1.335308980000000076e+02
1.339976020000000005e+02 1.340826549999999884e+02 1.339471920000000011e+02
1.363384049999999945e+02 1.362028119999999944e+02 1.362536010000000033e+02
1.323513810000000035e+02 1.324028199999999913e+02 1.324867690000000096e+02
1.339527099999999962e+02 1.338238699999999994e+02 1.339242560000000140e+02
1.327327699999999879e+02 1.326150189999999895e+02 1.326221250000000111e+02
1.331920810000000017e+02 1.330754459999999995e+02 1.331854289999999992e+02
1.370162740000000099e+02 1.369308580000000006e+02 1.370668530000000089e+02
1.344386210000000119e+02 1.345235930000000053e+02 1.343880120000000034e+02
1.356205549999999960e+02 1.355253710000000069e+02 1.354948609999999860e+02
1.327893640000000062e+02 1.328395160000000033e+02 1.329244759999999985e+02
1.305084879999999998e+02 1.303723830000000135e+02 1.304381410000000017e+02
1.315300860000000114e+02 1.314311940000000050e+02 1.315504229999999950e+02
1.362526609999999891e+02 1.363392560000000060e+02 1.362024839999999983e+02
1.373945479999999861e+02 1.373451640000000111e+02 1.372698599999999942e+02
1.304278610000000072e+02 1.305585020000000043e+02 1.305002020000000016e+02
1.355409070000000042e+02 1.355918650000000127e+02 1.356761720000000082e+02
1.378965650000000096e+02 1.379468469999999911e+02 1.380255449999999939e+02
1.375237040000000093e+02 1.374373349999999903e+02 1.375773020000000031e+02
1.337799789999999973e+02 1.339156419999999912e+02 1.338646060000000091e+02
1.351671289999999885e+02 1.350311130000000048e+02 1.351265410000000031e+02
1.362729530000000011e+02 1.363876180000000033e+02 1.362603359999999952e+02
1.327558359999999880e+02 1.327050839999999994e+02 1.326217340000000036e+02
1.377638190000000122e+02 1.378147950000000037e+02 1.378965650000000096e+02
1.376983180000000004e+02 1.377867210000000000e+02 1.376481679999999983e+02
1.334400510000000111e+02 1.334902419999999950e+02 1.335755169999999907e+02
1.384203430000000026e+02 1.385342489999999884e+02 1.383959539999999890e+02
1.319296630000000050e+02 1.317972029999999961e+02 1.318476550000000032e+02
1.333265829999999994e+02 1.332799159999999858e+02 1.331905549999999891e+02
1.315065580000000125e+02 1.315875299999999868e+02 1.314471619999999916e+02
1.312043700000000115e+02 1.312671809999999937e+02 1.313395020000000102e+02
1.356586890000000096e+02 1.355774979999999914e+02 1.357121229999999912e+02
1.322322479999999985e+02 1.323783520000000067e+02 1.322778279999999995e+02
1.336063240000000008e+02 1.334703580000000045e+02 1.335209820000000036e+02
1.342099320000000091e+02 1.342956810000000019e+02 1.341652559999999994e+02
1.316514369999999872e+02 1.315510490000000061e+02 1.316718750000000000e+02
1.366966840000000047e+02 1.365610990000000129e+02 1.366142460000000085e+02
1.342525180000000091e+02 1.343375139999999988e+02 1.342020899999999983e+02
1.330610849999999914e+02 1.331124110000000087e+02 1.331977249999999913e+02
1.381496319999999969e+02 1.382845880000000136e+02 1.382211200000000133e+02
1.365051840000000141e+02 1.365076549999999997e+02 1.363829929999999990e+02
1.374433769999999981e+02 1.374934670000000096e+02 1.375774030000000039e+02
1.373006179999999858e+02 1.373877310000000023e+02 1.372521370000000047e+02
1.384388659999999902e+02 1.385189279999999883e+02 1.385648889999999938e+02
1.381661789999999996e+02 1.382551349999999957e+02 1.381108590000000049e+02
1.363889540000000125e+02 1.362536010000000033e+02 1.363043260000000032e+02
1.356656089999999892e+02 1.356106450000000052e+02 1.355218130000000087e+02
1.346128260000000125e+02 1.347464940000000126e+02 1.346964299999999923e+02
1.362365489999999966e+02 1.361826079999999877e+02 1.361002430000000061e+02
1.373945479999999861e+02 1.373800099999999986e+02 1.375062650000000133e+02
1.360312470000000076e+02 1.360811850000000049e+02 1.361669129999999939e+02
1.327301860000000033e+02 1.326100800000000106e+02 1.326150189999999895e+02
1.367293740000000071e+02 1.367792070000000137e+02 1.368655200000000036e+02
1.365610990000000129e+02 1.365086139999999943e+02 1.364246599999999887e+02
1.325924219999999991e+02 1.327254509999999925e+02 1.326802820000000054e+02
1.353611229999999921e+02 1.354943189999999902e+02 1.354413529999999923e+02
1.348974640000000136e+02 1.350328680000000077e+02 1.349821000000000026e+02
1.354734510000000114e+02 1.353397349999999904e+02 1.353919109999999932e+02
1.372521370000000047e+02 1.372025280000000009e+02 1.371171300000000031e+02
1.320327200000000119e+02 1.320967699999999923e+02 1.321563409999999976e+02
1.326040319999999895e+02 1.326885090000000105e+02 1.325533580000000029e+02
1.337799789999999973e+02 1.338306430000000091e+02 1.339156419999999912e+02
1.324873159999999928e+02 1.323783520000000067e+02 1.325225230000000067e+02
1.369363800000000140e+02 1.369919050000000027e+02 1.370794909999999902e+02
1.314617389999999943e+02 1.313281240000000025e+02 1.313876300000000015e+02
1.320869289999999978e+02 1.321630629999999940e+02 1.322052520000000015e+02
1.367268239999999935e+02 1.366436750000000018e+02 1.367781040000000132e+02
1.329594370000000083e+02 1.328742860000000121e+02 1.330099380000000053e+02
1.331961129999999969e+02 1.332813620000000014e+02 1.331457519999999874e+02
1.386578210000000126e+02 1.387789589999999862e+02 1.386604020000000048e+02
1.349945240000000126e+02 1.350783270000000016e+02 1.349447120000000098e+02
1.354901460000000100e+02 1.355409070000000042e+02 1.356254999999999882e+02
1.366761099999999942e+02 1.365411019999999951e+02 1.365921690000000126e+02
1.364903079999999989e+02 1.365411019999999951e+02 1.366254840000000002e+02
1.380929109999999866e+02 1.379904070000000047e+02 1.379770049999999912e+02
1.332062339999999949e+02 1.330718119999999942e+02 1.331585829999999930e+02
1.313868119999999919e+02 1.312299580000000105e+02 1.313042149999999992e+02
1.374086159999999950e+02 1.374934670000000096e+02 1.373580129999999997e+02
1.343745910000000094e+02 1.345123890000000131e+02 1.344483510000000024e+02
1.354564829999999915e+02 1.353210489999999879e+02 1.353721370000000093e+02
1.328550400000000025e+02 1.328468320000000062e+02 1.329654669999999896e+02
1.343375139999999988e+02 1.344224499999999978e+02 1.342870159999999942e+02
1.379395069999999919e+02 1.380783350000000098e+02 1.380188449999999989e+02
1.371290309999999977e+02 1.369953160000000025e+02 1.370917239999999993e+02
1.320310200000000123e+02 1.321109380000000044e+02 1.319767380000000117e+02
1.310181750000000136e+02 1.311531430000000000e+02 1.310875110000000063e+02
1.353397349999999904e+02 1.352881480000000067e+02 1.352037239999999940e+02
1.352313080000000127e+02 1.351037640000000124e+02 1.350729310000000112e+02
1.370384889999999984e+02 1.371613800000000083e+02 1.371305659999999875e+02
1.323538800000000037e+02 1.322386459999999886e+02 1.323455539999999928e+02
1.317654870000000074e+02 1.316957669999999894e+02 1.318345500000000072e+02
1.315483560000000125e+02 1.314115060000000028e+02 1.314756280000000004e+02
1.350729310000000112e+02 1.350936179999999922e+02 1.351893870000000106e+02
1.342685590000000104e+02 1.343536420000000078e+02 1.342181199999999990e+02
1.352313080000000127e+02 1.353762370000000033e+02 1.353497989999999902e+02
1.312299580000000105e+02 1.311601499999999874e+02 1.313042149999999992e+02
1.376895470000000046e+02 1.378208779999999933e+02 1.377996489999999881e+02
1.379904070000000047e+02 1.381393720000000087e+02 1.380649950000000104e+02
1.313559930000000122e+02 1.314236669999999947e+02 1.312898069999999962e+02
1.383862589999999955e+02 1.382828309999999874e+02 1.382551349999999957e+02
1.376983180000000004e+02 1.377384059999999977e+02 1.378399239999999963e+02
1.345270769999999914e+02 1.344411120000000039e+02 1.345767769999999928e+02
1.312043700000000115e+02 1.311358099999999922e+02 1.312671809999999937e+02
1.336916610000000105e+02 1.335558450000000050e+02 1.336063240000000008e+02
1.306698670000000106e+02 1.307485340000000065e+02 1.306143969999999968e+02
1.308016450000000077e+02 1.307343649999999968e+02 1.308780370000000062e+02
1.334902419999999950e+02 1.335405389999999954e+02 1.336257929999999874e+02
1.359211459999999931e+02 1.360444559999999967e+02 1.359305080000000032e+02
1.339976020000000005e+02 1.340479359999999929e+02 1.341330739999999935e+02
1.362877990000000068e+02 1.364235950000000059e+02 1.363737619999999993e+02
1.340140649999999880e+02 1.339857519999999909e+02 1.341190330000000017e+02
1.318702040000000011e+02 1.319226429999999937e+02 1.317766660000000059e+02
1.347775420000000111e+02 1.348602520000000027e+02 1.347258960000000059e+02
1.357975120000000118e+02 1.357481500000000096e+02 1.356586890000000096e+02
1.350539569999999969e+02 1.349126850000000104e+02 1.349596630000000062e+02
1.375446469999999977e+02 1.374598770000000059e+02 1.375963109999999858e+02
1.379272379999999885e+02 1.377867210000000000e+02 1.378399239999999963e+02
1.374241890000000126e+02 1.375487320000000011e+02 1.375359390000000133e+02
1.332687050000000113e+02 1.331326559999999972e+02 1.331824210000000051e+02
1.344063620000000014e+02 1.343214759999999899e+02 1.344569419999999980e+02
1.323340169999999887e+02 1.324181949999999972e+02 1.322829989999999896e+02
1.315875299999999868e+02 1.317248380000000054e+02 1.316742749999999944e+02
1.328393259999999998e+02 1.326915219999999920e+02 1.327931710000000010e+02
1.351345780000000047e+02 1.350499250000000018e+02 1.351856019999999887e+02
1.373234390000000076e+02 1.373744900000000086e+02 1.374598770000000059e+02
1.324355759999999975e+02 1.323005430000000047e+02 1.323513810000000035e+02
1.315065580000000125e+02 1.314471619999999916e+02 1.313724379999999883e+02
1.325008449999999982e+02 1.324415820000000110e+02 1.323684419999999875e+02
1.368525820000000124e+02 1.368427210000000116e+02 1.367317050000000052e+02
1.330802309999999977e+02 1.329250360000000057e+02 1.329827520000000050e+02
1.332833980000000054e+02 1.332327029999999866e+02 1.331467260000000010e+02
1.338967059999999947e+02 1.338462859999999921e+02 1.337612680000000012e+02
1.363903280000000109e+02 1.363392560000000060e+02 1.362526609999999891e+02
1.380783350000000098e+02 1.379824329999999861e+02 1.381106430000000103e+02
1.379272379999999885e+02 1.379904070000000047e+02 1.380649950000000104e+02
1.386604020000000048e+02 1.385342489999999884e+02 1.385479909999999961e+02
1.333611610000000098e+02 1.332305810000000008e+02 1.333380009999999913e+02
1.348633429999999862e+02 1.349141559999999913e+02 1.349989280000000065e+02
1.315156000000000063e+02 1.313719189999999912e+02 1.314281070000000113e+02
1.383179989999999862e+02 1.382828309999999874e+02 1.384097549999999899e+02
1.380193769999999915e+02 1.378841299999999990e+02 1.379695659999999862e+02
1.356656089999999892e+02 1.355218130000000087e+02 1.355752549999999985e+02
1.330273339999999962e+02 1.329758980000000008e+02 1.328910490000000095e+02
1.316514369999999872e+02 1.316718750000000000e+02 1.317766660000000059e+02
1.349675949999999887e+02 1.350039950000000033e+02 1.350936179999999922e+02
1.351684490000000096e+02 1.353040039999999919e+02 1.352533259999999871e+02
1.337171339999999873e+02 1.337552279999999882e+02 1.338392639999999858e+02
1.352367519999999956e+02 1.351856019999999887e+02 1.351009760000000028e+02
1.343314880000000073e+02 1.344662899999999865e+02 1.344179629999999861e+02
1.321744930000000124e+02 1.323052299999999946e+02 1.322055239999999969e+02
1.356205549999999960e+02 1.354948609999999860e+02 1.356037249999999972e+02
1.320292100000000062e+02 1.320876069999999913e+02 1.319569539999999961e+02
1.364903079999999989e+02 1.364059259999999938e+02 1.365411019999999951e+02
1.322335820000000126e+02 1.321484360000000038e+02 1.322857659999999953e+02
1.333849779999999896e+02 1.333341719999999953e+02 1.332487559999999860e+02
1.315510490000000061e+02 1.314819449999999961e+02 1.316177619999999990e+02
1.357953440000000001e+02 1.356598639999999989e+02 1.357103580000000136e+02
1.333045649999999966e+02 1.333899690000000078e+02 1.332546040000000005e+02
1.385342489999999884e+02 1.385218950000000007e+02 1.383959539999999890e+02
1.340798949999999934e+02 1.340271170000000041e+02 1.339665459999999939e+02
1.345579329999999914e+02 1.346429090000000031e+02 1.345074270000000070e+02
1.372618370000000141e+02 1.371290309999999977e+02 1.372222240000000113e+02
1.383655730000000119e+02 1.384311449999999866e+02 1.382962060000000122e+02
1.373081099999999992e+02 1.374433769999999981e+02 1.373949880000000121e+02
1.318891889999999876e+02 1.319560370000000091e+02 1.318237080000000105e+02
1.318764189999999985e+02 1.318265370000000019e+02 1.317409550000000138e+02
1.353919109999999932e+02 1.354467109999999934e+02 1.355218130000000087e+02
1.366342439999999954e+02 1.365391140000000121e+02 1.365055979999999920e+02
1.389000000000000057e+02 1.389000000000000057e+02 1.387789589999999862e+02
1.365748399999999947e+02 1.365242330000000095e+02 1.364395829999999989e+02
1.308110670000000084e+02 1.308837699999999984e+02 1.309559370000000058e+02
1.333505780000000129e+02 1.332997369999999933e+02 1.332146199999999965e+02
1.316742749999999944e+02 1.317632220000000132e+02 1.316308870000000013e+02
1.335909149999999954e+02 1.337265800000000127e+02 1.336761930000000120e+02
1.374598770000000059e+02 1.373744900000000086e+02 1.375111469999999940e+02
1.348377920000000074e+02 1.347167139999999961e+02 1.348220809999999972e+02
1.343513979999999890e+02 1.342237690000000043e+02 1.343242119999999886e+02
1.386578210000000126e+02 1.386604020000000048e+02 1.385479909999999961e+02
1.343437680000000114e+02 1.342956810000000019e+02 1.342099320000000091e+02
1.363458239999999932e+02 1.362693600000000060e+02 1.363947379999999896e+02
1.326378939999999886e+02 1.326374329999999873e+02 1.325135809999999879e+02
1.370009410000000116e+02 1.370865729999999871e+02 1.369524370000000033e+02
1.337907979999999952e+02 1.338875480000000096e+02 1.339242560000000140e+02
1.338981320000000039e+02 1.339495919999999956e+02 1.340301359999999988e+02
1.330952069999999878e+02 1.331457519999999874e+02 1.332309539999999970e+02
1.321990380000000016e+02 1.321475819999999999e+02 1.320640820000000133e+02
1.314813069999999868e+02 1.315300860000000114e+02 1.316231659999999977e+02
1.358082239999999956e+02 1.359211459999999931e+02 1.358017140000000040e+02
1.377503379999999993e+02 1.376161500000000046e+02 1.377074039999999968e+02
1.342461700000000064e+02 1.343314880000000073e+02 1.341971039999999959e+02
1.361500890000000084e+02 1.362603359999999952e+02 1.361271989999999903e+02
1.380029509999999959e+02 1.379272379999999885e+02 1.380649950000000104e+02
1.310034850000000120e+02 1.309362050000000011e+02 1.310699860000000001e+02
1.327558359999999880e+02 1.326217340000000036e+02 1.326741399999999942e+02
1.377133110000000045e+02 1.376597230000000138e+02 1.375774030000000039e+02
1.346247470000000135e+02 1.346753080000000011e+02 1.347601579999999899e+02
1.328895660000000021e+02 1.330236189999999965e+02 1.329743200000000058e+02
1.379260040000000060e+02 1.377920750000000112e+02 1.378841299999999990e+02
1.322452570000000094e+02 1.323244129999999927e+02 1.321883929999999907e+02
1.364078000000000088e+02 1.363103260000000034e+02 1.362876650000000041e+02
1.376069190000000049e+02 1.377417269999999974e+02 1.376947309999999902e+02
1.308833740000000034e+02 1.310181750000000136e+02 1.309546620000000132e+02
1.325972120000000132e+02 1.325141549999999881e+02 1.326504390000000058e+02
1.365242330000000095e+02 1.364738110000000120e+02 1.363889540000000125e+02
1.355692840000000103e+02 1.356922059999999988e+02 1.356938519999999926e+02
1.373126790000000028e+02 1.372995349999999917e+02 1.371886189999999885e+02
1.339857519999999909e+02 1.339527099999999962e+02 1.340862630000000024e+02
1.336606299999999976e+02 1.337109210000000132e+02 1.337959240000000136e+02
1.374249910000000057e+02 1.373384049999999945e+02 1.374741270000000100e+02
1.332062339999999949e+02 1.333551769999999976e+02 1.332987320000000011e+02
1.318984780000000114e+02 1.320381289999999979e+02 1.319805949999999939e+02
1.365465230000000076e+02 1.366802429999999902e+02 1.366342439999999954e+02
1.310875110000000063e+02 1.311531430000000000e+02 1.312212079999999901e+02
1.320381289999999979e+02 1.319624709999999936e+02 1.321068740000000048e+02
1.365921690000000126e+02 1.365411019999999951e+02 1.364570219999999949e+02
1.346429090000000031e+02 1.347278570000000002e+02 1.345924239999999941e+02
1.378399239999999963e+02 1.378675130000000024e+02 1.379904070000000047e+02
1.343536420000000078e+02 1.343031000000000006e+02 1.342181199999999990e+02
1.327432670000000030e+02 1.327072809999999947e+02 1.326125350000000083e+02
1.333400049999999908e+02 1.334752750000000106e+02 1.334254359999999906e+02
1.360845759999999984e+02 1.360339160000000049e+02 1.359493589999999870e+02
1.306670849999999859e+02 1.305998050000000035e+02 1.307467269999999928e+02
1.316912729999999954e+02 1.318237080000000105e+02 1.317605309999999861e+02
1.323783520000000067e+02 1.324415820000000110e+02 1.325225230000000067e+02
1.382973189999999875e+02 1.382284370000000138e+02 1.383766300000000058e+02
1.385484549999999899e+02 1.386339120000000094e+02 1.386745050000000106e+02
1.319955600000000118e+02 1.318702040000000011e+02 1.319060189999999864e+02
1.385622899999999902e+02 1.386278629999999907e+02 1.384895740000000046e+02
1.366090049999999962e+02 1.367444680000000119e+02 1.366939820000000054e+02
1.375773020000000031e+02 1.374838049999999896e+02 1.376113609999999881e+02
1.325089049999999986e+02 1.324210620000000063e+02 1.325481910000000028e+02
1.322160079999999880e+02 1.323005430000000047e+02 1.321655739999999923e+02
1.386339120000000094e+02 1.385484549999999899e+02 1.385028829999999971e+02
1.375359390000000133e+02 1.376609159999999861e+02 1.376467189999999903e+02
1.308833740000000034e+02 1.309546620000000132e+02 1.308222350000000063e+02
1.350671330000000125e+02 1.351178529999999967e+02 1.352037239999999940e+02
1.302280010000000061e+02 1.303539330000000120e+02 1.302967519999999979e+02
1.348602520000000027e+02 1.349447120000000098e+02 1.348102309999999875e+02
1.384203430000000026e+02 1.383186379999999929e+02 1.384411479999999983e+02
1.379824329999999861e+02 1.378494499999999903e+02 1.378965650000000096e+02
1.331326559999999972e+02 1.329965489999999875e+02 1.330457749999999919e+02
1.320312099999999873e+02 1.319647710000000131e+02 1.320989109999999869e+02
1.323340169999999887e+02 1.324690290000000061e+02 1.324181949999999972e+02
1.333691750000000127e+02 1.335053910000000030e+02 1.334549949999999967e+02
1.328611099999999965e+02 1.327898879999999906e+02 1.329250360000000057e+02
1.319767380000000117e+02 1.318331980000000101e+02 1.319110839999999882e+02
1.352877059999999858e+02 1.354235920000000135e+02 1.353735969999999895e+02
1.330099380000000053e+02 1.329244759999999985e+02 1.330602710000000002e+02
1.355944639999999879e+02 1.357294909999999959e+02 1.356793619999999976e+02
1.304382400000000075e+02 1.303709599999999966e+02 1.305079729999999927e+02
1.319457490000000064e+02 1.320308469999999943e+02 1.318966169999999920e+02
1.334046859999999981e+02 1.334549949999999967e+02 1.335405389999999954e+02
1.357449100000000044e+02 1.356598639999999989e+02 1.357953440000000001e+02
1.376582390000000089e+02 1.375683799999999906e+02 1.375256610000000137e+02
1.342020899999999983e+02 1.343375139999999988e+02 1.342870159999999942e+02
1.333187869999999862e+02 1.334549949999999967e+02 1.334046859999999981e+02
1.327730980000000045e+02 1.327221130000000073e+02 1.326377549999999985e+02
1.376895470000000046e+02 1.375595950000000016e+02 1.376947309999999902e+02
1.337209310000000073e+02 1.338555039999999963e+02 1.338068000000000097e+02
1.336447039999999902e+02 1.337799789999999973e+02 1.337282350000000122e+02
1.319777540000000045e+02 1.318345500000000072e+02 1.319047979999999995e+02
1.373234390000000076e+02 1.374086159999999950e+02 1.372725489999999979e+02
1.368525820000000124e+02 1.369760630000000106e+02 1.369669749999999908e+02
1.375614290000000040e+02 1.376983180000000004e+02 1.376481679999999983e+02
1.353382339999999999e+02 1.352024930000000040e+02 1.352533259999999871e+02
1.361010530000000074e+02 1.360159960000000012e+02 1.361517849999999896e+02
1.363392560000000060e+02 1.364769259999999917e+02 1.364246599999999887e+02
1.335365689999999859e+02 1.336716759999999908e+02 1.336217350000000010e+02
1.348633429999999862e+02 1.349989280000000065e+02 1.349481220000000121e+02
1.348800870000000032e+02 1.349308910000000026e+02 1.350161479999999870e+02
1.346247470000000135e+02 1.345397869999999898e+02 1.346753080000000011e+02
1.327646279999999877e+02 1.328491720000000100e+02 1.327136500000000012e+02
1.326317779999999971e+02 1.325781650000000127e+02 1.325008449999999982e+02
1.329927439999999876e+02 1.330802309999999977e+02 1.331114540000000090e+02
1.348704730000000040e+02 1.347389149999999916e+02 1.348377920000000074e+02
1.335865949999999884e+02 1.335019069999999886e+02 1.336362369999999942e+02
1.353382339999999999e+02 1.354235920000000135e+02 1.352877059999999858e+02
1.354467109999999934e+02 1.355692840000000103e+02 1.355752549999999985e+02
1.366966840000000047e+02 1.366436750000000018e+02 1.365610990000000129e+02
1.365242330000000095e+02 1.366090049999999962e+02 1.364738110000000120e+02
1.342332800000000077e+02 1.343188000000000102e+02 1.341832780000000014e+02
1.326504390000000058e+02 1.325670409999999890e+02 1.327029540000000054e+02
1.370009410000000116e+02 1.368655200000000036e+02 1.369150740000000042e+02
1.355409070000000042e+02 1.354055130000000133e+02 1.354564829999999915e+02
1.360811850000000049e+02 1.361310389999999870e+02 1.362166919999999948e+02
1.327136500000000012e+02 1.328491720000000100e+02 1.327987640000000056e+02
1.323082609999999875e+02 1.324205579999999998e+02 1.323052299999999946e+02
1.361351850000000070e+02 1.361859420000000114e+02 1.362705689999999947e+02
1.375208470000000034e+02 1.376341580000000135e+02 1.375088660000000118e+02
1.354231220000000064e+02 1.355076019999999914e+02 1.353721370000000093e+02
1.379492970000000014e+02 1.380988389999999981e+02 1.380651330000000030e+02
1.353611229999999921e+02 1.353091279999999870e+02 1.352296640000000139e+02
1.365082109999999886e+02 1.365943829999999934e+02 1.364572019999999952e+02
1.334673410000000047e+02 1.333380009999999913e+02 1.334436399999999878e+02
1.351856019999999887e+02 1.350499250000000018e+02 1.351009760000000028e+02
1.383594420000000014e+02 1.384231470000000002e+02 1.382822400000000016e+02
1.350671330000000125e+02 1.352037239999999940e+02 1.351522730000000081e+02
1.329758980000000008e+02 1.328393419999999878e+02 1.328910490000000095e+02
1.336761930000000120e+02 1.338117230000000006e+02 1.337612680000000012e+02
1.316912729999999954e+02 1.317605309999999861e+02 1.316277550000000076e+02
1.348468670000000031e+02 1.348974640000000136e+02 1.349821000000000026e+02
1.311601499999999874e+02 1.312302770000000010e+02 1.313042149999999992e+02
1.316308870000000013e+02 1.315871730000000071e+02 1.315013539999999921e+02
1.323793139999999937e+02 1.324597119999999961e+02 1.323244129999999927e+02
1.363427090000000135e+02 1.363103260000000034e+02 1.364395890000000122e+02
1.338462859999999921e+02 1.337109210000000132e+02 1.337612680000000012e+02
1.376082930000000033e+02 1.377384059999999977e+02 1.376983180000000004e+02
1.314311940000000050e+02 1.313591560000000129e+02 1.314903480000000116e+02
1.372056959999999890e+02 1.371788050000000112e+02 1.370794909999999902e+02
1.306461079999999981e+02 1.305079729999999927e+02 1.305786420000000021e+02
1.357481500000000096e+02 1.356037249999999972e+02 1.356586890000000096e+02
1.316953100000000063e+02 1.317605309999999861e+02 1.318246990000000096e+02
1.321109380000000044e+02 1.321883929999999907e+02 1.320486620000000073e+02
1.360504239999999925e+02 1.359654769999999928e+02 1.361010530000000074e+02
1.380651330000000030e+02 1.381661789999999996e+02 1.380455039999999940e+02
1.333020280000000071e+02 1.334227740000000040e+02 1.334049540000000036e+02
1.378147950000000037e+02 1.376802859999999953e+02 1.377327909999999918e+02
1.381393150000000105e+02 1.382126120000000071e+02 1.380771729999999877e+02
1.359811550000000011e+02 1.360312470000000076e+02 1.361168690000000083e+02
1.353888750000000130e+02 1.354739030000000071e+02 1.353382339999999999e+02
1.337922389999999950e+02 1.338774840000000097e+02 1.337419999999999902e+02
1.381603810000000010e+02 1.382226300000000094e+02 1.380929109999999866e+02
1.384671580000000120e+02 1.383766300000000058e+02 1.383354400000000055e+02
1.371016720000000078e+02 1.371523809999999912e+02 1.372379709999999875e+02
1.353611229999999921e+02 1.354413529999999923e+02 1.353091279999999870e+02
1.305717999999999961e+02 1.306320120000000031e+02 1.307042979999999943e+02
1.336716759999999908e+02 1.335865949999999884e+02 1.337209310000000073e+02
1.364738110000000120e+02 1.365585680000000082e+02 1.364235950000000059e+02
1.371365189999999927e+02 1.370865729999999871e+02 1.370009410000000116e+02
1.322603860000000111e+02 1.323979150000000118e+02 1.322975710000000049e+02
1.343764160000000061e+02 1.342752260000000035e+02 1.342491929999999911e+02
1.337907979999999952e+02 1.336929599999999994e+02 1.336613189999999918e+02
1.376582390000000089e+02 1.375256610000000137e+02 1.376161500000000046e+02
1.382309030000000121e+02 1.380847719999999867e+02 1.381787789999999916e+02
1.367738970000000052e+02 1.368177809999999965e+02 1.369072639999999978e+02
1.320120339999999999e+02 1.319614980000000060e+02 1.318764189999999985e+02
1.362166919999999948e+02 1.363014670000000024e+02 1.361669129999999939e+02
1.338981320000000039e+02 1.339691039999999873e+02 1.338392639999999858e+02
1.371788050000000112e+02 1.370476250000000107e+02 1.370794909999999902e+02
1.325972120000000132e+02 1.325435860000000048e+02 1.324597119999999961e+02
1.327496710000000064e+02 1.328383939999999939e+02 1.327064259999999933e+02
1.326885090000000105e+02 1.327730980000000045e+02 1.326377549999999985e+02
1.321990380000000016e+02 1.322829989999999896e+02 1.321475819999999999e+02
1.323077409999999929e+02 1.321665680000000123e+02 1.322337540000000047e+02
1.380589319999999987e+02 1.380193769999999915e+02 1.381567970000000116e+02
1.359493589999999870e+02 1.358988080000000025e+02 1.358141899999999964e+02
1.339660820000000001e+02 1.338306430000000091e+02 1.338809689999999932e+02
1.326170089999999959e+02 1.324873159999999928e+02 1.325225230000000067e+02
1.372379709999999875e+02 1.373744900000000086e+02 1.373234390000000076e+02
1.329845889999999997e+02 1.330340040000000101e+02 1.331195429999999931e+02
1.369760630000000106e+02 1.370894380000000012e+02 1.369669749999999908e+02
1.312546440000000132e+02 1.312045929999999885e+02 1.311199740000000133e+02
1.387706839999999886e+02 1.387817560000000014e+02 1.386339120000000094e+02
1.376565270000000112e+02 1.375237040000000093e+02 1.375773020000000031e+02
1.337570910000000026e+02 1.338068000000000097e+02 1.338926539999999932e+02
1.313408110000000022e+02 1.312877530000000093e+02 1.312045929999999885e+02
1.353382339999999999e+02 1.354739030000000071e+02 1.354235920000000135e+02
1.355091649999999959e+02 1.355591699999999946e+02 1.356443999999999903e+02
1.327029540000000054e+02 1.325670409999999890e+02 1.326191460000000006e+02
1.341652559999999994e+02 1.342540779999999927e+02 1.341329880000000117e+02
1.335558450000000050e+02 1.334197560000000067e+02 1.334703580000000045e+02
1.366388389999999902e+02 1.366050329999999917e+02 1.367371960000000115e+02
1.387789589999999862e+02 1.387779679999999871e+02 1.386604020000000048e+02
1.348292810000000088e+02 1.347442690000000027e+02 1.348800870000000032e+02
1.361829180000000008e+02 1.360550250000000005e+02 1.361494490000000042e+02
1.318891889999999876e+02 1.320261260000000050e+02 1.319560370000000091e+02
1.360159960000000012e+02 1.359308560000000057e+02 1.360665089999999964e+02
1.324028199999999913e+02 1.322668229999999880e+02 1.323182960000000037e+02
1.325704969999999889e+02 1.324355759999999975e+02 1.324867690000000096e+02
1.365748399999999947e+02 1.366254840000000002e+02 1.367101179999999943e+02
1.361010530000000074e+02 1.359654769999999928e+02 1.360159960000000012e+02
1.340836710000000096e+02 1.341352709999999888e+02 1.342194309999999859e+02
1.361517809999999997e+02 1.362365489999999966e+02 1.361002430000000061e+02
1.338621050000000139e+02 1.339471920000000011e+02 1.338117230000000006e+02
1.322545130000000029e+02 1.323388579999999877e+02 1.322008250000000089e+02
1.368653889999999933e+02 1.367694189999999992e+02 1.367371960000000115e+02
1.314247660000000053e+02 1.314962559999999883e+02 1.315589050000000100e+02
1.325195319999999981e+02 1.326378939999999886e+02 1.325135809999999879e+02
1.309504959999999869e+02 1.308143100000000061e+02 1.309398099999999943e+02
1.386643620000000112e+02 1.387381670000000042e+02 1.387923309999999901e+02
1.354413529999999923e+02 1.354943189999999902e+02 1.355774979999999914e+02
1.369455879999999866e+02 1.369943260000000009e+02 1.370813870000000065e+02
1.323513810000000035e+02 1.322160079999999880e+02 1.322668229999999880e+02
1.321666759999999954e+02 1.322386459999999886e+02 1.322946369999999945e+02
1.366761099999999942e+02 1.367268239999999935e+02 1.368108330000000024e+02
1.350022140000000093e+02 1.348704730000000040e+02 1.349740630000000010e+02
1.342540779999999927e+02 1.343242119999999886e+02 1.341842200000000105e+02
1.323671659999999974e+02 1.324181949999999972e+02 1.325024769999999990e+02
1.347119000000000142e+02 1.347964760000000126e+02 1.346619910000000004e+02
1.371673289999999952e+02 1.373006179999999858e+02 1.372521370000000047e+02
1.332146199999999965e+02 1.331295210000000111e+02 1.332654819999999916e+02
1.314247660000000053e+02 1.315589050000000100e+02 1.314921919999999886e+02
1.337907979999999952e+02 1.336613189999999918e+02 1.337625309999999956e+02
1.344621510000000058e+02 1.343242119999999886e+02 1.344483510000000024e+02
1.310063240000000064e+02 1.309431559999999877e+02 1.310843879999999899e+02
1.346411190000000033e+02 1.345541069999999877e+02 1.346917950000000133e+02
1.369628020000000106e+02 1.370804310000000044e+02 1.370647119999999859e+02
1.383594420000000014e+02 1.384967179999999871e+02 1.384231470000000002e+02
1.350159500000000037e+02 1.349654669999999896e+02 1.348809219999999982e+02
1.346128260000000125e+02 1.345270769999999914e+02 1.346619910000000004e+02
1.370647119999999859e+02 1.371725959999999986e+02 1.370412179999999864e+02
1.312546440000000132e+02 1.313033140000000003e+02 1.313904670000000010e+02
1.330098099999999874e+02 1.330959789999999998e+02 1.329588160000000130e+02
1.316961609999999894e+02 1.315557670000000030e+02 1.316514369999999872e+02
1.376582390000000089e+02 1.376161500000000046e+02 1.377503379999999993e+02
1.349157140000000084e+02 1.348682110000000023e+02 1.347813710000000071e+02
1.372574429999999950e+02 1.373949880000000121e+02 1.373444399999999916e+02
1.359308560000000057e+02 1.357953440000000001e+02 1.358457459999999912e+02
1.378147950000000037e+02 1.378688980000000015e+02 1.379468469999999911e+02
1.301654729999999915e+02 1.300993599999999901e+02 1.302280010000000061e+02
1.384130849999999953e+02 1.384671580000000120e+02 1.383354400000000055e+02
1.314311940000000050e+02 1.313033140000000003e+02 1.313591560000000129e+02
1.333790889999999933e+02 1.333312500000000114e+02 1.332459859999999878e+02
1.379492970000000014e+02 1.379292330000000106e+02 1.378208779999999933e+02
1.368608739999999955e+02 1.369943260000000009e+02 1.369455879999999866e+02
1.339627160000000003e+02 1.338774840000000097e+02 1.340127239999999915e+02
1.330851389999999981e+02 1.330754459999999995e+02 1.331920810000000017e+02
1.377327909999999918e+02 1.376802859999999953e+02 1.375963109999999858e+02
1.307343649999999968e+02 1.308110670000000084e+02 1.308780370000000062e+02
1.328393419999999878e+02 1.327872989999999902e+02 1.327029540000000054e+02
1.359308560000000057e+02 1.359811550000000011e+02 1.360665089999999964e+02
1.349481220000000121e+02 1.350328680000000077e+02 1.348974640000000136e+02
1.326330169999999953e+02 1.327254509999999925e+02 1.325924219999999991e+02
1.343242119999999886e+02 1.342237690000000043e+02 1.341842200000000105e+02
1.326545529999999928e+02 1.325197300000000098e+02 1.325704969999999889e+02
1.367950470000000109e+02 1.367101179999999943e+02 1.368455649999999935e+02
1.322946369999999945e+02 1.322386459999999886e+02 1.323538800000000037e+02
1.341134940000000029e+02 1.340798949999999934e+02 1.339691039999999873e+02
1.340127239999999915e+02 1.338774840000000097e+02 1.339276749999999936e+02
1.368655200000000036e+02 1.367792070000000137e+02 1.369150740000000042e+02
1.318988579999999899e+02 1.318328869999999995e+02 1.319703529999999887e+02
1.327050839999999994e+02 1.326545529999999928e+02 1.325704969999999889e+02
1.346935850000000130e+02 1.347442690000000027e+02 1.348292810000000088e+02
1.338526679999999942e+02 1.337625309999999956e+02 1.337171339999999873e+02
1.334671749999999975e+02 1.334169970000000092e+02 1.333312500000000114e+02
1.372995349999999917e+02 1.374241890000000126e+02 1.374116019999999878e+02
1.332062339999999949e+02 1.332799159999999858e+02 1.333551769999999976e+02
1.376341580000000135e+02 1.376246050000000025e+02 1.375088660000000118e+02
1.335365689999999859e+02 1.334516120000000114e+02 1.335865949999999884e+02
1.359464749999999924e+02 1.360811850000000049e+02 1.360312470000000076e+02
1.324222000000000037e+02 1.325092789999999923e+02 1.323704449999999895e+02
1.344411120000000039e+02 1.343555900000000065e+02 1.344914870000000064e+02
1.386270879999999863e+02 1.385911189999999920e+02 1.387283610000000067e+02
1.362693600000000060e+02 1.363829929999999990e+02 1.363947379999999896e+02
1.310034850000000120e+02 1.310699860000000001e+02 1.311358099999999922e+02
1.346368630000000053e+02 1.346095109999999977e+02 1.347389149999999916e+02
1.337419999999999902e+02 1.336063240000000008e+02 1.336567279999999869e+02
1.347622159999999951e+02 1.347119000000000142e+02 1.346269560000000070e+02
1.329927439999999876e+02 1.328611099999999965e+02 1.329250360000000057e+02
1.336916610000000105e+02 1.336063240000000008e+02 1.337419999999999902e+02
1.378841299999999990e+02 1.377920750000000112e+02 1.377503379999999993e+02
1.376947309999999902e+02 1.377417269999999974e+02 1.378184709999999882e+02
1.353210489999999879e+02 1.352700749999999914e+02 1.351856019999999887e+02
1.319777540000000045e+02 1.319047979999999995e+02 1.320486620000000073e+02
1.309657019999999932e+02 1.310392980000000023e+02 1.309076660000000061e+02
1.343745910000000094e+02 1.344288420000000031e+02 1.345123890000000131e+02
1.334673410000000047e+02 1.333611610000000098e+02 1.333380009999999913e+02
1.363240639999999928e+02 1.364572019999999952e+02 1.364005160000000103e+02
1.356598639999999989e+02 1.355243969999999933e+02 1.355749470000000088e+02
1.334049540000000036e+02 1.334436399999999878e+02 1.333107139999999902e+02
1.351684490000000096e+02 1.352533259999999871e+02 1.351176440000000127e+02
1.354413529999999923e+02 1.355774979999999914e+02 1.355239640000000065e+02
1.373580129999999997e+02 1.374433769999999981e+02 1.373081099999999992e+02
1.308313499999999863e+02 1.309292259999999999e+02 1.309398099999999943e+02
1.341861450000000104e+02 1.341352709999999888e+02 1.340510250000000099e+02
1.340979949999999974e+02 1.341832780000000014e+02 1.340479359999999929e+02
1.374116019999999878e+02 1.375208470000000034e+02 1.373918309999999963e+02
1.334227740000000040e+02 1.335308980000000076e+02 1.334049540000000036e+02
1.381108590000000049e+02 1.379695659999999862e+02 1.380455039999999940e+02
1.318198559999999873e+02 1.319060189999999864e+02 1.317628880000000038e+02
1.373945429999999988e+02 1.373010280000000023e+02 1.372618370000000141e+02
1.365076549999999997e+02 1.366230170000000044e+02 1.366146200000000022e+02
1.327549109999999928e+02 1.327029540000000054e+02 1.326191460000000006e+02
1.360845759999999984e+02 1.362198060000000055e+02 1.361690539999999885e+02
1.382126120000000071e+02 1.383502530000000093e+02 1.382845880000000136e+02
1.365295069999999953e+02 1.364404110000000117e+02 1.365826409999999953e+02
1.336362369999999942e+02 1.337688640000000078e+02 1.337209310000000073e+02
1.355590689999999938e+02 1.356106450000000052e+02 1.356961569999999995e+02
1.328425290000000132e+02 1.327301860000000033e+02 1.327327699999999879e+02
1.310990480000000105e+02 1.310204280000000097e+02 1.309559370000000058e+02
1.326915219999999920e+02 1.325867120000000057e+02 1.327064259999999933e+02
1.333265829999999994e+02 1.331905549999999891e+02 1.332403089999999963e+02
1.341639270000000010e+02 1.341127710000000093e+02 1.340286330000000135e+02
1.317163199999999961e+02 1.316665040000000033e+02 1.315871730000000071e+02
1.330236189999999965e+02 1.329399339999999938e+02 1.330716119999999876e+02
1.366050329999999917e+02 1.364730700000000070e+02 1.365690250000000106e+02
1.353497989999999902e+02 1.353762370000000033e+02 1.354705940000000055e+02
1.323684419999999875e+02 1.322946369999999945e+02 1.324269069999999999e+02
1.319050650000000076e+02 1.317654870000000074e+02 1.318345500000000072e+02
1.311722460000000012e+02 1.310967970000000093e+02 1.312283070000000009e+02
1.365465230000000076e+02 1.366342439999999954e+02 1.365055979999999920e+02
1.325089049999999986e+02 1.325481910000000028e+02 1.326221250000000111e+02
1.331195429999999931e+02 1.332546040000000005e+02 1.332046349999999961e+02
1.332997369999999933e+02 1.332487559999999860e+02 1.331636129999999980e+02
1.339816810000000089e+02 1.338462859999999921e+02 1.338967059999999947e+02
1.333759159999999895e+02 1.332403089999999963e+02 1.332902349999999956e+02
1.323161000000000058e+02 1.323671659999999974e+02 1.324514269999999954e+02
1.359042049999999904e+02 1.357972860000000139e+02 1.357610740000000078e+02
1.331604690000000062e+02 1.332096390000000099e+02 1.332944459999999935e+02
1.358837190000000135e+02 1.359658180000000129e+02 1.358376900000000091e+02
1.370384889999999984e+02 1.369715009999999893e+02 1.371058449999999880e+02
1.348377920000000074e+02 1.348220809999999972e+02 1.349330860000000030e+02
1.320463570000000004e+02 1.319958849999999870e+02 1.319111379999999940e+02
1.355774979999999914e+02 1.356289240000000120e+02 1.357121229999999912e+02
1.351012200000000121e+02 1.349654669999999896e+02 1.350159500000000037e+02
1.347167139999999961e+02 1.345834199999999896e+02 1.346877130000000022e+02
1.386270879999999863e+02 1.384934120000000064e+02 1.385911189999999920e+02
1.334703580000000045e+02 1.333849779999999896e+02 1.335209820000000036e+02
1.312671809999999937e+02 1.311358099999999922e+02 1.312014979999999866e+02
1.314666540000000055e+02 1.315585159999999973e+02 1.314288119999999935e+02
1.367101179999999943e+02 1.366254840000000002e+02 1.367605770000000120e+02
1.356037249999999972e+02 1.357481500000000096e+02 1.357115819999999928e+02
1.319703529999999887e+02 1.319050650000000076e+02 1.320477009999999893e+02
1.342752260000000035e+02 1.341446449999999970e+02 1.342491929999999911e+02
1.328211860000000115e+02 1.326829140000000109e+02 1.327349649999999883e+02
1.336606299999999976e+02 1.335755169999999907e+02 1.337109210000000132e+02
1.327221130000000073e+02 1.328065430000000049e+02 1.326708380000000034e+02
1.363728490000000022e+02 1.362368669999999895e+02 1.362880289999999945e+02
1.308352399999999989e+02 1.309657019999999932e+02 1.309076660000000061e+02
1.380188449999999989e+02 1.380783350000000098e+02 1.381598569999999881e+02
1.363392560000000060e+02 1.362880289999999945e+02 1.362024839999999983e+02
1.315300860000000114e+02 1.316719239999999900e+02 1.316231659999999977e+02
1.357796979999999962e+02 1.358646359999999902e+02 1.357294909999999959e+02
1.309431559999999877e+02 1.308780370000000062e+02 1.310204280000000097e+02
1.346437919999999906e+02 1.347304200000000094e+02 1.345801789999999869e+02
1.312887580000000014e+02 1.314247660000000053e+02 1.313559930000000122e+02
1.344041489999999897e+02 1.344544659999999965e+02 1.345397869999999898e+02
1.385291009999999972e+02 1.384388659999999902e+02 1.385648889999999938e+02
1.385218950000000007e+02 1.383862589999999955e+02 1.383959539999999890e+02
1.305526629999999955e+02 1.305055199999999900e+02 1.306027990000000045e+02
1.352881480000000067e+02 1.352367519999999956e+02 1.351522730000000081e+02
1.332654819999999916e+02 1.331295210000000111e+02 1.331803459999999859e+02
1.384097549999999899e+02 1.383862589999999955e+02 1.385028829999999971e+02
1.385291009999999972e+02 1.385479909999999961e+02 1.384411479999999983e+02
1.316953100000000063e+02 1.316289470000000108e+02 1.315614640000000009e+02
1.310392980000000023e+02 1.309829019999999957e+02 1.309076660000000061e+02
1.339125040000000126e+02 1.340479359999999929e+02 1.339976020000000005e+02
1.329600059999999928e+02 1.328425290000000132e+02 1.329537070000000085e+02
1.371673519999999940e+02 1.370336760000000140e+02 1.371290309999999977e+02
1.373010280000000023e+02 1.371673519999999940e+02 1.372618370000000141e+02
1.323847959999999944e+02 1.323340169999999887e+02 1.322498830000000112e+02
1.370162740000000099e+02 1.370668530000000089e+02 1.371523809999999912e+02
1.328910490000000095e+02 1.328393419999999878e+02 1.327549109999999928e+02
1.342194309999999859e+02 1.341352709999999888e+02 1.342707090000000107e+02
1.322386459999999886e+02 1.321933290000000056e+02 1.323455539999999928e+02
1.361517849999999896e+02 1.360159960000000012e+02 1.360665089999999964e+02
1.343314880000000073e+02 1.344179629999999861e+02 1.342827200000000119e+02
1.378147950000000037e+02 1.379468469999999911e+02 1.378965650000000096e+02
1.358624969999999905e+02 1.359148370000000057e+02 1.359974430000000041e+02
1.314281070000000113e+02 1.314813069999999868e+02 1.315694509999999866e+02
1.350783270000000016e+02 1.351672409999999900e+02 1.350310570000000041e+02
1.326191460000000006e+02 1.324837449999999990e+02 1.325354319999999859e+02
1.371229140000000086e+02 1.371721440000000030e+02 1.372574429999999950e+02
1.359148370000000057e+02 1.357788639999999987e+02 1.358329249999999888e+02
1.314281070000000113e+02 1.313719189999999912e+02 1.312877530000000093e+02
1.327136500000000012e+02 1.326613460000000089e+02 1.325781650000000127e+02
1.367461549999999875e+02 1.368677549999999883e+02 1.368612249999999904e+02
1.360448599999999999e+02 1.361618829999999889e+02 1.360444559999999967e+02
1.383766300000000058e+02 1.385189279999999883e+02 1.384388659999999902e+02
1.339125040000000126e+02 1.339976020000000005e+02 1.338621050000000139e+02
1.369411890000000085e+02 1.370647119999999859e+02 1.370412179999999864e+02
1.369628020000000106e+02 1.369411890000000085e+02 1.368495650000000126e+02
1.315156000000000063e+02 1.314666540000000055e+02 1.313719189999999912e+02
1.340462880000000041e+02 1.339527099999999962e+02 1.339242560000000140e+02
1.343536420000000078e+02 1.344386210000000119e+02 1.343031000000000006e+02
1.328393419999999878e+02 1.329242279999999994e+02 1.327872989999999902e+02
1.346773430000000076e+02 1.347622159999999951e+02 1.346269560000000070e+02
1.314018230000000074e+02 1.313281240000000025e+02 1.314617389999999943e+02
1.353069079999999929e+02 1.352100340000000074e+02 1.353434599999999932e+02
1.349308910000000026e+02 1.347949050000000000e+02 1.348454309999999907e+02
1.358646359999999902e+02 1.359493589999999870e+02 1.358141899999999964e+02
1.355091649999999959e+02 1.356443999999999903e+02 1.355944639999999879e+02
1.315013539999999921e+02 1.315871730000000071e+02 1.314617389999999943e+02
1.316742749999999944e+02 1.317248380000000054e+02 1.318105889999999931e+02
1.346411190000000033e+02 1.347775420000000111e+02 1.347258960000000059e+02
1.379260040000000060e+02 1.378841299999999990e+02 1.380193769999999915e+02
1.353040039999999919e+02 1.353888750000000130e+02 1.352533259999999871e+02
1.305998050000000035e+02 1.306780390000000125e+02 1.307467269999999928e+02
1.341676019999999880e+02 1.343031000000000006e+02 1.342525180000000091e+02
1.363848889999999869e+02 1.363829929999999990e+02 1.362660879999999963e+02
1.373451640000000111e+02 1.372177340000000072e+02 1.372698599999999942e+02
1.338238699999999994e+02 1.336929599999999994e+02 1.337907979999999952e+02
1.360504239999999925e+02 1.361351850000000070e+02 1.359998669999999947e+02
1.376082930000000033e+02 1.376983180000000004e+02 1.375614290000000040e+02
1.359811550000000011e+02 1.361168690000000083e+02 1.360665089999999964e+02
1.356961569999999995e+02 1.357495159999999998e+02 1.358329249999999888e+02
1.308352399999999989e+02 1.307765640000000076e+02 1.307042979999999943e+02
1.342707090000000107e+02 1.343214759999999899e+02 1.344063620000000014e+02
1.303539330000000120e+02 1.304819779999999980e+02 1.304278610000000072e+02
1.386649099999999919e+02 1.386578210000000126e+02 1.385291009999999972e+02
1.314813069999999868e+02 1.313904670000000010e+02 1.315300860000000114e+02
1.311722460000000012e+02 1.310392980000000023e+02 1.310967970000000093e+02
1.354734510000000114e+02 1.354231220000000064e+02 1.353397349999999904e+02
1.354948609999999860e+02 1.355253710000000069e+02 1.353944649999999967e+02
1.368108330000000024e+02 1.369455879999999866e+02 1.368958430000000135e+02
1.329537070000000085e+02 1.328393259999999998e+02 1.329640699999999924e+02
1.353735969999999895e+02 1.354235920000000135e+02 1.355091649999999959e+02
1.344783799999999871e+02 1.343912320000000022e+02 1.345270769999999914e+02
1.351876980000000117e+02 1.352758289999999874e+02 1.351387789999999995e+02
1.378551830000000109e+02 1.379672280000000057e+02 1.378381359999999916e+02
1.328468320000000062e+02 1.327301860000000033e+02 1.328425290000000132e+02
1.384231470000000002e+02 1.383496969999999919e+02 1.382822400000000016e+02
1.329965489999999875e+02 1.330833069999999907e+02 1.329478990000000067e+02
1.321475819999999999e+02 1.322316690000000108e+02 1.320955820000000074e+02
1.321109380000000044e+02 1.321636149999999930e+02 1.322452570000000094e+02
1.366230170000000044e+02 1.367317050000000052e+02 1.366146200000000022e+02
1.373744900000000086e+02 1.374249910000000057e+02 1.375111469999999940e+02
1.310370259999999973e+02 1.309504959999999869e+02 1.310755929999999978e+02
1.383862589999999955e+02 1.382551349999999957e+02 1.383959539999999890e+02
1.323847959999999944e+02 1.324690290000000061e+02 1.323340169999999887e+02
1.316290400000000034e+02 1.315617599999999925e+02 1.316957669999999894e+02
1.388847739999999931e+02 1.389000000000000057e+02 1.387923309999999901e+02
1.365921690000000126e+02 1.364570219999999949e+02 1.365086139999999943e+02
1.354467109999999934e+02 1.353434599999999932e+02 1.354567140000000052e+02
1.336104049999999859e+02 1.335253270000000043e+02 1.336606299999999976e+02
1.369000000000000057e+02 1.368653889999999933e+02 1.369953160000000025e+02
1.358804419999999880e+02 1.357449100000000044e+02 1.357953440000000001e+02
1.377303379999999891e+02 1.378551830000000109e+02 1.378381359999999916e+02
1.311424370000000010e+02 1.310063240000000064e+02 1.310843879999999899e+02
1.369628020000000106e+02 1.368495650000000126e+02 1.368427210000000116e+02
1.348308830000000000e+02 1.347813710000000071e+02 1.346964299999999923e+02
1.366254840000000002e+02 1.366761099999999942e+02 1.367605770000000120e+02
1.360444559999999967e+02 1.361500890000000084e+02 1.360246129999999880e+02
1.378368260000000021e+02 1.378381359999999916e+02 1.379539460000000020e+02
1.334917419999999879e+02 1.334673410000000047e+02 1.335939820000000111e+02
1.365585680000000082e+02 1.366090049999999962e+02 1.366939820000000054e+02
1.338272760000000119e+02 1.337769429999999886e+02 1.336916610000000105e+02
1.352192169999999862e+02 1.351345780000000047e+02 1.352700749999999914e+02
1.344224499999999978e+02 1.345579329999999914e+02 1.345074270000000070e+02
1.314140590000000088e+02 1.313443249999999978e+02 1.314819449999999961e+02
1.320310200000000123e+02 1.319767380000000117e+02 1.319110839999999882e+02
1.316047039999999981e+02 1.315156000000000063e+02 1.316548170000000084e+02
1.384967179999999871e+02 1.385622899999999902e+02 1.384231470000000002e+02
1.338555039999999963e+02 1.339011020000000087e+02 1.339918659999999875e+02
1.335558450000000050e+02 1.336412740000000099e+02 1.335053910000000030e+02
1.341127710000000093e+02 1.342461700000000064e+02 1.341971039999999959e+02
1.344411120000000039e+02 1.343045710000000099e+02 1.343555900000000065e+02
1.358624969999999905e+02 1.357788639999999987e+02 1.359148370000000057e+02
1.372222260000000063e+02 1.371365189999999927e+02 1.372725489999999979e+02
1.318901480000000106e+02 1.318246990000000096e+02 1.319569539999999961e+02
1.316047039999999981e+02 1.316919699999999978e+02 1.315585159999999973e+02
1.389000000000000057e+02 1.387789589999999862e+02 1.387812710000000038e+02
1.355243969999999933e+02 1.354395100000000127e+02 1.355749470000000088e+02
1.316277550000000076e+02 1.317605309999999861e+02 1.316953100000000063e+02
1.316197850000000074e+02 1.317522519999999986e+02 1.316912729999999954e+02
1.333849779999999896e+02 1.334356919999999889e+02 1.335209820000000036e+02
1.323340169999999887e+02 1.321990380000000016e+02 1.322498830000000112e+02
1.368678040000000067e+02 1.367980929999999944e+02 1.367478240000000085e+02
1.326150189999999895e+02 1.325089049999999986e+02 1.326221250000000111e+02
1.382793690000000026e+02 1.381393150000000105e+02 1.382079589999999882e+02
1.315344519999999875e+02 1.315875299999999868e+02 1.316742749999999944e+02
1.370377980000000093e+02 1.371721440000000030e+02 1.371229140000000086e+02
1.370647119999999859e+02 1.370804310000000044e+02 1.371886189999999885e+02
1.382793690000000026e+02 1.384187379999999905e+02 1.383502530000000093e+02
1.365082109999999886e+02 1.365585680000000082e+02 1.366438390000000140e+02
1.325238559999999950e+02 1.326415780000000098e+02 1.325195319999999981e+02
1.358300020000000075e+02 1.359150140000000135e+02 1.357796979999999962e+02
1.372056959999999890e+02 1.373444399999999916e+02 1.372918270000000120e+02
1.376246050000000025e+02 1.377303379999999891e+02 1.376113609999999881e+02
1.343314880000000073e+02 1.342827200000000119e+02 1.341971039999999959e+02
1.338120020000000068e+02 1.338981320000000039e+02 1.337552279999999882e+02
1.321665680000000123e+02 1.320312099999999873e+02 1.320989109999999869e+02
1.337529030000000034e+02 1.336223229999999944e+02 1.337235139999999944e+02
1.328211860000000115e+02 1.327349649999999883e+02 1.328725120000000004e+02
1.335932540000000017e+02 1.337282350000000122e+02 1.336745510000000081e+02
1.326125350000000083e+02 1.324702699999999993e+02 1.325221779999999967e+02
1.334436399999999878e+02 1.333380009999999913e+02 1.333107139999999902e+02
1.310702430000000049e+02 1.312045929999999885e+02 1.311556889999999953e+02
1.356600459999999941e+02 1.355253710000000069e+02 1.356205549999999960e+02
1.365748399999999947e+02 1.367101179999999943e+02 1.366595430000000135e+02
1.316963199999999858e+02 1.316290400000000034e+02 1.317654870000000074e+02
1.348809219999999982e+02 1.349654669999999896e+02 1.348308830000000000e+02
1.310875110000000063e+02 1.312212079999999901e+02 1.311571559999999863e+02
1.319805949999999939e+02 1.320381289999999979e+02 1.321183179999999879e+02
1.341842200000000105e+02 1.340462880000000041e+02 1.341329880000000117e+02
1.314935079999999914e+02 1.314140590000000088e+02 1.315510490000000061e+02
1.333312500000000114e+02 1.332813620000000014e+02 1.331961129999999969e+02
1.321151270000000011e+02 1.320640820000000133e+02 1.319807549999999878e+02
1.359654769999999928e+02 1.358804419999999880e+02 1.360159960000000012e+02
1.344662899999999865e+02 1.345129049999999893e+02 1.346023480000000063e+02
1.372025280000000009e+02 1.370668530000000089e+02 1.371171300000000031e+02
1.337171339999999873e+02 1.337625309999999956e+02 1.336460270000000037e+02
1.332327029999999866e+02 1.331824210000000051e+02 1.330959789999999998e+02
1.341446449999999970e+02 1.341190330000000017e+02 1.342491929999999911e+02
1.319654400000000010e+02 1.320312099999999873e+02 1.320967699999999923e+02
1.345397869999999898e+02 1.344544659999999965e+02 1.345903539999999907e+02
1.382260599999999897e+02 1.380923840000000098e+02 1.381890319999999974e+02
1.322668229999999880e+02 1.321820700000000102e+02 1.323182960000000037e+02
1.345767769999999928e+02 1.344914870000000064e+02 1.346269560000000070e+02
1.325024769999999990e+02 1.325867379999999969e+02 1.324514269999999954e+02
1.352037239999999940e+02 1.352881480000000067e+02 1.351522730000000081e+02
1.327898879999999906e+02 1.327072809999999947e+02 1.328500249999999880e+02
1.349675949999999887e+02 1.350936179999999922e+02 1.350729310000000112e+02
1.382226300000000094e+02 1.382822400000000016e+02 1.381393720000000087e+02
1.343214759999999899e+02 1.342366169999999954e+02 1.343719509999999957e+02
1.362365489999999966e+02 1.363240639999999928e+02 1.361826079999999877e+02
1.352758289999999874e+02 1.353611229999999921e+02 1.352296640000000139e+02
1.385479909999999961e+02 1.384203430000000026e+02 1.384411479999999983e+02
1.373201359999999909e+02 1.371788050000000112e+02 1.372918270000000120e+02
1.350837030000000141e+02 1.351684490000000096e+02 1.350328680000000077e+02
1.324032660000000021e+02 1.324920970000000011e+02 1.323455539999999928e+02
1.367293740000000071e+02 1.366438390000000140e+02 1.367792070000000137e+02
1.324867690000000096e+02 1.324028199999999913e+02 1.325389020000000073e+02
1.326374329999999873e+02 1.327548549999999921e+02 1.327432670000000030e+02
1.346023480000000063e+02 1.346446310000000040e+02 1.347418810000000065e+02
1.343437680000000114e+02 1.343912320000000022e+02 1.344783799999999871e+02
1.385479909999999961e+02 1.385342489999999884e+02 1.384203430000000026e+02
1.358376900000000091e+02 1.359042049999999904e+02 1.357610740000000078e+02
1.348955949999999859e+02 1.350310570000000041e+02 1.349814059999999927e+02
1.364005160000000103e+02 1.365465230000000076e+02 1.365055979999999920e+02
1.334671749999999975e+02 1.333790889999999933e+02 1.335156690000000026e+02
1.370804310000000044e+02 1.372016340000000127e+02 1.371886189999999885e+02
1.364246599999999887e+02 1.363728490000000022e+02 1.362880289999999945e+02
1.320327200000000119e+02 1.319654400000000010e+02 1.320967699999999923e+02
1.348602520000000027e+02 1.348102309999999875e+02 1.347258960000000059e+02
1.335602829999999983e+02 1.336953359999999975e+02 1.336447039999999902e+02
1.367792070000000137e+02 1.366939820000000054e+02 1.368295779999999979e+02
1.360811850000000049e+02 1.362166919999999948e+02 1.361669129999999939e+02
1.323052299999999946e+02 1.324205579999999998e+02 1.324129800000000046e+02
1.323484440000000006e+02 1.322121689999999887e+02 1.322650219999999877e+02
1.373918309999999963e+02 1.375088660000000118e+02 1.373800099999999986e+02
1.341330739999999935e+02 1.342685590000000104e+02 1.342181199999999990e+02
1.381393720000000087e+02 1.382822400000000016e+02 1.382079589999999882e+02
1.322603860000000111e+02 1.321068740000000048e+02 1.321630059999999958e+02
1.386339120000000094e+02 1.387817560000000014e+02 1.386745050000000106e+02
1.353069079999999929e+02 1.352553990000000113e+02 1.351672409999999900e+02
1.315614640000000009e+02 1.316289470000000108e+02 1.314903480000000116e+02
1.382897490000000005e+02 1.384203430000000026e+02 1.383959539999999890e+02
1.325928509999999960e+02 1.325389020000000073e+02 1.324553779999999961e+02
1.335102960000000110e+02 1.336447039999999902e+02 1.335932540000000017e+02
1.321109380000000044e+02 1.322452570000000094e+02 1.321883929999999907e+02
1.342540779999999927e+02 1.341842200000000105e+02 1.341329880000000117e+02
1.358235439999999983e+02 1.356943789999999979e+02 1.357972860000000139e+02
1.320723729999999989e+02 1.319955600000000118e+02 1.321296769999999867e+02
1.325781650000000127e+02 1.326613460000000089e+02 1.325225230000000067e+02
1.307765640000000076e+02 1.308352399999999989e+02 1.309076660000000061e+02
1.350499250000000018e+02 1.349650860000000137e+02 1.351009760000000028e+02
1.332327029999999866e+02 1.333187869999999862e+02 1.331824210000000051e+02
1.354395100000000127e+02 1.353547199999999862e+02 1.354901460000000100e+02
1.369363800000000140e+02 1.368360690000000091e+02 1.367980929999999944e+02
1.347601579999999899e+02 1.348955949999999859e+02 1.348454309999999907e+02
1.387977490000000103e+02 1.387283610000000067e+02 1.386745050000000106e+02
1.316961609999999894e+02 1.316514369999999872e+02 1.317908199999999965e+02
1.327872989999999902e+02 1.329242279999999994e+02 1.328725120000000004e+02
1.331028159999999900e+02 1.331905549999999891e+02 1.330471689999999967e+02
1.338646060000000091e+02 1.339495919999999956e+02 1.338120020000000068e+02
1.368525820000000124e+02 1.369669749999999908e+02 1.368427210000000116e+02
1.334516120000000114e+02 1.334011999999999887e+02 1.333161149999999964e+02
1.372379709999999875e+02 1.373234390000000076e+02 1.371870920000000069e+02
1.342707090000000107e+02 1.344063620000000014e+02 1.343555900000000065e+02
1.343536420000000078e+02 1.344041489999999897e+02 1.344892220000000123e+02
1.350039950000000033e+02 1.350513980000000060e+02 1.351387789999999995e+02
1.308940939999999955e+02 1.309657019999999932e+02 1.308352399999999989e+02
1.329399339999999938e+02 1.328611099999999965e+02 1.329927439999999876e+02
1.325629319999999893e+02 1.324702699999999993e+02 1.326125350000000083e+02
1.330833069999999907e+02 1.332189349999999877e+02 1.331692150000000083e+02
1.321636149999999930e+02 1.322976390000000038e+02 1.322452570000000094e+02
1.321630629999999940e+02 1.323000000000000114e+02 1.322052520000000015e+02
1.348292810000000088e+02 1.348800870000000032e+02 1.349650860000000137e+02
1.362536010000000033e+02 1.361182699999999954e+02 1.361690539999999885e+02
1.331124110000000087e+02 1.332487559999999860e+02 1.331977249999999913e+02
1.375111469999999940e+02 1.374249910000000057e+02 1.375614290000000040e+02
1.319767380000000117e+02 1.321109380000000044e+02 1.320486620000000073e+02
1.313443249999999978e+02 1.314115060000000028e+02 1.314819449999999961e+02
1.323000000000000114e+02 1.323082609999999875e+02 1.322052520000000015e+02
1.355918650000000127e+02 1.354564829999999915e+02 1.355076019999999914e+02
1.331457519999999874e+02 1.332813620000000014e+02 1.332309539999999970e+02
1.303959930000000043e+02 1.305329299999999932e+02 1.304819779999999980e+02
1.352881480000000067e+02 1.354231220000000064e+02 1.353721370000000093e+02
1.306902259999999956e+02 1.307485340000000065e+02 1.308222350000000063e+02
1.354395100000000127e+02 1.354901460000000100e+02 1.355749470000000088e+02
1.354235920000000135e+02 1.354739030000000071e+02 1.355591699999999946e+02
1.350159500000000037e+02 1.348809219999999982e+02 1.349313659999999970e+02
1.386643620000000112e+02 1.387804590000000076e+02 1.386649099999999919e+02
1.369568250000000091e+02 1.369363800000000140e+02 1.370476250000000107e+02
1.315510490000000061e+02 1.314140590000000088e+02 1.314819449999999961e+02
1.310843879999999899e+02 1.311601499999999874e+02 1.312299580000000105e+02
1.344058070000000100e+02 1.343764160000000061e+02 1.345064069999999958e+02
1.326708380000000034e+02 1.327549109999999928e+02 1.326191460000000006e+02
1.346023480000000063e+02 1.347418810000000065e+02 1.346917950000000133e+02
1.312299580000000105e+02 1.313868119999999919e+02 1.312748090000000047e+02
1.317761590000000069e+02 1.319111379999999940e+02 1.318606540000000109e+02
1.320876069999999913e+02 1.322055239999999969e+02 1.321630059999999958e+02
1.383759019999999964e+02 1.385291009999999972e+02 1.384411479999999983e+02
1.324690290000000061e+02 1.326040319999999895e+02 1.325533580000000029e+02
1.328605890000000045e+02 1.327713520000000074e+02 1.329087780000000123e+02
1.339660820000000001e+02 1.338809689999999932e+02 1.340163689999999974e+02
1.379083540000000028e+02 1.377786759999999902e+02 1.378368260000000021e+02
1.327325600000000065e+02 1.326100800000000106e+02 1.327301860000000033e+02
1.362876650000000041e+02 1.361494490000000042e+02 1.362687549999999987e+02
1.374741270000000100e+02 1.373877310000000023e+02 1.375237040000000093e+02
1.303709599999999966e+02 1.303036800000000142e+02 1.304408830000000137e+02
1.352100340000000074e+02 1.350783270000000016e+02 1.351265080000000012e+02
1.324597119999999961e+02 1.325435860000000048e+02 1.324032660000000021e+02
1.319271999999999991e+02 1.318427110000000084e+02 1.319805949999999939e+02
1.316197850000000074e+02 1.316912729999999954e+02 1.315589050000000100e+02
1.378002400000000023e+02 1.378494499999999903e+02 1.379395069999999919e+02
1.313250480000000096e+02 1.314288119999999935e+02 1.313088659999999948e+02
1.345235930000000053e+02 1.345741620000000012e+02 1.346591889999999978e+02
1.337552279999999882e+02 1.338981320000000039e+02 1.338392639999999858e+02
1.369919050000000027e+02 1.371229140000000086e+02 1.370794909999999902e+02
1.331326559999999972e+02 1.332189349999999877e+02 1.330833069999999907e+02
1.320120339999999999e+02 1.319271999999999991e+02 1.320639459999999872e+02
1.330471689999999967e+02 1.331905549999999891e+02 1.331585829999999930e+02
1.329087220000000116e+02 1.328577919999999892e+02 1.327730980000000045e+02
1.334115109999999902e+02 1.334861769999999979e+02 1.333551769999999976e+02
1.382309030000000121e+02 1.382962060000000122e+02 1.381603810000000010e+02
1.343031000000000006e+02 1.344386210000000119e+02 1.343880120000000034e+02
1.386643620000000112e+02 1.386649099999999919e+02 1.385648889999999938e+02
1.327549109999999928e+02 1.328393419999999878e+02 1.327029540000000054e+02
1.308103790000000117e+02 1.309485080000000039e+02 1.308833740000000034e+02
1.328131899999999916e+02 1.328989939999999876e+02 1.327646279999999877e+02
1.320970739999999921e+02 1.320120339999999999e+02 1.321484360000000038e+02
1.335602829999999983e+02 1.335102960000000110e+02 1.334254359999999906e+02
1.337235139999999944e+02 1.335939820000000111e+02 1.336929599999999994e+02
1.318237080000000105e+02 1.319560370000000091e+02 1.318927529999999990e+02
1.300345599999999990e+02 1.300993599999999901e+02 1.301654729999999915e+02
1.314962559999999883e+02 1.316197850000000074e+02 1.315589050000000100e+02
1.340826549999999884e+02 1.342181199999999990e+02 1.341676019999999880e+02
1.330098099999999874e+02 1.330610849999999914e+02 1.331467260000000010e+02
1.353762370000000033e+02 1.354413529999999923e+02 1.355239640000000065e+02
1.323538800000000037e+02 1.324647870000000012e+02 1.324269069999999999e+02
1.315694509999999866e+02 1.314813069999999868e+02 1.316231659999999977e+02
1.369669749999999908e+02 1.370804310000000044e+02 1.369628020000000106e+02
1.322668229999999880e+02 1.322160079999999880e+02 1.321312230000000056e+02
1.385622899999999902e+02 1.384895740000000046e+02 1.384231470000000002e+02
1.349126850000000104e+02 1.348602520000000027e+02 1.347775420000000111e+02
1.312671809999999937e+02 1.312014979999999866e+02 1.313281240000000025e+02
1.354943189999999902e+02 1.354103090000000122e+02 1.355446220000000039e+02
1.308780370000000062e+02 1.308110670000000084e+02 1.309559370000000058e+02
1.317605309999999861e+02 1.318237080000000105e+02 1.318927529999999990e+02
1.319457490000000064e+02 1.320808089999999879e+02 1.320308469999999943e+02
1.321655739999999923e+02 1.321151270000000011e+02 1.320308469999999943e+02
1.352100340000000074e+02 1.351672409999999900e+02 1.350783270000000016e+02
1.320808089999999879e+02 1.322160079999999880e+02 1.321655739999999923e+02
1.323513810000000035e+02 1.323005430000000047e+02 1.322160079999999880e+02
1.320808089999999879e+02 1.321655739999999923e+02 1.320308469999999943e+02
1.336412740000000099e+02 1.337769429999999886e+02 1.337265800000000127e+02
1.351345780000000047e+02 1.349989280000000065e+02 1.350499250000000018e+02
1.340626870000000110e+02 1.339276749999999936e+02 1.339779240000000016e+02
1.326374329999999873e+02 1.326125350000000083e+02 1.325221779999999967e+02
1.367950470000000109e+02 1.369308580000000006e+02 1.368802200000000084e+02
1.315065580000000125e+02 1.316412190000000066e+02 1.315875299999999868e+02
1.377020559999999989e+02 1.376582390000000089e+02 1.377920750000000112e+02
1.310252549999999871e+02 1.310967970000000093e+02 1.309657019999999932e+02
1.329758980000000008e+02 1.331124110000000087e+02 1.330610849999999914e+02
1.322545130000000029e+02 1.322008250000000089e+02 1.321183179999999879e+02
1.306143969999999968e+02 1.307485340000000065e+02 1.306902259999999956e+02
1.333161149999999964e+02 1.334011999999999887e+02 1.332654819999999916e+02
1.327646279999999877e+02 1.327136500000000012e+02 1.326317779999999971e+02
1.327898879999999906e+02 1.328500249999999880e+02 1.329250360000000057e+02
1.365086139999999943e+02 1.363728490000000022e+02 1.364246599999999887e+02
1.333899690000000078e+02 1.335253270000000043e+02 1.334752750000000106e+02
1.337235139999999944e+02 1.336223229999999944e+02 1.335939820000000111e+02
1.303709599999999966e+02 1.304408830000000137e+02 1.305079729999999927e+02
1.356433580000000063e+02 1.355590689999999938e+02 1.356961569999999995e+02
1.323783520000000067e+02 1.323679950000000076e+02 1.322778279999999995e+02
1.322936579999999935e+02 1.323293669999999906e+02 1.324210620000000063e+02
1.324879060000000095e+02 1.325089049999999986e+02 1.326150189999999895e+02
1.335714600000000019e+02 1.336217350000000010e+02 1.337069879999999955e+02
1.319654400000000010e+02 1.318981599999999901e+02 1.320312099999999873e+02
1.381890319999999974e+02 1.380589319999999987e+02 1.381567970000000116e+02
1.330999999999999943e+02 1.330851389999999981e+02 1.332065189999999859e+02
1.316289470000000108e+02 1.316719239999999900e+02 1.315504229999999950e+02
1.378445089999999880e+02 1.377503379999999993e+02 1.377074039999999968e+02
1.360850739999999917e+02 1.359540800000000047e+02 1.360550250000000005e+02
1.382845880000000136e+02 1.383502530000000093e+02 1.384130849999999953e+02
1.327646279999999877e+02 1.326317779999999971e+02 1.326802820000000054e+02
1.355076019999999914e+02 1.354564829999999915e+02 1.353721370000000093e+02
1.371016720000000078e+02 1.372379709999999875e+02 1.371870920000000069e+02
1.333020280000000071e+02 1.331854289999999992e+02 1.332987320000000011e+02
1.376288940000000025e+02 1.375446469999999977e+02 1.376802859999999953e+02
1.366673309999999901e+02 1.365826409999999953e+02 1.367230360000000076e+02
1.313559930000000122e+02 1.314247660000000053e+02 1.314921919999999886e+02
1.307035820000000115e+02 1.307790200000000027e+02 1.308313499999999863e+02
1.344544659999999965e+02 1.345046260000000018e+02 1.345903539999999907e+02
1.321968290000000081e+02 1.322352730000000065e+02 1.323293669999999906e+02
1.356761720000000082e+02 1.358113950000000045e+02 1.357608030000000099e+02
1.359540800000000047e+02 1.359199460000000101e+02 1.360550250000000005e+02
1.355749470000000088e+02 1.356254999999999882e+02 1.357103580000000136e+02
1.326377549999999985e+02 1.325867379999999969e+02 1.325024769999999990e+02
1.338774840000000097e+02 1.338272760000000119e+02 1.337419999999999902e+02
1.334917419999999879e+02 1.333611610000000098e+02 1.334673410000000047e+02
1.343912320000000022e+02 1.344411120000000039e+02 1.345270769999999914e+02
1.371721440000000030e+02 1.373081099999999992e+02 1.372574429999999950e+02
1.357796979999999962e+02 1.359150140000000135e+02 1.358646359999999902e+02
1.333020280000000071e+02 1.334049540000000036e+02 1.333107139999999902e+02
1.376609159999999861e+02 1.377712950000000092e+02 1.376467189999999903e+02
1.328500249999999880e+02 1.327072809999999947e+02 1.327432670000000030e+02
1.365077290000000119e+02 1.365051840000000141e+02 1.363848889999999869e+02
1.306698670000000106e+02 1.308103790000000117e+02 1.307485340000000065e+02
1.372177340000000072e+02 1.371305659999999875e+02 1.372698599999999942e+02
1.347949050000000000e+02 1.347097689999999943e+02 1.348454309999999907e+02
1.347785120000000063e+02 1.349141559999999913e+02 1.348633429999999862e+02
1.367792070000000137e+02 1.368295779999999979e+02 1.369150740000000042e+02
1.350936179999999922e+02 1.350039950000000033e+02 1.351387789999999995e+02
1.336929599999999994e+02 1.335939820000000111e+02 1.335649280000000090e+02
1.359211459999999931e+02 1.359305080000000032e+02 1.358017140000000040e+02
1.347813710000000071e+02 1.348682110000000023e+02 1.347304200000000094e+02
1.314288119999999935e+02 1.313724379999999883e+02 1.313088659999999948e+02
1.375359390000000133e+02 1.375208470000000034e+02 1.374116019999999878e+02
1.367516329999999982e+02 1.368677549999999883e+02 1.367461549999999875e+02
1.328989939999999876e+02 1.330340040000000101e+02 1.329845889999999997e+02
1.368802200000000084e+02 1.369308580000000006e+02 1.370162740000000099e+02
1.322946369999999945e+02 1.323538800000000037e+02 1.324269069999999999e+02
1.351387789999999995e+02 1.352758289999999874e+02 1.352296640000000139e+02
1.303676490000000001e+02 1.302967519999999979e+02 1.304278610000000072e+02
1.367781040000000132e+02 1.366436750000000018e+02 1.366966840000000047e+02
1.375595950000000016e+02 1.374199380000000019e+02 1.374795200000000079e+02
1.311601499999999874e+02 1.310204280000000097e+02 1.310990480000000105e+02
1.327349649999999883e+02 1.327872989999999902e+02 1.328725120000000004e+02
1.341671059999999898e+02 1.343045710000000099e+02 1.342538509999999974e+02
1.308500109999999950e+02 1.309829019999999957e+02 1.309292259999999999e+02
1.325092789999999923e+02 1.325928509999999960e+02 1.324553779999999961e+02
1.335308980000000076e+02 1.334436399999999878e+02 1.334049540000000036e+02
1.330718119999999942e+02 1.330471689999999967e+02 1.331585829999999930e+02
1.352024930000000040e+02 1.351517489999999952e+02 1.350667259999999885e+02
1.320337260000000015e+02 1.319703529999999887e+02 1.321070620000000133e+02
1.347785120000000063e+02 1.348292810000000088e+02 1.349141559999999913e+02
1.310967970000000093e+02 1.310392980000000023e+02 1.309657019999999932e+02
1.315617599999999925e+02 1.316263610000000028e+02 1.316957669999999894e+02
1.374347040000000106e+02 1.373945429999999988e+02 1.375256610000000137e+02
1.321665680000000123e+02 1.320989109999999869e+02 1.322337540000000047e+02
1.340163689999999974e+02 1.339313199999999995e+02 1.340666929999999866e+02
1.367268239999999935e+02 1.365921690000000126e+02 1.366436750000000018e+02
1.333691750000000127e+02 1.334549949999999967e+02 1.333187869999999862e+02
1.305786420000000021e+02 1.305084879999999998e+02 1.306430080000000089e+02
1.382793690000000026e+02 1.382126120000000071e+02 1.381393150000000105e+02
1.356254999999999882e+02 1.356761720000000082e+02 1.357608030000000099e+02
1.350837030000000141e+02 1.351345780000000047e+02 1.352192169999999862e+02
1.387812710000000038e+02 1.386578210000000126e+02 1.386649099999999919e+02
1.320118999999999971e+02 1.321475819999999999e+02 1.320955820000000074e+02
1.333341719999999953e+02 1.334197560000000067e+02 1.332833980000000054e+02
1.327254509999999925e+02 1.328131899999999916e+02 1.326802820000000054e+02
1.316718750000000000e+02 1.316177619999999990e+02 1.317628880000000038e+02
1.344041489999999897e+02 1.343188000000000102e+02 1.344544659999999965e+02
1.365690250000000106e+02 1.364730700000000070e+02 1.364395890000000122e+02
1.368677549999999883e+02 1.369838780000000042e+02 1.368612249999999904e+02
1.320381289999999979e+02 1.321068740000000048e+02 1.321749199999999860e+02
1.368612249999999904e+02 1.368525820000000124e+02 1.367403370000000109e+02
1.360811850000000049e+02 1.359974430000000041e+02 1.361310389999999870e+02
1.309362050000000011e+02 1.308689249999999902e+02 1.310063240000000064e+02
1.366255999999999915e+02 1.366230170000000044e+02 1.365051840000000141e+02
1.331961129999999969e+02 1.330602710000000002e+02 1.331104190000000074e+02
1.379695659999999862e+02 1.378841299999999990e+02 1.378445089999999880e+02
1.363550889999999924e+02 1.364395829999999989e+02 1.363043260000000032e+02
1.349313659999999970e+02 1.348468670000000031e+02 1.349821000000000026e+02
1.355692840000000103e+02 1.356938519999999926e+02 1.355752549999999985e+02
1.349650860000000137e+02 1.350161479999999870e+02 1.351009760000000028e+02
1.387804590000000076e+02 1.386643620000000112e+02 1.387923309999999901e+02
1.385911189999999920e+02 1.384540709999999990e+02 1.385484549999999899e+02
1.333400049999999908e+02 1.334254359999999906e+02 1.332902349999999956e+02
1.355446220000000039e+02 1.355944639999999879e+02 1.356793619999999976e+02
1.331854289999999992e+02 1.330776810000000125e+02 1.332062339999999949e+02
1.382126120000000071e+02 1.382845880000000136e+02 1.381496319999999969e+02
1.345801789999999869e+02 1.347304200000000094e+02 1.346877130000000022e+02
1.382793690000000026e+02 1.383502530000000093e+02 1.382126120000000071e+02
1.377166019999999946e+02 1.376565270000000112e+02 1.375773020000000031e+02
1.379672280000000057e+02 1.379785139999999899e+02 1.380791429999999878e+02
1.324702699999999993e+02 1.324222000000000037e+02 1.323388579999999877e+02
1.343242119999999886e+02 1.343745910000000094e+02 1.344483510000000024e+02
1.372177340000000072e+02 1.373006179999999858e+02 1.371673289999999952e+02
1.311380450000000053e+02 1.312043700000000115e+02 1.312745590000000107e+02
1.313408110000000022e+02 1.312045929999999885e+02 1.312546440000000132e+02
1.313559930000000122e+02 1.314921919999999886e+02 1.314236669999999947e+02
1.341013949999999966e+02 1.341516609999999901e+02 1.342366169999999954e+02
1.372896059999999920e+02 1.373918309999999963e+02 1.372567139999999881e+02
1.323979150000000118e+02 1.325195319999999981e+02 1.325135809999999879e+02
1.382309030000000121e+02 1.381603810000000010e+02 1.380847719999999867e+02
1.355591699999999946e+02 1.356946020000000033e+02 1.356443999999999903e+02
1.320292100000000062e+02 1.320869289999999978e+02 1.321744930000000124e+02
1.336104049999999859e+02 1.336606299999999976e+02 1.337456730000000107e+02
1.346619910000000004e+02 1.345270769999999914e+02 1.345767769999999928e+02
1.347119000000000142e+02 1.346619910000000004e+02 1.345767769999999928e+02
1.334356919999999889e+02 1.332997369999999933e+02 1.333505780000000129e+02
1.330445090000000050e+02 1.329594370000000083e+02 1.330952069999999878e+02
1.329936040000000048e+02 1.328577919999999892e+02 1.329087220000000116e+02
1.345064069999999958e+02 1.343764160000000061e+02 1.344791610000000048e+02
1.337171339999999873e+02 1.336239060000000052e+02 1.337552279999999882e+02
1.328238210000000095e+02 1.327390460000000019e+02 1.328742860000000121e+02
1.363384049999999945e+02 1.362877990000000068e+02 1.362028119999999944e+02
1.378688980000000015e+02 1.377327909999999918e+02 1.377867210000000000e+02
1.389000000000000057e+02 1.387706839999999886e+02 1.387779679999999871e+02
1.366595430000000135e+02 1.367950470000000109e+02 1.367444680000000119e+02
1.340826549999999884e+02 1.341676019999999880e+02 1.340321450000000141e+02
1.356205549999999960e+02 1.356037249999999972e+02 1.357115819999999928e+02
1.331326559999999972e+02 1.330833069999999907e+02 1.329965489999999875e+02
1.356433580000000063e+02 1.355076019999999914e+02 1.355590689999999938e+02
1.339495919999999956e+02 1.340004859999999951e+02 1.340836710000000096e+02
1.310699860000000001e+02 1.310063240000000064e+02 1.311424370000000010e+02
1.370162740000000099e+02 1.371523809999999912e+02 1.371016720000000078e+02
1.369308580000000006e+02 1.368455649999999935e+02 1.369812740000000133e+02
1.371788050000000112e+02 1.372056959999999890e+02 1.372918270000000120e+02
1.338555039999999963e+02 1.339918659999999875e+02 1.339427949999999896e+02
1.307632110000000125e+02 1.308940939999999955e+02 1.308352399999999989e+02
1.340271170000000041e+02 1.338875480000000096e+02 1.339665459999999939e+02
1.321068740000000048e+02 1.320270060000000001e+02 1.321630059999999958e+02
1.368455649999999935e+02 1.367605770000000120e+02 1.368958430000000135e+02
1.364005160000000103e+02 1.362876650000000041e+02 1.362687549999999987e+02
1.336412740000000099e+02 1.337265800000000127e+02 1.335909149999999954e+02
1.369715009999999893e+02 1.369108980000000031e+02 1.368334930000000043e+02
1.367694189999999992e+02 1.366388389999999902e+02 1.367371960000000115e+02
1.337799789999999973e+02 1.338646060000000091e+02 1.337282350000000122e+02
1.322936579999999935e+02 1.321968290000000081e+02 1.323293669999999906e+02
1.328910490000000095e+02 1.327549109999999928e+02 1.328065430000000049e+02
1.346917950000000133e+02 1.347418810000000065e+02 1.348287249999999915e+02
1.328238210000000095e+02 1.327730980000000045e+02 1.326885090000000105e+02
1.322055239999999969e+02 1.322956169999999929e+02 1.321630059999999958e+02
1.311556889999999953e+02 1.310755929999999978e+02 1.310362519999999904e+02
1.356922059999999988e+02 1.358082239999999956e+02 1.356938519999999926e+02
1.348126939999999934e+02 1.349481220000000121e+02 1.348974640000000136e+02
1.366802429999999902e+02 1.367738970000000052e+02 1.366342439999999954e+02
1.381393720000000087e+02 1.382079589999999882e+02 1.380649950000000104e+02
1.319226429999999937e+02 1.320310200000000123e+02 1.319110839999999882e+02
1.343764160000000061e+02 1.342491929999999911e+02 1.343513979999999890e+02
1.361351850000000070e+02 1.362705689999999947e+02 1.362198060000000055e+02
1.353434599999999932e+02 1.352457809999999938e+02 1.353444029999999998e+02
1.329965489999999875e+02 1.329478990000000067e+02 1.328605890000000045e+02
1.371290309999999977e+02 1.370336760000000140e+02 1.369953160000000025e+02
1.320120339999999999e+02 1.318764189999999985e+02 1.319271999999999991e+02
1.374199380000000019e+02 1.373201359999999909e+02 1.372918270000000120e+02
1.357103580000000136e+02 1.357608030000000099e+02 1.358457459999999912e+02
1.340479359999999929e+02 1.341832780000000014e+02 1.341330739999999935e+02
1.359998669999999947e+02 1.361351850000000070e+02 1.360845759999999984e+02
1.329242279999999994e+02 1.330610849999999914e+02 1.330098099999999874e+02
1.325629319999999893e+02 1.325092789999999923e+02 1.324222000000000037e+02
1.336953359999999975e+02 1.336104049999999859e+02 1.337456730000000107e+02
1.363014670000000024e+02 1.362526609999999891e+02 1.361669129999999939e+02
1.332487559999999860e+02 1.333341719999999953e+02 1.331977249999999913e+02
1.369943260000000009e+02 1.369108980000000031e+02 1.370384889999999984e+02
1.315585159999999973e+02 1.316919699999999978e+02 1.316412190000000066e+02
1.321968290000000081e+02 1.320999999999999943e+02 1.322352730000000065e+02
1.338646060000000091e+02 1.340004859999999951e+02 1.339495919999999956e+02
1.377457410000000095e+02 1.377303379999999891e+02 1.376246050000000025e+02
1.377457410000000095e+02 1.378692210000000102e+02 1.378551830000000109e+02
1.355918650000000127e+02 1.355076019999999914e+02 1.356433580000000063e+02
1.335524629999999888e+02 1.334169970000000092e+02 1.334671749999999975e+02
1.350513980000000060e+02 1.351876980000000117e+02 1.351387789999999995e+02
1.316263610000000028e+02 1.314944800000000100e+02 1.315557670000000030e+02
1.353210489999999879e+02 1.351856019999999887e+02 1.352367519999999956e+02
1.353382339999999999e+02 1.352877059999999858e+02 1.352024930000000040e+02
1.331636129999999980e+02 1.332487559999999860e+02 1.331124110000000087e+02
1.327898879999999906e+02 1.326498339999999985e+02 1.327072809999999947e+02
1.383186379999999929e+02 1.382374090000000137e+02 1.383759019999999964e+02
1.353919109999999932e+02 1.353069079999999929e+02 1.354467109999999934e+02
1.383766300000000058e+02 1.382284370000000138e+02 1.383354400000000055e+02
1.371673289999999952e+02 1.372521370000000047e+02 1.371171300000000031e+02
1.355446220000000039e+02 1.354103090000000122e+02 1.354595390000000066e+02
1.364235950000000059e+02 1.365585680000000082e+02 1.365082109999999886e+02
1.351176440000000127e+02 1.352024930000000040e+02 1.350667259999999885e+02
1.386052310000000034e+02 1.385189279999999883e+02 1.384671580000000120e+02
1.375237040000000093e+02 1.373877310000000023e+02 1.374373349999999903e+02
1.366255999999999915e+02 1.367461549999999875e+02 1.367403370000000109e+02
1.350161479999999870e+02 1.350671330000000125e+02 1.351522730000000081e+02
1.376802859999999953e+02 1.375446469999999977e+02 1.375963109999999858e+02
1.347464940000000126e+02 1.346128260000000125e+02 1.346619910000000004e+02
1.305585020000000043e+02 1.306902259999999956e+02 1.306320120000000031e+02
1.338526679999999942e+02 1.337171339999999873e+02 1.338392639999999858e+02
1.349740630000000010e+02 1.348704730000000040e+02 1.348377920000000074e+02
1.316665040000000033e+02 1.317438539999999989e+02 1.316117340000000127e+02
1.331905549999999891e+02 1.332799159999999858e+02 1.331585829999999930e+02
1.314236669999999947e+02 1.314921919999999886e+02 1.315614640000000009e+02
1.324597119999999961e+02 1.324032660000000021e+02 1.323244129999999927e+02
1.336239060000000052e+02 1.335424820000000068e+02 1.336745510000000081e+02
1.340979949999999974e+02 1.340479359999999929e+02 1.339627160000000003e+02
1.319955600000000118e+02 1.319060189999999864e+02 1.320439200000000142e+02
1.347785120000000063e+02 1.348633429999999862e+02 1.347278570000000002e+02
1.339816810000000089e+02 1.339313199999999995e+02 1.338462859999999921e+02
1.328725120000000004e+02 1.330098099999999874e+02 1.329588160000000130e+02
1.334227740000000040e+02 1.335659699999999930e+02 1.335308980000000076e+02
1.381938179999999932e+02 1.383186379999999929e+02 1.382897490000000005e+02
1.374365490000000136e+02 1.374241890000000126e+02 1.373126790000000028e+02
1.345579329999999914e+02 1.346935850000000130e+02 1.346429090000000031e+02
1.348682110000000023e+02 1.350039950000000033e+02 1.349675949999999887e+02
1.318476550000000032e+02 1.317972029999999961e+02 1.317163199999999961e+02
1.345635969999999872e+02 1.346128260000000125e+02 1.346964299999999923e+02
1.334861769999999979e+02 1.336239060000000052e+02 1.335659699999999930e+02
1.370668530000000089e+02 1.369308580000000006e+02 1.369812740000000133e+02
1.374598770000000059e+02 1.375111469999999940e+02 1.375963109999999858e+02
1.339427949999999896e+02 1.339918659999999875e+02 1.340807330000000093e+02
1.309559370000000058e+02 1.308837699999999984e+02 1.310370259999999973e+02
1.383000000000000114e+02 1.383655730000000119e+02 1.382309030000000121e+02
1.339857519999999909e+02 1.338536970000000110e+02 1.339527099999999962e+02
1.330851389999999981e+02 1.331920810000000017e+02 1.332065189999999859e+02
1.323455539999999928e+02 1.324920970000000011e+02 1.324647870000000012e+02
1.324319989999999905e+02 1.323793139999999937e+02 1.322976390000000038e+02
1.319060189999999864e+02 1.319585199999999929e+02 1.320439200000000142e+02
1.386052310000000034e+02 1.386643620000000112e+02 1.385189279999999883e+02
1.385189279999999883e+02 1.386643620000000112e+02 1.385648889999999938e+02
1.321312230000000056e+02 1.320808089999999879e+02 1.319958849999999870e+02
1.374838049999999896e+02 1.373945479999999861e+02 1.375062650000000133e+02
1.373945479999999861e+02 1.372698599999999942e+02 1.373800099999999986e+02
1.308500109999999950e+02 1.307130929999999864e+02 1.307765640000000076e+02
1.370509600000000034e+02 1.370009410000000116e+02 1.369150740000000042e+02
1.331977249999999913e+02 1.332833980000000054e+02 1.331467260000000010e+02
1.323000000000000114e+02 1.324161220000000014e+02 1.323082609999999875e+02
1.343796389999999974e+02 1.344662899999999865e+02 1.343314880000000073e+02
1.333691750000000127e+02 1.332327029999999866e+02 1.332833980000000054e+02
1.318927529999999990e+02 1.320292100000000062e+02 1.319569539999999961e+02
1.338967059999999947e+02 1.339471920000000011e+02 1.340321450000000141e+02
1.335053910000000030e+02 1.336412740000000099e+02 1.335909149999999954e+02
1.335524629999999888e+02 1.334671749999999975e+02 1.336043239999999912e+02
1.372618370000000141e+02 1.372222240000000113e+02 1.373583810000000085e+02
1.331544130000000052e+02 1.332403089999999963e+02 1.331028159999999900e+02
1.331692150000000083e+02 1.332546040000000005e+02 1.331195429999999931e+02
1.333045649999999966e+02 1.333545619999999872e+02 1.334400510000000111e+02
1.355446220000000039e+02 1.354595390000000066e+02 1.355944639999999879e+02
1.341516609999999901e+02 1.340666929999999866e+02 1.342020899999999983e+02
1.377582879999999932e+02 1.377457410000000095e+02 1.376341580000000135e+02
1.312887580000000014e+02 1.313559930000000122e+02 1.312212079999999901e+02
1.358300020000000075e+02 1.358804419999999880e+02 1.359654769999999928e+02
1.343045710000000099e+02 1.342194309999999859e+02 1.343555900000000065e+02
1.329242279999999994e+02 1.330098099999999874e+02 1.328725120000000004e+02
1.318762450000000115e+02 1.320118999999999971e+02 1.319585199999999929e+02
1.322322479999999985e+02 1.321665680000000123e+02 1.323077409999999929e+02
1.325135809999999879e+02 1.326374329999999873e+02 1.325221779999999967e+02
1.368295779999999979e+02 1.369655520000000024e+02 1.369150740000000042e+02
1.337109210000000132e+02 1.336257929999999874e+02 1.337612680000000012e+02
1.356094740000000058e+02 1.357449100000000044e+02 1.356946020000000033e+02
1.324702699999999993e+02 1.323388579999999877e+02 1.323956379999999911e+02
1.317908199999999965e+02 1.319226429999999937e+02 1.319110839999999882e+02
1.333380009999999913e+02 1.332305810000000008e+02 1.332065189999999859e+02
1.360339160000000049e+02 1.360845759999999984e+02 1.361690539999999885e+02
1.366254840000000002e+02 1.365411019999999951e+02 1.366761099999999942e+02
1.365943829999999934e+02 1.366438390000000140e+02 1.367293740000000071e+02
1.334703580000000045e+02 1.334197560000000067e+02 1.333341719999999953e+02
1.321933290000000056e+02 1.320477009999999893e+02 1.321222940000000108e+02
1.324920970000000011e+02 1.325924219999999991e+02 1.324647870000000012e+02
1.320723729999999989e+02 1.321636149999999930e+02 1.320310200000000123e+02
1.302364000000000033e+02 1.301691199999999924e+02 1.303035849999999982e+02
1.344288420000000031e+02 1.344783799999999871e+02 1.345635969999999872e+02
1.316665040000000033e+02 1.317972029999999961e+02 1.317438539999999989e+02
1.380188449999999989e+02 1.381598569999999881e+02 1.380988389999999981e+02
1.346935850000000130e+02 1.348292810000000088e+02 1.347785120000000063e+02
1.342827200000000119e+02 1.342332800000000077e+02 1.341477730000000008e+02
1.330457749999999919e+02 1.329965489999999875e+02 1.329087780000000123e+02
1.350159500000000037e+02 1.349313659999999970e+02 1.350667259999999885e+02
1.377074039999999968e+02 1.376895470000000046e+02 1.377996489999999881e+02
1.364862990000000025e+02 1.363458239999999932e+02 1.363947379999999896e+02
1.335405389999999954e+02 1.335909149999999954e+02 1.336761930000000120e+02
1.370813870000000065e+02 1.371673289999999952e+02 1.370315229999999929e+02
1.364903079999999989e+02 1.365748399999999947e+02 1.364395829999999989e+02
1.372056959999999890e+02 1.372574429999999950e+02 1.373444399999999916e+02
1.387706839999999886e+02 1.389000000000000057e+02 1.387817560000000014e+02
1.354901460000000100e+02 1.353547199999999862e+02 1.354055130000000133e+02
1.314071649999999920e+02 1.313398850000000095e+02 1.314935079999999914e+02
1.368653889999999933e+02 1.367371960000000115e+02 1.368360690000000091e+02
1.350161479999999870e+02 1.349308910000000026e+02 1.350671330000000125e+02
1.344300810000000013e+02 1.343796389999999974e+02 1.342959649999999954e+02
1.329936040000000048e+02 1.329087220000000116e+02 1.330445090000000050e+02
1.305055199999999900e+02 1.304382400000000075e+02 1.305648759999999982e+02
1.334607080000000110e+02 1.333265829999999994e+02 1.333759159999999895e+02
1.366966840000000047e+02 1.367502230000000054e+02 1.368334930000000043e+02
1.327646279999999877e+02 1.328989939999999876e+02 1.328491720000000100e+02
1.369108980000000031e+02 1.367781040000000132e+02 1.368334930000000043e+02
1.369072639999999978e+02 1.369919050000000027e+02 1.368678040000000067e+02
1.312671809999999937e+02 1.313281240000000025e+02 1.314018230000000074e+02
1.342332800000000077e+02 1.341832780000000014e+02 1.340979949999999974e+02
1.312283070000000009e+02 1.310967970000000093e+02 1.311571559999999863e+02
1.369838780000000042e+02 1.369760630000000106e+02 1.368612249999999904e+02
1.369715009999999893e+02 1.368334930000000043e+02 1.368921620000000132e+02
1.369568250000000091e+02 1.368360690000000091e+02 1.369363800000000140e+02
1.377417269999999974e+02 1.378865389999999991e+02 1.378184709999999882e+02
1.306780390000000125e+02 1.305526629999999955e+02 1.306027990000000045e+02
1.368612249999999904e+02 1.369760630000000106e+02 1.368525820000000124e+02
1.324415820000000110e+02 1.323077409999999929e+02 1.323684419999999875e+02
1.353397349999999904e+02 1.354231220000000064e+02 1.352881480000000067e+02
1.351876980000000117e+02 1.353242030000000113e+02 1.352758289999999874e+02
1.309431559999999877e+02 1.310204280000000097e+02 1.310843879999999899e+02
1.317248380000000054e+02 1.317761590000000069e+02 1.318606540000000109e+02
1.350671330000000125e+02 1.349308910000000026e+02 1.349814059999999927e+02
1.366255999999999915e+02 1.367403370000000109e+02 1.366230170000000044e+02
1.365051840000000141e+02 1.363829929999999990e+02 1.363848889999999869e+02
1.315483560000000125e+02 1.314756280000000004e+02 1.316117340000000127e+02
1.379292330000000106e+02 1.379492970000000014e+02 1.380651330000000030e+02
1.320463570000000004e+02 1.321312230000000056e+02 1.319958849999999870e+02
1.344300810000000013e+02 1.345129049999999893e+02 1.343796389999999974e+02
1.313443249999999978e+02 1.312053249999999878e+02 1.312745590000000107e+02
1.379695659999999862e+02 1.378445089999999880e+02 1.379292330000000106e+02
1.368608739999999955e+02 1.369455879999999866e+02 1.368108330000000024e+02
1.386523270000000139e+02 1.387706839999999886e+02 1.386339120000000094e+02
1.364862990000000025e+02 1.365076549999999997e+02 1.366146200000000022e+02
1.341127710000000093e+02 1.340626870000000110e+02 1.339779240000000016e+02
1.342956810000000019e+02 1.343745910000000094e+02 1.342540779999999927e+02
1.306320120000000031e+02 1.305717999999999961e+02 1.305002020000000016e+02
1.326613460000000089e+02 1.326170089999999959e+02 1.325225230000000067e+02
1.359150140000000135e+02 1.359654769999999928e+02 1.360504239999999925e+02
1.319647710000000131e+02 1.320337260000000015e+02 1.320989109999999869e+02
1.315156000000000063e+02 1.314281070000000113e+02 1.315694509999999866e+02
1.305998050000000035e+02 1.305526629999999955e+02 1.306780390000000125e+02
1.319296630000000050e+02 1.318762450000000115e+02 1.317972029999999961e+02
1.324837449999999990e+02 1.324002240000000086e+02 1.325354319999999859e+02
1.372885819999999910e+02 1.371523809999999912e+02 1.372025280000000009e+02
1.325141549999999881e+02 1.323793139999999937e+02 1.324319989999999905e+02
1.369411890000000085e+02 1.370412179999999864e+02 1.368921620000000132e+02
1.367461549999999875e+02 1.368612249999999904e+02 1.367403370000000109e+02
1.334227740000000040e+02 1.333020280000000071e+02 1.332987320000000011e+02
1.382031709999999975e+02 1.383000000000000114e+02 1.381787789999999916e+02
1.330209089999999890e+02 1.331544130000000052e+02 1.331028159999999900e+02
1.321820700000000102e+02 1.320970739999999921e+02 1.322335820000000126e+02
1.370009410000000116e+02 1.369524370000000033e+02 1.368655200000000036e+02
1.340127239999999915e+02 1.339276749999999936e+02 1.340626870000000110e+02
1.310699860000000001e+02 1.309362050000000011e+02 1.310063240000000064e+02
1.366802429999999902e+02 1.367293740000000071e+02 1.368177809999999965e+02
1.369455879999999866e+02 1.370813870000000065e+02 1.370315229999999929e+02
1.321883929999999907e+02 1.321222940000000108e+02 1.320486620000000073e+02
1.310854449999999929e+02 1.311531430000000000e+02 1.310181750000000136e+02
1.366142460000000085e+02 1.365295069999999953e+02 1.366673309999999901e+02
1.361310389999999870e+02 1.361695839999999862e+02 1.362693600000000060e+02
1.330699769999999944e+02 1.329352649999999869e+02 1.329845889999999997e+02
1.343513979999999890e+02 1.343242119999999886e+02 1.344621510000000058e+02
1.376288940000000025e+02 1.376802859999999953e+02 1.377638190000000122e+02
1.379272379999999885e+02 1.378399239999999963e+02 1.379904070000000047e+02
1.383354400000000055e+02 1.382284370000000138e+02 1.382211200000000133e+02
1.356656089999999892e+02 1.356938519999999926e+02 1.358017140000000040e+02
1.382845880000000136e+02 1.384130849999999953e+02 1.383354400000000055e+02
1.380783350000000098e+02 1.381106430000000103e+02 1.382284370000000138e+02
1.335714600000000019e+02 1.334862459999999942e+02 1.336217350000000010e+02
1.326100800000000106e+02 1.324879060000000095e+02 1.326150189999999895e+02
1.383496969999999919e+02 1.382793690000000026e+02 1.382079589999999882e+02
1.333849779999999896e+02 1.332487559999999860e+02 1.332997369999999933e+02
1.359658180000000129e+02 1.359042049999999904e+02 1.358376900000000091e+02
1.317545900000000074e+02 1.318901480000000106e+02 1.318188299999999913e+02
1.367792070000000137e+02 1.366438390000000140e+02 1.366939820000000054e+02
1.338306430000000091e+02 1.336953359999999975e+02 1.337456730000000107e+02
1.348126939999999934e+02 1.348974640000000136e+02 1.347622159999999951e+02
1.373580129999999997e+02 1.373081099999999992e+02 1.372222260000000063e+02
1.316412190000000066e+02 1.316919699999999978e+02 1.317761590000000069e+02
1.382551349999999957e+02 1.382828309999999874e+02 1.381567970000000116e+02
1.324879060000000095e+02 1.323904870000000074e+02 1.325089049999999986e+02
1.335939820000000111e+02 1.334673410000000047e+02 1.335649280000000090e+02
1.305079729999999927e+02 1.304408830000000137e+02 1.305786420000000021e+02
1.357495159999999998e+02 1.358017140000000040e+02 1.358804199999999867e+02
1.310755929999999978e+02 1.309504959999999869e+02 1.309398099999999943e+02
1.316919699999999978e+02 1.318265370000000019e+02 1.317761590000000069e+02
1.333312500000000114e+02 1.334169970000000092e+02 1.332813620000000014e+02
1.382551349999999957e+02 1.381567970000000116e+02 1.381108590000000049e+02
1.370336760000000140e+02 1.369000000000000057e+02 1.369953160000000025e+02
1.321820700000000102e+02 1.321312230000000056e+02 1.320463570000000004e+02
1.345235930000000053e+02 1.346591889999999978e+02 1.346085260000000119e+02
1.307485340000000065e+02 1.308103790000000117e+02 1.308833740000000034e+02
1.335405389999999954e+02 1.334549949999999967e+02 1.335909149999999954e+02
1.371673519999999940e+02 1.371290309999999977e+02 1.372618370000000141e+02
1.387283610000000067e+02 1.385911189999999920e+02 1.386745050000000106e+02
1.304819779999999980e+02 1.305329299999999932e+02 1.306143969999999968e+02
1.383597359999999981e+02 1.382260599999999897e+02 1.383179989999999862e+02
1.328605890000000045e+02 1.329478990000000067e+02 1.328131899999999916e+02
1.308940939999999955e+02 1.310252549999999871e+02 1.309657019999999932e+02
1.348955949999999859e+02 1.347601579999999899e+02 1.348102309999999875e+02
1.356289240000000120e+02 1.355446220000000039e+02 1.356793619999999976e+02
1.309829019999999957e+02 1.310702430000000049e+02 1.309292259999999999e+02
1.379824329999999861e+02 1.378965650000000096e+02 1.380255449999999939e+02
1.315875299999999868e+02 1.316412190000000066e+02 1.317248380000000054e+02
1.320970739999999921e+02 1.320463570000000004e+02 1.319614980000000060e+02
1.333849779999999896e+02 1.332997369999999933e+02 1.334356919999999889e+02
1.344411120000000039e+02 1.344914870000000064e+02 1.345767769999999928e+02
1.365076549999999997e+02 1.364862990000000025e+02 1.363947379999999896e+02
1.330802309999999977e+02 1.329927439999999876e+02 1.329250360000000057e+02
1.325197300000000098e+02 1.326040319999999895e+02 1.324690290000000061e+02
1.318427110000000084e+02 1.317913110000000074e+02 1.317069239999999866e+02
1.354901460000000100e+02 1.356254999999999882e+02 1.355749470000000088e+02
1.344791610000000048e+02 1.343513979999999890e+02 1.344621510000000058e+02
1.334169970000000092e+02 1.335019069999999886e+02 1.333666039999999953e+02
1.368360690000000091e+02 1.367371960000000115e+02 1.367013289999999870e+02
1.377638190000000122e+02 1.376802859999999953e+02 1.378147950000000037e+02
1.360673240000000135e+02 1.359832639999999913e+02 1.361182699999999954e+02
1.349313659999999970e+02 1.348809219999999982e+02 1.347964760000000126e+02
1.323388579999999877e+02 1.324222000000000037e+02 1.322857659999999953e+02
1.359974430000000041e+02 1.359148370000000057e+02 1.360486699999999871e+02
1.338117230000000006e+02 1.339471920000000011e+02 1.338967059999999947e+02
1.338809689999999932e+02 1.338306430000000091e+02 1.337456730000000107e+02
1.364404110000000117e+02 1.363458239999999932e+02 1.364862990000000025e+02
1.332189349999999877e+02 1.333045649999999966e+02 1.331692150000000083e+02
1.315065580000000125e+02 1.313724379999999883e+02 1.314288119999999935e+02
1.369411890000000085e+02 1.368921620000000132e+02 1.367981049999999925e+02
1.357608030000000099e+02 1.358960150000000056e+02 1.358457459999999912e+02
1.330851389999999981e+02 1.329654669999999896e+02 1.330754459999999995e+02
1.331295210000000111e+02 1.330445090000000050e+02 1.331803459999999859e+02
1.373800099999999986e+02 1.375088660000000118e+02 1.375062650000000133e+02
1.330785620000000051e+02 1.329936040000000048e+02 1.331295210000000111e+02
1.335865949999999884e+02 1.334516120000000114e+02 1.335019069999999886e+02
1.379904070000000047e+02 1.378675130000000024e+02 1.379770049999999912e+02
1.356094740000000058e+02 1.355243969999999933e+02 1.356598639999999989e+02
1.306902259999999956e+02 1.308222350000000063e+02 1.307632110000000125e+02
1.350936179999999922e+02 1.351387789999999995e+02 1.352296640000000139e+02
1.380847719999999867e+02 1.381603810000000010e+02 1.380372110000000134e+02
1.320639459999999872e+02 1.319805949999999939e+02 1.321183179999999879e+02
1.336362369999999942e+02 1.335524629999999888e+02 1.336864989999999977e+02
1.321820700000000102e+02 1.320463570000000004e+02 1.320970739999999921e+02
1.365943829999999934e+02 1.365465230000000076e+02 1.364572019999999952e+02
1.344179629999999861e+02 1.344662899999999865e+02 1.345541069999999877e+02
1.361168690000000083e+02 1.362024839999999983e+02 1.360665089999999964e+02
1.318901480000000106e+02 1.319569539999999961e+02 1.320270060000000001e+02
1.380847719999999867e+02 1.380372110000000134e+02 1.379539460000000020e+02
1.342827200000000119e+02 1.341477730000000008e+02 1.341971039999999959e+02
1.323956379999999911e+02 1.325135809999999879e+02 1.325221779999999967e+02
1.312223820000000103e+02 1.313593189999999993e+02 1.312887580000000014e+02
1.322664399999999887e+02 1.321933290000000056e+02 1.321222940000000108e+02
1.371058449999999880e+02 1.370412179999999864e+02 1.371741240000000062e+02
1.335102960000000110e+02 1.335932540000000017e+02 1.334607080000000110e+02
1.347813710000000071e+02 1.346437919999999906e+02 1.346964299999999923e+02
1.352553990000000113e+02 1.353397349999999904e+02 1.352037239999999940e+02
1.387812710000000038e+02 1.387789589999999862e+02 1.386578210000000126e+02
1.321666759999999954e+02 1.322946369999999945e+02 1.322337540000000047e+02
1.378381359999999916e+02 1.379672280000000057e+02 1.379539460000000020e+02
1.328393259999999998e+02 1.329100809999999910e+02 1.329640699999999924e+02
1.335365689999999859e+02 1.334011999999999887e+02 1.334516120000000114e+02
1.317628880000000038e+02 1.316177619999999990e+02 1.316879470000000083e+02
1.326217340000000036e+02 1.324867690000000096e+02 1.325389020000000073e+02
1.315344519999999875e+02 1.316742749999999944e+02 1.316308870000000013e+02
1.367013289999999870e+02 1.365690250000000106e+02 1.366606559999999888e+02
1.381106430000000103e+02 1.381496319999999969e+02 1.382211200000000133e+02
1.325197300000000098e+02 1.324690290000000061e+02 1.323847959999999944e+02
1.348974640000000136e+02 1.348468670000000031e+02 1.347622159999999951e+02
1.337529030000000034e+02 1.337235139999999944e+02 1.338536970000000110e+02
1.312877530000000093e+02 1.313719189999999912e+02 1.312237900000000081e+02
1.359658180000000129e+02 1.360161860000000047e+02 1.361002430000000061e+02
1.329352649999999869e+02 1.328491720000000100e+02 1.329845889999999997e+02
1.353242030000000113e+02 1.353735969999999895e+02 1.354595390000000066e+02
1.358376900000000091e+02 1.357610740000000078e+02 1.357115819999999928e+02
1.371365189999999927e+02 1.370009410000000116e+02 1.370509600000000034e+02
1.316953100000000063e+02 1.318246990000000096e+02 1.317545900000000074e+02
1.322956169999999929e+02 1.323985629999999958e+02 1.322603860000000111e+02
1.357953440000000001e+02 1.357103580000000136e+02 1.358457459999999912e+02
1.321749199999999860e+02 1.322603860000000111e+02 1.322975710000000049e+02
1.387779679999999871e+02 1.387706839999999886e+02 1.386523270000000139e+02
1.326885090000000105e+02 1.326377549999999985e+02 1.325533580000000029e+02
1.325089049999999986e+02 1.323904870000000074e+02 1.324210620000000063e+02
1.374888750000000073e+02 1.374580949999999859e+02 1.375834700000000055e+02
1.372379709999999875e+02 1.371523809999999912e+02 1.372885819999999910e+02
1.305329299999999932e+02 1.306698670000000106e+02 1.306143969999999968e+02
1.374373349999999903e+02 1.373877310000000023e+02 1.373006179999999858e+02
1.336613189999999918e+02 1.335649280000000090e+02 1.335308980000000076e+02
1.343764160000000061e+02 1.343513979999999890e+02 1.344791610000000048e+02
1.343687319999999943e+02 1.344179629999999861e+02 1.345046260000000018e+02
1.329244759999999985e+02 1.328395160000000033e+02 1.329743200000000058e+02
1.363903280000000109e+02 1.364769259999999917e+02 1.363392560000000060e+02
1.355091649999999959e+02 1.354235920000000135e+02 1.355591699999999946e+02
1.323484440000000006e+02 1.322976390000000038e+02 1.322121689999999887e+02
1.327872989999999902e+02 1.326504390000000058e+02 1.327029540000000054e+02
1.364404110000000117e+02 1.363014670000000024e+02 1.363458239999999932e+02
1.346429090000000031e+02 1.345924239999999941e+02 1.345074270000000070e+02
1.335558450000000050e+02 1.335053910000000030e+02 1.334197560000000067e+02
1.384097549999999899e+02 1.382828309999999874e+02 1.383862589999999955e+02
1.368495650000000126e+02 1.369411890000000085e+02 1.367981049999999925e+02
1.309431559999999877e+02 1.308016450000000077e+02 1.308780370000000062e+02
1.375774030000000039e+02 1.376597230000000138e+02 1.375271079999999984e+02
1.319457490000000064e+02 1.318966169999999920e+02 1.318105889999999931e+02
1.313281240000000025e+02 1.312748090000000047e+02 1.313876300000000015e+02
1.308837699999999984e+02 1.307467269999999928e+02 1.308143100000000061e+02
1.337769429999999886e+02 1.339125040000000126e+02 1.338621050000000139e+02
1.340286330000000135e+02 1.341127710000000093e+02 1.339779240000000016e+02
1.312898069999999962e+02 1.312283070000000009e+02 1.311571559999999863e+02
1.387817560000000014e+02 1.387977490000000103e+02 1.386745050000000106e+02
1.335659699999999930e+02 1.337171339999999873e+02 1.336460270000000037e+02
1.375595950000000016e+02 1.376069190000000049e+02 1.376947309999999902e+02
1.355590689999999938e+02 1.355076019999999914e+02 1.354231220000000064e+02
1.372222240000000113e+02 1.370917239999999993e+02 1.371788050000000112e+02
1.318265370000000019e+02 1.319111379999999940e+02 1.317761590000000069e+02
1.360550250000000005e+02 1.359199460000000101e+02 1.360164660000000083e+02
1.375487320000000011e+02 1.376609159999999861e+02 1.375359390000000133e+02
1.356946020000000033e+02 1.358300020000000075e+02 1.357796979999999962e+02
1.322650219999999877e+02 1.321296769999999867e+02 1.321803800000000138e+02
1.362028119999999944e+02 1.362877990000000068e+02 1.361517809999999997e+02
1.377166019999999946e+02 1.375773020000000031e+02 1.376113609999999881e+02
1.317545900000000074e+02 1.318246990000000096e+02 1.318901480000000106e+02
1.362876650000000041e+02 1.361829180000000008e+02 1.361494490000000042e+02
1.324032660000000021e+02 1.325435860000000048e+02 1.324920970000000011e+02
1.347964760000000126e+02 1.348809219999999982e+02 1.347464940000000126e+02
1.351176440000000127e+02 1.350667259999999885e+02 1.349821000000000026e+02
1.366388389999999902e+02 1.365082580000000121e+02 1.366050329999999917e+02
1.335865949999999884e+02 1.336362369999999942e+02 1.337209310000000073e+02
1.377133110000000045e+02 1.378002400000000023e+02 1.376597230000000138e+02
1.389000000000000057e+02 1.389000000000000057e+02 1.387817560000000014e+02
1.369953160000000025e+02 1.368653889999999933e+02 1.369568250000000091e+02
1.369655520000000024e+02 1.371016720000000078e+02 1.370509600000000034e+02
1.354293169999999975e+02 1.353004640000000052e+02 1.353944649999999967e+02
1.354948609999999860e+02 1.353944649999999967e+02 1.353497989999999902e+02
1.334356919999999889e+02 1.335714600000000019e+02 1.335209820000000036e+02
1.360550250000000005e+02 1.360164660000000083e+02 1.361494490000000042e+02
1.322322479999999985e+02 1.323077409999999929e+02 1.323783520000000067e+02
1.344386210000000119e+02 1.344892220000000123e+02 1.345741620000000012e+02
1.337922389999999950e+02 1.336567279999999869e+02 1.337069879999999955e+02
1.309546620000000132e+02 1.310252549999999871e+02 1.308940939999999955e+02
1.320337260000000015e+02 1.321070620000000133e+02 1.321666759999999954e+02
1.330445090000000050e+02 1.329087220000000116e+02 1.329594370000000083e+02
1.336716759999999908e+02 1.337209310000000073e+02 1.338068000000000097e+02
1.317580429999999865e+02 1.318427110000000084e+02 1.317069239999999866e+02
1.355692840000000103e+02 1.354467109999999934e+02 1.354567140000000052e+02
1.365943829999999934e+02 1.367293740000000071e+02 1.366802429999999902e+02
1.357495159999999998e+02 1.356106450000000052e+02 1.356656089999999892e+02
1.341861450000000104e+02 1.341013949999999966e+02 1.342366169999999954e+02
1.352024930000000040e+02 1.352877059999999858e+02 1.351517489999999952e+02
1.371788050000000112e+02 1.370917239999999993e+02 1.370476250000000107e+02
1.330716119999999876e+02 1.329399339999999938e+02 1.329927439999999876e+02
1.313443249999999978e+02 1.312745590000000107e+02 1.314115060000000028e+02
1.334673410000000047e+02 1.334436399999999878e+02 1.335649280000000090e+02
1.332403089999999963e+02 1.331905549999999891e+02 1.331028159999999900e+02
1.314311940000000050e+02 1.314903480000000116e+02 1.315504229999999950e+02
1.367317050000000052e+02 1.368427210000000116e+02 1.367230360000000076e+02
1.357495159999999998e+02 1.356656089999999892e+02 1.358017140000000040e+02
1.316957669999999894e+02 1.316263610000000028e+02 1.317621330000000057e+02
1.324210620000000063e+02 1.324578109999999924e+02 1.325481910000000028e+02
1.322008250000000089e+02 1.320639459999999872e+02 1.321183179999999879e+02
1.323793139999999937e+02 1.323244129999999927e+02 1.322452570000000094e+02
1.357635999999999967e+02 1.356289240000000120e+02 1.356793619999999976e+02
1.375256610000000137e+02 1.373945429999999988e+02 1.374888750000000073e+02
1.351265080000000012e+02 1.350539569999999969e+02 1.352059539999999913e+02
1.325533580000000029e+02 1.326377549999999985e+02 1.325024769999999990e+02
1.344063620000000014e+02 1.344569419999999980e+02 1.345419119999999964e+02
1.377457410000000095e+02 1.378551830000000109e+02 1.377303379999999891e+02
1.321222940000000108e+02 1.319777540000000045e+02 1.320486620000000073e+02
1.345363879999999881e+02 1.344058070000000100e+02 1.345064069999999958e+02
1.331920810000000017e+02 1.333020280000000071e+02 1.333107139999999902e+02
1.346095109999999977e+02 1.345064069999999958e+02 1.344791610000000048e+02
1.316665040000000033e+02 1.316117340000000127e+02 1.315363480000000038e+02
1.308143100000000061e+02 1.308313499999999863e+02 1.309398099999999943e+02
1.372222260000000063e+02 1.370865729999999871e+02 1.371365189999999927e+02
1.313559930000000122e+02 1.312898069999999962e+02 1.312212079999999901e+02
1.315483560000000125e+02 1.316117340000000127e+02 1.316879470000000083e+02
1.303036800000000142e+02 1.302364000000000033e+02 1.303723830000000135e+02
1.332096390000000099e+02 1.330716119999999876e+02 1.331114540000000090e+02
1.375111469999999940e+02 1.375614290000000040e+02 1.376481679999999983e+02
1.357270949999999914e+02 1.357788639999999987e+02 1.358624969999999905e+02
1.358837190000000135e+02 1.360161860000000047e+02 1.359658180000000129e+02
1.323783520000000067e+02 1.323077409999999929e+02 1.324415820000000110e+02
1.307790200000000027e+02 1.306461079999999981e+02 1.307130929999999864e+02
1.353611229999999921e+02 1.354103090000000122e+02 1.354943189999999902e+02
1.370377980000000093e+02 1.371229140000000086e+02 1.369919050000000027e+02
1.338536970000000110e+02 1.337235139999999944e+02 1.338238699999999994e+02
1.365943829999999934e+02 1.366802429999999902e+02 1.365465230000000076e+02
1.313591560000000129e+02 1.314236669999999947e+02 1.314903480000000116e+02
1.345129049999999893e+02 1.346446310000000040e+02 1.346023480000000063e+02
1.303676490000000001e+02 1.304278610000000072e+02 1.305002020000000016e+02
1.357635999999999967e+02 1.358481130000000121e+02 1.357121229999999912e+02
1.317409550000000138e+02 1.316919699999999978e+02 1.316047039999999981e+02
1.338424500000000137e+02 1.337570910000000026e+02 1.338926539999999932e+02
1.372222240000000113e+02 1.371788050000000112e+02 1.373201359999999909e+02
1.311531430000000000e+02 1.312223820000000103e+02 1.312887580000000014e+02
1.367605770000000120e+02 1.366761099999999942e+02 1.368108330000000024e+02
1.357294909999999959e+02 1.358646359999999902e+02 1.358141899999999964e+02
1.322545130000000029e+02 1.321749199999999860e+02 1.322975710000000049e+02
1.380847719999999867e+02 1.379672280000000057e+02 1.380791429999999878e+02
1.328611099999999965e+02 1.328074049999999886e+02 1.327290439999999876e+02
1.381938179999999932e+02 1.381661789999999996e+02 1.380651330000000030e+02
1.355409070000000042e+02 1.354564829999999915e+02 1.355918650000000127e+02
1.330718119999999942e+02 1.329537070000000085e+02 1.329640699999999924e+02
1.323956379999999911e+02 1.323979150000000118e+02 1.325135809999999879e+02
1.308689249999999902e+02 1.308016450000000077e+02 1.309431559999999877e+02
1.301691199999999924e+02 1.301018400000000099e+02 1.302344579999999894e+02
1.330716119999999876e+02 1.329927439999999876e+02 1.331114540000000090e+02
1.333045649999999966e+02 1.334400510000000111e+02 1.333899690000000078e+02
1.380029509999999959e+02 1.378688980000000015e+02 1.379272379999999885e+02
1.324002240000000086e+02 1.322650219999999877e+02 1.323161000000000058e+02
1.313398850000000095e+02 1.312726049999999987e+02 1.314140590000000088e+02
1.379785139999999899e+02 1.381063420000000121e+02 1.380791429999999878e+02
1.309546620000000132e+02 1.310875110000000063e+02 1.310252549999999871e+02
1.354943189999999902e+02 1.355446220000000039e+02 1.356289240000000120e+02
1.321933290000000056e+02 1.322664399999999887e+02 1.323455539999999928e+02
1.314935079999999914e+02 1.313398850000000095e+02 1.314140590000000088e+02
1.363829929999999990e+02 1.362693600000000060e+02 1.362660879999999963e+02
1.376467189999999903e+02 1.377582879999999932e+02 1.376341580000000135e+02
1.382845880000000136e+02 1.383354400000000055e+02 1.382211200000000133e+02
1.316719239999999900e+02 1.315300860000000114e+02 1.315504229999999950e+02
1.340826549999999884e+02 1.341330739999999935e+02 1.342181199999999990e+02
1.386604020000000048e+02 1.386523270000000139e+02 1.385342489999999884e+02
1.349740630000000010e+02 1.348377920000000074e+02 1.349330860000000030e+02
1.340666929999999866e+02 1.339816810000000089e+02 1.341171249999999873e+02
1.364738110000000120e+02 1.366090049999999962e+02 1.365585680000000082e+02
1.343912320000000022e+02 1.343045710000000099e+02 1.344411120000000039e+02
1.328131899999999916e+02 1.327646279999999877e+02 1.326802820000000054e+02
1.327987640000000056e+02 1.329352649999999869e+02 1.328871709999999950e+02
1.325670409999999890e+02 1.324319989999999905e+02 1.324837449999999990e+02
1.359042049999999904e+02 1.359658180000000129e+02 1.360529139999999870e+02
1.332046349999999961e+02 1.333400049999999908e+02 1.332902349999999956e+02
1.360159960000000012e+02 1.358804419999999880e+02 1.359308560000000057e+02
1.372222260000000063e+02 1.373081099999999992e+02 1.371721440000000030e+02
1.362368669999999895e+02 1.361517849999999896e+02 1.362880289999999945e+02
1.313868119999999919e+02 1.315344519999999875e+02 1.315013539999999921e+02
1.339627160000000003e+02 1.340479359999999929e+02 1.339125040000000126e+02
1.313408110000000022e+02 1.312546440000000132e+02 1.313904670000000010e+02
1.366438390000000140e+02 1.365585680000000082e+02 1.366939820000000054e+02
1.352374820000000000e+02 1.351876980000000117e+02 1.351012200000000121e+02
1.348102309999999875e+02 1.346753080000000011e+02 1.347258960000000059e+02
1.339816810000000089e+02 1.338967059999999947e+02 1.340321450000000141e+02
1.363043260000000032e+02 1.362536010000000033e+02 1.361690539999999885e+02
1.356943789999999979e+02 1.356600459999999941e+02 1.357972860000000139e+02
1.339156419999999912e+02 1.339660820000000001e+02 1.340510250000000099e+02
1.327893640000000062e+02 1.326545529999999928e+02 1.327050839999999994e+02
1.345235930000000053e+02 1.346085260000000119e+02 1.344729279999999960e+02
1.379468469999999911e+02 1.380029509999999959e+02 1.380771729999999877e+02
1.353069079999999929e+02 1.351672409999999900e+02 1.352100340000000074e+02
1.351672409999999900e+02 1.352553990000000113e+02 1.351178529999999967e+02
1.342538509999999974e+02 1.343912320000000022e+02 1.343437680000000114e+02
1.383000000000000114e+02 1.382309030000000121e+02 1.381787789999999916e+02
1.334703580000000045e+02 1.333341719999999953e+02 1.333849779999999896e+02
1.358646359999999902e+02 1.359998669999999947e+02 1.359493589999999870e+02
1.327713520000000074e+02 1.327254509999999925e+02 1.326330169999999953e+02
1.358960150000000056e+02 1.359811550000000011e+02 1.358457459999999912e+02
1.311531430000000000e+02 1.312887580000000014e+02 1.312212079999999901e+02
1.340510250000000099e+02 1.339660820000000001e+02 1.341013949999999966e+02
1.310702430000000049e+02 1.311556889999999953e+02 1.310362519999999904e+02
1.370865729999999871e+02 1.371721440000000030e+02 1.370377980000000093e+02
1.314471619999999916e+02 1.315344519999999875e+02 1.313868119999999919e+02
1.336916610000000105e+02 1.336412740000000099e+02 1.335558450000000050e+02
1.356254999999999882e+02 1.355409070000000042e+02 1.356761720000000082e+02
1.333341719999999953e+02 1.332833980000000054e+02 1.331977249999999913e+02
1.342332800000000077e+02 1.340979949999999974e+02 1.341477730000000008e+02
1.353091279999999870e+02 1.352313080000000127e+02 1.351893870000000106e+02
1.322545130000000029e+02 1.321183179999999879e+02 1.321749199999999860e+02
1.305084879999999998e+02 1.305717999999999961e+02 1.306430080000000089e+02
1.322352730000000065e+02 1.321563409999999976e+02 1.322778279999999995e+02
1.345834199999999896e+02 1.344791610000000048e+02 1.344621510000000058e+02
1.311556889999999953e+02 1.312877530000000093e+02 1.312237900000000081e+02
1.352374820000000000e+02 1.351012200000000121e+02 1.351517489999999952e+02
1.385291009999999972e+02 1.383759019999999964e+02 1.384388659999999902e+02
1.310252549999999871e+02 1.310875110000000063e+02 1.311571559999999863e+02
1.327390460000000019e+02 1.326545529999999928e+02 1.327893640000000062e+02
1.376288940000000025e+02 1.377638190000000122e+02 1.377133110000000045e+02
1.332065189999999859e+02 1.331920810000000017e+02 1.333107139999999902e+02
1.310362519999999904e+02 1.310755929999999978e+02 1.309398099999999943e+02
1.352457809999999938e+02 1.351265080000000012e+02 1.352059539999999913e+02
1.329743200000000058e+02 1.330236189999999965e+02 1.331104190000000074e+02
1.338875480000000096e+02 1.337625309999999956e+02 1.338526679999999942e+02
1.364395829999999989e+02 1.363889540000000125e+02 1.363043260000000032e+02
1.312014979999999866e+02 1.311424370000000010e+02 1.312748090000000047e+02
1.355612810000000081e+02 1.355253710000000069e+02 1.356600459999999941e+02
1.328871709999999950e+02 1.330209089999999890e+02 1.329718900000000019e+02
1.326708380000000034e+02 1.326191460000000006e+02 1.325354319999999859e+02
1.376246050000000025e+02 1.376113609999999881e+02 1.375062650000000133e+02
1.323052299999999946e+02 1.322956169999999929e+02 1.322055239999999969e+02
1.329244759999999985e+02 1.329743200000000058e+02 1.330602710000000002e+02
1.319560370000000091e+02 1.320292100000000062e+02 1.318927529999999990e+02
1.382973189999999875e+02 1.383766300000000058e+02 1.384388659999999902e+02
1.346247470000000135e+02 1.347601579999999899e+02 1.347097689999999943e+02
1.311601499999999874e+02 1.310990480000000105e+02 1.312302770000000010e+02
1.382374090000000137e+02 1.382973189999999875e+02 1.383759019999999964e+02
1.313719189999999912e+02 1.314666540000000055e+02 1.313250480000000096e+02
1.329087220000000116e+02 1.328238210000000095e+02 1.329594370000000083e+02
1.330699769999999944e+02 1.331195429999999931e+02 1.332046349999999961e+02
1.356094740000000058e+02 1.356946020000000033e+02 1.355591699999999946e+02
1.350539569999999969e+02 1.349596630000000062e+02 1.351033449999999903e+02
1.374741270000000100e+02 1.373384049999999945e+02 1.373877310000000023e+02
1.341352709999999888e+02 1.340004859999999951e+02 1.340510250000000099e+02
1.313724379999999883e+02 1.312302770000000010e+02 1.313088659999999948e+02
1.319111379999999940e+02 1.319958849999999870e+02 1.318606540000000109e+02
1.341127710000000093e+02 1.341971039999999959e+02 1.340626870000000110e+02
1.362729530000000011e+02 1.362603359999999952e+02 1.361500890000000084e+02
1.363384049999999945e+02 1.364235950000000059e+02 1.362877990000000068e+02
1.323538800000000037e+02 1.323455539999999928e+02 1.324647870000000012e+02
1.340979949999999974e+02 1.339627160000000003e+02 1.340127239999999915e+02
1.362603359999999952e+02 1.363876180000000033e+02 1.363848889999999869e+02
1.372379709999999875e+02 1.372885819999999910e+02 1.373744900000000086e+02
1.332459859999999878e+02 1.331604690000000062e+02 1.332944459999999935e+02
1.356943789999999979e+02 1.355612810000000081e+02 1.356600459999999941e+02
1.359305080000000032e+02 1.360246129999999880e+02 1.358804199999999867e+02
1.322956169999999929e+02 1.322603860000000111e+02 1.321630059999999958e+02
1.352296640000000139e+02 1.353091279999999870e+02 1.351893870000000106e+02
1.324873159999999928e+02 1.323679950000000076e+02 1.323783520000000067e+02
1.319047979999999995e+02 1.319767380000000117e+02 1.320486620000000073e+02
1.350328680000000077e+02 1.351176440000000127e+02 1.349821000000000026e+02
1.327064259999999933e+02 1.328383939999999939e+02 1.327931710000000010e+02
1.326915219999999920e+02 1.327064259999999933e+02 1.327931710000000010e+02
1.356946020000000033e+02 1.357449100000000044e+02 1.358300020000000075e+02
1.373451640000000111e+02 1.373006179999999858e+02 1.372177340000000072e+02
1.309829019999999957e+02 1.308500109999999950e+02 1.309076660000000061e+02
1.353091279999999870e+02 1.353762370000000033e+02 1.352313080000000127e+02
1.371229140000000086e+02 1.372574429999999950e+02 1.372056959999999890e+02
1.335019069999999886e+02 1.334516120000000114e+02 1.333666039999999953e+02
1.324161220000000014e+02 1.325322449999999890e+02 1.324205579999999998e+02
1.338809689999999932e+02 1.337456730000000107e+02 1.337959240000000136e+02
1.316963199999999858e+02 1.317654870000000074e+02 1.318328869999999995e+02
1.384540709999999990e+02 1.383179989999999862e+02 1.384097549999999899e+02
1.325481910000000028e+02 1.325867120000000057e+02 1.326915219999999920e+02
1.378002400000000023e+02 1.379395069999999919e+02 1.378865389999999991e+02
1.361494490000000042e+02 1.361826079999999877e+02 1.362687549999999987e+02
1.352881480000000067e+02 1.353721370000000093e+02 1.352367519999999956e+02
1.347278570000000002e+02 1.348633429999999862e+02 1.348126939999999934e+02
1.338462859999999921e+02 1.339313199999999995e+02 1.337959240000000136e+02
1.366050329999999917e+02 1.365082580000000121e+02 1.364730700000000070e+02
1.307790200000000027e+02 1.308500109999999950e+02 1.309292259999999999e+02
1.367738970000000052e+02 1.368678040000000067e+02 1.367478240000000085e+02
1.317908199999999965e+02 1.316514369999999872e+02 1.317766660000000059e+02
1.378494499999999903e+02 1.377638190000000122e+02 1.378965650000000096e+02
1.351037640000000124e+02 1.352313080000000127e+02 1.352145060000000001e+02
1.343745910000000094e+02 1.343242119999999886e+02 1.342540779999999927e+02
1.307343649999999968e+02 1.306670849999999859e+02 1.308110670000000084e+02
1.321296769999999867e+02 1.319955600000000118e+02 1.320439200000000142e+02
1.330785620000000051e+02 1.329424439999999947e+02 1.329936040000000048e+02
1.336864989999999977e+02 1.335524629999999888e+02 1.336043239999999912e+02
1.319226429999999937e+02 1.317908199999999965e+02 1.317766660000000059e+02
1.349481220000000121e+02 1.350837030000000141e+02 1.350328680000000077e+02
1.323082609999999875e+02 1.323052299999999946e+02 1.321744930000000124e+02
1.360164660000000083e+02 1.359042049999999904e+02 1.360529139999999870e+02
1.364078000000000088e+02 1.362876650000000041e+02 1.364005160000000103e+02
1.350667259999999885e+02 1.349313659999999970e+02 1.349821000000000026e+02
1.326330169999999953e+02 1.325924219999999991e+02 1.324920970000000011e+02
1.312898069999999962e+02 1.314236669999999947e+02 1.313591560000000129e+02
1.341190330000000017e+02 1.340862630000000024e+02 1.342237690000000043e+02
1.299672799999999881e+02 1.300345599999999990e+02 1.300993599999999901e+02
1.330209089999999890e+02 1.330699769999999944e+02 1.331544130000000052e+02
1.363458239999999932e+02 1.362166919999999948e+02 1.362693600000000060e+02
1.334607080000000110e+02 1.335932540000000017e+02 1.335424820000000068e+02
1.352100340000000074e+02 1.352457809999999938e+02 1.353434599999999932e+02
1.333790889999999933e+02 1.332459859999999878e+02 1.332944459999999935e+02
1.312546440000000132e+02 1.311199740000000133e+02 1.311722460000000012e+02
1.363550889999999924e+02 1.364059259999999938e+02 1.364903079999999989e+02
1.374795200000000079e+02 1.374199380000000019e+02 1.373444399999999916e+02
1.377020559999999989e+02 1.375683799999999906e+02 1.376582390000000089e+02
1.312283070000000009e+02 1.312898069999999962e+02 1.313591560000000129e+02
1.319050650000000076e+02 1.318345500000000072e+02 1.319777540000000045e+02
1.313281240000000025e+02 1.312014979999999866e+02 1.312748090000000047e+02
1.358481130000000121e+02 1.357975120000000118e+02 1.357121229999999912e+02
1.338238699999999994e+02 1.337907979999999952e+02 1.339242560000000140e+02
1.338875480000000096e+02 1.338526679999999942e+02 1.339665459999999939e+02
1.358017140000000040e+02 1.359305080000000032e+02 1.358804199999999867e+02
1.354467109999999934e+02 1.353069079999999929e+02 1.353434599999999932e+02
1.357103580000000136e+02 1.356254999999999882e+02 1.357608030000000099e+02
1.325141549999999881e+02 1.325670409999999890e+02 1.326504390000000058e+02
1.374838049999999896e+02 1.373451640000000111e+02 1.373945479999999861e+02
1.336606299999999976e+02 1.335253270000000043e+02 1.335755169999999907e+02
1.379587080000000014e+02 1.379260040000000060e+02 1.380589319999999987e+02
1.328425290000000132e+02 1.328393259999999998e+02 1.329537070000000085e+02
1.337570910000000026e+02 1.336716759999999908e+02 1.338068000000000097e+02
1.347464940000000126e+02 1.348308830000000000e+02 1.346964299999999923e+02
1.328393259999999998e+02 1.327327699999999879e+02 1.326915219999999920e+02
1.378368260000000021e+02 1.377166019999999946e+02 1.378381359999999916e+02
1.347442690000000027e+02 1.346591889999999978e+02 1.347949050000000000e+02
1.312745590000000107e+02 1.312043700000000115e+02 1.313395020000000102e+02
1.361500890000000084e+02 1.361271989999999903e+02 1.360246129999999880e+02
1.372177340000000072e+02 1.371673289999999952e+02 1.370813870000000065e+02
1.342707090000000107e+02 1.341352709999999888e+02 1.341861450000000104e+02
1.337282350000000122e+02 1.338120020000000068e+02 1.336745510000000081e+02
1.325354319999999859e+02 1.324002240000000086e+02 1.324514269999999954e+02
1.333899690000000078e+02 1.334752750000000106e+02 1.333400049999999908e+02
1.332687050000000113e+02 1.332189349999999877e+02 1.331326559999999972e+02
1.383496969999999919e+02 1.384187379999999905e+02 1.382793690000000026e+02
1.318606540000000109e+02 1.319457490000000064e+02 1.318105889999999931e+02
1.389000000000000057e+02 1.389000000000000057e+02 1.387977490000000103e+02
1.307765640000000076e+02 1.306430080000000089e+02 1.307042979999999943e+02
1.358300020000000075e+02 1.357449100000000044e+02 1.358804419999999880e+02
1.335932540000000017e+02 1.336447039999999902e+02 1.337282350000000122e+02
1.376341580000000135e+02 1.377457410000000095e+02 1.376246050000000025e+02
1.353919109999999932e+02 1.353397349999999904e+02 1.352553990000000113e+02
1.343375139999999988e+02 1.344729279999999960e+02 1.344224499999999978e+02
1.318427110000000084e+02 1.318984780000000114e+02 1.319805949999999939e+02
1.381063420000000121e+02 1.382031709999999975e+02 1.380791429999999878e+02
1.374086159999999950e+02 1.375446469999999977e+02 1.374934670000000096e+02
1.309485080000000039e+02 1.310854449999999929e+02 1.310181750000000136e+02
1.327898879999999906e+02 1.327290439999999876e+02 1.326498339999999985e+02
1.350499250000000018e+02 1.349141559999999913e+02 1.349650860000000137e+02
1.341171249999999873e+02 1.341676019999999880e+02 1.342525180000000091e+02
1.361168690000000083e+02 1.362526609999999891e+02 1.362024839999999983e+02
1.320639459999999872e+02 1.319271999999999991e+02 1.319805949999999939e+02
1.378147950000000037e+02 1.377327909999999918e+02 1.378688980000000015e+02
1.327390460000000019e+02 1.326885090000000105e+02 1.326040319999999895e+02
1.343719509999999957e+02 1.344224499999999978e+02 1.345074270000000070e+02
1.313395020000000102e+02 1.312671809999999937e+02 1.314018230000000074e+02
1.380029509999999959e+02 1.381393150000000105e+02 1.380771729999999877e+02
1.324181949999999972e+02 1.324690290000000061e+02 1.325533580000000029e+02
1.322650219999999877e+02 1.322121689999999887e+02 1.321296769999999867e+02
1.375963109999999858e+02 1.375111469999999940e+02 1.376481679999999983e+02
1.355918650000000127e+02 1.357270949999999914e+02 1.356761720000000082e+02
1.313250480000000096e+02 1.314666540000000055e+02 1.314288119999999935e+02
1.312546440000000132e+02 1.311722460000000012e+02 1.313033140000000003e+02
1.336063240000000008e+02 1.335209820000000036e+02 1.336567279999999869e+02
1.374888750000000073e+02 1.373945429999999988e+02 1.373583810000000085e+02
1.320967699999999923e+02 1.322322479999999985e+02 1.321563409999999976e+02
1.300345599999999990e+02 1.299672799999999881e+02 1.300993599999999901e+02
1.377384059999999977e+02 1.377786759999999902e+02 1.378675130000000024e+02
1.331467260000000010e+02 1.332327029999999866e+02 1.330959789999999998e+02
1.336567279999999869e+02 1.335714600000000019e+02 1.337069879999999955e+02
1.363829929999999990e+02 1.365076549999999997e+02 1.363947379999999896e+02
1.356961569999999995e+02 1.356106450000000052e+02 1.357495159999999998e+02
1.358624969999999905e+02 1.359974430000000041e+02 1.359464749999999924e+02
1.334356919999999889e+02 1.334862459999999942e+02 1.335714600000000019e+02
1.377384059999999977e+02 1.378675130000000024e+02 1.378399239999999963e+02
1.352313080000000127e+02 1.353497989999999902e+02 1.352145060000000001e+02
1.355253710000000069e+02 1.354293169999999975e+02 1.353944649999999967e+02
1.326317779999999971e+02 1.327136500000000012e+02 1.325781650000000127e+02
1.329424439999999947e+02 1.330273339999999962e+02 1.328910490000000095e+02
1.353004640000000052e+02 1.352657820000000015e+02 1.353944649999999967e+02
1.367502230000000054e+02 1.366142460000000085e+02 1.366673309999999901e+02
1.325197300000000098e+02 1.324355759999999975e+02 1.325704969999999889e+02
1.359752430000000061e+02 1.358329249999999888e+02 1.358804199999999867e+02
1.389000000000000057e+02 1.387630629999999883e+02 1.387283610000000067e+02
1.338272760000000119e+02 1.339125040000000126e+02 1.337769429999999886e+02
1.364059259999999938e+02 1.363215490000000045e+02 1.364570219999999949e+02
1.307467269999999928e+02 1.306780390000000125e+02 1.308143100000000061e+02
1.320270060000000001e+02 1.320876069999999913e+02 1.321630059999999958e+02
1.367268239999999935e+02 1.368608739999999955e+02 1.368108330000000024e+02
1.370894380000000012e+02 1.372016340000000127e+02 1.370804310000000044e+02
1.318331980000000101e+02 1.316961609999999894e+02 1.317908199999999965e+02
1.336257929999999874e+02 1.336761930000000120e+02 1.337612680000000012e+02
1.328131899999999916e+02 1.329478990000000067e+02 1.328989939999999876e+02
1.335755169999999907e+02 1.336257929999999874e+02 1.337109210000000132e+02
1.377582879999999932e+02 1.378692210000000102e+02 1.377457410000000095e+02
1.349001759999999877e+02 1.347975490000000036e+02 1.347685270000000060e+02
1.327713520000000074e+02 1.326330169999999953e+02 1.326829140000000109e+02
1.328871709999999950e+02 1.329718900000000019e+02 1.328383939999999939e+02
1.318331980000000101e+02 1.317908199999999965e+02 1.319110839999999882e+02
1.374433769999999981e+02 1.375774030000000039e+02 1.375271079999999984e+02
1.338272760000000119e+02 1.336916610000000105e+02 1.337419999999999902e+02
1.334046859999999981e+02 1.335405389999999954e+02 1.334902419999999950e+02
1.359199460000000101e+02 1.358235439999999983e+02 1.357972860000000139e+02
1.326217340000000036e+02 1.327050839999999994e+02 1.325704969999999889e+02
1.379395069999999919e+02 1.379824329999999861e+02 1.380783350000000098e+02
1.356938519999999926e+02 1.356656089999999892e+02 1.355752549999999985e+02
1.355590689999999938e+02 1.354734510000000114e+02 1.356106450000000052e+02
1.332799159999999858e+02 1.332062339999999949e+02 1.331585829999999930e+02
1.359327959999999962e+02 1.360161860000000047e+02 1.358837190000000135e+02
1.342491929999999911e+02 1.341190330000000017e+02 1.342237690000000043e+02
1.344892220000000123e+02 1.344041489999999897e+02 1.345397869999999898e+02
1.367738970000000052e+02 1.369072639999999978e+02 1.368678040000000067e+02
1.350022140000000093e+02 1.349001759999999877e+02 1.348704730000000040e+02
1.372567139999999881e+02 1.371058449999999880e+02 1.371741240000000062e+02
1.358300020000000075e+02 1.359654769999999928e+02 1.359150140000000135e+02
1.360339160000000049e+02 1.358988080000000025e+02 1.359493589999999870e+02
1.320337260000000015e+02 1.321666759999999954e+02 1.320989109999999869e+02
1.354595390000000066e+02 1.355091649999999959e+02 1.355944639999999879e+02
1.385342489999999884e+02 1.386523270000000139e+02 1.385218950000000007e+02
1.360486699999999871e+02 1.361271989999999903e+02 1.361695839999999862e+02
1.330236189999999965e+02 1.330716119999999876e+02 1.331604690000000062e+02
1.378445089999999880e+02 1.377074039999999968e+02 1.377996489999999881e+02
1.378865389999999991e+02 1.379492970000000014e+02 1.378184709999999882e+02
1.370384889999999984e+02 1.369108980000000031e+02 1.369715009999999893e+02
1.325238559999999950e+02 1.325195319999999981e+02 1.323985629999999958e+02
1.352657820000000015e+02 1.351265410000000031e+02 1.352145060000000001e+02
1.332997369999999933e+02 1.331636129999999980e+02 1.332146199999999965e+02
1.371613800000000083e+02 1.371058449999999880e+02 1.372567139999999881e+02
1.321183179999999879e+02 1.320381289999999979e+02 1.321749199999999860e+02
1.303035849999999982e+02 1.302344579999999894e+02 1.303676490000000001e+02
1.368360690000000091e+02 1.367013289999999870e+02 1.367980929999999944e+02
1.319807549999999878e+02 1.318476550000000032e+02 1.318966169999999920e+02
1.314944800000000100e+02 1.314071649999999920e+02 1.315557670000000030e+02
1.340862630000000024e+02 1.339527099999999962e+02 1.340462880000000041e+02
1.371016720000000078e+02 1.371870920000000069e+02 1.370509600000000034e+02
1.329758980000000008e+02 1.330610849999999914e+02 1.329242279999999994e+02
1.318198559999999873e+02 1.319585199999999929e+02 1.319060189999999864e+02
1.309504959999999869e+02 1.308837699999999984e+02 1.308143100000000061e+02
1.359998669999999947e+02 1.360845759999999984e+02 1.359493589999999870e+02
1.342685590000000104e+02 1.343188000000000102e+02 1.344041489999999897e+02
1.343214759999999899e+02 1.341861450000000104e+02 1.342366169999999954e+02
1.369812740000000133e+02 1.368958430000000135e+02 1.370315229999999929e+02
1.338117230000000006e+02 1.338967059999999947e+02 1.337612680000000012e+02
1.316912729999999954e+02 1.317522519999999986e+02 1.318237080000000105e+02
1.349675949999999887e+02 1.350729310000000112e+02 1.349330860000000030e+02
1.318476550000000032e+02 1.317632220000000132e+02 1.318966169999999920e+02
1.304408830000000137e+02 1.303723830000000135e+02 1.305084879999999998e+02
1.333312500000000114e+02 1.331961129999999969e+02 1.332459859999999878e+02
1.330602710000000002e+02 1.329743200000000058e+02 1.331104190000000074e+02
1.374086159999999950e+02 1.373580129999999997e+02 1.372725489999999979e+02
1.326802820000000054e+02 1.326317779999999971e+02 1.325509729999999990e+02
1.362705689999999947e+02 1.363550889999999924e+02 1.362198060000000055e+02
1.340271170000000041e+02 1.341652559999999994e+02 1.341329880000000117e+02
1.342538509999999974e+02 1.343437680000000114e+02 1.342099320000000091e+02
1.307765640000000076e+02 1.307130929999999864e+02 1.306430080000000089e+02
1.306430080000000089e+02 1.305717999999999961e+02 1.307042979999999943e+02
1.328468320000000062e+02 1.328425290000000132e+02 1.329600059999999928e+02
1.320292100000000062e+02 1.321744930000000124e+02 1.320876069999999913e+02
1.335602829999999983e+02 1.336104049999999859e+02 1.336953359999999975e+02
1.377417269999999974e+02 1.378002400000000023e+02 1.378865389999999991e+02
1.351012200000000121e+02 1.351876980000000117e+02 1.350513980000000060e+02
1.301018400000000099e+02 1.300345599999999990e+02 1.301654729999999915e+02
1.336217350000000010e+02 1.337570910000000026e+02 1.337069879999999955e+02
1.322352730000000065e+02 1.320999999999999943e+02 1.321563409999999976e+02
1.342237690000000043e+02 1.340862630000000024e+02 1.341842200000000105e+02
1.362130129999999895e+02 1.360850739999999917e+02 1.361829180000000008e+02
1.320312099999999873e+02 1.318981599999999901e+02 1.319647710000000131e+02
1.347389149999999916e+02 1.347167139999999961e+02 1.348377920000000074e+02
1.379395069999999919e+02 1.380188449999999989e+02 1.378865389999999991e+02
1.362876650000000041e+02 1.363103260000000034e+02 1.361829180000000008e+02
1.382551349999999957e+02 1.382897490000000005e+02 1.383959539999999890e+02
1.334671749999999975e+02 1.333312500000000114e+02 1.333790889999999933e+02
1.319050650000000076e+02 1.319777540000000045e+02 1.320477009999999893e+02
1.360486699999999871e+02 1.359752430000000061e+02 1.361271989999999903e+02
1.373918309999999963e+02 1.375208470000000034e+02 1.375088660000000118e+02
1.387381670000000042e+02 1.388847739999999931e+02 1.387923309999999901e+02
1.359150140000000135e+02 1.360504239999999925e+02 1.359998669999999947e+02
1.342956810000000019e+02 1.342540779999999927e+02 1.341652559999999994e+02
1.318188299999999913e+02 1.318984780000000114e+02 1.317580429999999865e+02
1.327893640000000062e+02 1.329244759999999985e+02 1.328742860000000121e+02
1.328074049999999886e+02 1.327558359999999880e+02 1.326741399999999942e+02
1.341134940000000029e+02 1.342099320000000091e+02 1.340798949999999934e+02
1.318246990000000096e+02 1.318927529999999990e+02 1.319569539999999961e+02
1.334671749999999975e+02 1.335156690000000026e+02 1.336043239999999912e+02
1.387789589999999862e+02 1.389000000000000057e+02 1.387779679999999871e+02
1.357972860000000139e+02 1.356600459999999941e+02 1.357610740000000078e+02
1.361517809999999997e+02 1.362877990000000068e+02 1.362365489999999966e+02
1.373126790000000028e+02 1.374241890000000126e+02 1.372995349999999917e+02
1.334752750000000106e+02 1.335253270000000043e+02 1.336104049999999859e+02
1.345834199999999896e+02 1.345801789999999869e+02 1.346877130000000022e+02
1.316548170000000084e+02 1.315694509999999866e+02 1.317069239999999866e+02
1.320723729999999989e+02 1.320310200000000123e+02 1.319226429999999937e+02
1.367950470000000109e+02 1.368802200000000084e+02 1.367444680000000119e+02
1.330699769999999944e+02 1.329845889999999997e+02 1.331195429999999931e+02
1.381393150000000105e+02 1.380029509999999959e+02 1.380649950000000104e+02
1.334862459999999942e+02 1.335365689999999859e+02 1.336217350000000010e+02
1.353040039999999919e+02 1.353547199999999862e+02 1.354395100000000127e+02
1.340798949999999934e+02 1.342099320000000091e+02 1.341652559999999994e+02
1.336447039999999902e+02 1.336953359999999975e+02 1.337799789999999973e+02
1.358960150000000056e+02 1.360312470000000076e+02 1.359811550000000011e+02
1.380188449999999989e+02 1.380988389999999981e+02 1.379492970000000014e+02
1.356761720000000082e+02 1.357270949999999914e+02 1.358113950000000045e+02
1.357788639999999987e+02 1.356961569999999995e+02 1.358329249999999888e+02
1.329250360000000057e+02 1.328500249999999880e+02 1.329827520000000050e+02
1.337625309999999956e+02 1.336613189999999918e+02 1.336460270000000037e+02
1.337688640000000078e+02 1.339011020000000087e+02 1.338555039999999963e+02
1.359752430000000061e+02 1.359148370000000057e+02 1.358329249999999888e+02
1.356106450000000052e+02 1.354734510000000114e+02 1.355218130000000087e+02
1.384231470000000002e+02 1.384895740000000046e+02 1.383496969999999919e+02
1.316953100000000063e+02 1.317545900000000074e+02 1.316289470000000108e+02
1.319060189999999864e+02 1.318702040000000011e+02 1.317628880000000038e+02
1.323182960000000037e+02 1.321820700000000102e+02 1.322335820000000126e+02
1.323904870000000074e+02 1.322936579999999935e+02 1.324210620000000063e+02
1.325781650000000127e+02 1.324415820000000110e+02 1.325008449999999982e+02
1.385291009999999972e+02 1.386578210000000126e+02 1.385479909999999961e+02
1.355612810000000081e+02 1.354293169999999975e+02 1.355253710000000069e+02
1.308222350000000063e+02 1.308940939999999955e+02 1.307632110000000125e+02
1.345903539999999907e+02 1.346411190000000033e+02 1.347258960000000059e+02
1.311424370000000010e+02 1.310843879999999899e+02 1.312299580000000105e+02
1.389000000000000057e+02 1.389000000000000057e+02 1.387630629999999883e+02
1.344783799999999871e+02 1.345270769999999914e+02 1.346128260000000125e+02
1.342181199999999990e+02 1.343031000000000006e+02 1.341676019999999880e+02
1.339156419999999912e+02 1.338306430000000091e+02 1.339660820000000001e+02
1.382226300000000094e+02 1.383594420000000014e+02 1.382822400000000016e+02
1.317913110000000074e+02 1.316548170000000084e+02 1.317069239999999866e+02
1.353735969999999895e+02 1.355091649999999959e+02 1.354595390000000066e+02
1.320999999999999943e+02 1.320327200000000119e+02 1.321563409999999976e+02
1.345235930000000053e+02 1.344729279999999960e+02 1.343880120000000034e+02
1.321484360000000038e+02 1.320120339999999999e+02 1.320639459999999872e+02
1.326741399999999942e+02 1.326217340000000036e+02 1.325389020000000073e+02
1.313724379999999883e+02 1.314471619999999916e+02 1.313042149999999992e+02
1.348602520000000027e+02 1.349945240000000126e+02 1.349447120000000098e+02
1.326374329999999873e+02 1.327432670000000030e+02 1.326125350000000083e+02
1.310843879999999899e+02 1.310204280000000097e+02 1.311601499999999874e+02
1.380929109999999866e+02 1.381393720000000087e+02 1.379904070000000047e+02
1.318984780000000114e+02 1.319624709999999936e+02 1.320381289999999979e+02
1.330098099999999874e+02 1.331467260000000010e+02 1.330959789999999998e+02
1.363458239999999932e+02 1.363014670000000024e+02 1.362166919999999948e+02
1.343880120000000034e+02 1.343375139999999988e+02 1.342525180000000091e+02
1.386052310000000034e+02 1.387381670000000042e+02 1.386643620000000112e+02
1.350311130000000048e+02 1.349001759999999877e+02 1.350022140000000093e+02
1.340163689999999974e+02 1.340666929999999866e+02 1.341516609999999901e+02
1.341477730000000008e+02 1.340979949999999974e+02 1.340127239999999915e+02
1.385484549999999899e+02 1.384097549999999899e+02 1.385028829999999971e+02
1.359042049999999904e+02 1.359199460000000101e+02 1.357972860000000139e+02
1.376082930000000033e+02 1.375237040000000093e+02 1.376565270000000112e+02
1.379272379999999885e+02 1.378688980000000015e+02 1.377867210000000000e+02
1.329478990000000067e+02 1.330833069999999907e+02 1.330340040000000101e+02
1.341446449999999970e+02 1.340140649999999880e+02 1.341190330000000017e+02
1.353210489999999879e+02 1.354055130000000133e+02 1.352700749999999914e+02
1.357481500000000096e+02 1.358376900000000091e+02 1.357115819999999928e+02
1.375271079999999984e+02 1.376069190000000049e+02 1.374795200000000079e+02
1.330776810000000125e+02 1.329600059999999928e+02 1.329537070000000085e+02
1.356946020000000033e+02 1.357796979999999962e+02 1.356443999999999903e+02
1.320640820000000133e+02 1.321475819999999999e+02 1.320118999999999971e+02
1.345834199999999896e+02 1.344621510000000058e+02 1.345801789999999869e+02
1.362028119999999944e+02 1.360673240000000135e+02 1.361182699999999954e+02
1.325435860000000048e+02 1.326330169999999953e+02 1.324920970000000011e+02
1.331326559999999972e+02 1.330457749999999919e+02 1.331824210000000051e+02
1.370412179999999864e+02 1.371725959999999986e+02 1.371741240000000062e+02
1.319296630000000050e+02 1.320118999999999971e+02 1.318762450000000115e+02
1.300345599999999990e+02 1.301714969999999880e+02 1.300993599999999901e+02
1.314236669999999947e+02 1.315614640000000009e+02 1.314903480000000116e+02
1.359464749999999924e+02 1.358960150000000056e+02 1.358113950000000045e+02
1.338834840000000099e+02 1.337529030000000034e+02 1.338536970000000110e+02
1.353091279999999870e+02 1.354413529999999923e+02 1.353762370000000033e+02
1.333045649999999966e+02 1.332546040000000005e+02 1.331692150000000083e+02
1.378692210000000102e+02 1.379785139999999899e+02 1.378551830000000109e+02
1.322603860000000111e+02 1.323985629999999958e+02 1.323979150000000118e+02
1.346669679999999971e+02 1.346368630000000053e+02 1.347685270000000060e+02
1.372567139999999881e+02 1.373918309999999963e+02 1.373800099999999986e+02
1.365082109999999886e+02 1.366438390000000140e+02 1.365943829999999934e+02
1.335424820000000068e+02 1.335932540000000017e+02 1.336745510000000081e+02
1.383186379999999929e+02 1.383759019999999964e+02 1.384411479999999983e+02
1.315871730000000071e+02 1.315363480000000038e+02 1.314617389999999943e+02
1.316718750000000000e+02 1.317628880000000038e+02 1.317766660000000059e+02
1.347964760000000126e+02 1.347464940000000126e+02 1.346619910000000004e+02
1.337235139999999944e+02 1.336929599999999994e+02 1.338238699999999994e+02
1.349281300000000101e+02 1.349001759999999877e+02 1.350311130000000048e+02
1.388245799999999974e+02 1.388847739999999931e+02 1.387381670000000042e+02
1.348800870000000032e+02 1.347949050000000000e+02 1.349308910000000026e+02
1.365610990000000129e+02 1.366436750000000018e+02 1.365086139999999943e+02
1.358837190000000135e+02 1.358376900000000091e+02 1.357481500000000096e+02
1.358113950000000045e+02 1.358960150000000056e+02 1.357608030000000099e+02
1.355239640000000065e+02 1.355774979999999914e+02 1.356586890000000096e+02
1.370668530000000089e+02 1.369812740000000133e+02 1.371171300000000031e+02
1.336362369999999942e+02 1.335019069999999886e+02 1.335524629999999888e+02
1.316263610000000028e+02 1.315557670000000030e+02 1.316961609999999894e+02
1.345924239999999941e+02 1.344569419999999980e+02 1.345074270000000070e+02
1.312053249999999878e+02 1.311380450000000053e+02 1.312745590000000107e+02
1.344569419999999980e+02 1.343719509999999957e+02 1.345074270000000070e+02
1.304408830000000137e+02 1.305084879999999998e+02 1.305786420000000021e+02
1.360504239999999925e+02 1.361859420000000114e+02 1.361351850000000070e+02
1.334862459999999942e+02 1.334011999999999887e+02 1.335365689999999859e+02
1.332459859999999878e+02 1.331961129999999969e+02 1.331104190000000074e+02
1.351265080000000012e+02 1.350783270000000016e+02 1.349945240000000126e+02
1.339276749999999936e+02 1.338774840000000097e+02 1.337922389999999950e+02
1.305585020000000043e+02 1.306320120000000031e+02 1.305002020000000016e+02
1.351517489999999952e+02 1.350159500000000037e+02 1.350667259999999885e+02
1.323679950000000076e+02 1.322352730000000065e+02 1.322778279999999995e+02
1.328425290000000132e+02 1.327327699999999879e+02 1.328393259999999998e+02
1.347278570000000002e+02 1.346773430000000076e+02 1.345924239999999941e+02
1.384934120000000064e+02 1.383597359999999981e+02 1.384540709999999990e+02
1.315589050000000100e+02 1.316277550000000076e+02 1.314921919999999886e+02
1.338646060000000091e+02 1.339156419999999912e+02 1.340004859999999951e+02
1.307035820000000115e+02 1.306461079999999981e+02 1.307790200000000027e+02
1.318762450000000115e+02 1.319585199999999929e+02 1.318198559999999873e+02
1.326217340000000036e+02 1.325704969999999889e+02 1.324867690000000096e+02
1.361859420000000114e+02 1.361010530000000074e+02 1.362368669999999895e+02
1.348704730000000040e+02 1.347685270000000060e+02 1.347389149999999916e+02
1.317628880000000038e+02 1.318702040000000011e+02 1.317766660000000059e+02
1.355918650000000127e+02 1.356433580000000063e+02 1.357270949999999914e+02
1.334197560000000067e+02 1.335053910000000030e+02 1.333691750000000127e+02
1.317163199999999961e+02 1.315871730000000071e+02 1.316308870000000013e+02
1.386052310000000034e+02 1.384671580000000120e+02 1.385471740000000125e+02
1.370894380000000012e+02 1.370804310000000044e+02 1.369669749999999908e+02
1.354567140000000052e+02 1.353434599999999932e+02 1.353444029999999998e+02
1.345123890000000131e+02 1.345635969999999872e+02 1.346437919999999906e+02
1.354948609999999860e+02 1.353497989999999902e+02 1.354705940000000055e+02
1.338926539999999932e+02 1.340286330000000135e+02 1.339779240000000016e+02
1.347278570000000002e+02 1.348126939999999934e+02 1.346773430000000076e+02
1.335102960000000110e+02 1.334607080000000110e+02 1.333759159999999895e+02
1.361494490000000042e+02 1.360164660000000083e+02 1.360529139999999870e+02
1.322976390000000038e+02 1.323793139999999937e+02 1.322452570000000094e+02
1.326498339999999985e+02 1.327290439999999876e+02 1.325928509999999960e+02
1.367444680000000119e+02 1.368802200000000084e+02 1.368295779999999979e+02
1.319569539999999961e+02 1.320876069999999913e+02 1.320270060000000001e+02
1.330236189999999965e+02 1.331604690000000062e+02 1.331104190000000074e+02
1.346437919999999906e+02 1.345635969999999872e+02 1.346964299999999923e+02
1.323388579999999877e+02 1.322857659999999953e+02 1.322008250000000089e+02
1.351671289999999885e+02 1.350685799999999972e+02 1.350311130000000048e+02
1.369000000000000057e+02 1.367694189999999992e+02 1.368653889999999933e+02
1.339976020000000005e+02 1.341330739999999935e+02 1.340826549999999884e+02
1.359327959999999962e+02 1.358837190000000135e+02 1.357975120000000118e+02
1.362024839999999983e+02 1.361517849999999896e+02 1.360665089999999964e+02
1.363427090000000135e+02 1.362130129999999895e+02 1.363103260000000034e+02
1.330209089999999890e+02 1.329352649999999869e+02 1.330699769999999944e+02
1.381567970000000116e+02 1.380193769999999915e+02 1.381108590000000049e+02
1.338646060000000091e+02 1.338120020000000068e+02 1.337282350000000122e+02
1.339976020000000005e+02 1.339471920000000011e+02 1.338621050000000139e+02
1.343437680000000114e+02 1.344288420000000031e+02 1.342956810000000019e+02
1.344179629999999861e+02 1.345541069999999877e+02 1.345046260000000018e+02
1.314756280000000004e+02 1.314018230000000074e+02 1.315363480000000038e+02
1.339691039999999873e+02 1.340798949999999934e+02 1.339665459999999939e+02
1.365082580000000121e+02 1.363776770000000056e+02 1.364730700000000070e+02
1.337907979999999952e+02 1.337625309999999956e+02 1.338875480000000096e+02
1.377166019999999946e+02 1.377303379999999891e+02 1.378381359999999916e+02
1.363776770000000056e+02 1.363427090000000135e+02 1.364730700000000070e+02
1.382284370000000138e+02 1.381106430000000103e+02 1.382211200000000133e+02
1.339471920000000011e+02 1.340826549999999884e+02 1.340321450000000141e+02
1.387977490000000103e+02 1.389000000000000057e+02 1.387283610000000067e+02
1.303036800000000142e+02 1.303723830000000135e+02 1.304408830000000137e+02
1.342827200000000119e+02 1.343687319999999943e+02 1.342332800000000077e+02
1.379083540000000028e+02 1.378368260000000021e+02 1.379539460000000020e+02
1.375271079999999984e+02 1.376597230000000138e+02 1.376069190000000049e+02
1.341971039999999959e+02 1.341477730000000008e+02 1.340626870000000110e+02
1.334902419999999950e+02 1.336257929999999874e+02 1.335755169999999907e+02
1.306320120000000031e+02 1.307632110000000125e+02 1.307042979999999943e+02
1.340836710000000096e+02 1.340004859999999951e+02 1.341352709999999888e+02
1.333161149999999964e+02 1.332654819999999916e+02 1.331803459999999859e+02
1.361826079999999877e+02 1.363240639999999928e+02 1.362687549999999987e+02
1.378330569999999966e+02 1.377020559999999989e+02 1.377920750000000112e+02
1.312043700000000115e+02 1.310707649999999944e+02 1.311358099999999922e+02
1.374347040000000106e+02 1.373010280000000023e+02 1.373945429999999988e+02
1.375359390000000133e+02 1.376467189999999903e+02 1.375208470000000034e+02
1.364730700000000070e+02 1.363427090000000135e+02 1.364395890000000122e+02
1.309292259999999999e+02 1.310362519999999904e+02 1.309398099999999943e+02
1.331803459999999859e+02 1.330445090000000050e+02 1.330952069999999878e+02
1.305648759999999982e+02 1.306461079999999981e+02 1.307035820000000115e+02
1.313904670000000010e+02 1.313033140000000003e+02 1.314311940000000050e+02
1.364078000000000088e+02 1.364005160000000103e+02 1.365055979999999920e+02
1.346085260000000119e+02 1.347442690000000027e+02 1.346935850000000130e+02
1.303723830000000135e+02 1.302364000000000033e+02 1.303035849999999982e+02
1.366939820000000054e+02 1.367444680000000119e+02 1.368295779999999979e+02
1.322316690000000108e+02 1.323671659999999974e+02 1.323161000000000058e+02
1.340462880000000041e+02 1.339242560000000140e+02 1.340271170000000041e+02
1.363737619999999993e+02 1.365082109999999886e+02 1.364572019999999952e+02
1.308110670000000084e+02 1.307467269999999928e+02 1.308837699999999984e+02
1.304819779999999980e+02 1.306143969999999968e+02 1.305585020000000043e+02
1.365051840000000141e+02 1.366230170000000044e+02 1.365076549999999997e+02
1.338424500000000137e+02 1.338926539999999932e+02 1.339779240000000016e+02
1.339857519999999909e+02 1.338834840000000099e+02 1.338536970000000110e+02
1.318265370000000019e+02 1.319614980000000060e+02 1.319111379999999940e+02
1.356600459999999941e+02 1.356205549999999960e+02 1.357610740000000078e+02
1.378828770000000077e+02 1.379950599999999952e+02 1.378692210000000102e+02
1.316548170000000084e+02 1.315156000000000063e+02 1.315694509999999866e+02
1.323979150000000118e+02 1.323956379999999911e+02 1.322975710000000049e+02
1.371365189999999927e+02 1.371870920000000069e+02 1.372725489999999979e+02
1.389000000000000057e+02 1.387804590000000076e+02 1.387923309999999901e+02
1.357635999999999967e+02 1.356793619999999976e+02 1.358141899999999964e+02
1.316231659999999977e+02 1.317580429999999865e+02 1.317069239999999866e+02
1.366142460000000085e+02 1.365610990000000129e+02 1.364769259999999917e+02
1.317248380000000054e+02 1.316412190000000066e+02 1.317761590000000069e+02
1.309546620000000132e+02 1.310181750000000136e+02 1.310875110000000063e+02
1.349157140000000084e+02 1.350039950000000033e+02 1.348682110000000023e+02
1.384895740000000046e+02 1.384187379999999905e+02 1.383496969999999919e+02
1.332546040000000005e+02 1.333400049999999908e+02 1.332046349999999961e+02
1.350539569999999969e+02 1.349945240000000126e+02 1.349126850000000104e+02
1.322956169999999929e+02 1.324129800000000046e+02 1.323985629999999958e+02
1.373583810000000085e+02 1.372222240000000113e+02 1.373201359999999909e+02
1.303959930000000043e+02 1.304819779999999980e+02 1.303539330000000120e+02
1.334607080000000110e+02 1.334115109999999902e+02 1.333265829999999994e+02
1.319560370000000091e+02 1.320869289999999978e+02 1.320292100000000062e+02
1.366966840000000047e+02 1.366142460000000085e+02 1.367502230000000054e+02
1.334861769999999979e+02 1.334227740000000040e+02 1.333551769999999976e+02
1.337109210000000132e+02 1.338462859999999921e+02 1.337959240000000136e+02
1.325092789999999923e+02 1.324553779999999961e+02 1.323704449999999895e+02
1.322316690000000108e+02 1.321803800000000138e+02 1.320955820000000074e+02
1.330471689999999967e+02 1.330718119999999942e+02 1.329640699999999924e+02
1.374934670000000096e+02 1.375446469999999977e+02 1.376288940000000025e+02
1.306143969999999968e+02 1.306902259999999956e+02 1.305585020000000043e+02
1.361618829999999889e+02 1.361500890000000084e+02 1.360444559999999967e+02
1.325867120000000057e+02 1.324873159999999928e+02 1.326170089999999959e+02
1.332813620000000014e+02 1.334169970000000092e+02 1.333666039999999953e+02
1.375256610000000137e+02 1.374888750000000073e+02 1.376161500000000046e+02
1.323244129999999927e+02 1.322664399999999887e+02 1.321883929999999907e+02
1.355590689999999938e+02 1.354231220000000064e+02 1.354734510000000114e+02
1.328605890000000045e+02 1.328131899999999916e+02 1.327254509999999925e+02
1.344914870000000064e+02 1.344063620000000014e+02 1.345419119999999964e+02
1.328895660000000021e+02 1.329399339999999938e+02 1.330236189999999965e+02
1.323484440000000006e+02 1.322650219999999877e+02 1.324002240000000086e+02
1.326613460000000089e+02 1.327496710000000064e+02 1.326170089999999959e+02
1.370647119999999859e+02 1.371886189999999885e+02 1.371725959999999986e+02
1.302837450000000104e+02 1.303539330000000120e+02 1.302280010000000061e+02
1.316957669999999894e+02 1.317621330000000057e+02 1.318345500000000072e+02
1.346095109999999977e+02 1.347167139999999961e+02 1.347389149999999916e+02
1.372016340000000127e+02 1.373126790000000028e+02 1.371886189999999885e+02
1.316263610000000028e+02 1.316961609999999894e+02 1.317621330000000057e+02
1.363215490000000045e+02 1.362368669999999895e+02 1.363728490000000022e+02
1.312748090000000047e+02 1.313868119999999919e+02 1.313876300000000015e+02
1.367371960000000115e+02 1.366050329999999917e+02 1.367013289999999870e+02
1.347097689999999943e+02 1.347601579999999899e+02 1.348454309999999907e+02
1.350310570000000041e+02 1.351672409999999900e+02 1.351178529999999967e+02
1.345046260000000018e+02 1.345541069999999877e+02 1.346411190000000033e+02
1.342366169999999954e+02 1.342870159999999942e+02 1.343719509999999957e+02
1.369524370000000033e+02 1.368177809999999965e+02 1.368655200000000036e+02
1.372698599999999942e+02 1.371613800000000083e+02 1.372567139999999881e+02
1.350837030000000141e+02 1.349989280000000065e+02 1.351345780000000047e+02
1.340004859999999951e+02 1.339156419999999912e+02 1.340510250000000099e+02
1.310854449999999929e+02 1.312223820000000103e+02 1.311531430000000000e+02
1.322857659999999953e+02 1.324222000000000037e+02 1.323704449999999895e+02
1.347813710000000071e+02 1.347304200000000094e+02 1.346437919999999906e+02
1.337688640000000078e+02 1.338555039999999963e+02 1.337209310000000073e+02
1.330851389999999981e+02 1.329775199999999984e+02 1.329654669999999896e+02
1.326829140000000109e+02 1.325435860000000048e+02 1.325972120000000132e+02
1.340666929999999866e+02 1.341171249999999873e+02 1.342020899999999983e+02
1.323956379999999911e+02 1.323388579999999877e+02 1.322545130000000029e+02
1.320477009999999893e+02 1.319777540000000045e+02 1.321222940000000108e+02
1.367980929999999944e+02 1.366606559999999888e+02 1.367478240000000085e+02
1.318764189999999985e+02 1.317409550000000138e+02 1.317913110000000074e+02
1.316277550000000076e+02 1.316953100000000063e+02 1.315614640000000009e+02
1.374241890000000126e+02 1.375359390000000133e+02 1.374116019999999878e+02
1.365295069999999953e+02 1.363903280000000109e+02 1.364404110000000117e+02
1.346591889999999978e+02 1.345741620000000012e+02 1.347097689999999943e+02
1.345419119999999964e+02 1.346773430000000076e+02 1.346269560000000070e+02
1.380988389999999981e+02 1.381598569999999881e+02 1.382374090000000137e+02
1.320640820000000133e+02 1.319296630000000050e+02 1.319807549999999878e+02
1.359540800000000047e+02 1.358235439999999983e+02 1.359199460000000101e+02
1.362526609999999891e+02 1.361168690000000083e+02 1.361669129999999939e+02
1.365391140000000121e+02 1.364078000000000088e+02 1.365055979999999920e+02
1.326378939999999886e+02 1.327548549999999921e+02 1.326374329999999873e+02
1.305648759999999982e+02 1.307035820000000115e+02 1.306027990000000045e+02
1.337265800000000127e+02 1.338117230000000006e+02 1.336761930000000120e+02
1.366255999999999915e+02 1.365051840000000141e+02 1.365077290000000119e+02
1.356598639999999989e+02 1.355749470000000088e+02 1.357103580000000136e+02
1.306780390000000125e+02 1.307035820000000115e+02 1.308143100000000061e+02
1.319296630000000050e+02 1.318476550000000032e+02 1.319807549999999878e+02
1.332687050000000113e+02 1.334046859999999981e+02 1.333545619999999872e+02
1.347685270000000060e+02 1.346368630000000053e+02 1.347389149999999916e+02
1.371305659999999875e+02 1.371613800000000083e+02 1.372698599999999942e+02
1.319585199999999929e+02 1.320955820000000074e+02 1.320439200000000142e+02
1.323052299999999946e+02 1.324129800000000046e+02 1.322956169999999929e+02
1.341861450000000104e+02 1.340510250000000099e+02 1.341013949999999966e+02
1.377867210000000000e+02 1.376983180000000004e+02 1.378399239999999963e+02
1.377133110000000045e+02 1.378494499999999903e+02 1.378002400000000023e+02
1.325141549999999881e+02 1.324597119999999961e+02 1.323793139999999937e+02
1.368921620000000132e+02 1.367502230000000054e+02 1.367981049999999925e+02
1.332546040000000005e+02 1.333899690000000078e+02 1.333400049999999908e+02
1.379492970000000014e+02 1.378208779999999933e+02 1.378184709999999882e+02
1.323985629999999958e+02 1.325195319999999981e+02 1.323979150000000118e+02
1.339527099999999962e+02 1.338536970000000110e+02 1.338238699999999994e+02
1.380188449999999989e+02 1.379492970000000014e+02 1.378865389999999991e+02
1.341477730000000008e+02 1.340127239999999915e+02 1.340626870000000110e+02
1.372995349999999917e+02 1.372896059999999920e+02 1.371725959999999986e+02
1.386649099999999919e+02 1.385291009999999972e+02 1.385648889999999938e+02
1.383502530000000093e+02 1.384851429999999937e+02 1.384130849999999953e+02
1.337265800000000127e+02 1.337769429999999886e+02 1.338621050000000139e+02
1.321803800000000138e+02 1.322316690000000108e+02 1.323161000000000058e+02
1.327713520000000074e+02 1.328211860000000115e+02 1.329087780000000123e+02
1.324553779999999961e+02 1.323182960000000037e+02 1.323704449999999895e+02
1.314903480000000116e+02 1.316289470000000108e+02 1.315504229999999950e+02
1.326829140000000109e+02 1.325972120000000132e+02 1.327349649999999883e+02
1.339276749999999936e+02 1.337922389999999950e+02 1.338424500000000137e+02
1.328491720000000100e+02 1.328989939999999876e+02 1.329845889999999997e+02
1.359832639999999913e+02 1.359327959999999962e+02 1.358481130000000121e+02
1.350161479999999870e+02 1.351522730000000081e+02 1.351009760000000028e+02
1.318988579999999899e+02 1.317635999999999967e+02 1.318328869999999995e+02
1.315617599999999925e+02 1.314944800000000100e+02 1.316263610000000028e+02
1.381598569999999881e+02 1.380783350000000098e+02 1.382284370000000138e+02
1.368427210000000116e+02 1.368495650000000126e+02 1.367230360000000076e+02
1.315557670000000030e+02 1.314935079999999914e+02 1.316514369999999872e+02
1.305648759999999982e+02 1.305079729999999927e+02 1.306461079999999981e+02
1.371171300000000031e+02 1.369812740000000133e+02 1.370315229999999929e+02
1.335253270000000043e+02 1.334400510000000111e+02 1.335755169999999907e+02
1.337265800000000127e+02 1.338621050000000139e+02 1.338117230000000006e+02
1.331636129999999980e+02 1.330785620000000051e+02 1.332146199999999965e+02
1.330273339999999962e+02 1.331124110000000087e+02 1.329758980000000008e+02
1.369524370000000033e+02 1.370377980000000093e+02 1.369072639999999978e+02
1.334861769999999979e+02 1.335659699999999930e+02 1.334227740000000040e+02
1.329965489999999875e+02 1.328605890000000045e+02 1.329087780000000123e+02
1.385484549999999899e+02 1.384540709999999990e+02 1.384097549999999899e+02
1.327872989999999902e+02 1.327349649999999883e+02 1.326504390000000058e+02
1.343880120000000034e+02 1.344729279999999960e+02 1.343375139999999988e+02
1.310699860000000001e+02 1.311424370000000010e+02 1.312014979999999866e+02
1.371886189999999885e+02 1.372995349999999917e+02 1.371725959999999986e+02
1.365690250000000106e+02 1.364395890000000122e+02 1.365391140000000121e+02
1.368177809999999965e+02 1.369524370000000033e+02 1.369072639999999978e+02
1.307035820000000115e+02 1.308313499999999863e+02 1.308143100000000061e+02
1.313033140000000003e+02 1.311722460000000012e+02 1.312283070000000009e+02
1.324210620000000063e+02 1.323293669999999906e+02 1.324578109999999924e+02
1.362198060000000055e+02 1.363550889999999924e+02 1.363043260000000032e+02
1.359832639999999913e+02 1.358988080000000025e+02 1.360339160000000049e+02
1.315013539999999921e+02 1.314617389999999943e+02 1.313876300000000015e+02
1.329594370000000083e+02 1.328238210000000095e+02 1.328742860000000121e+02
1.353040039999999919e+02 1.352192169999999862e+02 1.353547199999999862e+02
1.322498830000000112e+02 1.321151270000000011e+02 1.321655739999999923e+02
1.313719189999999912e+02 1.313250480000000096e+02 1.312237900000000081e+02
1.380255449999999939e+02 1.379468469999999911e+02 1.380771729999999877e+02
1.333505780000000129e+02 1.332146199999999965e+02 1.332654819999999916e+02
1.375834700000000055e+02 1.374580949999999859e+02 1.375595950000000016e+02
1.349814059999999927e+02 1.349308910000000026e+02 1.348454309999999907e+02
1.348220809999999972e+02 1.349675949999999887e+02 1.349330860000000030e+02
1.380193769999999915e+02 1.379695659999999862e+02 1.381108590000000049e+02
1.330457749999999919e+02 1.329087780000000123e+02 1.329588160000000130e+02
1.324578109999999924e+02 1.324873159999999928e+02 1.325867120000000057e+02
1.321933290000000056e+02 1.321070620000000133e+02 1.320477009999999893e+02
1.328211860000000115e+02 1.328725120000000004e+02 1.329588160000000130e+02
1.311722460000000012e+02 1.311199740000000133e+02 1.310392980000000023e+02
1.320310200000000123e+02 1.321636149999999930e+02 1.321109380000000044e+02
1.325924219999999991e+02 1.326802820000000054e+02 1.325509729999999990e+02
1.381661789999999996e+02 1.381108590000000049e+02 1.380455039999999940e+02
1.353040039999999919e+02 1.354395100000000127e+02 1.353888750000000130e+02
1.329424439999999947e+02 1.328910490000000095e+02 1.328065430000000049e+02
1.348955949999999859e+02 1.349814059999999927e+02 1.348454309999999907e+02
1.352657820000000015e+02 1.351671289999999885e+02 1.351265410000000031e+02
1.371058449999999880e+02 1.369715009999999893e+02 1.370412179999999864e+02
1.302344579999999894e+02 1.301018400000000099e+02 1.301654729999999915e+02
1.367781040000000132e+02 1.366966840000000047e+02 1.368334930000000043e+02
1.324647870000000012e+02 1.325509729999999990e+02 1.324269069999999999e+02
1.366606559999999888e+02 1.365690250000000106e+02 1.365391140000000121e+02
1.342827200000000119e+02 1.344179629999999861e+02 1.343687319999999943e+02
1.353919109999999932e+02 1.352553990000000113e+02 1.353069079999999929e+02
1.382973189999999875e+02 1.381598569999999881e+02 1.382284370000000138e+02
1.329654669999999896e+02 1.328468320000000062e+02 1.329600059999999928e+02
1.366595430000000135e+02 1.367101179999999943e+02 1.367950470000000109e+02
1.314819449999999961e+02 1.314115060000000028e+02 1.315483560000000125e+02
1.333551769999999976e+02 1.334227740000000040e+02 1.332987320000000011e+02
1.307130929999999864e+02 1.305786420000000021e+02 1.306430080000000089e+02
1.362166919999999948e+02 1.361310389999999870e+02 1.362693600000000060e+02
1.380589319999999987e+02 1.379260040000000060e+02 1.380193769999999915e+02
1.368802200000000084e+02 1.369655520000000024e+02 1.368295779999999979e+02
1.335558450000000050e+02 1.334703580000000045e+02 1.336063240000000008e+02
1.312212079999999901e+02 1.312898069999999962e+02 1.311571559999999863e+02
1.346095109999999977e+02 1.345834199999999896e+02 1.347167139999999961e+02
1.347464940000000126e+02 1.348809219999999982e+02 1.348308830000000000e+02
1.369943260000000009e+02 1.371305659999999875e+02 1.370813870000000065e+02
1.379950599999999952e+02 1.381063420000000121e+02 1.379785139999999899e+02
1.315585159999999973e+02 1.316412190000000066e+02 1.315065580000000125e+02
1.345801789999999869e+02 1.344621510000000058e+02 1.344483510000000024e+02
1.318328869999999995e+02 1.319050650000000076e+02 1.319703529999999887e+02
1.368455649999999935e+02 1.367101179999999943e+02 1.367605770000000120e+02
1.362536010000000033e+02 1.362028119999999944e+02 1.361182699999999954e+02
1.327136500000000012e+02 1.327987640000000056e+02 1.326613460000000089e+02
1.328383939999999939e+02 1.329100809999999910e+02 1.327931710000000010e+02
1.325867120000000057e+02 1.326170089999999959e+02 1.327064259999999933e+02
1.362603359999999952e+02 1.363848889999999869e+02 1.362660879999999963e+02
1.354901460000000100e+02 1.354055130000000133e+02 1.355409070000000042e+02
1.364903079999999989e+02 1.366254840000000002e+02 1.365748399999999947e+02
1.351037640000000124e+02 1.350022140000000093e+02 1.349740630000000010e+02
1.351265410000000031e+02 1.351037640000000124e+02 1.352145060000000001e+02
1.358988080000000025e+02 1.358481130000000121e+02 1.357635999999999967e+02
1.362365489999999966e+02 1.362877990000000068e+02 1.363737619999999993e+02
1.370999999999999943e+02 1.372121830000000102e+02 1.370894380000000012e+02
1.347601579999999899e+02 1.346753080000000011e+02 1.348102309999999875e+02
1.380923840000000098e+02 1.379587080000000014e+02 1.380589319999999987e+02
1.324002240000000086e+02 1.323161000000000058e+02 1.324514269999999954e+02
1.302967519999999979e+02 1.303539330000000120e+02 1.304278610000000072e+02
1.372222240000000113e+02 1.371290309999999977e+02 1.370917239999999993e+02
1.378445089999999880e+02 1.378841299999999990e+02 1.377503379999999993e+02
1.313593189999999993e+02 1.314247660000000053e+02 1.312887580000000014e+02
1.317438539999999989e+02 1.318198559999999873e+02 1.316879470000000083e+02
1.335308980000000076e+02 1.335659699999999930e+02 1.336460270000000037e+02
1.331854289999999992e+02 1.330754459999999995e+02 1.330776810000000125e+02
1.356037249999999972e+02 1.354948609999999860e+02 1.354705940000000055e+02
1.342685590000000104e+02 1.344041489999999897e+02 1.343536420000000078e+02
1.341516609999999901e+02 1.342020899999999983e+02 1.342870159999999942e+02
1.338526679999999942e+02 1.339691039999999873e+02 1.339665459999999939e+02
1.341639270000000010e+02 1.342461700000000064e+02 1.341127710000000093e+02
1.334197560000000067e+02 1.333691750000000127e+02 1.332833980000000054e+02
1.351037640000000124e+02 1.349740630000000010e+02 1.350729310000000112e+02
1.358988080000000025e+02 1.357635999999999967e+02 1.358141899999999964e+02
1.370412179999999864e+02 1.369715009999999893e+02 1.368921620000000132e+02
1.334752750000000106e+02 1.336104049999999859e+02 1.335602829999999983e+02
1.311380450000000053e+02 1.310707649999999944e+02 1.312043700000000115e+02
1.325670409999999890e+02 1.324837449999999990e+02 1.326191460000000006e+02
1.334254359999999906e+02 1.335102960000000110e+02 1.333759159999999895e+02
1.318188299999999913e+02 1.319624709999999936e+02 1.318984780000000114e+02
1.322829989999999896e+02 1.324181949999999972e+02 1.323671659999999974e+02
1.347304200000000094e+02 1.348220809999999972e+02 1.346877130000000022e+02
1.351178529999999967e+02 1.350671330000000125e+02 1.349814059999999927e+02
1.328383939999999939e+02 1.329718900000000019e+02 1.329100809999999910e+02
1.313593189999999993e+02 1.314962559999999883e+02 1.314247660000000053e+02
1.322857659999999953e+02 1.321484360000000038e+02 1.322008250000000089e+02
1.318476550000000032e+02 1.317163199999999961e+02 1.317632220000000132e+02
1.361695839999999862e+02 1.361271989999999903e+02 1.362660879999999963e+02
1.318246990000000096e+02 1.317605309999999861e+02 1.318927529999999990e+02
1.344914870000000064e+02 1.345419119999999964e+02 1.346269560000000070e+02
1.379292330000000106e+02 1.378445089999999880e+02 1.377996489999999881e+02
1.317409550000000138e+02 1.318265370000000019e+02 1.316919699999999978e+02
1.327390460000000019e+02 1.326040319999999895e+02 1.326545529999999928e+02
1.317913110000000074e+02 1.317409550000000138e+02 1.316548170000000084e+02
1.308689249999999902e+02 1.309431559999999877e+02 1.310063240000000064e+02
1.327987640000000056e+02 1.328871709999999950e+02 1.327496710000000064e+02
1.365748399999999947e+02 1.366595430000000135e+02 1.365242330000000095e+02
1.356289240000000120e+02 1.357635999999999967e+02 1.357121229999999912e+02
1.333187869999999862e+02 1.334046859999999981e+02 1.332687050000000113e+02
1.323956379999999911e+02 1.322545130000000029e+02 1.322975710000000049e+02
1.326829140000000109e+02 1.326330169999999953e+02 1.325435860000000048e+02
1.330610849999999914e+02 1.331977249999999913e+02 1.331467260000000010e+02
1.318345500000000072e+02 1.317621330000000057e+02 1.319047979999999995e+02
1.366673309999999901e+02 1.367230360000000076e+02 1.367981049999999925e+02
1.362365489999999966e+02 1.363737619999999993e+02 1.363240639999999928e+02
1.316117340000000127e+02 1.314756280000000004e+02 1.315363480000000038e+02
1.331604690000000062e+02 1.330716119999999876e+02 1.332096390000000099e+02
1.322121689999999887e+02 1.321636149999999930e+02 1.320723729999999989e+02
1.323077409999999929e+02 1.322337540000000047e+02 1.323684419999999875e+02
1.334011999999999887e+02 1.333505780000000129e+02 1.332654819999999916e+02
1.324319989999999905e+02 1.323484440000000006e+02 1.324837449999999990e+02
1.352877059999999858e+02 1.353735969999999895e+02 1.352374820000000000e+02
1.320869289999999978e+02 1.322052520000000015e+02 1.321744930000000124e+02
1.361271989999999903e+02 1.362603359999999952e+02 1.362660879999999963e+02
1.340163689999999974e+02 1.338809689999999932e+02 1.339313199999999995e+02
1.330776810000000125e+02 1.329537070000000085e+02 1.330718119999999942e+02
1.349596630000000062e+02 1.349126850000000104e+02 1.348287249999999915e+02
1.324415820000000110e+02 1.325781650000000127e+02 1.325225230000000067e+02
1.366230170000000044e+02 1.367403370000000109e+02 1.367317050000000052e+02
1.376161500000000046e+02 1.375834700000000055e+02 1.377074039999999968e+02
1.319585199999999929e+02 1.320118999999999971e+02 1.320955820000000074e+02
1.324028199999999913e+02 1.323182960000000037e+02 1.324553779999999961e+02
1.362880289999999945e+02 1.361517849999999896e+02 1.362024839999999983e+02
1.317654870000000074e+02 1.316290400000000034e+02 1.316957669999999894e+02
1.346085260000000119e+02 1.346591889999999978e+02 1.347442690000000027e+02
1.352457809999999938e+02 1.352059539999999913e+02 1.353444029999999998e+02
1.346085260000000119e+02 1.346935850000000130e+02 1.345579329999999914e+02
1.335524629999999888e+02 1.335019069999999886e+02 1.334169970000000092e+02
1.374741270000000100e+02 1.375237040000000093e+02 1.376082930000000033e+02
1.320989109999999869e+02 1.321666759999999954e+02 1.322337540000000047e+02
1.336217350000000010e+02 1.336716759999999908e+02 1.337570910000000026e+02
1.316047039999999981e+02 1.315585159999999973e+02 1.314666540000000055e+02
1.316719239999999900e+02 1.317580429999999865e+02 1.316231659999999977e+02
1.375834700000000055e+02 1.375595950000000016e+02 1.376895470000000046e+02
1.352100340000000074e+02 1.351265080000000012e+02 1.352457809999999938e+02
1.319647710000000131e+02 1.318988579999999899e+02 1.320337260000000015e+02
1.326221250000000111e+02 1.325481910000000028e+02 1.326915219999999920e+02
1.359464749999999924e+02 1.360312470000000076e+02 1.358960150000000056e+02
1.311199740000000133e+02 1.310702430000000049e+02 1.309829019999999957e+02
1.324181949999999972e+02 1.325533580000000029e+02 1.325024769999999990e+02
1.382897490000000005e+02 1.382551349999999957e+02 1.381661789999999996e+02
1.382962060000000122e+02 1.383594420000000014e+02 1.382226300000000094e+02
1.319958849999999870e+02 1.320808089999999879e+02 1.319457490000000064e+02
1.363014670000000024e+02 1.363903280000000109e+02 1.362526609999999891e+02
1.351522730000000081e+02 1.352367519999999956e+02 1.351009760000000028e+02
1.348633429999999862e+02 1.349481220000000121e+02 1.348126939999999934e+02
1.326613460000000089e+02 1.327987640000000056e+02 1.327496710000000064e+02
1.325924219999999991e+02 1.325509729999999990e+02 1.324647870000000012e+02
1.346669679999999971e+02 1.345363879999999881e+02 1.346368630000000053e+02
1.316117340000000127e+02 1.317438539999999989e+02 1.316879470000000083e+02
1.336613189999999918e+02 1.335308980000000076e+02 1.336460270000000037e+02
1.325389020000000073e+02 1.324028199999999913e+02 1.324553779999999961e+02
1.379695659999999862e+02 1.379292330000000106e+02 1.380455039999999940e+02
1.339495919999999956e+02 1.340836710000000096e+02 1.340301359999999988e+02
1.360673240000000135e+02 1.360161860000000047e+02 1.359327959999999962e+02
1.389000000000000057e+02 1.389000000000000057e+02 1.387779679999999871e+02
1.375208470000000034e+02 1.376467189999999903e+02 1.376341580000000135e+02
1.325008449999999982e+02 1.323684419999999875e+02 1.324269069999999999e+02
1.323484440000000006e+02 1.324002240000000086e+02 1.324837449999999990e+02
1.340862630000000024e+02 1.340462880000000041e+02 1.341842200000000105e+02
1.358481130000000121e+02 1.359327959999999962e+02 1.357975120000000118e+02
1.374116019999999878e+02 1.373918309999999963e+02 1.372896059999999920e+02
1.310204280000000097e+02 1.308780370000000062e+02 1.309559370000000058e+02
1.332799159999999858e+02 1.334115109999999902e+02 1.333551769999999976e+02
1.319955600000000118e+02 1.319226429999999937e+02 1.318702040000000011e+02
1.345123890000000131e+02 1.344288420000000031e+02 1.345635969999999872e+02
1.363876180000000033e+02 1.365077290000000119e+02 1.363848889999999869e+02
1.314281070000000113e+02 1.313408110000000022e+02 1.314813069999999868e+02
1.334400510000000111e+02 1.333545619999999872e+02 1.334902419999999950e+02
1.321666759999999954e+02 1.321070620000000133e+02 1.322386459999999886e+02
1.327221130000000073e+02 1.328577919999999892e+02 1.328065430000000049e+02
1.321563409999999976e+02 1.322322479999999985e+02 1.322778279999999995e+02
1.364570219999999949e+02 1.363728490000000022e+02 1.365086139999999943e+02
1.327327699999999879e+02 1.326221250000000111e+02 1.326915219999999920e+02
1.364235950000000059e+02 1.365082109999999886e+02 1.363737619999999993e+02
1.323082609999999875e+02 1.324161220000000014e+02 1.324205579999999998e+02
1.378551830000000109e+02 1.379785139999999899e+02 1.379672280000000057e+02
1.318188299999999913e+02 1.317580429999999865e+02 1.316719239999999900e+02
1.310392980000000023e+02 1.311199740000000133e+02 1.309829019999999957e+02
1.310967970000000093e+02 1.310252549999999871e+02 1.311571559999999863e+02
1.353888750000000130e+02 1.354395100000000127e+02 1.355243969999999933e+02
1.360673240000000135e+02 1.359327959999999962e+02 1.359832639999999913e+02
1.314115060000000028e+02 1.312745590000000107e+02 1.313395020000000102e+02
1.349313659999999970e+02 1.347964760000000126e+02 1.348468670000000031e+02
1.348468670000000031e+02 1.347964760000000126e+02 1.347119000000000142e+02
1.373384049999999945e+02 1.372885819999999910e+02 1.372025280000000009e+02
1.329718900000000019e+02 1.331028159999999900e+02 1.330471689999999967e+02
1.373877310000000023e+02 1.373384049999999945e+02 1.372521370000000047e+02
1.374199380000000019e+02 1.374580949999999859e+02 1.373201359999999909e+02
1.341671059999999898e+02 1.342538509999999974e+02 1.341134940000000029e+02
1.321068740000000048e+02 1.319624709999999936e+02 1.320270060000000001e+02
1.379672280000000057e+02 1.380847719999999867e+02 1.379539460000000020e+02
1.359832639999999913e+02 1.358481130000000121e+02 1.358988080000000025e+02
1.374249910000000057e+02 1.374741270000000100e+02 1.375614290000000040e+02
1.304819779999999980e+02 1.305585020000000043e+02 1.304278610000000072e+02
1.342183220000000006e+02 1.341639270000000010e+02 1.340807330000000093e+02
1.333187869999999862e+02 1.332687050000000113e+02 1.331824210000000051e+02
1.370384889999999984e+02 1.371058449999999880e+02 1.371613800000000083e+02
1.377712950000000092e+02 1.378828770000000077e+02 1.377582879999999932e+02
1.380847719999999867e+02 1.380791429999999878e+02 1.381787789999999916e+02
1.307130929999999864e+02 1.306461079999999981e+02 1.305786420000000021e+02
1.333545619999999872e+02 1.334046859999999981e+02 1.334902419999999950e+02
1.341134940000000029e+02 1.342538509999999974e+02 1.342099320000000091e+02
1.364395829999999989e+02 1.365242330000000095e+02 1.363889540000000125e+02
1.322829989999999896e+02 1.323671659999999974e+02 1.322316690000000108e+02
1.326545529999999928e+02 1.326040319999999895e+02 1.325197300000000098e+02
1.331457519999999874e+02 1.330099380000000053e+02 1.330602710000000002e+02
1.323340169999999887e+02 1.322829989999999896e+02 1.321990380000000016e+02
1.329087220000000116e+02 1.327730980000000045e+02 1.328238210000000095e+02
1.317545900000000074e+02 1.318188299999999913e+02 1.316719239999999900e+02
1.310990480000000105e+02 1.310370259999999973e+02 1.311833560000000034e+02
1.312302770000000010e+02 1.310990480000000105e+02 1.311833560000000034e+02
1.310370259999999973e+02 1.310755929999999978e+02 1.311833560000000034e+02
1.312237900000000081e+02 1.313250480000000096e+02 1.311833560000000034e+02
1.310755929999999978e+02 1.312237900000000081e+02 1.311833560000000034e+02
1.311833560000000034e+02 1.313250480000000096e+02 1.313088659999999948e+02
1.312302770000000010e+02 1.311833560000000034e+02 1.313088659999999948e+02
