2.007001400000000103e+03
2.007004100000000108e+03
2.007006800000000112e+03
2.007009600000000091e+03
2.007012300000000096e+03
2.007015100000000075e+03
2.007017800000000079e+03
2.007020500000000084e+03
2.007023300000000063e+03
2.007026000000000067e+03
2.007028800000000047e+03
2.007031500000000051e+03
2.007034200000000055e+03
2.007037000000000035e+03
2.007039700000000039e+03
2.007042500000000018e+03
2.007045200000000023e+03
2.007047900000000027e+03
2.007050700000000006e+03
2.007053400000000011e+03
2.007056199999999990e+03
2.007058899999999994e+03
2.007061599999999999e+03
2.007064399999999978e+03
2.007067099999999982e+03
2.007069899999999961e+03
2.007072599999999966e+03
2.007075299999999970e+03
2.007078099999999949e+03
2.007080799999999954e+03
2.007083599999999933e+03
2.007086299999999937e+03
2.007088999999999942e+03
2.007091799999999921e+03
2.007094499999999925e+03
2.007097299999999905e+03
2.007099999999999909e+03
2.007102699999999913e+03
2.007105499999999893e+03
2.007108199999999897e+03
2.007111000000000104e+03
2.007113700000000108e+03
2.007116400000000112e+03
2.007119200000000092e+03
2.007121900000000096e+03
2.007124700000000075e+03
2.007127400000000080e+03
2.007130100000000084e+03
2.007132900000000063e+03
2.007135600000000068e+03
2.007138400000000047e+03
2.007141100000000051e+03
2.007143800000000056e+03
2.007146600000000035e+03
2.007149300000000039e+03
2.007152100000000019e+03
2.007154800000000023e+03
2.007157500000000027e+03
2.007160300000000007e+03
2.007163000000000011e+03
2.007165799999999990e+03
2.007168499999999995e+03
2.007171199999999999e+03
2.007173999999999978e+03
2.007176699999999983e+03
2.007179499999999962e+03
2.007182199999999966e+03
2.007184899999999971e+03
2.007187699999999950e+03
2.007190399999999954e+03
2.007193199999999933e+03
2.007195899999999938e+03
2.007198599999999942e+03
2.007201399999999921e+03
2.007204099999999926e+03
2.007206799999999930e+03
2.007209599999999909e+03
2.007212299999999914e+03
2.007215099999999893e+03
2.007217799999999897e+03
2.007220499999999902e+03
2.007223300000000108e+03
2.007226000000000113e+03
2.007228800000000092e+03
2.007231500000000096e+03
2.007234200000000101e+03
2.007237000000000080e+03
2.007239700000000084e+03
2.007242500000000064e+03
2.007245200000000068e+03
2.007247900000000072e+03
2.007250700000000052e+03
2.007253400000000056e+03
2.007256200000000035e+03
2.007258900000000040e+03
2.007261600000000044e+03
2.007264400000000023e+03
2.007267100000000028e+03
2.007269900000000007e+03
2.007272600000000011e+03
2.007275300000000016e+03
2.007278099999999995e+03
2.007280799999999999e+03
2.007283599999999979e+03
2.007286299999999983e+03
2.007288999999999987e+03
2.007291799999999967e+03
2.007294499999999971e+03
2.007297299999999950e+03
2.007299999999999955e+03
2.007302699999999959e+03
2.007305499999999938e+03
2.007308199999999943e+03
2.007310999999999922e+03
2.007313699999999926e+03
2.007316399999999931e+03
2.007319199999999910e+03
2.007321899999999914e+03
2.007324699999999893e+03
2.007327399999999898e+03
2.007330099999999902e+03
2.007332900000000109e+03
2.007335600000000113e+03
2.007338400000000092e+03
2.007341100000000097e+03
2.007343800000000101e+03
2.007346600000000080e+03
2.007349300000000085e+03
2.007352100000000064e+03
2.007354800000000068e+03
2.007357500000000073e+03
2.007360300000000052e+03
2.007363000000000056e+03
2.007365800000000036e+03
2.007368500000000040e+03
2.007371200000000044e+03
2.007374000000000024e+03
2.007376700000000028e+03
2.007379500000000007e+03
2.007382200000000012e+03
2.007384900000000016e+03
2.007387699999999995e+03
2.007390400000000000e+03
2.007393199999999979e+03
2.007395899999999983e+03
2.007398599999999988e+03
2.007401399999999967e+03
2.007404099999999971e+03
2.007406799999999976e+03
2.007409599999999955e+03
2.007412299999999959e+03
2.007415099999999939e+03
2.007417799999999943e+03
2.007420499999999947e+03
2.007423299999999927e+03
2.007425999999999931e+03
2.007428799999999910e+03
2.007431499999999915e+03
2.007434199999999919e+03
2.007436999999999898e+03
2.007439699999999903e+03
2.007442500000000109e+03
2.007445200000000114e+03
2.007447899999999890e+03
2.007450700000000097e+03
2.007453400000000101e+03
2.007456200000000081e+03
2.007458900000000085e+03
2.007461600000000089e+03
2.007464400000000069e+03
2.007467100000000073e+03
2.007469900000000052e+03
2.007472600000000057e+03
2.007475300000000061e+03
2.007478100000000040e+03
2.007480800000000045e+03
2.007483600000000024e+03
2.007486300000000028e+03
2.007489000000000033e+03
2.007491800000000012e+03
2.007494500000000016e+03
2.007497299999999996e+03
2.007500000000000000e+03
2.007502700000000004e+03
2.007505499999999984e+03
2.007508199999999988e+03
2.007510999999999967e+03
2.007513699999999972e+03
2.007516399999999976e+03
2.007519199999999955e+03
2.007521899999999960e+03
2.007524699999999939e+03
2.007527399999999943e+03
2.007530099999999948e+03
2.007532899999999927e+03
2.007535599999999931e+03
2.007538399999999911e+03
2.007541099999999915e+03
2.007543799999999919e+03
2.007546599999999899e+03
2.007549299999999903e+03
2.007552100000000110e+03
2.007554799999999886e+03
2.007557499999999891e+03
2.007560300000000097e+03
2.007563000000000102e+03
2.007565800000000081e+03
2.007568500000000085e+03
2.007571200000000090e+03
2.007574000000000069e+03
2.007576700000000073e+03
2.007579500000000053e+03
2.007582200000000057e+03
2.007584900000000061e+03
2.007587700000000041e+03
2.007590400000000045e+03
2.007593200000000024e+03
2.007595900000000029e+03
2.007598600000000033e+03
2.007601400000000012e+03
2.007604100000000017e+03
2.007606800000000021e+03
2.007609600000000000e+03
2.007612300000000005e+03
2.007615099999999984e+03
2.007617799999999988e+03
2.007620499999999993e+03
2.007623299999999972e+03
2.007625999999999976e+03
2.007628799999999956e+03
2.007631499999999960e+03
2.007634199999999964e+03
2.007636999999999944e+03
2.007639699999999948e+03
2.007642499999999927e+03
2.007645199999999932e+03
2.007647899999999936e+03
2.007650699999999915e+03
2.007653399999999920e+03
2.007656199999999899e+03
2.007658899999999903e+03
2.007661599999999908e+03
2.007664399999999887e+03
2.007667099999999891e+03
2.007669900000000098e+03
2.007672600000000102e+03
2.007675300000000107e+03
2.007678100000000086e+03
2.007680800000000090e+03
2.007683600000000069e+03
2.007686300000000074e+03
2.007689000000000078e+03
2.007691800000000057e+03
2.007694500000000062e+03
2.007697300000000041e+03
2.007700000000000045e+03
2.007702700000000050e+03
2.007705500000000029e+03
2.007708200000000033e+03
2.007711000000000013e+03
2.007713700000000017e+03
2.007716400000000021e+03
2.007719200000000001e+03
2.007721900000000005e+03
2.007724699999999984e+03
2.007727399999999989e+03
2.007730099999999993e+03
2.007732899999999972e+03
2.007735599999999977e+03
2.007738399999999956e+03
2.007741099999999960e+03
2.007743799999999965e+03
2.007746599999999944e+03
2.007749299999999948e+03
2.007752099999999928e+03
2.007754799999999932e+03
2.007757499999999936e+03
2.007760299999999916e+03
2.007762999999999920e+03
2.007765799999999899e+03
2.007768499999999904e+03
2.007771199999999908e+03
2.007773999999999887e+03
2.007776699999999892e+03
2.007779500000000098e+03
2.007782200000000103e+03
2.007784900000000107e+03
2.007787700000000086e+03
2.007790400000000091e+03
2.007793200000000070e+03
2.007795900000000074e+03
2.007798600000000079e+03
2.007801400000000058e+03
2.007804100000000062e+03
2.007806800000000067e+03
2.007809600000000046e+03
2.007812300000000050e+03
2.007815100000000029e+03
2.007817800000000034e+03
2.007820500000000038e+03
2.007823300000000017e+03
2.007826000000000022e+03
2.007828800000000001e+03
2.007831500000000005e+03
2.007834200000000010e+03
2.007836999999999989e+03
2.007839699999999993e+03
2.007842499999999973e+03
2.007845199999999977e+03
2.007847899999999981e+03
2.007850699999999961e+03
2.007853399999999965e+03
2.007856199999999944e+03
2.007858899999999949e+03
2.007861599999999953e+03
2.007864399999999932e+03
2.007867099999999937e+03
2.007869899999999916e+03
2.007872599999999920e+03
2.007875299999999925e+03
2.007878099999999904e+03
2.007880799999999908e+03
2.007883599999999888e+03
2.007886299999999892e+03
2.007888999999999896e+03
2.007891800000000103e+03
2.007894500000000107e+03
2.007897300000000087e+03
2.007900000000000091e+03
2.007902700000000095e+03
2.007905500000000075e+03
2.007908200000000079e+03
2.007911000000000058e+03
2.007913700000000063e+03
2.007916400000000067e+03
2.007919200000000046e+03
2.007921900000000051e+03
2.007924700000000030e+03
2.007927400000000034e+03
2.007930100000000039e+03
2.007932900000000018e+03
2.007935600000000022e+03
2.007938400000000001e+03
2.007941100000000006e+03
2.007943800000000010e+03
2.007946599999999989e+03
2.007949299999999994e+03
2.007952099999999973e+03
2.007954799999999977e+03
2.007957499999999982e+03
2.007960299999999961e+03
2.007962999999999965e+03
2.007965799999999945e+03
2.007968499999999949e+03
2.007971199999999953e+03
2.007973999999999933e+03
2.007976699999999937e+03
2.007979499999999916e+03
2.007982199999999921e+03
2.007984899999999925e+03
2.007987699999999904e+03
2.007990399999999909e+03
2.007993199999999888e+03
2.007995899999999892e+03
2.007998599999999897e+03
2.008001400000000103e+03
2.008004100000000108e+03
2.008006800000000112e+03
2.008009600000000091e+03
2.008012300000000096e+03
2.008015000000000100e+03
2.008017800000000079e+03
2.008020500000000084e+03
2.008023200000000088e+03
2.008026000000000067e+03
2.008028700000000072e+03
2.008031400000000076e+03
2.008034200000000055e+03
2.008036900000000060e+03
2.008039600000000064e+03
2.008042300000000068e+03
2.008045100000000048e+03
2.008047800000000052e+03
2.008050500000000056e+03
2.008053300000000036e+03
2.008056000000000040e+03
2.008058700000000044e+03
2.008061500000000024e+03
2.008064200000000028e+03
2.008066900000000032e+03
2.008069700000000012e+03
2.008072400000000016e+03
2.008075100000000020e+03
2.008077900000000000e+03
2.008080600000000004e+03
2.008083300000000008e+03
2.008086099999999988e+03
2.008088799999999992e+03
2.008091499999999996e+03
2.008094299999999976e+03
2.008096999999999980e+03
2.008099699999999984e+03
2.008102499999999964e+03
2.008105199999999968e+03
2.008107899999999972e+03
2.008110699999999952e+03
2.008113399999999956e+03
2.008116099999999960e+03
2.008118899999999940e+03
2.008121599999999944e+03
2.008124299999999948e+03
2.008126999999999953e+03
2.008129799999999932e+03
2.008132499999999936e+03
2.008135199999999941e+03
2.008137999999999920e+03
2.008140699999999924e+03
2.008143399999999929e+03
2.008146199999999908e+03
2.008148899999999912e+03
2.008151599999999917e+03
2.008154399999999896e+03
2.008157099999999900e+03
2.008159799999999905e+03
2.008162600000000111e+03
2.008165299999999888e+03
2.008167999999999893e+03
2.008170800000000099e+03
2.008173500000000104e+03
2.008176200000000108e+03
2.008179000000000087e+03
2.008181700000000092e+03
2.008184400000000096e+03
2.008187200000000075e+03
2.008189900000000080e+03
2.008192600000000084e+03
2.008195400000000063e+03
2.008198100000000068e+03
2.008200800000000072e+03
2.008203600000000051e+03
2.008206300000000056e+03
2.008209000000000060e+03
2.008211700000000064e+03
2.008214500000000044e+03
2.008217200000000048e+03
2.008219900000000052e+03
2.008222700000000032e+03
2.008225400000000036e+03
2.008228100000000040e+03
2.008230900000000020e+03
2.008233600000000024e+03
2.008236300000000028e+03
2.008239100000000008e+03
2.008241800000000012e+03
2.008244500000000016e+03
2.008247299999999996e+03
2.008250000000000000e+03
2.008252700000000004e+03
2.008255499999999984e+03
2.008258199999999988e+03
2.008260899999999992e+03
2.008263699999999972e+03
2.008266399999999976e+03
2.008269099999999980e+03
2.008271899999999960e+03
2.008274599999999964e+03
2.008277299999999968e+03
2.008280099999999948e+03
2.008282799999999952e+03
2.008285499999999956e+03
2.008288299999999936e+03
2.008290999999999940e+03
2.008293699999999944e+03
2.008296399999999949e+03
2.008299199999999928e+03
2.008301899999999932e+03
2.008304599999999937e+03
2.008307399999999916e+03
2.008310099999999920e+03
2.008312799999999925e+03
2.008315599999999904e+03
2.008318299999999908e+03
2.008320999999999913e+03
2.008323799999999892e+03
2.008326499999999896e+03
2.008329199999999901e+03
2.008332000000000107e+03
2.008334700000000112e+03
2.008337399999999889e+03
2.008340200000000095e+03
2.008342900000000100e+03
2.008345600000000104e+03
2.008348400000000083e+03
2.008351100000000088e+03
2.008353800000000092e+03
2.008356600000000071e+03
2.008359300000000076e+03
2.008362000000000080e+03
2.008364800000000059e+03
2.008367500000000064e+03
2.008370200000000068e+03
2.008373000000000047e+03
2.008375700000000052e+03
2.008378400000000056e+03
2.008381100000000060e+03
2.008383900000000040e+03
2.008386600000000044e+03
2.008389300000000048e+03
2.008392100000000028e+03
2.008394800000000032e+03
2.008397500000000036e+03
2.008400300000000016e+03
2.008403000000000020e+03
2.008405700000000024e+03
2.008408500000000004e+03
2.008411200000000008e+03
2.008413900000000012e+03
2.008416699999999992e+03
2.008419399999999996e+03
2.008422100000000000e+03
2.008424899999999980e+03
2.008427599999999984e+03
2.008430299999999988e+03
2.008433099999999968e+03
2.008435799999999972e+03
2.008438499999999976e+03
2.008441299999999956e+03
2.008443999999999960e+03
2.008446699999999964e+03
2.008449499999999944e+03
2.008452199999999948e+03
2.008454899999999952e+03
2.008457699999999932e+03
2.008460399999999936e+03
2.008463099999999940e+03
2.008465799999999945e+03
2.008468599999999924e+03
2.008471299999999928e+03
2.008473999999999933e+03
2.008476799999999912e+03
2.008479499999999916e+03
2.008482199999999921e+03
2.008484999999999900e+03
2.008487699999999904e+03
2.008490399999999909e+03
2.008493199999999888e+03
2.008495899999999892e+03
2.008498599999999897e+03
2.008501400000000103e+03
2.008504100000000108e+03
2.008506800000000112e+03
2.008509600000000091e+03
2.008512300000000096e+03
2.008515000000000100e+03
2.008517800000000079e+03
2.008520500000000084e+03
2.008523200000000088e+03
2.008526000000000067e+03
2.008528700000000072e+03
2.008531400000000076e+03
2.008534200000000055e+03
2.008536900000000060e+03
2.008539600000000064e+03
2.008542300000000068e+03
2.008545100000000048e+03
2.008547800000000052e+03
2.008550500000000056e+03
2.008553300000000036e+03
2.008556000000000040e+03
2.008558700000000044e+03
2.008561500000000024e+03
2.008564200000000028e+03
2.008566900000000032e+03
2.008569700000000012e+03
2.008572400000000016e+03
2.008575100000000020e+03
2.008577900000000000e+03
2.008580600000000004e+03
2.008583300000000008e+03
2.008586099999999988e+03
2.008588799999999992e+03
2.008591499999999996e+03
2.008594299999999976e+03
2.008596999999999980e+03
2.008599699999999984e+03
2.008602499999999964e+03
2.008605199999999968e+03
2.008607899999999972e+03
2.008610699999999952e+03
2.008613399999999956e+03
2.008616099999999960e+03
2.008618899999999940e+03
2.008621599999999944e+03
2.008624299999999948e+03
2.008626999999999953e+03
2.008629799999999932e+03
2.008632499999999936e+03
2.008635199999999941e+03
2.008637999999999920e+03
2.008640699999999924e+03
2.008643399999999929e+03
2.008646199999999908e+03
2.008648899999999912e+03
2.008651599999999917e+03
2.008654399999999896e+03
2.008657099999999900e+03
2.008659799999999905e+03
2.008662600000000111e+03
2.008665299999999888e+03
2.008667999999999893e+03
2.008670800000000099e+03
2.008673500000000104e+03
2.008676200000000108e+03
2.008679000000000087e+03
2.008681700000000092e+03
2.008684400000000096e+03
2.008687200000000075e+03
2.008689900000000080e+03
2.008692600000000084e+03
2.008695400000000063e+03
2.008698100000000068e+03
2.008700800000000072e+03
2.008703600000000051e+03
2.008706300000000056e+03
2.008709000000000060e+03
2.008711700000000064e+03
2.008714500000000044e+03
2.008717200000000048e+03
2.008719900000000052e+03
2.008722700000000032e+03
2.008725400000000036e+03
2.008728100000000040e+03
2.008730900000000020e+03
2.008733600000000024e+03
2.008736300000000028e+03
2.008739100000000008e+03
2.008741800000000012e+03
2.008744500000000016e+03
2.008747299999999996e+03
2.008750000000000000e+03
2.008752700000000004e+03
2.008755499999999984e+03
2.008758199999999988e+03
2.008760899999999992e+03
2.008763699999999972e+03
2.008766399999999976e+03
2.008769099999999980e+03
2.008771899999999960e+03
2.008774599999999964e+03
2.008777299999999968e+03
2.008780099999999948e+03
2.008782799999999952e+03
2.008785499999999956e+03
2.008788299999999936e+03
2.008790999999999940e+03
2.008793699999999944e+03
2.008796399999999949e+03
2.008799199999999928e+03
2.008801899999999932e+03
2.008804599999999937e+03
2.008807399999999916e+03
2.008810099999999920e+03
2.008812799999999925e+03
2.008815599999999904e+03
2.008818299999999908e+03
2.008820999999999913e+03
2.008823799999999892e+03
2.008826499999999896e+03
2.008829199999999901e+03
2.008832000000000107e+03
2.008834700000000112e+03
2.008837399999999889e+03
2.008840200000000095e+03
2.008842900000000100e+03
2.008845600000000104e+03
2.008848400000000083e+03
2.008851100000000088e+03
2.008853800000000092e+03
2.008856600000000071e+03
2.008859300000000076e+03
2.008862000000000080e+03
2.008864800000000059e+03
2.008867500000000064e+03
2.008870200000000068e+03
2.008873000000000047e+03
2.008875700000000052e+03
2.008878400000000056e+03
2.008881100000000060e+03
2.008883900000000040e+03
2.008886600000000044e+03
2.008889300000000048e+03
2.008892100000000028e+03
2.008894800000000032e+03
2.008897500000000036e+03
2.008900300000000016e+03
2.008903000000000020e+03
2.008905700000000024e+03
2.008908500000000004e+03
2.008911200000000008e+03
2.008913900000000012e+03
2.008916699999999992e+03
2.008919399999999996e+03
2.008922100000000000e+03
2.008924899999999980e+03
2.008927599999999984e+03
2.008930299999999988e+03
2.008933099999999968e+03
2.008935799999999972e+03
2.008938499999999976e+03
2.008941299999999956e+03
2.008943999999999960e+03
2.008946699999999964e+03
2.008949499999999944e+03
2.008952199999999948e+03
2.008954899999999952e+03
2.008957699999999932e+03
2.008960399999999936e+03
2.008963099999999940e+03
2.008965799999999945e+03
2.008968599999999924e+03
2.008971299999999928e+03
2.008973999999999933e+03
2.008976799999999912e+03
2.008979499999999916e+03
2.008982199999999921e+03
2.008984999999999900e+03
2.008987699999999904e+03
2.008990399999999909e+03
2.008993199999999888e+03
2.008995899999999892e+03
2.008998599999999897e+03
2.009001400000000103e+03
2.009004100000000108e+03
2.009006800000000112e+03
2.009009600000000091e+03
2.009012300000000096e+03
2.009015100000000075e+03
2.009017800000000079e+03
2.009020500000000084e+03
2.009023300000000063e+03
2.009026000000000067e+03
2.009028800000000047e+03
2.009031500000000051e+03
2.009034200000000055e+03
2.009037000000000035e+03
2.009039700000000039e+03
2.009042500000000018e+03
2.009045200000000023e+03
2.009047900000000027e+03
2.009050700000000006e+03
2.009053400000000011e+03
2.009056199999999990e+03
2.009058899999999994e+03
2.009061599999999999e+03
2.009064399999999978e+03
2.009067099999999982e+03
2.009069899999999961e+03
2.009072599999999966e+03
2.009075299999999970e+03
2.009078099999999949e+03
2.009080799999999954e+03
2.009083599999999933e+03
2.009086299999999937e+03
2.009088999999999942e+03
2.009091799999999921e+03
2.009094499999999925e+03
2.009097299999999905e+03
2.009099999999999909e+03
2.009102699999999913e+03
2.009105499999999893e+03
2.009108199999999897e+03
2.009111000000000104e+03
2.009113700000000108e+03
2.009116400000000112e+03
2.009119200000000092e+03
2.009121900000000096e+03
2.009124700000000075e+03
2.009127400000000080e+03
2.009130100000000084e+03
2.009132900000000063e+03
2.009135600000000068e+03
2.009138400000000047e+03
2.009141100000000051e+03
2.009143800000000056e+03
2.009146600000000035e+03
2.009149300000000039e+03
2.009152100000000019e+03
2.009154800000000023e+03
2.009157500000000027e+03
2.009160300000000007e+03
2.009163000000000011e+03
2.009165799999999990e+03
2.009168499999999995e+03
2.009171199999999999e+03
2.009173999999999978e+03
2.009176699999999983e+03
2.009179499999999962e+03
2.009182199999999966e+03
2.009184899999999971e+03
2.009187699999999950e+03
2.009190399999999954e+03
2.009193199999999933e+03
2.009195899999999938e+03
2.009198599999999942e+03
2.009201399999999921e+03
2.009204099999999926e+03
2.009206799999999930e+03
2.009209599999999909e+03
2.009212299999999914e+03
2.009215099999999893e+03
2.009217799999999897e+03
2.009220499999999902e+03
2.009223300000000108e+03
2.009226000000000113e+03
2.009228800000000092e+03
2.009231500000000096e+03
2.009234200000000101e+03
2.009237000000000080e+03
2.009239700000000084e+03
2.009242500000000064e+03
2.009245200000000068e+03
2.009247900000000072e+03
2.009250700000000052e+03
2.009253400000000056e+03
2.009256200000000035e+03
2.009258900000000040e+03
2.009261600000000044e+03
2.009264400000000023e+03
2.009267100000000028e+03
2.009269900000000007e+03
2.009272600000000011e+03
2.009275300000000016e+03
2.009278099999999995e+03
2.009280799999999999e+03
2.009283599999999979e+03
2.009286299999999983e+03
2.009288999999999987e+03
2.009291799999999967e+03
2.009294499999999971e+03
2.009297299999999950e+03
2.009299999999999955e+03
2.009302699999999959e+03
2.009305499999999938e+03
2.009308199999999943e+03
2.009310999999999922e+03
2.009313699999999926e+03
2.009316399999999931e+03
2.009319199999999910e+03
2.009321899999999914e+03
2.009324699999999893e+03
2.009327399999999898e+03
2.009330099999999902e+03
2.009332900000000109e+03
2.009335600000000113e+03
2.009338400000000092e+03
2.009341100000000097e+03
2.009343800000000101e+03
2.009346600000000080e+03
2.009349300000000085e+03
2.009352100000000064e+03
2.009354800000000068e+03
2.009357500000000073e+03
2.009360300000000052e+03
2.009363000000000056e+03
2.009365800000000036e+03
2.009368500000000040e+03
2.009371200000000044e+03
2.009374000000000024e+03
2.009376700000000028e+03
2.009379500000000007e+03
2.009382200000000012e+03
2.009384900000000016e+03
2.009387699999999995e+03
2.009390400000000000e+03
2.009393199999999979e+03
2.009395899999999983e+03
2.009398599999999988e+03
2.009401399999999967e+03
2.009404099999999971e+03
2.009406799999999976e+03
2.009409599999999955e+03
2.009412299999999959e+03
2.009415099999999939e+03
2.009417799999999943e+03
2.009420499999999947e+03
2.009423299999999927e+03
2.009425999999999931e+03
2.009428799999999910e+03
2.009431499999999915e+03
2.009434199999999919e+03
2.009436999999999898e+03
2.009439699999999903e+03
2.009442500000000109e+03
2.009445200000000114e+03
2.009447899999999890e+03
2.009450700000000097e+03
2.009453400000000101e+03
2.009456200000000081e+03
2.009458900000000085e+03
2.009461600000000089e+03
2.009464400000000069e+03
2.009467100000000073e+03
2.009469900000000052e+03
2.009472600000000057e+03
2.009475300000000061e+03
2.009478100000000040e+03
2.009480800000000045e+03
2.009483600000000024e+03
2.009486300000000028e+03
2.009489000000000033e+03
2.009491800000000012e+03
2.009494500000000016e+03
2.009497299999999996e+03
2.009500000000000000e+03
2.009502700000000004e+03
2.009505499999999984e+03
2.009508199999999988e+03
2.009510999999999967e+03
2.009513699999999972e+03
2.009516399999999976e+03
2.009519199999999955e+03
2.009521899999999960e+03
2.009524699999999939e+03
2.009527399999999943e+03
2.009530099999999948e+03
2.009532899999999927e+03
2.009535599999999931e+03
2.009538399999999911e+03
2.009541099999999915e+03
2.009543799999999919e+03
2.009546599999999899e+03
2.009549299999999903e+03
2.009552100000000110e+03
2.009554799999999886e+03
2.009557499999999891e+03
2.009560300000000097e+03
2.009563000000000102e+03
2.009565800000000081e+03
2.009568500000000085e+03
2.009571200000000090e+03
2.009574000000000069e+03
2.009576700000000073e+03
2.009579500000000053e+03
2.009582200000000057e+03
2.009584900000000061e+03
2.009587700000000041e+03
2.009590400000000045e+03
2.009593200000000024e+03
2.009595900000000029e+03
2.009598600000000033e+03
2.009601400000000012e+03
2.009604100000000017e+03
2.009606800000000021e+03
2.009609600000000000e+03
2.009612300000000005e+03
2.009615099999999984e+03
2.009617799999999988e+03
2.009620499999999993e+03
2.009623299999999972e+03
2.009625999999999976e+03
2.009628799999999956e+03
2.009631499999999960e+03
2.009634199999999964e+03
2.009636999999999944e+03
2.009639699999999948e+03
2.009642499999999927e+03
2.009645199999999932e+03
2.009647899999999936e+03
2.009650699999999915e+03
2.009653399999999920e+03
2.009656199999999899e+03
2.009658899999999903e+03
2.009661599999999908e+03
2.009664399999999887e+03
2.009667099999999891e+03
2.009669900000000098e+03
2.009672600000000102e+03
2.009675300000000107e+03
2.009678100000000086e+03
2.009680800000000090e+03
2.009683600000000069e+03
2.009686300000000074e+03
2.009689000000000078e+03
2.009691800000000057e+03
2.009694500000000062e+03
2.009697300000000041e+03
2.009700000000000045e+03
2.009702700000000050e+03
2.009705500000000029e+03
2.009708200000000033e+03
2.009711000000000013e+03
2.009713700000000017e+03
2.009716400000000021e+03
2.009719200000000001e+03
2.009721900000000005e+03
2.009724699999999984e+03
2.009727399999999989e+03
2.009730099999999993e+03
2.009732899999999972e+03
2.009735599999999977e+03
2.009738399999999956e+03
2.009741099999999960e+03
2.009743799999999965e+03
2.009746599999999944e+03
2.009749299999999948e+03
2.009752099999999928e+03
2.009754799999999932e+03
2.009757499999999936e+03
2.009760299999999916e+03
2.009762999999999920e+03
2.009765799999999899e+03
2.009768499999999904e+03
2.009771199999999908e+03
2.009773999999999887e+03
2.009776699999999892e+03
2.009779500000000098e+03
2.009782200000000103e+03
2.009784900000000107e+03
2.009787700000000086e+03
2.009790400000000091e+03
2.009793200000000070e+03
2.009795900000000074e+03
2.009798600000000079e+03
2.009801400000000058e+03
2.009804100000000062e+03
2.009806800000000067e+03
2.009809600000000046e+03
2.009812300000000050e+03
2.009815100000000029e+03
2.009817800000000034e+03
2.009820500000000038e+03
2.009823300000000017e+03
2.009826000000000022e+03
2.009828800000000001e+03
2.009831500000000005e+03
2.009834200000000010e+03
2.009836999999999989e+03
2.009839699999999993e+03
2.009842499999999973e+03
2.009845199999999977e+03
2.009847899999999981e+03
2.009850699999999961e+03
2.009853399999999965e+03
2.009856199999999944e+03
2.009858899999999949e+03
2.009861599999999953e+03
2.009864399999999932e+03
2.009867099999999937e+03
2.009869899999999916e+03
2.009872599999999920e+03
2.009875299999999925e+03
2.009878099999999904e+03
2.009880799999999908e+03
2.009883599999999888e+03
2.009886299999999892e+03
2.009888999999999896e+03
2.009891800000000103e+03
2.009894500000000107e+03
2.009897300000000087e+03
2.009900000000000091e+03
2.009902700000000095e+03
2.009905500000000075e+03
2.009908200000000079e+03
2.009911000000000058e+03
2.009913700000000063e+03
2.009916400000000067e+03
2.009919200000000046e+03
2.009921900000000051e+03
2.009924700000000030e+03
2.009927400000000034e+03
2.009930100000000039e+03
2.009932900000000018e+03
2.009935600000000022e+03
2.009938400000000001e+03
2.009941100000000006e+03
2.009943800000000010e+03
2.009946599999999989e+03
2.009949299999999994e+03
2.009952099999999973e+03
2.009954799999999977e+03
2.009957499999999982e+03
2.009960299999999961e+03
2.009962999999999965e+03
2.009965799999999945e+03
2.009968499999999949e+03
2.009971199999999953e+03
2.009973999999999933e+03
2.009976699999999937e+03
2.009979499999999916e+03
2.009982199999999921e+03
2.009984899999999925e+03
2.009987699999999904e+03
2.009990399999999909e+03
2.009993199999999888e+03
2.009995899999999892e+03
2.009998599999999897e+03
2.010001400000000103e+03
2.010004100000000108e+03
2.010006800000000112e+03
2.010009600000000091e+03
2.010012300000000096e+03
2.010015100000000075e+03
2.010017800000000079e+03
2.010020500000000084e+03
2.010023300000000063e+03
2.010026000000000067e+03
2.010028800000000047e+03
2.010031500000000051e+03
2.010034200000000055e+03
2.010037000000000035e+03
2.010039700000000039e+03
2.010042500000000018e+03
2.010045200000000023e+03
2.010047900000000027e+03
2.010050700000000006e+03
2.010053400000000011e+03
2.010056199999999990e+03
2.010058899999999994e+03
2.010061599999999999e+03
2.010064399999999978e+03
2.010067099999999982e+03
2.010069899999999961e+03
2.010072599999999966e+03
2.010075299999999970e+03
2.010078099999999949e+03
2.010080799999999954e+03
2.010083599999999933e+03
2.010086299999999937e+03
2.010088999999999942e+03
2.010091799999999921e+03
2.010094499999999925e+03
2.010097299999999905e+03
2.010099999999999909e+03
2.010102699999999913e+03
2.010105499999999893e+03
2.010108199999999897e+03
2.010111000000000104e+03
2.010113700000000108e+03
2.010116400000000112e+03
2.010119200000000092e+03
2.010121900000000096e+03
2.010124700000000075e+03
2.010127400000000080e+03
2.010130100000000084e+03
2.010132900000000063e+03
2.010135600000000068e+03
2.010138400000000047e+03
2.010141100000000051e+03
2.010143800000000056e+03
2.010146600000000035e+03
2.010149300000000039e+03
2.010152100000000019e+03
2.010154800000000023e+03
2.010157500000000027e+03
2.010160300000000007e+03
2.010163000000000011e+03
2.010165799999999990e+03
2.010168499999999995e+03
2.010171199999999999e+03
2.010173999999999978e+03
2.010176699999999983e+03
2.010179499999999962e+03
2.010182199999999966e+03
2.010184899999999971e+03
2.010187699999999950e+03
2.010190399999999954e+03
2.010193199999999933e+03
2.010195899999999938e+03
2.010198599999999942e+03
2.010201399999999921e+03
2.010204099999999926e+03
2.010206799999999930e+03
2.010209599999999909e+03
2.010212299999999914e+03
2.010215099999999893e+03
2.010217799999999897e+03
2.010220499999999902e+03
2.010223300000000108e+03
2.010226000000000113e+03
2.010228800000000092e+03
2.010231500000000096e+03
2.010234200000000101e+03
2.010237000000000080e+03
2.010239700000000084e+03
2.010242500000000064e+03
2.010245200000000068e+03
2.010247900000000072e+03
2.010250700000000052e+03
2.010253400000000056e+03
2.010256200000000035e+03
2.010258900000000040e+03
2.010261600000000044e+03
2.010264400000000023e+03
2.010267100000000028e+03
2.010269900000000007e+03
2.010272600000000011e+03
2.010275300000000016e+03
2.010278099999999995e+03
2.010280799999999999e+03
2.010283599999999979e+03
2.010286299999999983e+03
2.010288999999999987e+03
2.010291799999999967e+03
2.010294499999999971e+03
2.010297299999999950e+03
2.010299999999999955e+03
2.010302699999999959e+03
2.010305499999999938e+03
2.010308199999999943e+03
2.010310999999999922e+03
2.010313699999999926e+03
2.010316399999999931e+03
2.010319199999999910e+03
2.010321899999999914e+03
2.010324699999999893e+03
2.010327399999999898e+03
2.010330099999999902e+03
2.010332900000000109e+03
2.010335600000000113e+03
2.010338400000000092e+03
2.010341100000000097e+03
2.010343800000000101e+03
2.010346600000000080e+03
2.010349300000000085e+03
2.010352100000000064e+03
2.010354800000000068e+03
2.010357500000000073e+03
2.010360300000000052e+03
2.010363000000000056e+03
2.010365800000000036e+03
2.010368500000000040e+03
2.010371200000000044e+03
2.010374000000000024e+03
2.010376700000000028e+03
2.010379500000000007e+03
2.010382200000000012e+03
2.010384900000000016e+03
2.010387699999999995e+03
2.010390400000000000e+03
2.010393199999999979e+03
2.010395899999999983e+03
2.010398599999999988e+03
2.010401399999999967e+03
2.010404099999999971e+03
2.010406799999999976e+03
2.010409599999999955e+03
2.010412299999999959e+03
2.010415099999999939e+03
2.010417799999999943e+03
2.010420499999999947e+03
2.010423299999999927e+03
2.010425999999999931e+03
2.010428799999999910e+03
2.010431499999999915e+03
2.010434199999999919e+03
2.010436999999999898e+03
2.010439699999999903e+03
2.010442500000000109e+03
2.010445200000000114e+03
2.010447899999999890e+03
2.010450700000000097e+03
2.010453400000000101e+03
2.010456200000000081e+03
2.010458900000000085e+03
2.010461600000000089e+03
2.010464400000000069e+03
2.010467100000000073e+03
2.010469900000000052e+03
2.010472600000000057e+03
2.010475300000000061e+03
2.010478100000000040e+03
2.010480800000000045e+03
2.010483600000000024e+03
2.010486300000000028e+03
2.010489000000000033e+03
2.010491800000000012e+03
2.010494500000000016e+03
2.010497299999999996e+03
2.010500000000000000e+03
2.010502700000000004e+03
2.010505499999999984e+03
2.010508199999999988e+03
2.010510999999999967e+03
2.010513699999999972e+03
2.010516399999999976e+03
2.010519199999999955e+03
2.010521899999999960e+03
2.010524699999999939e+03
2.010527399999999943e+03
2.010530099999999948e+03
2.010532899999999927e+03
2.010535599999999931e+03
2.010538399999999911e+03
2.010541099999999915e+03
2.010543799999999919e+03
2.010546599999999899e+03
2.010549299999999903e+03
2.010552100000000110e+03
2.010554799999999886e+03
2.010557499999999891e+03
2.010560300000000097e+03
2.010563000000000102e+03
2.010565800000000081e+03
2.010568500000000085e+03
2.010571200000000090e+03
2.010574000000000069e+03
2.010576700000000073e+03
2.010579500000000053e+03
2.010582200000000057e+03
2.010584900000000061e+03
2.010587700000000041e+03
2.010590400000000045e+03
2.010593200000000024e+03
2.010595900000000029e+03
2.010598600000000033e+03
2.010601400000000012e+03
2.010604100000000017e+03
2.010606800000000021e+03
2.010609600000000000e+03
2.010612300000000005e+03
2.010615099999999984e+03
2.010617799999999988e+03
2.010620499999999993e+03
2.010623299999999972e+03
2.010625999999999976e+03
2.010628799999999956e+03
2.010631499999999960e+03
2.010634199999999964e+03
2.010636999999999944e+03
2.010639699999999948e+03
2.010642499999999927e+03
2.010645199999999932e+03
2.010647899999999936e+03
2.010650699999999915e+03
2.010653399999999920e+03
2.010656199999999899e+03
2.010658899999999903e+03
2.010661599999999908e+03
2.010664399999999887e+03
2.010667099999999891e+03
2.010669900000000098e+03
2.010672600000000102e+03
2.010675300000000107e+03
2.010678100000000086e+03
2.010680800000000090e+03
2.010683600000000069e+03
2.010686300000000074e+03
2.010689000000000078e+03
2.010691800000000057e+03
2.010694500000000062e+03
2.010697300000000041e+03
2.010700000000000045e+03
2.010702700000000050e+03
2.010705500000000029e+03
2.010708200000000033e+03
2.010711000000000013e+03
2.010713700000000017e+03
2.010716400000000021e+03
2.010719200000000001e+03
2.010721900000000005e+03
2.010724699999999984e+03
2.010727399999999989e+03
2.010730099999999993e+03
2.010732899999999972e+03
2.010735599999999977e+03
2.010738399999999956e+03
2.010741099999999960e+03
2.010743799999999965e+03
2.010746599999999944e+03
2.010749299999999948e+03
2.010752099999999928e+03
2.010754799999999932e+03
2.010757499999999936e+03
2.010760299999999916e+03
2.010762999999999920e+03
2.010765799999999899e+03
2.010768499999999904e+03
2.010771199999999908e+03
2.010773999999999887e+03
2.010776699999999892e+03
2.010779500000000098e+03
2.010782200000000103e+03
2.010784900000000107e+03
2.010787700000000086e+03
2.010790400000000091e+03
2.010793200000000070e+03
2.010795900000000074e+03
2.010798600000000079e+03
2.010801400000000058e+03
2.010804100000000062e+03
2.010806800000000067e+03
2.010809600000000046e+03
2.010812300000000050e+03
2.010815100000000029e+03
2.010817800000000034e+03
2.010820500000000038e+03
2.010823300000000017e+03
2.010826000000000022e+03
2.010828800000000001e+03
2.010831500000000005e+03
2.010834200000000010e+03
2.010836999999999989e+03
2.010839699999999993e+03
2.010842499999999973e+03
2.010845199999999977e+03
2.010847899999999981e+03
2.010850699999999961e+03
2.010853399999999965e+03
2.010856199999999944e+03
2.010858899999999949e+03
2.010861599999999953e+03
2.010864399999999932e+03
2.010867099999999937e+03
2.010869899999999916e+03
2.010872599999999920e+03
2.010875299999999925e+03
2.010878099999999904e+03
2.010880799999999908e+03
2.010883599999999888e+03
2.010886299999999892e+03
2.010888999999999896e+03
2.010891800000000103e+03
2.010894500000000107e+03
2.010897300000000087e+03
2.010900000000000091e+03
2.010902700000000095e+03
2.010905500000000075e+03
2.010908200000000079e+03
2.010911000000000058e+03
2.010913700000000063e+03
2.010916400000000067e+03
2.010919200000000046e+03
2.010921900000000051e+03
2.010924700000000030e+03
2.010927400000000034e+03
2.010930100000000039e+03
2.010932900000000018e+03
2.010935600000000022e+03
2.010938400000000001e+03
2.010941100000000006e+03
2.010943800000000010e+03
2.010946599999999989e+03
2.010949299999999994e+03
2.010952099999999973e+03
2.010954799999999977e+03
2.010957499999999982e+03
2.010960299999999961e+03
2.010962999999999965e+03
2.010965799999999945e+03
2.010968499999999949e+03
2.010971199999999953e+03
2.010973999999999933e+03
2.010976699999999937e+03
2.010979499999999916e+03
2.010982199999999921e+03
2.010984899999999925e+03
2.010987699999999904e+03
2.010990399999999909e+03
2.010993199999999888e+03
2.010995899999999892e+03
2.010998599999999897e+03
2.011001400000000103e+03
2.011004100000000108e+03
2.011006800000000112e+03
2.011009600000000091e+03
2.011012300000000096e+03
2.011015100000000075e+03
2.011017800000000079e+03
2.011020500000000084e+03
2.011023300000000063e+03
2.011026000000000067e+03
2.011028800000000047e+03
2.011031500000000051e+03
2.011034200000000055e+03
2.011037000000000035e+03
2.011039700000000039e+03
2.011042500000000018e+03
2.011045200000000023e+03
2.011047900000000027e+03
2.011050700000000006e+03
2.011053400000000011e+03
2.011056199999999990e+03
2.011058899999999994e+03
2.011061599999999999e+03
2.011064399999999978e+03
2.011067099999999982e+03
2.011069899999999961e+03
2.011072599999999966e+03
2.011075299999999970e+03
2.011078099999999949e+03
2.011080799999999954e+03
2.011083599999999933e+03
2.011086299999999937e+03
2.011088999999999942e+03
2.011091799999999921e+03
2.011094499999999925e+03
2.011097299999999905e+03
2.011099999999999909e+03
2.011102699999999913e+03
2.011105499999999893e+03
2.011108199999999897e+03
2.011111000000000104e+03
2.011113700000000108e+03
2.011116400000000112e+03
2.011119200000000092e+03
2.011121900000000096e+03
2.011124700000000075e+03
2.011127400000000080e+03
2.011130100000000084e+03
2.011132900000000063e+03
2.011135600000000068e+03
2.011138400000000047e+03
2.011141100000000051e+03
2.011143800000000056e+03
2.011146600000000035e+03
2.011149300000000039e+03
2.011152100000000019e+03
2.011154800000000023e+03
2.011157500000000027e+03
2.011160300000000007e+03
2.011163000000000011e+03
2.011165799999999990e+03
2.011168499999999995e+03
2.011171199999999999e+03
2.011173999999999978e+03
2.011176699999999983e+03
2.011179499999999962e+03
2.011182199999999966e+03
2.011184899999999971e+03
2.011187699999999950e+03
2.011190399999999954e+03
2.011193199999999933e+03
2.011195899999999938e+03
2.011198599999999942e+03
2.011201399999999921e+03
2.011204099999999926e+03
2.011206799999999930e+03
2.011209599999999909e+03
2.011212299999999914e+03
2.011215099999999893e+03
2.011217799999999897e+03
2.011220499999999902e+03
2.011223300000000108e+03
2.011226000000000113e+03
2.011228800000000092e+03
2.011231500000000096e+03
2.011234200000000101e+03
2.011237000000000080e+03
2.011239700000000084e+03
2.011242500000000064e+03
2.011245200000000068e+03
2.011247900000000072e+03
2.011250700000000052e+03
2.011253400000000056e+03
2.011256200000000035e+03
2.011258900000000040e+03
2.011261600000000044e+03
2.011264400000000023e+03
2.011267100000000028e+03
2.011269900000000007e+03
2.011272600000000011e+03
2.011275300000000016e+03
2.011278099999999995e+03
2.011280799999999999e+03
2.011283599999999979e+03
2.011286299999999983e+03
2.011288999999999987e+03
2.011291799999999967e+03
2.011294499999999971e+03
2.011297299999999950e+03
2.011299999999999955e+03
2.011302699999999959e+03
2.011305499999999938e+03
2.011308199999999943e+03
2.011310999999999922e+03
2.011313699999999926e+03
2.011316399999999931e+03
2.011319199999999910e+03
2.011321899999999914e+03
2.011324699999999893e+03
2.011327399999999898e+03
2.011330099999999902e+03
2.011332900000000109e+03
2.011335600000000113e+03
2.011338400000000092e+03
2.011341100000000097e+03
2.011343800000000101e+03
2.011346600000000080e+03
2.011349300000000085e+03
2.011352100000000064e+03
2.011354800000000068e+03
2.011357500000000073e+03
2.011360300000000052e+03
2.011363000000000056e+03
2.011365800000000036e+03
2.011368500000000040e+03
2.011371200000000044e+03
2.011374000000000024e+03
2.011376700000000028e+03
2.011379500000000007e+03
2.011382200000000012e+03
2.011384900000000016e+03
2.011387699999999995e+03
2.011390400000000000e+03
2.011393199999999979e+03
2.011395899999999983e+03
2.011398599999999988e+03
2.011401399999999967e+03
2.011404099999999971e+03
2.011406799999999976e+03
2.011409599999999955e+03
2.011412299999999959e+03
2.011415099999999939e+03
2.011417799999999943e+03
2.011420499999999947e+03
2.011423299999999927e+03
2.011425999999999931e+03
2.011428799999999910e+03
2.011431499999999915e+03
2.011434199999999919e+03
2.011436999999999898e+03
2.011439699999999903e+03
2.011442500000000109e+03
2.011445200000000114e+03
2.011447899999999890e+03
2.011450700000000097e+03
2.011453400000000101e+03
2.011456200000000081e+03
2.011458900000000085e+03
2.011461600000000089e+03
2.011464400000000069e+03
2.011467100000000073e+03
2.011469900000000052e+03
2.011472600000000057e+03
2.011475300000000061e+03
2.011478100000000040e+03
2.011480800000000045e+03
2.011483600000000024e+03
2.011486300000000028e+03
2.011489000000000033e+03
2.011491800000000012e+03
2.011494500000000016e+03
2.011497299999999996e+03
2.011500000000000000e+03
2.011502700000000004e+03
2.011505499999999984e+03
2.011508199999999988e+03
2.011510999999999967e+03
2.011513699999999972e+03
2.011516399999999976e+03
2.011519199999999955e+03
2.011521899999999960e+03
2.011524699999999939e+03
2.011527399999999943e+03
2.011530099999999948e+03
2.011532899999999927e+03
2.011535599999999931e+03
2.011538399999999911e+03
2.011541099999999915e+03
2.011543799999999919e+03
2.011546599999999899e+03
2.011549299999999903e+03
2.011552100000000110e+03
2.011554799999999886e+03
2.011557499999999891e+03
2.011560300000000097e+03
2.011563000000000102e+03
2.011565800000000081e+03
2.011568500000000085e+03
2.011571200000000090e+03
2.011574000000000069e+03
2.011576700000000073e+03
2.011579500000000053e+03
2.011582200000000057e+03
2.011584900000000061e+03
2.011587700000000041e+03
2.011590400000000045e+03
2.011593200000000024e+03
2.011595900000000029e+03
2.011598600000000033e+03
2.011601400000000012e+03
2.011604100000000017e+03
2.011606800000000021e+03
2.011609600000000000e+03
2.011612300000000005e+03
2.011615099999999984e+03
2.011617799999999988e+03
2.011620499999999993e+03
2.011623299999999972e+03
2.011625999999999976e+03
2.011628799999999956e+03
2.011631499999999960e+03
2.011634199999999964e+03
2.011636999999999944e+03
2.011639699999999948e+03
2.011642499999999927e+03
2.011645199999999932e+03
2.011647899999999936e+03
2.011650699999999915e+03
2.011653399999999920e+03
2.011656199999999899e+03
2.011658899999999903e+03
2.011661599999999908e+03
2.011664399999999887e+03
2.011667099999999891e+03
2.011669900000000098e+03
2.011672600000000102e+03
2.011675300000000107e+03
2.011678100000000086e+03
2.011680800000000090e+03
2.011683600000000069e+03
2.011686300000000074e+03
2.011689000000000078e+03
2.011691800000000057e+03
2.011694500000000062e+03
2.011697300000000041e+03
2.011700000000000045e+03
2.011702700000000050e+03
2.011705500000000029e+03
2.011708200000000033e+03
2.011711000000000013e+03
2.011713700000000017e+03
2.011716400000000021e+03
2.011719200000000001e+03
2.011721900000000005e+03
2.011724699999999984e+03
2.011727399999999989e+03
2.011730099999999993e+03
2.011732899999999972e+03
2.011735599999999977e+03
2.011738399999999956e+03
2.011741099999999960e+03
2.011743799999999965e+03
2.011746599999999944e+03
2.011749299999999948e+03
2.011752099999999928e+03
2.011754799999999932e+03
2.011757499999999936e+03
2.011760299999999916e+03
2.011762999999999920e+03
2.011765799999999899e+03
2.011768499999999904e+03
2.011771199999999908e+03
2.011773999999999887e+03
2.011776699999999892e+03
2.011779500000000098e+03
2.011782200000000103e+03
2.011784900000000107e+03
2.011787700000000086e+03
2.011790400000000091e+03
2.011793200000000070e+03
2.011795900000000074e+03
2.011798600000000079e+03
2.011801400000000058e+03
2.011804100000000062e+03
2.011806800000000067e+03
2.011809600000000046e+03
2.011812300000000050e+03
2.011815100000000029e+03
2.011817800000000034e+03
2.011820500000000038e+03
2.011823300000000017e+03
2.011826000000000022e+03
2.011828800000000001e+03
2.011831500000000005e+03
2.011834200000000010e+03
2.011836999999999989e+03
2.011839699999999993e+03
2.011842499999999973e+03
2.011845199999999977e+03
2.011847899999999981e+03
2.011850699999999961e+03
2.011853399999999965e+03
2.011856199999999944e+03
2.011858899999999949e+03
2.011861599999999953e+03
2.011864399999999932e+03
2.011867099999999937e+03
2.011869899999999916e+03
2.011872599999999920e+03
2.011875299999999925e+03
2.011878099999999904e+03
2.011880799999999908e+03
2.011883599999999888e+03
2.011886299999999892e+03
2.011888999999999896e+03
2.011891800000000103e+03
2.011894500000000107e+03
2.011897300000000087e+03
2.011900000000000091e+03
2.011902700000000095e+03
2.011905500000000075e+03
2.011908200000000079e+03
2.011911000000000058e+03
2.011913700000000063e+03
2.011916400000000067e+03
2.011919200000000046e+03
2.011921900000000051e+03
2.011924700000000030e+03
2.011927400000000034e+03
2.011930100000000039e+03
2.011932900000000018e+03
2.011935600000000022e+03
2.011938400000000001e+03
2.011941100000000006e+03
2.011943800000000010e+03
2.011946599999999989e+03
2.011949299999999994e+03
2.011952099999999973e+03
2.011954799999999977e+03
2.011957499999999982e+03
2.011960299999999961e+03
2.011962999999999965e+03
2.011965799999999945e+03
2.011968499999999949e+03
2.011971199999999953e+03
2.011973999999999933e+03
2.011976699999999937e+03
2.011979499999999916e+03
2.011982199999999921e+03
2.011984899999999925e+03
2.011987699999999904e+03
2.011990399999999909e+03
2.011993199999999888e+03
2.011995899999999892e+03
2.011998599999999897e+03
2.012001400000000103e+03
2.012004100000000108e+03
2.012006800000000112e+03
2.012009600000000091e+03
2.012012300000000096e+03
2.012015000000000100e+03
2.012017800000000079e+03
2.012020500000000084e+03
2.012023200000000088e+03
2.012026000000000067e+03
2.012028700000000072e+03
2.012031400000000076e+03
2.012034200000000055e+03
2.012036900000000060e+03
2.012039600000000064e+03
2.012042300000000068e+03
2.012045100000000048e+03
2.012047800000000052e+03
2.012050500000000056e+03
2.012053300000000036e+03
2.012056000000000040e+03
2.012058700000000044e+03
2.012061500000000024e+03
2.012064200000000028e+03
2.012066900000000032e+03
2.012069700000000012e+03
2.012072400000000016e+03
2.012075100000000020e+03
2.012077900000000000e+03
2.012080600000000004e+03
2.012083300000000008e+03
2.012086099999999988e+03
2.012088799999999992e+03
2.012091499999999996e+03
2.012094299999999976e+03
2.012096999999999980e+03
2.012099699999999984e+03
2.012102499999999964e+03
2.012105199999999968e+03
2.012107899999999972e+03
2.012110699999999952e+03
2.012113399999999956e+03
2.012116099999999960e+03
2.012118899999999940e+03
2.012121599999999944e+03
2.012124299999999948e+03
2.012126999999999953e+03
2.012129799999999932e+03
2.012132499999999936e+03
2.012135199999999941e+03
2.012137999999999920e+03
2.012140699999999924e+03
2.012143399999999929e+03
2.012146199999999908e+03
2.012148899999999912e+03
2.012151599999999917e+03
2.012154399999999896e+03
2.012157099999999900e+03
2.012159799999999905e+03
2.012162600000000111e+03
2.012165299999999888e+03
2.012167999999999893e+03
2.012170800000000099e+03
2.012173500000000104e+03
2.012176200000000108e+03
2.012179000000000087e+03
2.012181700000000092e+03
2.012184400000000096e+03
2.012187200000000075e+03
2.012189900000000080e+03
2.012192600000000084e+03
2.012195400000000063e+03
2.012198100000000068e+03
2.012200800000000072e+03
2.012203600000000051e+03
2.012206300000000056e+03
2.012209000000000060e+03
2.012211700000000064e+03
2.012214500000000044e+03
2.012217200000000048e+03
2.012219900000000052e+03
2.012222700000000032e+03
2.012225400000000036e+03
2.012228100000000040e+03
2.012230900000000020e+03
2.012233600000000024e+03
2.012236300000000028e+03
2.012239100000000008e+03
2.012241800000000012e+03
2.012244500000000016e+03
2.012247299999999996e+03
2.012250000000000000e+03
2.012252700000000004e+03
2.012255499999999984e+03
2.012258199999999988e+03
2.012260899999999992e+03
2.012263699999999972e+03
2.012266399999999976e+03
2.012269099999999980e+03
2.012271899999999960e+03
2.012274599999999964e+03
2.012277299999999968e+03
2.012280099999999948e+03
2.012282799999999952e+03
2.012285499999999956e+03
2.012288299999999936e+03
2.012290999999999940e+03
2.012293699999999944e+03
2.012296399999999949e+03
2.012299199999999928e+03
2.012301899999999932e+03
2.012304599999999937e+03
2.012307399999999916e+03
2.012310099999999920e+03
2.012312799999999925e+03
2.012315599999999904e+03
2.012318299999999908e+03
2.012320999999999913e+03
2.012323799999999892e+03
2.012326499999999896e+03
2.012329199999999901e+03
2.012332000000000107e+03
2.012334700000000112e+03
2.012337399999999889e+03
2.012340200000000095e+03
2.012342900000000100e+03
2.012345600000000104e+03
2.012348400000000083e+03
2.012351100000000088e+03
2.012353800000000092e+03
2.012356600000000071e+03
2.012359300000000076e+03
2.012362000000000080e+03
2.012364800000000059e+03
2.012367500000000064e+03
2.012370200000000068e+03
2.012373000000000047e+03
2.012375700000000052e+03
2.012378400000000056e+03
2.012381100000000060e+03
2.012383900000000040e+03
2.012386600000000044e+03
2.012389300000000048e+03
2.012392100000000028e+03
2.012394800000000032e+03
2.012397500000000036e+03
2.012400300000000016e+03
2.012403000000000020e+03
2.012405700000000024e+03
2.012408500000000004e+03
2.012411200000000008e+03
2.012413900000000012e+03
2.012416699999999992e+03
2.012419399999999996e+03
2.012422100000000000e+03
2.012424899999999980e+03
2.012427599999999984e+03
2.012430299999999988e+03
2.012433099999999968e+03
2.012435799999999972e+03
2.012438499999999976e+03
2.012441299999999956e+03
2.012443999999999960e+03
2.012446699999999964e+03
2.012449499999999944e+03
2.012452199999999948e+03
2.012454899999999952e+03
2.012457699999999932e+03
2.012460399999999936e+03
2.012463099999999940e+03
2.012465799999999945e+03
2.012468599999999924e+03
2.012471299999999928e+03
2.012473999999999933e+03
2.012476799999999912e+03
2.012479499999999916e+03
2.012482199999999921e+03
2.012484999999999900e+03
2.012487699999999904e+03
2.012490399999999909e+03
2.012493199999999888e+03
2.012495899999999892e+03
2.012498599999999897e+03
2.012501400000000103e+03
2.012504100000000108e+03
2.012506800000000112e+03
2.012509600000000091e+03
2.012512300000000096e+03
2.012515000000000100e+03
2.012517800000000079e+03
2.012520500000000084e+03
2.012523200000000088e+03
2.012526000000000067e+03
2.012528700000000072e+03
2.012531400000000076e+03
2.012534200000000055e+03
2.012536900000000060e+03
2.012539600000000064e+03
2.012542300000000068e+03
2.012545100000000048e+03
2.012547800000000052e+03
2.012550500000000056e+03
2.012553300000000036e+03
2.012556000000000040e+03
2.012558700000000044e+03
2.012561500000000024e+03
2.012564200000000028e+03
2.012566900000000032e+03
2.012569700000000012e+03
2.012572400000000016e+03
2.012575100000000020e+03
2.012577900000000000e+03
2.012580600000000004e+03
2.012583300000000008e+03
2.012586099999999988e+03
2.012588799999999992e+03
2.012591499999999996e+03
2.012594299999999976e+03
2.012596999999999980e+03
2.012599699999999984e+03
2.012602499999999964e+03
2.012605199999999968e+03
2.012607899999999972e+03
2.012610699999999952e+03
2.012613399999999956e+03
2.012616099999999960e+03
2.012618899999999940e+03
2.012621599999999944e+03
2.012624299999999948e+03
2.012626999999999953e+03
2.012629799999999932e+03
2.012632499999999936e+03
2.012635199999999941e+03
2.012637999999999920e+03
2.012640699999999924e+03
2.012643399999999929e+03
2.012646199999999908e+03
2.012648899999999912e+03
2.012651599999999917e+03
2.012654399999999896e+03
2.012657099999999900e+03
2.012659799999999905e+03
2.012662600000000111e+03
2.012665299999999888e+03
2.012667999999999893e+03
2.012670800000000099e+03
2.012673500000000104e+03
2.012676200000000108e+03
2.012679000000000087e+03
2.012681700000000092e+03
2.012684400000000096e+03
2.012687200000000075e+03
2.012689900000000080e+03
2.012692600000000084e+03
2.012695400000000063e+03
2.012698100000000068e+03
2.012700800000000072e+03
2.012703600000000051e+03
2.012706300000000056e+03
2.012709000000000060e+03
2.012711700000000064e+03
2.012714500000000044e+03
2.012717200000000048e+03
2.012719900000000052e+03
2.012722700000000032e+03
2.012725400000000036e+03
2.012728100000000040e+03
2.012730900000000020e+03
2.012733600000000024e+03
2.012736300000000028e+03
2.012739100000000008e+03
2.012741800000000012e+03
2.012744500000000016e+03
2.012747299999999996e+03
2.012750000000000000e+03
2.012752700000000004e+03
2.012755499999999984e+03
2.012758199999999988e+03
2.012760899999999992e+03
2.012763699999999972e+03
2.012766399999999976e+03
2.012769099999999980e+03
2.012771899999999960e+03
2.012774599999999964e+03
2.012777299999999968e+03
2.012780099999999948e+03
2.012782799999999952e+03
2.012785499999999956e+03
2.012788299999999936e+03
2.012790999999999940e+03
2.012793699999999944e+03
2.012796399999999949e+03
2.012799199999999928e+03
2.012801899999999932e+03
2.012804599999999937e+03
2.012807399999999916e+03
2.012810099999999920e+03
2.012812799999999925e+03
2.012815599999999904e+03
2.012818299999999908e+03
2.012820999999999913e+03
2.012823799999999892e+03
2.012826499999999896e+03
2.012829199999999901e+03
2.012832000000000107e+03
2.012834700000000112e+03
2.012837399999999889e+03
2.012840200000000095e+03
2.012842900000000100e+03
2.012845600000000104e+03
2.012848400000000083e+03
2.012851100000000088e+03
2.012853800000000092e+03
2.012856600000000071e+03
2.012859300000000076e+03
2.012862000000000080e+03
2.012864800000000059e+03
2.012867500000000064e+03
2.012870200000000068e+03
2.012873000000000047e+03
2.012875700000000052e+03
2.012878400000000056e+03
2.012881100000000060e+03
2.012883900000000040e+03
2.012886600000000044e+03
2.012889300000000048e+03
2.012892100000000028e+03
2.012894800000000032e+03
2.012897500000000036e+03
2.012900300000000016e+03
2.012903000000000020e+03
2.012905700000000024e+03
2.012908500000000004e+03
2.012911200000000008e+03
2.012913900000000012e+03
2.012916699999999992e+03
2.012919399999999996e+03
2.012922100000000000e+03
2.012924899999999980e+03
2.012927599999999984e+03
2.012930299999999988e+03
2.012933099999999968e+03
2.012935799999999972e+03
2.012938499999999976e+03
2.012941299999999956e+03
2.012943999999999960e+03
2.012946699999999964e+03
2.012949499999999944e+03
2.012952199999999948e+03
2.012954899999999952e+03
2.012957699999999932e+03
2.012960399999999936e+03
2.012963099999999940e+03
2.012965799999999945e+03
2.012968599999999924e+03
2.012971299999999928e+03
2.012973999999999933e+03
2.012976799999999912e+03
2.012979499999999916e+03
2.012982199999999921e+03
2.012984999999999900e+03
2.012987699999999904e+03
2.012990399999999909e+03
2.012993199999999888e+03
2.012995899999999892e+03
2.012998599999999897e+03
2.013001400000000103e+03
2.013004100000000108e+03
2.013006800000000112e+03
2.013009600000000091e+03
2.013012300000000096e+03
2.013015100000000075e+03
2.013017800000000079e+03
2.013020500000000084e+03
2.013023300000000063e+03
2.013026000000000067e+03
2.013028800000000047e+03
2.013031500000000051e+03
2.013034200000000055e+03
2.013037000000000035e+03
2.013039700000000039e+03
2.013042500000000018e+03
2.013045200000000023e+03
2.013047900000000027e+03
2.013050700000000006e+03
2.013053400000000011e+03
2.013056199999999990e+03
2.013058899999999994e+03
2.013061599999999999e+03
2.013064399999999978e+03
2.013067099999999982e+03
2.013069899999999961e+03
2.013072599999999966e+03
2.013075299999999970e+03
2.013078099999999949e+03
2.013080799999999954e+03
2.013083599999999933e+03
2.013086299999999937e+03
2.013088999999999942e+03
2.013091799999999921e+03
2.013094499999999925e+03
2.013097299999999905e+03
2.013099999999999909e+03
2.013102699999999913e+03
2.013105499999999893e+03
2.013108199999999897e+03
2.013111000000000104e+03
2.013113700000000108e+03
2.013116400000000112e+03
2.013119200000000092e+03
2.013121900000000096e+03
2.013124700000000075e+03
2.013127400000000080e+03
2.013130100000000084e+03
2.013132900000000063e+03
2.013135600000000068e+03
2.013138400000000047e+03
2.013141100000000051e+03
2.013143800000000056e+03
2.013146600000000035e+03
2.013149300000000039e+03
2.013152100000000019e+03
2.013154800000000023e+03
2.013157500000000027e+03
2.013160300000000007e+03
2.013163000000000011e+03
2.013165799999999990e+03
2.013168499999999995e+03
2.013171199999999999e+03
2.013173999999999978e+03
2.013176699999999983e+03
2.013179499999999962e+03
2.013182199999999966e+03
2.013184899999999971e+03
2.013187699999999950e+03
2.013190399999999954e+03
2.013193199999999933e+03
2.013195899999999938e+03
2.013198599999999942e+03
2.013201399999999921e+03
2.013204099999999926e+03
2.013206799999999930e+03
2.013209599999999909e+03
2.013212299999999914e+03
2.013215099999999893e+03
2.013217799999999897e+03
2.013220499999999902e+03
2.013223300000000108e+03
2.013226000000000113e+03
2.013228800000000092e+03
2.013231500000000096e+03
2.013234200000000101e+03
2.013237000000000080e+03
2.013239700000000084e+03
2.013242500000000064e+03
2.013245200000000068e+03
2.013247900000000072e+03
2.013250700000000052e+03
2.013253400000000056e+03
2.013256200000000035e+03
2.013258900000000040e+03
2.013261600000000044e+03
2.013264400000000023e+03
2.013267100000000028e+03
2.013269900000000007e+03
2.013272600000000011e+03
2.013275300000000016e+03
2.013278099999999995e+03
2.013280799999999999e+03
2.013283599999999979e+03
2.013286299999999983e+03
2.013288999999999987e+03
2.013291799999999967e+03
2.013294499999999971e+03
2.013297299999999950e+03
2.013299999999999955e+03
2.013302699999999959e+03
2.013305499999999938e+03
2.013308199999999943e+03
2.013310999999999922e+03
2.013313699999999926e+03
2.013316399999999931e+03
2.013319199999999910e+03
2.013321899999999914e+03
2.013324699999999893e+03
2.013327399999999898e+03
2.013330099999999902e+03
2.013332900000000109e+03
2.013335600000000113e+03
2.013338400000000092e+03
2.013341100000000097e+03
2.013343800000000101e+03
2.013346600000000080e+03
2.013349300000000085e+03
2.013352100000000064e+03
2.013354800000000068e+03
2.013357500000000073e+03
2.013360300000000052e+03
2.013363000000000056e+03
2.013365800000000036e+03
2.013368500000000040e+03
2.013371200000000044e+03
2.013374000000000024e+03
2.013376700000000028e+03
2.013379500000000007e+03
2.013382200000000012e+03
2.013384900000000016e+03
2.013387699999999995e+03
2.013390400000000000e+03
2.013393199999999979e+03
2.013395899999999983e+03
2.013398599999999988e+03
2.013401399999999967e+03
2.013404099999999971e+03
2.013406799999999976e+03
2.013409599999999955e+03
2.013412299999999959e+03
2.013415099999999939e+03
2.013417799999999943e+03
2.013420499999999947e+03
2.013423299999999927e+03
2.013425999999999931e+03
2.013428799999999910e+03
2.013431499999999915e+03
2.013434199999999919e+03
2.013436999999999898e+03
2.013439699999999903e+03
2.013442500000000109e+03
2.013445200000000114e+03
2.013447899999999890e+03
2.013450700000000097e+03
2.013453400000000101e+03
2.013456200000000081e+03
2.013458900000000085e+03
2.013461600000000089e+03
2.013464400000000069e+03
2.013467100000000073e+03
2.013469900000000052e+03
2.013472600000000057e+03
2.013475300000000061e+03
2.013478100000000040e+03
2.013480800000000045e+03
2.013483600000000024e+03
2.013486300000000028e+03
2.013489000000000033e+03
2.013491800000000012e+03
2.013494500000000016e+03
2.013497299999999996e+03
2.013500000000000000e+03
2.013502700000000004e+03
2.013505499999999984e+03
2.013508199999999988e+03
2.013510999999999967e+03
2.013513699999999972e+03
2.013516399999999976e+03
2.013519199999999955e+03
2.013521899999999960e+03
2.013524699999999939e+03
2.013527399999999943e+03
2.013530099999999948e+03
2.013532899999999927e+03
2.013535599999999931e+03
2.013538399999999911e+03
2.013541099999999915e+03
2.013543799999999919e+03
2.013546599999999899e+03
2.013549299999999903e+03
2.013552100000000110e+03
2.013554799999999886e+03
2.013557499999999891e+03
2.013560300000000097e+03
2.013563000000000102e+03
2.013565800000000081e+03
2.013568500000000085e+03
2.013571200000000090e+03
2.013574000000000069e+03
2.013576700000000073e+03
2.013579500000000053e+03
2.013582200000000057e+03
2.013584900000000061e+03
2.013587700000000041e+03
2.013590400000000045e+03
2.013593200000000024e+03
2.013595900000000029e+03
2.013598600000000033e+03
2.013601400000000012e+03
2.013604100000000017e+03
2.013606800000000021e+03
2.013609600000000000e+03
2.013612300000000005e+03
2.013615099999999984e+03
2.013617799999999988e+03
2.013620499999999993e+03
2.013623299999999972e+03
2.013625999999999976e+03
2.013628799999999956e+03
2.013631499999999960e+03
2.013634199999999964e+03
2.013636999999999944e+03
2.013639699999999948e+03
2.013642499999999927e+03
2.013645199999999932e+03
2.013647899999999936e+03
2.013650699999999915e+03
2.013653399999999920e+03
2.013656199999999899e+03
2.013658899999999903e+03
2.013661599999999908e+03
2.013664399999999887e+03
2.013667099999999891e+03
2.013669900000000098e+03
2.013672600000000102e+03
2.013675300000000107e+03
2.013678100000000086e+03
2.013680800000000090e+03
2.013683600000000069e+03
2.013686300000000074e+03
2.013689000000000078e+03
2.013691800000000057e+03
2.013694500000000062e+03
2.013697300000000041e+03
2.013700000000000045e+03
2.013702700000000050e+03
2.013705500000000029e+03
2.013708200000000033e+03
2.013711000000000013e+03
2.013713700000000017e+03
2.013716400000000021e+03
2.013719200000000001e+03
2.013721900000000005e+03
2.013724699999999984e+03
2.013727399999999989e+03
2.013730099999999993e+03
2.013732899999999972e+03
2.013735599999999977e+03
2.013738399999999956e+03
2.013741099999999960e+03
2.013743799999999965e+03
2.013746599999999944e+03
2.013749299999999948e+03
2.013752099999999928e+03
2.013754799999999932e+03
2.013757499999999936e+03
2.013760299999999916e+03
2.013762999999999920e+03
2.013765799999999899e+03
2.013768499999999904e+03
2.013771199999999908e+03
2.013773999999999887e+03
2.013776699999999892e+03
2.013779500000000098e+03
2.013782200000000103e+03
2.013784900000000107e+03
2.013787700000000086e+03
2.013790400000000091e+03
2.013793200000000070e+03
2.013795900000000074e+03
2.013798600000000079e+03
2.013801400000000058e+03
2.013804100000000062e+03
2.013806800000000067e+03
2.013809600000000046e+03
2.013812300000000050e+03
2.013815100000000029e+03
2.013817800000000034e+03
2.013820500000000038e+03
2.013823300000000017e+03
2.013826000000000022e+03
2.013828800000000001e+03
2.013831500000000005e+03
2.013834200000000010e+03
2.013836999999999989e+03
2.013839699999999993e+03
2.013842499999999973e+03
2.013845199999999977e+03
2.013847899999999981e+03
2.013850699999999961e+03
2.013853399999999965e+03
2.013856199999999944e+03
2.013858899999999949e+03
2.013861599999999953e+03
2.013864399999999932e+03
2.013867099999999937e+03
2.013869899999999916e+03
2.013872599999999920e+03
2.013875299999999925e+03
2.013878099999999904e+03
2.013880799999999908e+03
2.013883599999999888e+03
2.013886299999999892e+03
2.013888999999999896e+03
2.013891800000000103e+03
2.013894500000000107e+03
2.013897300000000087e+03
2.013900000000000091e+03
2.013902700000000095e+03
2.013905500000000075e+03
2.013908200000000079e+03
2.013911000000000058e+03
2.013913700000000063e+03
2.013916400000000067e+03
2.013919200000000046e+03
2.013921900000000051e+03
2.013924700000000030e+03
2.013927400000000034e+03
2.013930100000000039e+03
2.013932900000000018e+03
2.013935600000000022e+03
2.013938400000000001e+03
2.013941100000000006e+03
2.013943800000000010e+03
2.013946599999999989e+03
2.013949299999999994e+03
2.013952099999999973e+03
2.013954799999999977e+03
2.013957499999999982e+03
2.013960299999999961e+03
2.013962999999999965e+03
2.013965799999999945e+03
2.013968499999999949e+03
2.013971199999999953e+03
2.013973999999999933e+03
2.013976699999999937e+03
2.013979499999999916e+03
2.013982199999999921e+03
2.013984899999999925e+03
2.013987699999999904e+03
2.013990399999999909e+03
2.013993199999999888e+03
2.013995899999999892e+03
2.013998599999999897e+03
2.014001400000000103e+03
2.014004100000000108e+03
2.014006800000000112e+03
2.014009600000000091e+03
2.014012300000000096e+03
2.014015100000000075e+03
2.014017800000000079e+03
2.014020500000000084e+03
2.014023300000000063e+03
2.014026000000000067e+03
2.014028800000000047e+03
2.014031500000000051e+03
2.014034200000000055e+03
2.014037000000000035e+03
2.014039700000000039e+03
2.014042500000000018e+03
2.014045200000000023e+03
2.014047900000000027e+03
2.014050700000000006e+03
2.014053400000000011e+03
2.014056199999999990e+03
2.014058899999999994e+03
2.014061599999999999e+03
2.014064399999999978e+03
2.014067099999999982e+03
2.014069899999999961e+03
2.014072599999999966e+03
2.014075299999999970e+03
2.014078099999999949e+03
2.014080799999999954e+03
2.014083599999999933e+03
2.014086299999999937e+03
2.014088999999999942e+03
2.014091799999999921e+03
2.014094499999999925e+03
2.014097299999999905e+03
2.014099999999999909e+03
2.014102699999999913e+03
2.014105499999999893e+03
2.014108199999999897e+03
2.014111000000000104e+03
2.014113700000000108e+03
2.014116400000000112e+03
2.014119200000000092e+03
2.014121900000000096e+03
2.014124700000000075e+03
2.014127400000000080e+03
2.014130100000000084e+03
2.014132900000000063e+03
2.014135600000000068e+03
2.014138400000000047e+03
2.014141100000000051e+03
2.014143800000000056e+03
2.014146600000000035e+03
2.014149300000000039e+03
2.014152100000000019e+03
2.014154800000000023e+03
2.014157500000000027e+03
2.014160300000000007e+03
2.014163000000000011e+03
2.014165799999999990e+03
2.014168499999999995e+03
2.014171199999999999e+03
2.014173999999999978e+03
2.014176699999999983e+03
2.014179499999999962e+03
2.014182199999999966e+03
2.014184899999999971e+03
2.014187699999999950e+03
2.014190399999999954e+03
2.014193199999999933e+03
2.014195899999999938e+03
2.014198599999999942e+03
2.014201399999999921e+03
2.014204099999999926e+03
2.014206799999999930e+03
2.014209599999999909e+03
2.014212299999999914e+03
2.014215099999999893e+03
2.014217799999999897e+03
2.014220499999999902e+03
2.014223300000000108e+03
2.014226000000000113e+03
2.014228800000000092e+03
2.014231500000000096e+03
2.014234200000000101e+03
2.014237000000000080e+03
2.014239700000000084e+03
2.014242500000000064e+03
2.014245200000000068e+03
2.014247900000000072e+03
2.014250700000000052e+03
2.014253400000000056e+03
2.014256200000000035e+03
2.014258900000000040e+03
2.014261600000000044e+03
2.014264400000000023e+03
2.014267100000000028e+03
2.014269900000000007e+03
2.014272600000000011e+03
2.014275300000000016e+03
2.014278099999999995e+03
2.014280799999999999e+03
2.014283599999999979e+03
2.014286299999999983e+03
2.014288999999999987e+03
2.014291799999999967e+03
2.014294499999999971e+03
2.014297299999999950e+03
2.014299999999999955e+03
2.014302699999999959e+03
2.014305499999999938e+03
2.014308199999999943e+03
2.014310999999999922e+03
2.014313699999999926e+03
2.014316399999999931e+03
2.014319199999999910e+03
2.014321899999999914e+03
2.014324699999999893e+03
2.014327399999999898e+03
2.014330099999999902e+03
2.014332900000000109e+03
2.014335600000000113e+03
2.014338400000000092e+03
2.014341100000000097e+03
2.014343800000000101e+03
2.014346600000000080e+03
2.014349300000000085e+03
2.014352100000000064e+03
2.014354800000000068e+03
2.014357500000000073e+03
2.014360300000000052e+03
2.014363000000000056e+03
2.014365800000000036e+03
2.014368500000000040e+03
2.014371200000000044e+03
2.014374000000000024e+03
2.014376700000000028e+03
2.014379500000000007e+03
2.014382200000000012e+03
2.014384900000000016e+03
2.014387699999999995e+03
2.014390400000000000e+03
2.014393199999999979e+03
2.014395899999999983e+03
2.014398599999999988e+03
2.014401399999999967e+03
2.014404099999999971e+03
2.014406799999999976e+03
2.014409599999999955e+03
2.014412299999999959e+03
2.014415099999999939e+03
2.014417799999999943e+03
2.014420499999999947e+03
2.014423299999999927e+03
2.014425999999999931e+03
2.014428799999999910e+03
2.014431499999999915e+03
2.014434199999999919e+03
2.014436999999999898e+03
2.014439699999999903e+03
2.014442500000000109e+03
2.014445200000000114e+03
2.014447899999999890e+03
2.014450700000000097e+03
2.014453400000000101e+03
2.014456200000000081e+03
2.014458900000000085e+03
2.014461600000000089e+03
2.014464400000000069e+03
2.014467100000000073e+03
2.014469900000000052e+03
2.014472600000000057e+03
2.014475300000000061e+03
2.014478100000000040e+03
2.014480800000000045e+03
2.014483600000000024e+03
2.014486300000000028e+03
2.014489000000000033e+03
2.014491800000000012e+03
2.014494500000000016e+03
2.014497299999999996e+03
2.014500000000000000e+03
2.014502700000000004e+03
2.014505499999999984e+03
2.014508199999999988e+03
2.014510999999999967e+03
2.014513699999999972e+03
2.014516399999999976e+03
2.014519199999999955e+03
2.014521899999999960e+03
2.014524699999999939e+03
2.014527399999999943e+03
2.014530099999999948e+03
2.014532899999999927e+03
2.014535599999999931e+03
2.014538399999999911e+03
2.014541099999999915e+03
2.014543799999999919e+03
2.014546599999999899e+03
2.014549299999999903e+03
2.014552100000000110e+03
2.014554799999999886e+03
2.014557499999999891e+03
2.014560300000000097e+03
2.014563000000000102e+03
2.014565800000000081e+03
2.014568500000000085e+03
2.014571200000000090e+03
2.014574000000000069e+03
2.014576700000000073e+03
2.014579500000000053e+03
2.014582200000000057e+03
2.014584900000000061e+03
2.014587700000000041e+03
2.014590400000000045e+03
2.014593200000000024e+03
2.014595900000000029e+03
2.014598600000000033e+03
2.014601400000000012e+03
2.014604100000000017e+03
2.014606800000000021e+03
2.014609600000000000e+03
2.014612300000000005e+03
2.014615099999999984e+03
2.014617799999999988e+03
2.014620499999999993e+03
2.014623299999999972e+03
2.014625999999999976e+03
2.014628799999999956e+03
2.014631499999999960e+03
2.014634199999999964e+03
2.014636999999999944e+03
2.014639699999999948e+03
2.014642499999999927e+03
2.014645199999999932e+03
2.014647899999999936e+03
2.014650699999999915e+03
2.014653399999999920e+03
2.014656199999999899e+03
2.014658899999999903e+03
2.014661599999999908e+03
2.014664399999999887e+03
2.014667099999999891e+03
2.014669900000000098e+03
2.014672600000000102e+03
2.014675300000000107e+03
2.014678100000000086e+03
2.014680800000000090e+03
2.014683600000000069e+03
2.014686300000000074e+03
2.014689000000000078e+03
2.014691800000000057e+03
2.014694500000000062e+03
2.014697300000000041e+03
2.014700000000000045e+03
2.014702700000000050e+03
2.014705500000000029e+03
2.014708200000000033e+03
2.014711000000000013e+03
2.014713700000000017e+03
2.014716400000000021e+03
2.014719200000000001e+03
2.014721900000000005e+03
2.014724699999999984e+03
2.014727399999999989e+03
2.014730099999999993e+03
2.014732899999999972e+03
2.014735599999999977e+03
2.014738399999999956e+03
2.014741099999999960e+03
2.014743799999999965e+03
2.014746599999999944e+03
2.014749299999999948e+03
2.014752099999999928e+03
2.014754799999999932e+03
2.014757499999999936e+03
2.014760299999999916e+03
2.014762999999999920e+03
2.014765799999999899e+03
2.014768499999999904e+03
2.014771199999999908e+03
2.014773999999999887e+03
2.014776699999999892e+03
2.014779500000000098e+03
2.014782200000000103e+03
2.014784900000000107e+03
2.014787700000000086e+03
2.014790400000000091e+03
2.014793200000000070e+03
2.014795900000000074e+03
2.014798600000000079e+03
2.014801400000000058e+03
2.014804100000000062e+03
2.014806800000000067e+03
2.014809600000000046e+03
2.014812300000000050e+03
2.014815100000000029e+03
2.014817800000000034e+03
2.014820500000000038e+03
2.014823300000000017e+03
2.014826000000000022e+03
2.014828800000000001e+03
2.014831500000000005e+03
2.014834200000000010e+03
2.014836999999999989e+03
2.014839699999999993e+03
2.014842499999999973e+03
2.014845199999999977e+03
2.014847899999999981e+03
2.014850699999999961e+03
2.014853399999999965e+03
2.014856199999999944e+03
2.014858899999999949e+03
2.014861599999999953e+03
2.014864399999999932e+03
2.014867099999999937e+03
2.014869899999999916e+03
2.014872599999999920e+03
2.014875299999999925e+03
2.014878099999999904e+03
2.014880799999999908e+03
2.014883599999999888e+03
2.014886299999999892e+03
2.014888999999999896e+03
2.014891800000000103e+03
2.014894500000000107e+03
2.014897300000000087e+03
2.014900000000000091e+03
2.014902700000000095e+03
2.014905500000000075e+03
2.014908200000000079e+03
2.014911000000000058e+03
2.014913700000000063e+03
2.014916400000000067e+03
2.014919200000000046e+03
2.014921900000000051e+03
2.014924700000000030e+03
2.014927400000000034e+03
2.014930100000000039e+03
2.014932900000000018e+03
2.014935600000000022e+03
2.014938400000000001e+03
2.014941100000000006e+03
2.014943800000000010e+03
2.014946599999999989e+03
2.014949299999999994e+03
2.014952099999999973e+03
2.014954799999999977e+03
2.014957499999999982e+03
2.014960299999999961e+03
2.014962999999999965e+03
2.014965799999999945e+03
2.014968499999999949e+03
2.014971199999999953e+03
2.014973999999999933e+03
2.014976699999999937e+03
2.014979499999999916e+03
2.014982199999999921e+03
2.014984899999999925e+03
2.014987699999999904e+03
2.014990399999999909e+03
2.014993199999999888e+03
2.014995899999999892e+03
2.014998599999999897e+03
2.015001400000000103e+03
2.015004100000000108e+03
2.015006800000000112e+03
2.015009600000000091e+03
2.015012300000000096e+03
2.015015100000000075e+03
2.015017800000000079e+03
2.015020500000000084e+03
2.015023300000000063e+03
2.015026000000000067e+03
2.015028800000000047e+03
2.015031500000000051e+03
2.015034200000000055e+03
2.015037000000000035e+03
2.015039700000000039e+03
2.015042500000000018e+03
2.015045200000000023e+03
2.015047900000000027e+03
2.015050700000000006e+03
2.015053400000000011e+03
2.015056199999999990e+03
2.015058899999999994e+03
2.015061599999999999e+03
2.015064399999999978e+03
2.015067099999999982e+03
2.015069899999999961e+03
2.015072599999999966e+03
2.015075299999999970e+03
2.015078099999999949e+03
2.015080799999999954e+03
2.015083599999999933e+03
2.015086299999999937e+03
2.015088999999999942e+03
2.015091799999999921e+03
2.015094499999999925e+03
2.015097299999999905e+03
2.015099999999999909e+03
2.015102699999999913e+03
2.015105499999999893e+03
2.015108199999999897e+03
2.015111000000000104e+03
2.015113700000000108e+03
2.015116400000000112e+03
2.015119200000000092e+03
2.015121900000000096e+03
2.015124700000000075e+03
2.015127400000000080e+03
2.015130100000000084e+03
2.015132900000000063e+03
2.015135600000000068e+03
2.015138400000000047e+03
2.015141100000000051e+03
2.015143800000000056e+03
2.015146600000000035e+03
2.015149300000000039e+03
2.015152100000000019e+03
2.015154800000000023e+03
2.015157500000000027e+03
2.015160300000000007e+03
2.015163000000000011e+03
2.015165799999999990e+03
2.015168499999999995e+03
2.015171199999999999e+03
2.015173999999999978e+03
2.015176699999999983e+03
2.015179499999999962e+03
2.015182199999999966e+03
2.015184899999999971e+03
2.015187699999999950e+03
2.015190399999999954e+03
2.015193199999999933e+03
2.015195899999999938e+03
2.015198599999999942e+03
2.015201399999999921e+03
2.015204099999999926e+03
2.015206799999999930e+03
2.015209599999999909e+03
2.015212299999999914e+03
2.015215099999999893e+03
2.015217799999999897e+03
2.015220499999999902e+03
2.015223300000000108e+03
2.015226000000000113e+03
2.015228800000000092e+03
2.015231500000000096e+03
2.015234200000000101e+03
2.015237000000000080e+03
2.015239700000000084e+03
2.015242500000000064e+03
2.015245200000000068e+03
2.015247900000000072e+03
2.015250700000000052e+03
2.015253400000000056e+03
2.015256200000000035e+03
2.015258900000000040e+03
2.015261600000000044e+03
2.015264400000000023e+03
2.015267100000000028e+03
2.015269900000000007e+03
2.015272600000000011e+03
2.015275300000000016e+03
2.015278099999999995e+03
2.015280799999999999e+03
2.015283599999999979e+03
2.015286299999999983e+03
2.015288999999999987e+03
2.015291799999999967e+03
2.015294499999999971e+03
2.015297299999999950e+03
2.015299999999999955e+03
2.015302699999999959e+03
2.015305499999999938e+03
2.015308199999999943e+03
2.015310999999999922e+03
2.015313699999999926e+03
2.015316399999999931e+03
2.015319199999999910e+03
2.015321899999999914e+03
2.015324699999999893e+03
2.015327399999999898e+03
2.015330099999999902e+03
2.015332900000000109e+03
2.015335600000000113e+03
2.015338400000000092e+03
2.015341100000000097e+03
2.015343800000000101e+03
2.015346600000000080e+03
2.015349300000000085e+03
2.015352100000000064e+03
2.015354800000000068e+03
2.015357500000000073e+03
2.015360300000000052e+03
2.015363000000000056e+03
2.015365800000000036e+03
2.015368500000000040e+03
2.015371200000000044e+03
2.015374000000000024e+03
2.015376700000000028e+03
2.015379500000000007e+03
2.015382200000000012e+03
2.015384900000000016e+03
2.015387699999999995e+03
2.015390400000000000e+03
2.015393199999999979e+03
2.015395899999999983e+03
2.015398599999999988e+03
2.015401399999999967e+03
2.015404099999999971e+03
2.015406799999999976e+03
2.015409599999999955e+03
2.015412299999999959e+03
2.015415099999999939e+03
2.015417799999999943e+03
2.015420499999999947e+03
2.015423299999999927e+03
2.015425999999999931e+03
2.015428799999999910e+03
2.015431499999999915e+03
2.015434199999999919e+03
2.015436999999999898e+03
2.015439699999999903e+03
2.015442500000000109e+03
2.015445200000000114e+03
2.015447899999999890e+03
2.015450700000000097e+03
2.015453400000000101e+03
2.015456200000000081e+03
2.015458900000000085e+03
2.015461600000000089e+03
2.015464400000000069e+03
2.015467100000000073e+03
2.015469900000000052e+03
2.015472600000000057e+03
2.015475300000000061e+03
2.015478100000000040e+03
2.015480800000000045e+03
2.015483600000000024e+03
2.015486300000000028e+03
2.015489000000000033e+03
2.015491800000000012e+03
2.015494500000000016e+03
2.015497299999999996e+03
2.015500000000000000e+03
2.015502700000000004e+03
2.015505499999999984e+03
2.015508199999999988e+03
2.015510999999999967e+03
2.015513699999999972e+03
2.015516399999999976e+03
2.015519199999999955e+03
2.015521899999999960e+03
2.015524699999999939e+03
2.015527399999999943e+03
2.015530099999999948e+03
2.015532899999999927e+03
2.015535599999999931e+03
2.015538399999999911e+03
2.015541099999999915e+03
2.015543799999999919e+03
2.015546599999999899e+03
2.015549299999999903e+03
2.015552100000000110e+03
2.015554799999999886e+03
2.015557499999999891e+03
2.015560300000000097e+03
2.015563000000000102e+03
2.015565800000000081e+03
2.015568500000000085e+03
2.015571200000000090e+03
2.015574000000000069e+03
2.015576700000000073e+03
2.015579500000000053e+03
2.015582200000000057e+03
2.015584900000000061e+03
2.015587700000000041e+03
2.015590400000000045e+03
2.015593200000000024e+03
2.015595900000000029e+03
2.015598600000000033e+03
2.015601400000000012e+03
2.015604100000000017e+03
2.015606800000000021e+03
2.015609600000000000e+03
2.015612300000000005e+03
2.015615099999999984e+03
2.015617799999999988e+03
2.015620499999999993e+03
2.015623299999999972e+03
2.015625999999999976e+03
2.015628799999999956e+03
2.015631499999999960e+03
2.015634199999999964e+03
2.015636999999999944e+03
2.015639699999999948e+03
2.015642499999999927e+03
2.015645199999999932e+03
2.015647899999999936e+03
2.015650699999999915e+03
2.015653399999999920e+03
2.015656199999999899e+03
2.015658899999999903e+03
2.015661599999999908e+03
2.015664399999999887e+03
2.015667099999999891e+03
2.015669900000000098e+03
2.015672600000000102e+03
2.015675300000000107e+03
2.015678100000000086e+03
2.015680800000000090e+03
2.015683600000000069e+03
2.015686300000000074e+03
2.015689000000000078e+03
2.015691800000000057e+03
2.015694500000000062e+03
2.015697300000000041e+03
2.015700000000000045e+03
2.015702700000000050e+03
2.015705500000000029e+03
2.015708200000000033e+03
2.015711000000000013e+03
2.015713700000000017e+03
2.015716400000000021e+03
2.015719200000000001e+03
2.015721900000000005e+03
2.015724699999999984e+03
2.015727399999999989e+03
2.015730099999999993e+03
2.015732899999999972e+03
2.015735599999999977e+03
2.015738399999999956e+03
2.015741099999999960e+03
2.015743799999999965e+03
2.015746599999999944e+03
2.015749299999999948e+03
2.015752099999999928e+03
2.015754799999999932e+03
2.015757499999999936e+03
2.015760299999999916e+03
2.015762999999999920e+03
2.015765799999999899e+03
2.015768499999999904e+03
2.015771199999999908e+03
2.015773999999999887e+03
2.015776699999999892e+03
2.015779500000000098e+03
2.015782200000000103e+03
2.015784900000000107e+03
2.015787700000000086e+03
2.015790400000000091e+03
2.015793200000000070e+03
2.015795900000000074e+03
2.015798600000000079e+03
2.015801400000000058e+03
2.015804100000000062e+03
2.015806800000000067e+03
2.015809600000000046e+03
2.015812300000000050e+03
2.015815100000000029e+03
2.015817800000000034e+03
2.015820500000000038e+03
2.015823300000000017e+03
2.015826000000000022e+03
2.015828800000000001e+03
2.015831500000000005e+03
2.015834200000000010e+03
2.015836999999999989e+03
2.015839699999999993e+03
2.015842499999999973e+03
2.015845199999999977e+03
2.015847899999999981e+03
2.015850699999999961e+03
2.015853399999999965e+03
2.015856199999999944e+03
2.015858899999999949e+03
2.015861599999999953e+03
2.015864399999999932e+03
2.015867099999999937e+03
2.015869899999999916e+03
2.015872599999999920e+03
2.015875299999999925e+03
2.015878099999999904e+03
2.015880799999999908e+03
2.015883599999999888e+03
2.015886299999999892e+03
2.015888999999999896e+03
2.015891800000000103e+03
2.015894500000000107e+03
2.015897300000000087e+03
2.015900000000000091e+03
2.015902700000000095e+03
2.015905500000000075e+03
2.015908200000000079e+03
2.015911000000000058e+03
2.015913700000000063e+03
2.015916400000000067e+03
2.015919200000000046e+03
2.015921900000000051e+03
2.015924700000000030e+03
2.015927400000000034e+03
2.015930100000000039e+03
2.015932900000000018e+03
2.015935600000000022e+03
2.015938400000000001e+03
2.015941100000000006e+03
2.015943800000000010e+03
2.015946599999999989e+03
2.015949299999999994e+03
2.015952099999999973e+03
2.015954799999999977e+03
2.015957499999999982e+03
2.015960299999999961e+03
2.015962999999999965e+03
2.015965799999999945e+03
2.015968499999999949e+03
2.015971199999999953e+03
2.015973999999999933e+03
2.015976699999999937e+03
2.015979499999999916e+03
2.015982199999999921e+03
2.015984899999999925e+03
2.015987699999999904e+03
2.015990399999999909e+03
2.015993199999999888e+03
2.015995899999999892e+03
2.015998599999999897e+03
2.016001400000000103e+03
2.016004100000000108e+03
2.016006800000000112e+03
2.016009600000000091e+03
2.016012300000000096e+03
2.016015000000000100e+03
2.016017800000000079e+03
2.016020500000000084e+03
2.016023200000000088e+03
2.016026000000000067e+03
2.016028700000000072e+03
2.016031400000000076e+03
2.016034200000000055e+03
2.016036900000000060e+03
2.016039600000000064e+03
2.016042300000000068e+03
2.016045100000000048e+03
2.016047800000000052e+03
2.016050500000000056e+03
2.016053300000000036e+03
2.016056000000000040e+03
2.016058700000000044e+03
2.016061500000000024e+03
2.016064200000000028e+03
2.016066900000000032e+03
2.016069700000000012e+03
2.016072400000000016e+03
2.016075100000000020e+03
2.016077900000000000e+03
2.016080600000000004e+03
2.016083300000000008e+03
2.016086099999999988e+03
2.016088799999999992e+03
2.016091499999999996e+03
2.016094299999999976e+03
2.016096999999999980e+03
2.016099699999999984e+03
2.016102499999999964e+03
2.016105199999999968e+03
2.016107899999999972e+03
2.016110699999999952e+03
2.016113399999999956e+03
2.016116099999999960e+03
2.016118899999999940e+03
2.016121599999999944e+03
2.016124299999999948e+03
2.016126999999999953e+03
2.016129799999999932e+03
2.016132499999999936e+03
2.016135199999999941e+03
2.016137999999999920e+03
2.016140699999999924e+03
2.016143399999999929e+03
2.016146199999999908e+03
2.016148899999999912e+03
2.016151599999999917e+03
2.016154399999999896e+03
2.016157099999999900e+03
2.016159799999999905e+03
2.016162600000000111e+03
2.016165299999999888e+03
2.016167999999999893e+03
2.016170800000000099e+03
2.016173500000000104e+03
2.016176200000000108e+03
2.016179000000000087e+03
2.016181700000000092e+03
2.016184400000000096e+03
2.016187200000000075e+03
2.016189900000000080e+03
2.016192600000000084e+03
2.016195400000000063e+03
2.016198100000000068e+03
2.016200800000000072e+03
2.016203600000000051e+03
2.016206300000000056e+03
2.016209000000000060e+03
2.016211700000000064e+03
2.016214500000000044e+03
2.016217200000000048e+03
2.016219900000000052e+03
2.016222700000000032e+03
2.016225400000000036e+03
2.016228100000000040e+03
2.016230900000000020e+03
2.016233600000000024e+03
2.016236300000000028e+03
2.016239100000000008e+03
2.016241800000000012e+03
2.016244500000000016e+03
2.016247299999999996e+03
2.016250000000000000e+03
2.016252700000000004e+03
2.016255499999999984e+03
2.016258199999999988e+03
2.016260899999999992e+03
2.016263699999999972e+03
2.016266399999999976e+03
2.016269099999999980e+03
2.016271899999999960e+03
2.016274599999999964e+03
2.016277299999999968e+03
2.016280099999999948e+03
2.016282799999999952e+03
2.016285499999999956e+03
2.016288299999999936e+03
2.016290999999999940e+03
2.016293699999999944e+03
2.016296399999999949e+03
2.016299199999999928e+03
2.016301899999999932e+03
2.016304599999999937e+03
2.016307399999999916e+03
2.016310099999999920e+03
2.016312799999999925e+03
2.016315599999999904e+03
2.016318299999999908e+03
2.016320999999999913e+03
2.016323799999999892e+03
2.016326499999999896e+03
2.016329199999999901e+03
2.016332000000000107e+03
2.016334700000000112e+03
2.016337399999999889e+03
2.016340200000000095e+03
2.016342900000000100e+03
2.016345600000000104e+03
2.016348400000000083e+03
2.016351100000000088e+03
2.016353800000000092e+03
2.016356600000000071e+03
2.016359300000000076e+03
2.016362000000000080e+03
2.016364800000000059e+03
2.016367500000000064e+03
2.016370200000000068e+03
2.016373000000000047e+03
2.016375700000000052e+03
2.016378400000000056e+03
2.016381100000000060e+03
2.016383900000000040e+03
2.016386600000000044e+03
2.016389300000000048e+03
2.016392100000000028e+03
2.016394800000000032e+03
2.016397500000000036e+03
2.016400300000000016e+03
2.016403000000000020e+03
2.016405700000000024e+03
2.016408500000000004e+03
2.016411200000000008e+03
2.016413900000000012e+03
2.016416699999999992e+03
2.016419399999999996e+03
2.016422100000000000e+03
2.016424899999999980e+03
2.016427599999999984e+03
2.016430299999999988e+03
2.016433099999999968e+03
2.016435799999999972e+03
2.016438499999999976e+03
2.016441299999999956e+03
2.016443999999999960e+03
2.016446699999999964e+03
2.016449499999999944e+03
2.016452199999999948e+03
2.016454899999999952e+03
2.016457699999999932e+03
2.016460399999999936e+03
2.016463099999999940e+03
2.016465799999999945e+03
2.016468599999999924e+03
2.016471299999999928e+03
2.016473999999999933e+03
2.016476799999999912e+03
2.016479499999999916e+03
2.016482199999999921e+03
2.016484999999999900e+03
2.016487699999999904e+03
2.016490399999999909e+03
2.016493199999999888e+03
2.016495899999999892e+03
2.016498599999999897e+03
2.016501400000000103e+03
2.016504100000000108e+03
2.016506800000000112e+03
2.016509600000000091e+03
2.016512300000000096e+03
2.016515000000000100e+03
2.016517800000000079e+03
2.016520500000000084e+03
2.016523200000000088e+03
2.016526000000000067e+03
2.016528700000000072e+03
2.016531400000000076e+03
2.016534200000000055e+03
2.016536900000000060e+03
2.016539600000000064e+03
2.016542300000000068e+03
2.016545100000000048e+03
2.016547800000000052e+03
2.016550500000000056e+03
2.016553300000000036e+03
2.016556000000000040e+03
2.016558700000000044e+03
2.016561500000000024e+03
2.016564200000000028e+03
2.016566900000000032e+03
2.016569700000000012e+03
2.016572400000000016e+03
2.016575100000000020e+03
2.016577900000000000e+03
2.016580600000000004e+03
2.016583300000000008e+03
2.016586099999999988e+03
2.016588799999999992e+03
2.016591499999999996e+03
2.016594299999999976e+03
2.016596999999999980e+03
2.016599699999999984e+03
2.016602499999999964e+03
2.016605199999999968e+03
2.016607899999999972e+03
2.016610699999999952e+03
2.016613399999999956e+03
2.016616099999999960e+03
2.016618899999999940e+03
2.016621599999999944e+03
2.016624299999999948e+03
2.016626999999999953e+03
2.016629799999999932e+03
2.016632499999999936e+03
2.016635199999999941e+03
2.016637999999999920e+03
2.016640699999999924e+03
2.016643399999999929e+03
2.016646199999999908e+03
2.016648899999999912e+03
2.016651599999999917e+03
2.016654399999999896e+03
2.016657099999999900e+03
2.016659799999999905e+03
2.016662600000000111e+03
2.016665299999999888e+03
2.016667999999999893e+03
2.016670800000000099e+03
2.016673500000000104e+03
2.016676200000000108e+03
2.016679000000000087e+03
2.016681700000000092e+03
2.016684400000000096e+03
2.016687200000000075e+03
2.016689900000000080e+03
2.016692600000000084e+03
2.016695400000000063e+03
2.016698100000000068e+03
2.016700800000000072e+03
2.016703600000000051e+03
2.016706300000000056e+03
2.016709000000000060e+03
2.016711700000000064e+03
2.016714500000000044e+03
2.016717200000000048e+03
2.016719900000000052e+03
2.016722700000000032e+03
2.016725400000000036e+03
2.016728100000000040e+03
2.016730900000000020e+03
2.016733600000000024e+03
2.016736300000000028e+03
2.016739100000000008e+03
2.016741800000000012e+03
2.016744500000000016e+03
2.016747299999999996e+03
2.016750000000000000e+03
2.016752700000000004e+03
2.016755499999999984e+03
2.016758199999999988e+03
2.016760899999999992e+03
2.016763699999999972e+03
2.016766399999999976e+03
2.016769099999999980e+03
2.016771899999999960e+03
2.016774599999999964e+03
2.016777299999999968e+03
2.016780099999999948e+03
2.016782799999999952e+03
2.016785499999999956e+03
2.016788299999999936e+03
2.016790999999999940e+03
2.016793699999999944e+03
2.016796399999999949e+03
2.016799199999999928e+03
2.016801899999999932e+03
2.016804599999999937e+03
2.016807399999999916e+03
2.016810099999999920e+03
2.016812799999999925e+03
2.016815599999999904e+03
2.016818299999999908e+03
2.016820999999999913e+03
2.016823799999999892e+03
2.016826499999999896e+03
2.016829199999999901e+03
2.016832000000000107e+03
2.016834700000000112e+03
2.016837399999999889e+03
2.016840200000000095e+03
2.016842900000000100e+03
2.016845600000000104e+03
2.016848400000000083e+03
2.016851100000000088e+03
2.016853800000000092e+03
2.016856600000000071e+03
2.016859300000000076e+03
2.016862000000000080e+03
2.016864800000000059e+03
2.016867500000000064e+03
2.016870200000000068e+03
2.016873000000000047e+03
2.016875700000000052e+03
2.016878400000000056e+03
2.016881100000000060e+03
2.016883900000000040e+03
2.016886600000000044e+03
2.016889300000000048e+03
2.016892100000000028e+03
2.016894800000000032e+03
2.016897500000000036e+03
2.016900300000000016e+03
2.016903000000000020e+03
2.016905700000000024e+03
2.016908500000000004e+03
2.016911200000000008e+03
2.016913900000000012e+03
2.016916699999999992e+03
2.016919399999999996e+03
2.016922100000000000e+03
2.016924899999999980e+03
2.016927599999999984e+03
2.016930299999999988e+03
2.016933099999999968e+03
2.016935799999999972e+03
2.016938499999999976e+03
2.016941299999999956e+03
2.016943999999999960e+03
2.016946699999999964e+03
2.016949499999999944e+03
2.016952199999999948e+03
2.016954899999999952e+03
2.016957699999999932e+03
2.016960399999999936e+03
2.016963099999999940e+03
2.016965799999999945e+03
2.016968599999999924e+03
2.016971299999999928e+03
2.016973999999999933e+03
2.016976799999999912e+03
2.016979499999999916e+03
2.016982199999999921e+03
2.016984999999999900e+03
2.016987699999999904e+03
2.016990399999999909e+03
2.016993199999999888e+03
2.016995899999999892e+03
2.016998599999999897e+03
2.017001400000000103e+03
2.017004100000000108e+03
2.017006800000000112e+03
2.017009600000000091e+03
2.017012300000000096e+03
2.017015100000000075e+03
2.017017800000000079e+03
2.017020500000000084e+03
2.017023300000000063e+03
2.017026000000000067e+03
2.017028800000000047e+03
2.017031500000000051e+03
2.017034200000000055e+03
2.017037000000000035e+03
2.017039700000000039e+03
2.017042500000000018e+03
2.017045200000000023e+03
2.017047900000000027e+03
2.017050700000000006e+03
2.017053400000000011e+03
2.017056199999999990e+03
2.017058899999999994e+03
2.017061599999999999e+03
2.017064399999999978e+03
2.017067099999999982e+03
2.017069899999999961e+03
2.017072599999999966e+03
2.017075299999999970e+03
2.017078099999999949e+03
2.017080799999999954e+03
2.017083599999999933e+03
2.017086299999999937e+03
2.017088999999999942e+03
2.017091799999999921e+03
2.017094499999999925e+03
2.017097299999999905e+03
2.017099999999999909e+03
2.017102699999999913e+03
2.017105499999999893e+03
2.017108199999999897e+03
2.017111000000000104e+03
2.017113700000000108e+03
2.017116400000000112e+03
2.017119200000000092e+03
2.017121900000000096e+03
2.017124700000000075e+03
2.017127400000000080e+03
2.017130100000000084e+03
2.017132900000000063e+03
2.017135600000000068e+03
2.017138400000000047e+03
2.017141100000000051e+03
2.017143800000000056e+03
2.017146600000000035e+03
2.017149300000000039e+03
2.017152100000000019e+03
2.017154800000000023e+03
2.017157500000000027e+03
2.017160300000000007e+03
2.017163000000000011e+03
2.017165799999999990e+03
2.017168499999999995e+03
2.017171199999999999e+03
2.017173999999999978e+03
2.017176699999999983e+03
2.017179499999999962e+03
2.017182199999999966e+03
2.017184899999999971e+03
2.017187699999999950e+03
2.017190399999999954e+03
2.017193199999999933e+03
2.017195899999999938e+03
2.017198599999999942e+03
2.017201399999999921e+03
2.017204099999999926e+03
2.017206799999999930e+03
2.017209599999999909e+03
2.017212299999999914e+03
2.017215099999999893e+03
2.017217799999999897e+03
2.017220499999999902e+03
2.017223300000000108e+03
2.017226000000000113e+03
2.017228800000000092e+03
2.017231500000000096e+03
2.017234200000000101e+03
2.017237000000000080e+03
2.017239700000000084e+03
2.017242500000000064e+03
2.017245200000000068e+03
2.017247900000000072e+03
2.017250700000000052e+03
2.017253400000000056e+03
2.017256200000000035e+03
2.017258900000000040e+03
2.017261600000000044e+03
2.017264400000000023e+03
2.017267100000000028e+03
2.017269900000000007e+03
2.017272600000000011e+03
2.017275300000000016e+03
2.017278099999999995e+03
2.017280799999999999e+03
2.017283599999999979e+03
2.017286299999999983e+03
2.017288999999999987e+03
2.017291799999999967e+03
2.017294499999999971e+03
2.017297299999999950e+03
2.017299999999999955e+03
2.017302699999999959e+03
2.017305499999999938e+03
2.017308199999999943e+03
2.017310999999999922e+03
2.017313699999999926e+03
2.017316399999999931e+03
2.017319199999999910e+03
2.017321899999999914e+03
2.017324699999999893e+03
2.017327399999999898e+03
2.017330099999999902e+03
2.017332900000000109e+03
2.017335600000000113e+03
2.017338400000000092e+03
2.017341100000000097e+03
2.017343800000000101e+03
2.017346600000000080e+03
2.017349300000000085e+03
2.017352100000000064e+03
2.017354800000000068e+03
2.017357500000000073e+03
2.017360300000000052e+03
2.017363000000000056e+03
2.017365800000000036e+03
2.017368500000000040e+03
2.017371200000000044e+03
2.017374000000000024e+03
2.017376700000000028e+03
2.017379500000000007e+03
2.017382200000000012e+03
2.017384900000000016e+03
2.017387699999999995e+03
2.017390400000000000e+03
2.017393199999999979e+03
2.017395899999999983e+03
2.017398599999999988e+03
2.017401399999999967e+03
2.017404099999999971e+03
2.017406799999999976e+03
2.017409599999999955e+03
2.017412299999999959e+03
2.017415099999999939e+03
2.017417799999999943e+03
2.017420499999999947e+03
2.017423299999999927e+03
2.017425999999999931e+03
2.017428799999999910e+03
2.017431499999999915e+03
2.017434199999999919e+03
2.017436999999999898e+03
2.017439699999999903e+03
2.017442500000000109e+03
2.017445200000000114e+03
2.017447899999999890e+03
2.017450700000000097e+03
2.017453400000000101e+03
2.017456200000000081e+03
2.017458900000000085e+03
2.017461600000000089e+03
2.017464400000000069e+03
2.017467100000000073e+03
2.017469900000000052e+03
2.017472600000000057e+03
2.017475300000000061e+03
2.017478100000000040e+03
2.017480800000000045e+03
2.017483600000000024e+03
2.017486300000000028e+03
2.017489000000000033e+03
2.017491800000000012e+03
2.017494500000000016e+03
2.017497299999999996e+03
2.017500000000000000e+03
2.017502700000000004e+03
2.017505499999999984e+03
2.017508199999999988e+03
2.017510999999999967e+03
2.017513699999999972e+03
2.017516399999999976e+03
2.017519199999999955e+03
2.017521899999999960e+03
2.017524699999999939e+03
2.017527399999999943e+03
2.017530099999999948e+03
2.017532899999999927e+03
2.017535599999999931e+03
2.017538399999999911e+03
2.017541099999999915e+03
2.017543799999999919e+03
2.017546599999999899e+03
2.017549299999999903e+03
2.017552100000000110e+03
2.017554799999999886e+03
2.017557499999999891e+03
2.017560300000000097e+03
2.017563000000000102e+03
2.017565800000000081e+03
2.017568500000000085e+03
2.017571200000000090e+03
2.017574000000000069e+03
2.017576700000000073e+03
2.017579500000000053e+03
2.017582200000000057e+03
2.017584900000000061e+03
2.017587700000000041e+03
2.017590400000000045e+03
2.017593200000000024e+03
2.017595900000000029e+03
2.017598600000000033e+03
2.017601400000000012e+03
2.017604100000000017e+03
2.017606800000000021e+03
2.017609600000000000e+03
2.017612300000000005e+03
2.017615099999999984e+03
2.017617799999999988e+03
2.017620499999999993e+03
2.017623299999999972e+03
2.017625999999999976e+03
2.017628799999999956e+03
2.017631499999999960e+03
2.017634199999999964e+03
2.017636999999999944e+03
2.017639699999999948e+03
2.017642499999999927e+03
2.017645199999999932e+03
2.017647899999999936e+03
2.017650699999999915e+03
2.017653399999999920e+03
2.017656199999999899e+03
2.017658899999999903e+03
2.017661599999999908e+03
2.017664399999999887e+03
2.017667099999999891e+03
2.017669900000000098e+03
2.017672600000000102e+03
2.017675300000000107e+03
2.017678100000000086e+03
2.017680800000000090e+03
2.017683600000000069e+03
2.017686300000000074e+03
2.017689000000000078e+03
2.017691800000000057e+03
2.017694500000000062e+03
2.017697300000000041e+03
2.017700000000000045e+03
2.017702700000000050e+03
2.017705500000000029e+03
2.017708200000000033e+03
2.017711000000000013e+03
2.017713700000000017e+03
2.017716400000000021e+03
2.017719200000000001e+03
2.017721900000000005e+03
2.017724699999999984e+03
2.017727399999999989e+03
2.017730099999999993e+03
2.017732899999999972e+03
2.017735599999999977e+03
2.017738399999999956e+03
2.017741099999999960e+03
2.017743799999999965e+03
2.017746599999999944e+03
2.017749299999999948e+03
2.017752099999999928e+03
2.017754799999999932e+03
2.017757499999999936e+03
2.017760299999999916e+03
2.017762999999999920e+03
2.017765799999999899e+03
2.017768499999999904e+03
2.017771199999999908e+03
2.017773999999999887e+03
2.017776699999999892e+03
2.017779500000000098e+03
2.017782200000000103e+03
2.017784900000000107e+03
2.017787700000000086e+03
2.017790400000000091e+03
2.017793200000000070e+03
2.017795900000000074e+03
2.017798600000000079e+03
2.017801400000000058e+03
2.017804100000000062e+03
2.017806800000000067e+03
2.017809600000000046e+03
2.017812300000000050e+03
2.017815100000000029e+03
2.017817800000000034e+03
2.017820500000000038e+03
2.017823300000000017e+03
2.017826000000000022e+03
2.017828800000000001e+03
2.017831500000000005e+03
2.017834200000000010e+03
2.017836999999999989e+03
2.017839699999999993e+03
2.017842499999999973e+03
2.017845199999999977e+03
2.017847899999999981e+03
2.017850699999999961e+03
2.017853399999999965e+03
2.017856199999999944e+03
2.017858899999999949e+03
2.017861599999999953e+03
2.017864399999999932e+03
2.017867099999999937e+03
2.017869899999999916e+03
2.017872599999999920e+03
2.017875299999999925e+03
2.017878099999999904e+03
2.017880799999999908e+03
2.017883599999999888e+03
2.017886299999999892e+03
2.017888999999999896e+03
2.017891800000000103e+03
2.017894500000000107e+03
2.017897300000000087e+03
2.017900000000000091e+03
2.017902700000000095e+03
2.017905500000000075e+03
2.017908200000000079e+03
2.017911000000000058e+03
2.017913700000000063e+03
2.017916400000000067e+03
2.017919200000000046e+03
2.017921900000000051e+03
2.017924700000000030e+03
2.017927400000000034e+03
2.017930100000000039e+03
2.017932900000000018e+03
2.017935600000000022e+03
2.017938400000000001e+03
2.017941100000000006e+03
2.017943800000000010e+03
2.017946599999999989e+03
2.017949299999999994e+03
2.017952099999999973e+03
2.017954799999999977e+03
2.017957499999999982e+03
2.017960299999999961e+03
2.017962999999999965e+03
2.017965799999999945e+03
2.017968499999999949e+03
2.017971199999999953e+03
2.017973999999999933e+03
2.017976699999999937e+03
2.017979499999999916e+03
2.017982199999999921e+03
2.017984899999999925e+03
2.017987699999999904e+03
2.017990399999999909e+03
2.017993199999999888e+03
2.017995899999999892e+03
2.017998599999999897e+03
2.018001400000000103e+03
2.018004100000000108e+03
2.018006800000000112e+03
2.018009600000000091e+03
2.018012300000000096e+03
2.018015100000000075e+03
2.018017800000000079e+03
2.018020500000000084e+03
2.018023300000000063e+03
2.018026000000000067e+03
2.018028800000000047e+03
2.018031500000000051e+03
2.018034200000000055e+03
2.018037000000000035e+03
2.018039700000000039e+03
2.018042500000000018e+03
2.018045200000000023e+03
2.018047900000000027e+03
2.018050700000000006e+03
2.018053400000000011e+03
2.018056199999999990e+03
2.018058899999999994e+03
2.018061599999999999e+03
2.018064399999999978e+03
2.018067099999999982e+03
2.018069899999999961e+03
2.018072599999999966e+03
2.018075299999999970e+03
2.018078099999999949e+03
2.018080799999999954e+03
2.018083599999999933e+03
2.018086299999999937e+03
2.018088999999999942e+03
2.018091799999999921e+03
2.018094499999999925e+03
2.018097299999999905e+03
2.018099999999999909e+03
2.018102699999999913e+03
2.018105499999999893e+03
2.018108199999999897e+03
2.018111000000000104e+03
2.018113700000000108e+03
2.018116400000000112e+03
2.018119200000000092e+03
2.018121900000000096e+03
2.018124700000000075e+03
2.018127400000000080e+03
2.018130100000000084e+03
2.018132900000000063e+03
2.018135600000000068e+03
2.018138400000000047e+03
2.018141100000000051e+03
2.018143800000000056e+03
2.018146600000000035e+03
2.018149300000000039e+03
2.018152100000000019e+03
2.018154800000000023e+03
2.018157500000000027e+03
2.018160300000000007e+03
2.018163000000000011e+03
2.018165799999999990e+03
2.018168499999999995e+03
2.018171199999999999e+03
2.018173999999999978e+03
2.018176699999999983e+03
2.018179499999999962e+03
2.018182199999999966e+03
2.018184899999999971e+03
2.018187699999999950e+03
2.018190399999999954e+03
2.018193199999999933e+03
2.018195899999999938e+03
2.018198599999999942e+03
2.018201399999999921e+03
2.018204099999999926e+03
2.018206799999999930e+03
2.018209599999999909e+03
2.018212299999999914e+03
2.018215099999999893e+03
2.018217799999999897e+03
2.018220499999999902e+03
2.018223300000000108e+03
2.018226000000000113e+03
2.018228800000000092e+03
2.018231500000000096e+03
2.018234200000000101e+03
2.018237000000000080e+03
2.018239700000000084e+03
2.018242500000000064e+03
2.018245200000000068e+03
2.018247900000000072e+03
2.018250700000000052e+03
2.018253400000000056e+03
2.018256200000000035e+03
2.018258900000000040e+03
2.018261600000000044e+03
2.018264400000000023e+03
2.018267100000000028e+03
2.018269900000000007e+03
2.018272600000000011e+03
2.018275300000000016e+03
2.018278099999999995e+03
2.018280799999999999e+03
2.018283599999999979e+03
2.018286299999999983e+03
2.018288999999999987e+03
2.018291799999999967e+03
2.018294499999999971e+03
2.018297299999999950e+03
2.018299999999999955e+03
2.018302699999999959e+03
2.018305499999999938e+03
2.018308199999999943e+03
2.018310999999999922e+03
2.018313699999999926e+03
2.018316399999999931e+03
2.018319199999999910e+03
2.018321899999999914e+03
2.018324699999999893e+03
2.018327399999999898e+03
2.018330099999999902e+03
2.018332900000000109e+03
2.018335600000000113e+03
2.018338400000000092e+03
2.018341100000000097e+03
2.018343800000000101e+03
2.018346600000000080e+03
2.018349300000000085e+03
2.018352100000000064e+03
2.018354800000000068e+03
2.018357500000000073e+03
2.018360300000000052e+03
2.018363000000000056e+03
2.018365800000000036e+03
2.018368500000000040e+03
2.018371200000000044e+03
2.018374000000000024e+03
2.018376700000000028e+03
2.018379500000000007e+03
2.018382200000000012e+03
2.018384900000000016e+03
2.018387699999999995e+03
2.018390400000000000e+03
2.018393199999999979e+03
2.018395899999999983e+03
2.018398599999999988e+03
2.018401399999999967e+03
2.018404099999999971e+03
2.018406799999999976e+03
2.018409599999999955e+03
2.018412299999999959e+03
2.018415099999999939e+03
2.018417799999999943e+03
2.018420499999999947e+03
2.018423299999999927e+03
2.018425999999999931e+03
2.018428799999999910e+03
2.018431499999999915e+03
2.018434199999999919e+03
2.018436999999999898e+03
2.018439699999999903e+03
2.018442500000000109e+03
2.018445200000000114e+03
2.018447899999999890e+03
2.018450700000000097e+03
2.018453400000000101e+03
2.018456200000000081e+03
2.018458900000000085e+03
2.018461600000000089e+03
2.018464400000000069e+03
2.018467100000000073e+03
2.018469900000000052e+03
2.018472600000000057e+03
2.018475300000000061e+03
2.018478100000000040e+03
2.018480800000000045e+03
2.018483600000000024e+03
2.018486300000000028e+03
2.018489000000000033e+03
2.018491800000000012e+03
2.018494500000000016e+03
2.018497299999999996e+03
2.018500000000000000e+03
2.018502700000000004e+03
2.018505499999999984e+03
2.018508199999999988e+03
2.018510999999999967e+03
2.018513699999999972e+03
2.018516399999999976e+03
2.018519199999999955e+03
2.018521899999999960e+03
2.018524699999999939e+03
2.018527399999999943e+03
2.018530099999999948e+03
2.018532899999999927e+03
2.018535599999999931e+03
2.018538399999999911e+03
2.018541099999999915e+03
2.018543799999999919e+03
2.018546599999999899e+03
2.018549299999999903e+03
2.018552100000000110e+03
2.018554799999999886e+03
2.018557499999999891e+03
2.018560300000000097e+03
2.018563000000000102e+03
2.018565800000000081e+03
2.018568500000000085e+03
2.018571200000000090e+03
2.018574000000000069e+03
2.018576700000000073e+03
2.018579500000000053e+03
2.018582200000000057e+03
2.018584900000000061e+03
2.018587700000000041e+03
2.018590400000000045e+03
2.018593200000000024e+03
2.018595900000000029e+03
2.018598600000000033e+03
2.018601400000000012e+03
2.018604100000000017e+03
2.018606800000000021e+03
2.018609600000000000e+03
2.018612300000000005e+03
2.018615099999999984e+03
2.018617799999999988e+03
2.018620499999999993e+03
2.018623299999999972e+03
2.018625999999999976e+03
2.018628799999999956e+03
2.018631499999999960e+03
2.018634199999999964e+03
2.018636999999999944e+03
2.018639699999999948e+03
2.018642499999999927e+03
2.018645199999999932e+03
2.018647899999999936e+03
2.018650699999999915e+03
2.018653399999999920e+03
2.018656199999999899e+03
2.018658899999999903e+03
2.018661599999999908e+03
2.018664399999999887e+03
2.018667099999999891e+03
2.018669900000000098e+03
2.018672600000000102e+03
2.018675300000000107e+03
2.018678100000000086e+03
2.018680800000000090e+03
2.018683600000000069e+03
2.018686300000000074e+03
2.018689000000000078e+03
2.018691800000000057e+03
2.018694500000000062e+03
2.018697300000000041e+03
2.018700000000000045e+03
2.018702700000000050e+03
2.018705500000000029e+03
2.018708200000000033e+03
2.018711000000000013e+03
2.018713700000000017e+03
2.018716400000000021e+03
2.018719200000000001e+03
2.018721900000000005e+03
2.018724699999999984e+03
2.018727399999999989e+03
2.018730099999999993e+03
2.018732899999999972e+03
2.018735599999999977e+03
2.018738399999999956e+03
2.018741099999999960e+03
2.018743799999999965e+03
2.018746599999999944e+03
2.018749299999999948e+03
2.018752099999999928e+03
2.018754799999999932e+03
2.018757499999999936e+03
2.018760299999999916e+03
2.018762999999999920e+03
2.018765799999999899e+03
2.018768499999999904e+03
2.018771199999999908e+03
2.018773999999999887e+03
2.018776699999999892e+03
2.018779500000000098e+03
2.018782200000000103e+03
2.018784900000000107e+03
2.018787700000000086e+03
2.018790400000000091e+03
2.018793200000000070e+03
2.018795900000000074e+03
2.018798600000000079e+03
2.018801400000000058e+03
2.018804100000000062e+03
2.018806800000000067e+03
2.018809600000000046e+03
2.018812300000000050e+03
2.018815100000000029e+03
2.018817800000000034e+03
2.018820500000000038e+03
2.018823300000000017e+03
2.018826000000000022e+03
2.018828800000000001e+03
2.018831500000000005e+03
2.018834200000000010e+03
2.018836999999999989e+03
2.018839699999999993e+03
2.018842499999999973e+03
2.018845199999999977e+03
2.018847899999999981e+03
2.018850699999999961e+03
2.018853399999999965e+03
2.018856199999999944e+03
2.018858899999999949e+03
2.018861599999999953e+03
2.018864399999999932e+03
2.018867099999999937e+03
2.018869899999999916e+03
2.018872599999999920e+03
2.018875299999999925e+03
2.018878099999999904e+03
2.018880799999999908e+03
2.018883599999999888e+03
2.018886299999999892e+03
2.018888999999999896e+03
2.018891800000000103e+03
2.018894500000000107e+03
2.018897300000000087e+03
2.018900000000000091e+03
2.018902700000000095e+03
2.018905500000000075e+03
2.018908200000000079e+03
2.018911000000000058e+03
2.018913700000000063e+03
2.018916400000000067e+03
2.018919200000000046e+03
2.018921900000000051e+03
2.018924700000000030e+03
2.018927400000000034e+03
2.018930100000000039e+03
2.018932900000000018e+03
2.018935600000000022e+03
2.018938400000000001e+03
2.018941100000000006e+03
2.018943800000000010e+03
2.018946599999999989e+03
2.018949299999999994e+03
2.018952099999999973e+03
2.018954799999999977e+03
2.018957499999999982e+03
2.018960299999999961e+03
2.018962999999999965e+03
2.018965799999999945e+03
2.018968499999999949e+03
2.018971199999999953e+03
2.018973999999999933e+03
2.018976699999999937e+03
2.018979499999999916e+03
2.018982199999999921e+03
2.018984899999999925e+03
2.018987699999999904e+03
2.018990399999999909e+03
2.018993199999999888e+03
2.018995899999999892e+03
2.018998599999999897e+03
2.019001400000000103e+03
2.019004100000000108e+03
2.019006800000000112e+03
2.019009600000000091e+03
2.019012300000000096e+03
2.019015100000000075e+03
2.019017800000000079e+03
2.019020500000000084e+03
2.019023300000000063e+03
2.019026000000000067e+03
2.019028800000000047e+03
2.019031500000000051e+03
2.019034200000000055e+03
2.019037000000000035e+03
2.019039700000000039e+03
2.019042500000000018e+03
2.019045200000000023e+03
2.019047900000000027e+03
2.019050700000000006e+03
2.019053400000000011e+03
2.019056199999999990e+03
2.019058899999999994e+03
2.019061599999999999e+03
2.019064399999999978e+03
2.019067099999999982e+03
2.019069899999999961e+03
2.019072599999999966e+03
2.019075299999999970e+03
2.019078099999999949e+03
2.019080799999999954e+03
2.019083599999999933e+03
2.019086299999999937e+03
2.019088999999999942e+03
2.019091799999999921e+03
2.019094499999999925e+03
2.019097299999999905e+03
2.019099999999999909e+03
2.019102699999999913e+03
2.019105499999999893e+03
2.019108199999999897e+03
2.019111000000000104e+03
2.019113700000000108e+03
2.019116400000000112e+03
2.019119200000000092e+03
2.019121900000000096e+03
2.019124700000000075e+03
2.019127400000000080e+03
2.019130100000000084e+03
2.019132900000000063e+03
2.019135600000000068e+03
2.019138400000000047e+03
2.019141100000000051e+03
2.019143800000000056e+03
2.019146600000000035e+03
2.019149300000000039e+03
2.019152100000000019e+03
2.019154800000000023e+03
2.019157500000000027e+03
2.019160300000000007e+03
2.019163000000000011e+03
2.019165799999999990e+03
2.019168499999999995e+03
2.019171199999999999e+03
2.019173999999999978e+03
2.019176699999999983e+03
2.019179499999999962e+03
2.019182199999999966e+03
2.019184899999999971e+03
2.019187699999999950e+03
2.019190399999999954e+03
2.019193199999999933e+03
2.019195899999999938e+03
2.019198599999999942e+03
2.019201399999999921e+03
2.019204099999999926e+03
2.019206799999999930e+03
2.019209599999999909e+03
2.019212299999999914e+03
2.019215099999999893e+03
2.019217799999999897e+03
2.019220499999999902e+03
2.019223300000000108e+03
2.019226000000000113e+03
2.019228800000000092e+03
2.019231500000000096e+03
2.019234200000000101e+03
2.019237000000000080e+03
2.019239700000000084e+03
2.019242500000000064e+03
2.019245200000000068e+03
2.019247900000000072e+03
2.019250700000000052e+03
2.019253400000000056e+03
2.019256200000000035e+03
2.019258900000000040e+03
2.019261600000000044e+03
2.019264400000000023e+03
2.019267100000000028e+03
2.019269900000000007e+03
2.019272600000000011e+03
2.019275300000000016e+03
2.019278099999999995e+03
2.019280799999999999e+03
2.019283599999999979e+03
2.019286299999999983e+03
2.019288999999999987e+03
2.019291799999999967e+03
2.019294499999999971e+03
2.019297299999999950e+03
2.019299999999999955e+03
2.019302699999999959e+03
2.019305499999999938e+03
2.019308199999999943e+03
2.019310999999999922e+03
2.019313699999999926e+03
2.019316399999999931e+03
2.019319199999999910e+03
2.019321899999999914e+03
2.019324699999999893e+03
2.019327399999999898e+03
2.019330099999999902e+03
2.019332900000000109e+03
2.019335600000000113e+03
2.019338400000000092e+03
2.019341100000000097e+03
2.019343800000000101e+03
2.019346600000000080e+03
2.019349300000000085e+03
2.019352100000000064e+03
2.019354800000000068e+03
2.019357500000000073e+03
2.019360300000000052e+03
2.019363000000000056e+03
2.019365800000000036e+03
2.019368500000000040e+03
2.019371200000000044e+03
2.019374000000000024e+03
2.019376700000000028e+03
2.019379500000000007e+03
2.019382200000000012e+03
2.019384900000000016e+03
2.019387699999999995e+03
2.019390400000000000e+03
2.019393199999999979e+03
2.019395899999999983e+03
2.019398599999999988e+03
2.019401399999999967e+03
2.019404099999999971e+03
2.019406799999999976e+03
2.019409599999999955e+03
2.019412299999999959e+03
2.019415099999999939e+03
2.019417799999999943e+03
2.019420499999999947e+03
2.019423299999999927e+03
2.019425999999999931e+03
2.019428799999999910e+03
2.019431499999999915e+03
2.019434199999999919e+03
2.019436999999999898e+03
2.019439699999999903e+03
2.019442500000000109e+03
2.019445200000000114e+03
2.019447899999999890e+03
2.019450700000000097e+03
2.019453400000000101e+03
2.019456200000000081e+03
2.019458900000000085e+03
2.019461600000000089e+03
2.019464400000000069e+03
2.019467100000000073e+03
2.019469900000000052e+03
2.019472600000000057e+03
2.019475300000000061e+03
2.019478100000000040e+03
2.019480800000000045e+03
2.019483600000000024e+03
2.019486300000000028e+03
2.019489000000000033e+03
2.019491800000000012e+03
2.019494500000000016e+03
2.019497299999999996e+03
2.019500000000000000e+03
2.019502700000000004e+03
2.019505499999999984e+03
2.019508199999999988e+03
2.019510999999999967e+03
2.019513699999999972e+03
2.019516399999999976e+03
2.019519199999999955e+03
2.019521899999999960e+03
2.019524699999999939e+03
2.019527399999999943e+03
2.019530099999999948e+03
2.019532899999999927e+03
2.019535599999999931e+03
2.019538399999999911e+03
2.019541099999999915e+03
2.019543799999999919e+03
2.019546599999999899e+03
2.019549299999999903e+03
2.019552100000000110e+03
2.019554799999999886e+03
2.019557499999999891e+03
2.019560300000000097e+03
2.019563000000000102e+03
2.019565800000000081e+03
2.019568500000000085e+03
2.019571200000000090e+03
2.019574000000000069e+03
2.019576700000000073e+03
2.019579500000000053e+03
2.019582200000000057e+03
2.019584900000000061e+03
2.019587700000000041e+03
2.019590400000000045e+03
2.019593200000000024e+03
2.019595900000000029e+03
2.019598600000000033e+03
2.019601400000000012e+03
2.019604100000000017e+03
2.019606800000000021e+03
2.019609600000000000e+03
2.019612300000000005e+03
2.019615099999999984e+03
2.019617799999999988e+03
2.019620499999999993e+03
2.019623299999999972e+03
2.019625999999999976e+03
2.019628799999999956e+03
2.019631499999999960e+03
2.019634199999999964e+03
2.019636999999999944e+03
2.019639699999999948e+03
2.019642499999999927e+03
2.019645199999999932e+03
2.019647899999999936e+03
2.019650699999999915e+03
2.019653399999999920e+03
2.019656199999999899e+03
2.019658899999999903e+03
2.019661599999999908e+03
2.019664399999999887e+03
2.019667099999999891e+03
2.019669900000000098e+03
2.019672600000000102e+03
2.019675300000000107e+03
2.019678100000000086e+03
2.019680800000000090e+03
2.019683600000000069e+03
2.019686300000000074e+03
2.019689000000000078e+03
2.019691800000000057e+03
2.019694500000000062e+03
2.019697300000000041e+03
2.019700000000000045e+03
2.019702700000000050e+03
2.019705500000000029e+03
2.019708200000000033e+03
2.019711000000000013e+03
2.019713700000000017e+03
2.019716400000000021e+03
2.019719200000000001e+03
2.019721900000000005e+03
2.019724699999999984e+03
2.019727399999999989e+03
2.019730099999999993e+03
2.019732899999999972e+03
2.019735599999999977e+03
2.019738399999999956e+03
2.019741099999999960e+03
2.019743799999999965e+03
2.019746599999999944e+03
2.019749299999999948e+03
2.019752099999999928e+03
2.019754799999999932e+03
2.019757499999999936e+03
2.019760299999999916e+03
2.019762999999999920e+03
2.019765799999999899e+03
2.019768499999999904e+03
2.019771199999999908e+03
2.019773999999999887e+03
2.019776699999999892e+03
2.019779500000000098e+03
2.019782200000000103e+03
2.019784900000000107e+03
2.019787700000000086e+03
2.019790400000000091e+03
2.019793200000000070e+03
2.019795900000000074e+03
2.019798600000000079e+03
2.019801400000000058e+03
2.019804100000000062e+03
2.019806800000000067e+03
2.019809600000000046e+03
2.019812300000000050e+03
2.019815100000000029e+03
2.019817800000000034e+03
2.019820500000000038e+03
2.019823300000000017e+03
2.019826000000000022e+03
2.019828800000000001e+03
2.019831500000000005e+03
2.019834200000000010e+03
2.019836999999999989e+03
2.019839699999999993e+03
2.019842499999999973e+03
2.019845199999999977e+03
2.019847899999999981e+03
2.019850699999999961e+03
2.019853399999999965e+03
2.019856199999999944e+03
2.019858899999999949e+03
2.019861599999999953e+03
2.019864399999999932e+03
2.019867099999999937e+03
2.019869899999999916e+03
2.019872599999999920e+03
2.019875299999999925e+03
2.019878099999999904e+03
2.019880799999999908e+03
2.019883599999999888e+03
2.019886299999999892e+03
2.019888999999999896e+03
2.019891800000000103e+03
2.019894500000000107e+03
2.019897300000000087e+03
2.019900000000000091e+03
2.019902700000000095e+03
2.019905500000000075e+03
2.019908200000000079e+03
2.019911000000000058e+03
2.019913700000000063e+03
2.019916400000000067e+03
2.019919200000000046e+03
2.019921900000000051e+03
2.019924700000000030e+03
2.019927400000000034e+03
2.019930100000000039e+03
2.019932900000000018e+03
2.019935600000000022e+03
2.019938400000000001e+03
2.019941100000000006e+03
2.019943800000000010e+03
2.019946599999999989e+03
2.019949299999999994e+03
2.019952099999999973e+03
2.019954799999999977e+03
2.019957499999999982e+03
2.019960299999999961e+03
2.019962999999999965e+03
2.019965799999999945e+03
2.019968499999999949e+03
2.019971199999999953e+03
2.019973999999999933e+03
2.019976699999999937e+03
2.019979499999999916e+03
2.019982199999999921e+03
2.019984899999999925e+03
2.019987699999999904e+03
2.019990399999999909e+03
2.019993199999999888e+03
2.019995899999999892e+03
2.019998599999999897e+03
2.020001400000000103e+03
2.020004100000000108e+03
2.020006800000000112e+03
2.020009600000000091e+03
2.020012300000000096e+03
2.020015000000000100e+03
2.020017800000000079e+03
2.020020500000000084e+03
2.020023200000000088e+03
2.020026000000000067e+03
2.020028700000000072e+03
2.020031400000000076e+03
2.020034200000000055e+03
2.020036900000000060e+03
2.020039600000000064e+03
2.020042300000000068e+03
2.020045100000000048e+03
2.020047800000000052e+03
2.020050500000000056e+03
2.020053300000000036e+03
2.020056000000000040e+03
2.020058700000000044e+03
2.020061500000000024e+03
2.020064200000000028e+03
2.020066900000000032e+03
2.020069700000000012e+03
2.020072400000000016e+03
2.020075100000000020e+03
2.020077900000000000e+03
2.020080600000000004e+03
2.020083300000000008e+03
2.020086099999999988e+03
2.020088799999999992e+03
2.020091499999999996e+03
2.020094299999999976e+03
2.020096999999999980e+03
2.020099699999999984e+03
2.020102499999999964e+03
2.020105199999999968e+03
2.020107899999999972e+03
2.020110699999999952e+03
2.020113399999999956e+03
2.020116099999999960e+03
2.020118899999999940e+03
2.020121599999999944e+03
2.020124299999999948e+03
2.020126999999999953e+03
2.020129799999999932e+03
2.020132499999999936e+03
2.020135199999999941e+03
2.020137999999999920e+03
2.020140699999999924e+03
2.020143399999999929e+03
2.020146199999999908e+03
2.020148899999999912e+03
2.020151599999999917e+03
2.020154399999999896e+03
2.020157099999999900e+03
2.020159799999999905e+03
2.020162600000000111e+03
2.020165299999999888e+03
2.020167999999999893e+03
2.020170800000000099e+03
2.020173500000000104e+03
2.020176200000000108e+03
2.020179000000000087e+03
2.020181700000000092e+03
2.020184400000000096e+03
2.020187200000000075e+03
2.020189900000000080e+03
2.020192600000000084e+03
2.020195400000000063e+03
2.020198100000000068e+03
2.020200800000000072e+03
2.020203600000000051e+03
2.020206300000000056e+03
2.020209000000000060e+03
2.020211700000000064e+03
2.020214500000000044e+03
2.020217200000000048e+03
2.020219900000000052e+03
2.020222700000000032e+03
2.020225400000000036e+03
2.020228100000000040e+03
2.020230900000000020e+03
2.020233600000000024e+03
2.020236300000000028e+03
2.020239100000000008e+03
2.020241800000000012e+03
2.020244500000000016e+03
2.020247299999999996e+03
2.020250000000000000e+03
2.020252700000000004e+03
2.020255499999999984e+03
2.020258199999999988e+03
2.020260899999999992e+03
2.020263699999999972e+03
2.020266399999999976e+03
2.020269099999999980e+03
2.020271899999999960e+03
2.020274599999999964e+03
2.020277299999999968e+03
2.020280099999999948e+03
2.020282799999999952e+03
2.020285499999999956e+03
2.020288299999999936e+03
2.020290999999999940e+03
2.020293699999999944e+03
2.020296399999999949e+03
2.020299199999999928e+03
2.020301899999999932e+03
2.020304599999999937e+03
2.020307399999999916e+03
2.020310099999999920e+03
2.020312799999999925e+03
2.020315599999999904e+03
2.020318299999999908e+03
2.020320999999999913e+03
2.020323799999999892e+03
2.020326499999999896e+03
2.020329199999999901e+03
2.020332000000000107e+03
2.020334700000000112e+03
2.020337399999999889e+03
2.020340200000000095e+03
2.020342900000000100e+03
2.020345600000000104e+03
2.020348400000000083e+03
2.020351100000000088e+03
2.020353800000000092e+03
2.020356600000000071e+03
2.020359300000000076e+03
2.020362000000000080e+03
2.020364800000000059e+03
2.020367500000000064e+03
2.020370200000000068e+03
2.020373000000000047e+03
2.020375700000000052e+03
2.020378400000000056e+03
2.020381100000000060e+03
2.020383900000000040e+03
2.020386600000000044e+03
2.020389300000000048e+03
2.020392100000000028e+03
2.020394800000000032e+03
2.020397500000000036e+03
2.020400300000000016e+03
2.020403000000000020e+03
2.020405700000000024e+03
2.020408500000000004e+03
2.020411200000000008e+03
2.020413900000000012e+03
2.020416699999999992e+03
2.020419399999999996e+03
2.020422100000000000e+03
2.020424899999999980e+03
2.020427599999999984e+03
2.020430299999999988e+03
2.020433099999999968e+03
2.020435799999999972e+03
2.020438499999999976e+03
2.020441299999999956e+03
2.020443999999999960e+03
2.020446699999999964e+03
2.020449499999999944e+03
2.020452199999999948e+03
2.020454899999999952e+03
2.020457699999999932e+03
2.020460399999999936e+03
2.020463099999999940e+03
2.020465799999999945e+03
2.020468599999999924e+03
2.020471299999999928e+03
2.020473999999999933e+03
2.020476799999999912e+03
2.020479499999999916e+03
2.020482199999999921e+03
2.020484999999999900e+03
2.020487699999999904e+03
2.020490399999999909e+03
2.020493199999999888e+03
2.020495899999999892e+03
2.020498599999999897e+03
2.020501400000000103e+03
2.020504100000000108e+03
2.020506800000000112e+03
2.020509600000000091e+03
2.020512300000000096e+03
2.020515000000000100e+03
2.020517800000000079e+03
2.020520500000000084e+03
2.020523200000000088e+03
2.020526000000000067e+03
2.020528700000000072e+03
2.020531400000000076e+03
2.020534200000000055e+03
2.020536900000000060e+03
2.020539600000000064e+03
2.020542300000000068e+03
2.020545100000000048e+03
2.020547800000000052e+03
2.020550500000000056e+03
2.020553300000000036e+03
2.020556000000000040e+03
2.020558700000000044e+03
2.020561500000000024e+03
2.020564200000000028e+03
2.020566900000000032e+03
2.020569700000000012e+03
2.020572400000000016e+03
2.020575100000000020e+03
2.020577900000000000e+03
2.020580600000000004e+03
2.020583300000000008e+03
2.020586099999999988e+03
2.020588799999999992e+03
2.020591499999999996e+03
2.020594299999999976e+03
2.020596999999999980e+03
2.020599699999999984e+03
2.020602499999999964e+03
2.020605199999999968e+03
2.020607899999999972e+03
2.020610699999999952e+03
2.020613399999999956e+03
2.020616099999999960e+03
2.020618899999999940e+03
2.020621599999999944e+03
2.020624299999999948e+03
2.020626999999999953e+03
2.020629799999999932e+03
2.020632499999999936e+03
2.020635199999999941e+03
2.020637999999999920e+03
2.020640699999999924e+03
2.020643399999999929e+03
2.020646199999999908e+03
2.020648899999999912e+03
2.020651599999999917e+03
2.020654399999999896e+03
2.020657099999999900e+03
2.020659799999999905e+03
2.020662600000000111e+03
2.020665299999999888e+03
2.020667999999999893e+03
2.020670800000000099e+03
2.020673500000000104e+03
2.020676200000000108e+03
2.020679000000000087e+03
2.020681700000000092e+03
2.020684400000000096e+03
2.020687200000000075e+03
2.020689900000000080e+03
2.020692600000000084e+03
2.020695400000000063e+03
2.020698100000000068e+03
2.020700800000000072e+03
2.020703600000000051e+03
2.020706300000000056e+03
2.020709000000000060e+03
2.020711700000000064e+03
2.020714500000000044e+03
2.020717200000000048e+03
2.020719900000000052e+03
2.020722700000000032e+03
2.020725400000000036e+03
2.020728100000000040e+03
2.020730900000000020e+03
2.020733600000000024e+03
2.020736300000000028e+03
2.020739100000000008e+03
2.020741800000000012e+03
2.020744500000000016e+03
2.020747299999999996e+03
2.020750000000000000e+03
2.020752700000000004e+03
2.020755499999999984e+03
2.020758199999999988e+03
2.020760899999999992e+03
2.020763699999999972e+03
2.020766399999999976e+03
2.020769099999999980e+03
2.020771899999999960e+03
2.020774599999999964e+03
2.020777299999999968e+03
2.020780099999999948e+03
2.020782799999999952e+03
2.020785499999999956e+03
2.020788299999999936e+03
2.020790999999999940e+03
2.020793699999999944e+03
2.020796399999999949e+03
2.020799199999999928e+03
2.020801899999999932e+03
2.020804599999999937e+03
2.020807399999999916e+03
2.020810099999999920e+03
2.020812799999999925e+03
2.020815599999999904e+03
2.020818299999999908e+03
2.020820999999999913e+03
2.020823799999999892e+03
2.020826499999999896e+03
2.020829199999999901e+03
2.020832000000000107e+03
2.020834700000000112e+03
2.020837399999999889e+03
2.020840200000000095e+03
2.020842900000000100e+03
2.020845600000000104e+03
2.020848400000000083e+03
2.020851100000000088e+03
2.020853800000000092e+03
2.020856600000000071e+03
2.020859300000000076e+03
2.020862000000000080e+03
2.020864800000000059e+03
2.020867500000000064e+03
2.020870200000000068e+03
2.020873000000000047e+03
2.020875700000000052e+03
2.020878400000000056e+03
2.020881100000000060e+03
2.020883900000000040e+03
2.020886600000000044e+03
2.020889300000000048e+03
2.020892100000000028e+03
2.020894800000000032e+03
2.020897500000000036e+03
2.020900300000000016e+03
2.020903000000000020e+03
2.020905700000000024e+03
2.020908500000000004e+03
2.020911200000000008e+03
2.020913900000000012e+03
2.020916699999999992e+03
2.020919399999999996e+03
2.020922100000000000e+03
2.020924899999999980e+03
2.020927599999999984e+03
2.020930299999999988e+03
2.020933099999999968e+03
2.020935799999999972e+03
2.020938499999999976e+03
2.020941299999999956e+03
2.020943999999999960e+03
2.020946699999999964e+03
2.020949499999999944e+03
2.020952199999999948e+03
2.020954899999999952e+03
2.020957699999999932e+03
2.020960399999999936e+03
2.020963099999999940e+03
2.020965799999999945e+03
2.020968599999999924e+03
2.020971299999999928e+03
2.020973999999999933e+03
2.020976799999999912e+03
2.020979499999999916e+03
2.020982199999999921e+03
2.020984999999999900e+03
2.020987699999999904e+03
2.020990399999999909e+03
2.020993199999999888e+03
2.020995899999999892e+03
2.020998599999999897e+03
2.021001400000000103e+03
2.021004100000000108e+03
2.021006800000000112e+03
2.021009600000000091e+03
2.021012300000000096e+03
2.021015100000000075e+03
2.021017800000000079e+03
2.021020500000000084e+03
2.021023300000000063e+03
2.021026000000000067e+03
2.021028800000000047e+03
2.021031500000000051e+03
2.021034200000000055e+03
2.021037000000000035e+03
2.021039700000000039e+03
2.021042500000000018e+03
2.021045200000000023e+03
2.021047900000000027e+03
2.021050700000000006e+03
2.021053400000000011e+03
2.021056199999999990e+03
2.021058899999999994e+03
2.021061599999999999e+03
2.021064399999999978e+03
2.021067099999999982e+03
2.021069899999999961e+03
2.021072599999999966e+03
2.021075299999999970e+03
2.021078099999999949e+03
2.021080799999999954e+03
2.021083599999999933e+03
2.021086299999999937e+03
2.021088999999999942e+03
2.021091799999999921e+03
2.021094499999999925e+03
2.021097299999999905e+03
2.021099999999999909e+03
2.021102699999999913e+03
2.021105499999999893e+03
2.021108199999999897e+03
2.021111000000000104e+03
2.021113700000000108e+03
2.021116400000000112e+03
2.021119200000000092e+03
2.021121900000000096e+03
2.021124700000000075e+03
2.021127400000000080e+03
2.021130100000000084e+03
2.021132900000000063e+03
2.021135600000000068e+03
2.021138400000000047e+03
2.021141100000000051e+03
2.021143800000000056e+03
2.021146600000000035e+03
2.021149300000000039e+03
2.021152100000000019e+03
2.021154800000000023e+03
2.021157500000000027e+03
2.021160300000000007e+03
2.021163000000000011e+03
2.021165799999999990e+03
2.021168499999999995e+03
2.021171199999999999e+03
2.021173999999999978e+03
2.021176699999999983e+03
2.021179499999999962e+03
2.021182199999999966e+03
2.021184899999999971e+03
2.021187699999999950e+03
2.021190399999999954e+03
2.021193199999999933e+03
2.021195899999999938e+03
2.021198599999999942e+03
2.021201399999999921e+03
2.021204099999999926e+03
2.021206799999999930e+03
2.021209599999999909e+03
2.021212299999999914e+03
2.021215099999999893e+03
2.021217799999999897e+03
2.021220499999999902e+03
2.021223300000000108e+03
2.021226000000000113e+03
2.021228800000000092e+03
2.021231500000000096e+03
2.021234200000000101e+03
2.021237000000000080e+03
2.021239700000000084e+03
2.021242500000000064e+03
2.021245200000000068e+03
2.021247900000000072e+03
2.021250700000000052e+03
2.021253400000000056e+03
2.021256200000000035e+03
2.021258900000000040e+03
2.021261600000000044e+03
2.021264400000000023e+03
2.021267100000000028e+03
2.021269900000000007e+03
2.021272600000000011e+03
2.021275300000000016e+03
2.021278099999999995e+03
2.021280799999999999e+03
2.021283599999999979e+03
2.021286299999999983e+03
2.021288999999999987e+03
2.021291799999999967e+03
2.021294499999999971e+03
2.021297299999999950e+03
2.021299999999999955e+03
2.021302699999999959e+03
2.021305499999999938e+03
2.021308199999999943e+03
2.021310999999999922e+03
2.021313699999999926e+03
2.021316399999999931e+03
2.021319199999999910e+03
2.021321899999999914e+03
2.021324699999999893e+03
2.021327399999999898e+03
2.021330099999999902e+03
2.021332900000000109e+03
2.021335600000000113e+03
2.021338400000000092e+03
2.021341100000000097e+03
2.021343800000000101e+03
2.021346600000000080e+03
2.021349300000000085e+03
2.021352100000000064e+03
2.021354800000000068e+03
2.021357500000000073e+03
2.021360300000000052e+03
2.021363000000000056e+03
2.021365800000000036e+03
2.021368500000000040e+03
2.021371200000000044e+03
2.021374000000000024e+03
2.021376700000000028e+03
2.021379500000000007e+03
2.021382200000000012e+03
2.021384900000000016e+03
2.021387699999999995e+03
2.021390400000000000e+03
2.021393199999999979e+03
2.021395899999999983e+03
2.021398599999999988e+03
2.021401399999999967e+03
2.021404099999999971e+03
2.021406799999999976e+03
2.021409599999999955e+03
2.021412299999999959e+03
2.021415099999999939e+03
2.021417799999999943e+03
2.021420499999999947e+03
2.021423299999999927e+03
2.021425999999999931e+03
2.021428799999999910e+03
2.021431499999999915e+03
2.021434199999999919e+03
2.021436999999999898e+03
2.021439699999999903e+03
2.021442500000000109e+03
2.021445200000000114e+03
2.021447899999999890e+03
2.021450700000000097e+03
2.021453400000000101e+03
2.021456200000000081e+03
2.021458900000000085e+03
2.021461600000000089e+03
2.021464400000000069e+03
2.021467100000000073e+03
2.021469900000000052e+03
2.021472600000000057e+03
2.021475300000000061e+03
2.021478100000000040e+03
2.021480800000000045e+03
2.021483600000000024e+03
2.021486300000000028e+03
2.021489000000000033e+03
2.021491800000000012e+03
2.021494500000000016e+03
2.021497299999999996e+03
2.021500000000000000e+03
2.021502700000000004e+03
2.021505499999999984e+03
2.021508199999999988e+03
2.021510999999999967e+03
2.021513699999999972e+03
2.021516399999999976e+03
2.021519199999999955e+03
2.021521899999999960e+03
2.021524699999999939e+03
2.021527399999999943e+03
2.021530099999999948e+03
2.021532899999999927e+03
2.021535599999999931e+03
2.021538399999999911e+03
2.021541099999999915e+03
2.021543799999999919e+03
2.021546599999999899e+03
2.021549299999999903e+03
2.021552100000000110e+03
2.021554799999999886e+03
2.021557499999999891e+03
2.021560300000000097e+03
2.021563000000000102e+03
2.021565800000000081e+03
2.021568500000000085e+03
2.021571200000000090e+03
2.021574000000000069e+03
2.021576700000000073e+03
2.021579500000000053e+03
2.021582200000000057e+03
2.021584900000000061e+03
2.021587700000000041e+03
2.021590400000000045e+03
2.021593200000000024e+03
2.021595900000000029e+03
2.021598600000000033e+03
2.021601400000000012e+03
2.021604100000000017e+03
2.021606800000000021e+03
2.021609600000000000e+03
2.021612300000000005e+03
2.021615099999999984e+03
2.021617799999999988e+03
2.021620499999999993e+03
2.021623299999999972e+03
2.021625999999999976e+03
2.021628799999999956e+03
2.021631499999999960e+03
2.021634199999999964e+03
2.021636999999999944e+03
2.021639699999999948e+03
2.021642499999999927e+03
2.021645199999999932e+03
2.021647899999999936e+03
2.021650699999999915e+03
2.021653399999999920e+03
2.021656199999999899e+03
2.021658899999999903e+03
2.021661599999999908e+03
2.021664399999999887e+03
2.021667099999999891e+03
2.021669900000000098e+03
2.021672600000000102e+03
2.021675300000000107e+03
2.021678100000000086e+03
2.021680800000000090e+03
2.021683600000000069e+03
2.021686300000000074e+03
2.021689000000000078e+03
2.021691800000000057e+03
2.021694500000000062e+03
2.021697300000000041e+03
2.021700000000000045e+03
2.021702700000000050e+03
2.021705500000000029e+03
2.021708200000000033e+03
2.021711000000000013e+03
2.021713700000000017e+03
2.021716400000000021e+03
2.021719200000000001e+03
2.021721900000000005e+03
2.021724699999999984e+03
2.021727399999999989e+03
2.021730099999999993e+03
2.021732899999999972e+03
2.021735599999999977e+03
2.021738399999999956e+03
2.021741099999999960e+03
2.021743799999999965e+03
2.021746599999999944e+03
2.021749299999999948e+03
2.021752099999999928e+03
2.021754799999999932e+03
2.021757499999999936e+03
2.021760299999999916e+03
2.021762999999999920e+03
2.021765799999999899e+03
2.021768499999999904e+03
2.021771199999999908e+03
2.021773999999999887e+03
2.021776699999999892e+03
2.021779500000000098e+03
2.021782200000000103e+03
2.021784900000000107e+03
2.021787700000000086e+03
2.021790400000000091e+03
2.021793200000000070e+03
2.021795900000000074e+03
2.021798600000000079e+03
2.021801400000000058e+03
2.021804100000000062e+03
2.021806800000000067e+03
2.021809600000000046e+03
2.021812300000000050e+03
2.021815100000000029e+03
2.021817800000000034e+03
2.021820500000000038e+03
2.021823300000000017e+03
2.021826000000000022e+03
2.021828800000000001e+03
2.021831500000000005e+03
2.021834200000000010e+03
2.021836999999999989e+03
2.021839699999999993e+03
2.021842499999999973e+03
2.021845199999999977e+03
2.021847899999999981e+03
2.021850699999999961e+03
2.021853399999999965e+03
2.021856199999999944e+03
2.021858899999999949e+03
2.021861599999999953e+03
2.021864399999999932e+03
2.021867099999999937e+03
2.021869899999999916e+03
2.021872599999999920e+03
2.021875299999999925e+03
2.021878099999999904e+03
2.021880799999999908e+03
2.021883599999999888e+03
2.021886299999999892e+03
2.021888999999999896e+03
2.021891800000000103e+03
2.021894500000000107e+03
2.021897300000000087e+03
2.021900000000000091e+03
2.021902700000000095e+03
2.021905500000000075e+03
2.021908200000000079e+03
2.021911000000000058e+03
2.021913700000000063e+03
2.021916400000000067e+03
2.021919200000000046e+03
2.021921900000000051e+03
2.021924700000000030e+03
2.021927400000000034e+03
2.021930100000000039e+03
2.021932900000000018e+03
2.021935600000000022e+03
2.021938400000000001e+03
2.021941100000000006e+03
2.021943800000000010e+03
2.021946599999999989e+03
2.021949299999999994e+03
2.021952099999999973e+03
2.021954799999999977e+03
2.021957499999999982e+03
2.021960299999999961e+03
2.021962999999999965e+03
2.021965799999999945e+03
2.021968499999999949e+03
2.021971199999999953e+03
2.021973999999999933e+03
2.021976699999999937e+03
2.021979499999999916e+03
2.021982199999999921e+03
2.021984899999999925e+03
2.021987699999999904e+03
2.021990399999999909e+03
2.021993199999999888e+03
2.021995899999999892e+03
2.021998599999999897e+03
2.022001400000000103e+03
2.022004100000000108e+03
2.022006800000000112e+03
2.022009600000000091e+03
2.022012300000000096e+03
2.022015100000000075e+03
2.022017800000000079e+03
2.022020500000000084e+03
2.022023300000000063e+03
2.022026000000000067e+03
2.022028800000000047e+03
2.022031500000000051e+03
2.022034200000000055e+03
2.022037000000000035e+03
2.022039700000000039e+03
2.022042500000000018e+03
2.022045200000000023e+03
2.022047900000000027e+03
2.022050700000000006e+03
2.022053400000000011e+03
2.022056199999999990e+03
2.022058899999999994e+03
2.022061599999999999e+03
2.022064399999999978e+03
2.022067099999999982e+03
2.022069899999999961e+03
2.022072599999999966e+03
2.022075299999999970e+03
2.022078099999999949e+03
2.022080799999999954e+03
2.022083599999999933e+03
2.022086299999999937e+03
2.022088999999999942e+03
2.022091799999999921e+03
2.022094499999999925e+03
2.022097299999999905e+03
2.022099999999999909e+03
2.022102699999999913e+03
2.022105499999999893e+03
2.022108199999999897e+03
2.022111000000000104e+03
2.022113700000000108e+03
2.022116400000000112e+03
2.022119200000000092e+03
2.022121900000000096e+03
2.022124700000000075e+03
2.022127400000000080e+03
2.022130100000000084e+03
2.022132900000000063e+03
2.022135600000000068e+03
2.022138400000000047e+03
2.022141100000000051e+03
2.022143800000000056e+03
2.022146600000000035e+03
2.022149300000000039e+03
2.022152100000000019e+03
2.022154800000000023e+03
2.022157500000000027e+03
2.022160300000000007e+03
2.022163000000000011e+03
2.022165799999999990e+03
2.022168499999999995e+03
2.022171199999999999e+03
2.022173999999999978e+03
2.022176699999999983e+03
2.022179499999999962e+03
2.022182199999999966e+03
2.022184899999999971e+03
2.022187699999999950e+03
2.022190399999999954e+03
2.022193199999999933e+03
2.022195899999999938e+03
2.022198599999999942e+03
2.022201399999999921e+03
2.022204099999999926e+03
2.022206799999999930e+03
2.022209599999999909e+03
2.022212299999999914e+03
2.022215099999999893e+03
2.022217799999999897e+03
2.022220499999999902e+03
2.022223300000000108e+03
2.022226000000000113e+03
2.022228800000000092e+03
2.022231500000000096e+03
2.022234200000000101e+03
2.022237000000000080e+03
2.022239700000000084e+03
2.022242500000000064e+03
2.022245200000000068e+03
2.022247900000000072e+03
2.022250700000000052e+03
2.022253400000000056e+03
2.022256200000000035e+03
2.022258900000000040e+03
2.022261600000000044e+03
2.022264400000000023e+03
2.022267100000000028e+03
2.022269900000000007e+03
2.022272600000000011e+03
2.022275300000000016e+03
2.022278099999999995e+03
2.022280799999999999e+03
2.022283599999999979e+03
2.022286299999999983e+03
2.022288999999999987e+03
2.022291799999999967e+03
2.022294499999999971e+03
2.022297299999999950e+03
2.022299999999999955e+03
2.022302699999999959e+03
2.022305499999999938e+03
2.022308199999999943e+03
2.022310999999999922e+03
2.022313699999999926e+03
2.022316399999999931e+03
2.022319199999999910e+03
2.022321899999999914e+03
2.022324699999999893e+03
2.022327399999999898e+03
2.022330099999999902e+03
2.022332900000000109e+03
2.022335600000000113e+03
2.022338400000000092e+03
2.022341100000000097e+03
2.022343800000000101e+03
2.022346600000000080e+03
2.022349300000000085e+03
2.022352100000000064e+03
2.022354800000000068e+03
2.022357500000000073e+03
2.022360300000000052e+03
2.022363000000000056e+03
2.022365800000000036e+03
2.022368500000000040e+03
2.022371200000000044e+03
2.022374000000000024e+03
2.022376700000000028e+03
2.022379500000000007e+03
2.022382200000000012e+03
2.022384900000000016e+03
2.022387699999999995e+03
2.022390400000000000e+03
2.022393199999999979e+03
2.022395899999999983e+03
2.022398599999999988e+03
2.022401399999999967e+03
2.022404099999999971e+03
2.022406799999999976e+03
2.022409599999999955e+03
2.022412299999999959e+03
2.022415099999999939e+03
2.022417799999999943e+03
2.022420499999999947e+03
2.022423299999999927e+03
2.022425999999999931e+03
2.022428799999999910e+03
2.022431499999999915e+03
2.022434199999999919e+03
2.022436999999999898e+03
2.022439699999999903e+03
2.022442500000000109e+03
2.022445200000000114e+03
2.022447899999999890e+03
2.022450700000000097e+03
2.022453400000000101e+03
2.022456200000000081e+03
2.022458900000000085e+03
2.022461600000000089e+03
2.022464400000000069e+03
2.022467100000000073e+03
2.022469900000000052e+03
2.022472600000000057e+03
2.022475300000000061e+03
2.022478100000000040e+03
2.022480800000000045e+03
2.022483600000000024e+03
2.022486300000000028e+03
2.022489000000000033e+03
2.022491800000000012e+03
2.022494500000000016e+03
2.022497299999999996e+03
2.022500000000000000e+03
2.022502700000000004e+03
2.022505499999999984e+03
2.022508199999999988e+03
2.022510999999999967e+03
2.022513699999999972e+03
2.022516399999999976e+03
2.022519199999999955e+03
2.022521899999999960e+03
2.022524699999999939e+03
2.022527399999999943e+03
2.022530099999999948e+03
2.022532899999999927e+03
2.022535599999999931e+03
2.022538399999999911e+03
2.022541099999999915e+03
2.022543799999999919e+03
2.022546599999999899e+03
2.022549299999999903e+03
2.022552100000000110e+03
2.022554799999999886e+03
2.022557499999999891e+03
2.022560300000000097e+03
2.022563000000000102e+03
2.022565800000000081e+03
2.022568500000000085e+03
2.022571200000000090e+03
2.022574000000000069e+03
2.022576700000000073e+03
2.022579500000000053e+03
2.022582200000000057e+03
2.022584900000000061e+03
2.022587700000000041e+03
2.022590400000000045e+03
2.022593200000000024e+03
2.022595900000000029e+03
2.022598600000000033e+03
2.022601400000000012e+03
2.022604100000000017e+03
2.022606800000000021e+03
2.022609600000000000e+03
2.022612300000000005e+03
2.022615099999999984e+03
2.022617799999999988e+03
2.022620499999999993e+03
2.022623299999999972e+03
2.022625999999999976e+03
2.022628799999999956e+03
2.022631499999999960e+03
2.022634199999999964e+03
2.022636999999999944e+03
2.022639699999999948e+03
2.022642499999999927e+03
2.022645199999999932e+03
2.022647899999999936e+03
2.022650699999999915e+03
2.022653399999999920e+03
2.022656199999999899e+03
2.022658899999999903e+03
2.022661599999999908e+03
2.022664399999999887e+03
2.022667099999999891e+03
2.022669900000000098e+03
2.022672600000000102e+03
2.022675300000000107e+03
2.022678100000000086e+03
2.022680800000000090e+03
2.022683600000000069e+03
2.022686300000000074e+03
2.022689000000000078e+03
2.022691800000000057e+03
2.022694500000000062e+03
2.022697300000000041e+03
2.022700000000000045e+03
2.022702700000000050e+03
2.022705500000000029e+03
2.022708200000000033e+03
2.022711000000000013e+03
2.022713700000000017e+03
2.022716400000000021e+03
2.022719200000000001e+03
2.022721900000000005e+03
2.022724699999999984e+03
2.022727399999999989e+03
2.022730099999999993e+03
2.022732899999999972e+03
2.022735599999999977e+03
2.022738399999999956e+03
2.022741099999999960e+03
2.022743799999999965e+03
2.022746599999999944e+03
2.022749299999999948e+03
2.022752099999999928e+03
2.022754799999999932e+03
2.022757499999999936e+03
2.022760299999999916e+03
2.022762999999999920e+03
2.022765799999999899e+03
2.022768499999999904e+03
2.022771199999999908e+03
2.022773999999999887e+03
2.022776699999999892e+03
2.022779500000000098e+03
2.022782200000000103e+03
2.022784900000000107e+03
2.022787700000000086e+03
2.022790400000000091e+03
2.022793200000000070e+03
2.022795900000000074e+03
2.022798600000000079e+03
2.022801400000000058e+03
2.022804100000000062e+03
2.022806800000000067e+03
2.022809600000000046e+03
2.022812300000000050e+03
2.022815100000000029e+03
2.022817800000000034e+03
2.022820500000000038e+03
2.022823300000000017e+03
2.022826000000000022e+03
2.022828800000000001e+03
2.022831500000000005e+03
2.022834200000000010e+03
2.022836999999999989e+03
2.022839699999999993e+03
2.022842499999999973e+03
2.022845199999999977e+03
2.022847899999999981e+03
2.022850699999999961e+03
2.022853399999999965e+03
2.022856199999999944e+03
2.022858899999999949e+03
2.022861599999999953e+03
2.022864399999999932e+03
2.022867099999999937e+03
2.022869899999999916e+03
2.022872599999999920e+03
2.022875299999999925e+03
2.022878099999999904e+03
2.022880799999999908e+03
2.022883599999999888e+03
2.022886299999999892e+03
2.022888999999999896e+03
2.022891800000000103e+03
2.022894500000000107e+03
2.022897300000000087e+03
2.022900000000000091e+03
2.022902700000000095e+03
2.022905500000000075e+03
2.022908200000000079e+03
2.022911000000000058e+03
2.022913700000000063e+03
2.022916400000000067e+03
2.022919200000000046e+03
2.022921900000000051e+03
2.022924700000000030e+03
2.022927400000000034e+03
2.022930100000000039e+03
2.022932900000000018e+03
2.022935600000000022e+03
2.022938400000000001e+03
2.022941100000000006e+03
2.022943800000000010e+03
2.022946599999999989e+03
2.022949299999999994e+03
2.022952099999999973e+03
2.022954799999999977e+03
2.022957499999999982e+03
2.022960299999999961e+03
2.022962999999999965e+03
2.022965799999999945e+03
2.022968499999999949e+03
2.022971199999999953e+03
2.022973999999999933e+03
2.022976699999999937e+03
2.022979499999999916e+03
2.022982199999999921e+03
2.022984899999999925e+03
2.022987699999999904e+03
2.022990399999999909e+03
2.022993199999999888e+03
2.022995899999999892e+03
2.022998599999999897e+03
2.023001400000000103e+03
2.023004100000000108e+03
2.023006800000000112e+03
2.023009600000000091e+03
2.023012300000000096e+03
2.023015100000000075e+03
2.023017800000000079e+03
2.023020500000000084e+03
2.023023300000000063e+03
2.023026000000000067e+03
2.023028800000000047e+03
2.023031500000000051e+03
2.023034200000000055e+03
2.023037000000000035e+03
2.023039700000000039e+03
2.023042500000000018e+03
2.023045200000000023e+03
2.023047900000000027e+03
2.023050700000000006e+03
2.023053400000000011e+03
2.023056199999999990e+03
2.023058899999999994e+03
2.023061599999999999e+03
2.023064399999999978e+03
2.023067099999999982e+03
2.023069899999999961e+03
2.023072599999999966e+03
2.023075299999999970e+03
2.023078099999999949e+03
2.023080799999999954e+03
2.023083599999999933e+03
2.023086299999999937e+03
2.023088999999999942e+03
2.023091799999999921e+03
2.023094499999999925e+03
2.023097299999999905e+03
2.023099999999999909e+03
2.023102699999999913e+03
2.023105499999999893e+03
2.023108199999999897e+03
2.023111000000000104e+03
2.023113700000000108e+03
2.023116400000000112e+03
2.023119200000000092e+03
2.023121900000000096e+03
2.023124700000000075e+03
2.023127400000000080e+03
2.023130100000000084e+03
2.023132900000000063e+03
2.023135600000000068e+03
2.023138400000000047e+03
2.023141100000000051e+03
2.023143800000000056e+03
2.023146600000000035e+03
2.023149300000000039e+03
2.023152100000000019e+03
2.023154800000000023e+03
2.023157500000000027e+03
2.023160300000000007e+03
2.023163000000000011e+03
2.023165799999999990e+03
2.023168499999999995e+03
2.023171199999999999e+03
2.023173999999999978e+03
2.023176699999999983e+03
2.023179499999999962e+03
2.023182199999999966e+03
2.023184899999999971e+03
2.023187699999999950e+03
2.023190399999999954e+03
2.023193199999999933e+03
2.023195899999999938e+03
2.023198599999999942e+03
2.023201399999999921e+03
2.023204099999999926e+03
2.023206799999999930e+03
2.023209599999999909e+03
2.023212299999999914e+03
2.023215099999999893e+03
2.023217799999999897e+03
2.023220499999999902e+03
2.023223300000000108e+03
2.023226000000000113e+03
2.023228800000000092e+03
2.023231500000000096e+03
2.023234200000000101e+03
2.023237000000000080e+03
2.023239700000000084e+03
2.023242500000000064e+03
2.023245200000000068e+03
2.023247900000000072e+03
2.023250700000000052e+03
2.023253400000000056e+03
2.023256200000000035e+03
2.023258900000000040e+03
2.023261600000000044e+03
2.023264400000000023e+03
2.023267100000000028e+03
2.023269900000000007e+03
2.023272600000000011e+03
2.023275300000000016e+03
2.023278099999999995e+03
2.023280799999999999e+03
2.023283599999999979e+03
2.023286299999999983e+03
2.023288999999999987e+03
2.023291799999999967e+03
2.023294499999999971e+03
2.023297299999999950e+03
2.023299999999999955e+03
2.023302699999999959e+03
2.023305499999999938e+03
2.023308199999999943e+03
2.023310999999999922e+03
2.023313699999999926e+03
2.023316399999999931e+03
2.023319199999999910e+03
2.023321899999999914e+03
2.023324699999999893e+03
2.023327399999999898e+03
2.023330099999999902e+03
2.023332900000000109e+03
2.023335600000000113e+03
2.023338400000000092e+03
2.023341100000000097e+03
2.023343800000000101e+03
2.023346600000000080e+03
2.023349300000000085e+03
2.023352100000000064e+03
2.023354800000000068e+03
2.023357500000000073e+03
2.023360300000000052e+03
2.023363000000000056e+03
2.023365800000000036e+03
2.023368500000000040e+03
2.023371200000000044e+03
2.023374000000000024e+03
2.023376700000000028e+03
2.023379500000000007e+03
2.023382200000000012e+03
2.023384900000000016e+03
2.023387699999999995e+03
2.023390400000000000e+03
2.023393199999999979e+03
2.023395899999999983e+03
2.023398599999999988e+03
2.023401399999999967e+03
2.023404099999999971e+03
2.023406799999999976e+03
2.023409599999999955e+03
2.023412299999999959e+03
2.023415099999999939e+03
2.023417799999999943e+03
2.023420499999999947e+03
2.023423299999999927e+03
2.023425999999999931e+03
2.023428799999999910e+03
2.023431499999999915e+03
2.023434199999999919e+03
2.023436999999999898e+03
2.023439699999999903e+03
2.023442500000000109e+03
2.023445200000000114e+03
2.023447899999999890e+03
2.023450700000000097e+03
2.023453400000000101e+03
2.023456200000000081e+03
2.023458900000000085e+03
2.023461600000000089e+03
2.023464400000000069e+03
2.023467100000000073e+03
2.023469900000000052e+03
2.023472600000000057e+03
2.023475300000000061e+03
2.023478100000000040e+03
2.023480800000000045e+03
2.023483600000000024e+03
2.023486300000000028e+03
2.023489000000000033e+03
2.023491800000000012e+03
2.023494500000000016e+03
2.023497299999999996e+03
2.023500000000000000e+03
2.023502700000000004e+03
2.023505499999999984e+03
2.023508199999999988e+03
2.023510999999999967e+03
2.023513699999999972e+03
2.023516399999999976e+03
2.023519199999999955e+03
2.023521899999999960e+03
2.023524699999999939e+03
2.023527399999999943e+03
2.023530099999999948e+03
2.023532899999999927e+03
2.023535599999999931e+03
2.023538399999999911e+03
2.023541099999999915e+03
2.023543799999999919e+03
2.023546599999999899e+03
2.023549299999999903e+03
2.023552100000000110e+03
2.023554799999999886e+03
2.023557499999999891e+03
2.023560300000000097e+03
2.023563000000000102e+03
2.023565800000000081e+03
2.023568500000000085e+03
2.023571200000000090e+03
2.023574000000000069e+03
2.023576700000000073e+03
2.023579500000000053e+03
2.023582200000000057e+03
2.023584900000000061e+03
2.023587700000000041e+03
2.023590400000000045e+03
2.023593200000000024e+03
2.023595900000000029e+03
2.023598600000000033e+03
2.023601400000000012e+03
2.023604100000000017e+03
2.023606800000000021e+03
2.023609600000000000e+03
2.023612300000000005e+03
2.023615099999999984e+03
2.023617799999999988e+03
2.023620499999999993e+03
2.023623299999999972e+03
2.023625999999999976e+03
2.023628799999999956e+03
2.023631499999999960e+03
2.023634199999999964e+03
2.023636999999999944e+03
2.023639699999999948e+03
2.023642499999999927e+03
2.023645199999999932e+03
2.023647899999999936e+03
2.023650699999999915e+03
2.023653399999999920e+03
2.023656199999999899e+03
2.023658899999999903e+03
2.023661599999999908e+03
2.023664399999999887e+03
2.023667099999999891e+03
2.023669900000000098e+03
2.023672600000000102e+03
2.023675300000000107e+03
2.023678100000000086e+03
2.023680800000000090e+03
2.023683600000000069e+03
2.023686300000000074e+03
2.023689000000000078e+03
2.023691800000000057e+03
2.023694500000000062e+03
2.023697300000000041e+03
2.023700000000000045e+03
2.023702700000000050e+03
2.023705500000000029e+03
2.023708200000000033e+03
2.023711000000000013e+03
2.023713700000000017e+03
2.023716400000000021e+03
2.023719200000000001e+03
2.023721900000000005e+03
2.023724699999999984e+03
2.023727399999999989e+03
2.023730099999999993e+03
2.023732899999999972e+03
2.023735599999999977e+03
2.023738399999999956e+03
2.023741099999999960e+03
2.023743799999999965e+03
2.023746599999999944e+03
2.023749299999999948e+03
2.023752099999999928e+03
2.023754799999999932e+03
2.023757499999999936e+03
2.023760299999999916e+03
2.023762999999999920e+03
2.023765799999999899e+03
2.023768499999999904e+03
2.023771199999999908e+03
2.023773999999999887e+03
2.023776699999999892e+03
2.023779500000000098e+03
2.023782200000000103e+03
2.023784900000000107e+03
2.023787700000000086e+03
2.023790400000000091e+03
2.023793200000000070e+03
2.023795900000000074e+03
2.023798600000000079e+03
2.023801400000000058e+03
2.023804100000000062e+03
2.023806800000000067e+03
2.023809600000000046e+03
2.023812300000000050e+03
2.023815100000000029e+03
2.023817800000000034e+03
2.023820500000000038e+03
2.023823300000000017e+03
2.023826000000000022e+03
2.023828800000000001e+03
2.023831500000000005e+03
2.023834200000000010e+03
2.023836999999999989e+03
2.023839699999999993e+03
2.023842499999999973e+03
2.023845199999999977e+03
2.023847899999999981e+03
2.023850699999999961e+03
2.023853399999999965e+03
2.023856199999999944e+03
2.023858899999999949e+03
2.023861599999999953e+03
2.023864399999999932e+03
2.023867099999999937e+03
2.023869899999999916e+03
2.023872599999999920e+03
2.023875299999999925e+03
2.023878099999999904e+03
2.023880799999999908e+03
2.023883599999999888e+03
2.023886299999999892e+03
2.023888999999999896e+03
2.023891800000000103e+03
2.023894500000000107e+03
2.023897300000000087e+03
2.023900000000000091e+03
2.023902700000000095e+03
2.023905500000000075e+03
2.023908200000000079e+03
2.023911000000000058e+03
2.023913700000000063e+03
2.023916400000000067e+03
2.023919200000000046e+03
2.023921900000000051e+03
2.023924700000000030e+03
2.023927400000000034e+03
2.023930100000000039e+03
2.023932900000000018e+03
2.023935600000000022e+03
2.023938400000000001e+03
2.023941100000000006e+03
2.023943800000000010e+03
2.023946599999999989e+03
2.023949299999999994e+03
2.023952099999999973e+03
2.023954799999999977e+03
2.023957499999999982e+03
2.023960299999999961e+03
2.023962999999999965e+03
2.023965799999999945e+03
2.023968499999999949e+03
2.023971199999999953e+03
2.023973999999999933e+03
2.023976699999999937e+03
2.023979499999999916e+03
2.023982199999999921e+03
2.023984899999999925e+03
2.023987699999999904e+03
2.023990399999999909e+03
2.023993199999999888e+03
2.023995899999999892e+03
2.023998599999999897e+03
2.024001400000000103e+03
2.024004100000000108e+03
2.024006800000000112e+03
2.024009600000000091e+03
2.024012300000000096e+03
2.024015000000000100e+03
2.024017800000000079e+03
2.024020500000000084e+03
2.024023200000000088e+03
2.024026000000000067e+03
2.024028700000000072e+03
2.024031400000000076e+03
2.024034200000000055e+03
2.024036900000000060e+03
2.024039600000000064e+03
2.024042300000000068e+03
2.024045100000000048e+03
2.024047800000000052e+03
2.024050500000000056e+03
2.024053300000000036e+03
2.024056000000000040e+03
2.024058700000000044e+03
2.024061500000000024e+03
2.024064200000000028e+03
2.024066900000000032e+03
2.024069700000000012e+03
2.024072400000000016e+03
2.024075100000000020e+03
2.024077900000000000e+03
2.024080600000000004e+03
2.024083300000000008e+03
2.024086099999999988e+03
2.024088799999999992e+03
2.024091499999999996e+03
2.024094299999999976e+03
2.024096999999999980e+03
2.024099699999999984e+03
2.024102499999999964e+03
2.024105199999999968e+03
2.024107899999999972e+03
2.024110699999999952e+03
2.024113399999999956e+03
2.024116099999999960e+03
2.024118899999999940e+03
2.024121599999999944e+03
2.024124299999999948e+03
2.024126999999999953e+03
2.024129799999999932e+03
2.024132499999999936e+03
2.024135199999999941e+03
2.024137999999999920e+03
2.024140699999999924e+03
2.024143399999999929e+03
2.024146199999999908e+03
2.024148899999999912e+03
2.024151599999999917e+03
2.024154399999999896e+03
2.024157099999999900e+03
2.024159799999999905e+03
2.024162600000000111e+03
2.024165299999999888e+03
2.024167999999999893e+03
2.024170800000000099e+03
2.024173500000000104e+03
2.024176200000000108e+03
2.024179000000000087e+03
2.024181700000000092e+03
2.024184400000000096e+03
2.024187200000000075e+03
2.024189900000000080e+03
2.024192600000000084e+03
2.024195400000000063e+03
2.024198100000000068e+03
2.024200800000000072e+03
2.024203600000000051e+03
2.024206300000000056e+03
2.024209000000000060e+03
2.024211700000000064e+03
2.024214500000000044e+03
2.024217200000000048e+03
2.024219900000000052e+03
2.024222700000000032e+03
2.024225400000000036e+03
2.024228100000000040e+03
2.024230900000000020e+03
2.024233600000000024e+03
2.024236300000000028e+03
2.024239100000000008e+03
2.024241800000000012e+03
2.024244500000000016e+03
2.024247299999999996e+03
2.024250000000000000e+03
2.024252700000000004e+03
2.024255499999999984e+03
2.024258199999999988e+03
2.024260899999999992e+03
2.024263699999999972e+03
2.024266399999999976e+03
2.024269099999999980e+03
2.024271899999999960e+03
2.024274599999999964e+03
2.024277299999999968e+03
2.024280099999999948e+03
2.024282799999999952e+03
2.024285499999999956e+03
2.024288299999999936e+03
2.024290999999999940e+03
2.024293699999999944e+03
2.024296399999999949e+03
2.024299199999999928e+03
2.024301899999999932e+03
2.024304599999999937e+03
2.024307399999999916e+03
2.024310099999999920e+03
2.024312799999999925e+03
2.024315599999999904e+03
2.024318299999999908e+03
2.024320999999999913e+03
2.024323799999999892e+03
2.024326499999999896e+03
2.024329199999999901e+03
2.024332000000000107e+03
2.024334700000000112e+03
2.024337399999999889e+03
2.024340200000000095e+03
2.024342900000000100e+03
2.024345600000000104e+03
2.024348400000000083e+03
2.024351100000000088e+03
2.024353800000000092e+03
2.024356600000000071e+03
2.024359300000000076e+03
2.024362000000000080e+03
2.024364800000000059e+03
2.024367500000000064e+03
2.024370200000000068e+03
2.024373000000000047e+03
2.024375700000000052e+03
2.024378400000000056e+03
2.024381100000000060e+03
2.024383900000000040e+03
2.024386600000000044e+03
2.024389300000000048e+03
2.024392100000000028e+03
2.024394800000000032e+03
2.024397500000000036e+03
2.024400300000000016e+03
2.024403000000000020e+03
2.024405700000000024e+03
2.024408500000000004e+03
2.024411200000000008e+03
2.024413900000000012e+03
2.024416699999999992e+03
2.024419399999999996e+03
2.024422100000000000e+03
2.024424899999999980e+03
2.024427599999999984e+03
2.024430299999999988e+03
2.024433099999999968e+03
2.024435799999999972e+03
2.024438499999999976e+03
2.024441299999999956e+03
2.024443999999999960e+03
2.024446699999999964e+03
2.024449499999999944e+03
2.024452199999999948e+03
2.024454899999999952e+03
2.024457699999999932e+03
2.024460399999999936e+03
2.024463099999999940e+03
2.024465799999999945e+03
2.024468599999999924e+03
2.024471299999999928e+03
2.024473999999999933e+03
2.024476799999999912e+03
2.024479499999999916e+03
2.024482199999999921e+03
2.024484999999999900e+03
2.024487699999999904e+03
2.024490399999999909e+03
2.024493199999999888e+03
2.024495899999999892e+03
2.024498599999999897e+03
2.024501400000000103e+03
2.024504100000000108e+03
2.024506800000000112e+03
2.024509600000000091e+03
2.024512300000000096e+03
2.024515000000000100e+03
2.024517800000000079e+03
2.024520500000000084e+03
2.024523200000000088e+03
2.024526000000000067e+03
2.024528700000000072e+03
2.024531400000000076e+03
2.024534200000000055e+03
2.024536900000000060e+03
2.024539600000000064e+03
2.024542300000000068e+03
2.024545100000000048e+03
2.024547800000000052e+03
2.024550500000000056e+03
2.024553300000000036e+03
2.024556000000000040e+03
2.024558700000000044e+03
2.024561500000000024e+03
2.024564200000000028e+03
2.024566900000000032e+03
2.024569700000000012e+03
2.024572400000000016e+03
2.024575100000000020e+03
2.024577900000000000e+03
2.024580600000000004e+03
2.024583300000000008e+03
2.024586099999999988e+03
2.024588799999999992e+03
2.024591499999999996e+03
2.024594299999999976e+03
2.024596999999999980e+03
2.024599699999999984e+03
2.024602499999999964e+03
2.024605199999999968e+03
2.024607899999999972e+03
2.024610699999999952e+03
2.024613399999999956e+03
2.024616099999999960e+03
2.024618899999999940e+03
2.024621599999999944e+03
2.024624299999999948e+03
2.024626999999999953e+03
2.024629799999999932e+03
2.024632499999999936e+03
2.024635199999999941e+03
2.024637999999999920e+03
2.024640699999999924e+03
2.024643399999999929e+03
2.024646199999999908e+03
2.024648899999999912e+03
2.024651599999999917e+03
2.024654399999999896e+03
2.024657099999999900e+03
2.024659799999999905e+03
2.024662600000000111e+03
2.024665299999999888e+03
2.024667999999999893e+03
2.024670800000000099e+03
2.024673500000000104e+03
2.024676200000000108e+03
2.024679000000000087e+03
2.024681700000000092e+03
2.024684400000000096e+03
2.024687200000000075e+03
2.024689900000000080e+03
2.024692600000000084e+03
2.024695400000000063e+03
2.024698100000000068e+03
2.024700800000000072e+03
2.024703600000000051e+03
2.024706300000000056e+03
2.024709000000000060e+03
2.024711700000000064e+03
2.024714500000000044e+03
2.024717200000000048e+03
2.024719900000000052e+03
2.024722700000000032e+03
2.024725400000000036e+03
2.024728100000000040e+03
2.024730900000000020e+03
2.024733600000000024e+03
2.024736300000000028e+03
2.024739100000000008e+03
2.024741800000000012e+03
2.024744500000000016e+03
2.024747299999999996e+03
2.024750000000000000e+03
2.024752700000000004e+03
2.024755499999999984e+03
2.024758199999999988e+03
2.024760899999999992e+03
2.024763699999999972e+03
2.024766399999999976e+03
2.024769099999999980e+03
2.024771899999999960e+03
2.024774599999999964e+03
2.024777299999999968e+03
2.024780099999999948e+03
2.024782799999999952e+03
2.024785499999999956e+03
2.024788299999999936e+03
2.024790999999999940e+03
2.024793699999999944e+03
2.024796399999999949e+03
2.024799199999999928e+03
2.024801899999999932e+03
2.024804599999999937e+03
2.024807399999999916e+03
2.024810099999999920e+03
2.024812799999999925e+03
2.024815599999999904e+03
2.024818299999999908e+03
2.024820999999999913e+03
2.024823799999999892e+03
2.024826499999999896e+03
2.024829199999999901e+03
2.024832000000000107e+03
2.024834700000000112e+03
2.024837399999999889e+03
2.024840200000000095e+03
2.024842900000000100e+03
2.024845600000000104e+03
2.024848400000000083e+03
2.024851100000000088e+03
2.024853800000000092e+03
2.024856600000000071e+03
2.024859300000000076e+03
2.024862000000000080e+03
2.024864800000000059e+03
2.024867500000000064e+03
2.024870200000000068e+03
2.024873000000000047e+03
2.024875700000000052e+03
2.024878400000000056e+03
2.024881100000000060e+03
2.024883900000000040e+03
2.024886600000000044e+03
2.024889300000000048e+03
2.024892100000000028e+03
2.024894800000000032e+03
2.024897500000000036e+03
2.024900300000000016e+03
2.024903000000000020e+03
2.024905700000000024e+03
2.024908500000000004e+03
2.024911200000000008e+03
2.024913900000000012e+03
2.024916699999999992e+03
2.024919399999999996e+03
2.024922100000000000e+03
2.024924899999999980e+03
2.024927599999999984e+03
2.024930299999999988e+03
2.024933099999999968e+03
2.024935799999999972e+03
2.024938499999999976e+03
2.024941299999999956e+03
2.024943999999999960e+03
2.024946699999999964e+03
2.024949499999999944e+03
2.024952199999999948e+03
2.024954899999999952e+03
2.024957699999999932e+03
2.024960399999999936e+03
2.024963099999999940e+03
2.024965799999999945e+03
2.024968599999999924e+03
2.024971299999999928e+03
2.024973999999999933e+03
2.024976799999999912e+03
2.024979499999999916e+03
2.024982199999999921e+03
2.024984999999999900e+03
2.024987699999999904e+03
2.024990399999999909e+03
2.024993199999999888e+03
2.024995899999999892e+03
2.024998599999999897e+03
2.025001400000000103e+03
2.025004100000000108e+03
2.025006800000000112e+03
2.025009600000000091e+03
2.025012300000000096e+03
2.025015100000000075e+03
2.025017800000000079e+03
2.025020500000000084e+03
2.025023300000000063e+03
2.025026000000000067e+03
2.025028800000000047e+03
2.025031500000000051e+03
2.025034200000000055e+03
2.025037000000000035e+03
2.025039700000000039e+03
2.025042500000000018e+03
2.025045200000000023e+03
2.025047900000000027e+03
2.025050700000000006e+03
2.025053400000000011e+03
2.025056199999999990e+03
2.025058899999999994e+03
2.025061599999999999e+03
2.025064399999999978e+03
2.025067099999999982e+03
2.025069899999999961e+03
2.025072599999999966e+03
2.025075299999999970e+03
2.025078099999999949e+03
2.025080799999999954e+03
2.025083599999999933e+03
2.025086299999999937e+03
2.025088999999999942e+03
2.025091799999999921e+03
2.025094499999999925e+03
2.025097299999999905e+03
2.025099999999999909e+03
2.025102699999999913e+03
2.025105499999999893e+03
2.025108199999999897e+03
2.025111000000000104e+03
2.025113700000000108e+03
2.025116400000000112e+03
2.025119200000000092e+03
2.025121900000000096e+03
2.025124700000000075e+03
2.025127400000000080e+03
2.025130100000000084e+03
2.025132900000000063e+03
2.025135600000000068e+03
2.025138400000000047e+03
2.025141100000000051e+03
2.025143800000000056e+03
2.025146600000000035e+03
2.025149300000000039e+03
2.025152100000000019e+03
2.025154800000000023e+03
2.025157500000000027e+03
2.025160300000000007e+03
2.025163000000000011e+03
2.025165799999999990e+03
2.025168499999999995e+03
2.025171199999999999e+03
2.025173999999999978e+03
2.025176699999999983e+03
2.025179499999999962e+03
2.025182199999999966e+03
2.025184899999999971e+03
2.025187699999999950e+03
2.025190399999999954e+03
2.025193199999999933e+03
2.025195899999999938e+03
2.025198599999999942e+03
2.025201399999999921e+03
2.025204099999999926e+03
2.025206799999999930e+03
2.025209599999999909e+03
2.025212299999999914e+03
2.025215099999999893e+03
2.025217799999999897e+03
2.025220499999999902e+03
2.025223300000000108e+03
2.025226000000000113e+03
2.025228800000000092e+03
2.025231500000000096e+03
2.025234200000000101e+03
2.025237000000000080e+03
2.025239700000000084e+03
2.025242500000000064e+03
2.025245200000000068e+03
2.025247900000000072e+03
2.025250700000000052e+03
2.025253400000000056e+03
2.025256200000000035e+03
2.025258900000000040e+03
2.025261600000000044e+03
2.025264400000000023e+03
2.025267100000000028e+03
2.025269900000000007e+03
2.025272600000000011e+03
2.025275300000000016e+03
2.025278099999999995e+03
2.025280799999999999e+03
2.025283599999999979e+03
2.025286299999999983e+03
2.025288999999999987e+03
2.025291799999999967e+03
2.025294499999999971e+03
2.025297299999999950e+03
2.025299999999999955e+03
2.025302699999999959e+03
2.025305499999999938e+03
2.025308199999999943e+03
2.025310999999999922e+03
2.025313699999999926e+03
2.025316399999999931e+03
2.025319199999999910e+03
2.025321899999999914e+03
2.025324699999999893e+03
2.025327399999999898e+03
2.025330099999999902e+03
2.025332900000000109e+03
2.025335600000000113e+03
2.025338400000000092e+03
2.025341100000000097e+03
2.025343800000000101e+03
2.025346600000000080e+03
2.025349300000000085e+03
2.025352100000000064e+03
2.025354800000000068e+03
2.025357500000000073e+03
2.025360300000000052e+03
2.025363000000000056e+03
2.025365800000000036e+03
2.025368500000000040e+03
2.025371200000000044e+03
2.025374000000000024e+03
2.025376700000000028e+03
2.025379500000000007e+03
2.025382200000000012e+03
2.025384900000000016e+03
2.025387699999999995e+03
2.025390400000000000e+03
2.025393199999999979e+03
2.025395899999999983e+03
2.025398599999999988e+03
2.025401399999999967e+03
2.025404099999999971e+03
2.025406799999999976e+03
2.025409599999999955e+03
2.025412299999999959e+03
2.025415099999999939e+03
2.025417799999999943e+03
2.025420499999999947e+03
2.025423299999999927e+03
2.025425999999999931e+03
2.025428799999999910e+03
2.025431499999999915e+03
2.025434199999999919e+03
2.025436999999999898e+03
2.025439699999999903e+03
2.025442500000000109e+03
2.025445200000000114e+03
2.025447899999999890e+03
2.025450700000000097e+03
2.025453400000000101e+03
2.025456200000000081e+03
2.025458900000000085e+03
2.025461600000000089e+03
2.025464400000000069e+03
2.025467100000000073e+03
2.025469900000000052e+03
2.025472600000000057e+03
2.025475300000000061e+03
2.025478100000000040e+03
2.025480800000000045e+03
2.025483600000000024e+03
2.025486300000000028e+03
2.025489000000000033e+03
2.025491800000000012e+03
2.025494500000000016e+03
2.025497299999999996e+03
2.025500000000000000e+03
2.025502700000000004e+03
2.025505499999999984e+03
2.025508199999999988e+03
2.025510999999999967e+03
2.025513699999999972e+03
2.025516399999999976e+03
2.025519199999999955e+03
2.025521899999999960e+03
2.025524699999999939e+03
2.025527399999999943e+03
2.025530099999999948e+03
2.025532899999999927e+03
2.025535599999999931e+03
2.025538399999999911e+03
2.025541099999999915e+03
2.025543799999999919e+03
2.025546599999999899e+03
2.025549299999999903e+03
2.025552100000000110e+03
2.025554799999999886e+03
2.025557499999999891e+03
2.025560300000000097e+03
2.025563000000000102e+03
2.025565800000000081e+03
2.025568500000000085e+03
2.025571200000000090e+03
2.025574000000000069e+03
2.025576700000000073e+03
2.025579500000000053e+03
2.025582200000000057e+03
2.025584900000000061e+03
2.025587700000000041e+03
2.025590400000000045e+03
2.025593200000000024e+03
2.025595900000000029e+03
2.025598600000000033e+03
2.025601400000000012e+03
2.025604100000000017e+03
2.025606800000000021e+03
2.025609600000000000e+03
2.025612300000000005e+03
2.025615099999999984e+03
2.025617799999999988e+03
2.025620499999999993e+03
2.025623299999999972e+03
2.025625999999999976e+03
2.025628799999999956e+03
2.025631499999999960e+03
2.025634199999999964e+03
2.025636999999999944e+03
2.025639699999999948e+03
2.025642499999999927e+03
2.025645199999999932e+03
2.025647899999999936e+03
2.025650699999999915e+03
2.025653399999999920e+03
2.025656199999999899e+03
2.025658899999999903e+03
2.025661599999999908e+03
2.025664399999999887e+03
2.025667099999999891e+03
2.025669900000000098e+03
2.025672600000000102e+03
2.025675300000000107e+03
2.025678100000000086e+03
2.025680800000000090e+03
2.025683600000000069e+03
2.025686300000000074e+03
2.025689000000000078e+03
2.025691800000000057e+03
2.025694500000000062e+03
2.025697300000000041e+03
2.025700000000000045e+03
2.025702700000000050e+03
2.025705500000000029e+03
2.025708200000000033e+03
2.025711000000000013e+03
2.025713700000000017e+03
2.025716400000000021e+03
