-3.142534300000000158e+01 -3.304504599999999925e+01 -3.720221200000000294e+01
-6.536066999999999894e+01 -5.779582200000000114e+01 -6.333178699999999850e+01
-5.608756999999999771e+00 -6.098213999999999579e+00 -6.249412999999999663e+00
-3.168853500000000167e+01 -2.766896099999999947e+01 -3.306075700000000239e+01
-2.927995900000000162e+01 -2.540472600000000014e+01 -2.686086200000000090e+01
-1.723544499999999857e+01 -1.708498700000000170e+01 -1.620444200000000023e+01
-6.545752099999999984e+01 -5.417582600000000070e+01 -5.504865900000000067e+01
-1.695344199999999901e+01 -1.799025500000000122e+01 -1.664152299999999940e+01
-5.862274399999999730e+01 -5.367337299999999800e+01 -5.447801900000000330e+01
-4.773273999999999972e+01 -5.246555399999999736e+01 -5.089570899999999654e+01
-2.022514400000000023e+01 -2.149906700000000015e+01 -2.283960799999999836e+01
-8.060698000000000363e+00 -8.001823999999999160e+00 -8.750718000000000885e+00
-1.027186299999999974e+01 -9.828628000000000142e+00 -1.104596699999999920e+01
-2.133318699999999879e+01 -1.928209199999999868e+01 -1.953176200000000051e+01
-2.509482500000000016e+01 -2.687405599999999950e+01 -2.331683299999999903e+01
-2.527024300000000068e+01 -2.303693000000000168e+01 -2.977890700000000024e+01
-3.480992200000000025e+01 -3.247627500000000111e+01 -3.635926899999999762e+01
-3.517326500000000067e+01 -3.233078100000000177e+01 -3.788576799999999878e+01
-6.401095999999999897e+00 -6.981117000000000239e+00 -7.140280999999999878e+00
-1.115690799999999960e+01 -1.028615800000000036e+01 -1.028787499999999966e+01
-9.105921000000000376e+00 -9.090403999999999485e+00 -1.014080200000000076e+01
-7.054287300000000016e+01 -6.334376900000000177e+01 -7.127780900000000486e+01
-7.394116999999999607e+00 -6.651164999999999772e+00 -7.319778999999999591e+00
-7.480681999999999832e+00 -8.474793000000000021e+00 -8.711543000000000703e+00
-5.796644299999999816e+01 -5.635350300000000345e+01 -5.205216200000000271e+01
-5.977192000000000149e+01 -6.786779599999999846e+01 -6.143133499999999714e+01
-8.518762900000000116e+01 -9.514949099999999760e+01 -8.546518199999999865e+01
-1.375864100000000079e+01 -1.359822899999999990e+01 -1.264275899999999986e+01
-1.532915299999999981e+01 -1.377409399999999984e+01 -1.311003499999999988e+01
-7.054287300000000016e+01 -6.209167999999999665e+01 -6.334376900000000177e+01
-2.927995900000000162e+01 -3.331437700000000035e+01 -2.993866299999999825e+01
-2.417652199999999851e+01 -2.721660899999999828e+01 -2.615240599999999915e+01
-2.712642400000000009e+01 -2.388892500000000041e+01 -2.480438600000000093e+01
-5.113435599999999681e+01 -4.797649700000000195e+01 -5.289191399999999987e+01
-8.051690600000000586e+01 -8.045454499999999598e+01 -7.098743600000000242e+01
-2.073498700000000028e+01 -2.375841600000000042e+01 -2.570012799999999942e+01
-4.073333699999999880e+01 -3.432679499999999706e+01 -3.588279299999999949e+01
-4.395148300000000319e+01 -3.982736500000000035e+01 -4.535580800000000323e+01
-6.342619700000000194e+01 -5.753481500000000182e+01 -6.379197500000000076e+01
-4.797649700000000195e+01 -5.145830899999999986e+01 -5.289191399999999987e+01
-3.029067999999999827e+01 -2.689194399999999874e+01 -2.805247599999999863e+01
-1.981346299999999871e+01 -2.216352699999999842e+01 -2.119822900000000132e+01
-1.854504100000000122e+01 -1.987688999999999950e+01 -1.949393299999999840e+01
-7.871302000000000021e+00 -7.975939999999999586e+00 -7.178411999999999793e+00
-1.593006800000000034e+01 -1.817748699999999928e+01 -1.653240200000000115e+01
-3.538813700000000040e+01 -3.868349400000000315e+01 -4.324029699999999821e+01
-2.557753800000000055e+01 -2.269276800000000094e+01 -2.381257799999999847e+01
-1.108101399999999970e+01 -1.026896600000000070e+01 -1.224434100000000036e+01
-2.616172500000000056e+01 -2.166562599999999961e+01 -2.257842000000000127e+01
-4.700448399999999793e+01 -4.773273999999999972e+01 -5.089570899999999654e+01
-1.723393499999999889e+01 -1.695344199999999901e+01 -1.581789799999999957e+01
-4.878577899999999801e+01 -4.735508699999999749e+01 -5.406125399999999814e+01
-7.103028700000000129e+01 -7.108853000000000577e+01 -6.406574700000000178e+01
-1.091626600000000025e+01 -9.904654999999999987e+00 -9.848703999999999681e+00
-4.943318000000000012e+01 -5.294986099999999851e+01 -5.643363399999999785e+01
-2.284449400000000097e+01 -2.353383699999999834e+01 -2.561492099999999894e+01
-7.366503299999999399e+01 -6.699425200000000302e+01 -6.536066999999999894e+01
-9.154971399999999448e+01 -9.268495000000000061e+01 -8.121923300000000268e+01
-6.710391999999999690e+00 -6.029512999999999678e+00 -6.638270999999999589e+00
-3.230644099999999952e+01 -2.814901400000000109e+01 -2.916818800000000067e+01
-6.902945599999999615e+01 -7.769570199999999716e+01 -6.916194699999999784e+01
-1.028615800000000036e+01 -9.501789000000000485e+00 -9.484761999999999915e+00
-6.342619700000000194e+01 -5.717321900000000312e+01 -5.753481500000000182e+01
-1.953176200000000051e+01 -1.988212899999999905e+01 -2.186747899999999944e+01
-5.777098999999999762e+01 -5.306108900000000261e+01 -6.036261799999999766e+01
-1.393737400000000015e+01 -1.613713900000000123e+01 -1.363805299999999932e+01
-2.075515000000000043e+01 -2.223167199999999966e+01 -2.197251800000000088e+01
-4.696370199999999784e+01 -5.172428599999999932e+01 -5.284662099999999896e+01
-3.791899099999999834e+01 -4.284871299999999650e+01 -4.012352700000000283e+01
-5.222110999999999947e+00 -5.260210999999999970e+00 -5.389052000000000398e+00
-5.582609999999999850e+00 -5.741719999999999935e+00 -6.318093000000000181e+00
-7.257506000000000235e+00 -7.514134999999999565e+00 -8.414370999999999157e+00
-3.418615700000000146e+01 -3.804965500000000134e+01 -3.718864200000000153e+01
-4.402433299999999861e+01 -4.439061399999999935e+01 -4.816999299999999806e+01
-1.830374099999999871e+01 -1.582509800000000055e+01 -1.904281100000000038e+01
-5.278754800000000103e+01 -4.912672599999999790e+01 -5.376336100000000329e+01
-3.104803100000000171e+01 -3.568482300000000151e+01 -3.408974500000000063e+01
-8.298716999999999899e+00 -7.702586000000000155e+00 -7.294486000000000026e+00
-6.406574700000000178e+01 -5.900905000000000200e+01 -5.825871099999999814e+01
-3.017011199999999960e+01 -3.707405700000000337e+01 -3.763985999999999876e+01
-1.543255100000000013e+01 -1.472546999999999962e+01 -1.417111399999999932e+01
-3.142534300000000158e+01 -2.734716500000000039e+01 -3.304504599999999925e+01
-3.295147000000000048e+01 -3.517326500000000067e+01 -3.813853100000000040e+01
-1.443940100000000015e+01 -1.469161500000000053e+01 -1.559747199999999978e+01
-5.553361999999999910e+01 -6.253984799999999922e+01 -5.534616199999999964e+01
-2.730604200000000148e+01 -2.540852900000000147e+01 -2.389153400000000005e+01
-1.115690799999999960e+01 -1.109769499999999987e+01 -1.028615800000000036e+01
-2.786291399999999996e+01 -3.121920700000000082e+01 -3.013804000000000016e+01
-6.249412999999999663e+00 -6.098213999999999579e+00 -6.797016000000000169e+00
-1.300120199999999926e+01 -1.338862499999999933e+01 -1.507464900000000085e+01
-6.916194699999999784e+01 -7.769570199999999716e+01 -7.749942000000000064e+01
-9.298042499999999677e+01 -9.428257899999999836e+01 -8.425466799999999523e+01
-5.947866299999999740e+01 -6.699425200000000302e+01 -6.073104899999999873e+01
-3.432679499999999706e+01 -3.247240200000000243e+01 -2.863410599999999917e+01
-1.791573599999999900e+01 -1.919220100000000073e+01 -1.885032899999999856e+01
-2.565048799999999929e+01 -2.416866800000000026e+01 -2.111878600000000006e+01
-1.958289399999999958e+01 -2.416236200000000167e+01 -2.012942200000000170e+01
-3.478883700000000090e+01 -2.995659300000000158e+01 -3.555370899999999779e+01
-1.285488299999999917e+01 -1.326653699999999958e+01 -1.406331400000000009e+01
-8.028263699999999403e+01 -8.018420199999999909e+01 -7.108853000000000577e+01
-2.043561700000000059e+01 -2.247613600000000034e+01 -2.182658999999999949e+01
-1.046326049999999981e+02 -9.110060799999999404e+01 -9.193990999999999758e+01
-5.104871000000000159e+00 -5.008657000000000359e+00 -5.534927999999999848e+00
-1.580906300000000009e+01 -1.686323799999999906e+01 -1.670265600000000106e+01
-1.285573199999999972e+01 -1.142982399999999998e+01 -1.271471999999999980e+01
-2.863087099999999907e+01 -3.416782200000000103e+01 -3.556943499999999858e+01
-3.350671200000000027e+01 -2.916818800000000067e+01 -3.023656599999999983e+01
-6.699425200000000302e+01 -6.861112799999999368e+01 -6.073104899999999873e+01
-5.032399800000000312e+01 -4.700448399999999793e+01 -5.089570899999999654e+01
-1.161616399999999949e+01 -1.029680300000000059e+01 -1.133145500000000006e+01
-1.815714900000000043e+01 -1.687358199999999897e+01 -1.607441299999999984e+01
-1.275660300000000014e+01 -1.266791399999999967e+01 -1.126915799999999912e+01
-2.703708500000000114e+01 -3.046210200000000157e+01 -2.537990999999999886e+01
-6.904845899999999403e+01 -6.153269499999999681e+01 -7.021694499999999550e+01
-2.197251800000000088e+01 -2.223167199999999966e+01 -2.373912699999999987e+01
-1.566187200000000068e+01 -1.656243699999999919e+01 -1.547370699999999921e+01
-1.688513199999999870e+01 -1.780128699999999853e+01 -2.083750399999999914e+01
-7.337589499999999987e+01 -8.106869299999999612e+01 -7.138094999999999857e+01
-1.688513199999999870e+01 -1.487056499999999915e+01 -1.780128699999999853e+01
-6.054265300000000138e+01 -5.574190300000000065e+01 -6.213309300000000235e+01
-2.373912699999999987e+01 -2.607360600000000161e+01 -2.556916199999999861e+01
-2.304676399999999958e+01 -2.484080000000000155e+01 -2.216352699999999842e+01
-1.293553099999999922e+01 -1.432146099999999933e+01 -1.350876399999999933e+01
-2.043501799999999946e+01 -1.835695300000000074e+01 -2.127981000000000122e+01
-1.023235099999999953e+01 -1.177208199999999927e+01 -1.136338600000000021e+01
-6.143133499999999714e+01 -5.538705399999999912e+01 -5.377669499999999658e+01
-4.936138199999999898e+01 -4.696836700000000064e+01 -5.100656000000000034e+01
-3.983493699999999649e+01 -3.936629400000000345e+01 -3.614038500000000198e+01
-2.885294999999999987e+01 -3.247627500000000111e+01 -3.095949399999999940e+01
-4.366953300000000127e+01 -4.402433299999999861e+01 -4.773273999999999972e+01
-4.176855400000000174e+01 -4.737925200000000103e+01 -4.071150300000000044e+01
-9.581583000000000183e+00 -8.862577999999999179e+00 -1.023235099999999953e+01
-7.989686999999999983e+00 -7.769464000000000148e+00 -8.609991000000000838e+00
-6.166572299999999984e+01 -6.216671099999999939e+01 -5.509800099999999645e+01
-2.944938099999999892e+01 -2.495607199999999892e+01 -2.659801300000000168e+01
-4.324029699999999821e+01 -4.544058700000000073e+01 -4.997015600000000290e+01
-4.642515399999999914e+01 -4.558567800000000148e+01 -4.254866799999999927e+01
-1.869605999999999923e+01 -1.735409100000000038e+01 -1.792136199999999846e+01
-4.560784400000000005e+01 -3.930544600000000344e+01 -4.466736900000000077e+01
-9.654795999999999268e+00 -9.361791999999999447e+00 -1.116108700000000020e+01
-1.791573599999999900e+01 -1.885032899999999856e+01 -1.765755199999999903e+01
-7.038624099999999828e+01 -6.387498899999999935e+01 -6.390800899999999984e+01
-1.363950299999999949e+01 -1.487056499999999915e+01 -1.688513199999999870e+01
-2.616172500000000056e+01 -2.498296099999999953e+01 -2.166562599999999961e+01
-1.771925600000000145e+01 -1.988212899999999905e+01 -1.953176200000000051e+01
-1.794571099999999930e+01 -1.697130800000000050e+01 -1.708498700000000170e+01
-1.660386099999999843e+01 -1.919248199999999827e+01 -2.053070900000000165e+01
-4.662480999999999653e+01 -4.152723399999999998e+01 -4.385745299999999958e+01
-5.380787999999999904e+00 -5.372368999999999950e+00 -5.863315000000000055e+00
-5.744696100000000172e+01 -5.738600900000000138e+01 -5.254286100000000204e+01
-5.545399100000000203e+01 -6.166013499999999681e+01 -5.296314799999999678e+01
-7.559114000000000111e+00 -6.883898000000000295e+00 -6.820237999999999801e+00
-9.428257899999999836e+01 -9.514949099999999760e+01 -8.518762900000000116e+01
-1.937171599999999927e+01 -1.457327699999999915e+01 -1.765778800000000004e+01
-9.281607800000000452e+01 -1.053314560000000029e+02 -9.193990999999999758e+01
-1.089822599999999930e+01 -1.091350399999999965e+01 -1.192837500000000084e+01
-1.134635500000000086e+01 -1.115690799999999960e+01 -1.028787499999999966e+01
-1.487056499999999915e+01 -1.345792299999999919e+01 -1.660386099999999843e+01
-5.796644299999999816e+01 -6.343901699999999977e+01 -5.635350300000000345e+01
-7.883550200000000530e+01 -7.891243299999999294e+01 -7.031968700000000183e+01
-4.936138199999999898e+01 -5.100656000000000034e+01 -5.355232699999999824e+01
-1.270247799999999927e+01 -1.087164600000000014e+01 -1.247547600000000045e+01
-6.233000999999999792e+00 -6.127721000000000195e+00 -6.939852000000000132e+00
-8.562189999999999301e+00 -7.841700000000000337e+00 -8.294551999999999481e+00
-8.043307299999999316e+01 -9.307550299999999766e+01 -8.060145900000000552e+01
-8.764020800000000122e+01 -7.691444400000000314e+01 -7.749942000000000064e+01
-7.349910999999999639e+00 -6.638270999999999589e+00 -7.262754000000000154e+00
-3.713480899999999707e+01 -3.511916399999999783e+01 -3.936565300000000178e+01
-3.107066599999999923e+01 -3.295340199999999697e+01 -2.901659499999999881e+01
-8.946763999999999939e+00 -8.711543000000000703e+00 -1.007523600000000030e+01
-5.174954400000000021e+01 -5.509800099999999645e+01 -5.710596000000000316e+01
-5.504865900000000067e+01 -4.612433300000000003e+01 -4.592150199999999671e+01
-5.184012000000000064e+00 -5.222110999999999947e+00 -5.328714999999999868e+00
-1.843375699999999995e+01 -2.114593699999999998e+01 -2.246145599999999831e+01
-1.174884499999999932e+01 -1.320317400000000063e+01 -1.300495599999999996e+01
-4.155657500000000226e+01 -4.703629600000000011e+01 -4.101185499999999706e+01
-1.722109800000000135e+01 -1.967681999999999931e+01 -1.643122699999999980e+01
-4.124402899999999761e+01 -3.602165399999999806e+01 -3.748451599999999928e+01
-3.276355900000000076e+01 -3.114091000000000165e+01 -2.852748199999999912e+01
-6.080760999999999861e+00 -6.029512999999999678e+00 -6.710391999999999690e+00
-9.343121000000000009e+00 -9.923327999999999705e+00 -1.028787499999999966e+01
-2.128852200000000039e+01 -2.284449400000000097e+01 -2.076386499999999913e+01
-1.771925600000000145e+01 -1.793285499999999999e+01 -1.988212899999999905e+01
-1.305442799999999970e+01 -1.444668799999999997e+01 -1.369546899999999923e+01
-3.746611800000000159e+01 -3.913871900000000181e+01 -4.381228099999999870e+01
-7.038624099999999828e+01 -7.037501199999999812e+01 -6.387498899999999935e+01
-2.721123100000000150e+01 -2.951372599999999835e+01 -2.598727900000000091e+01
-9.848703999999999681e+00 -9.904654999999999987e+00 -8.944637999999999423e+00
-1.068067860000000024e+02 -1.060741819999999933e+02 -9.369276999999999589e+01
-1.458275500000000058e+01 -1.377409399999999984e+01 -1.621183100000000010e+01
-4.254866799999999927e+01 -3.936629400000000345e+01 -4.317475900000000166e+01
-1.665244200000000063e+01 -1.809574299999999880e+01 -1.738433600000000112e+01
-2.570012799999999942e+01 -2.375841600000000042e+01 -2.869761099999999843e+01
-9.090403999999999485e+00 -8.940656999999999854e+00 -1.027186299999999974e+01
-1.092950399999999966e+01 -9.930749999999999744e+00 -9.904654999999999987e+00
-1.835695300000000074e+01 -1.640251800000000060e+01 -1.904920800000000014e+01
-2.073498700000000028e+01 -2.570012799999999942e+01 -2.258807399999999888e+01
-9.591654999999999376e+00 -8.753652000000000655e+00 -8.582995000000000374e+00
-1.275660300000000014e+01 -1.300120199999999926e+01 -1.460665200000000041e+01
-9.441012000000000626e+00 -8.416769000000000389e+00 -9.712051000000000656e+00
-1.361115999999999993e+01 -1.199256600000000006e+01 -1.300495599999999996e+01
-7.841700000000000337e+00 -7.511676999999999715e+00 -8.294551999999999481e+00
-5.839004599999999812e+01 -6.372408699999999726e+01 -5.832811800000000346e+01
-1.204128000000000043e+01 -1.295397099999999924e+01 -1.193828300000000020e+01
-6.442103999999999608e+00 -7.253157999999999994e+00 -7.165117999999999654e+00
-1.593366400000000027e+01 -1.439645400000000031e+01 -1.427537599999999962e+01
-7.079960099999999557e+01 -7.095157399999999370e+01 -6.332180999999999926e+01
-5.266834000000000238e+00 -5.282157999999999909e+00 -5.782950999999999731e+00
-1.602984199999999859e+01 -1.526182299999999969e+01 -1.472546999999999962e+01
-5.367337299999999800e+01 -4.954668499999999653e+01 -5.032399800000000312e+01
-3.249950599999999667e+01 -3.104803100000000171e+01 -2.837041800000000080e+01
-5.246555399999999736e+01 -5.480546900000000221e+01 -5.089570899999999654e+01
-7.887144000000000155e+00 -8.940656999999999854e+00 -9.090403999999999485e+00
-2.938083999999999918e+01 -2.980152599999999907e+01 -3.263219399999999837e+01
-5.741719999999999935e+00 -5.948201000000000072e+00 -6.523052999999999990e+00
-5.355232699999999824e+01 -5.531923700000000110e+01 -5.869202899999999801e+01
-1.338862499999999933e+01 -1.388650499999999965e+01 -1.569776000000000060e+01
-5.543852600000000308e+01 -6.011034999999999684e+01 -6.224897800000000103e+01
-3.159777700000000067e+01 -3.017011199999999960e+01 -3.763985999999999876e+01
-2.528210299999999933e+01 -2.346018300000000067e+01 -2.556916199999999861e+01
-8.474793000000000021e+00 -9.440835999999999117e+00 -9.744158000000000541e+00
-3.866862499999999869e+01 -3.936629400000000345e+01 -4.254866799999999927e+01
-9.563967399999999941e+01 -9.738470599999999422e+01 -8.555718799999999646e+01
-7.124728399999999340e+01 -7.069258899999999812e+01 -6.435286600000000590e+01
-2.146396500000000174e+01 -1.937906500000000065e+01 -2.011072700000000069e+01
-1.326653699999999958e+01 -1.355412600000000012e+01 -1.443940100000000015e+01
-1.696766799999999975e+01 -1.460665200000000041e+01 -1.507464900000000085e+01
-1.032659899999999986e+01 -9.218750000000000000e+00 -1.059488600000000069e+01
-1.696766799999999975e+01 -1.773469899999999910e+01 -1.999320499999999967e+01
-7.021694499999999550e+01 -6.153269499999999681e+01 -6.253984799999999922e+01
-8.038413300000000561e+01 -9.247832900000000222e+01 -8.051690600000000586e+01
-2.254574300000000164e+01 -1.978484299999999863e+01 -2.134209800000000001e+01
-1.797400000000000020e+01 -1.886604799999999926e+01 -1.671809400000000068e+01
-6.750443999999999889e+00 -7.077917000000000236e+00 -7.743133000000000266e+00
-8.116933199999999715e+01 -8.036611399999999605e+01 -7.127780900000000486e+01
-8.237792999999999921e+00 -8.416769000000000389e+00 -9.441012000000000626e+00
-5.163685600000000164e+01 -4.881297500000000156e+01 -4.498125100000000032e+01
-3.913871900000000181e+01 -3.306075700000000239e+01 -3.496613299999999924e+01
-8.286088900000000024e+01 -9.298042499999999677e+01 -8.425466799999999523e+01
-7.922499200000000030e+01 -9.047424800000000289e+01 -7.959075799999999390e+01
-5.172428599999999932e+01 -4.714447100000000290e+01 -5.386272600000000210e+01
-9.941846999999999213e+00 -9.974652999999999992e+00 -9.065642999999999674e+00
-1.230340900000000026e+01 -1.291897900000000021e+01 -1.165432900000000060e+01
-1.613713900000000123e+01 -1.934211200000000019e+01 -1.871337700000000126e+01
-6.532990999999999993e+00 -6.401095999999999897e+00 -7.140280999999999878e+00
-3.392372799999999700e+01 -3.159777700000000067e+01 -3.843166200000000288e+01
-3.919556800000000152e+01 -4.137672400000000295e+01 -4.483944499999999778e+01
-6.127721000000000195e+00 -5.999105000000000132e+00 -6.817539000000000016e+00
-6.894540399999999636e+01 -6.818212499999999920e+01 -6.213309300000000235e+01
-6.183700999999999937e+01 -6.166013499999999681e+01 -5.545399100000000203e+01
-4.994970599999999905e+01 -5.944489300000000043e+01 -5.752324800000000238e+01
-9.005568999999999846e+01 -7.922499200000000030e+01 -7.891243299999999294e+01
-3.982736500000000035e+01 -3.472848100000000215e+01 -3.602165399999999806e+01
-1.566187200000000068e+01 -1.677372499999999889e+01 -1.656243699999999919e+01
-1.662243199999999987e+01 -1.510110300000000016e+01 -1.587778100000000059e+01
-1.009118440000000021e+02 -8.764020800000000122e+01 -8.813635700000000384e+01
-2.189612500000000139e+01 -2.128852200000000039e+01 -2.004163499999999942e+01
-9.786894300000000158e+01 -9.700313099999999622e+01 -8.460280199999999695e+01
-5.446145500000000084e+01 -5.542376900000000006e+01 -5.912771599999999950e+01
-2.056410699999999991e+01 -2.246701099999999940e+01 -2.182052499999999995e+01
-1.053314560000000029e+02 -1.046326049999999981e+02 -9.193990999999999758e+01
-8.153079999999999217e+00 -7.257506000000000235e+00 -8.414370999999999157e+00
-7.394116999999999607e+00 -8.199358999999999398e+00 -7.478640000000000398e+00
-3.791899099999999834e+01 -4.012352700000000283e+01 -3.495310099999999665e+01
-4.857277400000000256e+01 -5.552570500000000209e+01 -5.147546799999999934e+01
-3.008738400000000013e+01 -3.432679499999999706e+01 -2.863410599999999917e+01
-1.052910199999999996e+01 -1.161511400000000016e+01 -1.180757700000000021e+01
-2.730604200000000148e+01 -2.901659499999999881e+01 -2.540852900000000147e+01
-7.960496500000000708e+01 -9.139030200000000548e+01 -7.838183200000000284e+01
-1.185634300000000074e+01 -1.089822599999999930e+01 -1.192837500000000084e+01
-1.309756299999999918e+01 -1.325917300000000054e+01 -1.419512899999999966e+01
-5.876158800000000326e+01 -5.770744100000000287e+01 -5.284662099999999896e+01
-1.601164400000000043e+01 -1.543255100000000013e+01 -1.478725099999999948e+01
-2.350151899999999827e+01 -2.509482500000000016e+01 -2.181667099999999948e+01
-4.073333699999999880e+01 -3.588279299999999949e+01 -4.217734099999999842e+01
-8.514865999999999602e+00 -9.083603000000000094e+00 -9.343121000000000009e+00
-1.446184700000000056e+01 -1.429684100000000058e+01 -1.318116400000000077e+01
-7.366503299999999399e+01 -8.286088900000000024e+01 -7.535098399999999685e+01
-6.628294800000000464e+01 -6.427993299999999977e+01 -5.812141900000000305e+01
-2.380650100000000080e+01 -2.241691900000000004e+01 -1.999320499999999967e+01
-2.375841600000000042e+01 -1.940589599999999848e+01 -2.246145599999999831e+01
-1.355412600000000012e+01 -1.375292800000000071e+01 -1.469161500000000053e+01
-5.453249499999999728e+01 -6.038997400000000226e+01 -5.910938000000000159e+01
-4.714447100000000290e+01 -4.954073199999999844e+01 -5.386272600000000210e+01
-1.068067860000000024e+02 -9.369276999999999589e+01 -9.458605400000000429e+01
-8.034555500000000450e+01 -8.027412599999999543e+01 -7.073341899999999782e+01
-4.066727300000000156e+01 -4.714447100000000290e+01 -4.425406399999999962e+01
-6.802772799999999620e+01 -6.734792600000000107e+01 -6.128388000000000346e+01
-2.389153400000000005e+01 -2.540852900000000147e+01 -2.216776700000000133e+01
-4.147778900000000135e+01 -3.416782200000000103e+01 -3.907019300000000328e+01
-9.343121000000000009e+00 -9.083603000000000094e+00 -9.923327999999999705e+00
-2.258764000000000038e+01 -2.335194299999999856e+01 -2.518480800000000031e+01
-2.258807399999999888e+01 -2.570012799999999942e+01 -2.833120999999999867e+01
-3.743809199999999748e+01 -4.000091400000000164e+01 -4.482482699999999909e+01
-2.837041800000000080e+01 -3.104803100000000171e+01 -2.721660899999999828e+01
-1.688460200000000100e+01 -1.610937200000000047e+01 -1.502220900000000015e+01
-3.295147000000000048e+01 -3.591201300000000174e+01 -3.113788399999999967e+01
-5.328714999999999868e+00 -5.389052000000000398e+00 -5.914583999999999619e+00
-1.375864100000000079e+01 -1.472423200000000065e+01 -1.359822899999999990e+01
-5.389052000000000398e+00 -5.452678999999999832e+00 -6.019974999999999632e+00
-2.422164700000000082e+01 -2.223167199999999966e+01 -2.265361300000000000e+01
-1.773182900000000117e+01 -1.753316200000000080e+01 -1.670265600000000106e+01
-5.261277799999999871e+01 -4.662480999999999653e+01 -4.898405600000000248e+01
-1.161478800000000078e+01 -1.124019299999999966e+01 -1.296583700000000050e+01
-2.241691900000000004e+01 -2.127981000000000122e+01 -1.904920800000000014e+01
-2.918542300000000012e+01 -2.565048799999999929e+01 -3.112511900000000153e+01
-7.726714000000000304e+00 -8.862577999999999179e+00 -8.147674999999999557e+00
-1.204128000000000043e+01 -1.193828300000000020e+01 -1.109769499999999987e+01
-1.700836400000000026e+01 -1.791573599999999900e+01 -1.677372499999999889e+01
-1.158341700000000074e+01 -9.827360000000000539e+00 -1.021623400000000004e+01
-6.818212499999999920e+01 -7.639934700000000589e+01 -6.781078499999999565e+01
-1.643122699999999980e+01 -1.967681999999999931e+01 -1.865707700000000102e+01
-1.214843100000000042e+01 -1.030471600000000088e+01 -1.052423800000000043e+01
-2.298571400000000153e+01 -2.206589500000000115e+01 -1.904281100000000038e+01
-9.325855000000000672e+00 -1.108101399999999970e+01 -9.891462000000000643e+00
-4.866702899999999943e+01 -5.115503600000000262e+01 -5.376325800000000044e+01
-3.295340199999999697e+01 -3.494246400000000108e+01 -3.084846800000000044e+01
-1.594792200000000015e+01 -1.686323799999999906e+01 -1.580906300000000009e+01
-3.472294600000000031e+01 -2.944938099999999892e+01 -3.158054500000000075e+01
-3.602165399999999806e+01 -3.472848100000000215e+01 -3.138444399999999845e+01
-1.092443800000000032e+01 -9.441012000000000626e+00 -9.712051000000000656e+00
-2.510002700000000075e+01 -2.258807399999999888e+01 -2.833120999999999867e+01
-6.467875000000000263e+00 -7.163174999999999848e+00 -7.226790000000000269e+00
-1.242957400000000057e+01 -1.278779600000000016e+01 -1.479208500000000015e+01
-2.452071000000000112e+01 -2.033896199999999865e+01 -2.080679999999999907e+01
-5.948201000000000072e+00 -6.154682000000000208e+00 -6.766859000000000179e+00
-5.460557999999999801e+00 -4.967967999999999940e+00 -5.417023999999999617e+00
-6.870492999999999739e+00 -7.887144000000000155e+00 -7.995220999999999911e+00
-1.038612400000000058e+01 -1.035164200000000001e+01 -9.258153000000000077e+00
-3.494337600000000066e+01 -3.727604399999999885e+01 -3.288333800000000195e+01
-3.416782200000000103e+01 -3.212227000000000032e+01 -3.907019300000000328e+01
-4.365246499999999941e+01 -3.392372799999999700e+01 -3.843166200000000288e+01
-7.403406000000000375e+00 -8.060698000000000363e+00 -8.083009999999999806e+00
-3.249950599999999667e+01 -3.744484400000000335e+01 -3.568482300000000151e+01
-6.525805000000000078e+00 -6.463548000000000293e+00 -7.178411999999999793e+00
-5.123541399999999868e+01 -4.604486800000000102e+01 -5.147546799999999934e+01
-9.941846999999999213e+00 -9.065642999999999674e+00 -9.042099999999999582e+00
-4.714447100000000290e+01 -4.334337200000000223e+01 -4.954073199999999844e+01
-8.724638000000000559e+00 -7.826368999999999687e+00 -9.072824999999999918e+00
-6.751209199999999555e+01 -7.524439599999999473e+01 -6.433016399999999635e+01
-1.448487599999999986e+01 -1.379078900000000019e+01 -1.212102299999999921e+01
-1.940589599999999848e+01 -1.843375699999999995e+01 -2.246145599999999831e+01
-2.540472600000000014e+01 -2.320482200000000006e+01 -2.686086200000000090e+01
-4.758028399999999891e+01 -5.153438899999999734e+01 -5.012705600000000317e+01
-1.028787499999999966e+01 -9.923327999999999705e+00 -1.071018499999999918e+01
-1.270247799999999927e+01 -1.435649800000000020e+01 -1.460523399999999938e+01
-4.573769999999999669e+01 -4.144357999999999720e+01 -4.849849300000000341e+01
-1.728220800000000068e+01 -1.700836400000000026e+01 -1.608339199999999991e+01
-4.132446300000000150e+01 -3.868349400000000315e+01 -3.472293599999999714e+01
-8.188969199999999660e+01 -8.098609799999999836e+01 -7.119323400000000390e+01
-1.432146099999999933e+01 -1.502760499999999944e+01 -1.350876399999999933e+01
-2.572774899999999931e+01 -2.304676399999999958e+01 -2.380182800000000043e+01
-1.023235099999999953e+01 -9.891462000000000643e+00 -1.177208199999999927e+01
-7.119323400000000390e+01 -7.079960099999999557e+01 -6.299397299999999689e+01
-8.416769000000000389e+00 -8.643236999999999171e+00 -9.712051000000000656e+00
-7.047358000000000011e+00 -7.257506000000000235e+00 -8.153079999999999217e+00
-3.428132899999999950e+01 -3.136885600000000096e+01 -2.869761099999999843e+01
-1.305442799999999970e+01 -1.369546899999999923e+01 -1.239408000000000065e+01
-1.743254299999999901e+01 -2.111878600000000006e+01 -1.997838199999999986e+01
-1.459312100000000001e+01 -1.457200300000000048e+01 -1.326405500000000082e+01
-9.193990999999999758e+01 -9.110060799999999404e+01 -8.036611399999999605e+01
-4.152723399999999998e+01 -3.894165499999999724e+01 -4.385745299999999958e+01
-5.524726499999999874e+01 -4.878577899999999801e+01 -5.406125399999999814e+01
-5.546404400000000123e+01 -5.613412999999999897e+01 -5.043863799999999742e+01
-2.135693099999999944e+01 -2.503359199999999873e+01 -2.080679999999999907e+01
-6.406574700000000178e+01 -7.108853000000000577e+01 -6.421922200000000203e+01
-3.538813700000000040e+01 -4.324029699999999821e+01 -3.802088700000000188e+01
-1.230340900000000026e+01 -1.354765000000000086e+01 -1.291897900000000021e+01
-6.166572299999999984e+01 -5.566776099999999872e+01 -6.206347399999999936e+01
-8.057760999999999285e+00 -7.319778999999999591e+00 -7.250651999999999653e+00
-1.454442000000000057e+01 -1.566187200000000068e+01 -1.547370699999999921e+01
-8.773060800000000370e+01 -7.759670800000000668e+01 -7.524439599999999473e+01
-7.719573999999999714e+00 -7.495517999999999681e+00 -8.620222000000000051e+00
-9.738470599999999422e+01 -9.921511800000000392e+01 -8.754823000000000377e+01
-2.247613600000000034e+01 -2.314535599999999960e+01 -2.506362700000000032e+01
-8.967484199999999817e+01 -7.883550200000000530e+01 -7.881385000000000218e+01
-1.765755199999999903e+01 -1.885032899999999856e+01 -1.854504100000000122e+01
-8.285417999999999950e+00 -7.285624000000000322e+00 -7.989686999999999983e+00
-1.031708199999999920e+01 -9.147278999999999272e+00 -1.014101199999999992e+01
-3.268948900000000179e+01 -3.688504799999999761e+01 -3.526351100000000116e+01
-1.649508399999999853e+01 -1.550530299999999961e+01 -1.839848500000000087e+01
-5.255847399999999681e+01 -5.947866299999999740e+01 -5.406125399999999814e+01
-2.335644200000000126e+01 -2.734716500000000039e+01 -2.257842000000000127e+01
-9.570004199999999628e+01 -9.530243199999999604e+01 -8.478721799999999575e+01
-5.828508200000000272e+01 -5.278754800000000103e+01 -5.376336100000000329e+01
-7.883877300000000332e+01 -7.817741700000000549e+01 -6.917030300000000409e+01
-2.380182800000000043e+01 -2.146396500000000174e+01 -2.212778600000000040e+01
-2.059736900000000048e+01 -2.039426999999999879e+01 -1.942791799999999824e+01
-1.503278700000000079e+01 -1.752163399999999882e+01 -1.843375699999999995e+01
-1.525508499999999934e+01 -1.420456800000000008e+01 -1.361115999999999993e+01
-7.105469300000000032e+01 -6.311971100000000234e+01 -7.017126600000000280e+01
-1.446184700000000056e+01 -1.559761499999999934e+01 -1.429684100000000058e+01
-2.478772899999999879e+01 -2.713989700000000127e+01 -2.398904500000000084e+01
-7.092555600000000027e+01 -6.362248499999999751e+01 -6.266500400000000326e+01
-8.010450199999999654e+01 -7.154175399999999740e+01 -7.143354499999999518e+01
-3.499314900000000250e+01 -4.071150300000000044e+01 -3.459824499999999858e+01
-1.042397380000000027e+02 -1.055503250000000008e+02 -9.428257899999999836e+01
-9.090403999999999485e+00 -1.027186299999999974e+01 -1.014080200000000076e+01
-1.550353899999999996e+01 -1.843375699999999995e+01 -1.940589599999999848e+01
-2.058061999999999969e+01 -2.189612500000000139e+01 -2.004163499999999942e+01
-7.524439599999999473e+01 -7.759670800000000668e+01 -6.606792099999999834e+01
-8.759536999999999907e+00 -1.019816999999999929e+01 -1.045018800000000070e+01
-7.062634000000000079e+00 -6.883898000000000295e+00 -7.511676999999999715e+00
-5.815629500000000007e+01 -5.300655799999999829e+01 -5.438089000000000084e+01
-3.562985599999999664e+01 -3.205279999999999774e+01 -3.263219399999999837e+01
-5.699373099999999681e+01 -6.366427800000000303e+01 -5.886204000000000036e+01
-5.744696100000000172e+01 -5.254286100000000204e+01 -5.281445599999999985e+01
-7.384160999999999753e+00 -6.657473000000000418e+00 -7.524937000000000431e+00
-1.101920499999999947e+01 -1.166790999999999912e+01 -1.053925899999999949e+01
-1.723393499999999889e+01 -1.874324000000000012e+01 -1.838380199999999931e+01
-1.108101399999999970e+01 -1.224434100000000036e+01 -1.322138900000000028e+01
-4.994970599999999905e+01 -5.752324800000000238e+01 -5.040022299999999689e+01
-6.216671099999999939e+01 -6.916194699999999784e+01 -6.894540399999999636e+01
-9.175473000000000212e+00 -1.033363399999999999e+01 -1.057554700000000025e+01
-8.416769000000000389e+00 -7.524937000000000431e+00 -8.643236999999999171e+00
-7.285624000000000322e+00 -7.096446000000000254e+00 -7.989686999999999983e+00
-1.129800999999999966e+01 -1.092443800000000032e+01 -9.712051000000000656e+00
-3.707316900000000004e+01 -4.153283100000000161e+01 -3.936362400000000150e+01
-1.443940100000000015e+01 -1.355412600000000012e+01 -1.469161500000000053e+01
-9.602633899999999301e+01 -9.503937100000000271e+01 -8.266865799999999354e+01
-5.480546900000000221e+01 -5.900905000000000200e+01 -5.447801900000000330e+01
-3.848173700000000252e+01 -3.712321899999999886e+01 -3.350671200000000027e+01
-1.691045099999999834e+01 -1.417320300000000088e+01 -1.442801700000000054e+01
-4.735508699999999749e+01 -5.255847399999999681e+01 -5.406125399999999814e+01
-2.325570199999999943e+01 -2.346018300000000067e+01 -2.528210299999999933e+01
-2.886586000000000141e+01 -2.399455299999999980e+01 -2.452071000000000112e+01
-2.353383699999999834e+01 -2.430892000000000053e+01 -2.649592799999999926e+01
-4.954073199999999844e+01 -4.628493699999999933e+01 -5.303970900000000199e+01
-9.162402999999999409e+00 -1.029680300000000059e+01 -1.029713399999999979e+01
-1.856094600000000128e+01 -1.898405100000000090e+01 -2.004163499999999942e+01
-9.750135000000000218e+00 -8.753652000000000655e+00 -9.591654999999999376e+00
-1.799025500000000122e+01 -1.898405100000000090e+01 -1.761110000000000042e+01
-7.668021099999999990e+01 -6.893254399999999293e+01 -6.900973100000000215e+01
-1.987527800000000155e+01 -1.654115099999999927e+01 -1.691045099999999834e+01
-8.129706000000000543e+00 -8.199358999999999398e+00 -7.394116999999999607e+00
-4.110387300000000010e+01 -4.323279200000000344e+01 -4.727813600000000349e+01
-1.436551599999999951e+01 -1.343119000000000085e+01 -1.454442000000000057e+01
-4.878577899999999801e+01 -4.217734099999999842e+01 -4.289201700000000272e+01
-2.506362700000000032e+01 -2.314535599999999960e+01 -2.602141599999999855e+01
-3.635926899999999762e+01 -3.766343799999999931e+01 -4.037541499999999672e+01
-2.734716500000000039e+01 -2.616172500000000056e+01 -2.257842000000000127e+01
-5.100656000000000034e+01 -4.838122599999999807e+01 -5.239708499999999702e+01
-7.198455400000000282e+01 -7.119323400000000390e+01 -6.343901699999999977e+01
-4.404030600000000106e+01 -4.662480999999999653e+01 -4.897291100000000341e+01
-1.064115900000000003e+01 -8.945961000000000496e+00 -1.045018800000000070e+01
-1.569776000000000060e+01 -1.643122699999999980e+01 -1.865707700000000102e+01
-1.375864100000000079e+01 -1.264275899999999986e+01 -1.280135600000000018e+01
-1.799025500000000122e+01 -1.838380199999999931e+01 -1.946275400000000033e+01
-6.166572299999999984e+01 -6.916194699999999784e+01 -6.216671099999999939e+01
-3.095949399999999940e+01 -3.247627500000000111e+01 -3.480992200000000025e+01
-6.355049000000000348e+01 -5.815629500000000007e+01 -5.832811800000000346e+01
-9.223839599999999450e+01 -9.234724699999999586e+01 -8.027412599999999543e+01
-3.874186399999999963e+01 -4.412636599999999731e+01 -4.131055500000000080e+01
-5.100656000000000034e+01 -5.239708499999999702e+01 -5.531923700000000110e+01
-6.417175000000000296e+00 -6.403540999999999705e+00 -7.134833999999999676e+00
-4.090854300000000165e+01 -3.404364499999999794e+01 -3.802088700000000188e+01
-2.851949199999999962e+01 -3.265447699999999998e+01 -3.138444399999999845e+01
-4.264228899999999811e+01 -4.548156399999999877e+01 -4.943318000000000012e+01
-8.001823999999999160e+00 -7.262754000000000154e+00 -7.893227999999999689e+00
-1.869605999999999923e+01 -1.914057100000000133e+01 -2.007414199999999838e+01
-2.934825700000000026e+01 -3.499314900000000250e+01 -2.928541299999999836e+01
-3.406651000000000096e+01 -3.249950599999999667e+01 -2.964683600000000041e+01
-2.506467800000000068e+01 -2.528210299999999933e+01 -2.749004599999999954e+01
-6.525805000000000078e+00 -5.899995999999999796e+00 -6.463548000000000293e+00
-2.964683600000000041e+01 -2.837041800000000080e+01 -2.602141599999999855e+01
-8.003294999999999604e+00 -8.954491000000000867e+00 -7.981036999999999715e+00
-8.430307000000000883e+00 -9.092309999999999448e+00 -9.289652999999999494e+00
-1.375292800000000071e+01 -1.389800499999999950e+01 -1.486229200000000006e+01
-4.310976500000000300e+01 -3.545105600000000123e+01 -3.978381300000000209e+01
-1.192837500000000084e+01 -1.199331300000000056e+01 -1.306503499999999995e+01
-1.723544499999999857e+01 -1.828640400000000099e+01 -1.808559800000000095e+01
-3.726157200000000103e+01 -3.930323700000000287e+01 -4.150468899999999906e+01
-5.373077399999999670e+01 -4.849849300000000341e+01 -4.482482699999999909e+01
-1.278779600000000016e+01 -1.081511899999999926e+01 -1.116227199999999975e+01
-5.266834000000000238e+00 -5.782950999999999731e+00 -5.779895999999999923e+00
-2.508465800000000101e+01 -2.321028499999999894e+01 -2.611441100000000048e+01
-4.832361199999999712e+01 -4.982303900000000141e+01 -5.509800099999999645e+01
-5.812914000000000136e+00 -5.779895999999999923e+00 -6.417175000000000296e+00
-7.845157999999999632e+00 -7.656228999999999729e+00 -8.946763999999999939e+00
-6.818212499999999920e+01 -6.781078499999999565e+01 -6.054265300000000138e+01
-2.816174000000000177e+01 -2.166087500000000077e+01 -2.510002700000000075e+01
-9.247832900000000222e+01 -9.264001799999999776e+01 -8.051690600000000586e+01
-1.325917300000000054e+01 -1.436551599999999951e+01 -1.419512899999999966e+01
-7.524439599999999473e+01 -6.606792099999999834e+01 -6.433016399999999635e+01
-9.072824999999999918e+00 -1.072992900000000027e+01 -1.021623400000000004e+01
-1.815768699999999924e+01 -1.611005799999999866e+01 -2.166087500000000077e+01
-9.054103700000000288e+01 -9.154971399999999448e+01 -8.023576799999999309e+01
-7.405229699999999582e+01 -8.404431200000000501e+01 -8.302908899999999903e+01
-7.103028700000000129e+01 -6.406574700000000178e+01 -6.366046500000000208e+01
-8.609991000000000838e+00 -9.289652999999999494e+00 -9.469766999999999157e+00
-8.680744000000000682e+00 -9.427374000000000365e+00 -1.026896600000000070e+01
-1.190469200000000072e+01 -1.059488600000000069e+01 -1.230901899999999927e+01
-3.538813700000000040e+01 -3.164430899999999980e+01 -3.868349400000000315e+01
-7.817741700000000549e+01 -6.883771000000000129e+01 -6.917030300000000409e+01
-8.425466799999999523e+01 -8.518762900000000116e+01 -7.635853000000000179e+01
-9.218750000000000000e+00 -8.237792999999999921e+00 -9.441012000000000626e+00
-5.239708499999999702e+01 -4.838122599999999807e+01 -4.954668499999999653e+01
-9.828628000000000142e+00 -8.940656999999999854e+00 -8.620222000000000051e+00
-5.899995999999999796e+00 -5.863315000000000055e+00 -6.463548000000000293e+00
-4.147778900000000135e+01 -4.608080199999999849e+01 -4.994970599999999905e+01
-7.086424900000000093e+01 -8.030274199999999496e+01 -7.021694499999999550e+01
-1.502220900000000015e+01 -1.442276500000000006e+01 -1.320317400000000063e+01
-8.036611399999999605e+01 -7.054287300000000016e+01 -7.127780900000000486e+01
-8.944637999999999423e+00 -9.000629999999999242e+00 -8.129706000000000543e+00
-2.304676399999999958e+01 -2.146396500000000174e+01 -2.380182800000000043e+01
-1.596560000000000024e+01 -1.457200300000000048e+01 -1.459312100000000001e+01
-3.640233800000000031e+01 -3.190653400000000062e+01 -3.382230700000000212e+01
-2.659801300000000168e+01 -2.380650100000000080e+01 -2.845949500000000043e+01
-8.149497000000000213e+00 -8.039227000000000345e+00 -9.162402999999999409e+00
-8.985812500000000114e+01 -7.524439599999999473e+01 -7.838183200000000284e+01
-1.432254000000000005e+01 -1.460665200000000041e+01 -1.640251800000000060e+01
-3.314668000000000347e+01 -3.511916399999999783e+01 -3.107066599999999923e+01
-4.785004899999999850e+01 -4.073333699999999880e+01 -4.217734099999999842e+01
-6.979453700000000538e+01 -7.176581699999999842e+01 -6.333178699999999850e+01
-6.378176799999999957e+01 -5.546404400000000123e+01 -5.770744100000000287e+01
-9.177718000000000131e+01 -9.204599199999999826e+01 -8.042134500000000230e+01
-1.243360299999999974e+01 -1.326653699999999958e+01 -1.211698400000000042e+01
-1.075304119999999983e+02 -1.076121820000000042e+02 -9.570004199999999628e+01
-8.266865799999999354e+01 -8.188969199999999660e+01 -7.198455400000000282e+01
-1.662243199999999987e+01 -1.583901099999999929e+01 -1.510110300000000016e+01
-6.900973100000000215e+01 -6.075824200000000275e+01 -6.889715999999999951e+01
-1.525508499999999934e+01 -1.600085199999999830e+01 -1.420456800000000008e+01
-7.887144000000000155e+00 -7.719573999999999714e+00 -8.940656999999999854e+00
-1.428474199999999961e+01 -1.653240200000000115e+01 -1.435649800000000020e+01
-3.763985999999999876e+01 -3.707405700000000337e+01 -4.592150199999999671e+01
-1.968620800000000060e+01 -1.649508399999999853e+01 -1.839848500000000087e+01
-3.757336999999999705e+01 -4.132446300000000150e+01 -3.472293599999999714e+01
-1.761110000000000042e+01 -1.898405100000000090e+01 -1.856094600000000128e+01
-5.453249499999999728e+01 -5.910938000000000159e+01 -5.261277799999999871e+01
-9.919463999999999615e+00 -8.973587999999999454e+00 -9.305740000000000123e+00
-3.268948900000000179e+01 -3.029067999999999827e+01 -3.435707500000000181e+01
-2.689194399999999874e+01 -2.497234999999999872e+01 -2.805247599999999863e+01
-6.467875000000000263e+00 -7.226790000000000269e+00 -6.522567999999999699e+00
-4.897291100000000341e+01 -5.382500600000000190e+01 -5.205216200000000271e+01
-4.816999299999999806e+01 -4.439061399999999935e+01 -4.845515199999999822e+01
-2.899993600000000171e+01 -2.455229100000000031e+01 -2.967139299999999835e+01
-8.668796999999999642e+00 -9.343121000000000009e+00 -9.484761999999999915e+00
-3.023656599999999983e+01 -2.649592799999999926e+01 -2.745649299999999826e+01
-1.808559800000000095e+01 -1.794571099999999930e+01 -1.708498700000000170e+01
-4.280101499999999959e+01 -4.803868400000000349e+01 -4.625883000000000322e+01
-8.265473999999999322e+00 -9.065642999999999674e+00 -8.294551999999999481e+00
-8.823567199999999389e+01 -8.813635700000000384e+01 -7.769570199999999716e+01
-8.384303400000000295e+01 -8.555718799999999646e+01 -7.501481400000000122e+01
-1.406331400000000009e+01 -1.526579000000000086e+01 -1.478725099999999948e+01
-9.738470599999999422e+01 -8.754823000000000377e+01 -8.555718799999999646e+01
-3.230644099999999952e+01 -2.916818800000000067e+01 -3.350671200000000027e+01
-1.204128000000000043e+01 -1.309756299999999918e+01 -1.295397099999999924e+01
-1.491129199999999955e+01 -1.472423200000000065e+01 -1.375864100000000079e+01
-1.665244200000000063e+01 -1.735409100000000038e+01 -1.809574299999999880e+01
-1.086578399999999966e+01 -1.057554700000000025e+01 -1.199256600000000006e+01
-4.090006900000000201e+01 -3.761137899999999945e+01 -4.280101499999999959e+01
-7.200618000000000407e+00 -7.087330999999999825e+00 -8.149497000000000213e+00
-8.199358999999999398e+00 -9.042099999999999582e+00 -8.265473999999999322e+00
-4.849849300000000341e+01 -4.144357999999999720e+01 -4.482482699999999909e+01
-8.766270999999999702e+00 -8.750718000000000885e+00 -9.501789000000000485e+00
-2.135693099999999944e+01 -1.773976199999999892e+01 -1.830374099999999871e+01
-1.387212300000000020e+01 -1.197211800000000004e+01 -1.342842399999999969e+01
-3.331437700000000035e+01 -3.495310099999999665e+01 -2.993866299999999825e+01
-2.425466000000000122e+01 -2.741591299999999976e+01 -2.586595799999999912e+01
-1.888623300000000071e+01 -1.780195200000000000e+01 -2.048569300000000126e+01
-9.132962499999999295e+01 -9.298042499999999677e+01 -8.286088900000000024e+01
-2.086138199999999898e+01 -1.925287099999999896e+01 -1.817748699999999928e+01
-1.478437100000000015e+01 -1.535324199999999983e+01 -1.342842399999999969e+01
-1.830374099999999871e+01 -1.524718900000000055e+01 -1.582509800000000055e+01
-2.816174000000000177e+01 -3.164430899999999980e+01 -3.538813700000000040e+01
-6.916194699999999784e+01 -7.749942000000000064e+01 -6.894540399999999636e+01
-6.433016399999999635e+01 -5.591253600000000290e+01 -5.752324800000000238e+01
-2.114593699999999998e+01 -2.320482200000000006e+01 -2.540472600000000014e+01
-6.266500400000000326e+01 -6.362248499999999751e+01 -5.678511100000000056e+01
-5.768440000000000012e+00 -5.638209999999999944e+00 -6.242757000000000112e+00
-4.803868400000000349e+01 -5.356404899999999714e+01 -5.138036199999999809e+01
-1.027186299999999974e+01 -8.940656999999999854e+00 -9.828628000000000142e+00
-6.861112799999999368e+01 -6.889715999999999951e+01 -6.269498099999999852e+01
-2.756284600000000040e+01 -3.020431699999999964e+01 -2.600141599999999897e+01
-1.634351399999999899e+01 -1.512064200000000014e+01 -1.535226899999999972e+01
-1.030471600000000088e+01 -1.202741499999999952e+01 -1.038612400000000058e+01
-1.071929800000000021e+01 -1.209584599999999988e+01 -1.113573899999999917e+01
-1.472423200000000065e+01 -1.566187200000000068e+01 -1.454442000000000057e+01
-1.452248299999999936e+01 -1.601787799999999962e+01 -1.459312100000000001e+01
-1.073550450000000041e+02 -1.068067860000000024e+02 -9.458605400000000429e+01
-2.878890300000000124e+01 -2.691970699999999894e+01 -3.075579700000000116e+01
-6.333178699999999850e+01 -5.538705399999999912e+01 -6.143133499999999714e+01
-5.832811800000000346e+01 -5.815629500000000007e+01 -5.438089000000000084e+01
-1.428474199999999961e+01 -1.593006800000000034e+01 -1.653240200000000115e+01
-2.011072700000000069e+01 -1.828790000000000049e+01 -1.899548499999999862e+01
-2.389153400000000005e+01 -2.216776700000000133e+01 -2.086138199999999898e+01
-5.249854899999999702e+01 -6.093816499999999792e+01 -5.653623300000000285e+01
-1.469161500000000053e+01 -1.375292800000000071e+01 -1.486229200000000006e+01
-3.982736500000000035e+01 -3.848173700000000252e+01 -3.472848100000000215e+01
-6.190966300000000189e+01 -6.876941600000000676e+01 -6.183700999999999937e+01
-1.217959199999999953e+01 -1.158856199999999959e+01 -1.377409399999999984e+01
-6.883771000000000129e+01 -6.036261799999999766e+01 -6.224897800000000103e+01
-3.494246400000000108e+01 -3.707316900000000004e+01 -3.280674599999999685e+01
-6.786779599999999846e+01 -7.712457700000000216e+01 -6.979453700000000538e+01
-2.241691900000000004e+01 -1.904920800000000014e+01 -1.999320499999999967e+01
-4.526802500000000151e+01 -4.224621499999999941e+01 -4.682803200000000032e+01
-4.703629600000000011e+01 -5.302639500000000083e+01 -5.377669499999999658e+01
-1.929762099999999947e+01 -1.780195200000000000e+01 -1.687358199999999897e+01
-3.568482300000000151e+01 -3.744484400000000335e+01 -4.110387300000000010e+01
-9.786894300000000158e+01 -8.460280199999999695e+01 -8.546062600000000486e+01
-4.310976500000000300e+01 -5.051684300000000150e+01 -4.797836900000000071e+01
-3.084846800000000044e+01 -3.494246400000000108e+01 -3.280674599999999685e+01
-9.930749999999999744e+00 -9.941846999999999213e+00 -9.042099999999999582e+00
-3.095949399999999940e+01 -3.480992200000000025e+01 -3.307280899999999946e+01
-2.039426999999999879e+01 -2.155780499999999833e+01 -2.007414199999999838e+01
-2.822627999999999915e+01 -3.148160999999999987e+01 -3.073079800000000006e+01
-4.109109500000000281e+01 -4.224621499999999941e+01 -4.526802500000000151e+01
-7.826368999999999687e+00 -8.147674999999999557e+00 -9.072824999999999918e+00
-2.823175799999999924e+01 -2.399455299999999980e+01 -2.886586000000000141e+01
-2.863087099999999907e+01 -2.704641399999999862e+01 -3.416782200000000103e+01
-7.037501199999999812e+01 -7.883550200000000530e+01 -7.031968700000000183e+01
-1.203600600000000043e+01 -1.196074600000000032e+01 -1.326405500000000082e+01
-2.197251800000000088e+01 -2.373912699999999987e+01 -2.346018300000000067e+01
-2.438923700000000139e+01 -2.642949799999999883e+01 -2.380182800000000043e+01
-6.395977100000000348e+01 -5.747091300000000302e+01 -5.886204000000000036e+01
-7.883550200000000530e+01 -8.979090399999999761e+01 -7.891243299999999294e+01
-4.312664300000000139e+01 -4.147778900000000135e+01 -4.994970599999999905e+01
-3.766343799999999931e+01 -4.162519700000000000e+01 -4.037541499999999672e+01
-3.746611800000000159e+01 -3.306075700000000239e+01 -3.913871900000000181e+01
-6.311971100000000234e+01 -6.292343699999999984e+01 -5.616923800000000000e+01
-6.757164999999999644e+00 -6.628434000000000381e+00 -7.719573999999999714e+00
-5.544365599999999716e+01 -6.038997400000000226e+01 -5.453249499999999728e+01
-1.212102299999999921e+01 -1.158341700000000074e+01 -1.021623400000000004e+01
-4.714447100000000290e+01 -5.172428599999999932e+01 -4.425406399999999962e+01
-1.529650400000000054e+01 -1.637094099999999841e+01 -1.620444200000000023e+01
-2.653587699999999927e+01 -2.206589500000000115e+01 -2.298571400000000153e+01
-1.858007999999999882e+01 -1.773856500000000125e+01 -1.671081500000000020e+01
-3.863599200000000167e+01 -3.627056199999999819e+01 -3.247240200000000243e+01
-4.110387300000000010e+01 -4.498125100000000032e+01 -3.919022400000000061e+01
-7.073341899999999782e+01 -7.059874700000000303e+01 -6.273096400000000017e+01
-1.502760499999999944e+01 -1.587344200000000072e+01 -1.416189400000000020e+01
-5.163685600000000164e+01 -4.727813600000000349e+01 -5.404733300000000185e+01
-8.896092400000000566e+01 -7.711271499999999435e+01 -7.817741700000000549e+01
-1.013617099999999915e+01 -1.136195900000000059e+01 -1.003887600000000013e+01
-5.815629500000000007e+01 -6.323651799999999668e+01 -5.699373099999999681e+01
-4.954809300000000150e+01 -5.044856000000000051e+01 -5.683971300000000326e+01
-1.890993699999999933e+01 -2.119822900000000132e+01 -2.018884600000000162e+01
-4.246458400000000211e+01 -3.848173700000000252e+01 -4.395148300000000319e+01
-4.369811299999999932e+01 -4.585866399999999743e+01 -4.825867600000000124e+01
-3.723116999999999877e+01 -4.015762600000000049e+01 -3.428132899999999950e+01
-2.438923700000000139e+01 -2.380182800000000043e+01 -2.212778600000000040e+01
-5.044856000000000051e+01 -4.573769999999999669e+01 -5.296314799999999678e+01
-3.114091000000000165e+01 -2.951372599999999835e+01 -2.721123100000000150e+01
-6.802772799999999620e+01 -7.574420499999999379e+01 -6.734792600000000107e+01
-1.158856199999999959e+01 -1.116108700000000020e+01 -1.311003499999999988e+01
-5.678511100000000056e+01 -6.362248499999999751e+01 -5.751428899999999800e+01
-8.710492100000000448e+01 -8.658929500000000701e+01 -7.639934700000000589e+01
-1.136195900000000059e+01 -1.275660300000000014e+01 -1.126915799999999912e+01
-4.832361199999999712e+01 -5.509800099999999645e+01 -5.174954400000000021e+01
-1.968620800000000060e+01 -1.752163399999999882e+01 -1.649508399999999853e+01
-4.912672599999999790e+01 -5.147539799999999843e+01 -5.376336100000000329e+01
-5.138036199999999809e+01 -5.356404899999999714e+01 -5.661289800000000128e+01
-1.193828300000000020e+01 -1.295397099999999924e+01 -1.282182300000000019e+01
-5.008610999999999791e+01 -5.544365599999999716e+01 -5.090315700000000021e+01
-6.029512999999999678e+00 -5.946947999999999901e+00 -6.638270999999999589e+00
-4.548156399999999877e+01 -4.073333699999999880e+01 -4.785004899999999850e+01
-1.124019299999999966e+01 -1.248325499999999977e+01 -1.296583700000000050e+01
-2.934499200000000130e+01 -2.452071000000000112e+01 -2.503359199999999873e+01
-2.734577000000000169e+01 -3.326820099999999769e+01 -3.112511900000000153e+01
-1.469161500000000053e+01 -1.580906300000000009e+01 -1.559747199999999978e+01
-5.582609999999999850e+00 -6.318093000000000181e+00 -6.147827999999999626e+00
-2.452071000000000112e+01 -2.399455299999999980e+01 -2.033896199999999865e+01
-4.945159000000000304e+01 -4.853600600000000043e+01 -5.534616199999999964e+01
-2.885294999999999987e+01 -3.095949399999999940e+01 -2.741591299999999976e+01
-3.324963499999999783e+01 -3.646102299999999730e+01 -3.299417300000000353e+01
-3.013804000000000016e+01 -3.247627500000000111e+01 -2.885294999999999987e+01
-1.320317400000000063e+01 -1.442276500000000006e+01 -1.300495599999999996e+01
-4.758028399999999891e+01 -4.531762100000000260e+01 -4.936138199999999898e+01
-2.706749399999999994e+01 -2.901659499999999881e+01 -3.084846800000000044e+01
-3.545105600000000123e+01 -4.310976500000000300e+01 -4.000091400000000164e+01
-6.629650399999999877e+01 -6.542809599999999648e+01 -5.910938000000000159e+01
-2.954214500000000143e+01 -3.547988900000000001e+01 -2.934825700000000026e+01
-7.891243299999999294e+01 -7.026282000000000494e+01 -7.031968700000000183e+01
-8.846878700000000606e+01 -8.823567199999999389e+01 -7.688558000000000447e+01
-1.013617099999999915e+01 -1.158038600000000073e+01 -1.136195900000000059e+01
-1.919220100000000073e+01 -1.958138299999999887e+01 -2.076386499999999913e+01
-2.216352699999999842e+01 -2.381257799999999847e+01 -2.119822900000000132e+01
-9.891313999999999496e+00 -9.466454999999999842e+00 -1.020328199999999974e+01
-1.898405100000000090e+01 -1.946275400000000033e+01 -2.058061999999999969e+01
-4.147778900000000135e+01 -3.907019300000000328e+01 -4.608080199999999849e+01
-4.754101599999999905e+01 -5.546404400000000123e+01 -5.043863799999999742e+01
-8.384303400000000295e+01 -9.563967399999999941e+01 -8.555718799999999646e+01
-1.419512899999999966e+01 -1.436551599999999951e+01 -1.529650400000000054e+01
-6.395005000000000273e+00 -6.457010000000000360e+00 -6.967187000000000019e+00
-2.088292900000000074e+01 -2.133318699999999879e+01 -2.314535599999999960e+01
-1.223983400000000010e+01 -1.110192200000000007e+01 -1.165432900000000060e+01
-1.842017699999999891e+01 -1.525307100000000027e+01 -1.607281499999999852e+01
-1.592994400000000077e+01 -1.771925600000000145e+01 -1.593366400000000027e+01
-1.020085499999999996e+02 -8.823567199999999389e+01 -8.846878700000000606e+01
-6.883898000000000295e+00 -6.242757000000000112e+00 -6.820237999999999801e+00
-2.156572999999999851e+01 -1.839848500000000087e+01 -2.014339500000000172e+01
-1.628279799999999966e+01 -1.478074200000000005e+01 -1.759205100000000144e+01
-2.246701099999999940e+01 -2.106088899999999953e+01 -2.321028499999999894e+01
-1.014801219999999944e+02 -1.009118440000000021e+02 -8.813635700000000384e+01
-7.817741700000000549e+01 -7.711271499999999435e+01 -6.883771000000000129e+01
-6.522567999999999699e+00 -7.226790000000000269e+00 -7.294486000000000026e+00
-8.813635700000000384e+01 -8.764020800000000122e+01 -7.749942000000000064e+01
-1.228121800000000086e+01 -1.045018800000000070e+01 -1.197211800000000004e+01
-7.278345799999999599e+01 -7.179350499999999613e+01 -6.378176799999999957e+01
-3.781213900000000194e+01 -3.981873199999999713e+01 -4.261198999999999870e+01
-4.853600600000000043e+01 -5.553361999999999910e+01 -5.534616199999999964e+01
-8.973587999999999454e+00 -8.562189999999999301e+00 -9.305740000000000123e+00
-8.724638000000000559e+00 -9.072824999999999918e+00 -1.021623400000000004e+01
-3.247240200000000243e+01 -3.046210200000000157e+01 -2.703708500000000114e+01
-1.700836400000000026e+01 -1.821109999999999829e+01 -1.791573599999999900e+01
-8.658929500000000701e+01 -8.607371000000000549e+01 -7.607341200000000470e+01
-5.591253600000000290e+01 -4.592150199999999671e+01 -5.040022299999999689e+01
-6.904845899999999403e+01 -6.751209199999999555e+01 -5.944489300000000043e+01
-8.710492100000000448e+01 -9.982862400000000491e+01 -8.658929500000000701e+01
-7.887144000000000155e+00 -6.757164999999999644e+00 -7.719573999999999714e+00
-1.091350399999999965e+01 -9.941846999999999213e+00 -9.930749999999999744e+00
-6.153269499999999681e+01 -5.944489300000000043e+01 -5.375856999999999886e+01
-4.395833300000000321e+01 -4.081296400000000091e+01 -4.696370199999999784e+01
-1.193828300000000020e+01 -1.180535399999999946e+01 -1.102369500000000002e+01
-2.571344300000000160e+01 -2.423264599999999902e+01 -2.753435599999999894e+01
-3.930323700000000287e+01 -3.709100200000000314e+01 -4.121258100000000013e+01
-7.769570199999999716e+01 -8.813635700000000384e+01 -7.749942000000000064e+01
-5.862274399999999730e+01 -6.490820300000000032e+01 -6.074387099999999862e+01
-1.130093500000000084e+01 -1.142982399999999998e+01 -1.014101199999999992e+01
-2.873569699999999827e+01 -2.938083999999999918e+01 -3.205279999999999774e+01
-9.282258299999999451e+01 -8.046434200000000203e+01 -8.058635900000000163e+01
-7.574420499999999379e+01 -8.546062600000000486e+01 -7.489435699999999940e+01
-1.643122699999999980e+01 -1.388650499999999965e+01 -1.447124799999999922e+01
-3.307280899999999946e+01 -3.517069399999999746e+01 -3.120804599999999951e+01
-1.029680300000000059e+01 -9.105921000000000376e+00 -1.014080200000000076e+01
-5.336351999999999762e+00 -5.209881000000000206e+00 -5.768440000000000012e+00
-1.972859800000000163e+01 -1.870699799999999868e+01 -1.881184700000000021e+01
-7.113762199999999325e+01 -6.394402800000000298e+01 -6.374602300000000099e+01
-3.247627500000000111e+01 -3.379269500000000193e+01 -3.635926899999999762e+01
-1.004181099999999915e+01 -1.130093500000000084e+01 -1.014101199999999992e+01
-1.946275400000000033e+01 -1.838380199999999931e+01 -1.995965699999999998e+01
-7.559114000000000111e+00 -6.820237999999999801e+00 -7.478640000000000398e+00
-8.027412599999999543e+01 -9.234724699999999586e+01 -8.038413300000000561e+01
-1.230340900000000026e+01 -1.285488299999999917e+01 -1.354765000000000086e+01
-5.738600900000000138e+01 -5.825871099999999814e+01 -5.246555399999999736e+01
-3.723942999999999870e+01 -4.334337200000000223e+01 -4.066727300000000156e+01
-8.038413300000000561e+01 -8.051690600000000586e+01 -7.092555600000000027e+01
-7.105469300000000032e+01 -8.088628500000000088e+01 -7.086424900000000093e+01
-8.121923300000000268e+01 -8.248609100000000183e+01 -7.253434799999999427e+01
-4.124402899999999761e+01 -3.982736500000000035e+01 -3.602165399999999806e+01
-6.209167999999999665e+01 -6.926512400000000014e+01 -6.011034999999999684e+01
-8.823567199999999389e+01 -7.769570199999999716e+01 -7.688558000000000447e+01
-7.603677000000000241e+00 -6.817539000000000016e+00 -7.426628000000000007e+00
-8.001823999999999160e+00 -7.349910999999999639e+00 -7.262754000000000154e+00
-1.258901200000000031e+01 -1.305442799999999970e+01 -1.161616399999999949e+01
-1.193828300000000020e+01 -1.282182300000000019e+01 -1.180535399999999946e+01
-1.723922100000000057e+01 -1.888623300000000071e+01 -2.014339500000000172e+01
-2.018884600000000162e+01 -2.269276800000000094e+01 -2.149906700000000015e+01
-9.149333000000000382e+00 -1.003166799999999981e+01 -9.305740000000000123e+00
-2.380650100000000080e+01 -1.999320499999999967e+01 -2.114000000000000057e+01
-4.121258100000000013e+01 -3.884656400000000076e+01 -4.293173300000000125e+01
-1.869605999999999923e+01 -1.792136199999999846e+01 -1.914057100000000133e+01
-2.189612500000000139e+01 -2.353383699999999834e+01 -2.128852200000000039e+01
-1.276371299999999920e+01 -1.212102299999999921e+01 -1.072992900000000027e+01
-8.093360999999999805e+00 -7.226790000000000269e+00 -8.016769999999999285e+00
-7.200618000000000407e+00 -8.149497000000000213e+00 -8.289293999999999940e+00
-1.773856500000000125e+01 -1.688460200000000100e+01 -1.587344200000000072e+01
-3.288333800000000195e+01 -3.727604399999999885e+01 -3.524893399999999843e+01
-6.442103999999999608e+00 -7.165117999999999654e+00 -6.403540999999999705e+00
-1.211698400000000042e+01 -1.326653699999999958e+01 -1.285488299999999917e+01
-1.167556199999999933e+01 -1.129800999999999966e+01 -1.002247999999999983e+01
-8.941126999999999825e+00 -1.004181099999999915e+01 -8.998317000000000121e+00
-5.315548999999999857e+00 -5.281689000000000078e+00 -5.812914000000000136e+00
-5.367337299999999800e+01 -5.032399800000000312e+01 -5.447801900000000330e+01
-3.547988900000000001e+01 -4.176855400000000174e+01 -3.499314900000000250e+01
-1.161478800000000078e+01 -1.296583700000000050e+01 -1.342842399999999969e+01
-5.938406999999999769e+00 -5.899995999999999796e+00 -6.525805000000000078e+00
-2.929752900000000082e+01 -3.307280899999999946e+01 -3.120804599999999951e+01
-6.390800899999999984e+01 -6.387498899999999935e+01 -5.912771599999999950e+01
-2.471371299999999849e+01 -2.944794699999999921e+01 -2.498060800000000015e+01
-3.566821499999999645e+01 -3.791899099999999834e+01 -3.331437700000000035e+01
-1.072193399999999919e+01 -1.052910199999999996e+01 -1.180757700000000021e+01
-1.524718900000000055e+01 -1.278779600000000016e+01 -1.322780299999999976e+01
-1.389800499999999950e+01 -1.403989400000000032e+01 -1.499760500000000008e+01
-3.526351100000000116e+01 -3.688504799999999761e+01 -3.947116799999999870e+01
-2.416866800000000026e+01 -2.766896099999999947e+01 -2.298571400000000153e+01
-9.289652999999999494e+00 -9.092309999999999448e+00 -9.871453999999999951e+00
-9.501789000000000485e+00 -8.750718000000000885e+00 -9.484761999999999915e+00
-1.432254000000000005e+01 -1.606289400000000001e+01 -1.422928199999999954e+01
-7.936573500000000081e+01 -7.894674899999999695e+01 -7.069258899999999812e+01
-1.650092899999999929e+01 -1.295372500000000038e+01 -1.550353899999999996e+01
-1.838380199999999931e+01 -1.874324000000000012e+01 -1.995965699999999998e+01
-1.606289400000000001e+01 -1.835695300000000074e+01 -1.793285499999999999e+01
-4.797836900000000071e+01 -5.051684300000000150e+01 -5.580178000000000083e+01
-1.223983400000000010e+01 -1.133145500000000006e+01 -1.110192200000000007e+01
-1.247547600000000045e+01 -1.428474199999999961e+01 -1.435649800000000020e+01
-1.532915299999999981e+01 -1.311003499999999988e+01 -1.460523399999999938e+01
-1.224434100000000036e+01 -1.123375599999999963e+01 -1.363950299999999949e+01
-4.081296400000000091e+01 -3.788576799999999878e+01 -4.425406399999999962e+01
-6.523052999999999990e+00 -7.514134999999999565e+00 -7.257506000000000235e+00
-1.071929800000000021e+01 -1.036685100000000048e+01 -1.164150899999999922e+01
-1.280135600000000018e+01 -1.174713900000000066e+01 -1.185634300000000074e+01
-1.369546899999999923e+01 -1.293553099999999922e+01 -1.239408000000000065e+01
-1.637094099999999841e+01 -1.723544499999999857e+01 -1.620444200000000023e+01
-4.153283100000000161e+01 -4.369811299999999932e+01 -4.616149099999999805e+01
-5.914583999999999619e+00 -5.389052000000000398e+00 -6.019974999999999632e+00
-6.820237999999999801e+00 -6.732154999999999667e+00 -7.478640000000000398e+00
-6.252736999999999767e+00 -6.750443999999999889e+00 -5.963307000000000357e+00
-2.366466899999999995e+01 -2.235753700000000066e+01 -1.924725799999999865e+01
-5.829447000000000045e+00 -6.531183999999999656e+00 -6.442103999999999608e+00
-7.639934700000000589e+01 -7.607341200000000470e+01 -6.781078499999999565e+01
-7.509946200000000260e+01 -8.404431200000000501e+01 -7.405229699999999582e+01
-7.113762199999999325e+01 -6.374602300000000099e+01 -7.109860199999999963e+01
-1.266818999999999917e+01 -1.282182300000000019e+01 -1.375292800000000071e+01
-1.828790000000000049e+01 -1.738433600000000112e+01 -1.899548499999999862e+01
-4.440246299999999735e+01 -4.162519700000000000e+01 -4.558567800000000148e+01
-1.180535399999999946e+01 -1.164070899999999931e+01 -1.084654199999999946e+01
-6.299397299999999689e+01 -6.332180999999999926e+01 -5.744696100000000172e+01
-1.608339199999999991e+01 -1.586101599999999934e+01 -1.491129199999999955e+01
-2.438923700000000139e+01 -2.693304799999999943e+01 -2.642949799999999883e+01
-1.784536900000000159e+01 -1.697130800000000050e+01 -1.794571099999999930e+01
-8.180476999999999776e+00 -8.027437000000000822e+00 -9.401279999999999859e+00
-2.410564600000000013e+01 -2.246701099999999940e+01 -2.508465800000000101e+01
-1.529650400000000054e+01 -1.547370699999999921e+01 -1.637094099999999841e+01
-1.784536900000000159e+01 -1.686323799999999906e+01 -1.697130800000000050e+01
-9.712051000000000656e+00 -8.643236999999999171e+00 -1.002247999999999983e+01
-2.518480800000000031e+01 -2.335194299999999856e+01 -2.615240599999999915e+01
-7.893227999999999689e+00 -8.514865999999999602e+00 -8.668796999999999642e+00
-7.603677000000000241e+00 -7.426628000000000007e+00 -8.235492000000000701e+00
-7.726714000000000304e+00 -7.277257999999999782e+00 -8.448408000000000584e+00
-6.778538000000000174e+00 -7.426628000000000007e+00 -6.632814999999999905e+00
-1.601787799999999962e+01 -1.743949100000000030e+01 -1.596560000000000024e+01
-5.638209999999999944e+00 -5.534927999999999848e+00 -6.143062999999999718e+00
-3.524893399999999843e+01 -3.981873199999999713e+01 -3.781213900000000194e+01
-5.261277799999999871e+01 -5.861168200000000184e+01 -5.382500600000000190e+01
-9.142174799999999379e+01 -8.010450199999999654e+01 -8.018420199999999909e+01
-4.999975100000000339e+01 -5.635350300000000345e+01 -5.281445599999999985e+01
-8.754823000000000377e+01 -8.948416400000000692e+01 -7.909744200000000092e+01
-7.937528999999999613e+00 -8.153079999999999217e+00 -9.228801000000000698e+00
-1.743002699999999905e+01 -1.535324199999999983e+01 -1.671809400000000068e+01
-4.997015600000000290e+01 -5.249854899999999702e+01 -5.653623300000000285e+01
-6.343901699999999977e+01 -6.299397299999999689e+01 -5.635350300000000345e+01
-1.843375699999999995e+01 -1.752163399999999882e+01 -2.114593699999999998e+01
-1.191691699999999976e+01 -1.167556199999999933e+01 -1.035164200000000001e+01
-1.003166799999999981e+01 -9.919463999999999615e+00 -9.305740000000000123e+00
-1.668848699999999852e+01 -1.602984199999999859e+01 -1.543255100000000013e+01
-1.164070899999999931e+01 -1.134632099999999966e+01 -1.068642999999999965e+01
-8.478721799999999575e+01 -8.404431200000000501e+01 -7.509946200000000260e+01
-5.394459000000000337e+00 -5.380787999999999904e+00 -5.899995999999999796e+00
-4.785004899999999850e+01 -4.217734099999999842e+01 -4.878577899999999801e+01
-2.088292900000000074e+01 -2.247613600000000034e+01 -2.043561700000000059e+01
-1.266791399999999967e+01 -1.432254000000000005e+01 -1.422928199999999954e+01
-8.129706000000000543e+00 -7.394116999999999607e+00 -7.319778999999999591e+00
-3.168853500000000167e+01 -3.306075700000000239e+01 -3.746611800000000159e+01
-1.428474199999999961e+01 -1.387212300000000020e+01 -1.593006800000000034e+01
-1.886604799999999926e+01 -1.797400000000000020e+01 -2.022514400000000023e+01
-1.460523399999999938e+01 -1.435649800000000020e+01 -1.607441299999999984e+01
-3.547988900000000001e+01 -3.499314900000000250e+01 -2.934825700000000026e+01
-5.315548999999999857e+00 -5.812914000000000136e+00 -5.858888000000000318e+00
-1.293553099999999922e+01 -1.164150899999999922e+01 -1.239408000000000065e+01
-2.725965899999999920e+01 -2.749004599999999954e+01 -3.007010000000000005e+01
-1.052423800000000043e+01 -1.030471600000000088e+01 -8.999822999999999240e+00
-1.177208199999999927e+01 -1.322138900000000028e+01 -1.400070900000000051e+01
-1.987688999999999950e+01 -2.030199100000000101e+01 -2.162316999999999823e+01
-8.866578999999999766e+00 -9.848703999999999681e+00 -8.944637999999999423e+00
-9.361791999999999447e+00 -9.140394999999999825e+00 -1.087164600000000014e+01
-7.062634000000000079e+00 -7.511676999999999715e+00 -7.841700000000000337e+00
-7.426628000000000007e+00 -6.817539000000000016e+00 -6.632814999999999905e+00
-3.459824499999999858e+01 -3.443001300000000242e+01 -2.944794699999999921e+01
-6.542809599999999648e+01 -5.861168200000000184e+01 -5.910938000000000159e+01
-9.309825499999999465e+01 -8.088628500000000088e+01 -8.060145900000000552e+01
-5.538705399999999912e+01 -5.076849599999999896e+01 -4.744980999999999938e+01
-2.375841600000000042e+01 -2.246145599999999831e+01 -2.672787800000000047e+01
-4.604486800000000102e+01 -4.857277400000000256e+01 -5.147546799999999934e+01
-2.122165499999999838e+01 -1.960317799999999977e+01 -2.007414199999999838e+01
-3.712321899999999886e+01 -3.230644099999999952e+01 -3.350671200000000027e+01
-5.412608999999999781e+00 -5.998094000000000037e+00 -5.855690000000000062e+00
-6.166013499999999681e+01 -7.121852699999999459e+01 -6.420749100000000453e+01
-1.784536900000000159e+01 -1.773182900000000117e+01 -1.686323799999999906e+01
-4.392519800000000174e+01 -4.616149099999999805e+01 -4.866702899999999943e+01
-8.098609799999999836e+01 -8.058635900000000163e+01 -7.079960099999999557e+01
-6.873242000000000296e+00 -7.047358000000000011e+00 -7.937528999999999613e+00
-1.581789799999999957e+01 -1.446184700000000056e+01 -1.457200300000000048e+01
-3.936565300000000178e+01 -3.726157200000000103e+01 -4.150468899999999906e+01
-1.403989400000000032e+01 -1.513756500000000038e+01 -1.499760500000000008e+01
-2.189612500000000139e+01 -2.430892000000000053e+01 -2.353383699999999834e+01
-1.929762099999999947e+01 -2.206584799999999902e+01 -2.048569300000000126e+01
-7.018336800000000153e+01 -8.043307299999999316e+01 -7.017126600000000280e+01
-1.987688999999999950e+01 -2.162316999999999823e+01 -2.106088899999999953e+01
-1.029680300000000059e+01 -1.161616399999999949e+01 -1.029713399999999979e+01
-3.075579700000000116e+01 -2.691970699999999894e+01 -2.883468799999999987e+01
-4.849849300000000341e+01 -5.373077399999999670e+01 -5.545399100000000203e+01
-5.117550099999999702e+01 -5.777098999999999762e+01 -5.566776099999999872e+01
-1.870699799999999868e+01 -1.856920699999999869e+01 -1.773182900000000117e+01
-8.121634999999999494e+00 -7.557351999999999848e+00 -7.334842000000000084e+00
-1.091350399999999965e+01 -9.930749999999999744e+00 -1.092950399999999966e+01
-3.614038500000000198e+01 -3.263219399999999837e+01 -3.299417300000000353e+01
-9.413340800000000286e+01 -9.343151799999999696e+01 -8.098609799999999836e+01
-1.643262999999999963e+01 -1.719321400000000111e+01 -1.601164400000000043e+01
-2.335194299999999856e+01 -2.417652199999999851e+01 -2.615240599999999915e+01
-1.610937200000000047e+01 -1.801507900000000006e+01 -1.706901500000000027e+01
-5.747091300000000302e+01 -6.374602300000000099e+01 -5.828508200000000272e+01
-3.588279299999999949e+01 -3.008738400000000013e+01 -3.142534300000000158e+01
-2.134209800000000001e+01 -1.886604799999999926e+01 -2.022514400000000023e+01
-1.621183100000000010e+01 -1.377409399999999984e+01 -1.532915299999999981e+01
-2.416236200000000167e+01 -2.406964800000000082e+01 -2.012942200000000170e+01
-4.334337200000000223e+01 -4.628493699999999933e+01 -4.954073199999999844e+01
-1.338862499999999933e+01 -1.190469200000000072e+01 -1.388650499999999965e+01
-1.761110000000000042e+01 -1.728220800000000068e+01 -1.634351399999999899e+01
-4.015762600000000049e+01 -4.282256499999999733e+01 -4.604486800000000102e+01
-7.607341200000000470e+01 -7.574420499999999379e+01 -6.802772799999999620e+01
-1.243360299999999974e+01 -1.355412600000000012e+01 -1.326653699999999958e+01
-5.860460999999999920e+00 -6.395005000000000273e+00 -5.863315000000000055e+00
-3.562985599999999664e+01 -3.485378299999999996e+01 -3.205279999999999774e+01
-4.803868400000000349e+01 -5.138036199999999809e+01 -4.625883000000000322e+01
-5.812141900000000305e+01 -6.427993299999999977e+01 -5.580178000000000083e+01
-7.030228200000000527e+01 -7.121852699999999459e+01 -6.166013499999999681e+01
-4.014650799999999720e+01 -4.402433299999999861e+01 -4.366953300000000127e+01
-5.544365599999999716e+01 -5.453249499999999728e+01 -5.090315700000000021e+01
-1.428474199999999961e+01 -1.228121800000000086e+01 -1.387212300000000020e+01
-9.428257899999999836e+01 -8.518762900000000116e+01 -8.425466799999999523e+01
-7.989686999999999983e+00 -7.096446000000000254e+00 -7.769464000000000148e+00
-4.246458400000000211e+01 -3.712321899999999886e+01 -3.848173700000000252e+01
-1.379078900000000019e+01 -1.322780299999999976e+01 -1.158341700000000074e+01
-4.773273999999999972e+01 -4.816999299999999806e+01 -5.246555399999999736e+01
-9.147278999999999272e+00 -8.298716999999999899e+00 -8.093360999999999805e+00
-3.813853100000000040e+01 -3.517326500000000067e+01 -4.081296400000000091e+01
-1.199331300000000056e+01 -1.092950399999999966e+01 -1.203922200000000053e+01
-6.904845899999999403e+01 -5.944489300000000043e+01 -6.153269499999999681e+01
-5.524726499999999874e+01 -6.073104899999999873e+01 -6.269498099999999852e+01
-4.046490899999999868e+01 -3.673704000000000036e+01 -3.718864200000000153e+01
-8.607371000000000549e+01 -8.546062600000000486e+01 -7.574420499999999379e+01
-2.967139299999999835e+01 -3.443001300000000242e+01 -3.545105600000000123e+01
-9.089843199999999968e+01 -9.044881100000000629e+01 -7.979767900000000225e+01
-2.837041800000000080e+01 -2.506362700000000032e+01 -2.602141599999999855e+01
-7.759670800000000668e+01 -6.545752099999999984e+01 -6.606792099999999834e+01
-4.324029699999999821e+01 -4.967450900000000047e+01 -4.406809599999999705e+01
-1.429684100000000058e+01 -1.535226899999999972e+01 -1.411358399999999946e+01
-8.023441300000000354e+01 -8.042134500000000230e+01 -7.113762199999999325e+01
-9.591654999999999376e+00 -9.362087999999999965e+00 -1.052910199999999996e+01
-3.478883700000000090e+01 -3.555370899999999779e+01 -4.101185499999999706e+01
-4.012352700000000283e+01 -4.282256499999999733e+01 -3.723116999999999877e+01
-3.868349400000000315e+01 -3.164430899999999980e+01 -3.472293599999999714e+01
-1.282182300000000019e+01 -1.295397099999999924e+01 -1.389800499999999950e+01
-3.107066599999999923e+01 -2.901659499999999881e+01 -2.730604200000000148e+01
-1.600085199999999830e+01 -1.671809400000000068e+01 -1.478437100000000015e+01
-5.945902800000000354e+01 -5.172428599999999932e+01 -5.386272600000000210e+01
-8.711543000000000703e+00 -9.744158000000000541e+00 -1.007523600000000030e+01
-1.101920499999999947e+01 -1.002388499999999993e+01 -1.027058099999999996e+01
-3.947116799999999870e+01 -3.688504799999999761e+01 -4.152723399999999998e+01
-7.163174999999999848e+00 -6.417175000000000296e+00 -7.134833999999999676e+00
-2.567974900000000105e+01 -2.503359199999999873e+01 -2.135693099999999944e+01
-9.260612999999999317e+00 -9.162402999999999409e+00 -1.029713399999999979e+01
-7.426628000000000007e+00 -7.442254000000000147e+00 -8.122885999999999385e+00
-1.160349100000000000e+01 -1.363133299999999970e+01 -1.436969999999999992e+01
-1.735409100000000038e+01 -1.602984199999999859e+01 -1.668848699999999852e+01
-8.759536999999999907e+00 -8.543471999999999511e+00 -1.019816999999999929e+01
-1.677372499999999889e+01 -1.765755199999999903e+01 -1.656243699999999919e+01
-3.496613299999999924e+01 -3.112511900000000153e+01 -3.743809199999999748e+01
-6.378176799999999957e+01 -7.179350499999999613e+01 -6.296238799999999713e+01
-4.131055500000000080e+01 -4.412636599999999731e+01 -4.633922499999999900e+01
-5.699373099999999681e+01 -5.115503600000000262e+01 -5.300655799999999829e+01
-1.918315099999999873e+01 -2.017648300000000106e+01 -1.895759400000000028e+01
-4.526802500000000151e+01 -4.999975100000000339e+01 -4.845515199999999822e+01
-5.336409999999999876e+00 -5.374508999999999759e+00 -5.711527000000000243e+00
-4.826884700000000095e+01 -5.328923799999999744e+01 -5.025863700000000023e+01
-5.172428599999999932e+01 -5.876158800000000326e+01 -5.284662099999999896e+01
-7.995220999999999911e+00 -7.887144000000000155e+00 -9.090403999999999485e+00
-6.544828099999999438e+01 -5.633125700000000080e+01 -6.434788700000000006e+01
-1.780128699999999853e+01 -1.660386099999999843e+01 -2.053070900000000165e+01
-4.090006900000000201e+01 -4.280101499999999959e+01 -4.625883000000000322e+01
-6.427993299999999977e+01 -7.337589499999999987e+01 -7.138094999999999857e+01
-1.028615800000000036e+01 -1.109769499999999987e+01 -1.026158599999999943e+01
-4.618180699999999916e+01 -4.832361199999999712e+01 -5.174954400000000021e+01
-6.403540999999999705e+00 -7.165117999999999654e+00 -7.134833999999999676e+00
-1.842017699999999891e+01 -1.743254299999999901e+01 -1.525307100000000027e+01
-1.439645400000000031e+01 -1.303112400000000015e+01 -1.285573199999999972e+01
-8.093360999999999805e+00 -8.298716999999999899e+00 -7.294486000000000026e+00
-2.734577000000000169e+01 -2.899993600000000171e+01 -3.326820099999999769e+01
-1.967681999999999931e+01 -2.242056499999999986e+01 -1.865707700000000102e+01
-1.478074200000000005e+01 -1.688513199999999870e+01 -1.759205100000000144e+01
-2.350151899999999827e+01 -2.181667099999999948e+01 -2.048569300000000126e+01
-3.925137699999999796e+01 -3.713480899999999707e+01 -4.146191900000000174e+01
-2.314535599999999960e+01 -2.133318699999999879e+01 -2.388892500000000041e+01
-2.264484200000000058e+01 -2.438923700000000139e+01 -2.212778600000000040e+01
-5.303970900000000199e+01 -5.643363399999999785e+01 -6.080899699999999797e+01
-1.354765000000000086e+01 -1.406331400000000009e+01 -1.478725099999999948e+01
-5.552570500000000209e+01 -5.678511100000000056e+01 -5.147546799999999934e+01
-3.304504599999999925e+01 -2.734716500000000039e+01 -2.823175799999999924e+01
-1.003117800000000059e+01 -9.654795999999999268e+00 -1.158856199999999959e+01
-2.934499200000000130e+01 -2.503359199999999873e+01 -2.995659300000000158e+01
-3.288333800000000195e+01 -3.524893399999999843e+01 -3.087488099999999847e+01
-4.535580800000000323e+01 -4.686829699999999832e+01 -5.117550099999999702e+01
-1.417320300000000088e+01 -1.214843100000000042e+01 -1.442801700000000054e+01
-4.293173300000000125e+01 -3.884656400000000076e+01 -4.037541499999999672e+01
-2.766896099999999947e+01 -2.653587699999999927e+01 -2.298571400000000153e+01
-1.345171799999999962e+01 -1.258901200000000031e+01 -1.223983400000000010e+01
-2.372982000000000014e+01 -2.498296099999999953e+01 -2.863410599999999917e+01
-2.088292900000000074e+01 -2.314535599999999960e+01 -2.247613600000000034e+01
-6.417175000000000296e+00 -5.779895999999999923e+00 -6.403540999999999705e+00
-1.060741819999999933e+02 -9.281607800000000452e+01 -9.369276999999999589e+01
-7.040507999999999988e+00 -8.147674999999999557e+00 -7.826368999999999687e+00
-3.432679499999999706e+01 -3.863599200000000167e+01 -3.247240200000000243e+01
-3.459824499999999858e+01 -4.071150300000000044e+01 -4.015641899999999964e+01
-4.155657500000000226e+01 -3.555370899999999779e+01 -3.633922499999999900e+01
-1.059488600000000069e+01 -1.092443800000000032e+01 -1.230901899999999927e+01
-8.046854600000000346e+01 -8.034555500000000450e+01 -7.112086899999999901e+01
-6.342619700000000194e+01 -6.273096400000000017e+01 -5.717321900000000312e+01
-1.448487599999999986e+01 -1.743254299999999901e+01 -1.655856500000000153e+01
-3.295340199999999697e+01 -3.713480899999999707e+01 -3.494246400000000108e+01
-4.849849300000000341e+01 -5.545399100000000203e+01 -5.296314799999999678e+01
-4.483944499999999778e+01 -4.754101599999999905e+01 -5.043863799999999742e+01
-9.089843199999999968e+01 -7.979767900000000225e+01 -8.010450199999999654e+01
-7.091179000000000343e+00 -7.871302000000000021e+00 -7.178411999999999793e+00
-7.366503299999999399e+01 -6.536066999999999894e+01 -7.176581699999999842e+01
-1.054084300000000063e+01 -1.217959199999999953e+01 -1.288196800000000053e+01
-5.956613300000000066e+01 -6.628294800000000464e+01 -5.812141900000000305e+01
-6.902945599999999615e+01 -6.166572299999999984e+01 -6.206347399999999936e+01
-4.144357999999999720e+01 -3.913871900000000181e+01 -3.496613299999999924e+01
-8.122885999999999385e+00 -8.083009999999999806e+00 -8.762562000000000850e+00
-4.650797899999999885e+01 -4.866702899999999943e+01 -5.147539799999999843e+01
-1.071903300000000030e+02 -9.544914900000000557e+01 -9.528873299999999347e+01
-8.302908899999999903e+01 -8.200138099999999497e+01 -7.278345799999999599e+01
-1.697130800000000050e+01 -1.686323799999999906e+01 -1.594792200000000015e+01
-3.095949399999999940e+01 -3.307280899999999946e+01 -2.929752900000000082e+01
-4.395148300000000319e+01 -4.535580800000000323e+01 -4.982303900000000141e+01
-7.688558000000000447e+01 -6.902945599999999615e+01 -6.675289999999999679e+01
-2.367880900000000111e+01 -2.706749399999999994e+01 -2.524082299999999890e+01
-1.102369500000000002e+01 -1.180535399999999946e+01 -1.084654199999999946e+01
-2.328240800000000021e+01 -2.410564600000000013e+01 -2.598727900000000091e+01
-8.416769000000000389e+00 -7.384160999999999753e+00 -7.524937000000000431e+00
-2.056410699999999991e+01 -2.106088899999999953e+01 -2.246701099999999940e+01
-7.138094999999999857e+01 -7.833881900000000087e+01 -6.876941600000000676e+01
-3.588279299999999949e+01 -3.142534300000000158e+01 -3.720221200000000294e+01
-2.381257799999999847e+01 -2.269276800000000094e+01 -2.119822900000000132e+01
-1.064115900000000003e+01 -1.228121800000000086e+01 -1.247547600000000045e+01
-9.154971399999999448e+01 -8.121923300000000268e+01 -8.023576799999999309e+01
-3.866862499999999869e+01 -3.485378299999999996e+01 -3.562985599999999664e+01
-5.608756999999999771e+00 -5.477114000000000260e+00 -6.098213999999999579e+00
-8.414370999999999157e+00 -8.724638000000000559e+00 -9.827360000000000539e+00
-8.764020800000000122e+01 -8.710492100000000448e+01 -7.691444400000000314e+01
-5.153438899999999734e+01 -4.936138199999999898e+01 -5.355232699999999824e+01
-3.640233800000000031e+01 -3.382230700000000212e+01 -3.874186399999999963e+01
-7.945784700000000100e+01 -6.926512400000000014e+01 -7.054287300000000016e+01
-5.372368999999999950e+00 -5.860460999999999920e+00 -5.863315000000000055e+00
-2.847911699999999868e+01 -3.113788399999999967e+01 -2.712642400000000009e+01
-2.484080000000000155e+01 -2.786291399999999996e+01 -2.679247600000000062e+01
-2.967139299999999835e+01 -2.455229100000000031e+01 -2.498060800000000015e+01
-1.580906300000000009e+01 -1.670265600000000106e+01 -1.559747199999999978e+01
-6.861112799999999368e+01 -7.535098399999999685e+01 -7.635853000000000179e+01
-2.706749399999999994e+01 -3.084846800000000044e+01 -2.883468799999999987e+01
-5.260210999999999970e+00 -5.298309999999999853e+00 -5.452678999999999832e+00
-9.065642999999999674e+00 -9.974652999999999992e+00 -9.149333000000000382e+00
-1.113573899999999917e+01 -1.209584599999999988e+01 -1.262368299999999977e+01
-4.144357999999999720e+01 -3.496613299999999924e+01 -3.743809199999999748e+01
-1.363805299999999932e+01 -1.565353099999999920e+01 -1.324105699999999963e+01
-1.174884499999999932e+01 -1.156642500000000062e+01 -1.320317400000000063e+01
-6.080760999999999861e+00 -6.710391999999999690e+00 -6.757976000000000205e+00
-2.235753700000000066e+01 -2.111878600000000006e+01 -1.842017699999999891e+01
-6.883771000000000129e+01 -7.711271499999999435e+01 -6.675289999999999679e+01
-6.053821000000000119e+00 -5.985313999999999801e+00 -6.651164999999999772e+00
-6.038997400000000226e+01 -6.629650399999999877e+01 -5.910938000000000159e+01
-8.643236999999999171e+00 -7.743133000000000266e+00 -8.918736000000000885e+00
-8.753652000000000655e+00 -8.866578999999999766e+00 -7.975939999999999586e+00
-1.203600600000000043e+01 -1.085152099999999997e+01 -1.196074600000000032e+01
-9.343121000000000009e+00 -1.028787499999999966e+01 -9.484761999999999915e+00
-2.430892000000000053e+01 -2.258764000000000038e+01 -2.518480800000000031e+01
-4.347695900000000080e+01 -4.758028399999999891e+01 -4.579294199999999648e+01
-7.640493100000000481e+01 -7.572695000000000221e+01 -6.796390800000000354e+01
-2.372982000000000014e+01 -2.863410599999999917e+01 -2.703708500000000114e+01
-4.625883000000000322e+01 -5.138036199999999809e+01 -5.008610999999999791e+01
-8.762562000000000850e+00 -8.766270999999999702e+00 -9.488697999999999411e+00
-6.685520999999999603e+00 -5.998094000000000037e+00 -6.873242000000000296e+00
-3.874186399999999963e+01 -3.577900100000000094e+01 -4.090006900000000201e+01
-7.514134999999999565e+00 -7.826368999999999687e+00 -8.724638000000000559e+00
-2.346018300000000067e+01 -2.373912699999999987e+01 -2.556916199999999861e+01
-8.248609100000000183e+01 -8.384303400000000295e+01 -7.348474000000000217e+01
-4.251715899999999948e+01 -4.954809300000000150e+01 -4.810047399999999840e+01
-3.306075700000000239e+01 -2.918542300000000012e+01 -3.496613299999999924e+01
-4.967450900000000047e+01 -5.553361999999999910e+01 -4.853600600000000043e+01
-3.723942999999999870e+01 -3.989997900000000186e+01 -4.334337200000000223e+01
-2.508465800000000101e+01 -2.852748199999999912e+01 -2.721123100000000150e+01
-7.511676999999999715e+00 -6.883898000000000295e+00 -7.559114000000000111e+00
-1.439645400000000031e+01 -1.285573199999999972e+01 -1.427537599999999962e+01
-1.486229200000000006e+01 -1.389800499999999950e+01 -1.499760500000000008e+01
-2.086138199999999898e+01 -2.216776700000000133e+01 -1.925287099999999896e+01
-6.926512400000000014e+01 -7.883877300000000332e+01 -6.917030300000000409e+01
-1.550530299999999961e+01 -1.458275500000000058e+01 -1.723922100000000057e+01
-2.367880900000000111e+01 -2.524082299999999890e+01 -2.206584799999999902e+01
-2.134209800000000001e+01 -2.022514400000000023e+01 -2.283960799999999836e+01
-8.862577999999999179e+00 -8.448408000000000584e+00 -9.891462000000000643e+00
-2.182658999999999949e+01 -2.247613600000000034e+01 -2.417652199999999851e+01
-8.948416400000000692e+01 -9.132962499999999295e+01 -8.104139600000000598e+01
-5.796644299999999816e+01 -6.449520300000000361e+01 -6.343901699999999977e+01
-1.109769499999999987e+01 -1.102369500000000002e+01 -1.026158599999999943e+01
-1.668848699999999852e+01 -1.719321400000000111e+01 -1.792136199999999846e+01
-6.289265499999999776e+01 -6.093816499999999792e+01 -5.502658799999999673e+01
-1.068642999999999965e+01 -9.891313999999999496e+00 -1.084654199999999946e+01
-1.124019299999999966e+01 -1.086578399999999966e+01 -1.248325499999999977e+01
-4.246458400000000211e+01 -4.832361199999999712e+01 -4.618180699999999916e+01
-1.375864100000000079e+01 -1.280135600000000018e+01 -1.393385699999999972e+01
-1.375292800000000071e+01 -1.282182300000000019e+01 -1.389800499999999950e+01
-4.545019899999999780e+01 -4.797649700000000195e+01 -5.113435599999999681e+01
-8.922368000000000521e+00 -8.122885999999999385e+00 -8.762562000000000850e+00
-2.572774899999999931e+01 -2.484080000000000155e+01 -2.304676399999999958e+01
-1.116227199999999975e+01 -1.081511899999999926e+01 -9.502112000000000336e+00
-4.381228099999999870e+01 -4.573769999999999669e+01 -5.044856000000000051e+01
-3.524893399999999843e+01 -3.727604399999999885e+01 -3.981873199999999713e+01
-2.479866300000000123e+01 -2.693304799999999943e+01 -2.438923700000000139e+01
-5.100656000000000034e+01 -4.696836700000000064e+01 -4.838122599999999807e+01
-1.293997799999999998e+01 -1.185634300000000074e+01 -1.192837500000000084e+01
-2.020041499999999957e+01 -1.924725799999999865e+01 -1.628279799999999966e+01
-5.635350300000000345e+01 -4.999975100000000339e+01 -5.205216200000000271e+01
-9.502112000000000336e+00 -1.081511899999999926e+01 -9.228801000000000698e+00
-1.092950399999999966e+01 -9.904654999999999987e+00 -1.091626600000000025e+01
-1.587778100000000059e+01 -1.526182299999999969e+01 -1.665244200000000063e+01
-7.054287300000000016e+01 -6.926512400000000014e+01 -6.209167999999999665e+01
-1.665244200000000063e+01 -1.526182299999999969e+01 -1.602984199999999859e+01
-6.093816499999999792e+01 -5.249854899999999702e+01 -5.502658799999999673e+01
-9.904654999999999987e+00 -9.930749999999999744e+00 -9.000629999999999242e+00
-3.307280899999999946e+01 -3.480992200000000025e+01 -3.709100200000000314e+01
-6.883771000000000129e+01 -6.675289999999999679e+01 -6.036261799999999766e+01
-3.640233800000000031e+01 -3.874186399999999963e+01 -4.131055500000000080e+01
-2.155780499999999833e+01 -2.301018799999999942e+01 -2.122165499999999838e+01
-2.980152599999999907e+01 -3.007010000000000005e+01 -3.299417300000000353e+01
-1.161616399999999949e+01 -1.305442799999999970e+01 -1.239408000000000065e+01
-6.266500400000000326e+01 -5.678511100000000056e+01 -5.552570500000000209e+01
-9.000629999999999242e+00 -9.042099999999999582e+00 -8.199358999999999398e+00
-9.003695299999999690e+01 -7.894674899999999695e+01 -7.936573500000000081e+01
-5.480546900000000221e+01 -5.447801900000000330e+01 -5.089570899999999654e+01
-9.362087999999999965e+00 -8.582995000000000374e+00 -8.298716999999999899e+00
-7.054104599999999436e+01 -7.080772299999999575e+01 -6.366427800000000303e+01
-4.573769999999999669e+01 -4.849849300000000341e+01 -5.296314799999999678e+01
-6.273096400000000017e+01 -7.059874700000000303e+01 -6.266500400000000326e+01
-5.978913099999999758e+01 -5.649909799999999649e+01 -6.074387099999999862e+01
-1.870699799999999868e+01 -1.959897700000000142e+01 -1.856920699999999869e+01
-6.766859000000000179e+00 -7.040507999999999988e+00 -7.826368999999999687e+00
-9.750135000000000218e+00 -9.591654999999999376e+00 -1.072193399999999919e+01
-3.919022400000000061e+01 -4.287936599999999743e+01 -3.748451599999999928e+01
-2.335194299999999856e+01 -2.182658999999999949e+01 -2.417652199999999851e+01
-9.744158000000000541e+00 -1.071929800000000021e+01 -1.113573899999999917e+01
-1.027058099999999996e+01 -9.289652999999999494e+00 -9.871453999999999951e+00
-1.322138900000000028e+01 -1.628279799999999966e+01 -1.400070900000000051e+01
-7.712457700000000216e+01 -7.909744200000000092e+01 -6.979453700000000538e+01
-8.147674999999999557e+00 -9.581583000000000183e+00 -9.072824999999999918e+00
-1.116108700000000020e+01 -1.087164600000000014e+01 -1.270247799999999927e+01
-2.258739699999999928e+01 -2.360806900000000041e+01 -2.600141599999999897e+01
-3.326820099999999769e+01 -2.899993600000000171e+01 -3.545105600000000123e+01
-5.544365599999999716e+01 -5.008610999999999791e+01 -5.578099600000000180e+01
-1.817748699999999928e+01 -1.925287099999999896e+01 -1.653240200000000115e+01
-4.046490899999999868e+01 -4.402433299999999861e+01 -4.014650799999999720e+01
-1.608339199999999991e+01 -1.512064200000000014e+01 -1.634351399999999899e+01
-5.869506000000000334e+00 -5.858888000000000318e+00 -6.522567999999999699e+00
-1.640251800000000060e+01 -1.696766799999999975e+01 -1.904920800000000014e+01
-5.345263000000000098e+00 -5.315548999999999857e+00 -5.858888000000000318e+00
-1.027186299999999974e+01 -1.104596699999999920e+01 -1.165432900000000060e+01
-6.128388000000000346e+01 -6.038997400000000226e+01 -5.544365599999999716e+01
-7.031968700000000183e+01 -7.026282000000000494e+01 -6.355049000000000348e+01
-1.593366400000000027e+01 -1.771925600000000145e+01 -1.762503299999999840e+01
-7.956987999999999950e+00 -8.680744000000000682e+00 -9.325855000000000672e+00
-9.217588399999999638e+01 -9.223839599999999450e+01 -8.034555500000000450e+01
-9.044881100000000629e+01 -9.003695299999999690e+01 -7.936573500000000081e+01
-2.360806900000000041e+01 -2.756284600000000040e+01 -2.600141599999999897e+01
-5.616923800000000000e+01 -5.553361999999999910e+01 -4.967450900000000047e+01
-6.323651799999999668e+01 -7.054104599999999436e+01 -6.366427800000000303e+01
-1.422928199999999954e+01 -1.427537599999999962e+01 -1.271471999999999980e+01
-8.954491000000000867e+00 -8.941126999999999825e+00 -7.981036999999999715e+00
-1.029713399999999979e+01 -1.161616399999999949e+01 -1.123997600000000041e+01
-6.098213999999999579e+00 -5.927220000000000155e+00 -6.588206999999999702e+00
-2.823175799999999924e+01 -2.886586000000000141e+01 -3.384099799999999902e+01
-1.654115099999999927e+01 -1.393737400000000015e+01 -1.417320300000000088e+01
-9.147278999999999272e+00 -8.093360999999999805e+00 -8.998317000000000121e+00
-1.223983400000000010e+01 -1.258901200000000031e+01 -1.133145500000000006e+01
-7.398225499999999499e+01 -7.300901899999999500e+01 -6.542809599999999648e+01
-8.153079999999999217e+00 -9.502112000000000336e+00 -9.228801000000000698e+00
-3.495310099999999665e+01 -3.179177100000000067e+01 -2.993866299999999825e+01
-1.219118199999999952e+01 -1.325917300000000054e+01 -1.309756299999999918e+01
-6.628294800000000464e+01 -7.337589499999999987e+01 -6.427993299999999977e+01
-1.104596699999999920e+01 -9.828628000000000142e+00 -1.053925899999999949e+01
-6.366427800000000303e+01 -7.080772299999999575e+01 -6.395977100000000348e+01
-1.442801700000000054e+01 -1.479208500000000015e+01 -1.728859399999999980e+01
-1.036685100000000048e+01 -9.260612999999999317e+00 -1.029713399999999979e+01
-1.765778800000000004e+01 -1.650092899999999929e+01 -2.073498700000000028e+01
-9.625327000000000410e+00 -8.180476999999999776e+00 -9.401279999999999859e+00
-5.298309999999999853e+00 -5.336409999999999876e+00 -5.539515999999999885e+00
-6.379197500000000076e+01 -5.753481500000000182e+01 -5.753824999999999790e+01
-7.838183200000000284e+01 -7.524439599999999473e+01 -6.751209199999999555e+01
-7.253434799999999427e+01 -8.248609100000000183e+01 -7.348474000000000217e+01
-4.560784400000000005e+01 -5.255847399999999681e+01 -4.735508699999999749e+01
-2.509482500000000016e+01 -2.331683299999999903e+01 -2.181667099999999948e+01
-1.960317799999999977e+01 -2.122165499999999838e+01 -2.073601800000000139e+01
-7.894674899999999695e+01 -7.881385000000000218e+01 -7.038624099999999828e+01
-9.190601900000000057e+01 -9.142174799999999379e+01 -8.018420199999999909e+01
-5.779895999999999923e+00 -5.782950999999999731e+00 -6.403540999999999705e+00
-5.300655799999999829e+01 -5.025863700000000023e+01 -5.438089000000000084e+01
-1.133145500000000006e+01 -1.014080200000000076e+01 -1.110192200000000007e+01
-1.550530299999999961e+01 -1.723922100000000057e+01 -1.839848500000000087e+01
-6.394402800000000298e+01 -7.129409200000000624e+01 -6.379197500000000076e+01
-1.934211200000000019e+01 -2.257842000000000127e+01 -1.871337700000000126e+01
-1.448487599999999986e+01 -1.655856500000000153e+01 -1.379078900000000019e+01
-2.567974900000000105e+01 -2.135693099999999944e+01 -2.206589500000000115e+01
-4.440246299999999735e+01 -4.696836700000000064e+01 -4.293173300000000125e+01
-6.366427800000000303e+01 -6.395977100000000348e+01 -5.886204000000000036e+01
-1.112451899999999938e+01 -1.345792299999999919e+01 -1.228540800000000033e+01
-2.216352699999999842e+01 -2.484080000000000155e+01 -2.381257799999999847e+01
-4.686829699999999832e+01 -4.124402899999999761e+01 -4.287936599999999743e+01
-8.753652000000000655e+00 -7.975939999999999586e+00 -7.871302000000000021e+00
-2.011072700000000069e+01 -1.899548499999999862e+01 -2.073601800000000139e+01
-1.123375599999999963e+01 -1.228540800000000033e+01 -1.363950299999999949e+01
-9.602633899999999301e+01 -8.266865799999999354e+01 -8.360439100000000678e+01
-6.739421299999999349e+01 -6.640411100000000033e+01 -5.945902800000000354e+01
-6.127721000000000195e+00 -6.817539000000000016e+00 -6.939852000000000132e+00
-5.302639500000000083e+01 -5.977192000000000149e+01 -5.377669499999999658e+01
-1.695344199999999901e+01 -1.838380199999999931e+01 -1.799025500000000122e+01
-8.092841999999999203e+00 -8.237792999999999921e+00 -9.218750000000000000e+00
-3.707405700000000337e+01 -3.556943499999999858e+01 -4.312664300000000139e+01
-2.756284600000000040e+01 -2.944938099999999892e+01 -3.233078100000000177e+01
-1.655856500000000153e+01 -1.997838199999999986e+01 -1.904281100000000038e+01
-2.730604200000000148e+01 -2.389153400000000005e+01 -2.571344300000000160e+01
-1.002247999999999983e+01 -8.643236999999999171e+00 -8.918736000000000885e+00
-5.069713000000000136e+00 -5.107812000000000019e+00 -5.281689000000000078e+00
-4.448313699999999926e+01 -4.081331500000000290e+01 -4.618180699999999916e+01
-7.514134999999999565e+00 -8.724638000000000559e+00 -8.414370999999999157e+00
-1.197211800000000004e+01 -1.161478800000000078e+01 -1.342842399999999969e+01
-9.309825499999999465e+01 -9.289133900000000210e+01 -8.088628500000000088e+01
-6.318093000000000181e+00 -6.523052999999999990e+00 -7.257506000000000235e+00
-5.123541399999999868e+01 -5.678511100000000056e+01 -5.751428899999999800e+01
-2.510002700000000075e+01 -1.937171599999999927e+01 -2.258807399999999888e+01
-1.512064200000000014e+01 -1.393385699999999972e+01 -1.411358399999999946e+01
-3.268948900000000179e+01 -3.435707500000000181e+01 -3.688504799999999761e+01
-2.415529599999999988e+01 -2.471371299999999849e+01 -2.053070900000000165e+01
-9.282258299999999451e+01 -9.232937499999999886e+01 -8.046434200000000203e+01
-4.366953300000000127e+01 -4.773273999999999972e+01 -4.700448399999999793e+01
-3.108407800000000165e+01 -3.571801299999999912e+01 -3.429083200000000176e+01
-1.219118199999999952e+01 -1.309756299999999918e+01 -1.204128000000000043e+01
-9.050629999999999953e+00 -9.218750000000000000e+00 -1.032659899999999986e+01
-4.866702899999999943e+01 -5.376325800000000044e+01 -5.147539799999999843e+01
-1.055134999999999934e+01 -9.923327999999999705e+00 -9.673814000000000135e+00
-8.360439100000000678e+01 -7.300901899999999500e+01 -7.398225499999999499e+01
-9.289133900000000210e+01 -9.239415300000000286e+01 -8.030274199999999496e+01
-2.246145599999999831e+01 -2.540472600000000014e+01 -2.672787800000000047e+01
-1.487056499999999915e+01 -1.660386099999999843e+01 -1.780128699999999853e+01
-1.972859800000000163e+01 -1.959897700000000142e+01 -1.870699799999999868e+01
-1.895759400000000028e+01 -1.990235099999999946e+01 -1.881184700000000021e+01
-4.395833300000000321e+01 -3.813853100000000040e+01 -4.081296400000000091e+01
-3.404364499999999794e+01 -2.712610700000000108e+01 -3.111998200000000026e+01
-1.898405100000000090e+01 -2.058061999999999969e+01 -2.004163499999999942e+01
-6.457010000000000360e+00 -6.522567999999999699e+00 -7.294486000000000026e+00
-1.030476429999999937e+02 -8.896092400000000566e+01 -8.979345200000000204e+01
-1.643262999999999963e+01 -1.601164400000000043e+01 -1.526579000000000086e+01
-8.116933199999999715e+01 -9.193990999999999758e+01 -8.036611399999999605e+01
-6.209167999999999665e+01 -6.011034999999999684e+01 -5.404733300000000185e+01
-3.591201300000000174e+01 -3.406651000000000096e+01 -3.113788399999999967e+01
-1.972859800000000163e+01 -2.096909499999999937e+01 -2.075515000000000043e+01
-4.592150199999999671e+01 -4.312664300000000139e+01 -5.040022299999999689e+01
-8.121634999999999494e+00 -7.334842000000000084e+00 -7.841700000000000337e+00
-7.073341899999999782e+01 -6.273096400000000017e+01 -6.342619700000000194e+01
-6.011034999999999684e+01 -6.917030300000000409e+01 -6.224897800000000103e+01
-1.526182299999999969e+01 -1.444668799999999997e+01 -1.391354399999999991e+01
-3.020431699999999964e+01 -2.847911699999999868e+01 -2.600141599999999897e+01
-6.974044000000000132e+00 -6.870492999999999739e+00 -7.995220999999999911e+00
-2.423264599999999902e+01 -2.586595799999999912e+01 -2.753435599999999894e+01
-1.112451899999999938e+01 -1.200726099999999974e+01 -1.345792299999999919e+01
-6.053821000000000119e+00 -6.651164999999999772e+00 -6.732154999999999667e+00
-6.797016000000000169e+00 -6.588206999999999702e+00 -7.334842000000000084e+00
-3.406651000000000096e+01 -3.744484400000000335e+01 -3.249950599999999667e+01
-4.803868400000000349e+01 -4.987909799999999905e+01 -5.356404899999999714e+01
-1.177208199999999927e+01 -1.334874399999999994e+01 -1.136338600000000021e+01
-2.506362700000000032e+01 -2.837041800000000080e+01 -2.721660899999999828e+01
-5.412608999999999781e+00 -5.450707999999999664e+00 -5.998094000000000037e+00
-7.040507999999999988e+00 -6.400463000000000235e+00 -7.162339000000000233e+00
-2.704641399999999862e+01 -2.527024300000000068e+01 -3.212227000000000032e+01
-2.607360600000000161e+01 -2.689194399999999874e+01 -2.905621000000000009e+01
-2.540472600000000014e+01 -2.993866299999999825e+01 -2.672787800000000047e+01
-2.964683600000000041e+01 -2.602141599999999855e+01 -2.712642400000000009e+01
-1.743949100000000030e+01 -1.723393499999999889e+01 -1.596560000000000024e+01
-5.616923800000000000e+01 -4.997015600000000290e+01 -5.653623300000000285e+01
-8.042134500000000230e+01 -9.204599199999999826e+01 -8.046854600000000346e+01
-7.535098399999999685e+01 -8.425466799999999523e+01 -7.635853000000000179e+01
-1.391354399999999991e+01 -1.444668799999999997e+01 -1.305442799999999970e+01
-7.514134999999999565e+00 -6.766859000000000179e+00 -7.826368999999999687e+00
-6.128388000000000346e+01 -6.734792600000000107e+01 -6.038997400000000226e+01
-2.182052499999999995e+01 -2.410564600000000013e+01 -2.328240800000000021e+01
-6.640411100000000033e+01 -7.405229699999999582e+01 -6.522239999999999327e+01
-1.832357199999999864e+01 -1.942791799999999824e+01 -1.914057100000000133e+01
-1.665244200000000063e+01 -1.602984199999999859e+01 -1.735409100000000038e+01
-6.817539000000000016e+00 -5.999105000000000132e+00 -6.632814999999999905e+00
-2.257842000000000127e+01 -2.166562599999999961e+01 -1.871337700000000126e+01
-3.526351100000000116e+01 -3.947116799999999870e+01 -3.804965500000000134e+01
-1.108101399999999970e+01 -1.322138900000000028e+01 -1.177208199999999927e+01
-1.696766799999999975e+01 -1.507464900000000085e+01 -1.773469899999999910e+01
-1.828790000000000049e+01 -1.662243199999999987e+01 -1.738433600000000112e+01
-4.912672599999999790e+01 -4.650797899999999885e+01 -5.147539799999999843e+01
-1.899548499999999862e+01 -1.960317799999999977e+01 -2.073601800000000139e+01
-3.804965500000000134e+01 -3.947116799999999870e+01 -4.224621499999999941e+01
-6.889715999999999951e+01 -7.635853000000000179e+01 -7.682699900000000071e+01
-6.781078499999999565e+01 -6.175602800000000059e+01 -6.054265300000000138e+01
-1.251425700000000063e+01 -1.359822899999999990e+01 -1.343119000000000085e+01
-7.719573999999999714e+00 -6.628434000000000381e+00 -7.495517999999999681e+00
-9.234724699999999586e+01 -9.247832900000000222e+01 -8.038413300000000561e+01
-6.522239999999999327e+01 -7.405229699999999582e+01 -7.278345799999999599e+01
-1.929762099999999947e+01 -2.071086599999999933e+01 -2.206584799999999902e+01
-6.400463000000000235e+00 -6.657484000000000179e+00 -7.162339000000000233e+00
-8.946763999999999939e+00 -7.656228999999999729e+00 -8.711543000000000703e+00
-1.559761499999999934e+01 -1.664152299999999940e+01 -1.535226899999999972e+01
-1.587778100000000059e+01 -1.444668799999999997e+01 -1.526182299999999969e+01
-3.562985599999999664e+01 -3.263219399999999837e+01 -3.614038500000000198e+01
-3.791899099999999834e+01 -4.044861999999999824e+01 -4.284871299999999650e+01
-1.858007999999999882e+01 -1.671081500000000020e+01 -1.751870999999999867e+01
-3.727604399999999885e+01 -3.936362400000000150e+01 -4.183876500000000220e+01
-1.079119000000000028e+01 -1.157732500000000009e+01 -1.055134999999999934e+01
-1.166790999999999912e+01 -1.285488299999999917e+01 -1.230340900000000026e+01
-4.162519700000000000e+01 -4.440246299999999735e+01 -4.037541499999999672e+01
-3.107066599999999923e+01 -3.511916399999999783e+01 -3.295340199999999697e+01
-1.417320300000000088e+01 -1.393737400000000015e+01 -1.202741499999999952e+01
-2.166087500000000077e+01 -1.937171599999999927e+01 -2.510002700000000075e+01
-5.613412999999999897e+01 -5.674490000000000123e+01 -5.001062399999999997e+01
-7.098743600000000242e+01 -7.018336800000000153e+01 -6.289265499999999776e+01
-1.304408500000000082e+01 -1.598929900000000082e+01 -1.490419999999999945e+01
-2.926553900000000041e+01 -2.730604200000000148e+01 -2.571344300000000160e+01
-9.264001799999999776e+01 -8.045454499999999598e+01 -8.051690600000000586e+01
-1.821109999999999829e+01 -1.856094600000000128e+01 -1.958138299999999887e+01
-1.185634300000000074e+01 -1.088484000000000052e+01 -1.089822599999999930e+01
-3.233078100000000177e+01 -2.944938099999999892e+01 -3.472294600000000031e+01
-1.003310759999999959e+02 -9.982862400000000491e+01 -8.710492100000000448e+01
-5.032399800000000312e+01 -4.954668499999999653e+01 -4.642515399999999914e+01
-1.608339199999999991e+01 -1.700836400000000026e+01 -1.586101599999999934e+01
-3.884656400000000076e+01 -3.635926899999999762e+01 -4.037541499999999672e+01
-7.154175399999999740e+01 -7.124728399999999340e+01 -6.528318099999999902e+01
-2.146396500000000174e+01 -2.067916999999999916e+01 -1.937906500000000065e+01
-5.417582600000000070e+01 -4.365246499999999941e+01 -4.612433300000000003e+01
-2.712610700000000108e+01 -2.431524500000000089e+01 -3.111998200000000026e+01
-5.008657000000000359e+00 -4.967967999999999940e+00 -5.460557999999999801e+00
-4.347695900000000080e+01 -4.121258100000000013e+01 -4.531762100000000260e+01
-4.999975100000000339e+01 -4.682803200000000032e+01 -5.205216200000000271e+01
-2.059736900000000048e+01 -2.178170199999999923e+01 -2.039426999999999879e+01
-6.289265499999999776e+01 -7.018336800000000153e+01 -6.093816499999999792e+01
-3.989195099999999883e+01 -4.735508699999999749e+01 -4.289201700000000272e+01
-5.356404899999999714e+01 -5.574190300000000065e+01 -6.054265300000000138e+01
-2.498763500000000093e+01 -2.320482200000000006e+01 -2.156572999999999851e+01
-1.029680300000000059e+01 -1.014080200000000076e+01 -1.133145500000000006e+01
-1.608339199999999991e+01 -1.491129199999999955e+01 -1.512064200000000014e+01
-1.743949100000000030e+01 -1.874324000000000012e+01 -1.723393499999999889e+01
-2.659801300000000168e+01 -2.241691900000000004e+01 -2.380650100000000080e+01
-4.608080199999999849e+01 -4.339602200000000209e+01 -4.945159000000000304e+01
-9.162402999999999409e+00 -9.105921000000000376e+00 -1.029680300000000059e+01
-1.243360299999999974e+01 -1.211698400000000042e+01 -1.134632099999999966e+01
-2.212778600000000040e+01 -2.011072700000000069e+01 -2.073601800000000139e+01
-7.945784700000000100e+01 -7.883877300000000332e+01 -6.926512400000000014e+01
-1.780195200000000000e+01 -1.929762099999999947e+01 -2.048569300000000126e+01
-8.028263699999999403e+01 -9.190601900000000057e+01 -8.018420199999999909e+01
-3.658173599999999936e+01 -3.404364499999999794e+01 -4.090854300000000165e+01
-1.091350399999999965e+01 -1.199331300000000056e+01 -1.192837500000000084e+01
-7.127780900000000486e+01 -6.334376900000000177e+01 -6.296238799999999713e+01
-1.664152299999999940e+01 -1.761110000000000042e+01 -1.634351399999999899e+01
-1.960317799999999977e+01 -1.869605999999999923e+01 -2.007414199999999838e+01
-1.142982399999999998e+01 -1.161511400000000016e+01 -1.031708199999999920e+01
-8.998317000000000121e+00 -8.093360999999999805e+00 -8.016769999999999285e+00
-1.036685100000000048e+01 -9.440835999999999117e+00 -9.260612999999999317e+00
-5.069713000000000136e+00 -5.281689000000000078e+00 -5.315548999999999857e+00
-1.203922200000000053e+01 -1.203600600000000043e+01 -1.325806299999999993e+01
-1.345171799999999962e+01 -1.223983400000000010e+01 -1.291897900000000021e+01
-1.242957400000000057e+01 -1.081511899999999926e+01 -1.278779600000000016e+01
-1.343119000000000085e+01 -1.359822899999999990e+01 -1.454442000000000057e+01
-9.362087999999999965e+00 -9.147278999999999272e+00 -1.031708199999999920e+01
-8.896092400000000566e+01 -1.025473080000000010e+02 -8.846878700000000606e+01
-8.711543000000000703e+00 -8.474793000000000021e+00 -9.744158000000000541e+00
-6.542809599999999648e+01 -7.300901899999999500e+01 -6.449520300000000361e+01
-8.514865999999999602e+00 -8.344760000000000844e+00 -9.083603000000000094e+00
-2.197251800000000088e+01 -2.346018300000000067e+01 -2.178170199999999923e+01
-6.128388000000000346e+01 -5.544365599999999716e+01 -5.578099600000000180e+01
-3.020431699999999964e+01 -3.295147000000000048e+01 -2.847911699999999868e+01
-2.071086599999999933e+01 -2.216776700000000133e+01 -2.367880900000000111e+01
-1.697130800000000050e+01 -1.606701599999999885e+01 -1.708498700000000170e+01
-3.406651000000000096e+01 -3.919556800000000152e+01 -3.744484400000000335e+01
-6.628434000000000381e+00 -6.493268999999999735e+00 -7.495517999999999681e+00
-1.217959199999999953e+01 -1.377409399999999984e+01 -1.458275500000000058e+01
-6.588206999999999702e+00 -6.389092999999999911e+00 -7.062634000000000079e+00
-2.885294999999999987e+01 -2.557753800000000055e+01 -2.679247600000000062e+01
-5.044856000000000051e+01 -5.727100800000000191e+01 -5.683971300000000326e+01
-8.998317000000000121e+00 -1.004181099999999915e+01 -1.014101199999999992e+01
-4.642515399999999914e+01 -4.954668499999999653e+01 -4.558567800000000148e+01
-2.498060800000000015e+01 -2.073018199999999922e+01 -2.083750399999999914e+01
-3.443001300000000242e+01 -4.015641899999999964e+01 -3.978381300000000209e+01
-2.749004599999999954e+01 -2.775688399999999945e+01 -3.032508800000000093e+01
-9.530243199999999604e+01 -1.073550450000000041e+02 -9.458605400000000429e+01
-4.612433300000000003e+01 -4.365246499999999941e+01 -3.843166200000000288e+01
-2.258739699999999928e+01 -2.600141599999999897e+01 -2.480438600000000093e+01
-4.046490899999999868e+01 -4.439061399999999935e+01 -4.402433299999999861e+01
-1.296583700000000050e+01 -1.248325499999999977e+01 -1.420456800000000008e+01
-7.140280999999999878e+00 -6.981117000000000239e+00 -7.747787999999999897e+00
-2.642949799999999883e+01 -2.938083999999999918e+01 -2.873569699999999827e+01
-4.392519800000000174e+01 -4.153283100000000161e+01 -4.616149099999999805e+01
-3.382230700000000212e+01 -2.951372599999999835e+01 -3.114091000000000165e+01
-4.439061399999999935e+01 -4.526802500000000151e+01 -4.845515199999999822e+01
-7.688558000000000447e+01 -7.769570199999999716e+01 -6.902945599999999615e+01
-7.833881900000000087e+01 -9.054103700000000288e+01 -8.023576799999999309e+01
-1.136195900000000059e+01 -1.300120199999999926e+01 -1.275660300000000014e+01
-5.860460999999999920e+00 -5.869506000000000334e+00 -6.457010000000000360e+00
-3.588279299999999949e+01 -3.720221200000000294e+01 -4.217734099999999842e+01
-6.216671099999999939e+01 -6.894540399999999636e+01 -6.213309300000000235e+01
-2.073498700000000028e+01 -1.650092899999999929e+01 -1.940589599999999848e+01
-4.897291100000000341e+01 -5.261277799999999871e+01 -5.382500600000000190e+01
-2.406964800000000082e+01 -2.934825700000000026e+01 -2.415529599999999988e+01
-4.967967999999999940e+00 -4.949455000000000382e+00 -5.417023999999999617e+00
-1.607281499999999852e+01 -1.525307100000000027e+01 -1.334874399999999994e+01
-2.058061999999999969e+01 -1.946275400000000033e+01 -2.118855299999999886e+01
-1.593366400000000027e+01 -1.762503299999999840e+01 -1.598863000000000056e+01
-1.598863000000000056e+01 -1.755742199999999897e+01 -1.601787799999999962e+01
-9.501789000000000485e+00 -1.026158599999999943e+01 -9.488697999999999411e+00
-8.460280199999999695e+01 -7.398225499999999499e+01 -7.489435699999999940e+01
-1.585237799999999986e+01 -1.958289399999999958e+01 -1.703029599999999988e+01
-7.300901899999999500e+01 -8.266865799999999354e+01 -7.198455400000000282e+01
-6.143062999999999718e+00 -6.053821000000000119e+00 -6.732154999999999667e+00
-2.301018799999999942e+01 -2.506467800000000068e+01 -2.479866300000000123e+01
-7.073341899999999782e+01 -8.027412599999999543e+01 -7.059874700000000303e+01
-4.628493699999999933e+01 -4.943318000000000012e+01 -5.303970900000000199e+01
-2.852748199999999912e+01 -3.114091000000000165e+01 -2.721123100000000150e+01
-7.253157999999999994e+00 -7.384160999999999753e+00 -8.237792999999999921e+00
-1.550530299999999961e+01 -1.288196800000000053e+01 -1.458275500000000058e+01
-7.909744200000000092e+01 -8.104139600000000598e+01 -7.176581699999999842e+01
-5.386272600000000210e+01 -4.954073199999999844e+01 -5.574361400000000089e+01
-5.591253600000000290e+01 -5.504865900000000067e+01 -4.592150199999999671e+01
-6.685520999999999603e+00 -7.456712999999999703e+00 -6.476106999999999836e+00
-1.160349100000000000e+01 -1.108391699999999958e+01 -1.363133299999999970e+01
-5.717321900000000312e+01 -6.273096400000000017e+01 -5.552570500000000209e+01
-3.566821499999999645e+01 -4.044861999999999824e+01 -3.791899099999999834e+01
-7.501481400000000122e+01 -8.555718799999999646e+01 -7.712457700000000216e+01
-9.289318099999999845e+01 -9.307550299999999766e+01 -8.043307299999999316e+01
-4.797836900000000071e+01 -5.373077399999999670e+01 -4.482482699999999909e+01
-6.372408699999999726e+01 -6.355049000000000348e+01 -5.832811800000000346e+01
-5.524726499999999874e+01 -4.785004899999999850e+01 -4.878577899999999801e+01
-6.544828099999999438e+01 -5.977192000000000149e+01 -5.633125700000000080e+01
-2.479866300000000123e+01 -2.725965899999999920e+01 -2.693304799999999943e+01
-6.981117000000000239e+00 -6.249412999999999663e+00 -6.797016000000000169e+00
-1.019816999999999929e+01 -8.543471999999999511e+00 -9.897173999999999694e+00
-4.912672599999999790e+01 -4.448668700000000342e+01 -4.650797899999999885e+01
-5.172428599999999932e+01 -4.696370199999999784e+01 -4.425406399999999962e+01
-8.298716999999999899e+00 -8.582995000000000374e+00 -7.702586000000000155e+00
-6.420749100000000453e+01 -6.434788700000000006e+01 -5.683971300000000326e+01
-5.115503600000000262e+01 -4.825867600000000124e+01 -5.300655799999999829e+01
-8.430307000000000883e+00 -8.235492000000000701e+00 -9.092309999999999448e+00
-1.654115099999999927e+01 -1.613713900000000123e+01 -1.393737400000000015e+01
-1.009118440000000021e+02 -1.003310759999999959e+02 -8.764020800000000122e+01
-5.345263000000000098e+00 -5.031613000000000113e+00 -5.315548999999999857e+00
-5.828508200000000272e+01 -6.394402800000000298e+01 -5.753824999999999790e+01
-9.000629999999999242e+00 -9.930749999999999744e+00 -9.042099999999999582e+00
-2.043501799999999946e+01 -2.360806900000000041e+01 -2.258739699999999928e+01
-1.792136199999999846e+01 -1.832357199999999864e+01 -1.914057100000000133e+01
-2.206589500000000115e+01 -1.830374099999999871e+01 -1.904281100000000038e+01
-5.145912000000000042e+00 -5.282157999999999909e+00 -5.266834000000000238e+00
-2.851949199999999962e+01 -3.138444399999999845e+01 -2.745649299999999826e+01
-1.503278700000000079e+01 -1.205200100000000063e+01 -1.436969999999999992e+01
-2.942316699999999940e+01 -2.863087099999999907e+01 -3.556943499999999858e+01
-4.483944499999999778e+01 -4.137672400000000295e+01 -4.754101599999999905e+01
-8.010450199999999654e+01 -7.979767900000000225e+01 -7.154175399999999740e+01
-3.120804599999999951e+01 -3.314668000000000347e+01 -2.926553900000000041e+01
-1.655856500000000153e+01 -1.743254299999999901e+01 -1.997838199999999986e+01
-2.325570199999999943e+01 -2.506467800000000068e+01 -2.301018799999999942e+01
-5.477114000000000260e+00 -5.927220000000000155e+00 -6.098213999999999579e+00
-4.608080199999999849e+01 -4.945159000000000304e+01 -5.375856999999999886e+01
-6.175602800000000059e+01 -6.128388000000000346e+01 -5.578099600000000180e+01
-3.263219399999999837e+01 -2.980152599999999907e+01 -3.299417300000000353e+01
-1.582509800000000055e+01 -1.655856500000000153e+01 -1.904281100000000038e+01
-7.105469300000000032e+01 -6.292343699999999984e+01 -6.311971100000000234e+01
-2.934499200000000130e+01 -3.478883700000000090e+01 -3.420291999999999888e+01
-1.670265600000000106e+01 -1.643262999999999963e+01 -1.559747199999999978e+01
-6.732154999999999667e+00 -7.394116999999999607e+00 -7.478640000000000398e+00
-1.728220800000000068e+01 -1.608339199999999991e+01 -1.634351399999999899e+01
-1.417111399999999932e+01 -1.354765000000000086e+01 -1.478725099999999948e+01
-1.728220800000000068e+01 -1.821109999999999829e+01 -1.700836400000000026e+01
-1.046326049999999981e+02 -1.040144410000000050e+02 -9.110060799999999404e+01
-9.750135000000000218e+00 -9.848703999999999681e+00 -8.866578999999999766e+00
-3.709100200000000314e+01 -3.480992200000000025e+01 -3.884656400000000076e+01
-4.573769999999999669e+01 -3.913871900000000181e+01 -4.144357999999999720e+01
-2.497234999999999872e+01 -2.328240800000000021e+01 -2.598727900000000091e+01
-1.491129199999999955e+01 -1.375864100000000079e+01 -1.393385699999999972e+01
-8.543471999999999511e+00 -8.281273999999999802e+00 -9.897173999999999694e+00
-2.416866800000000026e+01 -2.298571400000000153e+01 -1.997838199999999986e+01
-2.399455299999999980e+01 -1.987527800000000155e+01 -2.033896199999999865e+01
-4.132446300000000150e+01 -4.806740200000000129e+01 -4.544058700000000073e+01
-2.399455299999999980e+01 -2.335644200000000126e+01 -1.987527800000000155e+01
-1.166790999999999912e+01 -1.230340900000000026e+01 -1.104596699999999920e+01
-2.823175799999999924e+01 -2.335644200000000126e+01 -2.399455299999999980e+01
-5.394459000000000337e+00 -4.956305999999999656e+00 -5.380787999999999904e+00
-2.980152599999999907e+01 -2.725965899999999920e+01 -3.007010000000000005e+01
-1.512064200000000014e+01 -1.491129199999999955e+01 -1.393385699999999972e+01
-2.518480800000000031e+01 -2.851949199999999962e+01 -2.745649299999999826e+01
-5.145830899999999986e+01 -5.278754800000000103e+01 -5.753824999999999790e+01
-9.110060799999999404e+01 -9.045975799999999367e+01 -7.945784700000000100e+01
-7.047358000000000011e+00 -6.318093000000000181e+00 -7.257506000000000235e+00
-1.278779600000000016e+01 -1.116227199999999975e+01 -1.322780299999999976e+01
-9.132962499999999295e+01 -1.027309929999999980e+02 -9.298042499999999677e+01
-3.107066599999999923e+01 -2.730604200000000148e+01 -2.926553900000000041e+01
-2.096909499999999937e+01 -2.131671499999999853e+01 -2.265361300000000000e+01
-1.345792299999999919e+01 -1.490419999999999945e+01 -1.660386099999999843e+01
-1.126915799999999912e+01 -1.266791399999999967e+01 -1.130093500000000084e+01
-5.008610999999999791e+01 -5.138036199999999809e+01 -5.578099600000000180e+01
-6.242757000000000112e+00 -6.143062999999999718e+00 -6.820237999999999801e+00
-4.764426699999999926e+01 -4.912672599999999790e+01 -5.278754800000000103e+01
-1.621183100000000010e+01 -1.780195200000000000e+01 -1.888623300000000071e+01
-3.388228699999999805e+01 -3.158054500000000075e+01 -2.845949500000000043e+01
-1.925287099999999896e+01 -2.071086599999999933e+01 -1.815714900000000043e+01
-5.008657000000000359e+00 -5.460557999999999801e+00 -5.534927999999999848e+00
-1.104596699999999920e+01 -1.230340900000000026e+01 -1.165432900000000060e+01
-5.450707999999999664e+00 -5.582609999999999850e+00 -6.147827999999999626e+00
-4.081331500000000290e+01 -4.246458400000000211e+01 -4.618180699999999916e+01
-6.093816499999999792e+01 -6.311971100000000234e+01 -5.653623300000000285e+01
-4.633922499999999900e+01 -5.008610999999999791e+01 -5.090315700000000021e+01
-9.401279999999999859e+00 -9.175473000000000212e+00 -1.057554700000000025e+01
-9.514949099999999760e+01 -9.528873299999999347e+01 -8.546518199999999865e+01
-9.891313999999999496e+00 -8.922368000000000521e+00 -9.466454999999999842e+00
-4.797649700000000195e+01 -4.561578599999999994e+01 -5.145830899999999986e+01
-5.747091300000000302e+01 -5.376325800000000044e+01 -5.886204000000000036e+01
-5.389052000000000398e+00 -5.260210999999999970e+00 -5.452678999999999832e+00
-9.140394999999999825e+00 -8.945961000000000496e+00 -1.064115900000000003e+01
-2.431524500000000089e+01 -2.166087500000000077e+01 -2.816174000000000177e+01
-1.942791799999999824e+01 -2.039426999999999879e+01 -1.914057100000000133e+01
-4.280101499999999959e+01 -4.448313699999999926e+01 -4.803868400000000349e+01
-6.166013499999999681e+01 -5.727100800000000191e+01 -5.296314799999999678e+01
-5.546404400000000123e+01 -5.050836999999999932e+01 -5.770744100000000287e+01
-4.612433300000000003e+01 -3.763985999999999876e+01 -4.592150199999999671e+01
-1.116227199999999975e+01 -9.502112000000000336e+00 -9.827360000000000539e+00
-7.319778999999999591e+00 -6.584514999999999674e+00 -7.250651999999999653e+00
-2.749004599999999954e+01 -2.528210299999999933e+01 -2.775688399999999945e+01
-7.095157399999999370e+01 -7.103028700000000129e+01 -6.366046500000000208e+01
-1.799025500000000122e+01 -1.761110000000000042e+01 -1.664152299999999940e+01
-5.998094000000000037e+00 -5.450707999999999664e+00 -6.147827999999999626e+00
-2.498296099999999953e+01 -3.008738400000000013e+01 -2.863410599999999917e+01
-1.532915299999999981e+01 -1.460523399999999938e+01 -1.687358199999999897e+01
-6.143062999999999718e+00 -5.534927999999999848e+00 -6.053821000000000119e+00
-1.990235099999999946e+01 -2.096909499999999937e+01 -1.972859800000000163e+01
-9.092309999999999448e+00 -9.891313999999999496e+00 -9.871453999999999951e+00
-2.814901400000000109e+01 -3.108407800000000165e+01 -2.713989700000000127e+01
-1.525508499999999934e+01 -1.706901500000000027e+01 -1.600085199999999830e+01
-1.817748699999999928e+01 -1.593006800000000034e+01 -1.743002699999999905e+01
-2.301018799999999942e+01 -2.479866300000000123e+01 -2.264484200000000058e+01
-1.020328199999999974e+01 -9.466454999999999842e+00 -9.488697999999999411e+00
-5.649909799999999649e+01 -5.367337299999999800e+01 -5.862274399999999730e+01
-1.780195200000000000e+01 -1.532915299999999981e+01 -1.687358199999999897e+01
-9.343151799999999696e+01 -9.282258299999999451e+01 -8.058635900000000163e+01
-9.400745999999999825e+00 -8.950761999999999219e+00 -1.002388499999999993e+01
-9.092309999999999448e+00 -8.235492000000000701e+00 -8.922368000000000521e+00
-3.555370899999999779e+01 -3.072434600000000060e+01 -3.633922499999999900e+01
-1.870699799999999868e+01 -1.773182900000000117e+01 -1.784536900000000159e+01
-5.782950999999999731e+00 -5.829447000000000045e+00 -6.442103999999999608e+00
-9.982862400000000491e+01 -9.926924200000000553e+01 -8.658929500000000701e+01
-1.054084300000000063e+01 -1.003117800000000059e+01 -1.217959199999999953e+01
-7.095157399999999370e+01 -6.366046500000000208e+01 -6.332180999999999926e+01
-4.816999299999999806e+01 -4.845515199999999822e+01 -5.254286100000000204e+01
-8.941126999999999825e+00 -1.003887600000000013e+01 -1.004181099999999915e+01
-7.277257999999999782e+00 -7.956987999999999950e+00 -8.448408000000000584e+00
-2.284449400000000097e+01 -2.561492099999999894e+01 -2.478772899999999879e+01
-7.108853000000000577e+01 -8.018420199999999909e+01 -7.143354499999999518e+01
-4.993514000000000230e+00 -5.031613000000000113e+00 -5.345263000000000098e+00
-2.053070900000000165e+01 -2.471371299999999849e+01 -2.083750399999999914e+01
-1.142982399999999998e+01 -1.130093500000000084e+01 -1.271471999999999980e+01
-6.166572299999999984e+01 -5.509800099999999645e+01 -5.566776099999999872e+01
-9.281607800000000452e+01 -8.116933199999999715e+01 -8.200138099999999497e+01
-9.204599199999999826e+01 -9.217588399999999638e+01 -8.046854600000000346e+01
-8.092841999999999203e+00 -8.003294999999999604e+00 -7.165117999999999654e+00
-2.883468799999999987e+01 -2.691970699999999894e+01 -2.524082299999999890e+01
-5.674490000000000123e+01 -6.209167999999999665e+01 -5.404733300000000185e+01
-9.177718000000000131e+01 -8.042134500000000230e+01 -8.023441300000000354e+01
-1.377409399999999984e+01 -1.158856199999999959e+01 -1.311003499999999988e+01
-7.711271499999999435e+01 -7.688558000000000447e+01 -6.675289999999999679e+01
-3.443001300000000242e+01 -2.967139299999999835e+01 -2.944794699999999921e+01
-6.544828099999999438e+01 -7.501481400000000122e+01 -6.786779599999999846e+01
-6.389092999999999911e+00 -5.768440000000000012e+00 -6.242757000000000112e+00
-9.974652999999999992e+00 -1.003166799999999981e+01 -9.149333000000000382e+00
-4.845515199999999822e+01 -4.999975100000000339e+01 -5.281445599999999985e+01
-5.830349000000000004e+00 -5.712936000000000014e+00 -6.401095999999999897e+00
-1.502760499999999944e+01 -1.671081500000000020e+01 -1.587344200000000072e+01
-1.089822599999999930e+01 -9.974652999999999992e+00 -9.941846999999999213e+00
-1.723393499999999889e+01 -1.581789799999999957e+01 -1.596560000000000024e+01
-5.502658799999999673e+01 -5.123541399999999868e+01 -5.751428899999999800e+01
-5.635350300000000345e+01 -5.744696100000000172e+01 -5.281445599999999985e+01
-1.092950399999999966e+01 -1.091626600000000025e+01 -1.203922200000000053e+01
-4.155657500000000226e+01 -4.810047399999999840e+01 -4.703629600000000011e+01
-1.874324000000000012e+01 -2.043561700000000059e+01 -1.995965699999999998e+01
-9.140394999999999825e+00 -1.064115900000000003e+01 -1.087164600000000014e+01
-6.190966300000000189e+01 -7.138094999999999857e+01 -6.876941600000000676e+01
-1.388650499999999965e+01 -1.230901899999999927e+01 -1.447124799999999922e+01
-6.449520300000000361e+01 -7.300901899999999500e+01 -7.198455400000000282e+01
-2.775688399999999945e+01 -3.073079800000000006e+01 -3.032508800000000093e+01
-5.239708499999999702e+01 -4.954668499999999653e+01 -5.367337299999999800e+01
-1.156642500000000062e+01 -1.113573899999999917e+01 -1.262368299999999977e+01
-3.249950599999999667e+01 -3.568482300000000151e+01 -3.104803100000000171e+01
-6.802772799999999620e+01 -6.128388000000000346e+01 -6.175602800000000059e+01
-7.881385000000000218e+01 -7.037501199999999812e+01 -7.038624099999999828e+01
-8.281273999999999802e+00 -8.180476999999999776e+00 -9.625327000000000410e+00
-8.582995000000000374e+00 -8.753652000000000655e+00 -7.871302000000000021e+00
-5.145912000000000042e+00 -5.184012000000000064e+00 -5.282157999999999909e+00
-2.247613600000000034e+01 -2.506362700000000032e+01 -2.417652199999999851e+01
-7.294486000000000026e+00 -7.702586000000000155e+00 -6.967187000000000019e+00
-2.080679999999999907e+01 -2.033896199999999865e+01 -1.728859399999999980e+01
-1.598929900000000082e+01 -1.431489000000000011e+01 -1.703029599999999988e+01
-8.149497000000000213e+00 -9.162402999999999409e+00 -9.260612999999999317e+00
-5.376325800000000044e+01 -5.747091300000000302e+01 -5.147539799999999843e+01
-3.233078100000000177e+01 -3.472294600000000031e+01 -3.788576799999999878e+01
-3.763985999999999876e+01 -4.612433300000000003e+01 -3.843166200000000288e+01
-2.556916199999999861e+01 -2.822627999999999915e+01 -2.775688399999999945e+01
-4.853600600000000043e+01 -4.090854300000000165e+01 -4.406809599999999705e+01
-6.523052999999999990e+00 -6.766859000000000179e+00 -7.514134999999999565e+00
-1.490419999999999945e+01 -1.919248199999999827e+01 -1.660386099999999843e+01
-1.592994400000000077e+01 -1.793285499999999999e+01 -1.771925600000000145e+01
-1.003887600000000013e+01 -1.136195900000000059e+01 -1.126915799999999912e+01
-5.747091300000000302e+01 -5.828508200000000272e+01 -5.376336100000000329e+01
-8.106869299999999612e+01 -8.954307300000000680e+01 -7.833881900000000087e+01
-1.029202100000000009e+01 -1.112451899999999938e+01 -1.228540800000000033e+01
-1.379078900000000019e+01 -1.655856500000000153e+01 -1.582509800000000055e+01
-2.033896199999999865e+01 -1.691045099999999834e+01 -1.728859399999999980e+01
-2.878890300000000124e+01 -2.509482500000000016e+01 -2.691970699999999894e+01
-3.136885600000000096e+01 -2.570012799999999942e+01 -2.869761099999999843e+01
-2.995659300000000158e+01 -3.072434600000000060e+01 -3.555370899999999779e+01
-8.460280199999999695e+01 -8.360439100000000678e+01 -7.398225499999999499e+01
-4.448313699999999926e+01 -3.926480999999999710e+01 -4.081331500000000290e+01
-2.416236200000000167e+01 -2.954214500000000143e+01 -2.406964800000000082e+01
-1.600085199999999830e+01 -1.706901500000000027e+01 -1.797400000000000020e+01
-8.058635900000000163e+01 -8.046434200000000203e+01 -7.095157399999999370e+01
-5.711527000000000243e+00 -5.374508999999999759e+00 -5.855690000000000062e+00
-6.651164999999999772e+00 -5.985313999999999801e+00 -6.584514999999999674e+00
-6.175602800000000059e+01 -5.578099600000000180e+01 -5.661289800000000128e+01
-5.752324800000000238e+01 -5.591253600000000290e+01 -5.040022299999999689e+01
-1.621183100000000010e+01 -1.888623300000000071e+01 -1.723922100000000057e+01
-5.858888000000000318e+00 -6.467875000000000263e+00 -6.522567999999999699e+00
-1.601787799999999962e+01 -1.596560000000000024e+01 -1.459312100000000001e+01
-4.579294199999999648e+01 -4.826884700000000095e+01 -4.373670700000000267e+01
-4.758028399999999891e+01 -5.012705600000000317e+01 -4.579294199999999648e+01
-6.528318099999999902e+01 -5.978913099999999758e+01 -6.074387099999999862e+01
-4.797649700000000195e+01 -4.284871299999999650e+01 -4.561578599999999994e+01
-1.134635500000000086e+01 -1.028787499999999966e+01 -1.071018499999999918e+01
-3.499314900000000250e+01 -3.459824499999999858e+01 -2.928541299999999836e+01
-3.723116999999999877e+01 -3.179177100000000067e+01 -3.495310099999999665e+01
-1.004181099999999915e+01 -1.003887600000000013e+01 -1.126915799999999912e+01
-1.959897700000000142e+01 -2.075515000000000043e+01 -2.059736900000000048e+01
-3.472294600000000031e+01 -3.723942999999999870e+01 -4.066727300000000156e+01
-1.594792200000000015e+01 -1.486229200000000006e+01 -1.499760500000000008e+01
-2.497234999999999872e+01 -2.422164700000000082e+01 -2.265361300000000000e+01
-3.802088700000000188e+01 -4.324029699999999821e+01 -4.406809599999999705e+01
-8.027437000000000822e+00 -9.175473000000000212e+00 -9.401279999999999859e+00
-9.413340800000000286e+01 -8.098609799999999836e+01 -8.188969199999999660e+01
-2.479866300000000123e+01 -2.506467800000000068e+01 -2.725965899999999920e+01
-9.232937499999999886e+01 -8.028263699999999403e+01 -8.046434200000000203e+01
-7.179350499999999613e+01 -7.127780900000000486e+01 -6.296238799999999713e+01
-1.296583700000000050e+01 -1.420456800000000008e+01 -1.478437100000000015e+01
-3.571801299999999912e+01 -3.926480999999999710e+01 -3.429083200000000176e+01
-7.119323400000000390e+01 -8.098609799999999836e+01 -7.079960099999999557e+01
-6.366046500000000208e+01 -5.825871099999999814e+01 -5.738600900000000138e+01
-8.973587999999999454e+00 -9.919463999999999615e+00 -9.673814000000000135e+00
-2.847911699999999868e+01 -3.295147000000000048e+01 -3.113788399999999967e+01
-4.224621499999999941e+01 -3.947116799999999870e+01 -4.404030600000000106e+01
-6.606792099999999834e+01 -5.504865900000000067e+01 -5.591253600000000290e+01
-7.945784700000000100e+01 -7.054287300000000016e+01 -8.036611399999999605e+01
-5.404733300000000185e+01 -4.727813600000000349e+01 -5.001062399999999997e+01
-3.766343799999999931e+01 -3.485378299999999996e+01 -3.866862499999999869e+01
-1.158038600000000073e+01 -1.032659899999999986e+01 -1.190469200000000072e+01
-3.111998200000000026e+01 -3.538813700000000040e+01 -3.802088700000000188e+01
-2.833120999999999867e+01 -3.136885600000000096e+01 -3.472293599999999714e+01
-1.566187200000000068e+01 -1.586101599999999934e+01 -1.677372499999999889e+01
-5.753481500000000182e+01 -5.717321900000000312e+01 -5.289191399999999987e+01
-4.280101499999999959e+01 -3.926480999999999710e+01 -4.448313699999999926e+01
-7.121852699999999459e+01 -7.253434799999999427e+01 -6.420749100000000453e+01
-2.155780499999999833e+01 -2.122165499999999838e+01 -2.007414199999999838e+01
-5.374508999999999759e+00 -5.412608999999999781e+00 -5.855690000000000062e+00
-1.403989400000000032e+01 -1.419512899999999966e+01 -1.513756500000000038e+01
-1.116108700000000020e+01 -1.270247799999999927e+01 -1.311003499999999988e+01
-1.322780299999999976e+01 -1.379078900000000019e+01 -1.582509800000000055e+01
-3.304504599999999925e+01 -3.384099799999999902e+01 -3.989195099999999883e+01
-1.503278700000000079e+01 -1.436969999999999992e+01 -1.752163399999999882e+01
-3.276355900000000076e+01 -2.852748199999999912e+01 -2.983159099999999953e+01
-1.151390999999999920e+01 -1.134635500000000086e+01 -1.071018499999999918e+01
-1.972859800000000163e+01 -2.075515000000000043e+01 -1.959897700000000142e+01
-5.328714999999999868e+00 -5.914583999999999619e+00 -5.829447000000000045e+00
-7.262754000000000154e+00 -7.140280999999999878e+00 -7.893227999999999689e+00
-4.261198999999999870e+01 -4.764426699999999926e+01 -4.561578599999999994e+01
-5.246555399999999736e+01 -4.816999299999999806e+01 -5.254286100000000204e+01
-3.087488099999999847e+01 -3.524893399999999843e+01 -3.323440200000000289e+01
-7.960496500000000708e+01 -7.838183200000000284e+01 -6.904845899999999403e+01
-7.975939999999999586e+00 -8.866578999999999766e+00 -8.057760999999999285e+00
-1.071903300000000030e+02 -1.075304119999999983e+02 -9.544914900000000557e+01
-5.830349000000000004e+00 -6.401095999999999897e+00 -6.532990999999999993e+00
-5.839004599999999812e+01 -5.446145500000000084e+01 -5.912771599999999950e+01
-6.893254399999999293e+01 -6.796390800000000354e+01 -6.080899699999999797e+01
-2.069592499999999902e+01 -1.967681999999999931e+01 -1.722109800000000135e+01
-2.221824300000000108e+01 -2.284449400000000097e+01 -2.478772899999999879e+01
-1.304408500000000082e+01 -1.431489000000000011e+01 -1.598929900000000082e+01
-9.289652999999999494e+00 -1.027058099999999996e+01 -9.469766999999999157e+00
-6.818212499999999920e+01 -6.054265300000000138e+01 -6.213309300000000235e+01
-8.045454499999999598e+01 -9.289318099999999845e+01 -8.043307299999999316e+01
-4.366953300000000127e+01 -4.700448399999999793e+01 -4.317475900000000166e+01
-1.243360299999999974e+01 -1.134632099999999966e+01 -1.164070899999999931e+01
-1.359822899999999990e+01 -1.472423200000000065e+01 -1.454442000000000057e+01
-6.802772799999999620e+01 -6.175602800000000059e+01 -6.781078499999999565e+01
-1.801507900000000006e+01 -1.890993699999999933e+01 -2.018884600000000162e+01
-5.012705600000000317e+01 -5.328923799999999744e+01 -4.826884700000000095e+01
-1.174713900000000066e+01 -1.264275899999999986e+01 -1.157732500000000009e+01
-1.003166799999999981e+01 -1.088484000000000052e+01 -1.079119000000000028e+01
-1.235493800000000064e+01 -1.343119000000000085e+01 -1.325917300000000054e+01
-7.069258899999999812e+01 -7.894674899999999695e+01 -7.038624099999999828e+01
-1.919248199999999827e+01 -2.415529599999999988e+01 -2.053070900000000165e+01
-2.039426999999999879e+01 -2.178170199999999923e+01 -2.155780499999999833e+01
-8.027437000000000822e+00 -7.845157999999999632e+00 -9.175473000000000212e+00
-2.075515000000000043e+01 -2.197251800000000088e+01 -2.059736900000000048e+01
-8.546062600000000486e+01 -8.460280199999999695e+01 -7.489435699999999940e+01
-8.954491000000000867e+00 -1.003887600000000013e+01 -8.941126999999999825e+00
-8.039227000000000345e+00 -6.974044000000000132e+00 -7.995220999999999911e+00
-2.918542300000000012e+01 -2.416866800000000026e+01 -2.565048799999999929e+01
-4.881297500000000156e+01 -4.686829699999999832e+01 -4.287936599999999743e+01
-4.395833300000000321e+01 -5.050836999999999932e+01 -4.754101599999999905e+01
-8.083009999999999806e+00 -8.060698000000000363e+00 -8.766270999999999702e+00
-4.955414000000000208e+00 -5.363184999999999647e+00 -5.372368999999999950e+00
-1.089822599999999930e+01 -9.941846999999999213e+00 -1.091350399999999965e+01
-3.761137899999999945e+01 -3.276355900000000076e+01 -3.429083200000000176e+01
-1.203922200000000053e+01 -1.325806299999999993e+01 -1.318116400000000077e+01
-3.307280899999999946e+01 -3.709100200000000314e+01 -3.517069399999999746e+01
-9.147278999999999272e+00 -8.998317000000000121e+00 -1.014101199999999992e+01
-6.387498899999999935e+01 -5.839004599999999812e+01 -5.912771599999999950e+01
-3.757336999999999705e+01 -4.411491800000000296e+01 -4.132446300000000150e+01
-8.344760000000000844e+00 -8.121634999999999494e+00 -8.973587999999999454e+00
-2.254574300000000164e+01 -2.086138199999999898e+01 -1.978484299999999863e+01
-4.544058700000000073e+01 -4.806740200000000129e+01 -5.249854899999999702e+01
-8.754823000000000377e+01 -7.909744200000000092e+01 -7.712457700000000216e+01
-3.588279299999999949e+01 -3.432679499999999706e+01 -3.008738400000000013e+01
-2.687405599999999950e+01 -3.087488099999999847e+01 -2.887454100000000068e+01
-1.212102299999999921e+01 -1.379078900000000019e+01 -1.158341700000000074e+01
-2.691970699999999894e+01 -2.509482500000000016e+01 -2.350151899999999827e+01
-4.323279200000000344e+01 -4.483944499999999778e+01 -5.001062399999999997e+01
-2.235753700000000066e+01 -1.842017699999999891e+01 -1.924725799999999865e+01
-6.786779599999999846e+01 -6.979453700000000538e+01 -6.143133499999999714e+01
-6.038997400000000226e+01 -6.734792600000000107e+01 -6.629650399999999877e+01
-1.028615800000000036e+01 -1.026158599999999943e+01 -9.501789000000000485e+00
-5.051684300000000150e+01 -5.812141900000000305e+01 -5.580178000000000083e+01
-1.708498700000000170e+01 -1.606701599999999885e+01 -1.620444200000000023e+01
-7.026282000000000494e+01 -7.922499200000000030e+01 -7.054104599999999436e+01
-2.058061999999999969e+01 -2.258764000000000038e+01 -2.189612500000000139e+01
-3.428132899999999950e+01 -4.015762600000000049e+01 -3.757336999999999705e+01
-2.571344300000000160e+01 -2.254574300000000164e+01 -2.423264599999999902e+01
-6.778538000000000174e+00 -6.099052000000000362e+00 -6.757976000000000205e+00
-3.566821499999999645e+01 -3.331437700000000035e+01 -3.119922700000000049e+01
-4.954809300000000150e+01 -4.381228099999999870e+01 -5.044856000000000051e+01
-7.121852699999999459e+01 -8.121923300000000268e+01 -7.253434799999999427e+01
-2.353383699999999834e+01 -2.649592799999999926e+01 -2.561492099999999894e+01
-6.490820300000000032e+01 -6.528318099999999902e+01 -6.074387099999999862e+01
-2.430892000000000053e+01 -2.518480800000000031e+01 -2.745649299999999826e+01
-9.625327000000000410e+00 -1.086578399999999966e+01 -1.124019299999999966e+01
-5.812914000000000136e+00 -6.417175000000000296e+00 -6.467875000000000263e+00
-2.186747899999999944e+01 -2.258739699999999928e+01 -2.480438600000000093e+01
-2.242056499999999986e+01 -2.703708500000000114e+01 -2.537990999999999886e+01
-2.373912699999999987e+01 -2.223167199999999966e+01 -2.422164700000000082e+01
-8.281273999999999802e+00 -9.625327000000000410e+00 -9.897173999999999694e+00
-7.557351999999999848e+00 -6.797016000000000169e+00 -7.334842000000000084e+00
-7.098743600000000242e+01 -6.362248499999999751e+01 -7.092555600000000027e+01
-4.545019899999999780e+01 -4.284871299999999650e+01 -4.797649700000000195e+01
-1.773856500000000125e+01 -1.981346299999999871e+01 -1.890993699999999933e+01
-1.157732500000000009e+01 -1.151390999999999920e+01 -1.055134999999999934e+01
-4.949455000000000382e+00 -5.394459000000000337e+00 -5.417023999999999617e+00
-9.919463999999999615e+00 -1.079119000000000028e+01 -1.055134999999999934e+01
-4.144357999999999720e+01 -3.743809199999999748e+01 -4.482482699999999909e+01
-4.146191900000000174e+01 -3.936565300000000178e+01 -4.373670700000000267e+01
-2.852748199999999912e+01 -2.508465800000000101e+01 -2.611441100000000048e+01
-4.955414000000000208e+00 -4.993514000000000230e+00 -5.363184999999999647e+00
-9.544914900000000557e+01 -9.570004199999999628e+01 -8.519192900000000179e+01
-5.246474800000000016e+01 -5.956613300000000066e+01 -5.812141900000000305e+01
-5.927220000000000155e+00 -5.768440000000000012e+00 -6.389092999999999911e+00
-4.347695900000000080e+01 -4.531762100000000260e+01 -4.758028399999999891e+01
-6.542809599999999648e+01 -6.449520300000000361e+01 -5.861168200000000184e+01
-2.602141599999999855e+01 -2.388892500000000041e+01 -2.712642400000000009e+01
-2.756284600000000040e+01 -2.495607199999999892e+01 -2.944938099999999892e+01
-3.265447699999999998e+01 -3.602165399999999806e+01 -3.138444399999999845e+01
-7.891243299999999294e+01 -7.922499200000000030e+01 -7.026282000000000494e+01
-7.979767900000000225e+01 -7.936573500000000081e+01 -7.124728399999999340e+01
-1.040144410000000050e+02 -1.035093150000000009e+02 -9.045975799999999367e+01
-3.295147000000000048e+01 -3.813853100000000040e+01 -3.591201300000000174e+01
-1.102369500000000002e+01 -1.084654199999999946e+01 -1.020328199999999974e+01
-8.533953999999999951e+01 -8.519192900000000179e+01 -7.640493100000000481e+01
-5.376325800000000044e+01 -5.115503600000000262e+01 -5.699373099999999681e+01
-1.593366400000000027e+01 -1.598863000000000056e+01 -1.439645400000000031e+01
-3.007010000000000005e+01 -2.749004599999999954e+01 -3.032508800000000093e+01
-1.293553099999999922e+01 -1.369546899999999923e+01 -1.432146099999999933e+01
-8.098609799999999836e+01 -9.343151799999999696e+01 -8.058635900000000163e+01
-7.119323400000000390e+01 -6.299397299999999689e+01 -6.343901699999999977e+01
-6.166013499999999681e+01 -6.420749100000000453e+01 -5.727100800000000191e+01
-7.129409200000000624e+01 -8.046854600000000346e+01 -7.112086899999999901e+01
-3.420291999999999888e+01 -3.478883700000000090e+01 -4.005881099999999861e+01
-5.825871099999999814e+01 -5.480546900000000221e+01 -5.246555399999999736e+01
-5.539515999999999885e+00 -5.711527000000000243e+00 -6.252736999999999767e+00
-3.435707500000000181e+01 -3.190653400000000062e+01 -3.640233800000000031e+01
-1.217959199999999953e+01 -1.003117800000000059e+01 -1.158856199999999959e+01
-3.013804000000000016e+01 -3.379269500000000193e+01 -3.247627500000000111e+01
-1.325806299999999993e+01 -1.203600600000000043e+01 -1.326405500000000082e+01
-1.293997799999999998e+01 -1.306503499999999995e+01 -1.411358399999999946e+01
-3.326820099999999769e+01 -3.545105600000000123e+01 -4.000091400000000164e+01
-6.739421299999999349e+01 -6.111287099999999839e+01 -6.796390800000000354e+01
-6.904845899999999403e+01 -7.838183200000000284e+01 -6.751209199999999555e+01
-1.014080200000000076e+01 -1.027186299999999974e+01 -1.110192200000000007e+01
-2.321028499999999894e+01 -2.162316999999999823e+01 -2.398904500000000084e+01
-9.926924200000000553e+01 -8.607371000000000549e+01 -8.658929500000000701e+01
-8.285417999999999950e+00 -8.950761999999999219e+00 -9.400745999999999825e+00
-5.222110999999999947e+00 -5.389052000000000398e+00 -5.328714999999999868e+00
-1.753316200000000080e+01 -1.719321400000000111e+01 -1.643262999999999963e+01
-9.405035800000000279e+01 -9.563967399999999941e+01 -8.384303400000000295e+01
-1.123375599999999963e+01 -1.029202100000000009e+01 -1.228540800000000033e+01
-2.983159099999999953e+01 -2.852748199999999912e+01 -2.611441100000000048e+01
-7.747787999999999897e+00 -7.557351999999999848e+00 -8.344760000000000844e+00
-5.946947999999999901e+00 -5.830349000000000004e+00 -6.532990999999999993e+00
-2.134209800000000001e+01 -1.978484299999999863e+01 -1.886604799999999926e+01
-6.939852000000000132e+00 -7.603677000000000241e+00 -7.769464000000000148e+00
-4.700448399999999793e+01 -4.642515399999999914e+01 -4.317475900000000166e+01
-1.472546999999999962e+01 -1.345171799999999962e+01 -1.417111399999999932e+01
-8.518762900000000116e+01 -8.546518199999999865e+01 -7.682699900000000071e+01
-5.417023999999999617e+00 -5.394459000000000337e+00 -5.938406999999999769e+00
-6.739421299999999349e+01 -5.945902800000000354e+01 -6.111287099999999839e+01
-7.226790000000000269e+00 -7.163174999999999848e+00 -8.016769999999999285e+00
-6.685520999999999603e+00 -6.873242000000000296e+00 -7.759216000000000335e+00
-4.073333699999999880e+01 -3.863599200000000167e+01 -3.432679499999999706e+01
-7.691444400000000314e+01 -7.639934700000000589e+01 -6.818212499999999920e+01
-5.580178000000000083e+01 -6.190966300000000189e+01 -5.373077399999999670e+01
-8.023576799999999309e+01 -8.121923300000000268e+01 -7.121852699999999459e+01
-1.491129199999999955e+01 -1.586101599999999934e+01 -1.472423200000000065e+01
-7.059874700000000303e+01 -8.038413300000000561e+01 -7.092555600000000027e+01
-1.753316200000000080e+01 -1.856920699999999869e+01 -1.832357199999999864e+01
-1.490419999999999945e+01 -1.598929900000000082e+01 -1.919248199999999827e+01
-5.363184999999999647e+00 -4.993514000000000230e+00 -5.345263000000000098e+00
-3.746611800000000159e+01 -4.251715899999999948e+01 -3.633922499999999900e+01
-2.206589500000000115e+01 -2.135693099999999944e+01 -1.830374099999999871e+01
-2.056508399999999881e+01 -2.431524500000000089e+01 -2.712610700000000108e+01
-8.985812500000000114e+01 -8.773060800000000370e+01 -7.524439599999999473e+01
-3.555370899999999779e+01 -4.155657500000000226e+01 -4.101185499999999706e+01
-3.164430899999999980e+01 -2.510002700000000075e+01 -2.833120999999999867e+01
-4.954668499999999653e+01 -4.838122599999999807e+01 -4.558567800000000148e+01
-6.467875000000000263e+00 -6.417175000000000296e+00 -7.163174999999999848e+00
-2.713989700000000127e+01 -2.611441100000000048e+01 -2.398904500000000084e+01
-1.363133299999999970e+01 -1.550530299999999961e+01 -1.649508399999999853e+01
-1.072992900000000027e+01 -1.212102299999999921e+01 -1.021623400000000004e+01
-2.431524500000000089e+01 -2.816174000000000177e+01 -3.111998200000000026e+01
-7.109860199999999963e+01 -6.374602300000000099e+01 -6.395977100000000348e+01
-3.494246400000000108e+01 -3.713480899999999707e+01 -3.925137699999999796e+01
-6.036261799999999766e+01 -5.543852600000000308e+01 -6.224897800000000103e+01
-5.373077399999999670e+01 -6.183700999999999937e+01 -5.545399100000000203e+01
-9.466454999999999842e+00 -8.762562000000000850e+00 -9.488697999999999411e+00
-1.264275899999999986e+01 -1.359822899999999990e+01 -1.251425700000000063e+01
-5.372368999999999950e+00 -5.363184999999999647e+00 -5.860460999999999920e+00
-9.065642999999999674e+00 -9.149333000000000382e+00 -8.294551999999999481e+00
-1.773976199999999892e+01 -1.524718900000000055e+01 -1.830374099999999871e+01
-2.128852200000000039e+01 -2.353383699999999834e+01 -2.284449400000000097e+01
-2.497234999999999872e+01 -2.265361300000000000e+01 -2.328240800000000021e+01
-9.142174799999999379e+01 -9.089843199999999968e+01 -8.010450199999999654e+01
-2.178170199999999923e+01 -2.346018300000000067e+01 -2.325570199999999943e+01
-3.379269500000000193e+01 -3.485378299999999996e+01 -3.766343799999999931e+01
-9.175473000000000212e+00 -8.946763999999999939e+00 -1.033363399999999999e+01
-2.182052499999999995e+01 -2.246701099999999940e+01 -2.410564600000000013e+01
-7.253434799999999427e+01 -7.348474000000000217e+01 -6.434788700000000006e+01
-9.904654999999999987e+00 -9.000629999999999242e+00 -8.944637999999999423e+00
-1.606701599999999885e+01 -1.513756500000000038e+01 -1.620444200000000023e+01
-4.561578599999999994e+01 -4.764426699999999926e+01 -5.145830899999999986e+01
-4.803868400000000349e+01 -4.448313699999999926e+01 -4.987909799999999905e+01
-1.427537599999999962e+01 -1.285573199999999972e+01 -1.271471999999999980e+01
-4.264228899999999811e+01 -3.863599200000000167e+01 -4.548156399999999877e+01
-6.902945599999999615e+01 -6.916194699999999784e+01 -6.166572299999999984e+01
-6.435286600000000590e+01 -6.390800899999999984e+01 -5.869202899999999801e+01
-4.696836700000000064e+01 -4.531762100000000260e+01 -4.293173300000000125e+01
-2.756284600000000040e+01 -3.233078100000000177e+01 -3.020431699999999964e+01
-5.985313999999999801e+00 -5.417023999999999617e+00 -5.938406999999999769e+00
-2.415529599999999988e+01 -2.934825700000000026e+01 -2.928541299999999836e+01
-6.900973100000000215e+01 -6.893254399999999293e+01 -6.311456499999999892e+01
-7.403406000000000375e+00 -7.349910999999999639e+00 -8.060698000000000363e+00
-5.635350300000000345e+01 -6.299397299999999689e+01 -5.744696100000000172e+01
-7.894674899999999695e+01 -8.973313600000000179e+01 -7.881385000000000218e+01
-6.073104899999999873e+01 -5.524726499999999874e+01 -5.406125399999999814e+01
-3.743809199999999748e+01 -3.326820099999999769e+01 -4.000091400000000164e+01
-9.096039500000000544e+01 -7.986994900000000541e+01 -7.959075799999999390e+01
-3.212227000000000032e+01 -3.658173599999999936e+01 -3.907019300000000328e+01
-8.046434200000000203e+01 -8.028263699999999403e+01 -7.103028700000000129e+01
-7.086424900000000093e+01 -7.021694499999999550e+01 -6.253984799999999922e+01
-6.876941600000000676e+01 -7.030228200000000527e+01 -6.183700999999999937e+01
-3.379269500000000193e+01 -3.766343799999999931e+01 -3.635926899999999762e+01
-6.154682000000000208e+00 -7.040507999999999988e+00 -6.766859000000000179e+00
-8.023576799999999309e+01 -7.121852699999999459e+01 -7.030228200000000527e+01
-8.060698000000000363e+00 -8.750718000000000885e+00 -8.766270999999999702e+00
-3.158054500000000075e+01 -2.944938099999999892e+01 -2.659801300000000168e+01
-1.151390999999999920e+01 -1.071018499999999918e+01 -1.055134999999999934e+01
-1.275660300000000014e+01 -1.432254000000000005e+01 -1.266791399999999967e+01
-1.033363399999999999e+01 -8.946763999999999939e+00 -1.007523600000000030e+01
-5.779582200000000114e+01 -5.538705399999999912e+01 -6.333178699999999850e+01
-5.900905000000000200e+01 -6.421922200000000203e+01 -5.862274399999999730e+01
-1.904920800000000014e+01 -1.696766799999999975e+01 -1.999320499999999967e+01
-2.331683299999999903e+01 -2.498763500000000093e+01 -2.156572999999999851e+01
-9.700313099999999622e+01 -9.602633899999999301e+01 -8.360439100000000678e+01
-4.044861999999999824e+01 -4.261198999999999870e+01 -4.561578599999999994e+01
-2.020041499999999957e+01 -1.628279799999999966e+01 -1.759205100000000144e+01
-7.154175399999999740e+01 -6.528318099999999902e+01 -6.490820300000000032e+01
-8.057760999999999285e+00 -8.129706000000000543e+00 -7.319778999999999591e+00
-1.513756500000000038e+01 -1.529650400000000054e+01 -1.620444200000000023e+01
-2.197251800000000088e+01 -2.178170199999999923e+01 -2.059736900000000048e+01
-1.092443800000000032e+01 -1.129800999999999966e+01 -1.277174800000000054e+01
-2.498763500000000093e+01 -2.887454100000000068e+01 -2.686086200000000090e+01
-1.036685100000000048e+01 -1.029713399999999979e+01 -1.123997600000000041e+01
-5.855690000000000062e+00 -5.998094000000000037e+00 -6.685520999999999603e+00
-1.416189400000000020e+01 -1.502220900000000015e+01 -1.320317400000000063e+01
-8.478721799999999575e+01 -7.509946200000000260e+01 -7.572695000000000221e+01
-2.073498700000000028e+01 -1.940589599999999848e+01 -2.375841600000000042e+01
-1.569776000000000060e+01 -1.388650499999999965e+01 -1.643122699999999980e+01
-9.050629999999999953e+00 -1.032659899999999986e+01 -1.013617099999999915e+01
-3.138444399999999845e+01 -3.023656599999999983e+01 -2.745649299999999826e+01
-4.395833300000000321e+01 -4.696370199999999784e+01 -5.050836999999999932e+01
-5.380787999999999904e+00 -4.959738999999999898e+00 -5.372368999999999950e+00
-3.179177100000000067e+01 -2.869761099999999843e+01 -2.672787800000000047e+01
-8.973313600000000179e+01 -8.967484199999999817e+01 -7.881385000000000218e+01
-1.755742199999999897e+01 -1.928209199999999868e+01 -1.903909099999999910e+01
-4.526802500000000151e+01 -4.682803200000000032e+01 -4.999975100000000339e+01
-2.995659300000000158e+01 -2.567974900000000105e+01 -3.072434600000000060e+01
-1.291897900000000021e+01 -1.223983400000000010e+01 -1.165432900000000060e+01
-7.986994900000000541e+01 -8.023441300000000354e+01 -7.109860199999999963e+01
-6.075824200000000275e+01 -5.524726499999999874e+01 -6.269498099999999852e+01
-1.035164200000000001e+01 -1.167556199999999933e+01 -1.002247999999999983e+01
-4.381228099999999870e+01 -3.913871900000000181e+01 -4.573769999999999669e+01
-1.322138900000000028e+01 -1.478074200000000005e+01 -1.628279799999999966e+01
-9.974652999999999992e+00 -1.088484000000000052e+01 -1.003166799999999981e+01
-1.318116400000000077e+01 -1.429684100000000058e+01 -1.306503499999999995e+01
-1.606289400000000001e+01 -1.793285499999999999e+01 -1.592994400000000077e+01
-4.857277400000000256e+01 -5.113435599999999681e+01 -5.552570500000000209e+01
-6.463548000000000293e+00 -6.395005000000000273e+00 -7.091179000000000343e+00
-1.300120199999999926e+01 -1.158038600000000073e+01 -1.338862499999999933e+01
-1.417320300000000088e+01 -1.202741499999999952e+01 -1.214843100000000042e+01
-3.013804000000000016e+01 -3.121920700000000082e+01 -3.379269500000000193e+01
-4.806740200000000129e+01 -5.123541399999999868e+01 -5.502658799999999673e+01
-7.026282000000000494e+01 -7.054104599999999436e+01 -6.323651799999999668e+01
-4.012352700000000283e+01 -4.545019899999999780e+01 -4.282256499999999733e+01
-4.101185499999999706e+01 -4.703629600000000011e+01 -4.744980999999999938e+01
-2.878890300000000124e+01 -2.687405599999999950e+01 -2.509482500000000016e+01
-1.874324000000000012e+01 -1.903909099999999910e+01 -2.043561700000000059e+01
-1.697130800000000050e+01 -1.594792200000000015e+01 -1.606701599999999885e+01
-8.060698000000000363e+00 -7.349910999999999639e+00 -8.001823999999999160e+00
-7.176581699999999842e+01 -6.536066999999999894e+01 -6.333178699999999850e+01
-4.498125100000000032e+01 -4.287936599999999743e+01 -3.919022400000000061e+01
-3.566821499999999645e+01 -3.119922700000000049e+01 -3.323440200000000289e+01
-4.081331500000000290e+01 -3.571801299999999912e+01 -3.712321899999999886e+01
-5.944489300000000043e+01 -6.751209199999999555e+01 -5.752324800000000238e+01
-2.360806900000000041e+01 -2.127981000000000122e+01 -2.495607199999999892e+01
-4.544058700000000073e+01 -5.249854899999999702e+01 -4.997015600000000290e+01
-2.927995900000000162e+01 -2.993866299999999825e+01 -2.540472600000000014e+01
-5.782950999999999731e+00 -6.442103999999999608e+00 -6.403540999999999705e+00
-8.474793000000000021e+00 -7.328115999999999630e+00 -8.289293999999999940e+00
-7.077917000000000236e+00 -7.456712999999999703e+00 -8.100770000000000692e+00
-3.627056199999999819e+01 -3.046210200000000157e+01 -3.247240200000000243e+01
-2.166562599999999961e+01 -2.498296099999999953e+01 -2.069592499999999902e+01
-3.707405700000000337e+01 -2.942316699999999940e+01 -3.556943499999999858e+01
-6.657473000000000418e+00 -6.750443999999999889e+00 -7.524937000000000431e+00
-1.508245900000000006e+01 -1.799076399999999865e+01 -1.722109800000000135e+01
-2.056508399999999881e+01 -1.815768699999999924e+01 -2.431524500000000089e+01
-7.975939999999999586e+00 -7.250651999999999653e+00 -7.178411999999999793e+00
-2.607360600000000161e+01 -2.905621000000000009e+01 -2.822627999999999915e+01
-1.587344200000000072e+01 -1.688460200000000100e+01 -1.502220900000000015e+01
-7.747787999999999897e+00 -8.514865999999999602e+00 -7.893227999999999689e+00
-1.293997799999999998e+01 -1.192837500000000084e+01 -1.306503499999999995e+01
-6.406574700000000178e+01 -5.825871099999999814e+01 -6.366046500000000208e+01
-3.384099799999999902e+01 -3.420291999999999888e+01 -3.930544600000000344e+01
-9.045975799999999367e+01 -8.979345200000000204e+01 -7.883877300000000332e+01
-8.088628500000000088e+01 -8.030274199999999496e+01 -7.086424900000000093e+01
-1.706901500000000027e+01 -1.801507900000000006e+01 -1.912497600000000020e+01
-1.529650400000000054e+01 -1.436551599999999951e+01 -1.547370699999999921e+01
-2.254574300000000164e+01 -2.134209800000000001e+01 -2.423264599999999902e+01
-1.854504100000000122e+01 -1.885032899999999856e+01 -1.987688999999999950e+01
-3.020431699999999964e+01 -3.233078100000000177e+01 -3.517326500000000067e+01
-8.922368000000000521e+00 -8.235492000000000701e+00 -8.122885999999999385e+00
-2.360806900000000041e+01 -2.495607199999999892e+01 -2.756284600000000040e+01
-3.158054500000000075e+01 -2.659801300000000168e+01 -2.845949500000000043e+01
-5.914583999999999619e+00 -6.019974999999999632e+00 -6.657473000000000418e+00
-1.751870999999999867e+01 -1.583901099999999929e+01 -1.662243199999999987e+01
-1.085152099999999997e+01 -9.848703999999999681e+00 -9.750135000000000218e+00
-3.989195099999999883e+01 -3.384099799999999902e+01 -3.930544600000000344e+01
-1.688460200000000100e+01 -1.801507900000000006e+01 -1.610937200000000047e+01
-5.539515999999999885e+00 -6.252736999999999767e+00 -5.963307000000000357e+00
-3.981873199999999713e+01 -3.727604399999999885e+01 -4.183876500000000220e+01
-3.164430899999999980e+01 -2.833120999999999867e+01 -3.472293599999999714e+01
-1.084654199999999946e+01 -9.891313999999999496e+00 -1.020328199999999974e+01
-1.403989400000000032e+01 -1.309756299999999918e+01 -1.419512899999999966e+01
-1.199256600000000006e+01 -1.057554700000000025e+01 -1.174884499999999932e+01
-1.002388499999999993e+01 -1.101920499999999947e+01 -1.053925899999999949e+01
-2.223167199999999966e+01 -2.096909499999999937e+01 -2.265361300000000000e+01
-6.075824200000000275e+01 -6.900973100000000215e+01 -6.311456499999999892e+01
-1.728220800000000068e+01 -1.856094600000000128e+01 -1.821109999999999829e+01
-2.905621000000000009e+01 -3.268948900000000179e+01 -3.148160999999999987e+01
-6.154682000000000208e+00 -6.400463000000000235e+00 -7.040507999999999988e+00
-5.782950999999999731e+00 -5.282157999999999909e+00 -5.829447000000000045e+00
-1.502760499999999944e+01 -1.416189400000000020e+01 -1.350876399999999933e+01
-5.012705600000000317e+01 -5.446145500000000084e+01 -5.328923799999999744e+01
-1.369546899999999923e+01 -1.510110300000000016e+01 -1.432146099999999933e+01
-8.018420199999999909e+01 -8.010450199999999654e+01 -7.143354499999999518e+01
-7.749942000000000064e+01 -7.691444400000000314e+01 -6.894540399999999636e+01
-3.930323700000000287e+01 -4.347695900000000080e+01 -4.150468899999999906e+01
-1.995965699999999998e+01 -2.043561700000000059e+01 -2.182658999999999949e+01
-4.498125100000000032e+01 -4.110387300000000010e+01 -4.727813600000000349e+01
-6.289265499999999776e+01 -5.502658799999999673e+01 -5.751428899999999800e+01
-7.702586000000000155e+00 -7.871302000000000021e+00 -7.091179000000000343e+00
-8.999822999999999240e+00 -7.937528999999999613e+00 -9.228801000000000698e+00
-1.601164400000000043e+01 -1.668848699999999852e+01 -1.543255100000000013e+01
-1.318282999999999916e+01 -1.459312100000000001e+01 -1.326405500000000082e+01
-3.526351100000000116e+01 -3.418615700000000146e+01 -3.148160999999999987e+01
-4.832361199999999712e+01 -4.395148300000000319e+01 -4.982303900000000141e+01
-7.711271499999999435e+01 -8.846878700000000606e+01 -7.688558000000000447e+01
-8.088628500000000088e+01 -9.289133900000000210e+01 -8.030274199999999496e+01
-1.200726099999999974e+01 -1.304408500000000082e+01 -1.490419999999999945e+01
-4.012352700000000283e+01 -3.723116999999999877e+01 -3.495310099999999665e+01
-2.689194399999999874e+01 -2.422164700000000082e+01 -2.497234999999999872e+01
-1.130093500000000084e+01 -1.266791399999999967e+01 -1.271471999999999980e+01
-8.620222000000000051e+00 -8.285417999999999950e+00 -9.400745999999999825e+00
-1.064115900000000003e+01 -1.045018800000000070e+01 -1.228121800000000086e+01
-1.854504100000000122e+01 -1.828640400000000099e+01 -1.742832200000000142e+01
-3.707316900000000004e+01 -3.925137699999999796e+01 -4.153283100000000161e+01
-3.781213900000000194e+01 -4.261198999999999870e+01 -4.044861999999999824e+01
-6.395005000000000273e+00 -6.967187000000000019e+00 -7.091179000000000343e+00
-4.967450900000000047e+01 -4.324029699999999821e+01 -4.997015600000000290e+01
-7.603677000000000241e+00 -8.235492000000000701e+00 -8.430307000000000883e+00
-4.066727300000000156e+01 -4.334337200000000223e+01 -4.714447100000000290e+01
-6.427993299999999977e+01 -6.190966300000000189e+01 -5.580178000000000083e+01
-2.916818800000000067e+01 -2.649592799999999926e+01 -3.023656599999999983e+01
-6.710391999999999690e+00 -6.638270999999999589e+00 -7.349910999999999639e+00
-4.982303900000000141e+01 -5.117550099999999702e+01 -5.566776099999999872e+01
-7.096446000000000254e+00 -6.233000999999999792e+00 -6.939852000000000132e+00
-9.139030200000000548e+01 -8.985812500000000114e+01 -7.838183200000000284e+01
-2.242056499999999986e+01 -2.537990999999999886e+01 -2.114000000000000057e+01
-1.987527800000000155e+01 -1.934211200000000019e+01 -1.654115099999999927e+01
-5.777098999999999762e+01 -6.675289999999999679e+01 -6.206347399999999936e+01
-5.542376900000000006e+01 -5.153438899999999734e+01 -5.355232699999999824e+01
-5.553361999999999910e+01 -6.292343699999999984e+01 -6.253984799999999922e+01
-5.303970900000000199e+01 -6.080899699999999797e+01 -5.574361400000000089e+01
-7.253157999999999994e+00 -8.237792999999999921e+00 -8.092841999999999203e+00
-7.154175399999999740e+01 -7.979767900000000225e+01 -7.124728399999999340e+01
-4.949455000000000382e+00 -4.956305999999999656e+00 -5.394459000000000337e+00
-2.069592499999999902e+01 -2.372982000000000014e+01 -1.967681999999999931e+01
-9.307550299999999766e+01 -9.309825499999999465e+01 -8.060145900000000552e+01
-3.408974500000000063e+01 -3.568482300000000151e+01 -3.919022400000000061e+01
-1.443940100000000015e+01 -1.559747199999999978e+01 -1.526579000000000086e+01
-4.121258100000000013e+01 -3.709100200000000314e+01 -3.884656400000000076e+01
-4.987909799999999905e+01 -4.448313699999999926e+01 -4.618180699999999916e+01
-1.918315099999999873e+01 -1.949393299999999840e+01 -2.056410699999999991e+01
-1.755742199999999897e+01 -1.903909099999999910e+01 -1.743949100000000030e+01
-2.131671499999999853e+01 -2.182052499999999995e+01 -2.328240800000000021e+01
-6.420749100000000453e+01 -7.253434799999999427e+01 -6.434788700000000006e+01
-5.100656000000000034e+01 -5.531923700000000110e+01 -5.355232699999999824e+01
-5.076849599999999896e+01 -4.560784400000000005e+01 -4.466736900000000077e+01
-3.073079800000000006e+01 -3.357495099999999866e+01 -3.032508800000000093e+01
-2.162316999999999823e+01 -2.030199100000000101e+01 -2.221824300000000108e+01
-6.457010000000000360e+00 -7.294486000000000026e+00 -6.967187000000000019e+00
-1.753316200000000080e+01 -1.832357199999999864e+01 -1.719321400000000111e+01
-1.773469899999999910e+01 -1.569776000000000060e+01 -1.865707700000000102e+01
-5.382500600000000190e+01 -5.796644299999999816e+01 -5.205216200000000271e+01
-1.583901099999999929e+01 -1.671081500000000020e+01 -1.502760499999999944e+01
-6.080899699999999797e+01 -6.111287099999999839e+01 -5.574361400000000089e+01
-7.163174999999999848e+00 -7.981036999999999715e+00 -8.016769999999999285e+00
-4.825867600000000124e+01 -5.025863700000000023e+01 -5.300655799999999829e+01
-2.557753800000000055e+01 -2.741591299999999976e+01 -2.425466000000000122e+01
-4.132446300000000150e+01 -4.411491800000000296e+01 -4.806740200000000129e+01
-1.334874399999999994e+01 -1.177208199999999927e+01 -1.400070900000000051e+01
-8.060145900000000552e+01 -8.088628500000000088e+01 -7.105469300000000032e+01
-2.721660899999999828e+01 -2.972106799999999893e+01 -2.615240599999999915e+01
-6.355049000000000348e+01 -6.323651799999999668e+01 -5.815629500000000007e+01
-4.264228899999999811e+01 -3.627056199999999819e+01 -3.863599200000000167e+01
-2.934499200000000130e+01 -2.995659300000000158e+01 -3.478883700000000090e+01
-5.328923799999999744e+01 -5.832811800000000346e+01 -5.438089000000000084e+01
-3.936629400000000345e+01 -3.983493699999999649e+01 -4.317475900000000166e+01
-7.959075799999999390e+01 -7.986994900000000541e+01 -7.080772299999999575e+01
-9.223839599999999450e+01 -8.027412599999999543e+01 -8.034555500000000450e+01
-1.925287099999999896e+01 -1.815714900000000043e+01 -1.653240200000000115e+01
-6.710391999999999690e+00 -7.349910999999999639e+00 -7.403406000000000375e+00
-2.122165499999999838e+01 -2.264484200000000058e+01 -2.073601800000000139e+01
-5.363184999999999647e+00 -5.345263000000000098e+00 -5.869506000000000334e+00
-2.076386499999999913e+01 -2.284449400000000097e+01 -2.221824300000000108e+01
-6.463548000000000293e+00 -7.091179000000000343e+00 -7.178411999999999793e+00
-9.923327999999999705e+00 -9.083603000000000094e+00 -9.673814000000000135e+00
-5.998094000000000037e+00 -6.147827999999999626e+00 -6.873242000000000296e+00
-1.134632099999999966e+01 -1.101920499999999947e+01 -1.027058099999999996e+01
-5.945902800000000354e+01 -6.640411100000000033e+01 -5.876158800000000326e+01
-7.668021099999999990e+01 -7.640493100000000481e+01 -6.893254399999999293e+01
-1.045018800000000070e+01 -1.019816999999999929e+01 -1.197211800000000004e+01
-1.209584599999999988e+01 -1.164150899999999922e+01 -1.293553099999999922e+01
-8.028263699999999403e+01 -7.108853000000000577e+01 -7.103028700000000129e+01
-1.280135600000000018e+01 -1.185634300000000074e+01 -1.293997799999999998e+01
-5.543852600000000308e+01 -4.881297500000000156e+01 -5.163685600000000164e+01
-1.251425700000000063e+01 -1.343119000000000085e+01 -1.235493800000000064e+01
-8.199358999999999398e+00 -8.265473999999999322e+00 -7.478640000000000398e+00
-1.592994400000000077e+01 -1.593366400000000027e+01 -1.427537599999999962e+01
-7.833881900000000087e+01 -8.023576799999999309e+01 -7.030228200000000527e+01
-3.020431699999999964e+01 -3.517326500000000067e+01 -3.295147000000000048e+01
-3.781213900000000194e+01 -3.566821499999999645e+01 -3.323440200000000289e+01
-1.442276500000000006e+01 -1.361115999999999993e+01 -1.300495599999999996e+01
-8.750718000000000885e+00 -8.001823999999999160e+00 -8.668796999999999642e+00
-7.250651999999999653e+00 -6.525805000000000078e+00 -7.178411999999999793e+00
-3.930544600000000344e+01 -4.005881099999999861e+01 -4.466736900000000077e+01
-9.625327000000000410e+00 -9.401279999999999859e+00 -1.086578399999999966e+01
-1.288196800000000053e+01 -1.217959199999999953e+01 -1.458275500000000058e+01
-1.209584599999999988e+01 -1.293553099999999922e+01 -1.350876399999999933e+01
-1.248325499999999977e+01 -1.199256600000000006e+01 -1.361115999999999993e+01
-3.435707500000000181e+01 -3.029067999999999827e+01 -3.190653400000000062e+01
-2.304676399999999958e+01 -2.067916999999999916e+01 -2.146396500000000174e+01
-8.945961000000000496e+00 -8.759536999999999907e+00 -1.045018800000000070e+01
-1.460665200000000041e+01 -1.300120199999999926e+01 -1.507464900000000085e+01
-8.562189999999999301e+00 -9.149333000000000382e+00 -9.305740000000000123e+00
-2.114593699999999998e+01 -1.752163399999999882e+01 -1.968620800000000060e+01
-2.899993600000000171e+01 -2.366466899999999995e+01 -2.455229100000000031e+01
-6.757976000000000205e+00 -6.710391999999999690e+00 -7.403406000000000375e+00
-4.137672400000000295e+01 -4.395833300000000321e+01 -4.754101599999999905e+01
-4.642515399999999914e+01 -4.254866799999999927e+01 -4.317475900000000166e+01
-1.209584599999999988e+01 -1.350876399999999933e+01 -1.262368299999999977e+01
-4.246458400000000211e+01 -4.395148300000000319e+01 -4.832361199999999712e+01
-1.856920699999999869e+01 -1.959897700000000142e+01 -1.942791799999999824e+01
-3.119922700000000049e+01 -2.927995900000000162e+01 -2.686086200000000090e+01
-5.542376900000000006e+01 -5.869202899999999801e+01 -5.912771599999999950e+01
-5.711527000000000243e+00 -5.855690000000000062e+00 -6.476106999999999836e+00
-1.688460200000000100e+01 -1.890993699999999933e+01 -1.801507900000000006e+01
-5.927220000000000155e+00 -5.336351999999999762e+00 -5.768440000000000012e+00
-5.303103800000000234e+01 -5.246474800000000016e+01 -4.657267300000000176e+01
-7.080772299999999575e+01 -7.109860199999999963e+01 -6.395977100000000348e+01
-8.750718000000000885e+00 -8.668796999999999642e+00 -9.484761999999999915e+00
-8.042134500000000230e+01 -8.046854600000000346e+01 -7.129409200000000624e+01
-1.752163399999999882e+01 -1.436969999999999992e+01 -1.649508399999999853e+01
-8.083009999999999806e+00 -8.766270999999999702e+00 -8.762562000000000850e+00
-8.764020800000000122e+01 -1.003310759999999959e+02 -8.710492100000000448e+01
-1.738433600000000112e+01 -1.809574299999999880e+01 -1.899548499999999862e+01
-1.753316200000000080e+01 -1.643262999999999963e+01 -1.670265600000000106e+01
-8.918736000000000885e+00 -8.100770000000000692e+00 -9.258153000000000077e+00
-1.295397099999999924e+01 -1.403989400000000032e+01 -1.389800499999999950e+01
-1.076121820000000042e+02 -9.530243199999999604e+01 -9.570004199999999628e+01
-7.640493100000000481e+01 -8.519192900000000179e+01 -7.572695000000000221e+01
-4.109109500000000281e+01 -4.046490899999999868e+01 -3.718864200000000153e+01
-4.558567800000000148e+01 -4.162519700000000000e+01 -4.254866799999999927e+01
-3.276355900000000076e+01 -3.577900100000000094e+01 -3.114091000000000165e+01
-3.936565300000000178e+01 -4.150468899999999906e+01 -4.373670700000000267e+01
-5.546404400000000123e+01 -6.378176799999999957e+01 -6.296238799999999713e+01
-6.111287099999999839e+01 -5.945902800000000354e+01 -5.386272600000000210e+01
-4.727813600000000349e+01 -4.323279200000000344e+01 -5.001062399999999997e+01
-3.420291999999999888e+01 -4.005881099999999861e+01 -3.930544600000000344e+01
-4.535580800000000323e+01 -5.117550099999999702e+01 -4.982303900000000141e+01
-1.214843100000000042e+01 -1.202741499999999952e+01 -1.030471600000000088e+01
-2.528210299999999933e+01 -2.556916199999999861e+01 -2.775688399999999945e+01
-1.912497600000000020e+01 -2.018884600000000162e+01 -2.149906700000000015e+01
-5.876158800000000326e+01 -6.522239999999999327e+01 -5.770744100000000287e+01
-2.775688399999999945e+01 -2.822627999999999915e+01 -3.073079800000000006e+01
-6.893254399999999293e+01 -6.080899699999999797e+01 -6.311456499999999892e+01
-5.616923800000000000e+01 -4.967450900000000047e+01 -4.997015600000000290e+01
-4.109109500000000281e+01 -4.439061399999999935e+01 -4.046490899999999868e+01
-4.153283100000000161e+01 -3.925137699999999796e+01 -4.369811299999999932e+01
-8.104139600000000598e+01 -8.286088900000000024e+01 -7.366503299999999399e+01
-6.870492999999999739e+00 -6.757164999999999644e+00 -7.887144000000000155e+00
-8.045454499999999598e+01 -8.043307299999999316e+01 -7.018336800000000153e+01
-9.239415300000000286e+01 -9.139030200000000548e+01 -7.960496500000000708e+01
-9.891462000000000643e+00 -1.108101399999999970e+01 -1.177208199999999927e+01
-7.366503299999999399e+01 -7.535098399999999685e+01 -6.699425200000000302e+01
-4.131055500000000080e+01 -4.633922499999999900e+01 -4.385745299999999958e+01
-2.611441100000000048e+01 -2.321028499999999894e+01 -2.398904500000000084e+01
-9.000629999999999242e+00 -8.199358999999999398e+00 -8.129706000000000543e+00
-1.671809400000000068e+01 -1.535324199999999983e+01 -1.478437100000000015e+01
-2.221824300000000108e+01 -2.478772899999999879e+01 -2.398904500000000084e+01
-5.012705600000000317e+01 -5.153438899999999734e+01 -5.446145500000000084e+01
-2.607360600000000161e+01 -2.422164700000000082e+01 -2.689194399999999874e+01
-5.246474800000000016e+01 -5.812141900000000305e+01 -5.051684300000000150e+01
-8.999822999999999240e+00 -7.759216000000000335e+00 -7.937528999999999613e+00
-8.058635900000000163e+01 -7.095157399999999370e+01 -7.079960099999999557e+01
-7.524937000000000431e+00 -6.750443999999999889e+00 -7.743133000000000266e+00
-7.747787999999999897e+00 -6.981117000000000239e+00 -7.557351999999999848e+00
-6.979453700000000538e+01 -6.333178699999999850e+01 -6.143133499999999714e+01
-3.499314900000000250e+01 -4.176855400000000174e+01 -4.071150300000000044e+01
-6.395977100000000348e+01 -6.374602300000000099e+01 -5.747091300000000302e+01
-2.181667099999999948e+01 -1.888623300000000071e+01 -2.048569300000000126e+01
-7.936573500000000081e+01 -7.069258899999999812e+01 -7.124728399999999340e+01
-6.532990999999999993e+00 -7.140280999999999878e+00 -7.262754000000000154e+00
-2.135693099999999944e+01 -2.080679999999999907e+01 -1.773976199999999892e+01
-1.593006800000000034e+01 -1.387212300000000020e+01 -1.535324199999999983e+01
-6.685520999999999603e+00 -7.759216000000000335e+00 -7.456712999999999703e+00
-3.007010000000000005e+01 -3.324963499999999783e+01 -3.299417300000000353e+01
-2.166087500000000077e+01 -1.611005799999999866e+01 -1.937171599999999927e+01
-1.161511400000000016e+01 -1.303112400000000015e+01 -1.180757700000000021e+01
-3.357495099999999866e+01 -3.324963499999999783e+01 -3.032508800000000093e+01
-5.509800099999999645e+01 -6.216671099999999939e+01 -5.710596000000000316e+01
-4.657267300000000176e+01 -5.246474800000000016e+01 -4.578294499999999800e+01
-3.556943499999999858e+01 -3.416782200000000103e+01 -4.147778900000000135e+01
-2.423264599999999902e+01 -2.134209800000000001e+01 -2.283960799999999836e+01
-1.086578399999999966e+01 -9.401279999999999859e+00 -1.057554700000000025e+01
-5.031613000000000113e+00 -5.069713000000000136e+00 -5.315548999999999857e+00
-7.348474000000000217e+01 -6.544828099999999438e+01 -6.434788700000000006e+01
-2.067916999999999916e+01 -1.981346299999999871e+01 -1.858007999999999882e+01
-5.509800099999999645e+01 -4.982303900000000141e+01 -5.566776099999999872e+01
-5.147539799999999843e+01 -5.747091300000000302e+01 -5.376336100000000329e+01
-2.004163499999999942e+01 -2.128852200000000039e+01 -1.958138299999999887e+01
-7.143354499999999518e+01 -7.154175399999999740e+01 -6.490820300000000032e+01
-1.035164200000000001e+01 -8.918736000000000885e+00 -9.258153000000000077e+00
-3.646102299999999730e+01 -3.614038500000000198e+01 -3.299417300000000353e+01
-5.977192000000000149e+01 -6.143133499999999714e+01 -5.377669499999999658e+01
-6.750443999999999889e+00 -6.252736999999999767e+00 -7.077917000000000236e+00
-1.885032899999999856e+01 -1.919220100000000073e+01 -2.030199100000000101e+01
-5.246474800000000016e+01 -5.051684300000000150e+01 -4.578294499999999800e+01
-9.175473000000000212e+00 -7.845157999999999632e+00 -8.946763999999999939e+00
-6.657473000000000418e+00 -6.019974999999999632e+00 -6.750443999999999889e+00
-2.814901400000000109e+01 -2.713989700000000127e+01 -2.478772899999999879e+01
-1.842017699999999891e+01 -1.607281499999999852e+01 -1.924725799999999865e+01
-1.277174800000000054e+01 -1.508245900000000006e+01 -1.447124799999999922e+01
-5.373077399999999670e+01 -6.190966300000000189e+01 -6.183700999999999937e+01
-4.994970599999999905e+01 -4.608080199999999849e+01 -5.375856999999999886e+01
-1.110192200000000007e+01 -1.027186299999999974e+01 -1.165432900000000060e+01
-4.535580800000000323e+01 -4.124402899999999761e+01 -4.686829699999999832e+01
-3.720221200000000294e+01 -3.304504599999999925e+01 -3.989195099999999883e+01
-1.550353899999999996e+01 -1.503278700000000079e+01 -1.843375699999999995e+01
-5.910938000000000159e+01 -5.861168200000000184e+01 -5.261277799999999871e+01
-5.107812000000000019e+00 -5.145912000000000042e+00 -5.266834000000000238e+00
-5.927220000000000155e+00 -6.389092999999999911e+00 -6.588206999999999702e+00
-2.845949500000000043e+01 -2.380650100000000080e+01 -2.537990999999999886e+01
-5.032399800000000312e+01 -4.642515399999999914e+01 -4.700448399999999793e+01
-6.861112799999999368e+01 -7.635853000000000179e+01 -6.889715999999999951e+01
-5.460557999999999801e+00 -5.985313999999999801e+00 -6.053821000000000119e+00
-2.929752900000000082e+01 -3.120804599999999951e+01 -2.753435599999999894e+01
-6.147827999999999626e+00 -6.318093000000000181e+00 -7.047358000000000011e+00
-3.429083200000000176e+01 -3.276355900000000076e+01 -2.983159099999999953e+01
-1.815714900000000043e+01 -1.929762099999999947e+01 -1.687358199999999897e+01
-1.755742199999999897e+01 -1.762503299999999840e+01 -1.928209199999999868e+01
-4.744980999999999938e+01 -5.076849599999999896e+01 -4.466736900000000077e+01
-4.264228899999999811e+01 -4.943318000000000012e+01 -4.628493699999999933e+01
-1.870699799999999868e+01 -1.784536900000000159e+01 -1.881184700000000021e+01
-5.281689000000000078e+00 -5.107812000000000019e+00 -5.266834000000000238e+00
-1.320317400000000063e+01 -1.156642500000000062e+01 -1.262368299999999977e+01
-5.869506000000000334e+00 -5.345263000000000098e+00 -5.858888000000000318e+00
-9.514949099999999760e+01 -1.065743499999999955e+02 -9.528873299999999347e+01
-7.909744200000000092e+01 -7.176581699999999842e+01 -6.979453700000000538e+01
-1.583901099999999929e+01 -1.502760499999999944e+01 -1.432146099999999933e+01
-1.886604799999999926e+01 -1.743002699999999905e+01 -1.671809400000000068e+01
-8.546518199999999865e+01 -7.668021099999999990e+01 -7.682699900000000071e+01
-3.936362400000000150e+01 -4.392519800000000174e+01 -4.183876500000000220e+01
-3.120804599999999951e+01 -2.926553900000000041e+01 -2.753435599999999894e+01
-1.032659899999999986e+01 -1.059488600000000069e+01 -1.190469200000000072e+01
-8.967484199999999817e+01 -8.979090399999999761e+01 -7.883550200000000530e+01
-2.127981000000000122e+01 -1.835695300000000074e+01 -1.904920800000000014e+01
-2.869761099999999843e+01 -2.375841600000000042e+01 -2.672787800000000047e+01
-7.026282000000000494e+01 -6.323651799999999668e+01 -6.355049000000000348e+01
-8.950761999999999219e+00 -8.609991000000000838e+00 -9.469766999999999157e+00
-1.174713900000000066e+01 -1.157732500000000009e+01 -1.079119000000000028e+01
-5.376325800000000044e+01 -5.699373099999999681e+01 -5.886204000000000036e+01
-1.431489000000000011e+01 -1.585237799999999986e+01 -1.703029599999999988e+01
-8.344760000000000844e+00 -7.557351999999999848e+00 -8.121634999999999494e+00
-6.778538000000000174e+00 -6.757976000000000205e+00 -7.442254000000000147e+00
-2.242056499999999986e+01 -2.372982000000000014e+01 -2.703708500000000114e+01
-2.886586000000000141e+01 -2.452071000000000112e+01 -2.934499200000000130e+01
-2.642949799999999883e+01 -2.873569699999999827e+01 -2.572774899999999931e+01
-5.643363399999999785e+01 -6.075824200000000275e+01 -6.311456499999999892e+01
-1.559747199999999978e+01 -1.643262999999999963e+01 -1.526579000000000086e+01
-6.394402800000000298e+01 -6.379197500000000076e+01 -5.753824999999999790e+01
-5.328923799999999744e+01 -5.446145500000000084e+01 -5.839004599999999812e+01
-3.907019300000000328e+01 -4.339602200000000209e+01 -4.608080199999999849e+01
-2.951372599999999835e+01 -3.190653400000000062e+01 -2.805247599999999863e+01
-3.230644099999999952e+01 -3.571801299999999912e+01 -3.108407800000000165e+01
-1.199256600000000006e+01 -1.174884499999999932e+01 -1.300495599999999996e+01
-1.068642999999999965e+01 -1.027058099999999996e+01 -9.871453999999999951e+00
-1.059488600000000069e+01 -9.441012000000000626e+00 -1.092443800000000032e+01
-3.230644099999999952e+01 -3.108407800000000165e+01 -2.814901400000000109e+01
-2.679247600000000062e+01 -2.557753800000000055e+01 -2.381257799999999847e+01
-7.480681999999999832e+00 -7.328115999999999630e+00 -8.474793000000000021e+00
-2.471371299999999849e+01 -2.928541299999999836e+01 -2.944794699999999921e+01
-5.727100800000000191e+01 -5.044856000000000051e+01 -5.296314799999999678e+01
-6.531183999999999656e+00 -6.657473000000000418e+00 -7.384160999999999753e+00
-3.112511900000000153e+01 -3.326820099999999769e+01 -3.743809199999999748e+01
-4.448668700000000342e+01 -4.183876500000000220e+01 -4.650797899999999885e+01
-1.448487599999999986e+01 -1.212102299999999921e+01 -1.276371299999999920e+01
-7.098743600000000242e+01 -6.289265499999999776e+01 -6.362248499999999751e+01
-3.190653400000000062e+01 -3.029067999999999827e+01 -2.805247599999999863e+01
-1.439645400000000031e+01 -1.452248299999999936e+01 -1.303112400000000015e+01
-1.761110000000000042e+01 -1.856094600000000128e+01 -1.728220800000000068e+01
-3.104803100000000171e+01 -2.972106799999999893e+01 -2.721660899999999828e+01
-6.080899699999999797e+01 -5.643363399999999785e+01 -6.311456499999999892e+01
-3.688504799999999761e+01 -3.894165499999999724e+01 -4.152723399999999998e+01
-1.052423800000000043e+01 -8.999822999999999240e+00 -9.228801000000000698e+00
-3.723116999999999877e+01 -4.282256499999999733e+01 -4.015762600000000049e+01
-3.428132899999999950e+01 -3.757336999999999705e+01 -3.136885600000000096e+01
-3.072434600000000060e+01 -2.567974900000000105e+01 -2.653587699999999927e+01
-6.384060999999999986e+00 -6.233000999999999792e+00 -7.096446000000000254e+00
-1.510110300000000016e+01 -1.583901099999999929e+01 -1.432146099999999933e+01
-1.280135600000000018e+01 -1.264275899999999986e+01 -1.174713900000000066e+01
-3.072434600000000060e+01 -3.168853500000000167e+01 -3.633922499999999900e+01
-1.334874399999999994e+01 -1.276371299999999920e+01 -1.136338600000000021e+01
-4.014650799999999720e+01 -4.366953300000000127e+01 -3.983493699999999649e+01
-1.416189400000000020e+01 -1.320317400000000063e+01 -1.262368299999999977e+01
-1.258901200000000031e+01 -1.161616399999999949e+01 -1.133145500000000006e+01
-6.967187000000000019e+00 -7.702586000000000155e+00 -7.091179000000000343e+00
-3.159777700000000067e+01 -3.763985999999999876e+01 -3.843166200000000288e+01
-7.098743600000000242e+01 -8.045454499999999598e+01 -7.018336800000000153e+01
-1.052910199999999996e+01 -9.362087999999999965e+00 -1.031708199999999920e+01
-3.723116999999999877e+01 -3.428132899999999950e+01 -3.179177100000000067e+01
-1.129800999999999966e+01 -9.712051000000000656e+00 -1.002247999999999983e+01
-8.533953999999999951e+01 -9.544914900000000557e+01 -8.519192900000000179e+01
-8.057760999999999285e+00 -8.866578999999999766e+00 -8.944637999999999423e+00
-1.601164400000000043e+01 -1.719321400000000111e+01 -1.668848699999999852e+01
-2.133318699999999879e+01 -1.953176200000000051e+01 -2.186747899999999944e+01
-7.557351999999999848e+00 -6.981117000000000239e+00 -6.797016000000000169e+00
-1.026896600000000070e+01 -1.123375599999999963e+01 -1.224434100000000036e+01
-7.328115999999999630e+00 -7.200618000000000407e+00 -8.289293999999999940e+00
-4.881297500000000156e+01 -4.287936599999999743e+01 -4.498125100000000032e+01
-6.334376900000000177e+01 -5.674490000000000123e+01 -5.613412999999999897e+01
-3.323440200000000289e+01 -3.119922700000000049e+01 -2.887454100000000068e+01
-9.268495000000000061e+01 -9.405035800000000279e+01 -8.248609100000000183e+01
-1.990235099999999946e+01 -2.131671499999999853e+01 -2.096909499999999937e+01
-5.113435599999999681e+01 -5.717321900000000312e+01 -5.552570500000000209e+01
-1.912497600000000020e+01 -2.149906700000000015e+01 -2.022514400000000023e+01
-5.815629500000000007e+01 -5.699373099999999681e+01 -5.300655799999999829e+01
-5.356404899999999714e+01 -4.987909799999999905e+01 -5.574190300000000065e+01
-8.147674999999999557e+00 -8.862577999999999179e+00 -9.581583000000000183e+00
-1.205200100000000063e+01 -1.160349100000000000e+01 -1.436969999999999992e+01
-4.616149099999999805e+01 -4.369811299999999932e+01 -4.825867600000000124e+01
-3.989997900000000186e+01 -3.388228699999999805e+01 -3.627056199999999819e+01
-1.134632099999999966e+01 -1.211698400000000042e+01 -1.101920499999999947e+01
-3.404364499999999794e+01 -3.111998200000000026e+01 -3.802088700000000188e+01
-7.073341899999999782e+01 -6.342619700000000194e+01 -7.112086899999999901e+01
-9.897173999999999694e+00 -9.625327000000000410e+00 -1.124019299999999966e+01
-4.005881099999999861e+01 -4.101185499999999706e+01 -4.744980999999999938e+01
-1.002388499999999993e+01 -8.950761999999999219e+00 -9.469766999999999157e+00
-3.602165399999999806e+01 -3.265447699999999998e+01 -3.748451599999999928e+01
-1.422928199999999954e+01 -1.592994400000000077e+01 -1.427537599999999962e+01
-1.142982399999999998e+01 -1.031708199999999920e+01 -1.014101199999999992e+01
-6.796390800000000354e+01 -6.111287099999999839e+01 -6.080899699999999797e+01
-1.780128699999999853e+01 -2.053070900000000165e+01 -2.083750399999999914e+01
-1.419512899999999966e+01 -1.529650400000000054e+01 -1.513756500000000038e+01
-1.416189400000000020e+01 -1.587344200000000072e+01 -1.502220900000000015e+01
-1.085152099999999997e+01 -1.072193399999999919e+01 -1.196074600000000032e+01
-2.851949199999999962e+01 -2.518480800000000031e+01 -2.615240599999999915e+01
-4.578294499999999800e+01 -4.310976500000000300e+01 -3.978381300000000209e+01
-3.757336999999999705e+01 -4.015762600000000049e+01 -4.411491800000000296e+01
-1.654115099999999927e+01 -1.934211200000000019e+01 -1.613713900000000123e+01
-3.627056199999999819e+01 -3.388228699999999805e+01 -3.046210200000000157e+01
-1.166790999999999912e+01 -1.104596699999999920e+01 -1.053925899999999949e+01
-1.338862499999999933e+01 -1.569776000000000060e+01 -1.507464900000000085e+01
-3.288333800000000195e+01 -2.878890300000000124e+01 -3.075579700000000116e+01
-3.013804000000000016e+01 -2.885294999999999987e+01 -2.679247600000000062e+01
-1.890993699999999933e+01 -1.981346299999999871e+01 -2.119822900000000132e+01
-9.092309999999999448e+00 -8.922368000000000521e+00 -9.891313999999999496e+00
-2.020041499999999957e+01 -2.366466899999999995e+01 -1.924725799999999865e+01
-2.649592799999999926e+01 -2.430892000000000053e+01 -2.745649299999999826e+01
-3.382230700000000212e+01 -3.190653400000000062e+01 -2.951372599999999835e+01
-1.235493800000000064e+01 -1.325917300000000054e+01 -1.219118199999999952e+01
-1.242957400000000057e+01 -1.479208500000000015e+01 -1.442801700000000054e+01
-1.091626600000000025e+01 -9.848703999999999681e+00 -1.085152099999999997e+01
-4.369811299999999932e+01 -4.146191900000000174e+01 -4.585866399999999743e+01
-2.479866300000000123e+01 -2.438923700000000139e+01 -2.264484200000000058e+01
-1.285573199999999972e+01 -1.161511400000000016e+01 -1.142982399999999998e+01
-5.825871099999999814e+01 -5.900905000000000200e+01 -5.480546900000000221e+01
-1.656243699999999919e+01 -1.742832200000000142e+01 -1.637094099999999841e+01
-1.038612400000000058e+01 -1.191691699999999976e+01 -1.035164200000000001e+01
-5.985313999999999801e+00 -5.938406999999999769e+00 -6.584514999999999674e+00
-1.291897900000000021e+01 -1.354765000000000086e+01 -1.417111399999999932e+01
-3.545105600000000123e+01 -3.443001300000000242e+01 -3.978381300000000209e+01
-4.132446300000000150e+01 -4.544058700000000073e+01 -3.868349400000000315e+01
-3.894165499999999724e+01 -3.640233800000000031e+01 -4.131055500000000080e+01
-1.230901899999999927e+01 -1.092443800000000032e+01 -1.277174800000000054e+01
-1.999320499999999967e+01 -1.773469899999999910e+01 -2.114000000000000057e+01
-5.294986099999999851e+01 -4.785004899999999850e+01 -5.524726499999999874e+01
-1.809574299999999880e+01 -1.869605999999999923e+01 -1.960317799999999977e+01
-1.815714900000000043e+01 -2.071086599999999933e+01 -1.929762099999999947e+01
-3.723942999999999870e+01 -3.158054500000000075e+01 -3.388228699999999805e+01
-1.324105699999999963e+01 -1.565353099999999920e+01 -1.508245900000000006e+01
-1.508245900000000006e+01 -1.565353099999999920e+01 -1.799076399999999865e+01
-3.136885600000000096e+01 -3.757336999999999705e+01 -3.472293599999999714e+01
-2.455229100000000031e+01 -2.366466899999999995e+01 -2.020041499999999957e+01
-4.703629600000000011e+01 -4.810047399999999840e+01 -5.302639500000000083e+01
-1.276371299999999920e+01 -1.072992900000000027e+01 -1.136338600000000021e+01
-5.452678999999999832e+00 -5.539515999999999885e+00 -5.963307000000000357e+00
-5.741719999999999935e+00 -6.523052999999999990e+00 -6.318093000000000181e+00
-1.391354399999999991e+01 -1.305442799999999970e+01 -1.258901200000000031e+01
-6.427993299999999977e+01 -7.138094999999999857e+01 -6.190966300000000189e+01
-1.990235099999999946e+01 -2.017648300000000106e+01 -2.131671499999999853e+01
-1.013617099999999915e+01 -1.032659899999999986e+01 -1.158038600000000073e+01
-6.372408699999999726e+01 -7.037501199999999812e+01 -7.031968700000000183e+01
-1.087164600000000014e+01 -1.064115900000000003e+01 -1.247547600000000045e+01
-2.786291399999999996e+01 -3.013804000000000016e+01 -2.679247600000000062e+01
-7.165117999999999654e+00 -8.003294999999999604e+00 -7.134833999999999676e+00
-1.472423200000000065e+01 -1.586101599999999934e+01 -1.566187200000000068e+01
-1.065743499999999955e+02 -1.071903300000000030e+02 -9.528873299999999347e+01
-1.303112400000000015e+01 -1.452248299999999936e+01 -1.318282999999999916e+01
-1.161511400000000016e+01 -1.052910199999999996e+01 -1.031708199999999920e+01
-1.580906300000000009e+01 -1.469161500000000053e+01 -1.486229200000000006e+01
-1.606289400000000001e+01 -1.640251800000000060e+01 -1.835695300000000074e+01
-1.230901899999999927e+01 -1.277174800000000054e+01 -1.447124799999999922e+01
-4.310976500000000300e+01 -4.797836900000000071e+01 -4.000091400000000164e+01
-2.495607199999999892e+01 -2.127981000000000122e+01 -2.241691900000000004e+01
-4.012352700000000283e+01 -4.284871299999999650e+01 -4.545019899999999780e+01
-1.247547600000000045e+01 -1.228121800000000086e+01 -1.428474199999999961e+01
-2.972106799999999893e+01 -3.408974500000000063e+01 -3.265447699999999998e+01
-3.113788399999999967e+01 -2.964683600000000041e+01 -2.712642400000000009e+01
-1.324105699999999963e+01 -1.508245900000000006e+01 -1.277174800000000054e+01
-8.954307300000000680e+01 -9.054103700000000288e+01 -7.833881900000000087e+01
-1.393737400000000015e+01 -1.363805299999999932e+01 -1.191691699999999976e+01
-2.972106799999999893e+01 -3.265447699999999998e+01 -2.851949199999999962e+01
-9.042099999999999582e+00 -9.065642999999999674e+00 -8.265473999999999322e+00
-1.275660300000000014e+01 -1.460665200000000041e+01 -1.432254000000000005e+01
-3.418615700000000146e+01 -3.718864200000000153e+01 -3.357495099999999866e+01
-1.773182900000000117e+01 -1.856920699999999869e+01 -1.753316200000000080e+01
-1.587778100000000059e+01 -1.510110300000000016e+01 -1.444668799999999997e+01
-4.954073199999999844e+01 -5.303970900000000199e+01 -5.574361400000000089e+01
-3.761137899999999945e+01 -3.577900100000000094e+01 -3.276355900000000076e+01
-2.649592799999999926e+01 -2.916818800000000067e+01 -2.561492099999999894e+01
-1.295397099999999924e+01 -1.309756299999999918e+01 -1.403989400000000032e+01
-2.586595799999999912e+01 -2.423264599999999902e+01 -2.283960799999999836e+01
-1.219118199999999952e+01 -1.204128000000000043e+01 -1.115690799999999960e+01
-4.483944499999999778e+01 -5.043863799999999742e+01 -5.001062399999999997e+01
-7.489435699999999940e+01 -7.398225499999999499e+01 -6.629650399999999877e+01
-7.179350499999999613e+01 -8.116933199999999715e+01 -7.127780900000000486e+01
-6.522239999999999327e+01 -7.278345799999999599e+01 -6.378176799999999957e+01
-3.591201300000000174e+01 -4.137672400000000295e+01 -3.919556800000000152e+01
-1.020085499999999996e+02 -1.014801219999999944e+02 -8.823567199999999389e+01
-1.610937200000000047e+01 -1.442276500000000006e+01 -1.502220900000000015e+01
-6.640411100000000033e+01 -6.522239999999999327e+01 -5.876158800000000326e+01
-7.559114000000000111e+00 -8.265473999999999322e+00 -8.294551999999999481e+00
-4.109109500000000281e+01 -4.526802500000000151e+01 -4.439061399999999935e+01
-4.967450900000000047e+01 -4.853600600000000043e+01 -4.406809599999999705e+01
-2.373912699999999987e+01 -2.422164700000000082e+01 -2.607360600000000161e+01
-2.269276800000000094e+01 -2.425466000000000122e+01 -2.149906700000000015e+01
-3.494337600000000066e+01 -3.936362400000000150e+01 -3.727604399999999885e+01
-7.691444400000000314e+01 -8.710492100000000448e+01 -7.639934700000000589e+01
-1.457200300000000048e+01 -1.325806299999999993e+01 -1.326405500000000082e+01
-1.479208500000000015e+01 -1.278779600000000016e+01 -1.524718900000000055e+01
-9.427374000000000365e+00 -1.029202100000000009e+01 -1.123375599999999963e+01
-4.810047399999999840e+01 -5.633125700000000080e+01 -5.302639500000000083e+01
-9.502112000000000336e+00 -8.414370999999999157e+00 -9.827360000000000539e+00
-6.545752099999999984e+01 -5.504865900000000067e+01 -6.606792099999999834e+01
-1.076121820000000042e+02 -1.073550450000000041e+02 -9.530243199999999604e+01
-4.183876500000000220e+01 -4.392519800000000174e+01 -4.650797899999999885e+01
-1.865707700000000102e+01 -2.242056499999999986e+01 -2.114000000000000057e+01
-2.206584799999999902e+01 -2.350151899999999827e+01 -2.048569300000000126e+01
-3.017011199999999960e+01 -2.942316699999999940e+01 -3.707405700000000337e+01
-1.266818999999999917e+01 -1.243360299999999974e+01 -1.164070899999999931e+01
-8.060145900000000552e+01 -7.105469300000000032e+01 -7.017126600000000280e+01
-4.806740200000000129e+01 -4.411491800000000296e+01 -5.123541399999999868e+01
-6.296238799999999713e+01 -6.334376900000000177e+01 -5.613412999999999897e+01
-3.804965500000000134e+01 -4.224621499999999941e+01 -4.109109500000000281e+01
-2.406964800000000082e+01 -2.954214500000000143e+01 -2.934825700000000026e+01
-3.658173599999999936e+01 -4.090854300000000165e+01 -4.339602200000000209e+01
-2.495607199999999892e+01 -2.241691900000000004e+01 -2.659801300000000168e+01
-8.237792999999999921e+00 -7.384160999999999753e+00 -8.416769000000000389e+00
-4.251715899999999948e+01 -4.381228099999999870e+01 -4.954809300000000150e+01
-9.110060799999999404e+01 -7.945784700000000100e+01 -8.036611399999999605e+01
-9.528873299999999347e+01 -8.533953999999999951e+01 -8.546518199999999865e+01
-5.779582200000000114e+01 -5.255847399999999681e+01 -5.076849599999999896e+01
-8.607371000000000549e+01 -9.860354499999999689e+01 -8.546062600000000486e+01
-2.899993600000000171e+01 -2.967139299999999835e+01 -3.545105600000000123e+01
-2.572774899999999931e+01 -2.786291399999999996e+01 -2.484080000000000155e+01
-1.345171799999999962e+01 -1.291897900000000021e+01 -1.417111399999999932e+01
-6.638270999999999589e+00 -5.946947999999999901e+00 -6.532990999999999993e+00
-6.889715999999999951e+01 -6.075824200000000275e+01 -6.269498099999999852e+01
-1.607281499999999852e+01 -1.334874399999999994e+01 -1.400070900000000051e+01
-5.282157999999999909e+00 -5.184012000000000064e+00 -5.328714999999999868e+00
-3.591201300000000174e+01 -3.813853100000000040e+01 -4.137672400000000295e+01
-7.960496500000000708e+01 -6.904845899999999403e+01 -7.021694499999999550e+01
-9.050629999999999953e+00 -1.013617099999999915e+01 -8.954491000000000867e+00
-1.650092899999999929e+01 -1.550353899999999996e+01 -1.940589599999999848e+01
-2.071086599999999933e+01 -2.367880900000000111e+01 -2.206584799999999902e+01
-3.046210200000000157e+01 -3.388228699999999805e+01 -2.845949500000000043e+01
-7.095157399999999370e+01 -8.046434200000000203e+01 -7.103028700000000129e+01
-5.115503600000000262e+01 -4.616149099999999805e+01 -4.825867600000000124e+01
-1.742832200000000142e+01 -1.828640400000000099e+01 -1.723544499999999857e+01
-1.325806299999999993e+01 -1.446184700000000056e+01 -1.318116400000000077e+01
-1.391354399999999991e+01 -1.258901200000000031e+01 -1.345171799999999962e+01
-6.213309300000000235e+01 -5.574190300000000065e+01 -5.710596000000000316e+01
-5.861168200000000184e+01 -6.449520300000000361e+01 -5.796644299999999816e+01
-1.856094600000000128e+01 -2.004163499999999942e+01 -1.958138299999999887e+01
-2.335194299999999856e+01 -2.118855299999999886e+01 -2.182658999999999949e+01
-1.687358199999999897e+01 -1.460523399999999938e+01 -1.607441299999999984e+01
-8.607371000000000549e+01 -7.574420499999999379e+01 -7.607341200000000470e+01
-5.076849599999999896e+01 -5.255847399999999681e+01 -4.560784400000000005e+01
-1.895759400000000028e+01 -1.881184700000000021e+01 -1.794571099999999930e+01
-1.587778100000000059e+01 -1.665244200000000063e+01 -1.738433600000000112e+01
-4.682803200000000032e+01 -4.897291100000000341e+01 -5.205216200000000271e+01
-3.119922700000000049e+01 -3.331437700000000035e+01 -2.927995900000000162e+01
-1.026896600000000070e+01 -9.427374000000000365e+00 -1.123375599999999963e+01
-3.168853500000000167e+01 -3.746611800000000159e+01 -3.633922499999999900e+01
-4.261198999999999870e+01 -4.448668700000000342e+01 -4.764426699999999926e+01
-1.035164200000000001e+01 -1.002247999999999983e+01 -8.918736000000000885e+00
-5.616923800000000000e+01 -6.292343699999999984e+01 -5.553361999999999910e+01
-9.083603000000000094e+00 -8.973587999999999454e+00 -9.673814000000000135e+00
-2.131671499999999853e+01 -2.017648300000000106e+01 -2.182052499999999995e+01
-5.633125700000000080e+01 -5.977192000000000149e+01 -5.302639500000000083e+01
-6.252736999999999767e+00 -6.476106999999999836e+00 -7.077917000000000236e+00
-9.072824999999999918e+00 -9.581583000000000183e+00 -1.072992900000000027e+01
-1.978484299999999863e+01 -1.817748699999999928e+01 -1.743002699999999905e+01
-2.325570199999999943e+01 -2.301018799999999942e+01 -2.155780499999999833e+01
-8.680744000000000682e+00 -1.026896600000000070e+01 -9.325855000000000672e+00
-5.447801900000000330e+01 -5.032399800000000312e+01 -5.089570899999999654e+01
-3.314668000000000347e+01 -3.726157200000000103e+01 -3.511916399999999783e+01
-6.606792099999999834e+01 -5.591253600000000290e+01 -6.433016399999999635e+01
-6.019974999999999632e+00 -5.452678999999999832e+00 -5.963307000000000357e+00
-6.421922200000000203e+01 -6.490820300000000032e+01 -5.862274399999999730e+01
-1.479208500000000015e+01 -1.773976199999999892e+01 -1.728859399999999980e+01
-7.030228200000000527e+01 -6.166013499999999681e+01 -6.183700999999999937e+01
-8.430307000000000883e+00 -9.289652999999999494e+00 -8.609991000000000838e+00
-1.038612400000000058e+01 -1.202741499999999952e+01 -1.191691699999999976e+01
-3.306075700000000239e+01 -2.766896099999999947e+01 -2.918542300000000012e+01
-5.899995999999999796e+00 -5.380787999999999904e+00 -5.863315000000000055e+00
-5.717321900000000312e+01 -5.113435599999999681e+01 -5.289191399999999987e+01
-7.881385000000000218e+01 -7.883550200000000530e+01 -7.037501199999999812e+01
-1.264275899999999986e+01 -1.251425700000000063e+01 -1.157732500000000009e+01
-8.562189999999999301e+00 -8.121634999999999494e+00 -7.841700000000000337e+00
-6.638270999999999589e+00 -6.532990999999999993e+00 -7.262754000000000154e+00
-4.150468899999999906e+01 -4.347695900000000080e+01 -4.579294199999999648e+01
-2.642949799999999883e+01 -2.693304799999999943e+01 -2.938083999999999918e+01
-9.570004199999999628e+01 -8.478721799999999575e+01 -8.519192900000000179e+01
-8.384303400000000295e+01 -7.501481400000000122e+01 -7.348474000000000217e+01
-1.958289399999999958e+01 -2.012942200000000170e+01 -1.703029599999999988e+01
-1.958138299999999887e+01 -2.128852200000000039e+01 -2.076386499999999913e+01
-5.531923700000000110e+01 -5.649909799999999649e+01 -5.978913099999999758e+01
-1.156642500000000062e+01 -1.007523600000000030e+01 -1.113573899999999917e+01
-5.869202899999999801e+01 -5.531923700000000110e+01 -5.978913099999999758e+01
-1.060741819999999933e+02 -1.053314560000000029e+02 -9.281607800000000452e+01
-1.393385699999999972e+01 -1.293997799999999998e+01 -1.411358399999999946e+01
-7.726714000000000304e+00 -8.448408000000000584e+00 -8.862577999999999179e+00
-1.881184700000000021e+01 -1.784536900000000159e+01 -1.794571099999999930e+01
-1.654115099999999927e+01 -1.417320300000000088e+01 -1.691045099999999834e+01
-2.149906700000000015e+01 -2.425466000000000122e+01 -2.283960799999999836e+01
-3.781213900000000194e+01 -4.044861999999999824e+01 -3.566821499999999645e+01
-1.363805299999999932e+01 -1.167556199999999933e+01 -1.191691699999999976e+01
-2.540852900000000147e+01 -2.706749399999999994e+01 -2.367880900000000111e+01
-4.412636599999999731e+01 -4.090006900000000201e+01 -4.625883000000000322e+01
-2.012942200000000170e+01 -1.598929900000000082e+01 -1.703029599999999988e+01
-5.633125700000000080e+01 -4.954809300000000150e+01 -5.683971300000000326e+01
-3.511916399999999783e+01 -3.726157200000000103e+01 -3.936565300000000178e+01
-5.117550099999999702e+01 -5.306108900000000261e+01 -5.777098999999999762e+01
-2.786291399999999996e+01 -2.873569699999999827e+01 -3.121920700000000082e+01
-2.498763500000000093e+01 -2.687405599999999950e+01 -2.887454100000000068e+01
-1.406331400000000009e+01 -1.443940100000000015e+01 -1.526579000000000086e+01
-1.019816999999999929e+01 -9.897173999999999694e+00 -1.161478800000000078e+01
-6.073104899999999873e+01 -6.861112799999999368e+01 -6.269498099999999852e+01
-6.401095999999999897e+00 -6.249412999999999663e+00 -6.981117000000000239e+00
-3.494337600000000066e+01 -3.288333800000000195e+01 -3.075579700000000116e+01
-4.959738999999999898e+00 -4.955414000000000208e+00 -5.372368999999999950e+00
-6.750443999999999889e+00 -6.019974999999999632e+00 -5.963307000000000357e+00
-1.791573599999999900e+01 -1.765755199999999903e+01 -1.677372499999999889e+01
-4.090854300000000165e+01 -3.802088700000000188e+01 -4.406809599999999705e+01
-1.068642999999999965e+01 -1.134632099999999966e+01 -1.027058099999999996e+01
-4.633922499999999900e+01 -4.412636599999999731e+01 -5.008610999999999791e+01
-7.509946200000000260e+01 -7.405229699999999582e+01 -6.640411100000000033e+01
-2.905621000000000009e+01 -2.689194399999999874e+01 -3.029067999999999827e+01
-7.922499200000000030e+01 -7.959075799999999390e+01 -7.054104599999999436e+01
-1.108391699999999958e+01 -1.054084300000000063e+01 -1.288196800000000053e+01
-4.735508699999999749e+01 -4.878577899999999801e+01 -4.289201700000000272e+01
-1.035093150000000009e+02 -8.979345200000000204e+01 -9.045975799999999367e+01
-9.458605400000000429e+01 -9.369276999999999589e+01 -8.302908899999999903e+01
-4.217734099999999842e+01 -3.720221200000000294e+01 -4.289201700000000272e+01
-3.713480899999999707e+01 -3.936565300000000178e+01 -4.146191900000000174e+01
-6.292343699999999984e+01 -7.086424900000000093e+01 -6.253984799999999922e+01
-7.668021099999999990e+01 -6.900973100000000215e+01 -7.682699900000000071e+01
-8.754823000000000377e+01 -9.921511800000000392e+01 -8.948416400000000692e+01
-4.897291100000000341e+01 -4.662480999999999653e+01 -5.261277799999999871e+01
-4.287936599999999743e+01 -4.124402899999999761e+01 -3.748451599999999928e+01
-6.421922200000000203e+01 -7.108853000000000577e+01 -7.143354499999999518e+01
-5.543852600000000308e+01 -5.163685600000000164e+01 -6.011034999999999684e+01
-2.106088899999999953e+01 -2.162316999999999823e+01 -2.321028499999999894e+01
-3.688504799999999761e+01 -3.435707500000000181e+01 -3.894165499999999724e+01
-2.537990999999999886e+01 -2.380650100000000080e+01 -2.114000000000000057e+01
-3.472848100000000215e+01 -3.023656599999999983e+01 -3.138444399999999845e+01
-9.140226400000000240e+01 -9.177718000000000131e+01 -8.023441300000000354e+01
-1.918315099999999873e+01 -2.056410699999999991e+01 -2.017648300000000106e+01
-1.997838199999999986e+01 -2.298571400000000153e+01 -1.904281100000000038e+01
-4.744980999999999938e+01 -4.703629600000000011e+01 -5.377669499999999658e+01
-9.362087999999999965e+00 -8.298716999999999899e+00 -9.147278999999999272e+00
-6.449520300000000361e+01 -7.198455400000000282e+01 -6.343901699999999977e+01
-7.747787999999999897e+00 -8.344760000000000844e+00 -8.514865999999999602e+00
-1.167556199999999933e+01 -1.324105699999999963e+01 -1.129800999999999966e+01
-1.214843100000000042e+01 -1.242957400000000057e+01 -1.442801700000000054e+01
-2.410564600000000013e+01 -2.508465800000000101e+01 -2.721123100000000150e+01
-6.493268999999999735e+00 -6.384060999999999986e+00 -7.285624000000000322e+00
-1.199331300000000056e+01 -1.318116400000000077e+01 -1.306503499999999995e+01
-1.266818999999999917e+01 -1.355412600000000012e+01 -1.243360299999999974e+01
-3.480992200000000025e+01 -3.635926899999999762e+01 -3.884656400000000076e+01
-1.057554700000000025e+01 -1.033363399999999999e+01 -1.174884499999999932e+01
-5.914583999999999619e+00 -6.531183999999999656e+00 -5.829447000000000045e+00
-2.886586000000000141e+01 -2.934499200000000130e+01 -3.420291999999999888e+01
-6.252736999999999767e+00 -5.711527000000000243e+00 -6.476106999999999836e+00
-5.117550099999999702e+01 -4.686829699999999832e+01 -5.306108900000000261e+01
-4.936138199999999898e+01 -4.531762100000000260e+01 -4.696836700000000064e+01
-3.646102299999999730e+01 -4.014650799999999720e+01 -3.983493699999999649e+01
-6.253984799999999922e+01 -6.153269499999999681e+01 -5.534616199999999964e+01
-9.581583000000000183e+00 -1.023235099999999953e+01 -1.136338600000000021e+01
-6.734792600000000107e+01 -7.574420499999999379e+01 -7.489435699999999940e+01
-1.180535399999999946e+01 -1.266818999999999917e+01 -1.164070899999999931e+01
-5.753481500000000182e+01 -5.145830899999999986e+01 -5.753824999999999790e+01
-2.075515000000000043e+01 -2.096909499999999937e+01 -2.223167199999999966e+01
-4.754101599999999905e+01 -5.050836999999999932e+01 -5.546404400000000123e+01
-2.691970699999999894e+01 -2.350151899999999827e+01 -2.524082299999999890e+01
-4.110387300000000010e+01 -3.744484400000000335e+01 -4.323279200000000344e+01
-5.504865900000000067e+01 -5.417582600000000070e+01 -4.612433300000000003e+01
-8.979345200000000204e+01 -8.896092400000000566e+01 -7.817741700000000549e+01
-9.405035800000000279e+01 -8.384303400000000295e+01 -8.248609100000000183e+01
-5.282157999999999909e+00 -5.328714999999999868e+00 -5.829447000000000045e+00
-1.621183100000000010e+01 -1.532915299999999981e+01 -1.780195200000000000e+01
-8.460280199999999695e+01 -9.700313099999999622e+01 -8.360439100000000678e+01
-1.027058099999999996e+01 -1.002388499999999993e+01 -9.469766999999999157e+00
-9.217588399999999638e+01 -8.034555500000000450e+01 -8.046854600000000346e+01
-7.743133000000000266e+00 -8.100770000000000692e+00 -8.918736000000000885e+00
-7.334842000000000084e+00 -7.062634000000000079e+00 -7.841700000000000337e+00
-4.081331500000000290e+01 -3.712321899999999886e+01 -4.246458400000000211e+01
-4.737925200000000103e+01 -5.303103800000000234e+01 -4.657267300000000176e+01
-4.535580800000000323e+01 -3.982736500000000035e+01 -4.124402899999999761e+01
-5.294986099999999851e+01 -5.524726499999999874e+01 -6.075824200000000275e+01
-9.096039500000000544e+01 -9.140226400000000240e+01 -7.986994900000000541e+01
-1.363133299999999970e+01 -1.288196800000000053e+01 -1.550530299999999961e+01
-1.664152299999999940e+01 -1.634351399999999899e+01 -1.535226899999999972e+01
-1.858007999999999882e+01 -1.751870999999999867e+01 -1.937906500000000065e+01
-3.766343799999999931e+01 -3.866862499999999869e+01 -4.162519700000000000e+01
-1.671081500000000020e+01 -1.773856500000000125e+01 -1.587344200000000072e+01
-5.770744100000000287e+01 -5.050836999999999932e+01 -5.284662099999999896e+01
-7.077917000000000236e+00 -8.100770000000000692e+00 -7.743133000000000266e+00
-8.289293999999999940e+00 -8.149497000000000213e+00 -9.260612999999999317e+00
-1.019816999999999929e+01 -1.161478800000000078e+01 -1.197211800000000004e+01
-1.525307100000000027e+01 -1.743254299999999901e+01 -1.448487599999999986e+01
-9.005568999999999846e+01 -9.047424800000000289e+01 -7.922499200000000030e+01
-9.400745999999999825e+00 -1.002388499999999993e+01 -1.053925899999999949e+01
-4.987909799999999905e+01 -4.618180699999999916e+01 -5.174954400000000021e+01
-1.432254000000000005e+01 -1.640251800000000060e+01 -1.606289400000000001e+01
-4.251715899999999948e+01 -4.155657500000000226e+01 -3.633922499999999900e+01
-1.928209199999999868e+01 -1.762503299999999840e+01 -1.953176200000000051e+01
-1.751870999999999867e+01 -1.828790000000000049e+01 -1.937906500000000065e+01
-6.323651799999999668e+01 -6.366427800000000303e+01 -5.699373099999999681e+01
-1.990235099999999946e+01 -1.972859800000000163e+01 -1.881184700000000021e+01
-4.334337200000000223e+01 -3.989997900000000186e+01 -4.628493699999999933e+01
-3.472848100000000215e+01 -3.350671200000000027e+01 -3.023656599999999983e+01
-1.686323799999999906e+01 -1.773182900000000117e+01 -1.670265600000000106e+01
-8.092841999999999203e+00 -9.050629999999999953e+00 -8.003294999999999604e+00
-1.136195900000000059e+01 -1.158038600000000073e+01 -1.300120199999999926e+01
-1.535324199999999983e+01 -1.387212300000000020e+01 -1.342842399999999969e+01
-1.322138900000000028e+01 -1.224434100000000036e+01 -1.478074200000000005e+01
-4.339602200000000209e+01 -4.090854300000000165e+01 -4.853600600000000043e+01
-9.149333000000000382e+00 -8.562189999999999301e+00 -8.294551999999999481e+00
-1.318282999999999916e+01 -1.452248299999999936e+01 -1.459312100000000001e+01
-4.866702899999999943e+01 -4.616149099999999805e+01 -5.115503600000000262e+01
-5.900905000000000200e+01 -5.862274399999999730e+01 -5.447801900000000330e+01
-4.945159000000000304e+01 -4.339602200000000209e+01 -4.853600600000000043e+01
-4.282256499999999733e+01 -4.545019899999999780e+01 -4.857277400000000256e+01
-1.987688999999999950e+01 -1.885032899999999856e+01 -2.030199100000000101e+01
-1.081511899999999926e+01 -1.052423800000000043e+01 -9.228801000000000698e+00
-8.034555500000000450e+01 -7.073341899999999782e+01 -7.112086899999999901e+01
-2.067916999999999916e+01 -2.216352699999999842e+01 -1.981346299999999871e+01
-6.147827999999999626e+00 -7.047358000000000011e+00 -6.873242000000000296e+00
-1.033363399999999999e+01 -1.156642500000000062e+01 -1.174884499999999932e+01
-2.977890700000000024e+01 -2.712610700000000108e+01 -3.404364499999999794e+01
-7.909744200000000092e+01 -8.948416400000000692e+01 -8.104139600000000598e+01
-6.675289999999999679e+01 -5.777098999999999762e+01 -6.036261799999999766e+01
-1.914057100000000133e+01 -2.039426999999999879e+01 -2.007414199999999838e+01
-8.766270999999999702e+00 -9.501789000000000485e+00 -9.488697999999999411e+00
-1.180535399999999946e+01 -1.282182300000000019e+01 -1.266818999999999917e+01
-1.071929800000000021e+01 -1.164150899999999922e+01 -1.209584599999999988e+01
-3.265447699999999998e+01 -3.408974500000000063e+01 -3.748451599999999928e+01
-1.248325499999999977e+01 -1.086578399999999966e+01 -1.199256600000000006e+01
-1.799076399999999865e+01 -2.069592499999999902e+01 -1.722109800000000135e+01
-6.311971100000000234e+01 -5.616923800000000000e+01 -5.653623300000000285e+01
-7.495517999999999681e+00 -7.285624000000000322e+00 -8.285417999999999950e+00
-1.388650499999999965e+01 -1.190469200000000072e+01 -1.230901899999999927e+01
-1.235493800000000064e+01 -1.134635500000000086e+01 -1.151390999999999920e+01
-8.003294999999999604e+00 -9.050629999999999953e+00 -8.954491000000000867e+00
-2.314535599999999960e+01 -2.388892500000000041e+01 -2.602141599999999855e+01
-2.301018799999999942e+01 -2.264484200000000058e+01 -2.122165499999999838e+01
-7.769464000000000148e+00 -8.430307000000000883e+00 -8.609991000000000838e+00
-3.989997900000000186e+01 -4.264228899999999811e+01 -4.628493699999999933e+01
-8.979345200000000204e+01 -7.817741700000000549e+01 -7.883877300000000332e+01
-4.385745299999999958e+01 -4.633922499999999900e+01 -4.898405600000000248e+01
-8.823567199999999389e+01 -1.014801219999999944e+02 -8.813635700000000384e+01
-3.707316900000000004e+01 -3.494337600000000066e+01 -3.280674599999999685e+01
-1.013617099999999915e+01 -1.003887600000000013e+01 -8.954491000000000867e+00
-1.091350399999999965e+01 -1.092950399999999966e+01 -1.199331300000000056e+01
-7.691444400000000314e+01 -6.818212499999999920e+01 -6.894540399999999636e+01
-1.116227199999999975e+01 -9.827360000000000539e+00 -1.158341700000000074e+01
-3.142534300000000158e+01 -2.616172500000000056e+01 -2.734716500000000039e+01
-1.525307100000000027e+01 -1.448487599999999986e+01 -1.276371299999999920e+01
-5.328923799999999744e+01 -5.839004599999999812e+01 -5.832811800000000346e+01
-2.616172500000000056e+01 -3.008738400000000013e+01 -2.498296099999999953e+01
-8.519192900000000179e+01 -8.478721799999999575e+01 -7.572695000000000221e+01
-3.517069399999999746e+01 -3.930323700000000287e+01 -3.726157200000000103e+01
-1.242957400000000057e+01 -1.052423800000000043e+01 -1.081511899999999926e+01
-6.939852000000000132e+00 -6.817539000000000016e+00 -7.603677000000000241e+00
-1.363805299999999932e+01 -1.324105699999999963e+01 -1.167556199999999933e+01
-3.084846800000000044e+01 -3.280674599999999685e+01 -2.883468799999999987e+01
-5.239708499999999702e+01 -5.367337299999999800e+01 -5.649909799999999649e+01
-3.894165499999999724e+01 -4.131055500000000080e+01 -4.385745299999999958e+01
-4.081331500000000290e+01 -3.926480999999999710e+01 -3.571801299999999912e+01
-4.284871299999999650e+01 -4.044861999999999824e+01 -4.561578599999999994e+01
-3.406651000000000096e+01 -2.964683600000000041e+01 -3.113788399999999967e+01
-1.526182299999999969e+01 -1.391354399999999991e+01 -1.472546999999999962e+01
-1.027309929999999980e+02 -1.042397380000000027e+02 -9.298042499999999677e+01
-2.586595799999999912e+01 -2.929752900000000082e+01 -2.753435599999999894e+01
-1.391354399999999991e+01 -1.345171799999999962e+01 -1.472546999999999962e+01
-6.536066999999999894e+01 -5.947866299999999740e+01 -5.779582200000000114e+01
-4.826884700000000095e+01 -5.025863700000000023e+01 -4.585866399999999743e+01
-2.527024300000000068e+01 -2.977890700000000024e+01 -3.212227000000000032e+01
-6.584514999999999674e+00 -6.525805000000000078e+00 -7.250651999999999653e+00
-1.363950299999999949e+01 -1.688513199999999870e+01 -1.478074200000000005e+01
-2.073018199999999922e+01 -2.020041499999999957e+01 -1.759205100000000144e+01
-3.148160999999999987e+01 -3.418615700000000146e+01 -3.073079800000000006e+01
-9.503937100000000271e+01 -9.413340800000000286e+01 -8.188969199999999660e+01
-3.926480999999999710e+01 -3.761137899999999945e+01 -3.429083200000000176e+01
-8.043307299999999316e+01 -8.060145900000000552e+01 -7.017126600000000280e+01
-3.712321899999999886e+01 -3.571801299999999912e+01 -3.230644099999999952e+01
-1.791573599999999900e+01 -1.821109999999999829e+01 -1.919220100000000073e+01
-3.658173599999999936e+01 -2.977890700000000024e+01 -3.404364499999999794e+01
-3.718864200000000153e+01 -3.673704000000000036e+01 -3.357495099999999866e+01
-1.600085199999999830e+01 -1.797400000000000020e+01 -1.671809400000000068e+01
-6.528318099999999902e+01 -6.435286600000000590e+01 -5.978913099999999758e+01
-1.007523600000000030e+01 -9.744158000000000541e+00 -1.113573899999999917e+01
-9.891313999999999496e+00 -1.068642999999999965e+01 -9.871453999999999951e+00
-2.388892500000000041e+01 -2.133318699999999879e+01 -2.186747899999999944e+01
-3.936629400000000345e+01 -3.562985599999999664e+01 -3.614038500000000198e+01
-1.026158599999999943e+01 -1.102369500000000002e+01 -1.020328199999999974e+01
-5.298309999999999853e+00 -5.539515999999999885e+00 -5.452678999999999832e+00
-8.235492000000000701e+00 -7.426628000000000007e+00 -8.122885999999999385e+00
-9.369276999999999589e+01 -8.200138099999999497e+01 -8.302908899999999903e+01
-2.166562599999999961e+01 -2.069592499999999902e+01 -1.799076399999999865e+01
-1.937171599999999927e+01 -1.765778800000000004e+01 -2.258807399999999888e+01
-1.296583700000000050e+01 -1.478437100000000015e+01 -1.342842399999999969e+01
-8.039227000000000345e+00 -7.995220999999999911e+00 -9.105921000000000376e+00
-5.306108900000000261e+01 -5.543852600000000308e+01 -6.036261799999999766e+01
-1.161478800000000078e+01 -9.897173999999999694e+00 -1.124019299999999966e+01
-5.534927999999999848e+00 -5.460557999999999801e+00 -6.053821000000000119e+00
-5.860460999999999920e+00 -5.363184999999999647e+00 -5.869506000000000334e+00
-4.838122599999999807e+01 -4.440246299999999735e+01 -4.558567800000000148e+01
-2.073018199999999922e+01 -1.688513199999999870e+01 -2.083750399999999914e+01
-5.860460999999999920e+00 -6.457010000000000360e+00 -6.395005000000000273e+00
-2.734577000000000169e+01 -2.235753700000000066e+01 -2.366466899999999995e+01
-1.793285499999999999e+01 -1.835695300000000074e+01 -2.043501799999999946e+01
-1.978484299999999863e+01 -2.086138199999999898e+01 -1.817748699999999928e+01
-5.574190300000000065e+01 -5.174954400000000021e+01 -5.710596000000000316e+01
-3.121920700000000082e+01 -2.873569699999999827e+01 -3.205279999999999774e+01
-7.113762199999999325e+01 -7.129409200000000624e+01 -6.394402800000000298e+01
-6.406574700000000178e+01 -6.421922200000000203e+01 -5.900905000000000200e+01
-1.762503299999999840e+01 -1.771925600000000145e+01 -1.953176200000000051e+01
-4.560784400000000005e+01 -3.989195099999999883e+01 -3.930544600000000344e+01
-1.934211200000000019e+01 -2.335644200000000126e+01 -2.257842000000000127e+01
-4.440246299999999735e+01 -4.293173300000000125e+01 -4.037541499999999672e+01
-7.285624000000000322e+00 -6.384060999999999986e+00 -7.096446000000000254e+00
-9.654795999999999268e+00 -1.116108700000000020e+01 -1.158856199999999959e+01
-3.723942999999999870e+01 -3.388228699999999805e+01 -3.989997900000000186e+01
-5.453249499999999728e+01 -5.261277799999999871e+01 -4.898405600000000248e+01
-4.810047399999999840e+01 -4.954809300000000150e+01 -5.633125700000000080e+01
-1.526579000000000086e+01 -1.601164400000000043e+01 -1.478725099999999948e+01
-4.005881099999999861e+01 -3.478883700000000090e+01 -4.101185499999999706e+01
-1.211698400000000042e+01 -1.285488299999999917e+01 -1.166790999999999912e+01
-6.657484000000000179e+00 -7.726714000000000304e+00 -7.162339000000000233e+00
-2.216776700000000133e+01 -2.540852900000000147e+01 -2.367880900000000111e+01
-6.372408699999999726e+01 -7.031968700000000183e+01 -6.355049000000000348e+01
-5.278754800000000103e+01 -5.828508200000000272e+01 -5.753824999999999790e+01
-1.751870999999999867e+01 -1.662243199999999987e+01 -1.828790000000000049e+01
-3.673704000000000036e+01 -3.646102299999999730e+01 -3.324963499999999783e+01
-4.764426699999999926e+01 -5.278754800000000103e+01 -5.145830899999999986e+01
-3.556943499999999858e+01 -4.147778900000000135e+01 -4.312664300000000139e+01
-1.134635500000000086e+01 -1.219118199999999952e+01 -1.115690799999999960e+01
-1.543255100000000013e+01 -1.417111399999999932e+01 -1.478725099999999948e+01
-5.145830899999999986e+01 -5.753481500000000182e+01 -5.289191399999999987e+01
-6.786779599999999846e+01 -7.501481400000000122e+01 -7.712457700000000216e+01
-8.265473999999999322e+00 -7.559114000000000111e+00 -7.478640000000000398e+00
-5.712936000000000014e+00 -5.608756999999999771e+00 -6.249412999999999663e+00
-7.509946200000000260e+01 -6.640411100000000033e+01 -6.739421299999999349e+01
-6.401095999999999897e+00 -5.712936000000000014e+00 -6.249412999999999663e+00
-7.511676999999999715e+00 -7.559114000000000111e+00 -8.294551999999999481e+00
-9.530243199999999604e+01 -8.404431200000000501e+01 -8.478721799999999575e+01
-7.253157999999999994e+00 -8.092841999999999203e+00 -7.165117999999999654e+00
-1.735409100000000038e+01 -1.668848699999999852e+01 -1.792136199999999846e+01
-2.389153400000000005e+01 -2.254574300000000164e+01 -2.571344300000000160e+01
-2.713989700000000127e+01 -3.108407800000000165e+01 -2.983159099999999953e+01
-1.202741499999999952e+01 -1.393737400000000015e+01 -1.191691699999999976e+01
-4.071150300000000044e+01 -4.657267300000000176e+01 -4.015641899999999964e+01
-4.162519700000000000e+01 -3.866862499999999869e+01 -4.254866799999999927e+01
-9.083603000000000094e+00 -8.344760000000000844e+00 -8.973587999999999454e+00
-2.264484200000000058e+01 -2.212778600000000040e+01 -2.073601800000000139e+01
-5.025863700000000023e+01 -5.328923799999999744e+01 -5.438089000000000084e+01
-2.977890700000000024e+01 -2.303693000000000168e+01 -2.712610700000000108e+01
-2.944794699999999921e+01 -2.967139299999999835e+01 -2.498060800000000015e+01
-5.249854899999999702e+01 -4.806740200000000129e+01 -5.502658799999999673e+01
-3.494246400000000108e+01 -3.925137699999999796e+01 -3.707316900000000004e+01
-1.025473080000000010e+02 -1.020085499999999996e+02 -8.846878700000000606e+01
-5.674490000000000123e+01 -5.404733300000000185e+01 -5.001062399999999997e+01
-5.638209999999999944e+00 -5.104871000000000159e+00 -5.534927999999999848e+00
-5.303103800000000234e+01 -5.956613300000000066e+01 -5.246474800000000016e+01
-1.444668799999999997e+01 -1.510110300000000016e+01 -1.369546899999999923e+01
-2.885294999999999987e+01 -2.741591299999999976e+01 -2.557753800000000055e+01
-4.797836900000000071e+01 -5.580178000000000083e+01 -5.373077399999999670e+01
-6.435286600000000590e+01 -5.869202899999999801e+01 -5.978913099999999758e+01
-7.069258899999999812e+01 -7.038624099999999828e+01 -6.390800899999999984e+01
-2.995659300000000158e+01 -2.503359199999999873e+01 -2.567974900000000105e+01
-9.828628000000000142e+00 -8.620222000000000051e+00 -9.400745999999999825e+00
-1.888623300000000071e+01 -2.181667099999999948e+01 -2.014339500000000172e+01
-5.643363399999999785e+01 -5.294986099999999851e+01 -6.075824200000000275e+01
-1.085152099999999997e+01 -9.750135000000000218e+00 -1.072193399999999919e+01
-7.442254000000000147e+00 -7.403406000000000375e+00 -8.083009999999999806e+00
-8.200138099999999497e+01 -8.116933199999999715e+01 -7.179350499999999613e+01
-8.027412599999999543e+01 -8.038413300000000561e+01 -7.059874700000000303e+01
-6.076094999999999580e+00 -6.099052000000000362e+00 -6.778538000000000174e+00
-3.179177100000000067e+01 -3.428132899999999950e+01 -2.869761099999999843e+01
-1.808559800000000095e+01 -1.895759400000000028e+01 -1.794571099999999930e+01
-1.742832200000000142e+01 -1.723544499999999857e+01 -1.637094099999999841e+01
-6.387498899999999935e+01 -7.037501199999999812e+01 -6.372408699999999726e+01
-1.967681999999999931e+01 -2.372982000000000014e+01 -2.242056499999999986e+01
-2.415529599999999988e+01 -2.928541299999999836e+01 -2.471371299999999849e+01
-3.324963499999999783e+01 -3.007010000000000005e+01 -3.032508800000000093e+01
-1.235493800000000064e+01 -1.219118199999999952e+01 -1.134635500000000086e+01
-1.858007999999999882e+01 -1.981346299999999871e+01 -1.773856500000000125e+01
-3.874186399999999963e+01 -3.382230700000000212e+01 -3.577900100000000094e+01
-1.129800999999999966e+01 -1.324105699999999963e+01 -1.277174800000000054e+01
-2.178170199999999923e+01 -2.325570199999999943e+01 -2.155780499999999833e+01
-2.455229100000000031e+01 -2.020041499999999957e+01 -2.073018199999999922e+01
-1.925287099999999896e+01 -2.216776700000000133e+01 -2.071086599999999933e+01
-1.937906500000000065e+01 -1.828790000000000049e+01 -2.011072700000000069e+01
-1.602984199999999859e+01 -1.472546999999999962e+01 -1.543255100000000013e+01
-3.168853500000000167e+01 -2.653587699999999927e+01 -2.766896099999999947e+01
-1.854504100000000122e+01 -1.949393299999999840e+01 -1.828640400000000099e+01
-7.124728399999999340e+01 -6.435286600000000590e+01 -6.528318099999999902e+01
-6.751209199999999555e+01 -6.433016399999999635e+01 -5.752324800000000238e+01
-9.744158000000000541e+00 -9.440835999999999117e+00 -1.071929800000000021e+01
-6.457010000000000360e+00 -5.869506000000000334e+00 -6.522567999999999699e+00
-7.163174999999999848e+00 -7.134833999999999676e+00 -7.981036999999999715e+00
-1.987527800000000155e+01 -2.335644200000000126e+01 -1.934211200000000019e+01
-1.363133299999999970e+01 -1.108391699999999958e+01 -1.288196800000000053e+01
-3.746611800000000159e+01 -4.381228099999999870e+01 -4.251715899999999948e+01
-3.919556800000000152e+01 -4.483944499999999778e+01 -4.323279200000000344e+01
-1.035093150000000009e+02 -1.030476429999999937e+02 -8.979345200000000204e+01
-1.828640400000000099e+01 -1.949393299999999840e+01 -1.918315099999999873e+01
-1.610937200000000047e+01 -1.706901500000000027e+01 -1.525508499999999934e+01
-1.706901500000000027e+01 -1.912497600000000020e+01 -1.797400000000000020e+01
-6.523052999999999990e+00 -5.948201000000000072e+00 -6.766859000000000179e+00
-1.091626600000000025e+01 -1.203600600000000043e+01 -1.203922200000000053e+01
-7.759216000000000335e+00 -6.873242000000000296e+00 -7.937528999999999613e+00
-5.812914000000000136e+00 -6.467875000000000263e+00 -5.858888000000000318e+00
-6.657484000000000179e+00 -7.277257999999999782e+00 -7.726714000000000304e+00
-5.938406999999999769e+00 -6.525805000000000078e+00 -6.584514999999999674e+00
-4.404030600000000106e+01 -4.897291100000000341e+01 -4.682803200000000032e+01
-1.214843100000000042e+01 -1.052423800000000043e+01 -1.242957400000000057e+01
-1.350876399999999933e+01 -1.416189400000000020e+01 -1.262368299999999977e+01
-7.975939999999999586e+00 -8.057760999999999285e+00 -7.250651999999999653e+00
-2.265361300000000000e+01 -2.131671499999999853e+01 -2.328240800000000021e+01
-5.394459000000000337e+00 -5.899995999999999796e+00 -5.938406999999999769e+00
-1.606701599999999885e+01 -1.594792200000000015e+01 -1.499760500000000008e+01
-2.114593699999999998e+01 -1.968620800000000060e+01 -2.320482200000000006e+01
-2.258764000000000038e+01 -2.118855299999999886e+01 -2.335194299999999856e+01
-3.384099799999999902e+01 -2.886586000000000141e+01 -3.420291999999999888e+01
-3.280674599999999685e+01 -3.075579700000000116e+01 -2.883468799999999987e+01
-1.010370750000000015e+02 -1.027309929999999980e+02 -9.132962499999999295e+01
-1.023235099999999953e+01 -8.862577999999999179e+00 -9.891462000000000643e+00
-8.941126999999999825e+00 -8.998317000000000121e+00 -8.016769999999999285e+00
-1.091626600000000025e+01 -1.085152099999999997e+01 -1.203600600000000043e+01
-4.392519800000000174e+01 -4.866702899999999943e+01 -4.650797899999999885e+01
-2.951372599999999835e+01 -2.805247599999999863e+01 -2.598727900000000091e+01
-1.524718900000000055e+01 -1.322780299999999976e+01 -1.582509800000000055e+01
-4.005881099999999861e+01 -4.744980999999999938e+01 -4.466736900000000077e+01
-1.688513199999999870e+01 -2.073018199999999922e+01 -1.759205100000000144e+01
-8.149497000000000213e+00 -7.087330999999999825e+00 -8.039227000000000345e+00
-1.211698400000000042e+01 -1.166790999999999912e+01 -1.101920499999999947e+01
-3.658173599999999936e+01 -4.339602200000000209e+01 -3.907019300000000328e+01
-5.546404400000000123e+01 -6.296238799999999713e+01 -5.613412999999999897e+01
-2.918542300000000012e+01 -2.766896099999999947e+01 -2.416866800000000026e+01
-8.533953999999999951e+01 -7.640493100000000481e+01 -7.668021099999999990e+01
-6.531183999999999656e+00 -7.384160999999999753e+00 -7.253157999999999994e+00
-1.949393299999999840e+01 -1.987688999999999950e+01 -2.106088899999999953e+01
-4.046490899999999868e+01 -4.014650799999999720e+01 -3.673704000000000036e+01
-7.105469300000000032e+01 -7.086424900000000093e+01 -6.292343699999999984e+01
-4.404030600000000106e+01 -3.947116799999999870e+01 -4.152723399999999998e+01
-8.448408000000000584e+00 -9.325855000000000672e+00 -9.891462000000000643e+00
-6.493268999999999735e+00 -7.285624000000000322e+00 -7.495517999999999681e+00
-2.725965899999999920e+01 -2.506467800000000068e+01 -2.749004599999999954e+01
-1.508245900000000006e+01 -1.722109800000000135e+01 -1.447124799999999922e+01
-2.406964800000000082e+01 -2.415529599999999988e+01 -1.919248199999999827e+01
-6.434788700000000006e+01 -5.633125700000000080e+01 -5.683971300000000326e+01
-3.416782200000000103e+01 -2.704641399999999862e+01 -3.212227000000000032e+01
-3.087488099999999847e+01 -3.323440200000000289e+01 -2.887454100000000068e+01
-3.472294600000000031e+01 -3.158054500000000075e+01 -3.723942999999999870e+01
-2.069592499999999902e+01 -2.498296099999999953e+01 -2.372982000000000014e+01
-1.809574299999999880e+01 -1.735409100000000038e+01 -1.869605999999999923e+01
-3.435707500000000181e+01 -3.640233800000000031e+01 -3.894165499999999724e+01
-1.918315099999999873e+01 -1.895759400000000028e+01 -1.808559800000000095e+01
-7.603677000000000241e+00 -8.430307000000000883e+00 -7.769464000000000148e+00
-5.855690000000000062e+00 -6.685520999999999603e+00 -6.476106999999999836e+00
-6.332180999999999926e+01 -5.738600900000000138e+01 -5.744696100000000172e+01
-9.919463999999999615e+00 -1.055134999999999934e+01 -9.673814000000000135e+00
-5.649909799999999649e+01 -5.862274399999999730e+01 -6.074387099999999862e+01
-1.251425700000000063e+01 -1.235493800000000064e+01 -1.151390999999999920e+01
-2.181667099999999948e+01 -2.331683299999999903e+01 -2.014339500000000172e+01
-5.336409999999999876e+00 -5.711527000000000243e+00 -5.539515999999999885e+00
-1.565353099999999920e+01 -1.871337700000000126e+01 -1.799076399999999865e+01
-5.477114000000000260e+00 -5.336351999999999762e+00 -5.927220000000000155e+00
-8.104139600000000598e+01 -7.366503299999999399e+01 -7.176581699999999842e+01
-2.503359199999999873e+01 -2.452071000000000112e+01 -2.080679999999999907e+01
-1.243072100000000013e+01 -1.205200100000000063e+01 -1.503278700000000079e+01
-6.273096400000000017e+01 -6.266500400000000326e+01 -5.552570500000000209e+01
-1.458275500000000058e+01 -1.621183100000000010e+01 -1.723922100000000057e+01
-5.678511100000000056e+01 -5.123541399999999868e+01 -5.147546799999999934e+01
-3.524893399999999843e+01 -3.781213900000000194e+01 -3.323440200000000289e+01
-3.568482300000000151e+01 -4.110387300000000010e+01 -3.919022400000000061e+01
-3.104803100000000171e+01 -3.408974500000000063e+01 -2.972106799999999893e+01
-4.585866399999999743e+01 -4.146191900000000174e+01 -4.373670700000000267e+01
-1.773856500000000125e+01 -1.890993699999999933e+01 -1.688460200000000100e+01
-4.369811299999999932e+01 -3.925137699999999796e+01 -4.146191900000000174e+01
-4.531762100000000260e+01 -4.121258100000000013e+01 -4.293173300000000125e+01
-4.633922499999999900e+01 -5.090315700000000021e+01 -4.898405600000000248e+01
-2.388892500000000041e+01 -2.186747899999999944e+01 -2.480438600000000093e+01
-1.606289400000000001e+01 -1.592994400000000077e+01 -1.422928199999999954e+01
-6.917030300000000409e+01 -6.883771000000000129e+01 -6.224897800000000103e+01
-8.474793000000000021e+00 -8.289293999999999940e+00 -9.440835999999999117e+00
-5.861168200000000184e+01 -5.796644299999999816e+01 -5.382500600000000190e+01
-4.312664300000000139e+01 -4.994970599999999905e+01 -5.040022299999999689e+01
-5.050836999999999932e+01 -4.696370199999999784e+01 -5.284662099999999896e+01
-2.540852900000000147e+01 -2.901659499999999881e+01 -2.706749399999999994e+01
-2.524082299999999890e+01 -2.350151899999999827e+01 -2.206584799999999902e+01
-8.121923300000000268e+01 -9.268495000000000061e+01 -8.248609100000000183e+01
-7.018336800000000153e+01 -7.017126600000000280e+01 -6.093816499999999792e+01
-8.404431200000000501e+01 -9.458605400000000429e+01 -8.302908899999999903e+01
-7.656228999999999729e+00 -7.480681999999999832e+00 -8.711543000000000703e+00
-7.995220999999999911e+00 -9.090403999999999485e+00 -9.105921000000000376e+00
-1.773469899999999910e+01 -1.865707700000000102e+01 -2.114000000000000057e+01
-8.057760999999999285e+00 -8.944637999999999423e+00 -8.129706000000000543e+00
-3.720221200000000294e+01 -3.989195099999999883e+01 -4.289201700000000272e+01
-9.298042499999999677e+01 -1.042397380000000027e+02 -9.428257899999999836e+01
-3.304504599999999925e+01 -2.823175799999999924e+01 -3.384099799999999902e+01
-9.132962499999999295e+01 -8.286088900000000024e+01 -8.104139600000000598e+01
-7.129409200000000624e+01 -7.112086899999999901e+01 -6.379197500000000076e+01
-1.912497600000000020e+01 -1.801507900000000006e+01 -2.018884600000000162e+01
-3.408974500000000063e+01 -3.919022400000000061e+01 -3.748451599999999928e+01
-2.928541299999999836e+01 -3.459824499999999858e+01 -2.944794699999999921e+01
-6.076094999999999580e+00 -6.778538000000000174e+00 -6.632814999999999905e+00
-2.331683299999999903e+01 -2.156572999999999851e+01 -2.014339500000000172e+01
-1.559761499999999934e+01 -1.695344199999999901e+01 -1.664152299999999940e+01
-5.306108900000000261e+01 -4.686829699999999832e+01 -4.881297500000000156e+01
-2.118855299999999886e+01 -1.995965699999999998e+01 -2.182658999999999949e+01
-1.924725799999999865e+01 -1.607281499999999852e+01 -1.628279799999999966e+01
-1.345792299999999919e+01 -1.200726099999999974e+01 -1.490419999999999945e+01
-1.594792200000000015e+01 -1.580906300000000009e+01 -1.486229200000000006e+01
-7.509946200000000260e+01 -6.739421299999999349e+01 -7.572695000000000221e+01
-7.405229699999999582e+01 -8.302908899999999903e+01 -7.278345799999999599e+01
-1.662243199999999987e+01 -1.587778100000000059e+01 -1.738433600000000112e+01
-5.542376900000000006e+01 -5.355232699999999824e+01 -5.869202899999999801e+01
-8.555718799999999646e+01 -8.754823000000000377e+01 -7.712457700000000216e+01
-1.357586399999999927e+01 -1.650092899999999929e+01 -1.765778800000000004e+01
-1.513756500000000038e+01 -1.606701599999999885e+01 -1.499760500000000008e+01
-1.723544499999999857e+01 -1.808559800000000095e+01 -1.708498700000000170e+01
-1.164070899999999931e+01 -1.068642999999999965e+01 -1.084654199999999946e+01
-1.363805299999999932e+01 -1.613713900000000123e+01 -1.565353099999999920e+01
-2.805247599999999863e+01 -2.497234999999999872e+01 -2.598727900000000091e+01
-1.751870999999999867e+01 -1.671081500000000020e+01 -1.583901099999999929e+01
-7.059874700000000303e+01 -7.092555600000000027e+01 -6.266500400000000326e+01
-4.758028399999999891e+01 -4.936138199999999898e+01 -5.153438899999999734e+01
-7.607341200000000470e+01 -6.802772799999999620e+01 -6.781078499999999565e+01
-3.788576799999999878e+01 -3.472294600000000031e+01 -4.066727300000000156e+01
-6.299397299999999689e+01 -7.079960099999999557e+01 -6.332180999999999926e+01
-1.071018499999999918e+01 -9.923327999999999705e+00 -1.055134999999999934e+01
-9.921511800000000392e+01 -1.010370750000000015e+02 -8.948416400000000692e+01
-2.926553900000000041e+01 -2.571344300000000160e+01 -2.753435599999999894e+01
-1.303112400000000015e+01 -1.318282999999999916e+01 -1.180757700000000021e+01
-4.000091400000000164e+01 -4.797836900000000071e+01 -4.482482699999999909e+01
-1.387212300000000020e+01 -1.228121800000000086e+01 -1.197211800000000004e+01
-5.446145500000000084e+01 -5.153438899999999734e+01 -5.542376900000000006e+01
-5.254286100000000204e+01 -4.845515199999999822e+01 -5.281445599999999985e+01
-1.010370750000000015e+02 -9.132962499999999295e+01 -8.948416400000000692e+01
-5.209881000000000206e+00 -5.638209999999999944e+00 -5.768440000000000012e+00
-7.979767900000000225e+01 -9.044881100000000629e+01 -7.936573500000000081e+01
-2.561492099999999894e+01 -2.814901400000000109e+01 -2.478772899999999879e+01
-1.243072100000000013e+01 -1.503278700000000079e+01 -1.550353899999999996e+01
-1.723393499999999889e+01 -1.838380199999999931e+01 -1.695344199999999901e+01
-1.479208500000000015e+01 -1.524718900000000055e+01 -1.773976199999999892e+01
-1.628279799999999966e+01 -1.607281499999999852e+01 -1.400070900000000051e+01
-5.531923700000000110e+01 -5.239708499999999702e+01 -5.649909799999999649e+01
-9.530243199999999604e+01 -9.458605400000000429e+01 -8.404431200000000501e+01
-7.112086899999999901e+01 -6.342619700000000194e+01 -6.379197500000000076e+01
-1.028787499999999966e+01 -1.028615800000000036e+01 -9.484761999999999915e+00
-6.011034999999999684e+01 -5.163685600000000164e+01 -5.404733300000000185e+01
-3.288333800000000195e+01 -3.087488099999999847e+01 -2.878890300000000124e+01
-1.903909099999999910e+01 -2.088292900000000074e+01 -2.043561700000000059e+01
-5.727100800000000191e+01 -6.420749100000000453e+01 -5.683971300000000326e+01
-7.535098399999999685e+01 -8.286088900000000024e+01 -8.425466799999999523e+01
-4.402433299999999861e+01 -4.816999299999999806e+01 -4.773273999999999972e+01
-9.440835999999999117e+00 -8.289293999999999940e+00 -9.260612999999999317e+00
-8.514865999999999602e+00 -9.343121000000000009e+00 -8.668796999999999642e+00
-7.348474000000000217e+01 -7.501481400000000122e+01 -6.544828099999999438e+01
-1.420456800000000008e+01 -1.600085199999999830e+01 -1.478437100000000015e+01
-4.448668700000000342e+01 -3.981873199999999713e+01 -4.183876500000000220e+01
-7.981036999999999715e+00 -8.941126999999999825e+00 -8.016769999999999285e+00
-7.096446000000000254e+00 -6.939852000000000132e+00 -7.769464000000000148e+00
-2.557753800000000055e+01 -2.425466000000000122e+01 -2.269276800000000094e+01
-8.001823999999999160e+00 -7.893227999999999689e+00 -8.668796999999999642e+00
-3.744484400000000335e+01 -3.919556800000000152e+01 -4.323279200000000344e+01
-1.535226899999999972e+01 -1.512064200000000014e+01 -1.411358399999999946e+01
-6.111287099999999839e+01 -5.386272600000000210e+01 -5.574361400000000089e+01
-2.320482200000000006e+01 -2.498763500000000093e+01 -2.686086200000000090e+01
-2.162316999999999823e+01 -2.221824300000000108e+01 -2.398904500000000084e+01
-3.295340199999999697e+01 -3.511916399999999783e+01 -3.713480899999999707e+01
-1.088484000000000052e+01 -1.174713900000000066e+01 -1.079119000000000028e+01
-5.945902800000000354e+01 -5.876158800000000326e+01 -5.172428599999999932e+01
-1.109769499999999987e+01 -1.193828300000000020e+01 -1.102369500000000002e+01
-5.538705399999999912e+01 -4.744980999999999938e+01 -5.377669499999999658e+01
-8.051690600000000586e+01 -7.098743600000000242e+01 -7.092555600000000027e+01
-3.314668000000000347e+01 -3.107066599999999923e+01 -2.926553900000000041e+01
-2.653587699999999927e+01 -2.567974900000000105e+01 -2.206589500000000115e+01
-7.134833999999999676e+00 -8.003294999999999604e+00 -7.981036999999999715e+00
-4.560784400000000005e+01 -4.735508699999999749e+01 -3.989195099999999883e+01
-2.964683600000000041e+01 -3.249950599999999667e+01 -2.837041800000000080e+01
-3.379269500000000193e+01 -3.121920700000000082e+01 -3.485378299999999996e+01
-1.581789799999999957e+01 -1.457200300000000048e+01 -1.596560000000000024e+01
-9.325855000000000672e+00 -1.026896600000000070e+01 -1.108101399999999970e+01
-5.375856999999999886e+01 -4.945159000000000304e+01 -5.534616199999999964e+01
-8.950761999999999219e+00 -7.989686999999999983e+00 -8.609991000000000838e+00
-2.058061999999999969e+01 -2.118855299999999886e+01 -2.258764000000000038e+01
-3.472848100000000215e+01 -3.848173700000000252e+01 -3.350671200000000027e+01
-1.072193399999999919e+01 -9.591654999999999376e+00 -1.052910199999999996e+01
-5.209881000000000206e+00 -5.104871000000000159e+00 -5.638209999999999944e+00
-1.055503250000000008e+02 -1.065743499999999955e+02 -9.514949099999999760e+01
-1.799025500000000122e+01 -1.946275400000000033e+01 -1.898405100000000090e+01
-1.797400000000000020e+01 -1.912497600000000020e+01 -2.022514400000000023e+01
-3.866862499999999869e+01 -3.562985599999999664e+01 -3.936629400000000345e+01
-3.707316900000000004e+01 -3.936362400000000150e+01 -3.494337600000000066e+01
-2.734577000000000169e+01 -2.366466899999999995e+01 -2.899993600000000171e+01
-6.011034999999999684e+01 -6.926512400000000014e+01 -6.917030300000000409e+01
-8.188969199999999660e+01 -7.119323400000000390e+01 -7.198455400000000282e+01
-4.956305999999999656e+00 -4.959738999999999898e+00 -5.380787999999999904e+00
-9.281607800000000452e+01 -9.193990999999999758e+01 -8.116933199999999715e+01
-2.863410599999999917e+01 -3.247240200000000243e+01 -2.703708500000000114e+01
-2.822627999999999915e+01 -2.905621000000000009e+01 -3.148160999999999987e+01
-5.999105000000000132e+00 -6.076094999999999580e+00 -6.632814999999999905e+00
-4.764426699999999926e+01 -4.448668700000000342e+01 -4.912672599999999790e+01
-2.331683299999999903e+01 -2.687405599999999950e+01 -2.498763500000000093e+01
-3.983493699999999649e+01 -4.366953300000000127e+01 -4.317475900000000166e+01
-5.566776099999999872e+01 -5.777098999999999762e+01 -6.206347399999999936e+01
-1.765778800000000004e+01 -2.073498700000000028e+01 -2.258807399999999888e+01
-1.228540800000000033e+01 -1.345792299999999919e+01 -1.487056499999999915e+01
-1.507464900000000085e+01 -1.569776000000000060e+01 -1.773469899999999910e+01
-1.755742199999999897e+01 -1.743949100000000030e+01 -1.601787799999999962e+01
-7.087330999999999825e+00 -6.974044000000000132e+00 -8.039227000000000345e+00
-5.281689000000000078e+00 -5.266834000000000238e+00 -5.779895999999999923e+00
-6.544828099999999438e+01 -6.786779599999999846e+01 -5.977192000000000149e+01
-2.088292900000000074e+01 -1.928209199999999868e+01 -2.133318699999999879e+01
-8.030274199999999496e+01 -7.960496500000000708e+01 -7.021694499999999550e+01
-2.484080000000000155e+01 -2.679247600000000062e+01 -2.381257799999999847e+01
-4.404030600000000106e+01 -4.152723399999999998e+01 -4.662480999999999653e+01
-4.395148300000000319e+01 -3.848173700000000252e+01 -3.982736500000000035e+01
-2.030199100000000101e+01 -2.076386499999999913e+01 -2.221824300000000108e+01
-7.945784700000000100e+01 -9.045975799999999367e+01 -7.883877300000000332e+01
-3.707405700000000337e+01 -4.312664300000000139e+01 -4.592150199999999671e+01
-2.118855299999999886e+01 -1.946275400000000033e+01 -1.995965699999999998e+01
-5.163685600000000164e+01 -4.498125100000000032e+01 -4.727813600000000349e+01
-1.199331300000000056e+01 -1.203922200000000053e+01 -1.318116400000000077e+01
-1.357586399999999927e+01 -1.295372500000000038e+01 -1.650092899999999929e+01
-7.702586000000000155e+00 -8.582995000000000374e+00 -7.871302000000000021e+00
-5.779582200000000114e+01 -5.076849599999999896e+01 -5.538705399999999912e+01
-3.072434600000000060e+01 -2.653587699999999927e+01 -3.168853500000000167e+01
-4.090006900000000201e+01 -3.577900100000000094e+01 -3.761137899999999945e+01
-5.779582200000000114e+01 -5.947866299999999740e+01 -5.255847399999999681e+01
-9.926924200000000553e+01 -9.860354499999999689e+01 -8.607371000000000549e+01
-3.485378299999999996e+01 -3.121920700000000082e+01 -3.205279999999999774e+01
-3.804965500000000134e+01 -4.109109500000000281e+01 -3.718864200000000153e+01
-1.338862499999999933e+01 -1.158038600000000073e+01 -1.190469200000000072e+01
-1.586101599999999934e+01 -1.700836400000000026e+01 -1.677372499999999889e+01
-2.506362700000000032e+01 -2.721660899999999828e+01 -2.417652199999999851e+01
-9.162402999999999409e+00 -8.039227000000000345e+00 -9.105921000000000376e+00
-1.959897700000000142e+01 -2.059736900000000048e+01 -1.942791799999999824e+01
-1.072193399999999919e+01 -1.180757700000000021e+01 -1.196074600000000032e+01
-1.429684100000000058e+01 -1.559761499999999934e+01 -1.535226899999999972e+01
-3.046210200000000157e+01 -2.845949500000000043e+01 -2.537990999999999886e+01
-1.196074600000000032e+01 -1.318282999999999916e+01 -1.326405500000000082e+01
-1.295372500000000038e+01 -1.243072100000000013e+01 -1.550353899999999996e+01
-6.098213999999999579e+00 -6.588206999999999702e+00 -6.797016000000000169e+00
-5.574190300000000065e+01 -4.987909799999999905e+01 -5.174954400000000021e+01
-2.972106799999999893e+01 -2.851949199999999962e+01 -2.615240599999999915e+01
-2.878890300000000124e+01 -3.087488099999999847e+01 -2.687405599999999950e+01
-9.110060799999999404e+01 -1.040144410000000050e+02 -9.045975799999999367e+01
-7.495517999999999681e+00 -8.285417999999999950e+00 -8.620222000000000051e+00
-2.565048799999999929e+01 -2.734577000000000169e+01 -3.112511900000000153e+01
-4.548156399999999877e+01 -3.863599200000000167e+01 -4.073333699999999880e+01
-2.508465800000000101e+01 -2.246701099999999940e+01 -2.321028499999999894e+01
-8.973587999999999454e+00 -8.121634999999999494e+00 -8.562189999999999301e+00
-1.809574299999999880e+01 -1.960317799999999977e+01 -1.899548499999999862e+01
-9.528873299999999347e+01 -9.544914900000000557e+01 -8.533953999999999951e+01
-2.706749399999999994e+01 -2.883468799999999987e+01 -2.524082299999999890e+01
-2.304676399999999958e+01 -2.216352699999999842e+01 -2.067916999999999916e+01
-8.092841999999999203e+00 -9.218750000000000000e+00 -9.050629999999999953e+00
-3.646102299999999730e+01 -3.983493699999999649e+01 -3.614038500000000198e+01
-7.833881900000000087e+01 -7.030228200000000527e+01 -6.876941600000000676e+01
-7.062634000000000079e+00 -6.389092999999999911e+00 -6.883898000000000295e+00
-6.362248499999999751e+01 -6.289265499999999776e+01 -5.751428899999999800e+01
-1.435649800000000020e+01 -1.653240200000000115e+01 -1.607441299999999984e+01
-3.280674599999999685e+01 -3.494337600000000066e+01 -3.075579700000000116e+01
-8.533953999999999951e+01 -7.668021099999999990e+01 -8.546518199999999865e+01
-4.412636599999999731e+01 -4.625883000000000322e+01 -5.008610999999999791e+01
-9.828628000000000142e+00 -9.400745999999999825e+00 -1.053925899999999949e+01
-1.765755199999999903e+01 -1.854504100000000122e+01 -1.742832200000000142e+01
-6.216671099999999939e+01 -6.213309300000000235e+01 -5.710596000000000316e+01
-7.959075799999999390e+01 -7.080772299999999575e+01 -7.054104599999999436e+01
-3.517069399999999746e+01 -3.314668000000000347e+01 -3.120804599999999951e+01
-1.871337700000000126e+01 -2.166562599999999961e+01 -1.799076399999999865e+01
-3.868349400000000315e+01 -4.544058700000000073e+01 -4.324029699999999821e+01
-2.570012799999999942e+01 -3.136885600000000096e+01 -2.833120999999999867e+01
-7.040507999999999988e+00 -7.162339000000000233e+00 -8.147674999999999557e+00
-1.722109800000000135e+01 -1.643122699999999980e+01 -1.447124799999999922e+01
-6.900973100000000215e+01 -6.889715999999999951e+01 -7.682699900000000071e+01
-3.788576799999999878e+01 -4.066727300000000156e+01 -4.425406399999999962e+01
-2.043501799999999946e+01 -2.127981000000000122e+01 -2.360806900000000041e+01
-8.643236999999999171e+00 -7.524937000000000431e+00 -7.743133000000000266e+00
-4.137672400000000295e+01 -3.813853100000000040e+01 -4.395833300000000321e+01
-4.280101499999999959e+01 -3.761137899999999945e+01 -3.926480999999999710e+01
-3.496613299999999924e+01 -2.918542300000000012e+01 -3.112511900000000153e+01
-1.326653699999999958e+01 -1.443940100000000015e+01 -1.406331400000000009e+01
-1.436551599999999951e+01 -1.454442000000000057e+01 -1.547370699999999921e+01
-5.914583999999999619e+00 -6.657473000000000418e+00 -6.531183999999999656e+00
-3.142534300000000158e+01 -3.008738400000000013e+01 -2.616172500000000056e+01
-2.111878600000000006e+01 -2.416866800000000026e+01 -1.997838199999999986e+01
-9.239415300000000286e+01 -7.960496500000000708e+01 -8.030274199999999496e+01
-4.282256499999999733e+01 -4.857277400000000256e+01 -4.604486800000000102e+01
-3.874186399999999963e+01 -4.090006900000000201e+01 -4.412636599999999731e+01
-1.180757700000000021e+01 -1.318282999999999916e+01 -1.196074600000000032e+01
-1.322780299999999976e+01 -1.116227199999999975e+01 -1.158341700000000074e+01
-6.588206999999999702e+00 -7.062634000000000079e+00 -7.334842000000000084e+00
-9.544914900000000557e+01 -1.075304119999999983e+02 -9.570004199999999628e+01
-2.642949799999999883e+01 -2.572774899999999931e+01 -2.380182800000000043e+01
-3.073079800000000006e+01 -3.418615700000000146e+01 -3.357495099999999866e+01
-1.886604799999999926e+01 -1.978484299999999863e+01 -1.743002699999999905e+01
-5.460557999999999801e+00 -5.417023999999999617e+00 -5.985313999999999801e+00
-1.204128000000000043e+01 -1.109769499999999987e+01 -1.115690799999999960e+01
-2.693304799999999943e+01 -2.725965899999999920e+01 -2.980152599999999907e+01
-1.653240200000000115e+01 -1.815714900000000043e+01 -1.607441299999999984e+01
-2.741591299999999976e+01 -3.095949399999999940e+01 -2.929752900000000082e+01
-3.205279999999999774e+01 -2.938083999999999918e+01 -3.263219399999999837e+01
-2.905621000000000009e+01 -3.029067999999999827e+01 -3.268948900000000179e+01
-6.531183999999999656e+00 -7.253157999999999994e+00 -6.442103999999999608e+00
-4.548156399999999877e+01 -4.785004899999999850e+01 -5.294986099999999851e+01
-5.638209999999999944e+00 -6.143062999999999718e+00 -6.242757000000000112e+00
-1.691045099999999834e+01 -1.442801700000000054e+01 -1.728859399999999980e+01
-1.610937200000000047e+01 -1.525508499999999934e+01 -1.442276500000000006e+01
-7.226790000000000269e+00 -8.093360999999999805e+00 -7.294486000000000026e+00
-1.525307100000000027e+01 -1.276371299999999920e+01 -1.334874399999999994e+01
-4.826884700000000095e+01 -4.585866399999999743e+01 -4.373670700000000267e+01
-2.847911699999999868e+01 -2.712642400000000009e+01 -2.480438600000000093e+01
-1.071929800000000021e+01 -9.440835999999999117e+00 -1.036685100000000048e+01
-2.565048799999999929e+01 -2.235753700000000066e+01 -2.734577000000000169e+01
-8.448408000000000584e+00 -7.956987999999999950e+00 -9.325855000000000672e+00
-6.778538000000000174e+00 -7.442254000000000147e+00 -7.426628000000000007e+00
-9.369276999999999589e+01 -9.281607800000000452e+01 -8.200138099999999497e+01
-1.325917300000000054e+01 -1.343119000000000085e+01 -1.436551599999999951e+01
-4.251715899999999948e+01 -4.810047399999999840e+01 -4.155657500000000226e+01
-1.581789799999999957e+01 -1.695344199999999901e+01 -1.559761499999999934e+01
-8.023441300000000354e+01 -7.113762199999999325e+01 -7.109860199999999963e+01
-2.586595799999999912e+01 -2.741591299999999976e+01 -2.929752900000000082e+01
-4.943318000000000012e+01 -4.548156399999999877e+01 -5.294986099999999851e+01
-1.157732500000000009e+01 -1.251425700000000063e+01 -1.151390999999999920e+01
-1.089822599999999930e+01 -1.088484000000000052e+01 -9.974652999999999992e+00
-1.026158599999999943e+01 -1.020328199999999974e+01 -9.488697999999999411e+00
-6.699425200000000302e+01 -7.535098399999999685e+01 -6.861112799999999368e+01
-6.366046500000000208e+01 -5.738600900000000138e+01 -6.332180999999999926e+01
-8.266865799999999354e+01 -9.503937100000000271e+01 -8.188969199999999660e+01
-1.311003499999999988e+01 -1.270247799999999927e+01 -1.460523399999999938e+01
-2.600141599999999897e+01 -2.847911699999999868e+01 -2.480438600000000093e+01
-4.071150300000000044e+01 -4.737925200000000103e+01 -4.657267300000000176e+01
-6.732154999999999667e+00 -6.651164999999999772e+00 -7.394116999999999607e+00
-1.354765000000000086e+01 -1.285488299999999917e+01 -1.406331400000000009e+01
-5.306108900000000261e+01 -4.881297500000000156e+01 -5.543852600000000308e+01
-5.947866299999999740e+01 -6.073104899999999873e+01 -5.406125399999999814e+01
-3.936362400000000150e+01 -4.153283100000000161e+01 -4.392519800000000174e+01
-3.459824499999999858e+01 -4.015641899999999964e+01 -3.443001300000000242e+01
-6.820237999999999801e+00 -6.143062999999999718e+00 -6.732154999999999667e+00
-7.398225499999999499e+01 -6.542809599999999648e+01 -6.629650399999999877e+01
-2.816174000000000177e+01 -2.510002700000000075e+01 -3.164430899999999980e+01
-1.457200300000000048e+01 -1.446184700000000056e+01 -1.325806299999999993e+01
-3.331437700000000035e+01 -3.791899099999999834e+01 -3.495310099999999665e+01
-7.162339000000000233e+00 -7.726714000000000304e+00 -8.147674999999999557e+00
-6.387498899999999935e+01 -6.372408699999999726e+01 -5.839004599999999812e+01
-4.838122599999999807e+01 -4.696836700000000064e+01 -4.440246299999999735e+01
-2.303693000000000168e+01 -2.056508399999999881e+01 -2.712610700000000108e+01
-2.017648300000000106e+01 -2.056410699999999991e+01 -2.182052499999999995e+01
-2.887454100000000068e+01 -3.119922700000000049e+01 -2.686086200000000090e+01
-2.389153400000000005e+01 -2.086138199999999898e+01 -2.254574300000000164e+01
-5.738600900000000138e+01 -5.246555399999999736e+01 -5.254286100000000204e+01
-9.750135000000000218e+00 -8.866578999999999766e+00 -8.753652000000000655e+00
-5.812914000000000136e+00 -5.281689000000000078e+00 -5.779895999999999923e+00
-2.067916999999999916e+01 -1.858007999999999882e+01 -1.937906500000000065e+01
-1.793285499999999999e+01 -2.043501799999999946e+01 -1.988212899999999905e+01
-4.696370199999999784e+01 -4.081296400000000091e+01 -4.425406399999999962e+01
-1.565353099999999920e+01 -1.613713900000000123e+01 -1.871337700000000126e+01
-5.869202899999999801e+01 -6.390800899999999984e+01 -5.912771599999999950e+01
-4.224621499999999941e+01 -4.404030600000000106e+01 -4.682803200000000032e+01
-1.895759400000000028e+01 -2.017648300000000106e+01 -1.990235099999999946e+01
-1.306503499999999995e+01 -1.429684100000000058e+01 -1.411358399999999946e+01
-2.607360600000000161e+01 -2.822627999999999915e+01 -2.556916199999999861e+01
-3.108407800000000165e+01 -3.429083200000000176e+01 -2.983159099999999953e+01
-1.828640400000000099e+01 -1.918315099999999873e+01 -1.808559800000000095e+01
-1.439645400000000031e+01 -1.598863000000000056e+01 -1.452248299999999936e+01
-4.585866399999999743e+01 -5.025863700000000023e+01 -4.825867600000000124e+01
-2.471371299999999849e+01 -2.498060800000000015e+01 -2.083750399999999914e+01
-1.719321400000000111e+01 -1.832357199999999864e+01 -1.792136199999999846e+01
-5.863315000000000055e+00 -6.395005000000000273e+00 -6.463548000000000293e+00
-3.517326500000000067e+01 -3.788576799999999878e+01 -4.081296400000000091e+01
-5.090315700000000021e+01 -5.453249499999999728e+01 -4.898405600000000248e+01
-2.713989700000000127e+01 -2.983159099999999953e+01 -2.611441100000000048e+01
-6.476106999999999836e+00 -7.456712999999999703e+00 -7.077917000000000236e+00
-6.374602300000000099e+01 -6.394402800000000298e+01 -5.828508200000000272e+01
-9.860354499999999689e+01 -9.786894300000000158e+01 -8.546062600000000486e+01
-6.054265300000000138e+01 -6.175602800000000059e+01 -5.661289800000000128e+01
-1.611005799999999866e+01 -1.457327699999999915e+01 -1.937171599999999927e+01
-1.285573199999999972e+01 -1.303112400000000015e+01 -1.161511400000000016e+01
-8.896092400000000566e+01 -8.846878700000000606e+01 -7.711271499999999435e+01
-7.047358000000000011e+00 -8.153079999999999217e+00 -7.937528999999999613e+00
-1.280135600000000018e+01 -1.293997799999999998e+01 -1.393385699999999972e+01
-2.816174000000000177e+01 -3.538813700000000040e+01 -3.111998200000000026e+01
-1.164150899999999922e+01 -1.036685100000000048e+01 -1.123997600000000041e+01
-2.030199100000000101e+01 -1.919220100000000073e+01 -2.076386499999999913e+01
-8.285417999999999950e+00 -7.989686999999999983e+00 -8.950761999999999219e+00
-6.675289999999999679e+01 -6.902945599999999615e+01 -6.206347399999999936e+01
-9.003695299999999690e+01 -8.973313600000000179e+01 -7.894674899999999695e+01
-1.442276500000000006e+01 -1.525508499999999934e+01 -1.361115999999999993e+01
-1.457327699999999915e+01 -1.357586399999999927e+01 -1.765778800000000004e+01
-2.823175799999999924e+01 -2.734716500000000039e+01 -2.335644200000000126e+01
-1.055503250000000008e+02 -9.514949099999999760e+01 -9.428257899999999836e+01
-7.113762199999999325e+01 -8.042134500000000230e+01 -7.129409200000000624e+01
-8.106869299999999612e+01 -7.833881900000000087e+01 -7.138094999999999857e+01
-3.989997900000000186e+01 -3.627056199999999819e+01 -4.264228899999999811e+01
-6.536066999999999894e+01 -6.699425200000000302e+01 -5.947866299999999740e+01
-5.578099600000000180e+01 -5.138036199999999809e+01 -5.661289800000000128e+01
-2.901659499999999881e+01 -3.295340199999999697e+01 -3.084846800000000044e+01
-2.410564600000000013e+01 -2.721123100000000150e+01 -2.598727900000000091e+01
-9.827360000000000539e+00 -8.724638000000000559e+00 -1.021623400000000004e+01
-4.662480999999999653e+01 -4.385745299999999958e+01 -4.898405600000000248e+01
-2.189612500000000139e+01 -2.258764000000000038e+01 -2.430892000000000053e+01
-1.224434100000000036e+01 -1.363950299999999949e+01 -1.478074200000000005e+01
-1.919220100000000073e+01 -1.821109999999999829e+01 -1.958138299999999887e+01
-1.815768699999999924e+01 -2.166087500000000077e+01 -2.431524500000000089e+01
-8.153079999999999217e+00 -8.414370999999999157e+00 -9.502112000000000336e+00
-1.266818999999999917e+01 -1.375292800000000071e+01 -1.355412600000000012e+01
-2.033896199999999865e+01 -1.987527800000000155e+01 -1.691045099999999834e+01
-2.425466000000000122e+01 -2.586595799999999912e+01 -2.283960799999999836e+01
-3.591201300000000174e+01 -3.919556800000000152e+01 -3.406651000000000096e+01
-8.360439100000000678e+01 -8.266865799999999354e+01 -7.300901899999999500e+01
-2.938083999999999918e+01 -2.693304799999999943e+01 -2.980152599999999907e+01
-1.030476429999999937e+02 -1.025473080000000010e+02 -8.896092400000000566e+01
-1.598863000000000056e+01 -1.762503299999999840e+01 -1.755742199999999897e+01
-8.940656999999999854e+00 -7.719573999999999714e+00 -8.620222000000000051e+00
-2.056410699999999991e+01 -1.949393299999999840e+01 -2.106088899999999953e+01
-7.442254000000000147e+00 -8.083009999999999806e+00 -8.122885999999999385e+00
-5.356404899999999714e+01 -6.054265300000000138e+01 -5.661289800000000128e+01
-2.993866299999999825e+01 -3.179177100000000067e+01 -2.672787800000000047e+01
-3.673704000000000036e+01 -4.014650799999999720e+01 -3.646102299999999730e+01
-3.577900100000000094e+01 -3.382230700000000212e+01 -3.114091000000000165e+01
-1.743949100000000030e+01 -1.903909099999999910e+01 -1.874324000000000012e+01
-1.185634300000000074e+01 -1.174713900000000066e+01 -1.088484000000000052e+01
-1.765755199999999903e+01 -1.742832200000000142e+01 -1.656243699999999919e+01
-7.140280999999999878e+00 -7.747787999999999897e+00 -7.893227999999999689e+00
-1.072992900000000027e+01 -9.581583000000000183e+00 -1.136338600000000021e+01
-6.153269499999999681e+01 -5.375856999999999886e+01 -5.534616199999999964e+01
-1.116108700000000020e+01 -9.361791999999999447e+00 -1.087164600000000014e+01
-7.442254000000000147e+00 -6.757976000000000205e+00 -7.403406000000000375e+00
-1.839848500000000087e+01 -1.723922100000000057e+01 -2.014339500000000172e+01
-1.436969999999999992e+01 -1.363133299999999970e+01 -1.649508399999999853e+01
-6.651164999999999772e+00 -6.584514999999999674e+00 -7.319778999999999591e+00
-1.903909099999999910e+01 -1.928209199999999868e+01 -2.088292900000000074e+01
-8.979090399999999761e+01 -9.005568999999999846e+01 -7.891243299999999294e+01
-1.004181099999999915e+01 -1.126915799999999912e+01 -1.130093500000000084e+01
-9.264001799999999776e+01 -9.289318099999999845e+01 -8.045454499999999598e+01
-1.161616399999999949e+01 -1.239408000000000065e+01 -1.123997600000000041e+01
-1.832357199999999864e+01 -1.856920699999999869e+01 -1.942791799999999824e+01
-1.228540800000000033e+01 -1.487056499999999915e+01 -1.363950299999999949e+01
-7.017126600000000280e+01 -6.311971100000000234e+01 -6.093816499999999792e+01
-6.893254399999999293e+01 -7.640493100000000481e+01 -6.796390800000000354e+01
-2.320482200000000006e+01 -1.968620800000000060e+01 -2.156572999999999851e+01
-7.572695000000000221e+01 -6.739421299999999349e+01 -6.796390800000000354e+01
-6.099052000000000362e+00 -6.080760999999999861e+00 -6.757976000000000205e+00
-3.212227000000000032e+01 -2.977890700000000024e+01 -3.658173599999999936e+01
-9.232937499999999886e+01 -9.190601900000000057e+01 -8.028263699999999403e+01
-5.012705600000000317e+01 -4.826884700000000095e+01 -4.579294199999999648e+01
-1.033363399999999999e+01 -1.007523600000000030e+01 -1.156642500000000062e+01
-7.080772299999999575e+01 -7.986994900000000541e+01 -7.109860199999999963e+01
-3.268948900000000179e+01 -3.526351100000000116e+01 -3.148160999999999987e+01
-9.466454999999999842e+00 -8.922368000000000521e+00 -8.762562000000000850e+00
-1.640251800000000060e+01 -1.460665200000000041e+01 -1.696766799999999975e+01
-2.572774899999999931e+01 -2.873569699999999827e+01 -2.786291399999999996e+01
-6.522239999999999327e+01 -6.378176799999999957e+01 -5.770744100000000287e+01
-1.842017699999999891e+01 -2.111878600000000006e+01 -1.743254299999999901e+01
-2.012942200000000170e+01 -2.406964800000000082e+01 -1.919248199999999827e+01
-2.325570199999999943e+01 -2.528210299999999933e+01 -2.506467800000000068e+01
-3.526351100000000116e+01 -3.804965500000000134e+01 -3.418615700000000146e+01
-1.581789799999999957e+01 -1.559761499999999934e+01 -1.446184700000000056e+01
-1.239408000000000065e+01 -1.164150899999999922e+01 -1.123997600000000041e+01
-9.591654999999999376e+00 -8.582995000000000374e+00 -9.362087999999999965e+00
-9.047424800000000289e+01 -9.096039500000000544e+01 -7.959075799999999390e+01
-1.988212899999999905e+01 -2.258739699999999928e+01 -2.186747899999999944e+01
-1.598929900000000082e+01 -2.012942200000000170e+01 -1.919248199999999827e+01
-6.421922200000000203e+01 -7.143354499999999518e+01 -6.490820300000000032e+01
-6.435286600000000590e+01 -7.069258899999999812e+01 -6.390800899999999984e+01
-4.857277400000000256e+01 -4.545019899999999780e+01 -5.113435599999999681e+01
-1.968620800000000060e+01 -1.839848500000000087e+01 -2.156572999999999851e+01
-8.658929500000000701e+01 -7.607341200000000470e+01 -7.639934700000000589e+01
-1.593006800000000034e+01 -1.535324199999999983e+01 -1.743002699999999905e+01
-2.455229100000000031e+01 -2.073018199999999922e+01 -2.498060800000000015e+01
-2.246145599999999831e+01 -2.114593699999999998e+01 -2.540472600000000014e+01
-1.420456800000000008e+01 -1.248325499999999977e+01 -1.361115999999999993e+01
-3.517069399999999746e+01 -3.709100200000000314e+01 -3.930323700000000287e+01
-3.673704000000000036e+01 -3.324963499999999783e+01 -3.357495099999999866e+01
-6.734792600000000107e+01 -7.489435699999999940e+01 -6.629650399999999877e+01
-3.517069399999999746e+01 -3.726157200000000103e+01 -3.314668000000000347e+01
-1.003166799999999981e+01 -1.079119000000000028e+01 -9.919463999999999615e+00
-2.212778600000000040e+01 -2.146396500000000174e+01 -2.011072700000000069e+01
-4.150468899999999906e+01 -4.579294199999999648e+01 -4.373670700000000267e+01
-4.943318000000000012e+01 -5.643363399999999785e+01 -5.303970900000000199e+01
-6.883898000000000295e+00 -6.389092999999999911e+00 -6.242757000000000112e+00
-4.411491800000000296e+01 -4.015762600000000049e+01 -4.604486800000000102e+01
-4.578294499999999800e+01 -5.051684300000000150e+01 -4.310976500000000300e+01
-7.635853000000000179e+01 -8.518762900000000116e+01 -7.682699900000000071e+01
-4.261198999999999870e+01 -3.981873199999999713e+01 -4.448668700000000342e+01
-6.334376900000000177e+01 -6.209167999999999665e+01 -5.674490000000000123e+01
-8.200138099999999497e+01 -7.179350499999999613e+01 -7.278345799999999599e+01
-4.015641899999999964e+01 -4.578294499999999800e+01 -3.978381300000000209e+01
-4.657267300000000176e+01 -4.578294499999999800e+01 -4.015641899999999964e+01
-1.773976199999999892e+01 -2.080679999999999907e+01 -1.728859399999999980e+01
-2.119822900000000132e+01 -2.269276800000000094e+01 -2.018884600000000162e+01
-5.043863799999999742e+01 -5.613412999999999897e+01 -5.001062399999999997e+01
-2.043501799999999946e+01 -2.258739699999999928e+01 -1.988212899999999905e+01
-1.266791399999999967e+01 -1.422928199999999954e+01 -1.271471999999999980e+01
-5.944489300000000043e+01 -4.994970599999999905e+01 -5.375856999999999886e+01
-3.930323700000000287e+01 -4.121258100000000013e+01 -4.347695900000000080e+01
-1.270247799999999927e+01 -1.247547600000000045e+01 -1.435649800000000020e+01
-2.565048799999999929e+01 -2.111878600000000006e+01 -2.235753700000000066e+01
-5.123541399999999868e+01 -4.411491800000000296e+01 -4.604486800000000102e+01
-2.916818800000000067e+01 -2.814901400000000109e+01 -2.561492099999999894e+01
-1.059488600000000069e+01 -9.218750000000000000e+00 -9.441012000000000626e+00
-1.452248299999999936e+01 -1.598863000000000056e+01 -1.601787799999999962e+01
-1.547370699999999921e+01 -1.656243699999999919e+01 -1.637094099999999841e+01
-7.986994900000000541e+01 -9.140226400000000240e+01 -8.023441300000000354e+01
-7.456712999999999703e+00 -7.759216000000000335e+00 -8.804099000000000785e+00
-8.100770000000000692e+00 -7.456712999999999703e+00 -8.804099000000000785e+00
-7.759216000000000335e+00 -8.999822999999999240e+00 -8.804099000000000785e+00
-8.804099000000000785e+00 -1.038612400000000058e+01 -9.258153000000000077e+00
-8.100770000000000692e+00 -8.804099000000000785e+00 -9.258153000000000077e+00
-1.030471600000000088e+01 -1.038612400000000058e+01 -8.804099000000000785e+00
-8.999822999999999240e+00 -1.030471600000000088e+01 -8.804099000000000785e+00
