-3.769336200000000048e+01 -3.757245699999999999e+01 -3.758954099999999698e+01
-3.710853800000000291e+01 -3.715385200000000054e+01 -3.702818899999999758e+01
-4.065131600000000134e+01 -4.054024799999999829e+01 -4.064144600000000196e+01
-3.701587500000000119e+01 -3.700831699999999813e+01 -3.690036400000000327e+01
-4.156968899999999678e+01 -4.169340499999999849e+01 -4.159106700000000245e+01
-4.006593099999999907e+01 -4.017863700000000193e+01 -4.017422200000000032e+01
-4.191689199999999715e+01 -4.204459500000000105e+01 -4.198817600000000283e+01
-3.937713500000000266e+01 -3.938207100000000338e+01 -3.949008500000000055e+01
-3.990873899999999708e+01 -4.002722099999999728e+01 -3.992267600000000272e+01
-3.990264100000000269e+01 -3.978198799999999835e+01 -3.991399299999999783e+01
-4.123893999999999949e+01 -4.112457400000000263e+01 -4.113031000000000148e+01
-4.085987099999999828e+01 -4.076747999999999905e+01 -4.073601299999999981e+01
-4.131506699999999910e+01 -4.130401400000000223e+01 -4.119177599999999728e+01
-3.882619199999999893e+01 -3.893365399999999710e+01 -3.882208299999999923e+01
-4.147167699999999968e+01 -4.147675999999999874e+01 -4.158499900000000338e+01
-4.224725300000000061e+01 -4.223619000000000057e+01 -4.213333200000000289e+01
-4.068781500000000051e+01 -4.068458499999999844e+01 -4.057544699999999693e+01
-3.828025900000000092e+01 -3.827458500000000186e+01 -3.816562799999999811e+01
-4.073610399999999743e+01 -4.061599100000000107e+01 -4.070689399999999836e+01
-4.049047000000000196e+01 -4.059625799999999884e+01 -4.049111099999999652e+01
-4.150357900000000200e+01 -4.145823099999999783e+01 -4.138231799999999794e+01
-3.805513100000000293e+01 -3.808485300000000251e+01 -3.796876999999999924e+01
-3.990129799999999705e+01 -3.990216999999999814e+01 -3.979460499999999712e+01
-4.184513799999999861e+01 -4.172631400000000212e+01 -4.175457500000000266e+01
-3.936837799999999987e+01 -3.947374400000000350e+01 -3.948007100000000236e+01
-3.686312900000000070e+01 -3.681823500000000138e+01 -3.694729600000000147e+01
-3.718686399999999992e+01 -3.715021800000000241e+01 -3.727090700000000112e+01
-3.993508700000000289e+01 -4.004846299999999815e+01 -4.004521100000000189e+01
-4.178015500000000060e+01 -4.188938600000000179e+01 -4.187972299999999848e+01
-3.805513100000000293e+01 -3.817944399999999661e+01 -3.808485300000000251e+01
-4.156968899999999678e+01 -4.148113899999999887e+01 -4.160719600000000185e+01
-3.894528600000000296e+01 -3.883670000000000044e+01 -3.894893199999999922e+01
-3.861127299999999707e+01 -3.871874199999999888e+01 -3.860717900000000213e+01
-4.119052700000000300e+01 -4.117827299999999724e+01 -4.109327900000000255e+01
-4.104150500000000079e+01 -4.112943500000000085e+01 -4.116686099999999726e+01
-4.195424899999999724e+01 -4.183839700000000050e+01 -4.184890999999999650e+01
-3.770354499999999831e+01 -3.781191100000000205e+01 -3.770146600000000348e+01
-3.885815900000000056e+01 -3.885370199999999841e+01 -3.874687699999999779e+01
-4.095252399999999682e+01 -4.098615999999999815e+01 -4.086515899999999846e+01
-4.117827299999999724e+01 -4.104552199999999829e+01 -4.109327900000000255e+01
-3.976751200000000352e+01 -3.987489300000000014e+01 -3.976104500000000286e+01
-4.100353299999999734e+01 -4.089454599999999829e+01 -4.100736400000000259e+01
-3.984452699999999936e+01 -3.973596899999999721e+01 -3.984905400000000242e+01
-3.946645800000000293e+01 -3.957620299999999958e+01 -3.958130700000000246e+01
-4.159151099999999701e+01 -4.148308099999999854e+01 -4.160578100000000035e+01
-4.186834100000000092e+01 -4.175133900000000153e+01 -4.175375999999999976e+01
-4.090281900000000093e+01 -4.101145600000000258e+01 -4.089869999999999806e+01
-3.701059500000000213e+01 -3.694654599999999789e+01 -3.687889700000000204e+01
-3.780094499999999869e+01 -3.790943999999999647e+01 -3.779516399999999976e+01
-4.002061199999999985e+01 -3.990264100000000269e+01 -3.991399299999999783e+01
-3.926463600000000298e+01 -3.937713500000000266e+01 -3.937212099999999992e+01
-3.748617399999999833e+01 -3.740154700000000076e+01 -3.736832299999999663e+01
-3.955584900000000204e+01 -3.964224300000000056e+01 -3.968094200000000171e+01
-3.957874300000000289e+01 -3.968759000000000015e+01 -3.957593700000000325e+01
-3.771186200000000355e+01 -3.758491000000000071e+01 -3.761659099999999967e+01
-3.940088500000000238e+01 -3.928768399999999872e+01 -3.929232400000000069e+01
-3.706360699999999753e+01 -3.718925000000000125e+01 -3.710853800000000291e+01
-3.626968200000000309e+01 -3.635452300000000037e+01 -3.639446000000000225e+01
-4.100910999999999973e+01 -4.103880199999999689e+01 -4.091809200000000146e+01
-3.918879600000000352e+01 -3.929721099999999723e+01 -3.918375199999999836e+01
-3.848508199999999846e+01 -3.844244700000000137e+01 -3.856743600000000072e+01
-4.059625799999999884e+01 -4.070996999999999844e+01 -4.061357699999999937e+01
-4.095252399999999682e+01 -4.107639600000000257e+01 -4.098615999999999815e+01
-3.882208299999999923e+01 -3.871040299999999945e+01 -3.871460100000000182e+01
-3.853175399999999939e+01 -3.852806600000000259e+01 -3.842752800000000235e+01
-3.789730300000000085e+01 -3.790018599999999793e+01 -3.800833599999999990e+01
-4.019818399999999770e+01 -4.009027700000000038e+01 -4.020376199999999756e+01
-3.806932700000000125e+01 -3.793723500000000115e+01 -3.798605899999999735e+01
-4.138259099999999790e+01 -4.128014199999999789e+01 -4.139817800000000148e+01
-3.873111800000000216e+01 -3.864999999999999858e+01 -3.865195299999999889e+01
-3.798444099999999679e+01 -3.786755300000000091e+01 -3.787894099999999753e+01
-3.777251400000000103e+01 -3.765326600000000212e+01 -3.766590300000000013e+01
-3.989482600000000190e+01 -3.978900500000000306e+01 -3.990102199999999755e+01
-3.990658499999999975e+01 -3.980072400000000243e+01 -3.979742099999999994e+01
-3.734538700000000233e+01 -3.734201699999999846e+01 -3.722995099999999979e+01
-4.094529599999999903e+01 -4.095133100000000326e+01 -4.085519500000000193e+01
-3.872759800000000041e+01 -3.861765599999999665e+01 -3.873048399999999702e+01
-3.924536499999999961e+01 -3.935669800000000151e+01 -3.925847699999999918e+01
-3.968094200000000171e+01 -3.980541800000000308e+01 -3.971762700000000024e+01
-4.229518999999999807e+01 -4.217491499999999860e+01 -4.219504700000000241e+01
-4.085658500000000259e+01 -4.096949800000000153e+01 -4.096449400000000196e+01
-3.769336200000000048e+01 -3.768498100000000051e+01 -3.757245699999999999e+01
-3.839271600000000007e+01 -3.828025900000000092e+01 -3.828599299999999772e+01
-4.073443499999999773e+01 -4.062080499999999716e+01 -4.062569200000000080e+01
-4.167709299999999928e+01 -4.162637000000000143e+01 -4.174711800000000039e+01
-4.113695400000000291e+01 -4.124756800000000112e+01 -4.124952700000000050e+01
-4.049047000000000196e+01 -4.059624000000000166e+01 -4.059625799999999884e+01
-4.067689099999999769e+01 -4.056804400000000044e+01 -4.068088999999999800e+01
-4.064144600000000196e+01 -4.054024799999999829e+01 -4.052328099999999722e+01
-3.858338899999999683e+01 -3.846976999999999691e+01 -3.847411999999999921e+01
-3.856743600000000072e+01 -3.844244700000000137e+01 -3.852834699999999657e+01
-3.698343100000000305e+01 -3.706692300000000273e+01 -3.710401000000000238e+01
-3.723683199999999971e+01 -3.718925000000000125e+01 -3.731954100000000096e+01
-3.781191100000000205e+01 -3.792476800000000026e+01 -3.792021900000000301e+01
-3.972675100000000015e+01 -3.961809900000000084e+01 -3.973136900000000082e+01
-3.688190500000000327e+01 -3.700088499999999669e+01 -3.699502199999999874e+01
-3.610000000000000142e+01 -3.610000000000000142e+01 -3.620327499999999787e+01
-3.724237999999999715e+01 -3.724103900000000067e+01 -3.713170600000000121e+01
-4.095830099999999874e+01 -4.084390599999999694e+01 -4.084805000000000064e+01
-3.951687600000000344e+01 -3.960073200000000071e+01 -3.964224300000000056e+01
-3.904942799999999892e+01 -3.894162099999999782e+01 -3.905348699999999695e+01
-3.777005799999999880e+01 -3.789460799999999807e+01 -3.780912299999999959e+01
-4.023286699999999882e+01 -4.012661200000000150e+01 -4.012060600000000221e+01
-4.051242100000000335e+01 -4.040417099999999806e+01 -4.051733800000000230e+01
-3.902937099999999759e+01 -3.902706200000000081e+01 -3.891900299999999646e+01
-4.227306399999999798e+01 -4.215700999999999965e+01 -4.216864600000000252e+01
-3.907511399999999924e+01 -3.918375199999999836e+01 -3.907045200000000307e+01
-3.718925000000000125e+01 -3.726283200000000306e+01 -3.731954100000000096e+01
-4.002565899999999743e+01 -4.002061199999999985e+01 -3.991399299999999783e+01
-4.131726100000000201e+01 -4.141403100000000137e+01 -4.129681399999999769e+01
-4.156810699999999770e+01 -4.167105000000000103e+01 -4.166984599999999972e+01
-3.869626099999999980e+01 -3.880814600000000070e+01 -3.880575999999999937e+01
-3.803362099999999657e+01 -3.803897099999999654e+01 -3.814747700000000208e+01
-4.166661400000000270e+01 -4.170838299999999776e+01 -4.158481700000000103e+01
-4.020376199999999756e+01 -4.009027700000000038e+01 -4.009606399999999837e+01
-3.994413699999999778e+01 -3.994864799999999860e+01 -4.005724899999999877e+01
-3.667654600000000187e+01 -3.655672599999999761e+01 -3.655509599999999892e+01
-3.610000000000000142e+01 -3.610000000000000142e+01 -3.620319099999999679e+01
-3.667654600000000187e+01 -3.661930900000000122e+01 -3.655672599999999761e+01
-3.888078600000000051e+01 -3.889094800000000163e+01 -3.877730600000000294e+01
-4.009606399999999837e+01 -3.998856299999999919e+01 -4.010204900000000094e+01
-4.078131400000000184e+01 -4.078575500000000176e+01 -4.089454599999999829e+01
-4.130644800000000316e+01 -4.120557000000000158e+01 -4.132167199999999951e+01
-3.859853999999999985e+01 -3.859454099999999954e+01 -3.848643400000000270e+01
-3.720109000000000066e+01 -3.708438799999999702e+01 -3.720675599999999861e+01
-3.694729600000000147e+01 -3.707725500000000096e+01 -3.699898199999999804e+01
-4.036542800000000142e+01 -4.036175200000000274e+01 -4.025332999999999828e+01
-4.012550600000000145e+01 -4.023796300000000059e+01 -4.023430199999999957e+01
-4.079375799999999685e+01 -4.068458499999999844e+01 -4.079726999999999748e+01
-4.001562299999999794e+01 -3.990658499999999975e+01 -3.990264100000000269e+01
-3.610000000000000142e+01 -3.610000000000000142e+01 -3.620938499999999749e+01
-3.731531199999999870e+01 -3.727134199999999709e+01 -3.720109000000000066e+01
-4.135684400000000238e+01 -4.131049800000000261e+01 -4.124318000000000239e+01
-3.861830599999999691e+01 -3.868966199999999844e+01 -3.874437000000000353e+01
-3.827044599999999974e+01 -3.837840400000000329e+01 -3.826590300000000155e+01
-4.175375999999999976e+01 -4.163647499999999724e+01 -4.163108199999999925e+01
-4.013302999999999798e+01 -4.024501399999999762e+01 -4.024154899999999913e+01
-4.064636200000000343e+01 -4.075418499999999966e+01 -4.064076699999999676e+01
-3.733032200000000245e+01 -3.735705500000000256e+01 -3.724824600000000174e+01
-4.208589800000000025e+01 -4.207179500000000161e+01 -4.197423500000000018e+01
-3.972675100000000015e+01 -3.973136900000000082e+01 -3.983997800000000211e+01
-4.006862100000000027e+01 -4.019308900000000051e+01 -4.010896699999999981e+01
-3.674732099999999946e+01 -3.661930900000000122e+01 -3.667654600000000187e+01
-3.780094499999999869e+01 -3.791508799999999724e+01 -3.790943999999999647e+01
-3.881795100000000076e+01 -3.871040299999999945e+01 -3.882208299999999923e+01
-4.018313599999999752e+01 -4.029129300000000313e+01 -4.017863700000000193e+01
-3.647877299999999678e+01 -3.633868600000000271e+01 -3.644024199999999780e+01
-3.945369600000000077e+01 -3.956079299999999677e+01 -3.944951900000000222e+01
-3.967714399999999841e+01 -3.955911400000000100e+01 -3.957297499999999957e+01
-3.955007799999999918e+01 -3.964324899999999730e+01 -3.968340599999999796e+01
-3.650101200000000290e+01 -3.649248500000000206e+01 -3.659668599999999827e+01
-4.011224099999999737e+01 -4.021698299999999904e+01 -4.011176700000000039e+01
-3.706692300000000273e+01 -3.715021800000000241e+01 -3.718686399999999992e+01
-4.208221100000000092e+01 -4.219193899999999786e+01 -4.207167900000000316e+01
-3.772452700000000192e+01 -3.768521700000000152e+01 -3.780912299999999959e+01
-3.991372799999999899e+01 -3.980279300000000120e+01 -3.980746100000000354e+01
-4.038243599999999844e+01 -4.049047000000000196e+01 -4.049111099999999652e+01
-3.661930900000000122e+01 -3.654868599999999645e+01 -3.647877299999999678e+01
-3.936837799999999987e+01 -3.934063199999999938e+01 -3.947374400000000350e+01
-4.011164899999999989e+01 -4.019663599999999803e+01 -4.023671600000000126e+01
-4.036542800000000142e+01 -4.025332999999999828e+01 -4.025508599999999859e+01
-4.186177800000000104e+01 -4.195746499999999912e+01 -4.183935499999999763e+01
-4.151013199999999870e+01 -4.145711000000000013e+01 -4.138308700000000329e+01
-4.024956499999999693e+01 -4.028387099999999776e+01 -4.014309899999999942e+01
-4.121414899999999903e+01 -4.117050900000000269e+01 -4.129605200000000309e+01
-3.848950800000000072e+01 -3.861673499999999848e+01 -3.852834699999999657e+01
-4.088922000000000168e+01 -4.091809200000000146e+01 -4.079784099999999825e+01
-4.091664999999999708e+01 -4.091478599999999943e+01 -4.080426099999999678e+01
-4.102553999999999945e+01 -4.102649499999999705e+01 -4.113671200000000283e+01
-4.178477199999999669e+01 -4.175457500000000266e+01 -4.166023299999999807e+01
-3.887832800000000333e+01 -3.874437000000000353e+01 -3.879702699999999993e+01
-4.198817600000000283e+01 -4.210511799999999738e+01 -4.206567700000000087e+01
-3.884800599999999804e+01 -3.873111800000000216e+01 -3.875578800000000257e+01
-4.193252300000000332e+01 -4.181152699999999811e+01 -4.182058099999999712e+01
-4.160379400000000061e+01 -4.146357299999999668e+01 -4.153649399999999758e+01
-3.702273399999999981e+01 -3.702543899999999866e+01 -3.713268800000000169e+01
-3.813243400000000349e+01 -3.813749700000000331e+01 -3.824660300000000035e+01
-3.874088299999999663e+01 -3.884876200000000068e+01 -3.873502899999999727e+01
-3.942120200000000096e+01 -3.953385200000000310e+01 -3.952885500000000008e+01
-4.112910200000000316e+01 -4.103880199999999689e+01 -4.100910999999999973e+01
-4.052854599999999863e+01 -4.041567299999999818e+01 -4.049111099999999652e+01
-3.939623199999999770e+01 -3.940088500000000238e+01 -3.950948799999999750e+01
-3.881795100000000076e+01 -3.870636799999999766e+01 -3.871040299999999945e+01
-4.119896500000000117e+01 -4.108893499999999932e+01 -4.119652599999999865e+01
-3.690947800000000001e+01 -3.679516799999999677e+01 -3.680620900000000262e+01
-4.006862100000000027e+01 -4.015175500000000142e+01 -4.019308900000000051e+01
-3.964182999999999879e+01 -3.964712800000000215e+01 -3.975515599999999949e+01
-3.957593700000000325e+01 -3.968759000000000015e+01 -3.968570299999999662e+01
-3.751553499999999985e+01 -3.760037599999999713e+01 -3.764062599999999748e+01
-4.189801500000000090e+01 -4.188938600000000179e+01 -4.178714800000000196e+01
-4.024154899999999913e+01 -4.023796300000000059e+01 -4.012922300000000320e+01
-4.086785799999999824e+01 -4.075995799999999747e+01 -4.087357399999999785e+01
-4.184890999999999650e+01 -4.183839700000000050e+01 -4.173580400000000168e+01
-4.145823099999999783e+01 -4.142678899999999942e+01 -4.131506699999999910e+01
-3.969084999999999752e+01 -3.979929099999999664e+01 -3.968759000000000015e+01
-3.859454099999999954e+01 -3.859075800000000100e+01 -3.848227599999999882e+01
-4.195424899999999724e+01 -4.184890999999999650e+01 -4.196417999999999893e+01
-3.935272700000000157e+01 -3.946358800000000144e+01 -3.935247300000000337e+01
-3.869626099999999980e+01 -3.858338899999999683e+01 -3.858711300000000222e+01
-3.845250699999999711e+01 -3.844362999999999886e+01 -3.833896399999999716e+01
-4.154466299999999990e+01 -4.164436899999999753e+01 -4.153649399999999758e+01
-4.028387099999999776e+01 -4.021488200000000290e+01 -4.014309899999999942e+01
-4.032261700000000104e+01 -4.027615999999999730e+01 -4.039810200000000151e+01
-4.049214500000000072e+01 -4.049660999999999689e+01 -4.060164600000000235e+01
-3.877212699999999757e+01 -3.866500700000000279e+01 -3.878195800000000304e+01
-3.892541200000000146e+01 -3.903275899999999865e+01 -3.892184400000000011e+01
-3.938613900000000001e+01 -3.947029299999999807e+01 -3.951164899999999847e+01
-3.898073800000000233e+01 -3.886694899999999819e+01 -3.887812600000000174e+01
-4.086195699999999675e+01 -4.097571299999999894e+01 -4.096949800000000153e+01
-4.002722099999999728e+01 -4.013629199999999742e+01 -4.002565899999999743e+01
-3.861635299999999660e+01 -3.872759800000000041e+01 -3.872519299999999731e+01
-3.978198799999999835e+01 -3.982667000000000002e+01 -3.991399299999999783e+01
-4.155769200000000296e+01 -4.142678899999999942e+01 -4.145823099999999783e+01
-4.045116699999999810e+01 -4.033864100000000263e+01 -4.034283200000000136e+01
-3.786755300000000091e+01 -3.775066499999999792e+01 -3.776203300000000240e+01
-4.025508599999999859e+01 -4.014783400000000313e+01 -4.014982299999999782e+01
-3.846976999999999691e+01 -3.835584000000000060e+01 -3.836055100000000095e+01
-3.841538599999999803e+01 -3.828083600000000075e+01 -3.833335499999999740e+01
-4.229999999999999716e+01 -4.229518999999999807e+01 -4.219504700000000241e+01
-4.021536499999999847e+01 -4.020953200000000294e+01 -4.010204900000000094e+01
-4.172631400000000212e+01 -4.161091400000000107e+01 -4.163526499999999686e+01
-4.035038300000000078e+01 -4.023796300000000059e+01 -4.024154899999999913e+01
-3.652420500000000203e+01 -3.660904599999999931e+01 -3.664943199999999734e+01
-3.989567900000000122e+01 -3.998369300000000237e+01 -4.002304199999999668e+01
-4.077643199999999979e+01 -4.088492300000000057e+01 -4.077115700000000231e+01
-4.084390599999999694e+01 -4.072955600000000231e+01 -4.073443499999999773e+01
-3.847819299999999743e+01 -3.858711300000000222e+01 -3.847411999999999921e+01
-3.857391100000000250e+01 -3.856721499999999736e+01 -3.845935000000000059e+01
-3.847819299999999743e+01 -3.836503400000000141e+01 -3.836948399999999992e+01
-4.158481700000000103e+01 -4.170838299999999776e+01 -4.162637000000000143e+01
-4.095602399999999932e+01 -4.091598599999999664e+01 -4.104150500000000079e+01
-4.124958300000000122e+01 -4.136338599999999843e+01 -4.124592700000000178e+01
-4.134572099999999750e+01 -4.135513300000000214e+01 -4.146204300000000131e+01
-3.841250200000000348e+01 -3.827581899999999848e+01 -3.831108700000000056e+01
-3.784767300000000034e+01 -3.793242399999999748e+01 -3.796876999999999924e+01
-3.855865000000000009e+01 -3.844362999999999886e+01 -3.845250699999999711e+01
-3.839876799999999690e+01 -3.851932099999999792e+01 -3.850837400000000343e+01
-3.679516799999999677e+01 -3.690036400000000327e+01 -3.678216900000000322e+01
-3.702125399999999900e+01 -3.698343100000000305e+01 -3.710401000000000238e+01
-4.028031399999999707e+01 -4.024113499999999988e+01 -4.036418599999999657e+01
-3.793723500000000115e+01 -3.794912999999999670e+01 -3.784058600000000183e+01
-3.991063299999999714e+01 -4.001782299999999992e+01 -4.002162400000000275e+01
-4.107260600000000039e+01 -4.107206599999999952e+01 -4.118328799999999745e+01
-3.790018599999999793e+01 -3.779191699999999798e+01 -3.790427799999999792e+01
-4.082746800000000320e+01 -4.073610399999999743e+01 -4.070689399999999836e+01
-4.229999999999999716e+01 -4.229999999999999716e+01 -4.221320200000000256e+01
-3.840024600000000277e+01 -3.829018099999999691e+01 -3.829509399999999886e+01
-4.145711000000000013e+01 -4.139999999999999858e+01 -4.132552100000000195e+01
-3.865393999999999863e+01 -3.874654699999999963e+01 -3.877730600000000294e+01
-3.640027500000000060e+01 -3.649248500000000206e+01 -3.650101200000000290e+01
-4.193544299999999936e+01 -4.179455099999999845e+01 -4.186592100000000016e+01
-4.015629400000000260e+01 -4.028031399999999707e+01 -4.019663599999999803e+01
-3.885370199999999841e+01 -3.896185499999999990e+01 -3.884876200000000068e+01
-3.994413699999999778e+01 -3.983541699999999963e+01 -3.994864799999999860e+01
-4.098684599999999989e+01 -4.109286800000000284e+01 -4.098122500000000201e+01
-3.836394599999999855e+01 -3.848950800000000072e+01 -3.840316500000000133e+01
-3.928311599999999970e+01 -3.939623199999999770e+01 -3.939161599999999908e+01
-3.878815099999999916e+01 -3.887299200000000354e+01 -3.891279300000000063e+01
-4.036146999999999707e+01 -4.027129099999999795e+01 -4.022964100000000087e+01
-3.985356800000000277e+01 -3.974515499999999690e+01 -3.985814599999999785e+01
-3.768521700000000152e+01 -3.777005799999999880e+01 -3.780912299999999959e+01
-3.778441399999999817e+01 -3.777251400000000103e+01 -3.766590300000000013e+01
-3.990129799999999705e+01 -3.990521300000000338e+01 -4.000745500000000021e+01
-4.138259099999999790e+01 -4.139817800000000148e+01 -4.150343399999999860e+01
-4.129722699999999946e+01 -4.118314699999999817e+01 -4.130594599999999872e+01
-3.780736699999999928e+01 -3.781191100000000205e+01 -3.792021900000000301e+01
-3.924424499999999938e+01 -3.913674699999999973e+01 -3.924718899999999877e+01
-4.113695400000000291e+01 -4.113671200000000283e+01 -4.124756800000000112e+01
-4.154408600000000007e+01 -4.149731899999999740e+01 -4.162878500000000059e+01
-3.992062399999999656e+01 -3.991372799999999899e+01 -3.980746100000000354e+01
-4.038589000000000340e+01 -4.027452399999999955e+01 -4.027810900000000061e+01
-3.787889499999999998e+01 -3.796527999999999992e+01 -3.798605899999999735e+01
-4.074368100000000226e+01 -4.085658500000000259e+01 -4.085210000000000008e+01
-4.146604399999999657e+01 -4.147167699999999968e+01 -4.157800199999999791e+01
-3.770354499999999831e+01 -3.770146600000000348e+01 -3.760083900000000057e+01
-4.055873799999999818e+01 -4.044394299999999731e+01 -4.052854599999999863e+01
-3.947971499999999878e+01 -3.959258299999999764e+01 -3.958735500000000229e+01
-3.706360699999999753e+01 -3.702125399999999900e+01 -3.714262500000000244e+01
-3.610000000000000142e+01 -3.620979299999999768e+01 -3.621161299999999983e+01
-3.826100600000000185e+01 -3.837396199999999880e+01 -3.836948399999999992e+01
-4.183839700000000050e+01 -4.194378400000000084e+01 -4.182058099999999712e+01
-4.072955600000000231e+01 -4.061516999999999911e+01 -4.062080499999999716e+01
-3.923700800000000299e+01 -3.911445200000000000e+01 -3.920424200000000070e+01
-3.794912999999999670e+01 -3.784653000000000134e+01 -3.784058600000000183e+01
-3.751553499999999985e+01 -3.764062599999999748e+01 -3.755651499999999743e+01
-4.078773499999999785e+01 -4.087249200000000116e+01 -4.091507399999999706e+01
-3.805528499999999781e+01 -3.794912999999999670e+01 -3.805449999999999733e+01
-3.890567699999999718e+01 -3.899032100000000156e+01 -3.902948099999999698e+01
-4.124952700000000050e+01 -4.124756800000000112e+01 -4.135997799999999813e+01
-4.205364999999999753e+01 -4.215700999999999965e+01 -4.204857799999999912e+01
-4.052854599999999863e+01 -4.044394299999999731e+01 -4.041567299999999818e+01
-3.917018099999999947e+01 -3.905754199999999798e+01 -3.906165099999999768e+01
-4.196417999999999893e+01 -4.184890999999999650e+01 -4.185630400000000151e+01
-3.666071199999999664e+01 -3.654411400000000043e+01 -3.655187500000000256e+01
-3.872519299999999731e+01 -3.872759800000000041e+01 -3.883670000000000044e+01
-4.122580800000000067e+01 -4.133193500000000142e+01 -4.133905699999999683e+01
-3.839271600000000007e+01 -3.839701600000000070e+01 -3.850397499999999695e+01
-3.875578800000000257e+01 -3.865195299999999889e+01 -3.865233500000000078e+01
-3.993508700000000289e+01 -3.993956800000000129e+01 -4.004846299999999815e+01
-3.865195299999999889e+01 -3.855865299999999962e+01 -3.854496100000000069e+01
-3.998252399999999795e+01 -4.009027700000000038e+01 -3.997670099999999849e+01
-4.040909800000000018e+01 -4.052229299999999768e+01 -4.051733800000000230e+01
-3.933793500000000165e+01 -3.945369600000000077e+01 -3.935003300000000337e+01
-4.179193300000000022e+01 -4.177727900000000005e+01 -4.167364899999999750e+01
-3.837396199999999880e+01 -3.848643400000000270e+01 -3.848227599999999882e+01
-3.689003600000000205e+01 -3.688190500000000327e+01 -3.676931700000000092e+01
-3.732911800000000113e+01 -3.727134199999999709e+01 -3.740316599999999880e+01
-4.049214500000000072e+01 -4.060164600000000235e+01 -4.059624000000000166e+01
-3.972201100000000196e+01 -3.972675100000000015e+01 -3.983541699999999963e+01
-3.744924000000000319e+01 -3.755834500000000276e+01 -3.744156100000000009e+01
-3.874654699999999963e+01 -3.870159600000000211e+01 -3.882810200000000123e+01
-3.824660300000000035e+01 -3.813749700000000331e+01 -3.825138799999999861e+01
-3.779422399999999982e+01 -3.791126400000000274e+01 -3.779778199999999799e+01
-3.711847600000000114e+01 -3.723428799999999939e+01 -3.722995099999999979e+01
-3.707399999999999807e+01 -3.701059500000000213e+01 -3.713552399999999665e+01
-4.082454400000000305e+01 -4.070650799999999947e+01 -4.072285399999999811e+01
-4.102649499999999705e+01 -4.102846999999999866e+01 -4.113752099999999956e+01
-4.039942299999999875e+01 -4.040417099999999806e+01 -4.051242100000000335e+01
-3.816264199999999818e+01 -3.827044599999999974e+01 -3.815824200000000133e+01
-3.884876200000000068e+01 -3.896185499999999990e+01 -3.895729399999999742e+01
-3.834521800000000269e+01 -3.845250699999999711e+01 -3.833896399999999716e+01
-4.197265600000000063e+01 -4.196417999999999893e+01 -4.185630400000000151e+01
-3.911903300000000172e+01 -3.901596099999999723e+01 -3.913498899999999736e+01
-3.768303399999999925e+01 -3.756913500000000283e+01 -3.757035700000000134e+01
-3.746215000000000117e+01 -3.757110600000000034e+01 -3.746055299999999733e+01
-3.775066499999999792e+01 -3.763377599999999745e+01 -3.764532200000000017e+01
-4.001409999999999911e+01 -4.001422099999999915e+01 -3.990423700000000196e+01
-4.168595299999999781e+01 -4.155769200000000296e+01 -4.159032499999999999e+01
-3.800510400000000288e+01 -3.811264400000000308e+01 -3.810870100000000349e+01
-4.114380500000000040e+01 -4.114823100000000267e+01 -4.125543799999999806e+01
-4.215700999999999965e+01 -4.214726699999999937e+01 -4.204857799999999912e+01
-4.217229700000000037e+01 -4.229999999999999716e+01 -4.221320200000000256e+01
-4.098293900000000178e+01 -4.085987099999999828e+01 -4.095575999999999794e+01
-3.861635299999999660e+01 -3.850646600000000319e+01 -3.861765599999999665e+01
-3.968882599999999883e+01 -3.958146700000000351e+01 -3.958130700000000246e+01
-4.138675099999999674e+01 -4.141338900000000223e+01 -4.130594599999999872e+01
-3.991063299999999714e+01 -4.002162400000000275e+01 -3.990859300000000331e+01
-3.794912999999999670e+01 -3.794698999999999955e+01 -3.784653000000000134e+01
-3.754736499999999921e+01 -3.753109200000000101e+01 -3.742990300000000303e+01
-4.174319299999999799e+01 -4.172877100000000183e+01 -4.182480600000000237e+01
-3.722142199999999690e+01 -3.733808400000000205e+01 -3.733332399999999751e+01
-4.194378400000000084e+01 -4.193252300000000332e+01 -4.182058099999999712e+01
-4.169340499999999849e+01 -4.170200799999999930e+01 -4.159106700000000245e+01
-4.047762000000000171e+01 -4.037296899999999766e+01 -4.047441899999999748e+01
-4.049111099999999652e+01 -4.041567299999999818e+01 -4.036655300000000324e+01
-4.186177800000000104e+01 -4.174373500000000092e+01 -4.177294599999999747e+01
-3.669308399999999892e+01 -3.667696999999999719e+01 -3.657565400000000011e+01
-3.960856100000000168e+01 -3.972201100000000196e+01 -3.971713100000000196e+01
-4.163445899999999966e+01 -4.175133900000000153e+01 -4.174715499999999935e+01
-3.917244300000000123e+01 -3.926098100000000102e+01 -3.929953700000000083e+01
-4.120557000000000158e+01 -4.121749100000000254e+01 -4.132167199999999951e+01
-4.067262900000000059e+01 -4.078131400000000184e+01 -4.066797100000000142e+01
-3.720109000000000066e+01 -3.713552399999999665e+01 -3.708438799999999702e+01
-3.929953700000000083e+01 -3.938613900000000001e+01 -3.942680299999999960e+01
-3.844362999999999886e+01 -3.833027799999999985e+01 -3.833896399999999716e+01
-3.789012900000000172e+01 -3.777251400000000103e+01 -3.778441399999999817e+01
-4.163060399999999817e+01 -4.174257000000000062e+01 -4.173580400000000168e+01
-4.119896500000000117e+01 -4.119652599999999865e+01 -4.129668300000000158e+01
-3.710833600000000132e+01 -3.699502199999999874e+01 -3.711298299999999983e+01
-3.925533599999999979e+01 -3.936725799999999964e+01 -3.936265099999999961e+01
-3.780912299999999959e+01 -3.789460799999999807e+01 -3.793242399999999748e+01
-3.956079299999999677e+01 -3.955404300000000006e+01 -3.944951900000000222e+01
-3.746278000000000219e+01 -3.748617399999999833e+01 -3.736832299999999663e+01
-3.806609499999999713e+01 -3.813595000000000113e+01 -3.819213500000000039e+01
-3.734828499999999707e+01 -3.735081699999999927e+01 -3.746055299999999733e+01
-3.968094200000000171e+01 -3.964224300000000056e+01 -3.977068299999999823e+01
-4.186834100000000092e+01 -4.175375999999999976e+01 -4.189500100000000060e+01
-4.107260600000000039e+01 -4.096105899999999878e+01 -4.107206599999999952e+01
-3.861830599999999691e+01 -3.864572600000000335e+01 -3.853754500000000149e+01
-3.968556900000000098e+01 -3.979460499999999712e+01 -3.968765400000000199e+01
-4.005296299999999832e+01 -3.994413699999999778e+01 -4.005724899999999877e+01
-4.166700099999999907e+01 -4.178918900000000036e+01 -4.172877100000000183e+01
-4.152964599999999962e+01 -4.150394800000000117e+01 -4.140815800000000024e+01
-3.660904599999999931e+01 -3.669388699999999659e+01 -3.673291400000000095e+01
-3.894162099999999782e+01 -3.883011199999999974e+01 -3.883353400000000022e+01
-3.998661100000000346e+01 -4.011164899999999989e+01 -4.002723499999999746e+01
-3.983997800000000211e+01 -3.973136900000000082e+01 -3.984452699999999936e+01
-4.138764499999999913e+01 -4.147212799999999788e+01 -4.135684400000000238e+01
-3.913508600000000115e+01 -3.913581899999999791e+01 -3.902629199999999798e+01
-3.977433400000000319e+01 -3.966750199999999893e+01 -3.978163599999999889e+01
-4.191437899999999672e+01 -4.190644900000000206e+01 -4.180258299999999849e+01
-3.728105500000000205e+01 -3.723683199999999971e+01 -3.736832299999999663e+01
-3.768305000000000149e+01 -3.768498100000000051e+01 -3.779516399999999976e+01
-3.739041799999999682e+01 -3.747276999999999703e+01 -3.751545500000000288e+01
-4.081610700000000236e+01 -4.094529599999999903e+01 -4.085519500000000193e+01
-3.810353099999999671e+01 -3.819057999999999709e+01 -3.822410800000000108e+01
-4.066797100000000142e+01 -4.077643199999999979e+01 -4.066293499999999739e+01
-4.031159300000000201e+01 -4.042508200000000329e+01 -4.041951000000000249e+01
-4.203821800000000053e+01 -4.192132900000000006e+01 -4.193252300000000332e+01
-4.144084800000000257e+01 -4.155612299999999948e+01 -4.154466299999999990e+01
-4.141964099999999860e+01 -4.146288700000000205e+01 -4.134209100000000348e+01
-3.947971499999999878e+01 -3.948483499999999680e+01 -3.959258299999999764e+01
-3.940563699999999869e+01 -3.941066200000000208e+01 -3.951895100000000127e+01
-4.107923100000000005e+01 -4.119766200000000111e+01 -4.112545800000000185e+01
-3.968505100000000141e+01 -3.980702500000000299e+01 -3.972335100000000097e+01
-3.621125500000000130e+01 -3.620938499999999749e+01 -3.632223900000000327e+01
-3.694841100000000012e+01 -3.703325199999999739e+01 -3.706692300000000273e+01
-4.145823099999999783e+01 -4.131506699999999910e+01 -4.138231799999999794e+01
-4.205624199999999746e+01 -4.193252300000000332e+01 -4.194378400000000084e+01
-3.927860799999999841e+01 -3.928311599999999970e+01 -3.939161599999999908e+01
-4.172877100000000183e+01 -4.178918900000000036e+01 -4.185775900000000149e+01
-4.202820499999999981e+01 -4.191011499999999756e+01 -4.192433100000000223e+01
-4.031956000000000273e+01 -4.021698299999999904e+01 -4.021488200000000290e+01
-4.048587299999999800e+01 -4.060229499999999803e+01 -4.050681800000000266e+01
-4.034667799999999716e+01 -4.045537000000000205e+01 -4.034283200000000136e+01
-4.058879000000000303e+01 -4.052592700000000292e+01 -4.063671599999999984e+01
-3.955007799999999918e+01 -3.968340599999999796e+01 -3.959352100000000263e+01
-3.854758999999999958e+01 -3.853579700000000230e+01 -3.842992000000000274e+01
-4.106264900000000040e+01 -4.107086300000000278e+01 -4.118174100000000237e+01
-3.926463600000000298e+01 -3.915711699999999951e+01 -3.926936299999999846e+01
-3.701059500000000213e+01 -3.687889700000000204e+01 -3.694237100000000140e+01
-4.193544299999999936e+01 -4.186592100000000016e+01 -4.197317199999999815e+01
-3.868966199999999844e+01 -3.856743600000000072e+01 -3.865393999999999863e+01
-4.181670499999999890e+01 -4.169267399999999668e+01 -4.172801700000000125e+01
-3.844362999999999886e+01 -3.842992000000000274e+01 -3.833027799999999985e+01
-4.147212799999999788e+01 -4.143193999999999733e+01 -4.135684400000000238e+01
-3.823134499999999747e+01 -3.834521800000000269e+01 -3.833896399999999716e+01
-4.103169400000000167e+01 -4.092340300000000042e+01 -4.103658300000000025e+01
-4.073443499999999773e+01 -4.072955600000000231e+01 -4.062080499999999716e+01
-3.895783300000000082e+01 -3.904534499999999753e+01 -3.908557900000000274e+01
-3.982667000000000002e+01 -3.980541800000000308e+01 -3.992267600000000272e+01
-3.896643499999999705e+01 -3.908017799999999653e+01 -3.907511399999999924e+01
-3.768016599999999983e+01 -3.778921199999999914e+01 -3.768150200000000183e+01
-3.740154700000000076e+01 -3.728105500000000205e+01 -3.736832299999999663e+01
-4.032289300000000054e+01 -4.020953200000000294e+01 -4.021536499999999847e+01
-3.746374099999999885e+01 -3.757239599999999768e+01 -3.746215000000000117e+01
-3.928768399999999872e+01 -3.917458599999999791e+01 -3.917909000000000219e+01
-3.784653000000000134e+01 -3.783145100000000127e+01 -3.772799299999999789e+01
-4.154171999999999798e+01 -4.141403100000000137e+01 -4.145627799999999752e+01
-3.950007999999999697e+01 -3.938691800000000143e+01 -3.939161599999999908e+01
-3.946422100000000199e+01 -3.946358800000000144e+01 -3.935272700000000157e+01
-3.938207100000000338e+01 -3.938691800000000143e+01 -3.949518100000000231e+01
-3.739248500000000064e+01 -3.751283899999999960e+01 -3.742814400000000319e+01
-3.768111900000000247e+01 -3.778947200000000350e+01 -3.768016599999999983e+01
-3.979492400000000174e+01 -3.990521300000000338e+01 -3.990129799999999705e+01
-3.850620800000000088e+01 -3.839398899999999770e+01 -3.839301700000000039e+01
-4.016591100000000125e+01 -4.016185899999999975e+01 -4.005296299999999832e+01
-3.748617399999999833e+01 -3.760083900000000057e+01 -3.750774499999999989e+01
-3.883353400000000022e+01 -3.883011199999999974e+01 -3.872238000000000113e+01
-4.057544699999999693e+01 -4.046286700000000280e+01 -4.046650799999999748e+01
-3.768498100000000051e+01 -3.780094499999999869e+01 -3.779516399999999976e+01
-4.025332999999999828e+01 -4.024951200000000284e+01 -4.014293899999999837e+01
-3.921218999999999966e+01 -3.929953700000000083e+01 -3.934063199999999938e+01
-3.957075400000000087e+01 -3.945369600000000077e+01 -3.946785599999999761e+01
-4.194139100000000298e+01 -4.204262800000000055e+01 -4.192433100000000223e+01
-3.836055100000000095e+01 -3.824660300000000035e+01 -3.825138799999999861e+01
-3.993508700000000289e+01 -4.004521100000000189e+01 -3.992886699999999678e+01
-3.938207100000000338e+01 -3.926936299999999846e+01 -3.927400999999999698e+01
-3.861830599999999691e+01 -3.856743600000000072e+01 -3.868966199999999844e+01
-4.079726999999999748e+01 -4.068458499999999844e+01 -4.068781500000000051e+01
-4.036175999999999675e+01 -4.048587299999999800e+01 -4.039810200000000151e+01
-4.074630299999999750e+01 -4.083114400000000188e+01 -4.087249200000000116e+01
-3.943046199999999857e+01 -3.932025800000000260e+01 -3.944027799999999928e+01
-4.025332999999999828e+01 -4.014293899999999837e+01 -4.014783400000000313e+01
-3.900370199999999699e+01 -3.888815400000000011e+01 -3.889867799999999676e+01
-4.192041100000000142e+01 -4.201581900000000047e+01 -4.189500100000000060e+01
-3.895292200000000093e+01 -3.884402999999999651e+01 -3.895729399999999742e+01
-3.782098799999999983e+01 -3.770156999999999670e+01 -3.771186200000000355e+01
-4.076747999999999905e+01 -4.079784099999999825e+01 -4.067754200000000253e+01
-4.064636200000000343e+01 -4.053288899999999728e+01 -4.053850500000000068e+01
-3.621352399999999960e+01 -3.621125500000000130e+01 -3.632509799999999700e+01
-3.850711499999999887e+01 -3.861635299999999660e+01 -3.861464800000000253e+01
-4.032851500000000300e+01 -4.021536499999999847e+01 -4.022104399999999913e+01
-3.968882599999999883e+01 -3.968569600000000008e+01 -3.958146700000000351e+01
-3.861464800000000253e+01 -3.872519299999999731e+01 -3.872238000000000113e+01
-3.879108099999999837e+01 -3.879807399999999973e+01 -3.890757800000000088e+01
-4.118643000000000143e+01 -4.106245200000000040e+01 -4.112390200000000107e+01
-4.061516999999999911e+01 -4.050210899999999725e+01 -4.050738400000000183e+01
-3.643113499999999760e+01 -3.652420099999999792e+01 -3.640126200000000267e+01
-3.980746100000000354e+01 -3.969509500000000202e+01 -3.970021400000000256e+01
-4.006593099999999907e+01 -3.995752000000000237e+01 -4.007033100000000303e+01
-4.080342799999999670e+01 -4.069274699999999712e+01 -4.069348899999999958e+01
-3.643907099999999843e+01 -3.657565400000000011e+01 -3.655187500000000256e+01
-3.756913500000000283e+01 -3.768186299999999989e+01 -3.756552500000000094e+01
-3.898073800000000233e+01 -3.887812600000000174e+01 -3.899250700000000336e+01
-3.963684700000000305e+01 -3.963210999999999729e+01 -3.952384500000000145e+01
-3.885952199999999834e+01 -3.875157699999999750e+01 -3.874437000000000353e+01
-3.910669000000000040e+01 -3.899250700000000336e+01 -3.900370199999999699e+01
-4.190708300000000008e+01 -4.187610999999999706e+01 -4.178477199999999669e+01
-3.874654699999999963e+01 -3.882810200000000123e+01 -3.888078600000000051e+01
-4.198120300000000071e+01 -4.209236500000000092e+01 -4.197265600000000063e+01
-4.091598599999999664e+01 -4.100082700000000102e+01 -4.104150500000000079e+01
-4.027452399999999955e+01 -4.016591100000000125e+01 -4.027810900000000061e+01
-4.172877100000000183e+01 -4.185775900000000149e+01 -4.182480600000000237e+01
-3.742990300000000303e+01 -3.732557200000000108e+01 -3.744156100000000009e+01
-4.221406499999999795e+01 -4.220300199999999791e+01 -4.209236500000000092e+01
-3.618484099999999870e+01 -3.626968200000000309e+01 -3.630641800000000075e+01
-3.772138900000000206e+01 -3.759763199999999728e+01 -3.768160999999999916e+01
-3.955584900000000204e+01 -3.968094200000000171e+01 -3.959512999999999749e+01
-4.124318000000000239e+01 -4.112390200000000107e+01 -4.117283400000000171e+01
-3.701689199999999857e+01 -3.688918900000000178e+01 -3.694654599999999789e+01
-3.846495900000000034e+01 -3.845935000000000059e+01 -3.835076300000000060e+01
-4.186834100000000092e+01 -4.186227699999999885e+01 -4.175133900000000153e+01
-3.819057999999999709e+01 -3.831345900000000171e+01 -3.822410800000000108e+01
-3.710401000000000238e+01 -3.718686399999999992e+01 -3.722603300000000104e+01
-3.856721499999999736e+01 -3.855865000000000009e+01 -3.845250699999999711e+01
-4.014293899999999837e+01 -4.024951200000000284e+01 -4.013629199999999742e+01
-4.130401400000000223e+01 -4.142678899999999942e+01 -4.140815800000000024e+01
-3.968569600000000008e+01 -3.957297499999999957e+01 -3.958146700000000351e+01
-4.205364999999999753e+01 -4.194999299999999920e+01 -4.193544299999999936e+01
-4.150206399999999718e+01 -4.146206200000000308e+01 -4.158481700000000103e+01
-4.133905699999999683e+01 -4.143552199999999885e+01 -4.146357299999999668e+01
-3.793242399999999748e+01 -3.805513100000000293e+01 -3.796876999999999924e+01
-3.968570299999999662e+01 -3.979672599999999960e+01 -3.979492400000000174e+01
-4.078131400000000184e+01 -4.077643199999999979e+01 -4.066797100000000142e+01
-3.925990600000000086e+01 -3.936725799999999964e+01 -3.925533599999999979e+01
-3.954627599999999887e+01 -3.965344400000000036e+01 -3.953900800000000260e+01
-3.826590300000000155e+01 -3.826100600000000185e+01 -3.815284100000000223e+01
-4.166325199999999995e+01 -4.162980699999999956e+01 -4.154171999999999798e+01
-4.158216000000000179e+01 -4.172877100000000183e+01 -4.162878500000000059e+01
-3.869937699999999836e+01 -3.858711300000000222e+01 -3.859075800000000100e+01
-4.091380699999999848e+01 -4.091478599999999943e+01 -4.102553999999999945e+01
-3.758729199999999793e+01 -3.770354499999999831e+01 -3.760083900000000057e+01
-3.690090699999999657e+01 -3.698273600000000272e+01 -3.702818899999999758e+01
-3.793355199999999883e+01 -3.806609499999999713e+01 -3.796527999999999992e+01
-4.049177999999999855e+01 -4.057662100000000294e+01 -4.061677000000000248e+01
-4.083913900000000297e+01 -4.084390599999999694e+01 -4.095416999999999774e+01
-3.726101200000000091e+01 -3.734585299999999819e+01 -3.739041799999999682e+01
-3.908557900000000274e+01 -3.917244300000000123e+01 -3.921218999999999966e+01
-4.098684599999999989e+01 -4.110093299999999772e+01 -4.109286800000000284e+01
-3.742814400000000319e+01 -3.748228499999999741e+01 -3.735111400000000259e+01
-4.144084800000000257e+01 -4.145103100000000040e+01 -4.155612299999999948e+01
-4.155769200000000296e+01 -4.152964599999999962e+01 -4.142678899999999942e+01
-4.171107500000000101e+01 -4.160578100000000035e+01 -4.174373500000000092e+01
-4.219504700000000241e+01 -4.217491499999999860e+01 -4.206567700000000087e+01
-4.180892899999999912e+01 -4.191437899999999672e+01 -4.180258299999999849e+01
-4.163262999999999892e+01 -4.163445899999999966e+01 -4.174715499999999935e+01
-3.949518100000000231e+01 -3.938691800000000143e+01 -3.950007999999999697e+01
-3.923700800000000299e+01 -3.920424200000000070e+01 -3.933793500000000165e+01
-4.023763799999999691e+01 -4.033173899999999890e+01 -4.021585199999999816e+01
-3.977433400000000319e+01 -3.976751200000000352e+01 -3.966044500000000284e+01
-3.987489300000000014e+01 -3.986879499999999865e+01 -3.976104500000000286e+01
-3.911903300000000172e+01 -3.913498899999999736e+01 -3.923388700000000284e+01
-3.946785599999999761e+01 -3.938573499999999683e+01 -3.948007100000000236e+01
-3.979742099999999994e+01 -3.980072400000000243e+01 -3.969695000000000107e+01
-3.664583100000000115e+01 -3.665449999999999875e+01 -3.654178900000000141e+01
-4.064647300000000030e+01 -4.052854599999999863e+01 -4.061357699999999937e+01
-3.907045200000000307e+01 -3.917909000000000219e+01 -3.906595800000000196e+01
-4.007033100000000303e+01 -4.018313599999999752e+01 -4.017863700000000193e+01
-3.920854599999999834e+01 -3.910316699999999912e+01 -3.921341300000000274e+01
-4.001894699999999716e+01 -4.002162400000000275e+01 -4.014309899999999942e+01
-3.831953000000000031e+01 -3.840316500000000133e+01 -3.844244700000000137e+01
-3.656574499999999972e+01 -3.664943199999999734e+01 -3.669282199999999960e+01
-4.084805000000000064e+01 -4.073899300000000068e+01 -4.085210000000000008e+01
-3.660904599999999931e+01 -3.673291400000000095e+01 -3.664943199999999734e+01
-3.918879600000000352e+01 -3.918375199999999836e+01 -3.907511399999999924e+01
-4.049214500000000072e+01 -4.038589000000000340e+01 -4.049660999999999689e+01
-3.982591200000000242e+01 -3.993956800000000129e+01 -3.993508700000000289e+01
-4.086785799999999824e+01 -4.075418499999999966e+01 -4.075995799999999747e+01
-4.175846399999999647e+01 -4.172801700000000125e+01 -4.164436899999999753e+01
-3.931898000000000337e+01 -3.931428799999999768e+01 -3.920854599999999834e+01
-4.178319299999999714e+01 -4.175113999999999947e+01 -4.166325199999999995e+01
-3.990521300000000338e+01 -3.990859300000000331e+01 -4.001894699999999716e+01
-3.657565400000000011e+01 -3.667696999999999719e+01 -3.655187500000000256e+01
-4.083081399999999661e+01 -4.073601299999999981e+01 -4.070996999999999844e+01
-3.734828499999999707e+01 -3.745899000000000001e+01 -3.734538700000000233e+01
-4.169773200000000202e+01 -4.180467800000000267e+01 -4.168596000000000146e+01
-4.148113899999999887e+01 -4.150343399999999860e+01 -4.160719600000000185e+01
-4.101612099999999828e+01 -4.090681599999999918e+01 -4.102036900000000230e+01
-4.168300399999999684e+01 -4.167610499999999973e+01 -4.157134899999999789e+01
-3.689992699999999815e+01 -3.698343100000000305e+01 -3.702125399999999900e+01
-4.136450399999999661e+01 -4.147665200000000141e+01 -4.148308099999999854e+01
-4.156799999999999784e+01 -4.157970000000000255e+01 -4.168596000000000146e+01
-3.734538700000000233e+01 -3.745700500000000233e+01 -3.734201699999999846e+01
-4.198120300000000071e+01 -4.186227699999999885e+01 -4.186834100000000092e+01
-3.856743600000000072e+01 -3.852834699999999657e+01 -3.865393999999999863e+01
-4.182480600000000237e+01 -4.193604400000000254e+01 -4.186592100000000016e+01
-4.181152699999999811e+01 -4.170200799999999930e+01 -4.169340499999999849e+01
-4.112545800000000185e+01 -4.119766200000000111e+01 -4.124973500000000115e+01
-4.033309500000000014e+01 -4.022683599999999871e+01 -4.022168800000000033e+01
-3.910316699999999912e+01 -3.899468399999999946e+01 -3.910833699999999880e+01
-4.131506699999999910e+01 -4.142678899999999942e+01 -4.130401400000000223e+01
-3.726283200000000306e+01 -3.735111400000000259e+01 -3.737765900000000130e+01
-3.838275099999999895e+01 -3.838766600000000295e+01 -3.849520499999999856e+01
-3.960347300000000104e+01 -3.971179500000000218e+01 -3.959806400000000082e+01
-3.791126400000000274e+01 -3.789794499999999999e+01 -3.800510400000000288e+01
-4.151950500000000233e+01 -4.142198499999999939e+01 -4.153933599999999871e+01
-3.993956800000000129e+01 -3.994413699999999778e+01 -4.005296299999999832e+01
-3.914385800000000160e+01 -3.914812799999999982e+01 -3.925533599999999979e+01
-3.743069400000000257e+01 -3.751553499999999985e+01 -3.755651499999999743e+01
-4.136379500000000320e+01 -4.135939499999999924e+01 -4.125168000000000035e+01
-3.702818899999999758e+01 -3.707725500000000096e+01 -3.694729600000000147e+01
-4.039810200000000151e+01 -4.048587299999999800e+01 -4.050681800000000266e+01
-4.171107500000000101e+01 -4.159151099999999701e+01 -4.160578100000000035e+01
-4.077115700000000231e+01 -4.087925599999999804e+01 -4.076563699999999812e+01
-4.124952700000000050e+01 -4.135997799999999813e+01 -4.136450399999999661e+01
-4.151633700000000005e+01 -4.139845400000000097e+01 -4.151869899999999802e+01
-4.062080499999999716e+01 -4.061516999999999911e+01 -4.050738400000000183e+01
-3.885370199999999841e+01 -3.896643499999999705e+01 -3.896185499999999990e+01
-3.631639700000000204e+01 -3.630013000000000289e+01 -3.640027500000000060e+01
-4.199961499999999859e+01 -4.198866499999999746e+01 -4.188938600000000179e+01
-3.831345900000000171e+01 -3.842752800000000235e+01 -3.833335499999999740e+01
-4.102846999999999866e+01 -4.103169400000000167e+01 -4.114002700000000345e+01
-3.681823500000000138e+01 -3.677452399999999955e+01 -3.690090699999999657e+01
-3.837396199999999880e+01 -3.848227599999999882e+01 -3.836948399999999992e+01
-3.968990000000000151e+01 -3.968365699999999663e+01 -3.957867300000000199e+01
-3.702543899999999866e+01 -3.691446200000000033e+01 -3.699898199999999804e+01
-4.156661700000000081e+01 -4.167610499999999973e+01 -4.167105000000000103e+01
-3.861765599999999665e+01 -3.850646600000000319e+01 -3.850620800000000088e+01
-3.878815099999999916e+01 -3.891279300000000063e+01 -3.882740199999999930e+01
-3.643113499999999760e+01 -3.632293500000000108e+01 -3.643903199999999742e+01
-4.113752099999999956e+01 -4.102846999999999866e+01 -4.114002700000000345e+01
-3.979929099999999664e+01 -3.991063299999999714e+01 -3.990859300000000331e+01
-4.079726999999999748e+01 -4.068781500000000051e+01 -4.080011199999999860e+01
-4.042508200000000329e+01 -4.043068800000000351e+01 -4.053850500000000068e+01
-3.999487799999999993e+01 -3.988808099999999968e+01 -4.000126999999999811e+01
-3.979549399999999792e+01 -3.968365699999999663e+01 -3.968990000000000151e+01
-3.753109200000000101e+01 -3.740316599999999880e+01 -3.742990300000000303e+01
-3.757375199999999893e+01 -3.757239599999999768e+01 -3.746374099999999885e+01
-4.227306399999999798e+01 -4.225831600000000066e+01 -4.215700999999999965e+01
-4.015175500000000142e+01 -4.011164899999999989e+01 -4.023671600000000126e+01
-3.947040299999999746e+01 -3.935845400000000183e+01 -3.936265099999999961e+01
-4.020376199999999756e+01 -4.009606399999999837e+01 -4.020953200000000294e+01
-4.055474099999999993e+01 -4.055953099999999978e+01 -4.066797100000000142e+01
-4.061097500000000338e+01 -4.073857199999999779e+01 -4.063671599999999984e+01
-4.011164899999999989e+01 -4.007145299999999821e+01 -4.019663599999999803e+01
-4.206493700000000047e+01 -4.205364999999999753e+01 -4.193544299999999936e+01
-4.046286700000000280e+01 -4.035396999999999679e+01 -4.046650799999999748e+01
-3.690947800000000001e+01 -3.690036400000000327e+01 -3.679516799999999677e+01
-4.146288700000000205e+01 -4.154700499999999863e+01 -4.159455299999999767e+01
-4.165498000000000189e+01 -4.162400800000000345e+01 -4.152964599999999962e+01
-3.915067599999999715e+01 -3.911445200000000000e+01 -3.923700800000000299e+01
-3.733332399999999751e+01 -3.744924000000000319e+01 -3.744156100000000009e+01
-3.794912999999999670e+01 -3.793723500000000115e+01 -3.805449999999999733e+01
-4.016993399999999781e+01 -4.006157600000000230e+01 -4.017422200000000032e+01
-3.712426299999999912e+01 -3.723428799999999939e+01 -3.711847600000000114e+01
-4.099900199999999728e+01 -4.111314000000000135e+01 -4.110829199999999872e+01
-3.781513000000000346e+01 -3.793041300000000149e+01 -3.792476800000000026e+01
-3.850620800000000088e+01 -3.850837400000000343e+01 -3.862004600000000210e+01
-4.091507399999999706e+01 -4.099884200000000334e+01 -4.104514900000000210e+01
-4.121749100000000254e+01 -4.122422499999999701e+01 -4.133784500000000151e+01
-3.839876799999999690e+01 -3.839301700000000039e+01 -3.829405500000000018e+01
-3.815299900000000122e+01 -3.828327600000000075e+01 -3.819057999999999709e+01
-3.868852900000000261e+01 -3.869286300000000267e+01 -3.880280499999999932e+01
-4.048587299999999800e+01 -4.045149399999999673e+01 -4.058879000000000303e+01
-3.680617699999999815e+01 -3.670775199999999927e+01 -3.669593400000000116e+01
-4.111615499999999912e+01 -4.100736400000000259e+01 -4.111932699999999841e+01
-3.897081299999999970e+01 -3.896643499999999705e+01 -3.885815900000000056e+01
-4.081106199999999973e+01 -4.069858500000000134e+01 -4.070414600000000149e+01
-4.151576000000000022e+01 -4.152222199999999930e+01 -4.163060399999999817e+01
-4.055474099999999993e+01 -4.066797100000000142e+01 -4.066293499999999739e+01
-3.670775199999999927e+01 -3.669308399999999892e+01 -3.659668599999999827e+01
-3.953385200000000310e+01 -3.964712800000000215e+01 -3.964182999999999879e+01
-3.890567699999999718e+01 -3.886631599999999764e+01 -3.899032100000000156e+01
-4.198866499999999746e+01 -4.197423500000000018e+01 -4.187972299999999848e+01
-4.124973500000000115e+01 -4.119766200000000111e+01 -4.131108499999999850e+01
-3.857487400000000122e+01 -3.865894399999999820e+01 -3.870159600000000211e+01
-3.869286300000000267e+01 -3.869626099999999980e+01 -3.880575999999999937e+01
-3.885952199999999834e+01 -3.874437000000000353e+01 -3.887832800000000333e+01
-4.180892899999999912e+01 -4.192132900000000006e+01 -4.191437899999999672e+01
-4.095133100000000326e+01 -4.083322499999999877e+01 -4.085519500000000193e+01
-3.910833699999999880e+01 -3.899468399999999946e+01 -3.900033400000000228e+01
-4.060164600000000235e+01 -4.049660999999999689e+01 -4.060899599999999765e+01
-3.920593000000000217e+01 -3.915067599999999715e+01 -3.925687599999999833e+01
-4.103880199999999689e+01 -4.094850300000000232e+01 -4.091809200000000146e+01
-3.770156999999999670e+01 -3.770354499999999831e+01 -3.758729199999999793e+01
-4.177727900000000005e+01 -4.166018400000000099e+01 -4.167364899999999750e+01
-3.735288700000000262e+01 -3.746215000000000117e+01 -3.735081699999999927e+01
-3.676319300000000112e+01 -3.664785700000000190e+01 -3.676931700000000092e+01
-4.062080499999999716e+01 -4.051242100000000335e+01 -4.062569200000000080e+01
-3.798444099999999679e+01 -3.787894099999999753e+01 -3.799500199999999950e+01
-3.746215000000000117e+01 -3.757239599999999768e+01 -3.757110600000000034e+01
-4.185449400000000253e+01 -4.180669600000000230e+01 -4.174711800000000039e+01
-4.079375799999999685e+01 -4.079726999999999748e+01 -4.090681599999999918e+01
-4.011895499999999970e+01 -4.012277799999999672e+01 -4.023067300000000301e+01
-4.068088999999999800e+01 -4.068458499999999844e+01 -4.079375799999999685e+01
-4.146357299999999668e+01 -4.143552199999999885e+01 -4.153649399999999758e+01
-4.047762000000000171e+01 -4.047361599999999981e+01 -4.036542800000000142e+01
-4.124640999999999735e+01 -4.113671200000000283e+01 -4.113752099999999956e+01
-3.652420099999999792e+01 -3.643113499999999760e+01 -3.654411400000000043e+01
-3.907718100000000305e+01 -3.916022399999999948e+01 -3.920424200000000070e+01
-3.610000000000000142e+01 -3.610000000000000142e+01 -3.621352399999999960e+01
-4.019663599999999803e+01 -4.032267399999999924e+01 -4.023671600000000126e+01
-3.823715299999999928e+01 -3.831953000000000031e+01 -3.836431999999999931e+01
-3.868852900000000261e+01 -3.857909999999999684e+01 -3.869286300000000267e+01
-3.961809900000000084e+01 -3.950480199999999797e+01 -3.950948799999999750e+01
-4.089454599999999829e+01 -4.089869999999999806e+01 -4.100736400000000259e+01
-4.093183599999999700e+01 -4.089180100000000095e+01 -4.080567099999999670e+01
-3.938691800000000143e+01 -3.927400999999999698e+01 -3.927860799999999841e+01
-4.205364999999999753e+01 -4.204857799999999912e+01 -4.194999299999999920e+01
-3.818123899999999793e+01 -3.806609499999999713e+01 -3.819213500000000039e+01
-3.656574499999999972e+01 -3.652420500000000203e+01 -3.664943199999999734e+01
-4.027810900000000061e+01 -4.016591100000000125e+01 -4.016993399999999781e+01
-3.947326400000000035e+01 -3.934864400000000018e+01 -3.938423199999999724e+01
-3.893774400000000213e+01 -3.882619199999999893e+01 -3.883011199999999974e+01
-4.117855200000000337e+01 -4.127376999999999896e+01 -4.118328799999999745e+01
-3.699128199999999822e+01 -3.710455100000000073e+01 -3.698862499999999898e+01
-3.881416999999999717e+01 -3.881795100000000076e+01 -3.892541200000000146e+01
-3.819426299999999941e+01 -3.831953000000000031e+01 -3.823715299999999928e+01
-4.021698299999999904e+01 -4.022168800000000033e+01 -4.011176700000000039e+01
-4.169776800000000350e+01 -4.180258299999999849e+01 -4.169062900000000127e+01
-3.687959800000000143e+01 -3.681667499999999649e+01 -3.676113300000000095e+01
-3.974515499999999690e+01 -3.974056600000000117e+01 -3.963210999999999729e+01
-3.827910399999999669e+01 -3.836394599999999855e+01 -3.840316500000000133e+01
-3.819057999999999709e+01 -3.828327600000000075e+01 -3.831345900000000171e+01
-3.923388700000000284e+01 -3.913498899999999736e+01 -3.925847699999999918e+01
-3.840316500000000133e+01 -3.848950800000000072e+01 -3.852834699999999657e+01
-4.181863799999999998e+01 -4.192433100000000223e+01 -4.180467800000000267e+01
-3.780674799999999891e+01 -3.788939299999999832e+01 -3.793355199999999883e+01
-4.126158900000000074e+01 -4.115356700000000245e+01 -4.115775599999999912e+01
-4.180669600000000230e+01 -4.167709299999999928e+01 -4.174711800000000039e+01
-4.033173899999999890e+01 -4.024956499999999693e+01 -4.021585199999999816e+01
-3.754736499999999921e+01 -3.742990300000000303e+01 -3.744156100000000009e+01
-3.792476800000000026e+01 -3.803897099999999654e+01 -3.803362099999999657e+01
-3.972201100000000196e+01 -3.961338299999999890e+01 -3.972675100000000015e+01
-3.865894399999999820e+01 -3.874277899999999875e+01 -3.878365000000000151e+01
-4.193604400000000254e+01 -4.206567700000000087e+01 -4.197317199999999815e+01
-4.166661400000000270e+01 -4.174319299999999799e+01 -4.179455099999999845e+01
-3.857487400000000122e+01 -3.853362800000000021e+01 -3.865894399999999820e+01
-4.155769200000000296e+01 -4.165498000000000189e+01 -4.152964599999999962e+01
-3.980279300000000120e+01 -3.991063299999999714e+01 -3.979929099999999664e+01
-4.170838299999999776e+01 -4.179455099999999845e+01 -4.183335300000000245e+01
-3.817987099999999856e+01 -3.817328200000000038e+01 -3.806932700000000125e+01
-4.060164600000000235e+01 -4.071555500000000194e+01 -4.070506199999999808e+01
-4.113667000000000229e+01 -4.113463899999999995e+01 -4.102330299999999852e+01
-4.069274699999999712e+01 -4.069058700000000073e+01 -4.058173500000000189e+01
-3.844244700000000137e+01 -3.840316500000000133e+01 -3.852834699999999657e+01
-3.990873899999999708e+01 -3.984343899999999650e+01 -3.995190699999999850e+01
-3.891708200000000062e+01 -3.902706200000000081e+01 -3.902629199999999798e+01
-4.056400800000000118e+01 -4.045116699999999810e+01 -4.045537000000000205e+01
-3.930788299999999680e+01 -3.943136700000000161e+01 -3.934635399999999805e+01
-3.886631599999999764e+01 -3.882740199999999930e+01 -3.895194599999999951e+01
-3.824660300000000035e+01 -3.835584000000000060e+01 -3.824160299999999779e+01
-4.080011199999999860e+01 -4.080220899999999773e+01 -4.091244400000000070e+01
-4.141403100000000137e+01 -4.150357900000000200e+01 -4.138231799999999794e+01
-4.044366800000000239e+01 -4.033912200000000325e+01 -4.033309500000000014e+01
-4.019279199999999719e+01 -4.030092100000000244e+01 -4.018780900000000145e+01
-4.065712299999999857e+01 -4.078111400000000231e+01 -4.069655099999999948e+01
-4.068458499999999844e+01 -4.057186200000000298e+01 -4.057544699999999693e+01
-3.891590200000000266e+01 -3.891708200000000062e+01 -3.902629199999999798e+01
-3.927400999999999698e+01 -3.926936299999999846e+01 -3.916150100000000123e+01
-4.011224099999999737e+01 -4.011176700000000039e+01 -4.000745500000000021e+01
-4.087249200000000116e+01 -4.083114400000000188e+01 -4.095602399999999932e+01
-4.107260600000000039e+01 -4.095830099999999874e+01 -4.096105899999999878e+01
-3.964324899999999730e+01 -3.971762700000000024e+01 -3.978198799999999835e+01
-3.805149300000000068e+01 -3.794698999999999955e+01 -3.805528499999999781e+01
-4.095602399999999932e+01 -4.104150500000000079e+01 -4.107923100000000005e+01
-4.141964099999999860e+01 -4.137773700000000332e+01 -4.150206399999999718e+01
-3.639446000000000225e+01 -3.648055800000000204e+01 -3.652396099999999990e+01
-3.874088299999999663e+01 -3.885370199999999841e+01 -3.884876200000000068e+01
-3.817944399999999661e+01 -3.814705899999999872e+01 -3.828083600000000075e+01
-3.831953000000000031e+01 -3.844244700000000137e+01 -3.836431999999999931e+01
-4.125159500000000179e+01 -4.132552100000000195e+01 -4.118302700000000272e+01
-4.076747999999999905e+01 -4.088922000000000168e+01 -4.079784099999999825e+01
-4.119446700000000305e+01 -4.119896500000000117e+01 -4.131726100000000201e+01
-4.060164600000000235e+01 -4.060899599999999765e+01 -4.071555500000000194e+01
-4.179487300000000261e+01 -4.168300399999999684e+01 -4.169062900000000127e+01
-4.111932699999999841e+01 -4.101145600000000258e+01 -4.112457400000000263e+01
-4.012453599999999909e+01 -4.012158600000000064e+01 -4.021585199999999816e+01
-3.826100600000000185e+01 -3.836948399999999992e+01 -3.825614600000000110e+01
-4.058173500000000189e+01 -4.057871899999999954e+01 -4.047011400000000236e+01
-4.064636200000000343e+01 -4.064076699999999676e+01 -4.053288899999999728e+01
-3.928311599999999970e+01 -3.928768399999999872e+01 -3.939623199999999770e+01
-3.721721999999999753e+01 -3.733332399999999751e+01 -3.732557200000000108e+01
-3.914062500000000000e+01 -3.913498899999999736e+01 -3.902432000000000301e+01
-4.178319299999999714e+01 -4.166325199999999995e+01 -4.169558599999999871e+01
-4.111314000000000135e+01 -4.122580800000000067e+01 -4.122422499999999701e+01
-4.125543799999999806e+01 -4.114823100000000267e+01 -4.125823199999999957e+01
-3.877212699999999757e+01 -3.878195800000000304e+01 -3.888815400000000011e+01
-4.095416999999999774e+01 -4.084390599999999694e+01 -4.095830099999999874e+01
-3.811722699999999975e+01 -3.823134499999999747e+01 -3.822596000000000060e+01
-3.891325499999999948e+01 -3.891590200000000266e+01 -3.902711500000000200e+01
-3.920975899999999825e+01 -3.909532600000000002e+01 -3.910669000000000040e+01
-4.002722099999999728e+01 -4.002565899999999743e+01 -3.992267600000000272e+01
-3.610000000000000142e+01 -3.610000000000000142e+01 -3.621125500000000130e+01
-4.179193300000000022e+01 -4.167364899999999750e+01 -4.168596000000000146e+01
-3.979591899999999782e+01 -3.968569600000000008e+01 -3.968882599999999883e+01
-4.091012899999999775e+01 -4.080011199999999860e+01 -4.091244400000000070e+01
-4.010896699999999981e+01 -4.019308900000000051e+01 -4.022964100000000087e+01
-3.643834300000000326e+01 -3.643551599999999979e+01 -3.654665399999999664e+01
-4.137025400000000275e+01 -4.138259099999999790e+01 -4.148113899999999887e+01
-3.935501599999999911e+01 -3.924424499999999938e+01 -3.924718899999999877e+01
-3.745700500000000233e+01 -3.756913500000000283e+01 -3.745400699999999716e+01
-4.050210899999999725e+01 -4.038995599999999797e+01 -4.039466699999999832e+01
-3.978163599999999889e+01 -3.966750199999999893e+01 -3.967574700000000121e+01
-3.700088499999999669e+01 -3.700831699999999813e+01 -3.711847600000000114e+01
-4.112390200000000107e+01 -4.106245200000000040e+01 -4.101971199999999840e+01
-4.070996999999999844e+01 -4.073601299999999981e+01 -4.061357699999999937e+01
-3.869937699999999836e+01 -3.870270699999999664e+01 -3.881088299999999691e+01
-3.985746100000000069e+01 -3.994304600000000249e+01 -3.998369300000000237e+01
-4.206077700000000164e+01 -4.216981299999999777e+01 -4.205624199999999746e+01
-3.926936299999999846e+01 -3.915711699999999951e+01 -3.916150100000000123e+01
-3.870270699999999664e+01 -3.859454099999999954e+01 -3.870636799999999766e+01
-3.643903199999999742e+01 -3.632293500000000108e+01 -3.632683999999999713e+01
-4.117855200000000337e+01 -4.129681399999999769e+01 -4.127376999999999896e+01
-4.183935499999999763e+01 -4.171107500000000101e+01 -4.174373500000000092e+01
-4.178015500000000060e+01 -4.187972299999999848e+01 -4.177294599999999747e+01
-3.687889700000000204e+01 -3.681425699999999779e+01 -3.674732099999999946e+01
-3.817328200000000038e+01 -3.816562799999999811e+01 -3.805449999999999733e+01
-3.776203300000000240e+01 -3.765326600000000212e+01 -3.777251400000000103e+01
-4.151950500000000233e+01 -4.149983999999999895e+01 -4.140578399999999704e+01
-3.992886699999999678e+01 -4.003752200000000272e+01 -3.992062399999999656e+01
-4.119652599999999865e+01 -4.130644800000000316e+01 -4.129668300000000158e+01
-4.006157600000000230e+01 -4.006593099999999907e+01 -4.017422200000000032e+01
-4.092340300000000042e+01 -4.081106199999999973e+01 -4.081507899999999722e+01
-3.865233500000000078e+01 -3.865195299999999889e+01 -3.854496100000000069e+01
-4.011176700000000039e+01 -4.000732599999999906e+01 -4.000745500000000021e+01
-3.835547400000000096e+01 -3.841250200000000348e+01 -3.846291099999999830e+01
-3.676367799999999875e+01 -3.687797199999999975e+01 -3.687762500000000188e+01
-3.876434299999999666e+01 -3.865517899999999685e+01 -3.877212699999999757e+01
-3.870159600000000211e+01 -3.878365000000000151e+01 -3.882810200000000123e+01
-3.763813499999999834e+01 -3.759763199999999728e+01 -3.772138900000000206e+01
-4.065712299999999857e+01 -4.069655099999999948e+01 -4.057211399999999912e+01
-4.072271899999999789e+01 -4.060899599999999765e+01 -4.061516999999999911e+01
-4.087925599999999804e+01 -4.087357399999999785e+01 -4.076563699999999812e+01
-4.035786900000000088e+01 -4.035396999999999679e+01 -4.024501399999999762e+01
-4.071555500000000194e+01 -4.082939499999999811e+01 -4.082270900000000324e+01
-3.942680299999999960e+01 -3.951164899999999847e+01 -3.955007799999999918e+01
-3.971713100000000196e+01 -3.983072299999999899e+01 -3.982591200000000242e+01
-4.055474099999999993e+01 -4.044664099999999962e+01 -4.055953099999999978e+01
-4.029603500000000338e+01 -4.029129300000000313e+01 -4.018313599999999752e+01
-4.196902800000000155e+01 -4.193805499999999853e+01 -4.184835400000000050e+01
-3.974992799999999704e+01 -3.974515499999999690e+01 -3.963684700000000305e+01
-4.016993399999999781e+01 -4.005724899999999877e+01 -4.006157600000000230e+01
-4.029603500000000338e+01 -4.040417099999999806e+01 -4.029129300000000313e+01
-3.833896399999999716e+01 -3.833027799999999985e+01 -3.822596000000000060e+01
-3.906165099999999768e+01 -3.905754199999999798e+01 -3.894893199999999922e+01
-4.067754200000000253e+01 -4.055873799999999818e+01 -4.064647300000000030e+01
-4.125159500000000179e+01 -4.118302700000000272e+01 -4.112568000000000268e+01
-3.732911800000000113e+01 -3.727229700000000179e+01 -3.720321700000000220e+01
-4.118777000000000044e+01 -4.118302700000000272e+01 -4.127924200000000354e+01
-3.914812799999999982e+01 -3.915260700000000327e+01 -3.925990600000000086e+01
-4.022683599999999871e+01 -4.012060600000000221e+01 -4.011574199999999735e+01
-4.125823199999999957e+01 -4.115356700000000245e+01 -4.126158900000000074e+01
-3.933793500000000165e+01 -3.927940799999999655e+01 -3.938573499999999683e+01
-3.956240600000000285e+01 -3.968505100000000141e+01 -3.960073200000000071e+01
-3.958273499999999956e+01 -3.947374400000000350e+01 -3.959352100000000263e+01
-3.673291400000000095e+01 -3.681665499999999724e+01 -3.685743200000000286e+01
-3.790286900000000259e+01 -3.778441399999999817e+01 -3.779494199999999893e+01
-4.147302599999999728e+01 -4.157970000000000255e+01 -4.146204300000000131e+01
-4.163108199999999925e+01 -4.151633700000000005e+01 -4.151869899999999802e+01
-3.934063199999999938e+01 -3.942680299999999960e+01 -3.947374400000000350e+01
-4.193252300000000332e+01 -4.192132900000000006e+01 -4.181152699999999811e+01
-3.800468599999999952e+01 -3.811722699999999975e+01 -3.811264400000000308e+01
-4.012158600000000064e+01 -4.023763799999999691e+01 -4.021585199999999816e+01
-4.074866600000000005e+01 -4.086195699999999675e+01 -4.085658500000000259e+01
-4.082939499999999811e+01 -4.094951499999999811e+01 -4.093212900000000332e+01
-3.751545500000000288e+01 -3.759763199999999728e+01 -3.763813499999999834e+01
-3.979216199999999759e+01 -3.967714399999999841e+01 -3.968569600000000008e+01
-3.758729199999999793e+01 -3.760083900000000057e+01 -3.748617399999999833e+01
-3.893774400000000213e+01 -3.894162099999999782e+01 -3.904942799999999892e+01
-3.880814600000000070e+01 -3.869937699999999836e+01 -3.881088299999999691e+01
-3.979492400000000174e+01 -3.990129799999999705e+01 -3.979460499999999712e+01
-3.701587500000000119e+01 -3.690036400000000327e+01 -3.690947800000000001e+01
-4.171107500000000101e+01 -4.169773200000000202e+01 -4.159151099999999701e+01
-4.135513300000000214e+01 -4.134572099999999750e+01 -4.123893999999999949e+01
-4.177294599999999747e+01 -4.174373500000000092e+01 -4.166984599999999972e+01
-3.610000000000000142e+01 -3.621125500000000130e+01 -3.621352399999999960e+01
-3.920975899999999825e+01 -3.910669000000000040e+01 -3.922033700000000067e+01
-4.130644800000000316e+01 -4.140578399999999704e+01 -4.129668300000000158e+01
-4.033382100000000037e+01 -4.022104399999999913e+01 -4.022627200000000158e+01
-3.779778199999999799e+01 -3.791126400000000274e+01 -3.791575699999999927e+01
-3.708438799999999702e+01 -3.694237100000000140e+01 -3.699819300000000055e+01
-3.973596899999999721e+01 -3.962273400000000123e+01 -3.962743300000000346e+01
-3.957480499999999779e+01 -3.957593700000000325e+01 -3.968570299999999662e+01
-4.207179500000000161e+01 -4.205769300000000044e+01 -4.195746499999999912e+01
-4.031956000000000273e+01 -4.021488200000000290e+01 -4.028387099999999776e+01
-4.118302700000000272e+01 -4.132552100000000195e+01 -4.127924200000000354e+01
-3.632223900000000327e+01 -3.643032999999999788e+01 -3.643551599999999979e+01
-3.916022399999999948e+01 -3.927940799999999655e+01 -3.920424200000000070e+01
-4.125534999999999997e+01 -4.137773700000000332e+01 -4.129605200000000309e+01
-3.707725500000000096e+01 -3.719820399999999694e+01 -3.712699500000000086e+01
-4.183839700000000050e+01 -4.182058099999999712e+01 -4.172213299999999947e+01
-4.141338900000000223e+01 -4.129722699999999946e+01 -4.130594599999999872e+01
-4.054410699999999679e+01 -4.065204899999999810e+01 -4.053850500000000068e+01
-3.908017799999999653e+01 -3.918879600000000352e+01 -3.907511399999999924e+01
-3.821821700000000277e+01 -3.810991200000000134e+01 -3.822427100000000166e+01
-3.649248500000000206e+01 -3.644025400000000303e+01 -3.656359900000000351e+01
-4.029603500000000338e+01 -4.040909800000000018e+01 -4.040417099999999806e+01
-4.093020200000000131e+01 -4.081507899999999722e+01 -4.082454400000000305e+01
-3.926098100000000102e+01 -3.934635399999999805e+01 -3.938613900000000001e+01
-3.800618800000000164e+01 -3.789012900000000172e+01 -3.790286900000000259e+01
-3.937212099999999992e+01 -3.947971499999999878e+01 -3.936725799999999964e+01
-4.080426099999999678e+01 -4.080342799999999670e+01 -4.069348899999999958e+01
-4.038995599999999797e+01 -4.028228099999999756e+01 -4.039466699999999832e+01
-3.928311599999999970e+01 -3.917458599999999791e+01 -3.928768399999999872e+01
-4.156661700000000081e+01 -4.146190299999999951e+01 -4.157134899999999789e+01
-4.126145000000000351e+01 -4.121414899999999903e+01 -4.134209100000000348e+01
-3.973596899999999721e+01 -3.962743300000000346e+01 -3.974056600000000117e+01
-4.141403100000000137e+01 -4.131726100000000201e+01 -4.145627799999999752e+01
-4.125168000000000035e+01 -4.135939499999999924e+01 -4.124820600000000326e+01
-3.657565400000000011e+01 -3.643907099999999843e+01 -3.650101200000000290e+01
-3.864057799999999787e+01 -3.853175399999999939e+01 -3.864572600000000335e+01
-4.030092100000000244e+01 -4.041419400000000195e+01 -4.040909800000000018e+01
-4.037350299999999947e+01 -4.049576400000000120e+01 -4.040559700000000021e+01
-3.980279300000000120e+01 -3.979929099999999664e+01 -3.969084999999999752e+01
-4.023430199999999957e+01 -4.034283200000000136e+01 -4.023067300000000301e+01
-3.913820100000000224e+01 -3.922304199999999952e+01 -3.926098100000000102e+01
-4.063050499999999943e+01 -4.063552099999999712e+01 -4.074368100000000226e+01
-3.905754199999999798e+01 -3.894528600000000296e+01 -3.894893199999999922e+01
-4.133193500000000142e+01 -4.122625200000000234e+01 -4.133700100000000077e+01
-4.073857199999999779e+01 -4.069655099999999948e+01 -4.081610700000000236e+01
-3.770146600000000348e+01 -3.780736699999999928e+01 -3.769336200000000048e+01
-4.124592700000000178e+01 -4.135513300000000214e+01 -4.123893999999999949e+01
-4.178714800000000196e+01 -4.188938600000000179e+01 -4.178015500000000060e+01
-3.610000000000000142e+01 -3.621863199999999949e+01 -3.620327499999999787e+01
-3.794698999999999955e+01 -3.783145100000000127e+01 -3.784653000000000134e+01
-3.846976999999999691e+01 -3.846495900000000034e+01 -3.835584000000000060e+01
-3.949518100000000231e+01 -3.960856100000000168e+01 -3.960347300000000104e+01
-4.152222199999999930e+01 -4.140777599999999836e+01 -4.141338900000000223e+01
-3.878365000000000151e+01 -3.886631599999999764e+01 -3.890567699999999718e+01
-4.083913900000000297e+01 -4.072955600000000231e+01 -4.084390599999999694e+01
-3.945300499999999744e+01 -3.947326400000000035e+01 -3.957297499999999957e+01
-4.034667799999999716e+01 -4.045919800000000066e+01 -4.045537000000000205e+01
-3.910316699999999912e+01 -3.910833699999999880e+01 -3.921341300000000274e+01
-3.621161299999999983e+01 -3.620979299999999768e+01 -3.632683999999999713e+01
-3.636313700000000182e+01 -3.644025400000000303e+01 -3.649248500000000206e+01
-4.001491399999999743e+01 -3.990658499999999975e+01 -4.001562299999999794e+01
-3.915067599999999715e+01 -3.923700800000000299e+01 -3.925687599999999833e+01
-4.171107500000000101e+01 -4.181863799999999998e+01 -4.169773200000000202e+01
-3.706692300000000273e+01 -3.718686399999999992e+01 -3.710401000000000238e+01
-4.135684400000000238e+01 -4.143193999999999733e+01 -4.131049800000000261e+01
-3.897081299999999970e+01 -3.908017799999999653e+01 -3.896643499999999705e+01
-3.733808400000000205e+01 -3.745400699999999716e+01 -3.744924000000000319e+01
-3.990264100000000269e+01 -3.979742099999999994e+01 -3.978198799999999835e+01
-3.913581899999999791e+01 -3.924536499999999961e+01 -3.914062500000000000e+01
-3.828599299999999772e+01 -3.828025900000000092e+01 -3.817328200000000038e+01
-3.969509500000000202e+01 -3.969084999999999752e+01 -3.958268799999999743e+01
-4.166661400000000270e+01 -4.179455099999999845e+01 -4.170838299999999776e+01
-3.746278000000000219e+01 -3.731954100000000096e+01 -3.737765900000000130e+01
-3.990587699999999671e+01 -4.001208199999999948e+01 -3.990102199999999755e+01
-3.874277899999999875e+01 -3.882740199999999930e+01 -3.886631599999999764e+01
-3.654178900000000141e+01 -3.643032999999999788e+01 -3.652420099999999792e+01
-3.964724700000000013e+01 -3.973208799999999741e+01 -3.977109500000000253e+01
-3.872519299999999731e+01 -3.883353400000000022e+01 -3.872238000000000113e+01
-4.178918900000000036e+01 -4.191689199999999715e+01 -4.185775900000000149e+01
-4.175375999999999976e+01 -4.171179599999999965e+01 -4.181824699999999950e+01
-3.959258299999999764e+01 -3.959806400000000082e+01 -3.970600100000000054e+01
-4.053247300000000308e+01 -4.061677000000000248e+01 -4.065712299999999857e+01
-3.935272700000000157e+01 -3.924307600000000207e+01 -3.924424499999999938e+01
-3.724237999999999715e+01 -3.713170600000000121e+01 -3.713268800000000169e+01
-4.139817800000000148e+01 -4.140777599999999836e+01 -4.151576000000000022e+01
-4.175133900000000153e+01 -4.186227699999999885e+01 -4.174715499999999935e+01
-4.060899599999999765e+01 -4.049660999999999689e+01 -4.050210899999999725e+01
-4.102553999999999945e+01 -4.113671200000000283e+01 -4.113695400000000291e+01
-4.145103100000000040e+01 -4.146204300000000131e+01 -4.156799999999999784e+01
-3.780478200000000299e+01 -3.793723500000000115e+01 -3.784058600000000183e+01
-4.175457500000000266e+01 -4.163526499999999686e+01 -4.166023299999999807e+01
-4.106264900000000040e+01 -4.117084400000000244e+01 -4.106195000000000306e+01
-3.967574700000000121e+01 -3.966750199999999893e+01 -3.956079299999999677e+01
-3.901596099999999723e+01 -3.900370199999999699e+01 -3.889867799999999676e+01
-3.723819100000000049e+01 -3.735081699999999927e+01 -3.734828499999999707e+01
-4.157808899999999852e+01 -4.154171999999999798e+01 -4.145627799999999752e+01
-4.118302700000000272e+01 -4.107920099999999763e+01 -4.105003800000000069e+01
-4.213318900000000156e+01 -4.201871700000000232e+01 -4.202784799999999876e+01
-4.075418499999999966e+01 -4.086195699999999675e+01 -4.074866600000000005e+01
-4.202820499999999981e+01 -4.201410200000000117e+01 -4.191011499999999756e+01
-3.983541699999999963e+01 -3.983997800000000211e+01 -3.994864799999999860e+01
-3.678216900000000322e+01 -3.676931700000000092e+01 -3.666071199999999664e+01
-3.793355199999999883e+01 -3.788939299999999832e+01 -3.801363700000000279e+01
-3.944027799999999928e+01 -3.932025800000000260e+01 -3.933816199999999697e+01
-4.058879000000000303e+01 -4.070650799999999947e+01 -4.060229499999999803e+01
-3.996199399999999713e+01 -3.996646499999999946e+01 -4.007481899999999797e+01
-3.968990000000000151e+01 -3.958273499999999956e+01 -3.969695000000000107e+01
-3.845199399999999912e+01 -3.833510600000000323e+01 -3.833810199999999924e+01
-4.057987599999999873e+01 -4.045975299999999919e+01 -4.059311199999999786e+01
-3.793723500000000115e+01 -3.787889499999999998e+01 -3.798605899999999735e+01
-4.159032499999999999e+01 -4.155769200000000296e+01 -4.145823099999999783e+01
-3.673998300000000228e+01 -3.679482000000000141e+01 -3.665782500000000255e+01
-3.655672599999999761e+01 -3.647877299999999678e+01 -3.644024199999999780e+01
-3.931898000000000337e+01 -3.920854599999999834e+01 -3.921341300000000274e+01
-3.620979299999999768e+01 -3.610000000000000142e+01 -3.620319099999999679e+01
-4.059625799999999884e+01 -4.059624000000000166e+01 -4.069995800000000230e+01
-3.898118900000000053e+01 -3.885952199999999834e+01 -3.887832800000000333e+01
-3.888815400000000011e+01 -3.878195800000000304e+01 -3.889867799999999676e+01
-3.699128199999999822e+01 -3.710833600000000132e+01 -3.710455100000000073e+01
-3.903275899999999865e+01 -3.913993099999999714e+01 -3.902937099999999759e+01
-3.914062500000000000e+01 -3.924536499999999961e+01 -3.925847699999999918e+01
-3.676319300000000112e+01 -3.664583100000000115e+01 -3.664785700000000190e+01
-3.813749700000000331e+01 -3.814240900000000067e+01 -3.825138799999999861e+01
-3.681667499999999649e+01 -3.667654600000000187e+01 -3.676113300000000095e+01
-4.146604399999999657e+01 -4.157800199999999791e+01 -4.157134899999999789e+01
-4.091951600000000155e+01 -4.091664999999999708e+01 -4.080718499999999693e+01
-3.883011199999999974e+01 -3.882619199999999893e+01 -3.871874199999999888e+01
-4.054954299999999989e+01 -4.055474099999999993e+01 -4.066293499999999739e+01
-3.772799299999999789e+01 -3.761659099999999967e+01 -3.763579000000000008e+01
-4.096105899999999878e+01 -4.084805000000000064e+01 -4.085210000000000008e+01
-4.118314699999999817e+01 -4.124973500000000115e+01 -4.130594599999999872e+01
-3.757245699999999999e+01 -3.768498100000000051e+01 -3.757375199999999893e+01
-4.210000000000000142e+01 -4.208589800000000025e+01 -4.198866499999999746e+01
-3.735288700000000262e+01 -3.735081699999999927e+01 -3.724103900000000067e+01
-4.125543799999999806e+01 -4.125823199999999957e+01 -4.136681300000000050e+01
-3.874687699999999779e+01 -3.863412600000000197e+01 -3.864057799999999787e+01
-3.778921199999999914e+01 -3.779422399999999982e+01 -3.768150200000000183e+01
-4.047011400000000236e+01 -4.057871899999999954e+01 -4.046650799999999748e+01
-3.700831699999999813e+01 -3.712426299999999912e+01 -3.711847600000000114e+01
-4.107641999999999882e+01 -4.119446700000000305e+01 -4.117855200000000337e+01
-3.802866399999999913e+01 -3.791508799999999724e+01 -3.792021900000000301e+01
-3.893774400000000213e+01 -3.883011199999999974e+01 -3.894162099999999782e+01
-3.900370199999999699e+01 -3.899250700000000336e+01 -3.888815400000000011e+01
-3.760037599999999713e+01 -3.772452700000000192e+01 -3.764062599999999748e+01
-3.753141500000000264e+01 -3.740316599999999880e+01 -3.753109200000000101e+01
-3.781191100000000205e+01 -3.781513000000000346e+01 -3.792476800000000026e+01
-3.632223900000000327e+01 -3.620938499999999749e+01 -3.631093700000000268e+01
-3.702273399999999981e+01 -3.713170600000000121e+01 -3.702093899999999849e+01
-3.845935000000000059e+01 -3.834521800000000269e+01 -3.835076300000000060e+01
-4.070177999999999940e+01 -4.078773499999999785e+01 -4.082720799999999883e+01
-4.095252399999999682e+01 -4.104514900000000210e+01 -4.107639600000000257e+01
-3.722142199999999690e+01 -3.710833600000000132e+01 -3.722564599999999757e+01
-4.102649499999999705e+01 -4.091664999999999708e+01 -4.102846999999999866e+01
-3.657565400000000011e+01 -3.650101200000000290e+01 -3.659668599999999827e+01
-3.829509399999999886e+01 -3.818123899999999793e+01 -3.819213500000000039e+01
-3.964724700000000013e+01 -3.977109500000000253e+01 -3.968505100000000141e+01
-3.947795599999999894e+01 -3.946645800000000293e+01 -3.958130700000000246e+01
-3.706360699999999753e+01 -3.710853800000000291e+01 -3.698273600000000272e+01
-4.211106300000000147e+01 -4.199961499999999859e+01 -4.200927899999999937e+01
-3.610000000000000142e+01 -3.610000000000000142e+01 -3.621161299999999983e+01
-3.848508199999999846e+01 -3.861830599999999691e+01 -3.853754500000000149e+01
-3.667696999999999719e+01 -3.679516799999999677e+01 -3.678216900000000322e+01
-4.105003800000000069e+01 -4.095575999999999794e+01 -4.092560100000000034e+01
-4.093864299999999901e+01 -4.082454400000000305e+01 -4.083322499999999877e+01
-3.718955199999999905e+01 -3.731298699999999968e+01 -3.723377299999999934e+01
-3.768160999999999916e+01 -3.776518800000000198e+01 -3.780674799999999891e+01
-4.029129300000000313e+01 -4.040417099999999806e+01 -4.039942299999999875e+01
-4.079726999999999748e+01 -4.080011199999999860e+01 -4.091012899999999775e+01
-3.885815900000000056e+01 -3.874687699999999779e+01 -3.875157699999999750e+01
-3.836431999999999931e+01 -3.848508199999999846e+01 -3.841887200000000036e+01
-4.135486499999999666e+01 -4.124640999999999735e+01 -4.135568099999999703e+01
-4.070506199999999808e+01 -4.071555500000000194e+01 -4.082270900000000324e+01
-3.986322499999999991e+01 -3.974992799999999704e+01 -3.975515599999999949e+01
-3.844362999999999886e+01 -3.854758999999999958e+01 -3.842992000000000274e+01
-3.985356800000000277e+01 -3.974056600000000117e+01 -3.974515499999999690e+01
-3.620319099999999679e+01 -3.622190799999999911e+01 -3.630013000000000289e+01
-3.770146600000000348e+01 -3.769336200000000048e+01 -3.758954099999999698e+01
-4.089869999999999806e+01 -4.101145600000000258e+01 -4.100736400000000259e+01
-4.194139100000000298e+01 -4.181863799999999998e+01 -4.183935499999999763e+01
-3.626968200000000309e+01 -3.639446000000000225e+01 -3.630641800000000075e+01
-4.035038300000000078e+01 -4.045919800000000066e+01 -4.034667799999999716e+01
-4.065131600000000134e+01 -4.054583000000000226e+01 -4.054024799999999829e+01
-3.766590300000000013e+01 -3.754736499999999921e+01 -3.755834500000000276e+01
-3.848950800000000072e+01 -3.857487400000000122e+01 -3.861673499999999848e+01
-4.037296899999999766e+01 -4.036542800000000142e+01 -4.025508599999999859e+01
-3.954627599999999887e+01 -3.953900800000000260e+01 -3.943046199999999857e+01
-3.801960900000000265e+01 -3.814705899999999872e+01 -3.805513100000000293e+01
-3.955911400000000100e+01 -3.945300499999999744e+01 -3.957297499999999957e+01
-3.849981100000000112e+01 -3.850397499999999695e+01 -3.861127299999999707e+01
-4.078575500000000176e+01 -4.067689099999999769e+01 -4.078985000000000127e+01
-3.654178900000000141e+01 -3.665449999999999875e+01 -3.654665399999999664e+01
-4.051242100000000335e+01 -4.051733800000000230e+01 -4.062569200000000080e+01
-3.726283200000000306e+01 -3.714262500000000244e+01 -3.722603300000000104e+01
-4.124640999999999735e+01 -4.113752099999999956e+01 -4.124820600000000326e+01
-3.864999999999999858e+01 -3.856888200000000211e+01 -3.855865299999999962e+01
-4.002162400000000275e+01 -4.001782299999999992e+01 -4.012453599999999909e+01
-4.153933599999999871e+01 -4.142198499999999939e+01 -4.144094599999999673e+01
-3.667696999999999719e+01 -3.678216900000000322e+01 -3.666071199999999664e+01
-3.800833599999999990e+01 -3.801301399999999830e+01 -3.812207999999999686e+01
-4.160379400000000061e+01 -4.156218299999999743e+01 -4.146357299999999668e+01
-4.112910200000000316e+01 -4.100910999999999973e+01 -4.109979799999999983e+01
-3.687797199999999975e+01 -3.699502199999999874e+01 -3.699128199999999822e+01
-3.831345900000000171e+01 -3.828327600000000075e+01 -3.841887200000000036e+01
-4.001046699999999845e+01 -3.990421299999999860e+01 -3.990216999999999814e+01
-3.911445200000000000e+01 -3.907718100000000305e+01 -3.920424200000000070e+01
-3.833027799999999985e+01 -3.831108700000000056e+01 -3.821815800000000252e+01
-3.946358800000000144e+01 -3.957480499999999779e+01 -3.957620299999999958e+01
-3.947040299999999746e+01 -3.946672099999999972e+01 -3.935845400000000183e+01
-4.052854599999999863e+01 -4.049111099999999652e+01 -4.061357699999999937e+01
-3.917458599999999791e+01 -3.917018099999999947e+01 -3.906165099999999768e+01
-4.058432100000000275e+01 -4.047762000000000171e+01 -4.058390299999999939e+01
-3.747553700000000276e+01 -3.755774300000000210e+01 -3.759717299999999796e+01
-3.802866399999999913e+01 -3.792021900000000301e+01 -3.803362099999999657e+01
-3.921341300000000274e+01 -3.910833699999999880e+01 -3.920593000000000217e+01
-4.092560100000000034e+01 -4.083081399999999661e+01 -4.080466899999999697e+01
-3.812113800000000197e+01 -3.810991200000000134e+01 -3.800618800000000164e+01
-3.943046199999999857e+01 -3.942615200000000186e+01 -3.931898000000000337e+01
-3.765326600000000212e+01 -3.753109200000000101e+01 -3.754736499999999921e+01
-4.020953200000000294e+01 -4.009606399999999837e+01 -4.010204900000000094e+01
-3.648055800000000204e+01 -3.656574499999999972e+01 -3.661014500000000282e+01
-3.691320199999999829e+01 -3.680617699999999815e+01 -3.690996700000000175e+01
-3.690036400000000327e+01 -3.689003600000000205e+01 -3.678216900000000322e+01
-4.171179599999999965e+01 -4.167709299999999928e+01 -4.180669600000000230e+01
-3.805149300000000068e+01 -3.793779200000000174e+01 -3.794698999999999955e+01
-3.963684700000000305e+01 -3.952885500000000008e+01 -3.964182999999999879e+01
-4.021488200000000290e+01 -4.021698299999999904e+01 -4.011224099999999737e+01
-3.903275899999999865e+01 -3.902937099999999759e+01 -3.892184400000000011e+01
-4.050738400000000183e+01 -4.050210899999999725e+01 -4.039466699999999832e+01
-4.136450399999999661e+01 -4.135997799999999813e+01 -4.147665200000000141e+01
-3.814705899999999872e+01 -3.810353099999999671e+01 -3.822410800000000108e+01
-4.190644900000000206e+01 -4.189801500000000090e+01 -4.179487300000000261e+01
-4.135486499999999666e+01 -4.135568099999999703e+01 -4.146190299999999951e+01
-4.124592700000000178e+01 -4.123893999999999949e+01 -4.113031000000000148e+01
-3.727134199999999709e+01 -3.720321700000000220e+01 -3.713552399999999665e+01
-3.905348699999999695e+01 -3.894162099999999782e+01 -3.894528600000000296e+01
-3.681665499999999724e+01 -3.689992699999999815e+01 -3.693979600000000119e+01
-3.936837799999999987e+01 -3.924718599999999924e+01 -3.934063199999999938e+01
-4.059624000000000166e+01 -4.070506199999999808e+01 -4.069995800000000230e+01
-4.074866600000000005e+01 -4.063552099999999712e+01 -4.064076699999999676e+01
-4.129377000000000209e+01 -4.139845400000000097e+01 -4.141132000000000346e+01
-4.093212900000000332e+01 -4.093183599999999700e+01 -4.082270900000000324e+01
-4.177727900000000005e+01 -4.175846399999999647e+01 -4.166018400000000099e+01
-3.897081299999999970e+01 -3.885952199999999834e+01 -3.898118900000000053e+01
-3.993508700000000289e+01 -3.992886699999999678e+01 -3.982026499999999913e+01
-4.061516999999999911e+01 -4.060899599999999765e+01 -4.050210899999999725e+01
-4.129239700000000113e+01 -4.117827299999999724e+01 -4.119052700000000300e+01
-4.100149100000000146e+01 -4.105003800000000069e+01 -4.092560100000000034e+01
-4.067262900000000059e+01 -4.078575500000000176e+01 -4.078131400000000184e+01
-3.756552500000000094e+01 -3.768186299999999989e+01 -3.767619400000000240e+01
-3.680620900000000262e+01 -3.669308399999999892e+01 -3.670775199999999927e+01
-4.125823199999999957e+01 -4.114823100000000267e+01 -4.115356700000000245e+01
-4.044160099999999858e+01 -4.044664099999999962e+01 -4.055474099999999993e+01
-4.025332999999999828e+01 -4.036175200000000274e+01 -4.024951200000000284e+01
-3.981370400000000132e+01 -3.992062399999999656e+01 -3.980746100000000354e+01
-3.676888799999999691e+01 -3.687762500000000188e+01 -3.687959800000000143e+01
-3.947374400000000350e+01 -3.958273499999999956e+01 -3.948007100000000236e+01
-3.767619400000000240e+01 -3.768186299999999989e+01 -3.779494199999999893e+01
-3.969084999999999752e+01 -3.968759000000000015e+01 -3.957874300000000289e+01
-4.098122500000000201e+01 -4.097571299999999894e+01 -4.086785799999999824e+01
-3.805513100000000293e+01 -3.814705899999999872e+01 -3.817944399999999661e+01
-4.086785799999999824e+01 -4.097571299999999894e+01 -4.086195699999999675e+01
-4.139845400000000097e+01 -4.151633700000000005e+01 -4.141132000000000346e+01
-3.968759000000000015e+01 -3.979929099999999664e+01 -3.979672599999999960e+01
-4.080011199999999860e+01 -4.068781500000000051e+01 -4.069058700000000073e+01
-3.831345900000000171e+01 -3.841887200000000036e+01 -3.842752800000000235e+01
-3.954627599999999887e+01 -3.943046199999999857e+01 -3.944027799999999928e+01
-4.043068800000000351e+01 -4.043620099999999695e+01 -4.054410699999999679e+01
-4.033864100000000263e+01 -4.022627200000000158e+01 -4.023067300000000301e+01
-4.131726100000000201e+01 -4.119896500000000117e+01 -4.129668300000000158e+01
-4.112545800000000185e+01 -4.124973500000000115e+01 -4.118314699999999817e+01
-3.979672599999999960e+01 -3.990859300000000331e+01 -3.990521300000000338e+01
-3.981692900000000179e+01 -3.994304600000000249e+01 -3.985746100000000069e+01
-3.982667000000000002e+01 -3.992267600000000272e+01 -3.991399299999999783e+01
-3.924307600000000207e+01 -3.935247300000000337e+01 -3.924536499999999961e+01
-4.040406099999999867e+01 -4.048776999999999759e+01 -4.052592700000000292e+01
-3.669308399999999892e+01 -3.657565400000000011e+01 -3.659668599999999827e+01
-4.104514900000000210e+01 -4.099884200000000334e+01 -4.112545800000000185e+01
-4.004791900000000027e+01 -4.003880800000000306e+01 -3.995190699999999850e+01
-4.030092100000000244e+01 -4.030616700000000208e+01 -4.041419400000000195e+01
-3.764532200000000017e+01 -3.753141500000000264e+01 -3.753109200000000101e+01
-3.946422100000000199e+01 -3.935272700000000157e+01 -3.935501599999999911e+01
-3.862004600000000210e+01 -3.862624799999999681e+01 -3.873502899999999727e+01
-3.905754199999999798e+01 -3.905348699999999695e+01 -3.894528600000000296e+01
-4.163526499999999686e+01 -4.151950500000000233e+01 -4.153933599999999871e+01
-4.106195000000000306e+01 -4.112390200000000107e+01 -4.101971199999999840e+01
-3.694237100000000140e+01 -3.687959800000000143e+01 -3.699819300000000055e+01
-3.677452399999999955e+01 -3.685743200000000286e+01 -3.690090699999999657e+01
-3.740316599999999880e+01 -3.731531199999999870e+01 -3.742990300000000303e+01
-4.197423500000000018e+01 -4.195746499999999912e+01 -4.186177800000000104e+01
-3.860279100000000341e+01 -3.849067500000000308e+01 -3.849520499999999856e+01
-3.664785700000000190e+01 -3.664583100000000115e+01 -3.652420099999999792e+01
-3.915067599999999715e+01 -3.920593000000000217e+01 -3.908035900000000140e+01
-4.148308099999999854e+01 -4.147665200000000141e+01 -4.160578100000000035e+01
-3.990587699999999671e+01 -3.990658499999999975e+01 -4.001491399999999743e+01
-3.971713100000000196e+01 -3.971179500000000218e+01 -3.960347300000000104e+01
-3.933445600000000297e+01 -3.922033700000000067e+01 -3.923388700000000284e+01
-3.859075800000000100e+01 -3.847819299999999743e+01 -3.848227599999999882e+01
-3.932430099999999840e+01 -3.920975899999999825e+01 -3.922033700000000067e+01
-4.131506699999999910e+01 -4.119177599999999728e+01 -4.118328799999999745e+01
-3.902948099999999698e+01 -3.911445200000000000e+01 -3.915067599999999715e+01
-4.023671600000000126e+01 -4.032267399999999924e+01 -4.036175999999999675e+01
-3.892541200000000146e+01 -3.881795100000000076e+01 -3.892944899999999819e+01
-3.714459500000000247e+01 -3.701689199999999857e+01 -3.707399999999999807e+01
-4.066146200000000022e+01 -4.074630299999999750e+01 -4.078773499999999785e+01
-3.973208799999999741e+01 -3.981692900000000179e+01 -3.985746100000000069e+01
-3.849067500000000308e+01 -3.838275099999999895e+01 -3.849520499999999856e+01
-4.159455299999999767e+01 -4.167709299999999928e+01 -4.171179599999999965e+01
-4.045149399999999673e+01 -4.040406099999999867e+01 -4.052592700000000292e+01
-3.881088299999999691e+01 -3.892184400000000011e+01 -3.891900299999999646e+01
-3.879807399999999973e+01 -3.891325499999999948e+01 -3.890757800000000088e+01
-4.145627799999999752e+01 -4.131726100000000201e+01 -4.139488099999999804e+01
-4.054024799999999829e+01 -4.043755399999999867e+01 -4.042871000000000237e+01
-3.757375199999999893e+01 -3.746374099999999885e+01 -3.746523599999999732e+01
-3.778947200000000350e+01 -3.789730300000000085e+01 -3.778921199999999914e+01
-3.913581899999999791e+01 -3.914062500000000000e+01 -3.902711500000000200e+01
-4.117855200000000337e+01 -4.119446700000000305e+01 -4.129681399999999769e+01
-3.903712999999999766e+01 -3.912360300000000279e+01 -3.916022399999999948e+01
-3.778441399999999817e+01 -3.767619400000000240e+01 -3.779494199999999893e+01
-4.150343399999999860e+01 -4.162212900000000104e+01 -4.160719600000000185e+01
-4.038337400000000343e+01 -4.027452399999999955e+01 -4.038589000000000340e+01
-3.610000000000000142e+01 -3.610000000000000142e+01 -3.620979299999999768e+01
-4.119177599999999728e+01 -4.130401400000000223e+01 -4.118174100000000237e+01
-4.052592700000000292e+01 -4.048776999999999759e+01 -4.061097500000000338e+01
-3.768150200000000183e+01 -3.757035700000000134e+01 -3.757060500000000047e+01
-4.149983999999999895e+01 -4.157808899999999852e+01 -4.145627799999999752e+01
-4.207167900000000316e+01 -4.206077700000000164e+01 -4.195424899999999724e+01
-4.187688899999999848e+01 -4.196902800000000155e+01 -4.184835400000000050e+01
-3.856888200000000211e+01 -3.845199399999999912e+01 -3.845126700000000142e+01
-4.086515899999999846e+01 -4.098615999999999815e+01 -4.090997899999999987e+01
-4.162878500000000059e+01 -4.172877100000000183e+01 -4.174319299999999799e+01
-3.652396099999999990e+01 -3.648055800000000204e+01 -3.661014500000000282e+01
-3.733032200000000245e+01 -3.728105500000000205e+01 -3.740154700000000076e+01
-4.147167699999999968e+01 -4.158499900000000338e+01 -4.157800199999999791e+01
-4.065204899999999810e+01 -4.054410699999999679e+01 -4.065757899999999836e+01
-3.994304600000000249e+01 -4.002723499999999746e+01 -4.006862100000000027e+01
-3.947756499999999846e+01 -3.956240600000000285e+01 -3.960073200000000071e+01
-3.899250700000000336e+01 -3.887812600000000174e+01 -3.888815400000000011e+01
-4.060229499999999803e+01 -4.059311199999999786e+01 -4.050681800000000266e+01
-4.129681399999999769e+01 -4.138231799999999794e+01 -4.127376999999999896e+01
-4.190644900000000206e+01 -4.179487300000000261e+01 -4.180258299999999849e+01
-4.078111400000000231e+01 -4.074099400000000060e+01 -4.086515899999999846e+01
-3.779191699999999798e+01 -3.779516399999999976e+01 -3.790427799999999792e+01
-3.722142199999999690e+01 -3.722564599999999757e+01 -3.733808400000000205e+01
-3.723819100000000049e+01 -3.734828499999999707e+01 -3.723428799999999939e+01
-4.035786900000000088e+01 -4.036175200000000274e+01 -4.047011400000000236e+01
-4.052592700000000292e+01 -4.061097500000000338e+01 -4.063671599999999984e+01
-3.661081099999999822e+01 -3.654868599999999645e+01 -3.668242899999999906e+01
-4.089454599999999829e+01 -4.078575500000000176e+01 -4.089869999999999806e+01
-3.863412600000000197e+01 -3.874088299999999663e+01 -3.862624799999999681e+01
-3.946358800000000144e+01 -3.957620299999999958e+01 -3.946645800000000293e+01
-4.077115700000000231e+01 -4.076563699999999812e+01 -4.065757899999999836e+01
-3.681425699999999779e+01 -3.668242899999999906e+01 -3.674732099999999946e+01
-3.895783300000000082e+01 -3.908557900000000274e+01 -3.899879500000000121e+01
-3.767893200000000320e+01 -3.776005700000000331e+01 -3.780478200000000299e+01
-4.145711000000000013e+01 -4.132552100000000195e+01 -4.138308700000000329e+01
-3.691446200000000033e+01 -3.686312900000000070e+01 -3.699898199999999804e+01
-3.937713500000000266e+01 -3.926936299999999846e+01 -3.938207100000000338e+01
-3.867472699999999719e+01 -3.855865000000000009e+01 -3.856721499999999736e+01
-4.217491499999999860e+01 -4.216864600000000252e+01 -4.206493700000000047e+01
-3.838275099999999895e+01 -3.827044599999999974e+01 -3.827458500000000186e+01
-3.722564599999999757e+01 -3.711298299999999983e+01 -3.722995099999999979e+01
-4.113695400000000291e+01 -4.124952700000000050e+01 -4.113667000000000229e+01
-3.822596000000000060e+01 -3.833027799999999985e+01 -3.821815800000000252e+01
-3.919867099999999738e+01 -3.908178300000000149e+01 -3.909532600000000002e+01
-3.909618700000000047e+01 -3.908779599999999732e+01 -3.898118900000000053e+01
-3.765326600000000212e+01 -3.754736499999999921e+01 -3.766590300000000013e+01
-4.180467800000000267e+01 -4.179193300000000022e+01 -4.168596000000000146e+01
-4.125534999999999997e+01 -4.134019099999999725e+01 -4.137773700000000332e+01
-3.787894099999999753e+01 -3.776203300000000240e+01 -3.777251400000000103e+01
-4.138675099999999674e+01 -4.124973500000000115e+01 -4.131108499999999850e+01
-4.197265600000000063e+01 -4.208221100000000092e+01 -4.196417999999999893e+01
-3.971179500000000218e+01 -3.982026499999999913e+01 -3.970600100000000054e+01
-3.977433400000000319e+01 -3.966044500000000284e+01 -3.966750199999999893e+01
-3.632789300000000310e+01 -3.643834300000000326e+01 -3.644024199999999780e+01
-3.930788299999999680e+01 -3.939272400000000118e+01 -3.943136700000000161e+01
-4.001562299999999794e+01 -3.990264100000000269e+01 -4.002061199999999985e+01
-3.930266400000000004e+01 -3.919503900000000129e+01 -3.930854300000000023e+01
-4.038337400000000343e+01 -4.038589000000000340e+01 -4.049214500000000072e+01
-3.868258600000000058e+01 -3.856721499999999736e+01 -3.857391100000000250e+01
-4.082454400000000305e+01 -4.072285399999999811e+01 -4.083322499999999877e+01
-4.027789800000000042e+01 -4.041567299999999818e+01 -4.034214699999999709e+01
-3.899879500000000121e+01 -3.912360300000000279e+01 -3.903712999999999766e+01
-4.134019099999999725e+01 -4.141561699999999746e+01 -4.146206200000000308e+01
-4.182058099999999712e+01 -4.169340499999999849e+01 -4.172213299999999947e+01
-3.661930900000000122e+01 -3.647877299999999678e+01 -3.655672599999999761e+01
-4.019279199999999719e+01 -4.030616700000000208e+01 -4.030092100000000244e+01
-4.007481899999999797e+01 -4.007956899999999933e+01 -4.018780900000000145e+01
-3.817987099999999856e+01 -3.828599299999999772e+01 -3.817328200000000038e+01
-4.201581900000000047e+01 -4.211820500000000322e+01 -4.199709200000000209e+01
-3.938691800000000143e+01 -3.927860799999999841e+01 -3.939161599999999908e+01
-3.934864400000000018e+01 -3.923388700000000284e+01 -3.925847699999999918e+01
-3.802458099999999774e+01 -3.815299900000000122e+01 -3.806547700000000134e+01
-4.063050499999999943e+01 -4.074368100000000226e+01 -4.073899300000000068e+01
-3.784767300000000034e+01 -3.780912299999999959e+01 -3.793242399999999748e+01
-3.817944399999999661e+01 -3.828083600000000075e+01 -3.829405500000000018e+01
-3.839701600000000070e+01 -3.850711499999999887e+01 -3.850397499999999695e+01
-4.019279199999999719e+01 -4.008470899999999659e+01 -4.019818399999999770e+01
-4.206567700000000087e+01 -4.206493700000000047e+01 -4.197317199999999815e+01
-4.037350299999999947e+01 -4.040559700000000021e+01 -4.028387099999999776e+01
-4.091507399999999706e+01 -4.104514900000000210e+01 -4.095252399999999682e+01
-3.828083600000000075e+01 -3.822410800000000108e+01 -3.833335499999999740e+01
-4.097571299999999894e+01 -4.108893499999999932e+01 -4.108429499999999734e+01
-3.838766600000000295e+01 -3.849981100000000112e+01 -3.849520499999999856e+01
-4.171692500000000337e+01 -4.168595299999999781e+01 -4.159032499999999999e+01
-4.113463899999999995e+01 -4.102036900000000230e+01 -4.102330299999999852e+01
-3.661081099999999822e+01 -3.648310800000000143e+01 -3.654868599999999645e+01
-4.001046699999999845e+01 -3.990216999999999814e+01 -4.000732599999999906e+01
-4.052328099999999722e+01 -4.042871000000000237e+01 -4.040559700000000021e+01
-3.850711499999999887e+01 -3.850646600000000319e+01 -3.861635299999999660e+01
-3.910316699999999912e+01 -3.899097600000000341e+01 -3.899468399999999946e+01
-3.708438799999999702e+01 -3.710355200000000053e+01 -3.720675599999999861e+01
-3.883353400000000022e+01 -3.872519299999999731e+01 -3.883670000000000044e+01
-3.821821700000000277e+01 -3.810132899999999978e+01 -3.810991200000000134e+01
-3.753141500000000264e+01 -3.751688800000000157e+01 -3.743742000000000303e+01
-4.225831600000000066e+01 -4.224725300000000061e+01 -4.214726699999999937e+01
-3.998856299999999919e+01 -3.987489300000000014e+01 -3.988131099999999662e+01
-4.169340499999999849e+01 -4.160719600000000185e+01 -4.172213299999999947e+01
-3.861464800000000253e+01 -3.872238000000000113e+01 -3.861127299999999707e+01
-3.915260700000000327e+01 -3.926463600000000298e+01 -3.925990600000000086e+01
-4.159455299999999767e+01 -4.163108199999999925e+01 -4.151869899999999802e+01
-4.061677000000000248e+01 -4.057662100000000294e+01 -4.070177999999999940e+01
-3.714262500000000244e+01 -3.710401000000000238e+01 -3.722603300000000104e+01
-4.108429499999999734e+01 -4.108893499999999932e+01 -4.119896500000000117e+01
-3.765326600000000212e+01 -3.764532200000000017e+01 -3.753109200000000101e+01
-3.902948099999999698e+01 -3.899032100000000156e+01 -3.911445200000000000e+01
-3.985814599999999785e+01 -3.974992799999999704e+01 -3.986322499999999991e+01
-3.776005700000000331e+01 -3.772138900000000206e+01 -3.784423300000000268e+01
-4.052749099999999771e+01 -4.041951000000000249e+01 -4.053288899999999728e+01
-4.086785799999999824e+01 -4.086195699999999675e+01 -4.075418499999999966e+01
-4.132552100000000195e+01 -4.139999999999999858e+01 -4.127924200000000354e+01
-3.779516399999999976e+01 -3.790943999999999647e+01 -3.790427799999999792e+01
-3.978163599999999889e+01 -3.967574700000000121e+01 -3.978900500000000306e+01
-3.701059500000000213e+01 -3.694237100000000140e+01 -3.708438799999999702e+01
-3.847819299999999743e+01 -3.847411999999999921e+01 -3.836503400000000141e+01
-4.087925599999999804e+01 -4.098684599999999989e+01 -4.087357399999999785e+01
-4.095133100000000326e+01 -4.093864299999999901e+01 -4.083322499999999877e+01
-4.076563699999999812e+01 -4.065204899999999810e+01 -4.065757899999999836e+01
-3.978900500000000306e+01 -3.967574700000000121e+01 -3.968365699999999663e+01
-3.735111400000000259e+01 -3.722603300000000104e+01 -3.730825600000000009e+01
-3.882810200000000123e+01 -3.894811299999999932e+01 -3.888078600000000051e+01
-4.015698400000000134e+01 -4.004846299999999815e+01 -4.016185899999999975e+01
-4.152964599999999962e+01 -4.162400800000000345e+01 -4.150394800000000117e+01
-4.083114400000000188e+01 -4.091598599999999664e+01 -4.095602399999999932e+01
-3.784423300000000268e+01 -3.772138900000000206e+01 -3.780674799999999891e+01
-4.156661700000000081e+01 -4.146238999999999919e+01 -4.146190299999999951e+01
-3.751688800000000157e+01 -3.739999999999999858e+01 -3.743742000000000303e+01
-4.178477199999999669e+01 -4.187610999999999706e+01 -4.175457500000000266e+01
-3.948483499999999680e+01 -3.949008500000000055e+01 -3.959806400000000082e+01
-4.098122500000000201e+01 -4.108893499999999932e+01 -4.097571299999999894e+01
-4.034667799999999716e+01 -4.034283200000000136e+01 -4.023430199999999957e+01
-4.138259099999999790e+01 -4.126712899999999706e+01 -4.128014199999999789e+01
-4.099900199999999728e+01 -4.110829199999999872e+01 -4.099328200000000066e+01
-4.114823100000000267e+01 -4.103658300000000025e+01 -4.104305000000000092e+01
-4.014578099999999949e+01 -4.015773999999999688e+01 -4.027789800000000042e+01
-4.107086300000000278e+01 -4.095830099999999874e+01 -4.107260600000000039e+01
-4.035396999999999679e+01 -4.035786900000000088e+01 -4.046650799999999748e+01
-4.102553999999999945e+01 -4.091478599999999943e+01 -4.102649499999999705e+01
-3.778921199999999914e+01 -3.789730300000000085e+01 -3.789794499999999999e+01
-4.209236500000000092e+01 -4.208221100000000092e+01 -4.197265600000000063e+01
-3.813595000000000113e+01 -3.819403899999999652e+01 -3.827293000000000234e+01
-4.116686099999999726e+01 -4.126145000000000351e+01 -4.129377000000000209e+01
-3.635540499999999753e+01 -3.629683500000000151e+01 -3.641630099999999715e+01
-4.102486300000000341e+01 -4.113695400000000291e+01 -4.113667000000000229e+01
-4.100082700000000102e+01 -4.112943500000000085e+01 -4.104150500000000079e+01
-3.961338299999999890e+01 -3.950007999999999697e+01 -3.950480199999999797e+01
-3.992062399999999656e+01 -4.002523399999999754e+01 -3.991372799999999899e+01
-3.827458500000000186e+01 -3.827044599999999974e+01 -3.816264199999999818e+01
-3.844878700000000293e+01 -3.853362800000000021e+01 -3.857487400000000122e+01
-4.002565899999999743e+01 -4.013629199999999742e+01 -4.013302999999999798e+01
-3.971713100000000196e+01 -3.972201100000000196e+01 -3.983072299999999899e+01
-4.057871899999999954e+01 -4.057544699999999693e+01 -4.046650799999999748e+01
-3.980702500000000299e+01 -3.989567900000000122e+01 -3.992732099999999917e+01
-4.077643199999999979e+01 -4.089004299999999859e+01 -4.088492300000000057e+01
-4.204459500000000105e+01 -4.217229700000000037e+01 -4.210511799999999738e+01
-4.211820500000000322e+01 -4.210458200000000062e+01 -4.199709200000000209e+01
-4.012661200000000150e+01 -4.001422099999999915e+01 -4.001409999999999911e+01
-4.058432100000000275e+01 -4.058173500000000189e+01 -4.047361599999999981e+01
-3.958273499999999956e+01 -3.957867300000000199e+01 -3.948007100000000236e+01
-4.031159300000000201e+01 -4.031726499999999902e+01 -4.042508200000000329e+01
-4.129377000000000209e+01 -4.126145000000000351e+01 -4.139845400000000097e+01
-3.745530200000000320e+01 -3.740154700000000076e+01 -3.750774499999999989e+01
-3.899468399999999946e+01 -3.889094800000000163e+01 -3.888078600000000051e+01
-4.159058699999999931e+01 -4.170200799999999930e+01 -4.169776800000000350e+01
-4.141403100000000137e+01 -4.138231799999999794e+01 -4.129681399999999769e+01
-3.971713100000000196e+01 -3.982591200000000242e+01 -3.971179500000000218e+01
-3.915260700000000327e+01 -3.915711699999999951e+01 -3.926463600000000298e+01
-3.826590300000000155e+01 -3.837396199999999880e+01 -3.826100600000000185e+01
-4.194999299999999920e+01 -4.193822600000000023e+01 -4.185449400000000253e+01
-4.154171999999999798e+01 -4.150357900000000200e+01 -4.141403100000000137e+01
-4.083913900000000297e+01 -4.095416999999999774e+01 -4.094951499999999811e+01
-4.066293499999999739e+01 -4.077115700000000231e+01 -4.065757899999999836e+01
-3.801960900000000265e+01 -3.810353099999999671e+01 -3.814705899999999872e+01
-4.167610499999999973e+01 -4.156661700000000081e+01 -4.157134899999999789e+01
-3.951687600000000344e+01 -3.947756499999999846e+01 -3.960073200000000071e+01
-4.203641100000000108e+01 -4.201581900000000047e+01 -4.192041100000000142e+01
-3.980279300000000120e+01 -3.969509500000000202e+01 -3.980746100000000354e+01
-3.796876999999999924e+01 -3.808485300000000251e+01 -3.801363700000000279e+01
-3.949008500000000055e+01 -3.949518100000000231e+01 -3.960347300000000104e+01
-4.065204899999999810e+01 -4.064636200000000343e+01 -4.053850500000000068e+01
-3.902706200000000081e+01 -3.913674699999999973e+01 -3.913508600000000115e+01
-3.902711500000000200e+01 -3.914062500000000000e+01 -3.902432000000000301e+01
-4.149983999999999895e+01 -4.161091400000000107e+01 -4.157808899999999852e+01
-3.919867099999999738e+01 -3.909532600000000002e+01 -3.920975899999999825e+01
-3.958268799999999743e+01 -3.947040299999999746e+01 -3.947482699999999767e+01
-4.107641999999999882e+01 -4.117855200000000337e+01 -4.107206599999999952e+01
-3.768303399999999925e+01 -3.768186299999999989e+01 -3.756913500000000283e+01
-4.016185899999999975e+01 -4.004846299999999815e+01 -4.005296299999999832e+01
-3.924307600000000207e+01 -3.913581899999999791e+01 -3.913508600000000115e+01
-3.815299900000000122e+01 -3.810942200000000213e+01 -3.823715299999999928e+01
-4.175457500000000266e+01 -4.172631400000000212e+01 -4.163526499999999686e+01
-3.916022399999999948e+01 -3.912360300000000279e+01 -3.924718599999999924e+01
-4.055873799999999818e+01 -4.046255599999999930e+01 -4.044394299999999731e+01
-4.020376199999999756e+01 -4.020953200000000294e+01 -4.031726499999999902e+01
-3.902948099999999698e+01 -3.915067599999999715e+01 -3.908035900000000140e+01
-3.838766600000000295e+01 -3.839271600000000007e+01 -3.849981100000000112e+01
-4.146238999999999919e+01 -4.135997799999999813e+01 -4.135486499999999666e+01
-4.029129300000000313e+01 -4.028677400000000119e+01 -4.017863700000000193e+01
-3.850711499999999887e+01 -3.840024600000000277e+01 -3.850646600000000319e+01
-4.162400800000000345e+01 -4.159089800000000281e+01 -4.150394800000000117e+01
-4.199961499999999859e+01 -4.188938600000000179e+01 -4.189801500000000090e+01
-4.042871000000000237e+01 -4.032760700000000043e+01 -4.031956000000000273e+01
-4.079375799999999685e+01 -4.090281900000000093e+01 -4.078985000000000127e+01
-3.670775199999999927e+01 -3.660833600000000132e+01 -3.669593400000000116e+01
-3.902711500000000200e+01 -3.891590200000000266e+01 -3.902629199999999798e+01
-4.013302999999999798e+01 -4.013629199999999742e+01 -4.024501399999999762e+01
-3.654665399999999664e+01 -3.665683500000000095e+01 -3.655509599999999892e+01
-3.643032999999999788e+01 -3.631093700000000268e+01 -3.640126200000000267e+01
-4.022104399999999913e+01 -4.010812299999999908e+01 -4.011391799999999819e+01
-3.747276999999999703e+01 -3.743069400000000257e+01 -3.755651499999999743e+01
-4.210511799999999738e+01 -4.217229700000000037e+01 -4.221320200000000256e+01
-3.860279100000000341e+01 -3.849520499999999856e+01 -3.860717900000000213e+01
-3.990587699999999671e+01 -3.980072400000000243e+01 -3.990658499999999975e+01
-4.167364899999999750e+01 -4.166018400000000099e+01 -4.155612299999999948e+01
-4.070689399999999836e+01 -4.061599100000000107e+01 -4.058595700000000051e+01
-4.055953099999999978e+01 -4.045116699999999810e+01 -4.056400800000000118e+01
-4.093020200000000131e+01 -4.092340300000000042e+01 -4.081507899999999722e+01
-3.953900800000000260e+01 -3.964712800000000215e+01 -3.953385200000000310e+01
-3.980072400000000243e+01 -3.968990000000000151e+01 -3.969695000000000107e+01
-3.836431999999999931e+01 -3.844244700000000137e+01 -3.848508199999999846e+01
-3.622190799999999911e+01 -3.618484099999999870e+01 -3.630641800000000075e+01
-3.869286300000000267e+01 -3.858338899999999683e+01 -3.869626099999999980e+01
-3.945300499999999744e+01 -3.933445600000000297e+01 -3.934864400000000018e+01
-3.770146600000000348e+01 -3.758954099999999698e+01 -3.760083900000000057e+01
-3.868966199999999844e+01 -3.865393999999999863e+01 -3.877730600000000294e+01
-4.195424899999999724e+01 -4.206077700000000164e+01 -4.194378400000000084e+01
-3.946785599999999761e+01 -3.933793500000000165e+01 -3.938573499999999683e+01
-3.621863199999999949e+01 -3.621352399999999960e+01 -3.632789300000000310e+01
-4.001422099999999915e+01 -3.989999999999999858e+01 -3.990423700000000196e+01
-3.698862499999999898e+01 -3.710455100000000073e+01 -3.710355200000000053e+01
-3.927860799999999841e+01 -3.927400999999999698e+01 -3.916583299999999923e+01
-3.892541200000000146e+01 -3.892944899999999819e+01 -3.903673400000000271e+01
-3.903673400000000271e+01 -3.904094200000000114e+01 -3.914812799999999982e+01
-4.070996999999999844e+01 -4.069995800000000230e+01 -4.080466899999999697e+01
-3.891279300000000063e+01 -3.903712999999999766e+01 -3.895194599999999951e+01
-3.610000000000000142e+01 -3.610000000000000142e+01 -3.618758900000000267e+01
-3.912360300000000279e+01 -3.908557900000000274e+01 -3.921218999999999966e+01
-4.011574199999999735e+01 -4.001046699999999845e+01 -4.000732599999999906e+01
-4.043620099999999695e+01 -4.032851500000000300e+01 -4.044160099999999858e+01
-4.091507399999999706e+01 -4.087249200000000116e+01 -4.099884200000000334e+01
-3.783145100000000127e+01 -3.771186200000000355e+01 -3.772799299999999789e+01
-3.952885500000000008e+01 -3.953385200000000310e+01 -3.964182999999999879e+01
-3.866500700000000279e+01 -3.854758999999999958e+01 -3.855865000000000009e+01
-4.190644900000000206e+01 -4.200927899999999937e+01 -4.189801500000000090e+01
-3.685743200000000286e+01 -3.693979600000000119e+01 -3.698273600000000272e+01
-3.784058600000000183e+01 -3.784653000000000134e+01 -3.775039900000000159e+01
-4.193604400000000254e+01 -4.198817600000000283e+01 -4.206567700000000087e+01
-3.812113800000000197e+01 -3.814159300000000030e+01 -3.823800700000000319e+01
-4.213318900000000156e+01 -4.212212600000000151e+01 -4.201871700000000232e+01
-4.107639600000000257e+01 -4.104514900000000210e+01 -4.118314699999999817e+01
-4.137025400000000275e+01 -4.126712899999999706e+01 -4.138259099999999790e+01
-3.669282199999999960e+01 -3.664943199999999734e+01 -3.677452399999999955e+01
-4.108566799999999830e+01 -4.117050900000000269e+01 -4.121414899999999903e+01
-3.643903199999999742e+01 -3.643907099999999843e+01 -3.655187500000000256e+01
-4.027615999999999730e+01 -4.036175999999999675e+01 -4.039810200000000151e+01
-3.746278000000000219e+01 -3.758729199999999793e+01 -3.748617399999999833e+01
-3.673998300000000228e+01 -3.686312900000000070e+01 -3.679482000000000141e+01
-4.044160099999999858e+01 -4.033382100000000037e+01 -4.044664099999999962e+01
-4.061599100000000107e+01 -4.064144600000000196e+01 -4.052328099999999722e+01
-4.191011499999999756e+01 -4.201410200000000117e+01 -4.189634800000000325e+01
-4.095133100000000326e+01 -4.105131999999999692e+01 -4.093864299999999901e+01
-3.793723500000000115e+01 -3.806932700000000125e+01 -3.805449999999999733e+01
-3.924536499999999961e+01 -3.935247300000000337e+01 -3.935669800000000151e+01
-3.656359900000000351e+01 -3.665782500000000255e+01 -3.669593400000000116e+01
-4.070650799999999947e+01 -4.070414600000000149e+01 -4.060229499999999803e+01
-4.118643000000000143e+01 -4.112568000000000268e+01 -4.106245200000000040e+01
-3.778947200000000350e+01 -3.790018599999999793e+01 -3.789730300000000085e+01
-3.836394599999999855e+01 -3.844878700000000293e+01 -3.848950800000000072e+01
-3.932430099999999840e+01 -3.931555900000000037e+01 -3.920975899999999825e+01
-4.081610700000000236e+01 -4.078111400000000231e+01 -4.090997899999999987e+01
-3.979672599999999960e+01 -3.979929099999999664e+01 -3.990859300000000331e+01
-3.859853999999999985e+01 -3.849067500000000308e+01 -3.860279100000000341e+01
-4.064076699999999676e+01 -4.052749099999999771e+01 -4.053288899999999728e+01
-3.723428799999999939e+01 -3.734538700000000233e+01 -3.722995099999999979e+01
-3.896489400000000103e+01 -3.886694899999999819e+01 -3.898073800000000233e+01
-3.895292200000000093e+01 -3.895729399999999742e+01 -3.906595800000000196e+01
-4.203821800000000053e+01 -4.214425099999999702e+01 -4.202784799999999876e+01
-4.228412699999999802e+01 -4.227306399999999798e+01 -4.216864600000000252e+01
-3.829509399999999886e+01 -3.829018099999999691e+01 -3.818123899999999793e+01
-3.968505100000000141e+01 -3.977109500000000253e+01 -3.980702500000000299e+01
-4.091244400000000070e+01 -4.091380699999999848e+01 -4.102486300000000341e+01
-3.722564599999999757e+01 -3.710833600000000132e+01 -3.711298299999999983e+01
-4.032289300000000054e+01 -4.032851500000000300e+01 -4.043620099999999695e+01
-4.054583000000000226e+01 -4.043755399999999867e+01 -4.054024799999999829e+01
-4.194999299999999920e+01 -4.185449400000000253e+01 -4.183335300000000245e+01
-3.894811299999999932e+01 -3.902948099999999698e+01 -3.908035900000000140e+01
-4.034283200000000136e+01 -4.033864100000000263e+01 -4.023067300000000301e+01
-3.734201699999999846e+01 -3.722564599999999757e+01 -3.722995099999999979e+01
-4.141964099999999860e+01 -4.154700499999999863e+01 -4.146288700000000205e+01
-3.735288700000000262e+01 -3.724237999999999715e+01 -3.735421600000000097e+01
-4.051733800000000230e+01 -4.063050499999999943e+01 -4.062569200000000080e+01
-4.000732599999999906e+01 -3.990129799999999705e+01 -4.000745500000000021e+01
-3.960856100000000168e+01 -3.971713100000000196e+01 -3.960347300000000104e+01
-4.096449400000000196e+01 -4.096105899999999878e+01 -4.085210000000000008e+01
-3.960856100000000168e+01 -3.961338299999999890e+01 -3.972201100000000196e+01
-3.777005799999999880e+01 -3.785489900000000318e+01 -3.789460799999999807e+01
-3.946422100000000199e+01 -3.957593700000000325e+01 -3.957480499999999779e+01
-4.069058700000000073e+01 -4.068781500000000051e+01 -4.057871899999999954e+01
-3.669308399999999892e+01 -3.679516799999999677e+01 -3.667696999999999719e+01
-3.986879499999999865e+01 -3.986322499999999991e+01 -3.975515599999999949e+01
-3.982591200000000242e+01 -3.993508700000000289e+01 -3.982026499999999913e+01
-4.201410200000000117e+01 -4.200000000000000000e+01 -4.189634800000000325e+01
-3.700088499999999669e+01 -3.711847600000000114e+01 -3.711298299999999983e+01
-3.757239599999999768e+01 -3.768111900000000247e+01 -3.757110600000000034e+01
-4.163445899999999966e+01 -4.151559900000000169e+01 -4.163647499999999724e+01
-3.757239599999999768e+01 -3.768305000000000149e+01 -3.768111900000000247e+01
-4.107086300000000278e+01 -4.107260600000000039e+01 -4.119177599999999728e+01
-3.757375199999999893e+01 -3.768305000000000149e+01 -3.757239599999999768e+01
-3.979216199999999759e+01 -3.978311200000000269e+01 -3.967714399999999841e+01
-4.033864100000000263e+01 -4.033382100000000037e+01 -4.022627200000000158e+01
-3.971179500000000218e+01 -3.982591200000000242e+01 -3.982026499999999913e+01
-3.906165099999999768e+01 -3.895292200000000093e+01 -3.906595800000000196e+01
-4.104552199999999829e+01 -4.094529599999999903e+01 -4.090997899999999987e+01
-3.789460799999999807e+01 -3.797958799999999968e+01 -3.801960900000000265e+01
-3.789012900000000172e+01 -3.787894099999999753e+01 -3.777251400000000103e+01
-3.756913500000000283e+01 -3.756552500000000094e+01 -3.745400699999999716e+01
-3.689992699999999815e+01 -3.686357000000000284e+01 -3.698343100000000305e+01
-4.102553999999999945e+01 -4.113695400000000291e+01 -4.102486300000000341e+01
-4.008470899999999659e+01 -3.997134400000000198e+01 -3.997670099999999849e+01
-3.654868599999999645e+01 -3.641630099999999715e+01 -3.647877299999999678e+01
-3.880575999999999937e+01 -3.880814600000000070e+01 -3.891708200000000062e+01
-3.920593000000000217e+01 -3.910833699999999880e+01 -3.908035900000000140e+01
-4.022168800000000033e+01 -4.011574199999999735e+01 -4.011176700000000039e+01
-4.105355999999999739e+01 -4.095133100000000326e+01 -4.094529599999999903e+01
-4.178714800000000196e+01 -4.167610499999999973e+01 -4.168300399999999684e+01
-3.804506500000000102e+01 -3.815824200000000133e+01 -3.815284100000000223e+01
-4.147665200000000141e+01 -4.146238999999999919e+01 -4.156810699999999770e+01
-4.012661200000000150e+01 -4.001409999999999911e+01 -4.012060600000000221e+01
-4.119177599999999728e+01 -4.107260600000000039e+01 -4.118328799999999745e+01
-3.810132899999999978e+01 -3.798444099999999679e+01 -3.799500199999999950e+01
-3.908779599999999732e+01 -3.897081299999999970e+01 -3.898118900000000053e+01
-4.139845400000000097e+01 -4.146288700000000205e+01 -4.151869899999999802e+01
-3.933816199999999697e+01 -3.920593000000000217e+01 -3.925687599999999833e+01
-4.184835400000000050e+01 -4.181670499999999890e+01 -4.172801700000000125e+01
-3.715021800000000241e+01 -3.723377299999999934e+01 -3.727090700000000112e+01
-4.093183599999999700e+01 -4.100149100000000146e+01 -4.089180100000000095e+01
-4.117827299999999724e+01 -4.115998900000000305e+01 -4.104552199999999829e+01
-4.073857199999999779e+01 -4.072285399999999811e+01 -4.063671599999999984e+01
-3.865195299999999889e+01 -3.864999999999999858e+01 -3.855865299999999962e+01
-4.205769300000000044e+01 -4.204262800000000055e+01 -4.194139100000000298e+01
-4.210458200000000062e+01 -4.209236500000000092e+01 -4.198120300000000071e+01
-4.041951000000000249e+01 -4.042508200000000329e+01 -4.053288899999999728e+01
-3.920854599999999834e+01 -3.909618700000000047e+01 -3.910316699999999912e+01
-3.649248500000000206e+01 -3.660833600000000132e+01 -3.659668599999999827e+01
-3.806609499999999713e+01 -3.807885100000000023e+01 -3.796527999999999992e+01
-4.210511799999999738e+01 -4.219504700000000241e+01 -4.206567700000000087e+01
-3.756552500000000094e+01 -3.767619400000000240e+01 -3.755834500000000276e+01
-3.979460499999999712e+01 -3.979596399999999790e+01 -3.968765400000000199e+01
-4.022104399999999913e+01 -4.021536499999999847e+01 -4.010812299999999908e+01
-3.947029299999999807e+01 -3.955584900000000204e+01 -3.959512999999999749e+01
-3.938207100000000338e+01 -3.949518100000000231e+01 -3.949008500000000055e+01
-3.810991200000000134e+01 -3.810132899999999978e+01 -3.799500199999999950e+01
-3.791508799999999724e+01 -3.780736699999999928e+01 -3.792021900000000301e+01
-4.178015500000000060e+01 -4.177294599999999747e+01 -4.167105000000000103e+01
-4.011574199999999735e+01 -4.012060600000000221e+01 -4.001046699999999845e+01
-4.007956899999999933e+01 -4.008470899999999659e+01 -4.019279199999999719e+01
-4.106245200000000040e+01 -4.093183599999999700e+01 -4.101971199999999840e+01
-3.929721099999999723e+01 -3.930266400000000004e+01 -3.941066200000000208e+01
-4.144084800000000257e+01 -4.133700100000000077e+01 -4.145103100000000040e+01
-4.148308099999999854e+01 -4.159151099999999701e+01 -4.147302599999999728e+01
-4.043620099999999695e+01 -4.044160099999999858e+01 -4.054954299999999989e+01
-4.080567099999999670e+01 -4.089180100000000095e+01 -4.080466899999999697e+01
-4.003880800000000306e+01 -4.002722099999999728e+01 -3.990873899999999708e+01
-4.167610499999999973e+01 -4.178015500000000060e+01 -4.167105000000000103e+01
-3.922304199999999952e+01 -3.930788299999999680e+01 -3.934635399999999805e+01
-4.128942200000000184e+01 -4.127649000000000257e+01 -4.117084400000000244e+01
-4.106245200000000040e+01 -4.112568000000000268e+01 -4.100149100000000146e+01
-3.713170600000000121e+01 -3.712900100000000236e+01 -3.702093899999999849e+01
-4.030092100000000244e+01 -4.040909800000000018e+01 -4.029603500000000338e+01
-3.887812600000000174e+01 -3.876434299999999666e+01 -3.877212699999999757e+01
-3.853362800000000021e+01 -3.861846899999999749e+01 -3.865894399999999820e+01
-4.211106300000000147e+01 -4.210000000000000142e+01 -4.199961499999999859e+01
-3.947029299999999807e+01 -3.959512999999999749e+01 -3.951164899999999847e+01
-3.979742099999999994e+01 -3.969695000000000107e+01 -3.968340599999999796e+01
-3.891325499999999948e+01 -3.880280499999999932e+01 -3.891590200000000266e+01
-3.727229700000000179e+01 -3.714459500000000247e+01 -3.720321700000000220e+01
-3.940088500000000238e+01 -3.929232400000000069e+01 -3.940563699999999869e+01
-3.964224300000000056e+01 -3.960073200000000071e+01 -3.972335100000000097e+01
-3.943244700000000336e+01 -3.931555900000000037e+01 -3.932430099999999840e+01
-3.644024199999999780e+01 -3.643834300000000326e+01 -3.655509599999999892e+01
-3.902706200000000081e+01 -3.891708200000000062e+01 -3.891900299999999646e+01
-3.861830599999999691e+01 -3.874437000000000353e+01 -3.864572600000000335e+01
-3.772452700000000192e+01 -3.784767300000000034e+01 -3.776518800000000198e+01
-4.057662100000000294e+01 -4.066146200000000022e+01 -4.070177999999999940e+01
-3.867472699999999719e+01 -3.879108099999999837e+01 -3.878195800000000304e+01
-4.124820600000000326e+01 -4.135939499999999924e+01 -4.135568099999999703e+01
-3.819403899999999652e+01 -3.817944399999999661e+01 -3.829405500000000018e+01
-4.049177999999999855e+01 -4.061677000000000248e+01 -4.053247300000000308e+01
-4.188938600000000179e+01 -4.198866499999999746e+01 -4.187972299999999848e+01
-3.828327600000000075e+01 -3.836431999999999931e+01 -3.841887200000000036e+01
-3.643032999999999788e+01 -3.654178900000000141e+01 -3.643551599999999979e+01
-3.673998300000000228e+01 -3.669282199999999960e+01 -3.681823500000000138e+01
-4.032760700000000043e+01 -4.033309500000000014e+01 -4.022168800000000033e+01
-4.001782299999999992e+01 -4.012158600000000064e+01 -4.012453599999999909e+01
-3.969695000000000107e+01 -3.958273499999999956e+01 -3.959352100000000263e+01
-4.085820300000000316e+01 -4.076345100000000343e+01 -4.073610399999999743e+01
-4.121749100000000254e+01 -4.110829199999999872e+01 -4.122422499999999701e+01
-3.991372799999999899e+01 -4.001782299999999992e+01 -3.991063299999999714e+01
-3.926463600000000298e+01 -3.937212099999999992e+01 -3.925990600000000086e+01
-4.141132000000000346e+01 -4.138675099999999674e+01 -4.131108499999999850e+01
-3.947374400000000350e+01 -3.955007799999999918e+01 -3.959352100000000263e+01
-3.969084999999999752e+01 -3.957874300000000289e+01 -3.958268799999999743e+01
-3.702273399999999981e+01 -3.690996700000000175e+01 -3.702543899999999866e+01
-3.915711699999999951e+01 -3.904942799999999892e+01 -3.916150100000000123e+01
-4.205769300000000044e+01 -4.194139100000000298e+01 -4.195746499999999912e+01
-3.631639700000000204e+01 -3.620319099999999679e+01 -3.630013000000000289e+01
-3.835584000000000060e+01 -3.835076300000000060e+01 -3.824160299999999779e+01
-3.924718599999999924e+01 -3.912360300000000279e+01 -3.921218999999999966e+01
-4.010812299999999908e+01 -4.000126999999999811e+01 -4.011391799999999819e+01
-4.014293899999999837e+01 -4.013629199999999742e+01 -4.002722099999999728e+01
-4.156218299999999743e+01 -4.153933599999999871e+01 -4.144094599999999673e+01
-3.861635299999999660e+01 -3.861765599999999665e+01 -3.872759800000000041e+01
-3.890567699999999718e+01 -3.902948099999999698e+01 -3.894811299999999932e+01
-4.002723499999999746e+01 -4.015175500000000142e+01 -4.006862100000000027e+01
-4.200000000000000000e+01 -4.196902800000000155e+01 -4.187688899999999848e+01
-3.935247300000000337e+01 -3.946358800000000144e+01 -3.946645800000000293e+01
-3.896489400000000103e+01 -3.884800599999999804e+01 -3.886694899999999819e+01
-3.894162099999999782e+01 -3.883353400000000022e+01 -3.894528600000000296e+01
-3.925847699999999918e+01 -3.935669800000000151e+01 -3.938423199999999724e+01
-3.746055299999999733e+01 -3.757110600000000034e+01 -3.757060500000000047e+01
-3.629683500000000151e+01 -3.622770299999999821e+01 -3.618758900000000267e+01
-4.166325199999999995e+01 -4.154171999999999798e+01 -4.157808899999999852e+01
-4.072285399999999811e+01 -4.073857199999999779e+01 -4.083322499999999877e+01
-3.827458500000000186e+01 -3.816264199999999818e+01 -3.816562799999999811e+01
-4.219504700000000241e+01 -4.210511799999999738e+01 -4.221320200000000256e+01
-4.010204900000000094e+01 -3.999487799999999993e+01 -4.010812299999999908e+01
-4.180669600000000230e+01 -4.192041100000000142e+01 -4.181824699999999950e+01
-3.776203300000000240e+01 -3.764532200000000017e+01 -3.765326600000000212e+01
-3.641630099999999715e+01 -3.633868600000000271e+01 -3.647877299999999678e+01
-3.881416999999999717e+01 -3.870636799999999766e+01 -3.881795100000000076e+01
-3.880280499999999932e+01 -3.869286300000000267e+01 -3.880575999999999937e+01
-4.073857199999999779e+01 -4.081610700000000236e+01 -4.085519500000000193e+01
-3.610000000000000142e+01 -3.610000000000000142e+01 -3.622190799999999911e+01
-3.674425699999999750e+01 -3.661081099999999822e+01 -3.668242899999999906e+01
-3.733808400000000205e+01 -3.722564599999999757e+01 -3.734201699999999846e+01
-3.757110600000000034e+01 -3.768016599999999983e+01 -3.757060500000000047e+01
-4.136379500000000320e+01 -4.147167699999999968e+01 -4.135939499999999924e+01
-4.174257000000000062e+01 -4.184890999999999650e+01 -4.173580400000000168e+01
-3.724103900000000067e+01 -3.712900100000000236e+01 -3.713170600000000121e+01
-3.891279300000000063e+01 -3.899879500000000121e+01 -3.903712999999999766e+01
-3.909618700000000047e+01 -3.920197999999999894e+01 -3.908779599999999732e+01
-3.610000000000000142e+01 -3.610000000000000142e+01 -3.621863199999999949e+01
-4.145103100000000040e+01 -4.133700100000000077e+01 -4.134572099999999750e+01
-3.934635399999999805e+01 -3.943136700000000161e+01 -3.947029299999999807e+01
-3.833810199999999924e+01 -3.833510600000000323e+01 -3.822427100000000166e+01
-3.990216999999999814e+01 -3.990421299999999860e+01 -3.979596399999999790e+01
-3.894811299999999932e+01 -3.908035900000000140e+01 -3.900033400000000228e+01
-4.186592100000000016e+01 -4.193604400000000254e+01 -4.197317199999999815e+01
-4.178714800000000196e+01 -4.168300399999999684e+01 -4.179487300000000261e+01
-3.922033700000000067e+01 -3.911903300000000172e+01 -3.923388700000000284e+01
-3.914812799999999982e+01 -3.925990600000000086e+01 -3.925533599999999979e+01
-4.058390299999999939e+01 -4.057987599999999873e+01 -4.069324699999999950e+01
-4.047762000000000171e+01 -4.047441899999999748e+01 -4.058390299999999939e+01
-3.992732099999999917e+01 -4.004791900000000027e+01 -3.995190699999999850e+01
-4.117827299999999724e+01 -4.128014199999999789e+01 -4.115998900000000305e+01
-4.038243599999999844e+01 -4.049111099999999652e+01 -4.036655300000000324e+01
-3.621125500000000130e+01 -3.632223900000000327e+01 -3.632509799999999700e+01
-4.151576000000000022e+01 -4.162212900000000104e+01 -4.150343399999999860e+01
-3.891590200000000266e+01 -3.880280499999999932e+01 -3.880575999999999937e+01
-4.030616700000000208e+01 -4.019818399999999770e+01 -4.031159300000000201e+01
-3.816264199999999818e+01 -3.805149300000000068e+01 -3.805528499999999781e+01
-4.039942299999999875e+01 -4.050738400000000183e+01 -4.039466699999999832e+01
-3.986879499999999865e+01 -3.998252399999999795e+01 -3.997670099999999849e+01
-4.189500100000000060e+01 -4.175375999999999976e+01 -4.181824699999999950e+01
-4.193805499999999853e+01 -4.181670499999999890e+01 -4.184835400000000050e+01
-3.913820100000000224e+01 -3.926098100000000102e+01 -3.917244300000000123e+01
-4.044160099999999858e+01 -4.032851500000000300e+01 -4.033382100000000037e+01
-3.939272400000000118e+01 -3.951687600000000344e+01 -3.943136700000000161e+01
-3.788939299999999832e+01 -3.796876999999999924e+01 -3.801363700000000279e+01
-4.167364899999999750e+01 -4.155612299999999948e+01 -4.156799999999999784e+01
-3.919503900000000129e+01 -3.920197999999999894e+01 -3.930854300000000023e+01
-3.929953700000000083e+01 -3.926098100000000102e+01 -3.938613900000000001e+01
-3.959512999999999749e+01 -3.971762700000000024e+01 -3.964324899999999730e+01
-4.033173899999999890e+01 -4.023763799999999691e+01 -4.034214699999999709e+01
-3.849981100000000112e+01 -3.839271600000000007e+01 -3.850397499999999695e+01
-3.968365699999999663e+01 -3.967574700000000121e+01 -3.957075400000000087e+01
-4.185775900000000149e+01 -4.198817600000000283e+01 -4.193604400000000254e+01
-3.801960900000000265e+01 -3.805513100000000293e+01 -3.793242399999999748e+01
-3.829405500000000018e+01 -3.839301700000000039e+01 -3.827293000000000234e+01
-4.046286700000000280e+01 -4.045919800000000066e+01 -4.035038300000000078e+01
-3.857909999999999684e+01 -3.857391100000000250e+01 -3.846495900000000034e+01
-4.199709200000000209e+01 -4.186834100000000092e+01 -4.189500100000000060e+01
-4.185630400000000151e+01 -4.174257000000000062e+01 -4.174715499999999935e+01
-3.994413699999999778e+01 -3.983072299999999899e+01 -3.983541699999999963e+01
-4.098615999999999815e+01 -4.107639600000000257e+01 -4.109327900000000255e+01
-3.920854599999999834e+01 -3.920197999999999894e+01 -3.909618700000000047e+01
-3.644025400000000303e+01 -3.652396099999999990e+01 -3.656359900000000351e+01
-4.043068800000000351e+01 -4.054410699999999679e+01 -4.053850500000000068e+01
-3.833510600000000323e+01 -3.821821700000000277e+01 -3.822427100000000166e+01
-4.038995599999999797e+01 -4.027810900000000061e+01 -4.028228099999999756e+01
-4.197423500000000018e+01 -4.186177800000000104e+01 -4.187972299999999848e+01
-3.745400699999999716e+01 -3.733808400000000205e+01 -3.734201699999999846e+01
-3.757245699999999999e+01 -3.746523599999999732e+01 -3.745530200000000320e+01
-4.203821800000000053e+01 -4.202784799999999876e+01 -4.192132900000000006e+01
-3.942120200000000096e+01 -3.952885500000000008e+01 -3.941591999999999985e+01
-4.026357999999999748e+01 -4.038243599999999844e+01 -4.036655300000000324e+01
-4.019279199999999719e+01 -4.019818399999999770e+01 -4.030616700000000208e+01
-3.875578800000000257e+01 -3.865233500000000078e+01 -3.876434299999999666e+01
-4.079784099999999825e+01 -4.070689399999999836e+01 -4.067754200000000253e+01
-4.115775599999999912e+01 -4.105355999999999739e+01 -4.115998900000000305e+01
-3.978198799999999835e+01 -3.979742099999999994e+01 -3.968340599999999796e+01
-4.136681300000000050e+01 -4.125823199999999957e+01 -4.136642700000000161e+01
-4.154408600000000007e+01 -4.162878500000000059e+01 -4.166661400000000270e+01
-3.957620299999999958e+01 -3.957480499999999779e+01 -3.968556900000000098e+01
-3.718955199999999905e+01 -3.726101200000000091e+01 -3.731298699999999968e+01
-4.085820300000000316e+01 -4.073610399999999743e+01 -4.082746800000000320e+01
-4.032261700000000104e+01 -4.036146999999999707e+01 -4.022964100000000087e+01
-3.751283899999999960e+01 -3.759717299999999796e+01 -3.763579000000000008e+01
-3.802357800000000054e+01 -3.813749700000000331e+01 -3.813243400000000349e+01
-3.951418799999999720e+01 -3.940088500000000238e+01 -3.940563699999999869e+01
-3.635540499999999753e+01 -3.622770299999999821e+01 -3.629683500000000151e+01
-4.112390200000000107e+01 -4.106195000000000306e+01 -4.117283400000000171e+01
-3.874654699999999963e+01 -3.888078600000000051e+01 -3.877730600000000294e+01
-4.112943500000000085e+01 -4.108566799999999830e+01 -4.121414899999999903e+01
-4.001562299999999794e+01 -4.002061199999999985e+01 -4.012922300000000320e+01
-4.083913900000000297e+01 -4.094951499999999811e+01 -4.082939499999999811e+01
-4.004846299999999815e+01 -3.993956800000000129e+01 -4.005296299999999832e+01
-3.890567699999999718e+01 -3.894811299999999932e+01 -3.882810200000000123e+01
-4.122625200000000234e+01 -4.111615499999999912e+01 -4.111932699999999841e+01
-4.047441899999999748e+01 -4.045975299999999919e+01 -4.057987599999999873e+01
-4.003752200000000272e+01 -4.004521100000000189e+01 -4.015773999999999688e+01
-4.012158600000000064e+01 -4.002523399999999754e+01 -4.014578099999999949e+01
-4.027107800000000282e+01 -4.016185899999999975e+01 -4.027452399999999955e+01
-3.998369300000000237e+01 -3.994304600000000249e+01 -4.006862100000000027e+01
-3.633868600000000271e+01 -3.632789300000000310e+01 -3.644024199999999780e+01
-4.042508200000000329e+01 -4.031726499999999902e+01 -4.043068800000000351e+01
-4.193805499999999853e+01 -4.190708300000000008e+01 -4.181670499999999890e+01
-4.019818399999999770e+01 -4.020376199999999756e+01 -4.031159300000000201e+01
-3.882740199999999930e+01 -3.891279300000000063e+01 -3.895194599999999951e+01
-3.879807399999999973e+01 -3.880280499999999932e+01 -3.891325499999999948e+01
-4.162980699999999956e+01 -4.171692500000000337e+01 -4.159032499999999999e+01
-3.689003600000000205e+01 -3.700088499999999669e+01 -3.688190500000000327e+01
-3.851932099999999792e+01 -3.863412600000000197e+01 -3.862624799999999681e+01
-3.817987099999999856e+01 -3.807885100000000023e+01 -3.818123899999999793e+01
-4.095575999999999794e+01 -4.085987099999999828e+01 -4.083081399999999661e+01
-3.954933499999999924e+01 -3.944072700000000253e+01 -3.955911400000000100e+01
-3.991372799999999899e+01 -3.991063299999999714e+01 -3.980279300000000120e+01
-3.931428799999999768e+01 -3.942120200000000096e+01 -3.930854300000000023e+01
-3.958268799999999743e+01 -3.947482699999999767e+01 -3.958735500000000229e+01
-4.080011199999999860e+01 -4.069058700000000073e+01 -4.080220899999999773e+01
-3.913581899999999791e+01 -3.902711500000000200e+01 -3.902629199999999798e+01
-4.019308900000000051e+01 -4.032261700000000104e+01 -4.022964100000000087e+01
-4.163262999999999892e+01 -4.151609299999999791e+01 -4.163445899999999966e+01
-4.046255599999999930e+01 -4.037350299999999947e+01 -4.033173899999999890e+01
-4.124958300000000122e+01 -4.136450399999999661e+01 -4.136338599999999843e+01
-4.163647499999999724e+01 -4.151559900000000169e+01 -4.151633700000000005e+01
-3.673291400000000095e+01 -3.685743200000000286e+01 -3.677452399999999955e+01
-3.770146600000000348e+01 -3.781191100000000205e+01 -3.780736699999999928e+01
-4.147675999999999874e+01 -4.136681300000000050e+01 -4.147854499999999689e+01
-3.733332399999999751e+01 -3.733808400000000205e+01 -3.744924000000000319e+01
-4.135939499999999924e+01 -4.147167699999999968e+01 -4.146604399999999657e+01
-3.839398899999999770e+01 -3.829509399999999886e+01 -3.827293000000000234e+01
-3.687797199999999975e+01 -3.699128199999999822e+01 -3.687762500000000188e+01
-3.681823500000000138e+01 -3.690090699999999657e+01 -3.694729600000000147e+01
-3.911445200000000000e+01 -3.899032100000000156e+01 -3.907718100000000305e+01
-4.059625799999999884e+01 -4.069995800000000230e+01 -4.070996999999999844e+01
-3.632293500000000108e+01 -3.621161299999999983e+01 -3.632683999999999713e+01
-4.017863700000000193e+01 -4.028677400000000119e+01 -4.017422200000000032e+01
-4.032267399999999924e+01 -4.028031399999999707e+01 -4.040406099999999867e+01
-3.927860799999999841e+01 -3.917018099999999947e+01 -3.928311599999999970e+01
-4.163060399999999817e+01 -4.152222199999999930e+01 -4.163262999999999892e+01
-4.113667000000000229e+01 -4.124958300000000122e+01 -4.113463899999999995e+01
-4.118777000000000044e+01 -4.121940099999999774e+01 -4.109979799999999983e+01
-4.137025400000000275e+01 -4.148113899999999887e+01 -4.147208799999999940e+01
-3.680617699999999815e+01 -3.680620900000000262e+01 -3.670775199999999927e+01
-3.644025400000000303e+01 -3.639446000000000225e+01 -3.652396099999999990e+01
-3.928768399999999872e+01 -3.917909000000000219e+01 -3.929232400000000069e+01
-3.984343899999999650e+01 -3.992732099999999917e+01 -3.995190699999999850e+01
-3.917458599999999791e+01 -3.906165099999999768e+01 -3.906595800000000196e+01
-4.187688899999999848e+01 -4.175846399999999647e+01 -4.177727900000000005e+01
-3.910669000000000040e+01 -3.900370199999999699e+01 -3.911903300000000172e+01
-3.871460100000000182e+01 -3.860279100000000341e+01 -3.860717900000000213e+01
-3.814240900000000067e+01 -3.803362099999999657e+01 -3.814747700000000208e+01
-4.009606399999999837e+01 -4.009027700000000038e+01 -3.998252399999999795e+01
-4.200000000000000000e+01 -4.187688899999999848e+01 -4.189634800000000325e+01
-4.049576400000000120e+01 -4.052328099999999722e+01 -4.040559700000000021e+01
-4.116686099999999726e+01 -4.119766200000000111e+01 -4.107923100000000005e+01
-4.129239700000000113e+01 -4.128014199999999789e+01 -4.117827299999999724e+01
-4.111314000000000135e+01 -4.100353299999999734e+01 -4.111615499999999912e+01
-4.015773999999999688e+01 -4.026357999999999748e+01 -4.027789800000000042e+01
-3.989999999999999858e+01 -3.979216199999999759e+01 -3.990423700000000196e+01
-4.023763799999999691e+01 -4.014578099999999949e+01 -4.027789800000000042e+01
-3.667696999999999719e+01 -3.666071199999999664e+01 -3.655187500000000256e+01
-4.080718499999999693e+01 -4.080426099999999678e+01 -4.069324699999999950e+01
-3.952885500000000008e+01 -3.963684700000000305e+01 -3.952384500000000145e+01
-3.954933499999999924e+01 -3.943244700000000336e+01 -3.944072700000000253e+01
-3.731298699999999968e+01 -3.739041799999999682e+01 -3.743539799999999929e+01
-3.620696999999999832e+01 -3.610000000000000142e+01 -3.621161299999999983e+01
-4.043755399999999867e+01 -4.033309500000000014e+01 -4.032760700000000043e+01
-4.058432100000000275e+01 -4.047361599999999981e+01 -4.047762000000000171e+01
-3.916022399999999948e+01 -3.924718599999999924e+01 -3.927940799999999655e+01
-3.872238000000000113e+01 -3.871874199999999888e+01 -3.861127299999999707e+01
-3.838275099999999895e+01 -3.837840400000000329e+01 -3.827044599999999974e+01
-3.884402999999999651e+01 -3.884876200000000068e+01 -3.895729399999999742e+01
-4.019663599999999803e+01 -4.028031399999999707e+01 -4.032267399999999924e+01
-3.977109500000000253e+01 -3.985746100000000069e+01 -3.989567900000000122e+01
-3.785489900000000318e+01 -3.793974000000000046e+01 -3.797958799999999968e+01
-3.839271600000000007e+01 -3.828599299999999772e+01 -3.839701600000000070e+01
-4.070506199999999808e+01 -4.082270900000000324e+01 -4.080567099999999670e+01
-3.735451499999999925e+01 -3.743539799999999929e+01 -3.747553700000000276e+01
-4.072285399999999811e+01 -4.070650799999999947e+01 -4.058879000000000303e+01
-3.892541200000000146e+01 -3.903673400000000271e+01 -3.903275899999999865e+01
-4.022627200000000158e+01 -4.022104399999999913e+01 -4.011391799999999819e+01
-4.130644800000000316e+01 -4.119652599999999865e+01 -4.120557000000000158e+01
-3.926098100000000102e+01 -3.922304199999999952e+01 -3.934635399999999805e+01
-3.929953700000000083e+01 -3.942680299999999960e+01 -3.934063199999999938e+01
-3.649248500000000206e+01 -3.656359900000000351e+01 -3.660833600000000132e+01
-4.074099400000000060e+01 -4.070177999999999940e+01 -4.082720799999999883e+01
-3.735421600000000097e+01 -3.724237999999999715e+01 -3.724020600000000059e+01
-3.971762700000000024e+01 -3.982667000000000002e+01 -3.978198799999999835e+01
-3.845126700000000142e+01 -3.833810199999999924e+01 -3.835547400000000096e+01
-3.966044500000000284e+01 -3.965344400000000036e+01 -3.954627599999999887e+01
-4.199961499999999859e+01 -4.210000000000000142e+01 -4.198866499999999746e+01
-4.068088999999999800e+01 -4.057186200000000298e+01 -4.068458499999999844e+01
-3.947482699999999767e+01 -3.947040299999999746e+01 -3.936265099999999961e+01
-3.981370400000000132e+01 -3.970021400000000256e+01 -3.970600100000000054e+01
-3.664785700000000190e+01 -3.652420099999999792e+01 -3.654411400000000043e+01
-3.767893200000000320e+01 -3.771331599999999895e+01 -3.759717299999999796e+01
-4.166661400000000270e+01 -4.162878500000000059e+01 -4.174319299999999799e+01
-4.138231799999999794e+01 -4.131506699999999910e+01 -4.127376999999999896e+01
-3.963210999999999729e+01 -3.962743300000000346e+01 -3.951895100000000127e+01
-3.861846899999999749e+01 -3.874277899999999875e+01 -3.865894399999999820e+01
-4.138764499999999913e+01 -4.127649000000000257e+01 -4.128942200000000184e+01
-3.873111800000000216e+01 -3.865195299999999889e+01 -3.875578800000000257e+01
-4.052229299999999768e+01 -4.063552099999999712e+01 -4.063050499999999943e+01
-3.643936399999999765e+01 -3.652420500000000203e+01 -3.656574499999999972e+01
-3.681425699999999779e+01 -3.674425699999999750e+01 -3.668242899999999906e+01
-3.941591999999999985e+01 -3.952885500000000008e+01 -3.952384500000000145e+01
-4.058595700000000051e+01 -4.049576400000000120e+01 -4.046255599999999930e+01
-4.094850300000000232e+01 -4.085820300000000316e+01 -4.082746800000000320e+01
-4.124592700000000178e+01 -4.136338599999999843e+01 -4.135513300000000214e+01
-4.138308700000000329e+01 -4.125159500000000179e+01 -4.131049800000000261e+01
-4.002061199999999985e+01 -4.013302999999999798e+01 -4.012922300000000320e+01
-4.096949800000000153e+01 -4.107641999999999882e+01 -4.096449400000000196e+01
-3.718686399999999992e+01 -3.727090700000000112e+01 -3.730825600000000009e+01
-3.990423700000000196e+01 -3.979216199999999759e+01 -3.979591899999999782e+01
-3.767893200000000320e+01 -3.780478200000000299e+01 -3.771331599999999895e+01
-3.913498899999999736e+01 -3.901596099999999723e+01 -3.902432000000000301e+01
-3.812113800000000197e+01 -3.800618800000000164e+01 -3.802118800000000221e+01
-3.770354499999999831e+01 -3.781513000000000346e+01 -3.781191100000000205e+01
-3.861673499999999848e+01 -3.870159600000000211e+01 -3.874654699999999963e+01
-3.632683999999999713e+01 -3.631639700000000204e+01 -3.643907099999999843e+01
-3.630641800000000075e+01 -3.639446000000000225e+01 -3.644025400000000303e+01
-3.982591200000000242e+01 -3.983072299999999899e+01 -3.993956800000000129e+01
-4.099884200000000334e+01 -4.095602399999999932e+01 -4.107923100000000005e+01
-4.052229299999999768e+01 -4.041419400000000195e+01 -4.052749099999999771e+01
-3.641630099999999715e+01 -3.629683500000000151e+01 -3.633868600000000271e+01
-3.944072700000000253e+01 -3.943244700000000336e+01 -3.932430099999999840e+01
-3.690947800000000001e+01 -3.691320199999999829e+01 -3.702093899999999849e+01
-3.723428799999999939e+01 -3.734828499999999707e+01 -3.734538700000000233e+01
-4.222512700000000052e+01 -4.210458200000000062e+01 -4.211820500000000322e+01
-4.158216000000000179e+01 -4.166700099999999907e+01 -4.172877100000000183e+01
-3.713170600000000121e+01 -3.702273399999999981e+01 -3.713268800000000169e+01
-4.186227699999999885e+01 -4.197265600000000063e+01 -4.185630400000000151e+01
-4.013629199999999742e+01 -4.024951200000000284e+01 -4.024501399999999762e+01
-3.911903300000000172e+01 -3.900370199999999699e+01 -3.901596099999999723e+01
-3.941066200000000208e+01 -3.952384500000000145e+01 -3.951895100000000127e+01
-4.201871700000000232e+01 -4.190644900000000206e+01 -4.191437899999999672e+01
-3.732557200000000108e+01 -3.733332399999999751e+01 -3.744156100000000009e+01
-4.210458200000000062e+01 -4.198120300000000071e+01 -4.199709200000000209e+01
-4.057211399999999912e+01 -4.069655099999999948e+01 -4.061097500000000338e+01
-4.102846999999999866e+01 -4.091664999999999708e+01 -4.091951600000000155e+01
-3.842752800000000235e+01 -3.841538599999999803e+01 -3.833335499999999740e+01
-3.643907099999999843e+01 -3.640027500000000060e+01 -3.650101200000000290e+01
-4.089180100000000095e+01 -4.092560100000000034e+01 -4.080466899999999697e+01
-4.004521100000000189e+01 -4.004846299999999815e+01 -4.015698400000000134e+01
-3.955911400000000100e+01 -3.944072700000000253e+01 -3.945300499999999744e+01
-4.002162400000000275e+01 -4.012453599999999909e+01 -4.014309899999999942e+01
-3.745899000000000001e+01 -3.745700500000000233e+01 -3.734538700000000233e+01
-3.939623199999999770e+01 -3.928768399999999872e+01 -3.940088500000000238e+01
-3.986879499999999865e+01 -3.997670099999999849e+01 -3.986322499999999991e+01
-3.956240600000000285e+01 -3.964724700000000013e+01 -3.968505100000000141e+01
-4.031726499999999902e+01 -4.020953200000000294e+01 -4.032289300000000054e+01
-4.057186200000000298e+01 -4.045919800000000066e+01 -4.046286700000000280e+01
-4.181670499999999890e+01 -4.178477199999999669e+01 -4.169267399999999668e+01
-3.985814599999999785e+01 -3.974515499999999690e+01 -3.974992799999999704e+01
-3.652396099999999990e+01 -3.661014500000000282e+01 -3.665782500000000255e+01
-3.968759000000000015e+01 -3.979672599999999960e+01 -3.968570299999999662e+01
-4.028677400000000119e+01 -4.028228099999999756e+01 -4.017422200000000032e+01
-4.115998900000000305e+01 -4.105355999999999739e+01 -4.104552199999999829e+01
-3.910316699999999912e+01 -3.909618700000000047e+01 -3.899097600000000341e+01
-3.892184400000000011e+01 -3.902937099999999759e+01 -3.891900299999999646e+01
-3.782098799999999983e+01 -3.781513000000000346e+01 -3.770156999999999670e+01
-3.848508199999999846e+01 -3.856743600000000072e+01 -3.861830599999999691e+01
-4.002304199999999668e+01 -4.010896699999999981e+01 -4.014982299999999782e+01
-4.036175200000000274e+01 -4.047361599999999981e+01 -4.047011400000000236e+01
-3.838275099999999895e+01 -3.827458500000000186e+01 -3.838766600000000295e+01
-3.990421299999999860e+01 -3.990423700000000196e+01 -3.979591899999999782e+01
-3.632789300000000310e+01 -3.621352399999999960e+01 -3.632509799999999700e+01
-3.742814400000000319e+01 -3.751283899999999960e+01 -3.753535300000000063e+01
-4.098293900000000178e+01 -4.088922000000000168e+01 -4.085987099999999828e+01
-3.947374400000000350e+01 -3.942680299999999960e+01 -3.955007799999999918e+01
-3.994304600000000249e+01 -3.990176999999999907e+01 -4.002723499999999746e+01
-3.731954100000000096e+01 -3.746278000000000219e+01 -3.736832299999999663e+01
-3.666071199999999664e+01 -3.664785700000000190e+01 -3.654411400000000043e+01
-4.032597599999999716e+01 -4.044864400000000160e+01 -4.036418599999999657e+01
-4.214726699999999937e+01 -4.203641100000000108e+01 -4.204857799999999912e+01
-3.943136700000000161e+01 -3.951687600000000344e+01 -3.955584900000000204e+01
-4.150206399999999718e+01 -4.158481700000000103e+01 -4.162637000000000143e+01
-3.630013000000000289e+01 -3.636313700000000182e+01 -3.640027500000000060e+01
-4.057186200000000298e+01 -4.046286700000000280e+01 -4.057544699999999693e+01
-3.763377599999999745e+01 -3.753141500000000264e+01 -3.764532200000000017e+01
-3.630641800000000075e+01 -3.644025400000000303e+01 -3.636313700000000182e+01
-4.085987099999999828e+01 -4.073601299999999981e+01 -4.083081399999999661e+01
-3.815824200000000133e+01 -3.827044599999999974e+01 -3.826590300000000155e+01
-4.026357999999999748e+01 -4.036655300000000324e+01 -4.027789800000000042e+01
-3.869626099999999980e+01 -3.869937699999999836e+01 -3.880814600000000070e+01
-4.169267399999999668e+01 -4.178477199999999669e+01 -4.166023299999999807e+01
-3.715385200000000054e+01 -3.707725500000000096e+01 -3.702818899999999758e+01
-3.980541800000000308e+01 -3.977068299999999823e+01 -3.990873899999999708e+01
-3.848227599999999882e+01 -3.847819299999999743e+01 -3.836948399999999992e+01
-4.158499900000000338e+01 -4.159058699999999931e+01 -4.169776800000000350e+01
-3.887299200000000354e+01 -3.895783300000000082e+01 -3.899879500000000121e+01
-4.126712899999999706e+01 -4.115775599999999912e+01 -4.115998900000000305e+01
-3.676888799999999691e+01 -3.687959800000000143e+01 -3.676113300000000095e+01
-3.980702500000000299e+01 -3.992732099999999917e+01 -3.984343899999999650e+01
-3.968556900000000098e+01 -3.979492400000000174e+01 -3.979460499999999712e+01
-4.028228099999999756e+01 -4.016993399999999781e+01 -4.017422200000000032e+01
-4.020376199999999756e+01 -4.031726499999999902e+01 -4.031159300000000201e+01
-3.834521800000000269e+01 -3.823134499999999747e+01 -3.823648599999999931e+01
-4.159058699999999931e+01 -4.147854499999999689e+01 -4.159106700000000245e+01
-4.149983999999999895e+01 -4.145627799999999752e+01 -4.139488099999999804e+01
-3.822427100000000166e+01 -3.810991200000000134e+01 -3.812113800000000197e+01
-4.133784500000000151e+01 -4.133905699999999683e+01 -4.146357299999999668e+01
-3.751545500000000288e+01 -3.763813499999999834e+01 -3.755774300000000210e+01
-4.195424899999999724e+01 -4.194378400000000084e+01 -4.183839700000000050e+01
-3.836055100000000095e+01 -3.835584000000000060e+01 -3.824660300000000035e+01
-3.868258600000000058e+01 -3.857391100000000250e+01 -3.868852900000000261e+01
-3.895729399999999742e+01 -3.907045200000000307e+01 -3.906595800000000196e+01
-3.817987099999999856e+01 -3.806932700000000125e+01 -3.807885100000000023e+01
-3.967714399999999841e+01 -3.966622399999999971e+01 -3.955911400000000100e+01
-4.162212900000000104e+01 -4.173580400000000168e+01 -4.172213299999999947e+01
-3.990176999999999907e+01 -3.998661100000000346e+01 -4.002723499999999746e+01
-3.904094200000000114e+01 -3.893365399999999710e+01 -3.904524399999999673e+01
-3.968990000000000151e+01 -3.957867300000000199e+01 -3.958273499999999956e+01
-3.724103900000000067e+01 -3.723819100000000049e+01 -3.712900100000000236e+01
-4.107206599999999952e+01 -4.117855200000000337e+01 -4.118328799999999745e+01
-4.044864400000000160e+01 -4.053247300000000308e+01 -4.057211399999999912e+01
-3.748228499999999741e+01 -3.746278000000000219e+01 -3.737765900000000130e+01
-3.811264400000000308e+01 -3.811722699999999975e+01 -3.822596000000000060e+01
-3.680620900000000262e+01 -3.679516799999999677e+01 -3.669308399999999892e+01
-3.694237100000000140e+01 -3.681667499999999649e+01 -3.687959800000000143e+01
-4.001782299999999992e+01 -4.002523399999999754e+01 -4.012158600000000064e+01
-3.958735500000000229e+01 -3.959258299999999764e+01 -3.970021400000000256e+01
-3.870270699999999664e+01 -3.870636799999999766e+01 -3.881416999999999717e+01
-4.129722699999999946e+01 -4.119052700000000300e+01 -4.118314699999999817e+01
-3.958146700000000351e+01 -3.947326400000000035e+01 -3.947795599999999894e+01
-3.858338899999999683e+01 -3.857909999999999684e+01 -3.846976999999999691e+01
-3.778921199999999914e+01 -3.789794499999999999e+01 -3.779422399999999982e+01
-4.068088999999999800e+01 -4.056804400000000044e+01 -4.057186200000000298e+01
-4.151559900000000169e+01 -4.138675099999999674e+01 -4.141132000000000346e+01
-4.032267399999999924e+01 -4.040406099999999867e+01 -4.045149399999999673e+01
-4.139817800000000148e+01 -4.129239700000000113e+01 -4.140777599999999836e+01
-3.713268800000000169e+01 -3.702543899999999866e+01 -3.712699500000000086e+01
-4.136379500000000320e+01 -4.147675999999999874e+01 -4.147167699999999968e+01
-3.915711699999999951e+01 -3.904524399999999673e+01 -3.904942799999999892e+01
-4.029129300000000313e+01 -4.039942299999999875e+01 -4.028677400000000119e+01
-4.085987099999999828e+01 -4.088922000000000168e+01 -4.076747999999999905e+01
-3.698273600000000272e+01 -3.710853800000000291e+01 -3.702818899999999758e+01
-3.850837400000000343e+01 -3.862624799999999681e+01 -3.862004600000000210e+01
-4.137025400000000275e+01 -4.147208799999999940e+01 -4.136642700000000161e+01
-3.908779599999999732e+01 -3.919503900000000129e+01 -3.908017799999999653e+01
-4.179455099999999845e+01 -4.174319299999999799e+01 -4.186592100000000016e+01
-3.849067500000000308e+01 -3.848643400000000270e+01 -3.837840400000000329e+01
-4.163647499999999724e+01 -4.151633700000000005e+01 -4.163108199999999925e+01
-4.156968899999999678e+01 -4.160719600000000185e+01 -4.169340499999999849e+01
-3.887812600000000174e+01 -3.877212699999999757e+01 -3.888815400000000011e+01
-4.172631400000000212e+01 -4.181416500000000269e+01 -4.169558599999999871e+01
-3.827581899999999848e+01 -3.814159300000000030e+01 -3.818276699999999835e+01
-3.793041300000000149e+01 -3.803897099999999654e+01 -3.792476800000000026e+01
-3.790943999999999647e+01 -3.791508799999999724e+01 -3.802357800000000054e+01
-4.217491499999999860e+01 -4.228412699999999802e+01 -4.216864600000000252e+01
-3.853579700000000230e+01 -3.841250200000000348e+01 -3.842992000000000274e+01
-3.812720900000000057e+01 -3.801820500000000180e+01 -3.813243400000000349e+01
-4.222512700000000052e+01 -4.221406499999999795e+01 -4.210458200000000062e+01
-3.957620299999999958e+01 -3.968765400000000199e+01 -3.958130700000000246e+01
-3.998856299999999919e+01 -3.988131099999999662e+01 -3.999487799999999993e+01
-4.122422499999999701e+01 -4.122580800000000067e+01 -4.133905699999999683e+01
-4.058595700000000051e+01 -4.055873799999999818e+01 -4.067754200000000253e+01
-3.981370400000000132e+01 -3.980746100000000354e+01 -3.970021400000000256e+01
-3.968094200000000171e+01 -3.971762700000000024e+01 -3.959512999999999749e+01
-3.746523599999999732e+01 -3.735421600000000097e+01 -3.735705500000000256e+01
-3.797958799999999968e+01 -3.806547700000000134e+01 -3.810353099999999671e+01
-4.137773700000000332e+01 -4.146206200000000308e+01 -4.150206399999999718e+01
-4.133700100000000077e+01 -4.122625200000000234e+01 -4.123161999999999949e+01
-4.016993399999999781e+01 -4.016591100000000125e+01 -4.005724899999999877e+01
-4.124958300000000122e+01 -4.124592700000000178e+01 -4.113463899999999995e+01
-3.984452699999999936e+01 -3.973136900000000082e+01 -3.973596899999999721e+01
-3.838766600000000295e+01 -3.827458500000000186e+01 -3.828025900000000092e+01
-4.100149100000000146e+01 -4.112568000000000268e+01 -4.105003800000000069e+01
-3.849067500000000308e+01 -3.837840400000000329e+01 -3.838275099999999895e+01
-3.815824200000000133e+01 -3.826590300000000155e+01 -3.815284100000000223e+01
-3.865233500000000078e+01 -3.854496100000000069e+01 -3.853579700000000230e+01
-4.099328200000000066e+01 -4.110093299999999772e+01 -4.098684599999999989e+01
-3.946672099999999972e+01 -3.957593700000000325e+01 -3.946422100000000199e+01
-3.745530200000000320e+01 -3.746523599999999732e+01 -3.735705500000000256e+01
-4.122580800000000067e+01 -4.122625200000000234e+01 -4.133193500000000142e+01
-3.845126700000000142e+01 -3.835547400000000096e+01 -3.846291099999999830e+01
-4.115356700000000245e+01 -4.114823100000000267e+01 -4.104305000000000092e+01
-4.186227699999999885e+01 -4.185630400000000151e+01 -4.174715499999999935e+01
-4.082270900000000324e+01 -4.093183599999999700e+01 -4.080567099999999670e+01
-4.038995599999999797e+01 -4.038589000000000340e+01 -4.027810900000000061e+01
-4.164436899999999753e+01 -4.172801700000000125e+01 -4.160379400000000061e+01
-4.117084400000000244e+01 -4.106264900000000040e+01 -4.118174100000000237e+01
-4.009027700000000038e+01 -4.008470899999999659e+01 -3.997670099999999849e+01
-3.748228499999999741e+01 -3.742814400000000319e+01 -3.753535300000000063e+01
-3.960856100000000168e+01 -3.950007999999999697e+01 -3.961338299999999890e+01
-3.988131099999999662e+01 -3.977433400000000319e+01 -3.988808099999999968e+01
-3.763377599999999745e+01 -3.751688800000000157e+01 -3.753141500000000264e+01
-3.887812600000000174e+01 -3.886694899999999819e+01 -3.876434299999999666e+01
-4.121749100000000254e+01 -4.133784500000000151e+01 -4.132167199999999951e+01
-4.047441899999999748e+01 -4.036146999999999707e+01 -4.045975299999999919e+01
-4.119652599999999865e+01 -4.109286800000000284e+01 -4.120557000000000158e+01
-3.960073200000000071e+01 -3.968505100000000141e+01 -3.972335100000000097e+01
-3.852834699999999657e+01 -3.861673499999999848e+01 -3.865393999999999863e+01
-4.069274699999999712e+01 -4.058432100000000275e+01 -4.069348899999999958e+01
-3.916150100000000123e+01 -3.904942799999999892e+01 -3.905348699999999695e+01
-3.850837400000000343e+01 -3.850620800000000088e+01 -3.839301700000000039e+01
-4.129377000000000209e+01 -4.141132000000000346e+01 -4.131108499999999850e+01
-3.935669800000000151e+01 -3.946645800000000293e+01 -3.947795599999999894e+01
-3.791575699999999927e+01 -3.790286900000000259e+01 -3.779494199999999893e+01
-4.074368100000000226e+01 -4.074866600000000005e+01 -4.085658500000000259e+01
-3.925097499999999684e+01 -3.925533599999999979e+01 -3.936265099999999961e+01
-3.978163599999999889e+01 -3.989482600000000190e+01 -3.988808099999999968e+01
-3.885952199999999834e+01 -3.885815900000000056e+01 -3.875157699999999750e+01
-3.828327600000000075e+01 -3.823715299999999928e+01 -3.836431999999999931e+01
-4.137773700000000332e+01 -4.134019099999999725e+01 -4.146206200000000308e+01
-3.648310800000000143e+01 -3.635540499999999753e+01 -3.641630099999999715e+01
-4.139817800000000148e+01 -4.151576000000000022e+01 -4.150343399999999860e+01
-3.987489300000000014e+01 -3.998252399999999795e+01 -3.986879499999999865e+01
-3.891708200000000062e+01 -3.880814600000000070e+01 -3.891900299999999646e+01
-4.140815800000000024e+01 -4.138764499999999913e+01 -4.128942200000000184e+01
-4.194139100000000298e+01 -4.192433100000000223e+01 -4.181863799999999998e+01
-3.984452699999999936e+01 -3.995752000000000237e+01 -3.995307499999999834e+01
-4.103169400000000167e+01 -4.091951600000000155e+01 -4.092340300000000042e+01
-4.126158900000000074e+01 -4.115775599999999912e+01 -4.126712899999999706e+01
-3.947326400000000035e+01 -3.938423199999999724e+01 -3.947795599999999894e+01
-4.171179599999999965e+01 -4.175375999999999976e+01 -4.163108199999999925e+01
-4.125159500000000179e+01 -4.112568000000000268e+01 -4.118643000000000143e+01
-3.805528499999999781e+01 -3.794698999999999955e+01 -3.794912999999999670e+01
-3.620979299999999768e+01 -3.631639700000000204e+01 -3.632683999999999713e+01
-3.918375199999999836e+01 -3.917909000000000219e+01 -3.907045200000000307e+01
-4.100910999999999973e+01 -4.091809200000000146e+01 -4.088922000000000168e+01
-3.875157699999999750e+01 -3.864057799999999787e+01 -3.864572600000000335e+01
-4.143193999999999733e+01 -4.151013199999999870e+01 -4.138308700000000329e+01
-4.149731899999999740e+01 -4.158216000000000179e+01 -4.162878500000000059e+01
-3.814240900000000067e+01 -3.814747700000000208e+01 -3.825614600000000110e+01
-3.768111900000000247e+01 -3.779191699999999798e+01 -3.778947200000000350e+01
-3.853175399999999939e+01 -3.841887200000000036e+01 -3.853754500000000149e+01
-4.027129099999999795e+01 -4.037296899999999766e+01 -4.025508599999999859e+01
-4.167709299999999928e+01 -4.154700499999999863e+01 -4.162637000000000143e+01
-3.772799299999999789e+01 -3.763579000000000008e+01 -3.775039900000000159e+01
-3.866500700000000279e+01 -3.855865000000000009e+01 -3.867472699999999719e+01
-3.980702500000000299e+01 -3.977109500000000253e+01 -3.989567900000000122e+01
-3.989999999999999858e+01 -3.978311200000000269e+01 -3.979216199999999759e+01
-3.802357800000000054e+01 -3.802866399999999913e+01 -3.813749700000000331e+01
-4.117050900000000269e+01 -4.125534999999999997e+01 -4.129605200000000309e+01
-3.873048399999999702e+01 -3.861765599999999665e+01 -3.862004600000000210e+01
-4.073443499999999773e+01 -4.062569200000000080e+01 -4.073899300000000068e+01
-4.058173500000000189e+01 -4.069058700000000073e+01 -4.057871899999999954e+01
-3.899097600000000341e+01 -3.909618700000000047e+01 -3.898118900000000053e+01
-3.996199399999999713e+01 -3.984905400000000242e+01 -3.985356800000000277e+01
-3.904094200000000114e+01 -3.904524399999999673e+01 -3.915260700000000327e+01
-3.997134400000000198e+01 -3.985814599999999785e+01 -3.986322499999999991e+01
-3.656359900000000351e+01 -3.652396099999999990e+01 -3.665782500000000255e+01
-4.025332999999999828e+01 -4.014783400000000313e+01 -4.025508599999999859e+01
-3.719820399999999694e+01 -3.733032200000000245e+01 -3.724824600000000174e+01
-4.000126999999999811e+01 -4.000716899999999754e+01 -4.011391799999999819e+01
-3.962743300000000346e+01 -3.962273400000000123e+01 -3.951418799999999720e+01
-3.934864400000000018e+01 -3.925847699999999918e+01 -3.938423199999999724e+01
-4.052229299999999768e+01 -4.052749099999999771e+01 -4.063552099999999712e+01
-3.836503400000000141e+01 -3.836055100000000095e+01 -3.825138799999999861e+01
-3.938573499999999683e+01 -3.936837799999999987e+01 -3.948007100000000236e+01
-4.110093299999999772e+01 -4.110829199999999872e+01 -4.121749100000000254e+01
-3.763579000000000008e+01 -3.771331599999999895e+01 -3.775039900000000159e+01
-3.901596099999999723e+01 -3.890757800000000088e+01 -3.902432000000000301e+01
-4.070414600000000149e+01 -4.059311199999999786e+01 -4.060229499999999803e+01
-4.090281900000000093e+01 -4.090681599999999918e+01 -4.101612099999999828e+01
-4.163445899999999966e+01 -4.151609299999999791e+01 -4.151559900000000169e+01
-3.710355200000000053e+01 -3.708438799999999702e+01 -3.699819300000000055e+01
-4.129605200000000309e+01 -4.137773700000000332e+01 -4.141964099999999860e+01
-3.883670000000000044e+01 -3.883996299999999735e+01 -3.894893199999999922e+01
-4.036175999999999675e+01 -4.045149399999999673e+01 -4.048587299999999800e+01
-3.782098799999999983e+01 -3.793041300000000149e+01 -3.781513000000000346e+01
-3.735288700000000262e+01 -3.724103900000000067e+01 -3.724237999999999715e+01
-4.045975299999999919e+01 -4.039810200000000151e+01 -4.050681800000000266e+01
-4.023796300000000059e+01 -4.012550600000000145e+01 -4.012922300000000320e+01
-4.036418599999999657e+01 -4.044864400000000160e+01 -4.048776999999999759e+01
-4.074630299999999750e+01 -4.087249200000000116e+01 -4.078773499999999785e+01
-4.147665200000000141e+01 -4.156810699999999770e+01 -4.160578100000000035e+01
-4.100910999999999973e+01 -4.088922000000000168e+01 -4.098293900000000178e+01
-4.054410699999999679e+01 -4.054954299999999989e+01 -4.065757899999999836e+01
-3.944072700000000253e+01 -3.932430099999999840e+01 -3.933445600000000297e+01
-3.950948799999999750e+01 -3.940088500000000238e+01 -3.951418799999999720e+01
-3.958146700000000351e+01 -3.947795599999999894e+01 -3.958130700000000246e+01
-4.041567299999999818e+01 -4.044394299999999731e+01 -4.034214699999999709e+01
-3.810991200000000134e+01 -3.799500199999999950e+01 -3.800618800000000164e+01
-4.094951499999999811e+01 -4.106264900000000040e+01 -4.106195000000000306e+01
-3.780478200000000299e+01 -3.776005700000000331e+01 -3.787889499999999998e+01
-3.739248500000000064e+01 -3.747553700000000276e+01 -3.751283899999999960e+01
-4.192433100000000223e+01 -4.191011499999999756e+01 -4.180467800000000267e+01
-4.142198499999999939e+01 -4.140578399999999704e+01 -4.130644800000000316e+01
-3.951687600000000344e+01 -3.964224300000000056e+01 -3.955584900000000204e+01
-3.992886699999999678e+01 -3.992062399999999656e+01 -3.981370400000000132e+01
-3.841538599999999803e+01 -3.851932099999999792e+01 -3.839876799999999690e+01
-4.015698400000000134e+01 -4.016185899999999975e+01 -4.027107800000000282e+01
-3.990521300000000338e+01 -4.001894699999999716e+01 -4.000745500000000021e+01
-3.881416999999999717e+01 -3.892541200000000146e+01 -3.892184400000000011e+01
-3.622190799999999911e+01 -3.630641800000000075e+01 -3.636313700000000182e+01
-3.838766600000000295e+01 -3.828025900000000092e+01 -3.839271600000000007e+01
-4.126158900000000074e+01 -4.137025400000000275e+01 -4.136642700000000161e+01
-4.143552199999999885e+01 -4.154466299999999990e+01 -4.153649399999999758e+01
-4.073601299999999981e+01 -4.076747999999999905e+01 -4.064647300000000030e+01
-3.968765400000000199e+01 -3.968882599999999883e+01 -3.958130700000000246e+01
-3.735705500000000256e+01 -3.724020600000000059e+01 -3.724824600000000174e+01
-4.187688899999999848e+01 -4.184835400000000050e+01 -4.175846399999999647e+01
-4.200927899999999937e+01 -4.199961499999999859e+01 -4.189801500000000090e+01
-4.142198499999999939e+01 -4.130644800000000316e+01 -4.132167199999999951e+01
-4.166018400000000099e+01 -4.164436899999999753e+01 -4.154466299999999990e+01
-3.966044500000000284e+01 -3.976751200000000352e+01 -3.965344400000000036e+01
-4.078131400000000184e+01 -4.089004299999999859e+01 -4.077643199999999979e+01
-4.204262800000000055e+01 -4.202820499999999981e+01 -4.192433100000000223e+01
-3.858711300000000222e+01 -3.858338899999999683e+01 -3.847411999999999921e+01
-4.024956499999999693e+01 -4.012453599999999909e+01 -4.021585199999999816e+01
-4.181152699999999811e+01 -4.192132900000000006e+01 -4.180892899999999912e+01
-3.664583100000000115e+01 -3.676367799999999875e+01 -3.665449999999999875e+01
-4.109979799999999983e+01 -4.100910999999999973e+01 -4.098293900000000178e+01
-3.829018099999999691e+01 -3.817987099999999856e+01 -3.818123899999999793e+01
-4.013302999999999798e+01 -4.024154899999999913e+01 -4.012922300000000320e+01
-4.142198499999999939e+01 -4.132167199999999951e+01 -4.144094599999999673e+01
-3.897081299999999970e+01 -3.885815900000000056e+01 -3.885952199999999834e+01
-4.041419400000000195e+01 -4.030616700000000208e+01 -4.041951000000000249e+01
-4.147208799999999940e+01 -4.156968899999999678e+01 -4.159106700000000245e+01
-4.027129099999999795e+01 -4.014982299999999782e+01 -4.022964100000000087e+01
-3.833810199999999924e+01 -3.822427100000000166e+01 -3.823800700000000319e+01
-4.122580800000000067e+01 -4.111615499999999912e+01 -4.122625200000000234e+01
-4.043755399999999867e+01 -4.044366800000000239e+01 -4.033309500000000014e+01
-3.610000000000000142e+01 -3.620696999999999832e+01 -3.620739300000000327e+01
-4.048776999999999759e+01 -4.057211399999999912e+01 -4.061097500000000338e+01
-4.073601299999999981e+01 -4.064647300000000030e+01 -4.061357699999999937e+01
-4.061677000000000248e+01 -4.070177999999999940e+01 -4.074099400000000060e+01
-4.192132900000000006e+01 -4.202784799999999876e+01 -4.191437899999999672e+01
-4.095575999999999794e+01 -4.083081399999999661e+01 -4.092560100000000034e+01
-3.848950800000000072e+01 -3.844878700000000293e+01 -3.857487400000000122e+01
-4.087357399999999785e+01 -4.075995799999999747e+01 -4.076563699999999812e+01
-4.052229299999999768e+01 -4.063050499999999943e+01 -4.051733800000000230e+01
-3.821815800000000252e+01 -3.818276699999999835e+01 -3.810870100000000349e+01
-4.049660999999999689e+01 -4.038995599999999797e+01 -4.050210899999999725e+01
-3.734585299999999819e+01 -3.747276999999999703e+01 -3.739041799999999682e+01
-3.747553700000000276e+01 -3.743539799999999929e+01 -3.755774300000000210e+01
-3.979549399999999792e+01 -3.990587699999999671e+01 -3.990102199999999755e+01
-4.024501399999999762e+01 -4.035396999999999679e+01 -4.024154899999999913e+01
-3.942120200000000096e+01 -3.942615200000000186e+01 -3.953385200000000310e+01
-4.080426099999999678e+01 -4.069348899999999958e+01 -4.069324699999999950e+01
-3.806609499999999713e+01 -3.793355199999999883e+01 -3.801363700000000279e+01
-3.771331599999999895e+01 -3.780478200000000299e+01 -3.784058600000000183e+01
-3.839301700000000039e+01 -3.839398899999999770e+01 -3.827293000000000234e+01
-3.735421600000000097e+01 -3.724020600000000059e+01 -3.735705500000000256e+01
-3.874687699999999779e+01 -3.864057799999999787e+01 -3.875157699999999750e+01
-3.779422399999999982e+01 -3.789794499999999999e+01 -3.791126400000000274e+01
-4.021536499999999847e+01 -4.010204900000000094e+01 -4.010812299999999908e+01
-4.123161999999999949e+01 -4.111932699999999841e+01 -4.112457400000000263e+01
-3.787889499999999998e+01 -3.784423300000000268e+01 -3.796527999999999992e+01
-4.010812299999999908e+01 -3.999487799999999993e+01 -4.000126999999999811e+01
-3.751283899999999960e+01 -3.763579000000000008e+01 -3.753535300000000063e+01
-4.159455299999999767e+01 -4.171179599999999965e+01 -4.163108199999999925e+01
-3.979549399999999792e+01 -3.980072400000000243e+01 -3.990587699999999671e+01
-4.092340300000000042e+01 -4.091951600000000155e+01 -4.081106199999999973e+01
-3.693979600000000119e+01 -3.702125399999999900e+01 -3.706360699999999753e+01
-4.168595299999999781e+01 -4.165498000000000189e+01 -4.155769200000000296e+01
-4.112943500000000085e+01 -4.121414899999999903e+01 -4.126145000000000351e+01
-4.141561699999999746e+01 -4.149731899999999740e+01 -4.154408600000000007e+01
-3.713552399999999665e+01 -3.701059500000000213e+01 -3.708438799999999702e+01
-3.706360699999999753e+01 -3.714262500000000244e+01 -3.718925000000000125e+01
-3.944027799999999928e+01 -3.933816199999999697e+01 -3.944951900000000222e+01
-3.952384500000000145e+01 -3.963210999999999729e+01 -3.951895100000000127e+01
-3.979672599999999960e+01 -3.990521300000000338e+01 -3.979492400000000174e+01
-4.146204300000000131e+01 -4.157970000000000255e+01 -4.156799999999999784e+01
-3.951418799999999720e+01 -3.940563699999999869e+01 -3.951895100000000127e+01
-4.047441899999999748e+01 -4.037296899999999766e+01 -4.036146999999999707e+01
-3.998856299999999919e+01 -3.998252399999999795e+01 -3.987489300000000014e+01
-3.620696999999999832e+01 -3.621161299999999983e+01 -3.632293500000000108e+01
-3.791575699999999927e+01 -3.802118800000000221e+01 -3.790286900000000259e+01
-3.934635399999999805e+01 -3.947029299999999807e+01 -3.938613900000000001e+01
-3.842992000000000274e+01 -3.841250200000000348e+01 -3.831108700000000056e+01
-4.058595700000000051e+01 -4.061599100000000107e+01 -4.049576400000000120e+01
-3.690090699999999657e+01 -3.702818899999999758e+01 -3.694729600000000147e+01
-3.621125500000000130e+01 -3.610000000000000142e+01 -3.620938499999999749e+01
-4.061097500000000338e+01 -4.069655099999999948e+01 -4.073857199999999779e+01
-4.157800199999999791e+01 -4.168300399999999684e+01 -4.157134899999999789e+01
-3.985746100000000069e+01 -3.998369300000000237e+01 -3.989567900000000122e+01
-4.082746800000000320e+01 -4.070689399999999836e+01 -4.079784099999999825e+01
-3.734828499999999707e+01 -3.746055299999999733e+01 -3.745899000000000001e+01
-4.159151099999999701e+01 -4.169773200000000202e+01 -4.157970000000000255e+01
-3.812113800000000197e+01 -3.802118800000000221e+01 -3.814159300000000030e+01
-4.022627200000000158e+01 -4.011895499999999970e+01 -4.023067300000000301e+01
-4.209236500000000092e+01 -4.220300199999999791e+01 -4.208221100000000092e+01
-3.913674699999999973e+01 -3.913993099999999714e+01 -3.924718899999999877e+01
-4.000716899999999754e+01 -4.011895499999999970e+01 -4.011391799999999819e+01
-3.874437000000000353e+01 -3.868966199999999844e+01 -3.879702699999999993e+01
-3.620739300000000327e+01 -3.620696999999999832e+01 -3.631025999999999954e+01
-4.216864600000000252e+01 -4.215700999999999965e+01 -4.205364999999999753e+01
-4.113463899999999995e+01 -4.124592700000000178e+01 -4.113031000000000148e+01
-4.175846399999999647e+01 -4.184835400000000050e+01 -4.172801700000000125e+01
-3.931555900000000037e+01 -3.919867099999999738e+01 -3.920975899999999825e+01
-3.661014500000000282e+01 -3.673998300000000228e+01 -3.665782500000000255e+01
-4.089004299999999859e+01 -4.100353299999999734e+01 -4.099900199999999728e+01
-3.874437000000000353e+01 -3.875157699999999750e+01 -3.864572600000000335e+01
-4.083322499999999877e+01 -4.073857199999999779e+01 -4.085519500000000193e+01
-3.939161599999999908e+01 -3.939623199999999770e+01 -3.950480199999999797e+01
-3.972335100000000097e+01 -3.980702500000000299e+01 -3.984343899999999650e+01
-3.811264400000000308e+01 -3.821815800000000252e+01 -3.810870100000000349e+01
-4.012277799999999672e+01 -4.023430199999999957e+01 -4.023067300000000301e+01
-3.686312900000000070e+01 -3.694729600000000147e+01 -3.699898199999999804e+01
-3.841250200000000348e+01 -3.835547400000000096e+01 -3.827581899999999848e+01
-3.973136900000000082e+01 -3.961809900000000084e+01 -3.962273400000000123e+01
-3.620696999999999832e+01 -3.632293500000000108e+01 -3.631025999999999954e+01
-4.181670499999999890e+01 -4.190708300000000008e+01 -4.178477199999999669e+01
-3.853579700000000230e+01 -3.854496100000000069e+01 -3.841250200000000348e+01
-3.929721099999999723e+01 -3.941066200000000208e+01 -3.940563699999999869e+01
-3.699128199999999822e+01 -3.698862499999999898e+01 -3.687762500000000188e+01
-3.823648599999999931e+01 -3.812720900000000057e+01 -3.824160299999999779e+01
-3.643907099999999843e+01 -3.631639700000000204e+01 -3.640027500000000060e+01
-4.193544299999999936e+01 -4.194999299999999920e+01 -4.183335300000000245e+01
-4.127376999999999896e+01 -4.131506699999999910e+01 -4.118328799999999745e+01
-3.874687699999999779e+01 -3.874088299999999663e+01 -3.863412600000000197e+01
-3.758954099999999698e+01 -3.757245699999999999e+01 -3.745530200000000320e+01
-4.205624199999999746e+01 -4.203821800000000053e+01 -4.193252300000000332e+01
-3.920424200000000070e+01 -3.927940799999999655e+01 -3.933793500000000165e+01
-3.908178300000000149e+01 -3.896489400000000103e+01 -3.898073800000000233e+01
-4.043755399999999867e+01 -4.032760700000000043e+01 -4.042871000000000237e+01
-3.815284100000000223e+01 -3.826100600000000185e+01 -3.814747700000000208e+01
-4.002565899999999743e+01 -4.013302999999999798e+01 -4.002061199999999985e+01
-3.726283200000000306e+01 -3.722603300000000104e+01 -3.735111400000000259e+01
-4.001409999999999911e+01 -3.990421299999999860e+01 -4.001046699999999845e+01
-4.091012899999999775e+01 -4.091244400000000070e+01 -4.102330299999999852e+01
-3.799500199999999950e+01 -3.787894099999999753e+01 -3.789012900000000172e+01
-3.930854300000000023e+01 -3.942120200000000096e+01 -3.941591999999999985e+01
-4.156810699999999770e+01 -4.156661700000000081e+01 -4.167105000000000103e+01
-3.904094200000000114e+01 -3.892944899999999819e+01 -3.893365399999999710e+01
-3.712699500000000086e+01 -3.719820399999999694e+01 -3.724824600000000174e+01
-3.782098799999999983e+01 -3.771186200000000355e+01 -3.783145100000000127e+01
-4.030092100000000244e+01 -4.029603500000000338e+01 -4.018780900000000145e+01
-3.909532600000000002e+01 -3.908178300000000149e+01 -3.898073800000000233e+01
-4.146357299999999668e+01 -4.156218299999999743e+01 -4.144094599999999673e+01
-3.933445600000000297e+01 -3.932430099999999840e+01 -3.922033700000000067e+01
-3.715021800000000241e+01 -3.711809300000000178e+01 -3.723377299999999934e+01
-3.685743200000000286e+01 -3.698273600000000272e+01 -3.690090699999999657e+01
-4.110093299999999772e+01 -4.121749100000000254e+01 -4.120557000000000158e+01
-4.135513300000000214e+01 -4.147302599999999728e+01 -4.146204300000000131e+01
-3.727090700000000112e+01 -3.739248500000000064e+01 -3.730825600000000009e+01
-4.103658300000000025e+01 -4.093020200000000131e+01 -4.104305000000000092e+01
-4.091244400000000070e+01 -4.102486300000000341e+01 -4.102330299999999852e+01
-3.857391100000000250e+01 -3.845935000000000059e+01 -3.846495900000000034e+01
-3.998661100000000346e+01 -4.007145299999999821e+01 -4.011164899999999989e+01
-3.848643400000000270e+01 -3.859454099999999954e+01 -3.848227599999999882e+01
-4.173580400000000168e+01 -4.183839700000000050e+01 -4.172213299999999947e+01
-4.032267399999999924e+01 -4.045149399999999673e+01 -4.036175999999999675e+01
-4.127649000000000257e+01 -4.124318000000000239e+01 -4.117283400000000171e+01
-4.003752200000000272e+01 -4.015773999999999688e+01 -4.014578099999999949e+01
-4.072285399999999811e+01 -4.058879000000000303e+01 -4.063671599999999984e+01
-3.622770299999999821e+01 -3.610000000000000142e+01 -3.618758900000000267e+01
-4.046255599999999930e+01 -4.049576400000000120e+01 -4.037350299999999947e+01
-4.118777000000000044e+01 -4.109979799999999983e+01 -4.107920099999999763e+01
-3.814240900000000067e+01 -3.802866399999999913e+01 -3.803362099999999657e+01
-3.746374099999999885e+01 -3.746215000000000117e+01 -3.735288700000000262e+01
-4.055953099999999978e+01 -4.056400800000000118e+01 -4.067262900000000059e+01
-3.761659099999999967e+01 -3.748228499999999741e+01 -3.753535300000000063e+01
-4.062569200000000080e+01 -4.063050499999999943e+01 -4.073899300000000068e+01
-4.078111400000000231e+01 -4.086515899999999846e+01 -4.090997899999999987e+01
-4.045975299999999919e+01 -4.036146999999999707e+01 -4.032261700000000104e+01
-4.204857799999999912e+01 -4.193822600000000023e+01 -4.194999299999999920e+01
-3.964712800000000215e+01 -3.965344400000000036e+01 -3.976104500000000286e+01
-3.918879600000000352e+01 -3.919503900000000129e+01 -3.930266400000000004e+01
-4.164436899999999753e+01 -4.160379400000000061e+01 -4.153649399999999758e+01
-4.093212900000000332e+01 -4.106195000000000306e+01 -4.101971199999999840e+01
-3.845935000000000059e+01 -3.845250699999999711e+01 -3.834521800000000269e+01
-3.918879600000000352e+01 -3.930266400000000004e+01 -3.929721099999999723e+01
-4.078985000000000127e+01 -4.090281900000000093e+01 -4.089869999999999806e+01
-4.184513799999999861e+01 -4.181416500000000269e+01 -4.172631400000000212e+01
-3.643834300000000326e+01 -3.632509799999999700e+01 -3.643551599999999979e+01
-3.660833600000000132e+01 -3.670775199999999927e+01 -3.659668599999999827e+01
-3.865517899999999685e+01 -3.853579700000000230e+01 -3.854758999999999958e+01
-3.676931700000000092e+01 -3.664785700000000190e+01 -3.666071199999999664e+01
-4.105131999999999692e+01 -4.104305000000000092e+01 -4.093864299999999901e+01
-3.722142199999999690e+01 -3.733332399999999751e+01 -3.721721999999999753e+01
-4.116686099999999726e+01 -4.129377000000000209e+01 -4.119766200000000111e+01
-3.965344400000000036e+01 -3.976751200000000352e+01 -3.976104500000000286e+01
-3.903275899999999865e+01 -3.914385800000000160e+01 -3.913993099999999714e+01
-3.949518100000000231e+01 -3.950007999999999697e+01 -3.960856100000000168e+01
-3.872759800000000041e+01 -3.883996299999999735e+01 -3.883670000000000044e+01
-3.763579000000000008e+01 -3.761659099999999967e+01 -3.753535300000000063e+01
-3.966750199999999893e+01 -3.955404300000000006e+01 -3.956079299999999677e+01
-3.779778199999999799e+01 -3.791575699999999927e+01 -3.779494199999999893e+01
-4.151576000000000022e+01 -4.140777599999999836e+01 -4.152222199999999930e+01
-4.163060399999999817e+01 -4.163262999999999892e+01 -4.174257000000000062e+01
-3.712900100000000236e+01 -3.723819100000000049e+01 -3.712426299999999912e+01
-4.155051499999999720e+01 -4.151013199999999870e+01 -4.143193999999999733e+01
-4.109286800000000284e+01 -4.110093299999999772e+01 -4.120557000000000158e+01
-3.992886699999999678e+01 -4.004521100000000189e+01 -4.003752200000000272e+01
-3.712900100000000236e+01 -3.701587500000000119e+01 -3.702093899999999849e+01
-3.710355200000000053e+01 -3.721721999999999753e+01 -3.720675599999999861e+01
-4.001491399999999743e+01 -4.001562299999999794e+01 -4.012550600000000145e+01
-4.133784500000000151e+01 -4.146357299999999668e+01 -4.144094599999999673e+01
-4.119446700000000305e+01 -4.131726100000000201e+01 -4.129681399999999769e+01
-3.938423199999999724e+01 -3.935669800000000151e+01 -3.947795599999999894e+01
-4.229999999999999716e+01 -4.219504700000000241e+01 -4.221320200000000256e+01
-4.116686099999999726e+01 -4.112943500000000085e+01 -4.126145000000000351e+01
-3.924424499999999938e+01 -3.924307600000000207e+01 -3.913508600000000115e+01
-4.151576000000000022e+01 -4.163060399999999817e+01 -4.162212900000000104e+01
-3.823134499999999747e+01 -3.833896399999999716e+01 -3.822596000000000060e+01
-3.735451499999999925e+01 -3.731298699999999968e+01 -3.743539799999999929e+01
-3.968556900000000098e+01 -3.957480499999999779e+01 -3.968570299999999662e+01
-4.074368100000000226e+01 -4.063552099999999712e+01 -4.074866600000000005e+01
-3.882619199999999893e+01 -3.882208299999999923e+01 -3.871460100000000182e+01
-4.049576400000000120e+01 -4.061599100000000107e+01 -4.052328099999999722e+01
-3.694654599999999789e+01 -3.681425699999999779e+01 -3.687889700000000204e+01
-4.181416500000000269e+01 -4.178319299999999714e+01 -4.169558599999999871e+01
-3.851932099999999792e+01 -3.862624799999999681e+01 -3.850837400000000343e+01
-3.808485300000000251e+01 -3.819403899999999652e+01 -3.813595000000000113e+01
-4.136642700000000161e+01 -4.147208799999999940e+01 -4.147854499999999689e+01
-3.635452300000000037e+01 -3.643936399999999765e+01 -3.648055800000000204e+01
-4.007956899999999933e+01 -3.997134400000000198e+01 -4.008470899999999659e+01
-4.119052700000000300e+01 -4.107639600000000257e+01 -4.118314699999999817e+01
-4.123161999999999949e+01 -4.112457400000000263e+01 -4.123893999999999949e+01
-4.048587299999999800e+01 -4.058879000000000303e+01 -4.060229499999999803e+01
-3.899468399999999946e+01 -3.899097600000000341e+01 -3.889094800000000163e+01
-3.740316599999999880e+01 -3.727134199999999709e+01 -3.731531199999999870e+01
-4.214425099999999702e+01 -4.213318900000000156e+01 -4.202784799999999876e+01
-4.081507899999999722e+01 -4.081106199999999973e+01 -4.070414600000000149e+01
-3.793779200000000174e+01 -3.804506500000000102e+01 -3.793041300000000149e+01
-4.094951499999999811e+01 -4.095416999999999774e+01 -4.106264900000000040e+01
-4.201581900000000047e+01 -4.199709200000000209e+01 -4.189500100000000060e+01
-4.091507399999999706e+01 -4.095252399999999682e+01 -4.082720799999999883e+01
-4.189634800000000325e+01 -4.187688899999999848e+01 -4.177727900000000005e+01
-3.724020600000000059e+01 -3.713268800000000169e+01 -3.712699500000000086e+01
-4.117084400000000244e+01 -4.127649000000000257e+01 -4.117283400000000171e+01
-3.884876200000000068e+01 -3.884402999999999651e+01 -3.873502899999999727e+01
-3.881088299999999691e+01 -3.881416999999999717e+01 -3.892184400000000011e+01
-3.902706200000000081e+01 -3.913508600000000115e+01 -3.902629199999999798e+01
-3.759717299999999796e+01 -3.771331599999999895e+01 -3.763579000000000008e+01
-3.655672599999999761e+01 -3.644024199999999780e+01 -3.655509599999999892e+01
-4.027810900000000061e+01 -4.016993399999999781e+01 -4.028228099999999756e+01
-4.133784500000000151e+01 -4.122422499999999701e+01 -4.133905699999999683e+01
-3.946672099999999972e+01 -3.935501599999999911e+01 -3.935845400000000183e+01
-3.895292200000000093e+01 -3.906165099999999768e+01 -3.894893199999999922e+01
-3.631025999999999954e+01 -3.643113499999999760e+01 -3.640126200000000267e+01
-4.163262999999999892e+01 -4.152222199999999930e+01 -4.151609299999999791e+01
-3.778947200000000350e+01 -3.779191699999999798e+01 -3.790018599999999793e+01
-3.793041300000000149e+01 -3.804506500000000102e+01 -3.803897099999999654e+01
-4.107086300000000278e+01 -4.119177599999999728e+01 -4.118174100000000237e+01
-3.846976999999999691e+01 -3.836055100000000095e+01 -3.847411999999999921e+01
-4.125543799999999806e+01 -4.136379500000000320e+01 -4.125168000000000035e+01
-4.068088999999999800e+01 -4.079375799999999685e+01 -4.078985000000000127e+01
-4.111615499999999912e+01 -4.100353299999999734e+01 -4.100736400000000259e+01
-4.106245200000000040e+01 -4.100149100000000146e+01 -4.093183599999999700e+01
-3.676888799999999691e+01 -3.676367799999999875e+01 -3.687762500000000188e+01
-3.917909000000000219e+01 -3.917458599999999791e+01 -3.906595800000000196e+01
-3.953900800000000260e+01 -3.965344400000000036e+01 -3.964712800000000215e+01
-4.027107800000000282e+01 -4.027452399999999955e+01 -4.038337400000000343e+01
-3.768303399999999925e+01 -3.757035700000000134e+01 -3.768150200000000183e+01
-3.957874300000000289e+01 -3.957593700000000325e+01 -3.946672099999999972e+01
-4.081106199999999973e+01 -4.080718499999999693e+01 -4.069858500000000134e+01
-4.044160099999999858e+01 -4.055474099999999993e+01 -4.054954299999999989e+01
-3.902937099999999759e+01 -3.913674699999999973e+01 -3.902706200000000081e+01
-3.971762700000000024e+01 -3.980541800000000308e+01 -3.982667000000000002e+01
-3.994864799999999860e+01 -3.995307499999999834e+01 -4.006157600000000230e+01
-3.800510400000000288e+01 -3.800468599999999952e+01 -3.811264400000000308e+01
-3.990421299999999860e+01 -3.979591899999999782e+01 -3.979596399999999790e+01
-4.107206599999999952e+01 -4.096105899999999878e+01 -4.096449400000000196e+01
-3.652420099999999792e+01 -3.643032999999999788e+01 -3.640126200000000267e+01
-4.163445899999999966e+01 -4.163647499999999724e+01 -4.175133900000000153e+01
-3.955404300000000006e+01 -3.954627599999999887e+01 -3.944027799999999928e+01
-3.835076300000000060e+01 -3.834521800000000269e+01 -3.823648599999999931e+01
-3.836948399999999992e+01 -3.836503400000000141e+01 -3.825614600000000110e+01
-3.758491000000000071e+01 -3.758729199999999793e+01 -3.746278000000000219e+01
-4.075995799999999747e+01 -4.064636200000000343e+01 -4.065204899999999810e+01
-4.156810699999999770e+01 -4.146238999999999919e+01 -4.156661700000000081e+01
-3.805149300000000068e+01 -3.815824200000000133e+01 -3.804506500000000102e+01
-3.812207999999999686e+01 -3.801301399999999830e+01 -3.812720900000000057e+01
-3.812720900000000057e+01 -3.801301399999999830e+01 -3.801820500000000180e+01
-4.174257000000000062e+01 -4.163262999999999892e+01 -4.174715499999999935e+01
-3.665449999999999875e+01 -3.676367799999999875e+01 -3.676888799999999691e+01
-3.702543899999999866e+01 -3.690996700000000175e+01 -3.691446200000000033e+01
-3.721721999999999753e+01 -3.732557200000000108e+01 -3.720675599999999861e+01
-3.855865299999999962e+01 -3.845126700000000142e+01 -3.846291099999999830e+01
-3.786755300000000091e+01 -3.776203300000000240e+01 -3.787894099999999753e+01
-4.108429499999999734e+01 -4.119896500000000117e+01 -4.119446700000000305e+01
-3.620979299999999768e+01 -3.620319099999999679e+01 -3.631639700000000204e+01
-4.007956899999999933e+01 -3.996646499999999946e+01 -3.997134400000000198e+01
-3.868852900000000261e+01 -3.857391100000000250e+01 -3.857909999999999684e+01
-4.027615999999999730e+01 -4.015175500000000142e+01 -4.023671600000000126e+01
-4.195746499999999912e+01 -4.194139100000000298e+01 -4.183935499999999763e+01
-4.067689099999999769e+01 -4.068088999999999800e+01 -4.078985000000000127e+01
-3.878195800000000304e+01 -3.879108099999999837e+01 -3.889867799999999676e+01
-3.993956800000000129e+01 -3.983072299999999899e+01 -3.994413699999999778e+01
-3.711809300000000178e+01 -3.718955199999999905e+01 -3.723377299999999934e+01
-3.913993099999999714e+01 -3.914385800000000160e+01 -3.925097499999999684e+01
-3.913674699999999973e+01 -3.924424499999999938e+01 -3.913508600000000115e+01
-4.051242100000000335e+01 -4.062080499999999716e+01 -4.050738400000000183e+01
-3.870270699999999664e+01 -3.859075800000000100e+01 -3.859454099999999954e+01
-3.835076300000000060e+01 -3.823648599999999931e+01 -3.824160299999999779e+01
-3.643113499999999760e+01 -3.643903199999999742e+01 -3.654411400000000043e+01
-3.837840400000000329e+01 -3.848643400000000270e+01 -3.837396199999999880e+01
-4.139817800000000148e+01 -4.128014199999999789e+01 -4.129239700000000113e+01
-4.183935499999999763e+01 -4.181863799999999998e+01 -4.171107500000000101e+01
-3.883996299999999735e+01 -3.873048399999999702e+01 -3.884402999999999651e+01
-3.850397499999999695e+01 -3.861464800000000253e+01 -3.861127299999999707e+01
-3.812207999999999686e+01 -3.812720900000000057e+01 -3.823648599999999931e+01
-3.610000000000000142e+01 -3.618484099999999870e+01 -3.622190799999999911e+01
-3.789730300000000085e+01 -3.800833599999999990e+01 -3.800468599999999952e+01
-3.883996299999999735e+01 -3.884402999999999651e+01 -3.895292200000000093e+01
-3.990859300000000331e+01 -4.002162400000000275e+01 -4.001894699999999716e+01
-3.869626099999999980e+01 -3.858711300000000222e+01 -3.869937699999999836e+01
-3.989482600000000190e+01 -3.990102199999999755e+01 -4.000716899999999754e+01
-4.040909800000000018e+01 -4.041419400000000195e+01 -4.052229299999999768e+01
-4.098122500000000201e+01 -4.109286800000000284e+01 -4.108893499999999932e+01
-3.784653000000000134e+01 -3.772799299999999789e+01 -3.775039900000000159e+01
-3.931428799999999768e+01 -3.942615200000000186e+01 -3.942120200000000096e+01
-3.917909000000000219e+01 -3.918375199999999836e+01 -3.929232400000000069e+01
-4.049660999999999689e+01 -4.038589000000000340e+01 -4.038995599999999797e+01
-4.102036900000000230e+01 -4.113463899999999995e+01 -4.113031000000000148e+01
-4.038337400000000343e+01 -4.049214500000000072e+01 -4.049047000000000196e+01
-3.829509399999999886e+01 -3.819213500000000039e+01 -3.827293000000000234e+01
-3.895194599999999951e+01 -3.903712999999999766e+01 -3.907718100000000305e+01
-3.788939299999999832e+01 -3.784767300000000034e+01 -3.796876999999999924e+01
-3.784423300000000268e+01 -3.780674799999999891e+01 -3.793355199999999883e+01
-3.839701600000000070e+01 -3.829018099999999691e+01 -3.840024600000000277e+01
-3.819426299999999941e+01 -3.827910399999999669e+01 -3.831953000000000031e+01
-4.133193500000000142e+01 -4.143552199999999885e+01 -4.133905699999999683e+01
-3.776005700000000331e+01 -3.784423300000000268e+01 -3.787889499999999998e+01
-4.011224099999999737e+01 -4.001894699999999716e+01 -4.014309899999999942e+01
-3.979549399999999792e+01 -3.968990000000000151e+01 -3.980072400000000243e+01
-4.171179599999999965e+01 -4.180669600000000230e+01 -4.181824699999999950e+01
-4.009606399999999837e+01 -3.998252399999999795e+01 -3.998856299999999919e+01
-4.101145600000000258e+01 -4.101612099999999828e+01 -4.112457400000000263e+01
-4.114380500000000040e+01 -4.103658300000000025e+01 -4.114823100000000267e+01
-3.861673499999999848e+01 -3.857487400000000122e+01 -3.870159600000000211e+01
-3.936725799999999964e+01 -3.947482699999999767e+01 -3.936265099999999961e+01
-3.757035700000000134e+01 -3.756913500000000283e+01 -3.745700500000000233e+01
-3.688918900000000178e+01 -3.674425699999999750e+01 -3.681425699999999779e+01
-3.690996700000000175e+01 -3.679482000000000141e+01 -3.691446200000000033e+01
-3.767619400000000240e+01 -3.766590300000000013e+01 -3.755834500000000276e+01
-4.191689199999999715e+01 -4.198817600000000283e+01 -4.185775900000000149e+01
-3.734585299999999819e+01 -3.743069400000000257e+01 -3.747276999999999703e+01
-4.104305000000000092e+01 -4.093020200000000131e+01 -4.093864299999999901e+01
-3.825138799999999861e+01 -3.814240900000000067e+01 -3.825614600000000110e+01
-4.146190299999999951e+01 -4.146604399999999657e+01 -4.157134899999999789e+01
-4.229518999999999807e+01 -4.228412699999999802e+01 -4.217491499999999860e+01
-4.072271899999999789e+01 -4.083913900000000297e+01 -4.082939499999999811e+01
-4.129605200000000309e+01 -4.141964099999999860e+01 -4.134209100000000348e+01
-4.151559900000000169e+01 -4.151609299999999791e+01 -4.138675099999999674e+01
-3.801363700000000279e+01 -3.808485300000000251e+01 -3.813595000000000113e+01
-3.978900500000000306e+01 -3.968365699999999663e+01 -3.979549399999999792e+01
-3.621863199999999949e+01 -3.610000000000000142e+01 -3.621352399999999960e+01
-4.203641100000000108e+01 -4.192041100000000142e+01 -4.193822600000000023e+01
-3.837840400000000329e+01 -3.837396199999999880e+01 -3.826590300000000155e+01
-3.855865000000000009e+01 -3.854758999999999958e+01 -3.844362999999999886e+01
-3.691320199999999829e+01 -3.680620900000000262e+01 -3.680617699999999815e+01
-3.789460799999999807e+01 -3.801960900000000265e+01 -3.793242399999999748e+01
-3.723377299999999934e+01 -3.735451499999999925e+01 -3.727090700000000112e+01
-3.715385200000000054e+01 -3.728105500000000205e+01 -3.719820399999999694e+01
-3.874277899999999875e+01 -3.870331000000000188e+01 -3.882740199999999930e+01
-3.664583100000000115e+01 -3.654178900000000141e+01 -3.652420099999999792e+01
-4.067262900000000059e+01 -4.067689099999999769e+01 -4.078575500000000176e+01
-4.107641999999999882e+01 -4.107206599999999952e+01 -4.096449400000000196e+01
-4.091809200000000146e+01 -4.094850300000000232e+01 -4.082746800000000320e+01
-3.735111400000000259e+01 -3.748228499999999741e+01 -3.737765900000000130e+01
-3.698862499999999898e+01 -3.710355200000000053e+01 -3.699819300000000055e+01
-3.886694899999999819e+01 -3.884800599999999804e+01 -3.875578800000000257e+01
-3.839701600000000070e+01 -3.828599299999999772e+01 -3.829018099999999691e+01
-4.154408600000000007e+01 -4.166661400000000270e+01 -4.158481700000000103e+01
-3.868258600000000058e+01 -3.868852900000000261e+01 -3.879807399999999973e+01
-4.206077700000000164e+01 -4.205624199999999746e+01 -4.194378400000000084e+01
-4.146238999999999919e+01 -4.135486499999999666e+01 -4.146190299999999951e+01
-3.803897099999999654e+01 -3.804506500000000102e+01 -3.815284100000000223e+01
-3.947029299999999807e+01 -3.943136700000000161e+01 -3.955584900000000204e+01
-4.070650799999999947e+01 -4.081507899999999722e+01 -4.070414600000000149e+01
-3.995307499999999834e+01 -3.995752000000000237e+01 -4.006593099999999907e+01
-3.947482699999999767e+01 -3.947971499999999878e+01 -3.958735500000000229e+01
-4.108429499999999734e+01 -4.119446700000000305e+01 -4.107641999999999882e+01
-3.877730600000000294e+01 -3.889094800000000163e+01 -3.879702699999999993e+01
-3.927940799999999655e+01 -3.924718599999999924e+01 -3.936837799999999987e+01
-3.950007999999999697e+01 -3.939161599999999908e+01 -3.950480199999999797e+01
-3.905754199999999798e+01 -3.916583299999999923e+01 -3.905348699999999695e+01
-4.167105000000000103e+01 -4.177294599999999747e+01 -4.166984599999999972e+01
-3.874277899999999875e+01 -3.886631599999999764e+01 -3.878365000000000151e+01
-3.719820399999999694e+01 -3.728105500000000205e+01 -3.733032200000000245e+01
-4.007481899999999797e+01 -4.018780900000000145e+01 -4.018313599999999752e+01
-4.098122500000000201e+01 -4.086785799999999824e+01 -4.087357399999999785e+01
-3.957867300000000199e+01 -3.946785599999999761e+01 -3.948007100000000236e+01
-4.147208799999999940e+01 -4.148113899999999887e+01 -4.156968899999999678e+01
-3.694654599999999789e+01 -3.688918900000000178e+01 -3.681425699999999779e+01
-3.701587500000000119e+01 -3.690947800000000001e+01 -3.702093899999999849e+01
-4.115775599999999912e+01 -4.105131999999999692e+01 -4.105355999999999739e+01
-3.811264400000000308e+01 -3.822596000000000060e+01 -3.821815800000000252e+01
-4.159455299999999767e+01 -4.154700499999999863e+01 -4.167709299999999928e+01
-4.044394299999999731e+01 -4.033173899999999890e+01 -4.034214699999999709e+01
-3.997134400000000198e+01 -3.996646499999999946e+01 -3.985814599999999785e+01
-3.679482000000000141e+01 -3.686312900000000070e+01 -3.691446200000000033e+01
-3.835547400000000096e+01 -3.823800700000000319e+01 -3.827581899999999848e+01
-3.742990300000000303e+01 -3.731531199999999870e+01 -3.732557200000000108e+01
-4.136338599999999843e+01 -4.148308099999999854e+01 -4.147302599999999728e+01
-4.032289300000000054e+01 -4.043620099999999695e+01 -4.043068800000000351e+01
-3.701689199999999857e+01 -3.694654599999999789e+01 -3.707399999999999807e+01
-3.992267600000000272e+01 -4.002565899999999743e+01 -3.991399299999999783e+01
-4.091380699999999848e+01 -4.080342799999999670e+01 -4.091478599999999943e+01
-4.185775900000000149e+01 -4.193604400000000254e+01 -4.182480600000000237e+01
-3.854496100000000069e+01 -3.855865299999999962e+01 -3.846291099999999830e+01
-3.977068299999999823e+01 -3.984343899999999650e+01 -3.990873899999999708e+01
-3.757035700000000134e+01 -3.745899000000000001e+01 -3.757060500000000047e+01
-3.636313700000000182e+01 -3.649248500000000206e+01 -3.640027500000000060e+01
-4.118643000000000143e+01 -4.112390200000000107e+01 -4.124318000000000239e+01
-3.800510400000000288e+01 -3.789794499999999999e+01 -3.800468599999999952e+01
-3.690036400000000327e+01 -3.700831699999999813e+01 -3.689003600000000205e+01
-3.968569600000000008e+01 -3.967714399999999841e+01 -3.957297499999999957e+01
-4.107639600000000257e+01 -4.119052700000000300e+01 -4.109327900000000255e+01
-4.002723499999999746e+01 -4.011164899999999989e+01 -4.015175500000000142e+01
-4.004521100000000189e+01 -4.015698400000000134e+01 -4.015773999999999688e+01
-4.024956499999999693e+01 -4.037350299999999947e+01 -4.028387099999999776e+01
-4.091809200000000146e+01 -4.082746800000000320e+01 -4.079784099999999825e+01
-4.069348899999999958e+01 -4.058432100000000275e+01 -4.058390299999999939e+01
-4.055953099999999978e+01 -4.044664099999999962e+01 -4.045116699999999810e+01
-3.739041799999999682e+01 -3.751545500000000288e+01 -3.743539799999999929e+01
-3.656574499999999972e+01 -3.669282199999999960e+01 -3.661014500000000282e+01
-3.610000000000000142e+01 -3.620327499999999787e+01 -3.618758900000000267e+01
-3.950480199999999797e+01 -3.939623199999999770e+01 -3.950948799999999750e+01
-4.014783400000000313e+01 -4.003880800000000306e+01 -4.004791900000000027e+01
-4.156218299999999743e+01 -4.166023299999999807e+01 -4.153933599999999871e+01
-4.014982299999999782e+01 -4.014783400000000313e+01 -4.004791900000000027e+01
-3.760037599999999713e+01 -3.768521700000000152e+01 -3.772452700000000192e+01
-3.982026499999999913e+01 -3.981370400000000132e+01 -3.970600100000000054e+01
-3.732911800000000113e+01 -3.720321700000000220e+01 -3.727134199999999709e+01
-4.018780900000000145e+01 -4.029603500000000338e+01 -4.018313599999999752e+01
-3.778947200000000350e+01 -3.778921199999999914e+01 -3.768016599999999983e+01
-4.112457400000000263e+01 -4.101612099999999828e+01 -4.113031000000000148e+01
-4.126158900000000074e+01 -4.126712899999999706e+01 -4.137025400000000275e+01
-3.800833599999999990e+01 -3.811722699999999975e+01 -3.800468599999999952e+01
-4.124756800000000112e+01 -4.124640999999999735e+01 -4.135486499999999666e+01
-3.932025800000000260e+01 -3.931898000000000337e+01 -3.921341300000000274e+01
-3.620327499999999787e+01 -3.629683500000000151e+01 -3.618758900000000267e+01
-3.679482000000000141e+01 -3.680617699999999815e+01 -3.669593400000000116e+01
-4.091478599999999943e+01 -4.080342799999999670e+01 -4.080426099999999678e+01
-3.864057799999999787e+01 -3.852806600000000259e+01 -3.853175399999999939e+01
-4.067689099999999769e+01 -4.056400800000000118e+01 -4.056804400000000044e+01
-4.159058699999999931e+01 -4.147675999999999874e+01 -4.147854499999999689e+01
-4.084805000000000064e+01 -4.073443499999999773e+01 -4.073899300000000068e+01
-4.191011499999999756e+01 -4.189634800000000325e+01 -4.179193300000000022e+01
-3.731954100000000096e+01 -3.726283200000000306e+01 -3.737765900000000130e+01
-4.073610399999999743e+01 -4.064144600000000196e+01 -4.061599100000000107e+01
-4.114380500000000040e+01 -4.125543799999999806e+01 -4.125168000000000035e+01
-3.966622399999999971e+01 -3.954933499999999924e+01 -3.955911400000000100e+01
-3.841250200000000348e+01 -3.854496100000000069e+01 -3.846291099999999830e+01
-3.972675100000000015e+01 -3.983997800000000211e+01 -3.983541699999999963e+01
-4.192041100000000142e+01 -4.189500100000000060e+01 -4.181824699999999950e+01
-4.093212900000000332e+01 -4.094951499999999811e+01 -4.106195000000000306e+01
-3.933816199999999697e+01 -3.932025800000000260e+01 -3.920593000000000217e+01
-3.763813499999999834e+01 -3.772138900000000206e+01 -3.776005700000000331e+01
-3.988131099999999662e+01 -3.987489300000000014e+01 -3.976751200000000352e+01
-4.028031399999999707e+01 -4.036418599999999657e+01 -4.040406099999999867e+01
-4.212212600000000151e+01 -4.211106300000000147e+01 -4.200927899999999937e+01
-3.740154700000000076e+01 -3.748617399999999833e+01 -3.750774499999999989e+01
-3.793974000000000046e+01 -3.806547700000000134e+01 -3.797958799999999968e+01
-3.755651499999999743e+01 -3.764062599999999748e+01 -3.768160999999999916e+01
-3.760083900000000057e+01 -3.758954099999999698e+01 -3.750774499999999989e+01
-4.091664999999999708e+01 -4.080426099999999678e+01 -4.080718499999999693e+01
-4.154700499999999863e+01 -4.150206399999999718e+01 -4.162637000000000143e+01
-3.739248500000000064e+01 -3.742814400000000319e+01 -3.730825600000000009e+01
-3.673291400000000095e+01 -3.669388699999999659e+01 -3.681665499999999724e+01
-3.946785599999999761e+01 -3.945369600000000077e+01 -3.933793500000000165e+01
-3.862624799999999681e+01 -3.874088299999999663e+01 -3.873502899999999727e+01
-3.977068299999999823e+01 -3.964224300000000056e+01 -3.972335100000000097e+01
-3.841538599999999803e+01 -3.839876799999999690e+01 -3.828083600000000075e+01
-3.974056600000000117e+01 -3.962743300000000346e+01 -3.963210999999999729e+01
-3.966750199999999893e+01 -3.966044500000000284e+01 -3.955404300000000006e+01
-3.814747700000000208e+01 -3.826100600000000185e+01 -3.825614600000000110e+01
-3.896185499999999990e+01 -3.907045200000000307e+01 -3.895729399999999742e+01
-4.040790899999999652e+01 -4.049177999999999855e+01 -4.053247300000000308e+01
-3.996199399999999713e+01 -3.985356800000000277e+01 -3.996646499999999946e+01
-3.711298299999999983e+01 -3.711847600000000114e+01 -3.722995099999999979e+01
-3.712699500000000086e+01 -3.702543899999999866e+01 -3.699898199999999804e+01
-3.924307600000000207e+01 -3.924536499999999961e+01 -3.913581899999999791e+01
-3.924718599999999924e+01 -3.921218999999999966e+01 -3.934063199999999938e+01
-4.058595700000000051e+01 -4.046255599999999930e+01 -4.055873799999999818e+01
-3.811722699999999975e+01 -3.812207999999999686e+01 -3.823134499999999747e+01
-3.779422399999999982e+01 -3.768303399999999925e+01 -3.768150200000000183e+01
-3.974992799999999704e+01 -3.963684700000000305e+01 -3.964182999999999879e+01
-4.159089800000000281e+01 -4.155051499999999720e+01 -4.147212799999999788e+01
-3.969509500000000202e+01 -3.958735500000000229e+01 -3.970021400000000256e+01
-4.072271899999999789e+01 -4.072955600000000231e+01 -4.083913900000000297e+01
-4.068781500000000051e+01 -4.057544699999999693e+01 -4.057871899999999954e+01
-4.172801700000000125e+01 -4.169267399999999668e+01 -4.160379400000000061e+01
-3.865233500000000078e+01 -3.865517899999999685e+01 -3.876434299999999666e+01
-3.746374099999999885e+01 -3.735288700000000262e+01 -3.735421600000000097e+01
-3.835547400000000096e+01 -3.833810199999999924e+01 -3.823800700000000319e+01
-3.864057799999999787e+01 -3.863412600000000197e+01 -3.852806600000000259e+01
-4.036542800000000142e+01 -4.047361599999999981e+01 -4.036175200000000274e+01
-4.012277799999999672e+01 -4.001491399999999743e+01 -4.012550600000000145e+01
-4.162637000000000143e+01 -4.170838299999999776e+01 -4.174711800000000039e+01
-3.731531199999999870e+01 -3.720109000000000066e+01 -3.720675599999999861e+01
-3.899032100000000156e+01 -3.886631599999999764e+01 -3.895194599999999951e+01
-4.071555500000000194e+01 -4.072271899999999789e+01 -4.082939499999999811e+01
-4.098615999999999815e+01 -4.104552199999999829e+01 -4.090997899999999987e+01
-4.019818399999999770e+01 -4.008470899999999659e+01 -4.009027700000000038e+01
-3.818123899999999793e+01 -3.807885100000000023e+01 -3.806609499999999713e+01
-4.135939499999999924e+01 -4.146604399999999657e+01 -4.135568099999999703e+01
-3.850620800000000088e+01 -3.850646600000000319e+01 -3.839398899999999770e+01
-4.198817600000000283e+01 -4.204459500000000105e+01 -4.210511799999999738e+01
-3.806547700000000134e+01 -3.815299900000000122e+01 -3.819057999999999709e+01
-3.643936399999999765e+01 -3.656574499999999972e+01 -3.648055800000000204e+01
-3.886694899999999819e+01 -3.875578800000000257e+01 -3.876434299999999666e+01
-4.178714800000000196e+01 -4.178015500000000060e+01 -4.167610499999999973e+01
-3.891279300000000063e+01 -3.887299200000000354e+01 -3.899879500000000121e+01
-4.106195000000000306e+01 -4.117084400000000244e+01 -4.117283400000000171e+01
-4.066146200000000022e+01 -4.078773499999999785e+01 -4.070177999999999940e+01
-3.831108700000000056e+01 -3.818276699999999835e+01 -3.821815800000000252e+01
-4.040559700000000021e+01 -4.031956000000000273e+01 -4.028387099999999776e+01
-3.908779599999999732e+01 -3.908017799999999653e+01 -3.897081299999999970e+01
-3.610000000000000142e+01 -3.610000000000000142e+01 -3.620739300000000327e+01
-3.874687699999999779e+01 -3.885370199999999841e+01 -3.874088299999999663e+01
-3.758491000000000071e+01 -3.746278000000000219e+01 -3.748228499999999741e+01
-4.032597599999999716e+01 -4.040790899999999652e+01 -4.044864400000000160e+01
-4.201871700000000232e+01 -4.200927899999999937e+01 -4.190644900000000206e+01
-3.949008500000000055e+01 -3.960347300000000104e+01 -3.959806400000000082e+01
-4.099900199999999728e+01 -4.099328200000000066e+01 -4.088492300000000057e+01
-4.046286700000000280e+01 -4.035038300000000078e+01 -4.035396999999999679e+01
-4.110829199999999872e+01 -4.111314000000000135e+01 -4.122422499999999701e+01
-3.796527999999999992e+01 -3.807885100000000023e+01 -3.798605899999999735e+01
-3.827581899999999848e+01 -3.818276699999999835e+01 -3.831108700000000056e+01
-4.169558599999999871e+01 -4.166325199999999995e+01 -4.157808899999999852e+01
-4.191011499999999756e+01 -4.179193300000000022e+01 -4.180467800000000267e+01
-3.710455100000000073e+01 -3.710833600000000132e+01 -3.722142199999999690e+01
-4.015629400000000260e+01 -4.024113499999999988e+01 -4.028031399999999707e+01
-4.128942200000000184e+01 -4.117084400000000244e+01 -4.118174100000000237e+01
-3.899097600000000341e+01 -3.898118900000000053e+01 -3.887832800000000333e+01
-3.869937699999999836e+01 -3.859075800000000100e+01 -3.870270699999999664e+01
-3.691320199999999829e+01 -3.702273399999999981e+01 -3.702093899999999849e+01
-3.893365399999999710e+01 -3.892944899999999819e+01 -3.882208299999999923e+01
-4.099328200000000066e+01 -4.087925599999999804e+01 -4.088492300000000057e+01
-4.045149399999999673e+01 -4.052592700000000292e+01 -4.058879000000000303e+01
-4.007956899999999933e+01 -4.019279199999999719e+01 -4.018780900000000145e+01
-3.794698999999999955e+01 -3.793779200000000174e+01 -3.783145100000000127e+01
-3.896185499999999990e+01 -3.907511399999999924e+01 -3.907045200000000307e+01
-4.040417099999999806e+01 -4.040909800000000018e+01 -4.051733800000000230e+01
-3.867472699999999719e+01 -3.868258600000000058e+01 -3.879108099999999837e+01
-3.869286300000000267e+01 -3.857909999999999684e+01 -3.858338899999999683e+01
-4.157970000000000255e+01 -4.169773200000000202e+01 -4.168596000000000146e+01
-3.694237100000000140e+01 -3.687889700000000204e+01 -3.681667499999999649e+01
-4.193822600000000023e+01 -4.192041100000000142e+01 -4.180669600000000230e+01
-4.012453599999999909e+01 -4.024956499999999693e+01 -4.014309899999999942e+01
-3.925097499999999684e+01 -3.914385800000000160e+01 -3.925533599999999979e+01
-4.082454400000000305e+01 -4.081507899999999722e+01 -4.070650799999999947e+01
-3.980541800000000308e+01 -3.990873899999999708e+01 -3.992267600000000272e+01
-4.185449400000000253e+01 -4.193822600000000023e+01 -4.180669600000000230e+01
-4.140777599999999836e+01 -4.129239700000000113e+01 -4.129722699999999946e+01
-3.973596899999999721e+01 -3.973136900000000082e+01 -3.962273400000000123e+01
-3.768186299999999989e+01 -3.779778199999999799e+01 -3.779494199999999893e+01
-4.078773499999999785e+01 -4.091507399999999706e+01 -4.082720799999999883e+01
-4.089004299999999859e+01 -4.089454599999999829e+01 -4.100353299999999734e+01
-3.799500199999999950e+01 -3.789012900000000172e+01 -3.800618800000000164e+01
-4.169267399999999668e+01 -4.156218299999999743e+01 -4.160379400000000061e+01
-4.213333200000000289e+01 -4.211820500000000322e+01 -4.201581900000000047e+01
-3.685743200000000286e+01 -3.681665499999999724e+01 -3.693979600000000119e+01
-3.841887200000000036e+01 -3.853175399999999939e+01 -3.842752800000000235e+01
-4.053288899999999728e+01 -4.042508200000000329e+01 -4.053850500000000068e+01
-4.083081399999999661e+01 -4.070996999999999844e+01 -4.080466899999999697e+01
-4.071555500000000194e+01 -4.060899599999999765e+01 -4.072271899999999789e+01
-4.151950500000000233e+01 -4.140578399999999704e+01 -4.142198499999999939e+01
-3.884402999999999651e+01 -3.873048399999999702e+01 -3.873502899999999727e+01
-4.166018400000000099e+01 -4.175846399999999647e+01 -4.164436899999999753e+01
-3.801820500000000180e+01 -3.802357800000000054e+01 -3.813243400000000349e+01
-4.146288700000000205e+01 -4.159455299999999767e+01 -4.151869899999999802e+01
-4.150394800000000117e+01 -4.147212799999999788e+01 -4.138764499999999913e+01
-3.835584000000000060e+01 -3.846495900000000034e+01 -3.835076300000000060e+01
-4.027107800000000282e+01 -4.038243599999999844e+01 -4.026357999999999748e+01
-3.879108099999999837e+01 -3.868258600000000058e+01 -3.879807399999999973e+01
-3.883011199999999974e+01 -3.871874199999999888e+01 -3.872238000000000113e+01
-4.043620099999999695e+01 -4.054954299999999989e+01 -4.054410699999999679e+01
-4.131049800000000261e+01 -4.118643000000000143e+01 -4.124318000000000239e+01
-3.793779200000000174e+01 -3.782098799999999983e+01 -3.783145100000000127e+01
-3.806547700000000134e+01 -3.819057999999999709e+01 -3.810353099999999671e+01
-3.944951900000000222e+01 -3.933816199999999697e+01 -3.935003300000000337e+01
-3.831953000000000031e+01 -3.827910399999999669e+01 -3.840316500000000133e+01
-4.103169400000000167e+01 -4.114380500000000040e+01 -4.114002700000000345e+01
-3.868852900000000261e+01 -3.880280499999999932e+01 -3.879807399999999973e+01
-3.980279300000000120e+01 -3.969084999999999752e+01 -3.969509500000000202e+01
-3.861673499999999848e+01 -3.874654699999999963e+01 -3.865393999999999863e+01
-3.756552500000000094e+01 -3.755834500000000276e+01 -3.744924000000000319e+01
-3.769336200000000048e+01 -3.780094499999999869e+01 -3.768498100000000051e+01
-3.710455100000000073e+01 -3.722142199999999690e+01 -3.721721999999999753e+01
-4.045975299999999919e+01 -4.032261700000000104e+01 -4.039810200000000151e+01
-3.780094499999999869e+01 -3.780736699999999928e+01 -3.791508799999999724e+01
-3.743539799999999929e+01 -3.751545500000000288e+01 -3.755774300000000210e+01
-4.080220899999999773e+01 -4.069274699999999712e+01 -4.080342799999999670e+01
-3.768303399999999925e+01 -3.779778199999999799e+01 -3.768186299999999989e+01
-4.138308700000000329e+01 -4.132552100000000195e+01 -4.125159500000000179e+01
-3.800833599999999990e+01 -3.812207999999999686e+01 -3.811722699999999975e+01
-4.113752099999999956e+01 -4.114002700000000345e+01 -4.124820600000000326e+01
-4.014293899999999837e+01 -4.002722099999999728e+01 -4.003880800000000306e+01
-3.955404300000000006e+01 -3.944027799999999928e+01 -3.944951900000000222e+01
-3.908779599999999732e+01 -3.920197999999999894e+01 -3.919503900000000129e+01
-4.128014199999999789e+01 -4.126712899999999706e+01 -4.115998900000000305e+01
-3.850711499999999887e+01 -3.861464800000000253e+01 -3.850397499999999695e+01
-4.097571299999999894e+01 -4.108429499999999734e+01 -4.096949800000000153e+01
-3.686357000000000284e+01 -3.694841100000000012e+01 -3.698343100000000305e+01
-4.102036900000000230e+01 -4.091012899999999775e+01 -4.102330299999999852e+01
-4.108429499999999734e+01 -4.107641999999999882e+01 -4.096949800000000153e+01
-3.710853800000000291e+01 -3.723683199999999971e+01 -3.715385200000000054e+01
-4.057987599999999873e+01 -4.059311199999999786e+01 -4.069858500000000134e+01
-4.224725300000000061e+01 -4.213333200000000289e+01 -4.214726699999999937e+01
-3.979596399999999790e+01 -3.968882599999999883e+01 -3.968765400000000199e+01
-3.674732099999999946e+01 -3.667654600000000187e+01 -3.681667499999999649e+01
-3.665683500000000095e+01 -3.676888799999999691e+01 -3.676113300000000095e+01
-3.988808099999999968e+01 -3.989482600000000190e+01 -4.000126999999999811e+01
-3.904534499999999753e+01 -3.913820100000000224e+01 -3.917244300000000123e+01
-3.920197999999999894e+01 -3.931428799999999768e+01 -3.930854300000000023e+01
-4.121414899999999903e+01 -4.129605200000000309e+01 -4.134209100000000348e+01
-3.908017799999999653e+01 -3.919503900000000129e+01 -3.918879600000000352e+01
-3.972675100000000015e+01 -3.961338299999999890e+01 -3.961809900000000084e+01
-4.203641100000000108e+01 -4.213333200000000289e+01 -4.201581900000000047e+01
-3.990102199999999755e+01 -4.001208199999999948e+01 -4.000716899999999754e+01
-4.145103100000000040e+01 -4.134572099999999750e+01 -4.146204300000000131e+01
-3.992732099999999917e+01 -4.002304199999999668e+01 -4.004791900000000027e+01
-4.166023299999999807e+01 -4.163526499999999686e+01 -4.153933599999999871e+01
-4.093183599999999700e+01 -4.093212900000000332e+01 -4.101971199999999840e+01
-3.871874199999999888e+01 -3.882619199999999893e+01 -3.871460100000000182e+01
-4.023796300000000059e+01 -4.034667799999999716e+01 -4.023430199999999957e+01
-4.069995800000000230e+01 -4.070506199999999808e+01 -4.080567099999999670e+01
-3.856888200000000211e+01 -3.845126700000000142e+01 -3.855865299999999962e+01
-4.112568000000000268e+01 -4.118302700000000272e+01 -4.105003800000000069e+01
-3.764062599999999748e+01 -3.776518800000000198e+01 -3.768160999999999916e+01
-3.790943999999999647e+01 -3.802357800000000054e+01 -3.801820500000000180e+01
-4.208221100000000092e+01 -4.207167900000000316e+01 -4.196417999999999893e+01
-4.167364899999999750e+01 -4.156799999999999784e+01 -4.168596000000000146e+01
-4.162980699999999956e+01 -4.159032499999999999e+01 -4.150357900000000200e+01
-3.852806600000000259e+01 -3.841538599999999803e+01 -3.842752800000000235e+01
-4.179193300000000022e+01 -4.189634800000000325e+01 -4.177727900000000005e+01
-4.012060600000000221e+01 -4.001409999999999911e+01 -4.001046699999999845e+01
-3.945300499999999744e+01 -3.944072700000000253e+01 -3.933445600000000297e+01
-4.024951200000000284e+01 -4.035786900000000088e+01 -4.024501399999999762e+01
-3.665683500000000095e+01 -3.667654600000000187e+01 -3.655509599999999892e+01
-3.945300499999999744e+01 -3.934864400000000018e+01 -3.947326400000000035e+01
-3.676319300000000112e+01 -3.687797199999999975e+01 -3.676367799999999875e+01
-3.870636799999999766e+01 -3.859454099999999954e+01 -3.859853999999999985e+01
-4.136338599999999843e+01 -4.136450399999999661e+01 -4.148308099999999854e+01
-3.889094800000000163e+01 -3.887832800000000333e+01 -3.879702699999999993e+01
-4.056804400000000044e+01 -4.056400800000000118e+01 -4.045537000000000205e+01
-4.065712299999999857e+01 -4.074099400000000060e+01 -4.078111400000000231e+01
-3.968094200000000171e+01 -3.977068299999999823e+01 -3.980541800000000308e+01
-3.892944899999999819e+01 -3.881795100000000076e+01 -3.882208299999999923e+01
-3.733032200000000245e+01 -3.745530200000000320e+01 -3.735705500000000256e+01
-3.779191699999999798e+01 -3.768305000000000149e+01 -3.779516399999999976e+01
-4.035786900000000088e+01 -4.047011400000000236e+01 -4.046650799999999748e+01
-4.147212799999999788e+01 -4.155051499999999720e+01 -4.143193999999999733e+01
-4.208589800000000025e+01 -4.197423500000000018e+01 -4.198866499999999746e+01
-3.805149300000000068e+01 -3.804506500000000102e+01 -3.793779200000000174e+01
-3.923700800000000299e+01 -3.933793500000000165e+01 -3.935003300000000337e+01
-3.690996700000000175e+01 -3.680617699999999815e+01 -3.679482000000000141e+01
-4.073899300000000068e+01 -4.074368100000000226e+01 -4.085210000000000008e+01
-3.724020600000000059e+01 -3.724237999999999715e+01 -3.713268800000000169e+01
-4.095416999999999774e+01 -4.095830099999999874e+01 -4.107086300000000278e+01
-3.739999999999999858e+01 -3.732911800000000113e+01 -3.743742000000000303e+01
-4.135997799999999813e+01 -4.124756800000000112e+01 -4.135486499999999666e+01
-4.027615999999999730e+01 -4.023671600000000126e+01 -4.036175999999999675e+01
-4.094529599999999903e+01 -4.081610700000000236e+01 -4.090997899999999987e+01
-4.099328200000000066e+01 -4.098684599999999989e+01 -4.087925599999999804e+01
-4.001208199999999948e+01 -4.012277799999999672e+01 -4.011895499999999970e+01
-4.105355999999999739e+01 -4.094529599999999903e+01 -4.104552199999999829e+01
-4.216864600000000252e+01 -4.205364999999999753e+01 -4.206493700000000047e+01
-4.038243599999999844e+01 -4.038337400000000343e+01 -4.049047000000000196e+01
-4.085658500000000259e+01 -4.096449400000000196e+01 -4.085210000000000008e+01
-4.104552199999999829e+01 -4.098615999999999815e+01 -4.109327900000000255e+01
-3.681823500000000138e+01 -3.669282199999999960e+01 -3.677452399999999955e+01
-4.001894699999999716e+01 -4.011224099999999737e+01 -4.000745500000000021e+01
-4.076345100000000343e+01 -4.065131600000000134e+01 -4.064144600000000196e+01
-3.763813499999999834e+01 -3.776005700000000331e+01 -3.767893200000000320e+01
-4.073610399999999743e+01 -4.076345100000000343e+01 -4.064144600000000196e+01
-4.021488200000000290e+01 -4.011224099999999737e+01 -4.014309899999999942e+01
-3.747276999999999703e+01 -3.759763199999999728e+01 -3.751545500000000288e+01
-3.866500700000000279e+01 -3.867472699999999719e+01 -3.878195800000000304e+01
-4.075418499999999966e+01 -4.074866600000000005e+01 -4.064076699999999676e+01
-4.124952700000000050e+01 -4.124958300000000122e+01 -4.113667000000000229e+01
-3.941066200000000208e+01 -3.930266400000000004e+01 -3.941591999999999985e+01
-3.789794499999999999e+01 -3.789730300000000085e+01 -3.800468599999999952e+01
-3.620938499999999749e+01 -3.620739300000000327e+01 -3.631093700000000268e+01
-4.035396999999999679e+01 -4.035038300000000078e+01 -4.024154899999999913e+01
-4.044394299999999731e+01 -4.046255599999999930e+01 -4.033173899999999890e+01
-4.054954299999999989e+01 -4.066293499999999739e+01 -4.065757899999999836e+01
-4.059311199999999786e+01 -4.045975299999999919e+01 -4.050681800000000266e+01
-4.213333200000000289e+01 -4.223619000000000057e+01 -4.211820500000000322e+01
-3.643551599999999979e+01 -3.654178900000000141e+01 -3.654665399999999664e+01
-4.151633700000000005e+01 -4.151559900000000169e+01 -4.141132000000000346e+01
-4.102846999999999866e+01 -4.091951600000000155e+01 -4.103169400000000167e+01
-3.810942200000000213e+01 -3.819426299999999941e+01 -3.823715299999999928e+01
-3.819403899999999652e+01 -3.829405500000000018e+01 -3.827293000000000234e+01
-4.022683599999999871e+01 -4.023286699999999882e+01 -4.012060600000000221e+01
-3.610000000000000142e+01 -3.610000000000000142e+01 -3.620696999999999832e+01
-4.108893499999999932e+01 -4.109286800000000284e+01 -4.119652599999999865e+01
-4.079375799999999685e+01 -4.090681599999999918e+01 -4.090281900000000093e+01
-3.643903199999999742e+01 -3.632683999999999713e+01 -3.643907099999999843e+01
-4.002304199999999668e+01 -4.014982299999999782e+01 -4.004791900000000027e+01
-3.998369300000000237e+01 -4.006862100000000027e+01 -4.010896699999999981e+01
-3.724103900000000067e+01 -3.735081699999999927e+01 -3.723819100000000049e+01
-4.130401400000000223e+01 -4.140815800000000024e+01 -4.128942200000000184e+01
-4.168300399999999684e+01 -4.157800199999999791e+01 -4.169062900000000127e+01
-3.761659099999999967e+01 -3.758491000000000071e+01 -3.748228499999999741e+01
-3.946672099999999972e+01 -3.946422100000000199e+01 -3.935501599999999911e+01
-4.107920099999999763e+01 -4.098293900000000178e+01 -4.095575999999999794e+01
-3.776518800000000198e+01 -3.784767300000000034e+01 -3.788939299999999832e+01
-4.087249200000000116e+01 -4.095602399999999932e+01 -4.099884200000000334e+01
-4.130970099999999690e+01 -4.121940099999999774e+01 -4.118777000000000044e+01
-4.162212900000000104e+01 -4.163060399999999817e+01 -4.173580400000000168e+01
-4.007033100000000303e+01 -4.007481899999999797e+01 -4.018313599999999752e+01
-3.995307499999999834e+01 -4.006593099999999907e+01 -4.006157600000000230e+01
-4.019308900000000051e+01 -4.015175500000000142e+01 -4.027615999999999730e+01
-3.813749700000000331e+01 -3.802866399999999913e+01 -3.814240900000000067e+01
-3.632789300000000310e+01 -3.632509799999999700e+01 -3.643834300000000326e+01
-4.011895499999999970e+01 -4.022627200000000158e+01 -4.011391799999999819e+01
-4.027107800000000282e+01 -4.038337400000000343e+01 -4.038243599999999844e+01
-4.099900199999999728e+01 -4.100353299999999734e+01 -4.111314000000000135e+01
-3.943046199999999857e+01 -3.953900800000000260e+01 -3.942615200000000186e+01
-3.823134499999999747e+01 -3.812207999999999686e+01 -3.823648599999999931e+01
-4.031726499999999902e+01 -4.032289300000000054e+01 -4.043068800000000351e+01
-3.665449999999999875e+01 -3.676888799999999691e+01 -3.665683500000000095e+01
-4.147665200000000141e+01 -4.135997799999999813e+01 -4.146238999999999919e+01
-4.088492300000000057e+01 -4.087925599999999804e+01 -4.077115700000000231e+01
-4.086195699999999675e+01 -4.096949800000000153e+01 -4.085658500000000259e+01
-3.701587500000000119e+01 -3.712426299999999912e+01 -3.700831699999999813e+01
-3.984452699999999936e+01 -3.984905400000000242e+01 -3.995752000000000237e+01
-3.989567900000000122e+01 -4.002304199999999668e+01 -3.992732099999999917e+01
-4.174319299999999799e+01 -4.182480600000000237e+01 -4.186592100000000016e+01
-4.163526499999999686e+01 -4.161091400000000107e+01 -4.151950500000000233e+01
-3.934864400000000018e+01 -3.933445600000000297e+01 -3.923388700000000284e+01
-3.901596099999999723e+01 -3.889867799999999676e+01 -3.890757800000000088e+01
-3.768111900000000247e+01 -3.768305000000000149e+01 -3.779191699999999798e+01
-4.201871700000000232e+01 -4.212212600000000151e+01 -4.200927899999999937e+01
-3.690947800000000001e+01 -3.680620900000000262e+01 -3.691320199999999829e+01
-3.840024600000000277e+01 -3.829509399999999886e+01 -3.839398899999999770e+01
-3.793974000000000046e+01 -3.802458099999999774e+01 -3.806547700000000134e+01
-3.995752000000000237e+01 -3.984905400000000242e+01 -3.996199399999999713e+01
-4.133193500000000142e+01 -4.133700100000000077e+01 -4.144084800000000257e+01
-4.133700100000000077e+01 -4.123161999999999949e+01 -4.134572099999999750e+01
-3.776203300000000240e+01 -3.775066499999999792e+01 -3.764532200000000017e+01
-3.957874300000000289e+01 -3.947040299999999746e+01 -3.958268799999999743e+01
-3.802118800000000221e+01 -3.800618800000000164e+01 -3.790286900000000259e+01
-3.910669000000000040e+01 -3.911903300000000172e+01 -3.922033700000000067e+01
-3.739999999999999858e+01 -3.727229700000000179e+01 -3.732911800000000113e+01
-3.979591899999999782e+01 -3.968882599999999883e+01 -3.979596399999999790e+01
-3.957075400000000087e+01 -3.946785599999999761e+01 -3.957867300000000199e+01
-3.779422399999999982e+01 -3.779778199999999799e+01 -3.768303399999999925e+01
-4.132167199999999951e+01 -4.133784500000000151e+01 -4.144094599999999673e+01
-3.957620299999999958e+01 -3.968556900000000098e+01 -3.968765400000000199e+01
-3.997670099999999849e+01 -3.997134400000000198e+01 -3.986322499999999991e+01
-3.979216199999999759e+01 -3.968569600000000008e+01 -3.979591899999999782e+01
-4.028677400000000119e+01 -4.039942299999999875e+01 -4.039466699999999832e+01
-4.181152699999999811e+01 -4.180892899999999912e+01 -4.170200799999999930e+01
-3.917018099999999947e+01 -3.916583299999999923e+01 -3.905754199999999798e+01
-3.746523599999999732e+01 -3.746374099999999885e+01 -3.735421600000000097e+01
-4.114002700000000345e+01 -4.125168000000000035e+01 -4.124820600000000326e+01
-3.677872800000000097e+01 -3.686357000000000284e+01 -3.689992699999999815e+01
-3.720109000000000066e+01 -3.727134199999999709e+01 -3.713552399999999665e+01
-3.891325499999999948e+01 -3.902711500000000200e+01 -3.902432000000000301e+01
-3.957874300000000289e+01 -3.946672099999999972e+01 -3.947040299999999746e+01
-4.093020200000000131e+01 -4.082454400000000305e+01 -4.093864299999999901e+01
-3.964712800000000215e+01 -3.976104500000000286e+01 -3.975515599999999949e+01
-3.745700500000000233e+01 -3.745400699999999716e+01 -3.734201699999999846e+01
-3.724020600000000059e+01 -3.712699500000000086e+01 -3.724824600000000174e+01
-3.667654600000000187e+01 -3.665683500000000095e+01 -3.676113300000000095e+01
-4.166325199999999995e+01 -4.175113999999999947e+01 -4.162980699999999956e+01
-4.095416999999999774e+01 -4.107086300000000278e+01 -4.106264900000000040e+01
-4.203641100000000108e+01 -4.193822600000000023e+01 -4.204857799999999912e+01
-3.806609499999999713e+01 -3.801363700000000279e+01 -3.813595000000000113e+01
-3.689003600000000205e+01 -3.700831699999999813e+01 -3.700088499999999669e+01
-3.735451499999999925e+01 -3.747553700000000276e+01 -3.739248500000000064e+01
-3.865517899999999685e+01 -3.854758999999999958e+01 -3.866500700000000279e+01
-3.984905400000000242e+01 -3.973596899999999721e+01 -3.974056600000000117e+01
-3.990587699999999671e+01 -4.001491399999999743e+01 -4.001208199999999948e+01
-4.141964099999999860e+01 -4.150206399999999718e+01 -4.154700499999999863e+01
-3.957075400000000087e+01 -3.967574700000000121e+01 -3.956079299999999677e+01
-3.720321700000000220e+01 -3.707399999999999807e+01 -3.713552399999999665e+01
-4.159089800000000281e+01 -4.147212799999999788e+01 -4.150394800000000117e+01
-4.033382100000000037e+01 -4.032851500000000300e+01 -4.022104399999999913e+01
-3.812720900000000057e+01 -3.813243400000000349e+01 -3.824160299999999779e+01
-3.621863199999999949e+01 -3.632789300000000310e+01 -3.633868600000000271e+01
-3.665782500000000255e+01 -3.679482000000000141e+01 -3.669593400000000116e+01
-4.215700999999999965e+01 -4.225831600000000066e+01 -4.214726699999999937e+01
-4.136681300000000050e+01 -4.136642700000000161e+01 -4.147854499999999689e+01
-3.816264199999999818e+01 -3.815824200000000133e+01 -3.805149300000000068e+01
-3.802357800000000054e+01 -3.791508799999999724e+01 -3.802866399999999913e+01
-4.075995799999999747e+01 -4.075418499999999966e+01 -4.064636200000000343e+01
-3.966044500000000284e+01 -3.954627599999999887e+01 -3.955404300000000006e+01
-3.996199399999999713e+01 -4.007481899999999797e+01 -4.007033100000000303e+01
-4.125159500000000179e+01 -4.118643000000000143e+01 -4.131049800000000261e+01
-3.822427100000000166e+01 -3.812113800000000197e+01 -3.823800700000000319e+01
-3.951164899999999847e+01 -3.964324899999999730e+01 -3.955007799999999918e+01
-4.023763799999999691e+01 -4.027789800000000042e+01 -4.034214699999999709e+01
-4.003880800000000306e+01 -3.990873899999999708e+01 -3.995190699999999850e+01
-4.015698400000000134e+01 -4.027107800000000282e+01 -4.026357999999999748e+01
-4.157800199999999791e+01 -4.158499900000000338e+01 -4.169062900000000127e+01
-3.845199399999999912e+01 -3.833810199999999924e+01 -3.845126700000000142e+01
-3.801301399999999830e+01 -3.790427799999999792e+01 -3.801820500000000180e+01
-4.054583000000000226e+01 -4.044366800000000239e+01 -4.043755399999999867e+01
-3.693979600000000119e+01 -3.706360699999999753e+01 -3.698273600000000272e+01
-3.735081699999999927e+01 -3.746215000000000117e+01 -3.746055299999999733e+01
-4.215531399999999707e+01 -4.214425099999999702e+01 -4.203821800000000053e+01
-4.104514900000000210e+01 -4.112545800000000185e+01 -4.118314699999999817e+01
-4.189801500000000090e+01 -4.178714800000000196e+01 -4.179487300000000261e+01
-4.124973500000000115e+01 -4.138675099999999674e+01 -4.130594599999999872e+01
-4.125823199999999957e+01 -4.126158900000000074e+01 -4.136642700000000161e+01
-3.861765599999999665e+01 -3.850620800000000088e+01 -3.862004600000000210e+01
-3.872759800000000041e+01 -3.873048399999999702e+01 -3.883996299999999735e+01
-4.069858500000000134e+01 -4.080718499999999693e+01 -4.069324699999999950e+01
-4.111314000000000135e+01 -4.111615499999999912e+01 -4.122580800000000067e+01
-4.081106199999999973e+01 -4.091951600000000155e+01 -4.080718499999999693e+01
-4.047361599999999981e+01 -4.058173500000000189e+01 -4.047011400000000236e+01
-3.933816199999999697e+01 -3.925687599999999833e+01 -3.935003300000000337e+01
-3.871874199999999888e+01 -3.871460100000000182e+01 -3.860717900000000213e+01
-3.870270699999999664e+01 -3.881416999999999717e+01 -3.881088299999999691e+01
-3.822410800000000108e+01 -3.831345900000000171e+01 -3.833335499999999740e+01
-4.172631400000000212e+01 -4.169558599999999871e+01 -4.161091400000000107e+01
-3.927940799999999655e+01 -3.936837799999999987e+01 -3.938573499999999683e+01
-4.206493700000000047e+01 -4.193544299999999936e+01 -4.197317199999999815e+01
-3.807885100000000023e+01 -3.806932700000000125e+01 -3.798605899999999735e+01
-4.124756800000000112e+01 -4.113671200000000283e+01 -4.124640999999999735e+01
-4.135568099999999703e+01 -4.146604399999999657e+01 -4.146190299999999951e+01
-3.639446000000000225e+01 -3.635452300000000037e+01 -3.648055800000000204e+01
-4.126145000000000351e+01 -4.134209100000000348e+01 -4.139845400000000097e+01
-3.759763199999999728e+01 -3.755651499999999743e+01 -3.768160999999999916e+01
-4.187610999999999706e+01 -4.184513799999999861e+01 -4.175457500000000266e+01
-4.159032499999999999e+01 -4.145823099999999783e+01 -4.150357900000000200e+01
-3.836503400000000141e+01 -3.825138799999999861e+01 -3.825614600000000110e+01
-3.968556900000000098e+01 -3.968570299999999662e+01 -3.979492400000000174e+01
-3.758954099999999698e+01 -3.745530200000000320e+01 -3.750774499999999989e+01
-3.698343100000000305e+01 -3.694841100000000012e+01 -3.706692300000000273e+01
-3.757245699999999999e+01 -3.757375199999999893e+01 -3.746523599999999732e+01
-3.689992699999999815e+01 -3.702125399999999900e+01 -3.693979600000000119e+01
-4.074099400000000060e+01 -4.082720799999999883e+01 -4.086515899999999846e+01
-4.123161999999999949e+01 -4.122625200000000234e+01 -4.111932699999999841e+01
-3.873048399999999702e+01 -3.862004600000000210e+01 -3.873502899999999727e+01
-3.632509799999999700e+01 -3.632223900000000327e+01 -3.643551599999999979e+01
-4.130970099999999690e+01 -4.118777000000000044e+01 -4.127924200000000354e+01
-4.158499900000000338e+01 -4.169776800000000350e+01 -4.169062900000000127e+01
-3.948483499999999680e+01 -3.937713500000000266e+01 -3.949008500000000055e+01
-3.852806600000000259e+01 -3.863412600000000197e+01 -3.851932099999999792e+01
-3.916583299999999923e+01 -3.916150100000000123e+01 -3.905348699999999695e+01
-3.687762500000000188e+01 -3.698862499999999898e+01 -3.687959800000000143e+01
-3.654868599999999645e+01 -3.648310800000000143e+01 -3.641630099999999715e+01
-4.039942299999999875e+01 -4.051242100000000335e+01 -4.050738400000000183e+01
-3.763813499999999834e+01 -3.767893200000000320e+01 -3.755774300000000210e+01
-3.772138900000000206e+01 -3.768160999999999916e+01 -3.780674799999999891e+01
-4.098684599999999989e+01 -4.098122500000000201e+01 -4.087357399999999785e+01
-4.027129099999999795e+01 -4.025508599999999859e+01 -4.014982299999999782e+01
-3.664943199999999734e+01 -3.673291400000000095e+01 -3.677452399999999955e+01
-4.218087599999999782e+01 -4.206077700000000164e+01 -4.207167900000000316e+01
-4.028228099999999756e+01 -4.028677400000000119e+01 -4.039466699999999832e+01
-4.006593099999999907e+01 -4.007033100000000303e+01 -4.017863700000000193e+01
-4.082939499999999811e+01 -4.093212900000000332e+01 -4.082270900000000324e+01
-3.800833599999999990e+01 -3.790018599999999793e+01 -3.801301399999999830e+01
-3.976104500000000286e+01 -3.986879499999999865e+01 -3.975515599999999949e+01
-4.099328200000000066e+01 -4.110829199999999872e+01 -4.110093299999999772e+01
-4.099884200000000334e+01 -4.107923100000000005e+01 -4.112545800000000185e+01
-4.047762000000000171e+01 -4.036542800000000142e+01 -4.037296899999999766e+01
-3.878365000000000151e+01 -3.890567699999999718e+01 -3.882810200000000123e+01
-3.816562799999999811e+01 -3.816264199999999818e+01 -3.805528499999999781e+01
-3.942680299999999960e+01 -3.938613900000000001e+01 -3.951164899999999847e+01
-4.036655300000000324e+01 -4.041567299999999818e+01 -4.027789800000000042e+01
-3.669388699999999659e+01 -3.677872800000000097e+01 -3.681665499999999724e+01
-4.102486300000000341e+01 -4.113667000000000229e+01 -4.102330299999999852e+01
-3.913993099999999714e+01 -3.925097499999999684e+01 -3.924718899999999877e+01
-3.654411400000000043e+01 -3.643903199999999742e+01 -3.655187500000000256e+01
-4.169773200000000202e+01 -4.181863799999999998e+01 -4.180467800000000267e+01
-4.036146999999999707e+01 -4.037296899999999766e+01 -4.027129099999999795e+01
-3.968340599999999796e+01 -3.969695000000000107e+01 -3.959352100000000263e+01
-3.677872800000000097e+01 -3.689992699999999815e+01 -3.681665499999999724e+01
-4.033912200000000325e+01 -4.022683599999999871e+01 -4.033309500000000014e+01
-3.977109500000000253e+01 -3.973208799999999741e+01 -3.985746100000000069e+01
-3.929232400000000069e+01 -3.929721099999999723e+01 -3.940563699999999869e+01
-4.215531399999999707e+01 -4.203821800000000053e+01 -4.205624199999999746e+01
-3.926463600000000298e+01 -3.926936299999999846e+01 -3.937713500000000266e+01
-3.757035700000000134e+01 -3.745700500000000233e+01 -3.745899000000000001e+01
-3.687959800000000143e+01 -3.698862499999999898e+01 -3.699819300000000055e+01
-4.014783400000000313e+01 -4.014293899999999837e+01 -4.003880800000000306e+01
-3.747276999999999703e+01 -3.755651499999999743e+01 -3.759763199999999728e+01
-4.082720799999999883e+01 -4.095252399999999682e+01 -4.086515899999999846e+01
-4.049111099999999652e+01 -4.059625799999999884e+01 -4.061357699999999937e+01
-3.828083600000000075e+01 -3.839876799999999690e+01 -3.829405500000000018e+01
-4.125543799999999806e+01 -4.136681300000000050e+01 -4.136379500000000320e+01
-3.904524399999999673e+01 -3.893774400000000213e+01 -3.904942799999999892e+01
-3.660833600000000132e+01 -3.656359900000000351e+01 -3.669593400000000116e+01
-3.714262500000000244e+01 -3.702125399999999900e+01 -3.710401000000000238e+01
-3.990658499999999975e+01 -3.979742099999999994e+01 -3.990264100000000269e+01
-4.161091400000000107e+01 -4.169558599999999871e+01 -4.157808899999999852e+01
-4.055873799999999818e+01 -4.052854599999999863e+01 -4.064647300000000030e+01
-3.661014500000000282e+01 -3.669282199999999960e+01 -3.673998300000000228e+01
-4.155612299999999948e+01 -4.145103100000000040e+01 -4.156799999999999784e+01
-4.105131999999999692e+01 -4.115356700000000245e+01 -4.104305000000000092e+01
-3.890757800000000088e+01 -3.891325499999999948e+01 -3.902432000000000301e+01
-4.143193999999999733e+01 -4.138308700000000329e+01 -4.131049800000000261e+01
-4.090281900000000093e+01 -4.101612099999999828e+01 -4.101145600000000258e+01
-4.076747999999999905e+01 -4.067754200000000253e+01 -4.064647300000000030e+01
-3.850646600000000319e+01 -3.840024600000000277e+01 -3.839398899999999770e+01
-3.959806400000000082e+01 -3.971179500000000218e+01 -3.970600100000000054e+01
-3.771331599999999895e+01 -3.784058600000000183e+01 -3.775039900000000159e+01
-4.170200799999999930e+01 -4.159058699999999931e+01 -4.159106700000000245e+01
-3.962743300000000346e+01 -3.951418799999999720e+01 -3.951895100000000127e+01
-4.102649499999999705e+01 -4.091478599999999943e+01 -4.091664999999999708e+01
-4.002523399999999754e+01 -4.003752200000000272e+01 -4.014578099999999949e+01
-3.780478200000000299e+01 -3.787889499999999998e+01 -3.793723500000000115e+01
-4.059624000000000166e+01 -4.060164600000000235e+01 -4.070506199999999808e+01
-3.707725500000000096e+01 -3.712699500000000086e+01 -3.699898199999999804e+01
-4.104150500000000079e+01 -4.116686099999999726e+01 -4.107923100000000005e+01
-4.091380699999999848e+01 -4.102553999999999945e+01 -4.102486300000000341e+01
-3.712426299999999912e+01 -3.723819100000000049e+01 -3.723428799999999939e+01
-3.889867799999999676e+01 -3.879108099999999837e+01 -3.890757800000000088e+01
-3.733032200000000245e+01 -3.740154700000000076e+01 -3.745530200000000320e+01
-3.861464800000000253e+01 -3.861635299999999660e+01 -3.872519299999999731e+01
-4.057186200000000298e+01 -4.056804400000000044e+01 -4.045919800000000066e+01
-3.937212099999999992e+01 -3.936725799999999964e+01 -3.925990600000000086e+01
-3.707399999999999807e+01 -3.694654599999999789e+01 -3.701059500000000213e+01
-4.183335300000000245e+01 -4.185449400000000253e+01 -4.174711800000000039e+01
-4.127649000000000257e+01 -4.135684400000000238e+01 -4.124318000000000239e+01
-3.927860799999999841e+01 -3.916583299999999923e+01 -3.917018099999999947e+01
-3.896185499999999990e+01 -3.896643499999999705e+01 -3.907511399999999924e+01
-3.935501599999999911e+01 -3.935272700000000157e+01 -3.924424499999999938e+01
-4.033912200000000325e+01 -4.023286699999999882e+01 -4.022683599999999871e+01
-3.703325199999999739e+01 -3.711809300000000178e+01 -3.715021800000000241e+01
-3.938207100000000338e+01 -3.927400999999999698e+01 -3.938691800000000143e+01
-4.134572099999999750e+01 -4.123161999999999949e+01 -4.123893999999999949e+01
-4.035038300000000078e+01 -4.034667799999999716e+01 -4.023796300000000059e+01
-4.103169400000000167e+01 -4.103658300000000025e+01 -4.114380500000000040e+01
-3.676319300000000112e+01 -3.676367799999999875e+01 -3.664583100000000115e+01
-3.828083600000000075e+01 -3.814705899999999872e+01 -3.822410800000000108e+01
-3.917244300000000123e+01 -3.929953700000000083e+01 -3.921218999999999966e+01
-3.978311200000000269e+01 -3.966622399999999971e+01 -3.967714399999999841e+01
-3.772452700000000192e+01 -3.780912299999999959e+01 -3.784767300000000034e+01
-3.792021900000000301e+01 -3.792476800000000026e+01 -3.803362099999999657e+01
-3.999487799999999993e+01 -3.988131099999999662e+01 -3.988808099999999968e+01
-4.139999999999999858e+01 -4.130970099999999690e+01 -4.127924200000000354e+01
-4.105355999999999739e+01 -4.105131999999999692e+01 -4.095133100000000326e+01
-4.158499900000000338e+01 -4.147675999999999874e+01 -4.159058699999999931e+01
-4.012550600000000145e+01 -4.001562299999999794e+01 -4.012922300000000320e+01
-3.864572600000000335e+01 -3.853175399999999939e+01 -3.853754500000000149e+01
-4.207167900000000316e+01 -4.195424899999999724e+01 -4.196417999999999893e+01
-3.668242899999999906e+01 -3.654868599999999645e+01 -3.661930900000000122e+01
-3.847411999999999921e+01 -3.836055100000000095e+01 -3.836503400000000141e+01
-3.904094200000000114e+01 -3.915260700000000327e+01 -3.914812799999999982e+01
-4.175113999999999947e+01 -4.171692500000000337e+01 -4.162980699999999956e+01
-3.909532600000000002e+01 -3.898073800000000233e+01 -3.899250700000000336e+01
-3.673998300000000228e+01 -3.681823500000000138e+01 -3.686312900000000070e+01
-3.893774400000000213e+01 -3.893365399999999710e+01 -3.882619199999999893e+01
-4.146206200000000308e+01 -4.154408600000000007e+01 -4.158481700000000103e+01
-4.078575500000000176e+01 -4.078985000000000127e+01 -4.089869999999999806e+01
-3.957075400000000087e+01 -3.956079299999999677e+01 -3.945369600000000077e+01
-3.885815900000000056e+01 -3.896643499999999705e+01 -3.885370199999999841e+01
-3.962273400000000123e+01 -3.950948799999999750e+01 -3.951418799999999720e+01
-3.801960900000000265e+01 -3.797958799999999968e+01 -3.810353099999999671e+01
-4.217491499999999860e+01 -4.206493700000000047e+01 -4.206567700000000087e+01
-3.916583299999999923e+01 -3.927400999999999698e+01 -3.916150100000000123e+01
-3.839876799999999690e+01 -3.850837400000000343e+01 -3.839301700000000039e+01
-3.969509500000000202e+01 -3.958268799999999743e+01 -3.958735500000000229e+01
-4.218087599999999782e+01 -4.216981299999999777e+01 -4.206077700000000164e+01
-3.935669800000000151e+01 -3.935247300000000337e+01 -3.946645800000000293e+01
-3.715385200000000054e+01 -3.719820399999999694e+01 -3.707725500000000096e+01
-3.712900100000000236e+01 -3.712426299999999912e+01 -3.701587500000000119e+01
-3.931898000000000337e+01 -3.942615200000000186e+01 -3.931428799999999768e+01
-3.715385200000000054e+01 -3.723683199999999971e+01 -3.728105500000000205e+01
-3.861846899999999749e+01 -3.870331000000000188e+01 -3.874277899999999875e+01
-4.045919800000000066e+01 -4.056804400000000044e+01 -4.045537000000000205e+01
-3.978900500000000306e+01 -3.979549399999999792e+01 -3.990102199999999755e+01
-3.846976999999999691e+01 -3.857909999999999684e+01 -3.846495900000000034e+01
-3.983072299999999899e+01 -3.972201100000000196e+01 -3.983541699999999963e+01
-3.883353400000000022e+01 -3.883670000000000044e+01 -3.894528600000000296e+01
-4.154171999999999798e+01 -4.162980699999999956e+01 -4.150357900000000200e+01
-4.030616700000000208e+01 -4.031159300000000201e+01 -4.041951000000000249e+01
-3.935501599999999911e+01 -3.924718899999999877e+01 -3.935845400000000183e+01
-3.959258299999999764e+01 -3.948483499999999680e+01 -3.959806400000000082e+01
-3.803897099999999654e+01 -3.815284100000000223e+01 -3.814747700000000208e+01
-3.935845400000000183e+01 -3.925097499999999684e+01 -3.936265099999999961e+01
-4.216981299999999777e+01 -4.215531399999999707e+01 -4.205624199999999746e+01
-4.054024799999999829e+01 -4.042871000000000237e+01 -4.052328099999999722e+01
-3.889094800000000163e+01 -3.899097600000000341e+01 -3.887832800000000333e+01
-3.883996299999999735e+01 -3.895292200000000093e+01 -3.894893199999999922e+01
-4.136379500000000320e+01 -4.136681300000000050e+01 -4.147675999999999874e+01
-3.789460799999999807e+01 -3.785489900000000318e+01 -3.797958799999999968e+01
-4.150394800000000117e+01 -4.138764499999999913e+01 -4.140815800000000024e+01
-3.688190500000000327e+01 -3.676319300000000112e+01 -3.676931700000000092e+01
-3.770156999999999670e+01 -3.781513000000000346e+01 -3.770354499999999831e+01
-3.963684700000000305e+01 -3.974515499999999690e+01 -3.963210999999999729e+01
-4.033173899999999890e+01 -4.037350299999999947e+01 -4.024956499999999693e+01
-4.075995799999999747e+01 -4.065204899999999810e+01 -4.076563699999999812e+01
-3.723377299999999934e+01 -3.731298699999999968e+01 -3.735451499999999925e+01
-4.124640999999999735e+01 -4.124820600000000326e+01 -4.135568099999999703e+01
-4.078131400000000184e+01 -4.089454599999999829e+01 -4.089004299999999859e+01
-3.867472699999999719e+01 -3.856721499999999736e+01 -3.868258600000000058e+01
-4.012277799999999672e+01 -4.012550600000000145e+01 -4.023430199999999957e+01
-3.622190799999999911e+01 -3.636313700000000182e+01 -3.630013000000000289e+01
-4.031956000000000273e+01 -4.032760700000000043e+01 -4.021698299999999904e+01
-4.119766200000000111e+01 -4.129377000000000209e+01 -4.131108499999999850e+01
-4.174373500000000092e+01 -4.160578100000000035e+01 -4.166984599999999972e+01
-4.114002700000000345e+01 -4.114380500000000040e+01 -4.125168000000000035e+01
-3.735451499999999925e+01 -3.739248500000000064e+01 -3.727090700000000112e+01
-3.932025800000000260e+01 -3.921341300000000274e+01 -3.920593000000000217e+01
-4.130401400000000223e+01 -4.128942200000000184e+01 -4.118174100000000237e+01
-3.983997800000000211e+01 -3.984452699999999936e+01 -3.995307499999999834e+01
-3.868966199999999844e+01 -3.877730600000000294e+01 -3.879702699999999993e+01
-4.036418599999999657e+01 -4.048776999999999759e+01 -4.040406099999999867e+01
-4.080220899999999773e+01 -4.091380699999999848e+01 -4.091244400000000070e+01
-3.790427799999999792e+01 -3.790943999999999647e+01 -3.801820500000000180e+01
-4.175133900000000153e+01 -4.163647499999999724e+01 -4.175375999999999976e+01
-4.184890999999999650e+01 -4.174257000000000062e+01 -4.185630400000000151e+01
-3.753141500000000264e+01 -3.743742000000000303e+01 -3.740316599999999880e+01
-3.813243400000000349e+01 -3.824660300000000035e+01 -3.824160299999999779e+01
-3.742814400000000319e+01 -3.735111400000000259e+01 -3.730825600000000009e+01
-3.816562799999999811e+01 -3.805528499999999781e+01 -3.805449999999999733e+01
-3.859853999999999985e+01 -3.848643400000000270e+01 -3.849067500000000308e+01
-3.833027799999999985e+01 -3.842992000000000274e+01 -3.831108700000000056e+01
-3.829018099999999691e+01 -3.828599299999999772e+01 -3.817987099999999856e+01
-3.920854599999999834e+01 -3.931428799999999768e+01 -3.920197999999999894e+01
-3.678216900000000322e+01 -3.689003600000000205e+01 -3.676931700000000092e+01
-4.084390599999999694e+01 -4.073443499999999773e+01 -4.084805000000000064e+01
-4.016591100000000125e+01 -4.005296299999999832e+01 -4.005724899999999877e+01
-3.865233500000000078e+01 -3.853579700000000230e+01 -3.865517899999999685e+01
-3.769336200000000048e+01 -3.780736699999999928e+01 -3.780094499999999869e+01
-3.699502199999999874e+01 -3.700088499999999669e+01 -3.711298299999999983e+01
-4.141561699999999746e+01 -4.154408600000000007e+01 -4.146206200000000308e+01
-4.140777599999999836e+01 -4.129722699999999946e+01 -4.141338900000000223e+01
-3.943046199999999857e+01 -3.931898000000000337e+01 -3.932025800000000260e+01
-3.924718899999999877e+01 -3.925097499999999684e+01 -3.935845400000000183e+01
-3.745400699999999716e+01 -3.756552500000000094e+01 -3.744924000000000319e+01
-4.042871000000000237e+01 -4.031956000000000273e+01 -4.040559700000000021e+01
-3.731298699999999968e+01 -3.726101200000000091e+01 -3.739041799999999682e+01
-4.055953099999999978e+01 -4.067262900000000059e+01 -4.066797100000000142e+01
-4.000126999999999811e+01 -3.989482600000000190e+01 -4.000716899999999754e+01
-4.135513300000000214e+01 -4.136338599999999843e+01 -4.147302599999999728e+01
-4.001409999999999911e+01 -3.990423700000000196e+01 -3.990421299999999860e+01
-4.049214500000000072e+01 -4.059624000000000166e+01 -4.049047000000000196e+01
-4.044664099999999962e+01 -4.033382100000000037e+01 -4.033864100000000263e+01
-4.160578100000000035e+01 -4.156810699999999770e+01 -4.166984599999999972e+01
-4.090681599999999918e+01 -4.079726999999999748e+01 -4.091012899999999775e+01
-4.045537000000000205e+01 -4.045116699999999810e+01 -4.034283200000000136e+01
-3.988131099999999662e+01 -3.976751200000000352e+01 -3.977433400000000319e+01
-3.865517899999999685e+01 -3.866500700000000279e+01 -3.877212699999999757e+01
-3.770156999999999670e+01 -3.758729199999999793e+01 -3.758491000000000071e+01
-4.022683599999999871e+01 -4.011574199999999735e+01 -4.022168800000000033e+01
-3.768016599999999983e+01 -3.768150200000000183e+01 -3.757060500000000047e+01
-4.133193500000000142e+01 -4.144084800000000257e+01 -4.143552199999999885e+01
-3.913498899999999736e+01 -3.914062500000000000e+01 -3.925847699999999918e+01
-3.710455100000000073e+01 -3.721721999999999753e+01 -3.710355200000000053e+01
-4.057987599999999873e+01 -4.069858500000000134e+01 -4.069324699999999950e+01
-3.849981100000000112e+01 -3.861127299999999707e+01 -3.860717900000000213e+01
-4.151950500000000233e+01 -4.161091400000000107e+01 -4.149983999999999895e+01
-3.688190500000000327e+01 -3.687797199999999975e+01 -3.676319300000000112e+01
-3.720321700000000220e+01 -3.714459500000000247e+01 -3.707399999999999807e+01
-4.118777000000000044e+01 -4.107920099999999763e+01 -4.118302700000000272e+01
-3.764062599999999748e+01 -3.772452700000000192e+01 -3.776518800000000198e+01
-4.027452399999999955e+01 -4.016185899999999975e+01 -4.016591100000000125e+01
-3.691320199999999829e+01 -3.690996700000000175e+01 -3.702273399999999981e+01
-3.937212099999999992e+01 -3.937713500000000266e+01 -3.948483499999999680e+01
-4.053247300000000308e+01 -4.065712299999999857e+01 -4.057211399999999912e+01
-4.102036900000000230e+01 -4.090681599999999918e+01 -4.091012899999999775e+01
-3.771186200000000355e+01 -3.770156999999999670e+01 -3.758491000000000071e+01
-4.015773999999999688e+01 -4.015698400000000134e+01 -4.026357999999999748e+01
-3.991372799999999899e+01 -4.002523399999999754e+01 -4.001782299999999992e+01
-4.069995800000000230e+01 -4.080567099999999670e+01 -4.080466899999999697e+01
-3.718925000000000125e+01 -3.714262500000000244e+01 -3.726283200000000306e+01
-3.959512999999999749e+01 -3.964324899999999730e+01 -3.951164899999999847e+01
-3.908557900000000274e+01 -3.904534499999999753e+01 -3.917244300000000123e+01
-4.187972299999999848e+01 -4.186177800000000104e+01 -4.177294599999999747e+01
-3.849520499999999856e+01 -3.849981100000000112e+01 -3.860717900000000213e+01
-3.620938499999999749e+01 -3.610000000000000142e+01 -3.620739300000000327e+01
-4.000732599999999906e+01 -3.990216999999999814e+01 -3.990129799999999705e+01
-4.096105899999999878e+01 -4.095830099999999874e+01 -4.084805000000000064e+01
-3.852806600000000259e+01 -3.851932099999999792e+01 -3.841538599999999803e+01
-3.723683199999999971e+01 -3.731954100000000096e+01 -3.736832299999999663e+01
-4.103658300000000025e+01 -4.092340300000000042e+01 -4.093020200000000131e+01
-3.632223900000000327e+01 -3.631093700000000268e+01 -3.643032999999999788e+01
-4.011176700000000039e+01 -4.011574199999999735e+01 -4.000732599999999906e+01
-3.903712999999999766e+01 -3.916022399999999948e+01 -3.907718100000000305e+01
-4.198120300000000071e+01 -4.197265600000000063e+01 -4.186227699999999885e+01
-3.936725799999999964e+01 -3.947971499999999878e+01 -3.947482699999999767e+01
-4.148113899999999887e+01 -4.138259099999999790e+01 -4.150343399999999860e+01
-3.743742000000000303e+01 -3.732911800000000113e+01 -3.740316599999999880e+01
-4.019308900000000051e+01 -4.027615999999999730e+01 -4.032261700000000104e+01
-4.024951200000000284e+01 -4.036175200000000274e+01 -4.035786900000000088e+01
-4.223619000000000057e+01 -4.222512700000000052e+01 -4.211820500000000322e+01
-3.996646499999999946e+01 -3.985356800000000277e+01 -3.985814599999999785e+01
-4.147854499999999689e+01 -4.147208799999999940e+01 -4.159106700000000245e+01
-4.124952700000000050e+01 -4.136450399999999661e+01 -4.124958300000000122e+01
-3.964324899999999730e+01 -3.978198799999999835e+01 -3.968340599999999796e+01
-3.946422100000000199e+01 -3.957480499999999779e+01 -3.946358800000000144e+01
-3.910669000000000040e+01 -3.909532600000000002e+01 -3.899250700000000336e+01
-4.089004299999999859e+01 -4.099900199999999728e+01 -4.088492300000000057e+01
-3.870636799999999766e+01 -3.859853999999999985e+01 -3.871040299999999945e+01
-3.806932700000000125e+01 -3.817328200000000038e+01 -3.805449999999999733e+01
-3.801301399999999830e+01 -3.790018599999999793e+01 -3.790427799999999792e+01
-4.014982299999999782e+01 -4.010896699999999981e+01 -4.022964100000000087e+01
-3.968365699999999663e+01 -3.957075400000000087e+01 -3.957867300000000199e+01
-4.007481899999999797e+01 -3.996646499999999946e+01 -4.007956899999999933e+01
-3.970021400000000256e+01 -3.959258299999999764e+01 -3.970600100000000054e+01
-3.998856299999999919e+01 -3.999487799999999993e+01 -4.010204900000000094e+01
-3.930266400000000004e+01 -3.930854300000000023e+01 -3.941591999999999985e+01
-3.995752000000000237e+01 -3.996199399999999713e+01 -4.007033100000000303e+01
-3.903275899999999865e+01 -3.903673400000000271e+01 -3.914385800000000160e+01
-4.069858500000000134e+01 -4.059311199999999786e+01 -4.070414600000000149e+01
-3.643834300000000326e+01 -3.654665399999999664e+01 -3.655509599999999892e+01
-4.063552099999999712e+01 -4.052749099999999771e+01 -4.064076699999999676e+01
-3.957297499999999957e+01 -3.947326400000000035e+01 -3.958146700000000351e+01
-3.828025900000000092e+01 -3.816562799999999811e+01 -3.817328200000000038e+01
-3.925687599999999833e+01 -3.923700800000000299e+01 -3.935003300000000337e+01
-3.941066200000000208e+01 -3.941591999999999985e+01 -3.952384500000000145e+01
-3.823800700000000319e+01 -3.814159300000000030e+01 -3.827581899999999848e+01
-4.069655099999999948e+01 -4.078111400000000231e+01 -4.081610700000000236e+01
-3.870331000000000188e+01 -3.878815099999999916e+01 -3.882740199999999930e+01
-3.888078600000000051e+01 -3.894811299999999932e+01 -3.900033400000000228e+01
-4.220300199999999791e+01 -4.219193899999999786e+01 -4.208221100000000092e+01
-3.902937099999999759e+01 -3.913993099999999714e+01 -3.913674699999999973e+01
-3.815299900000000122e+01 -3.823715299999999928e+01 -3.828327600000000075e+01
-3.789012900000000172e+01 -3.778441399999999817e+01 -3.790286900000000259e+01
-3.992886699999999678e+01 -3.981370400000000132e+01 -3.982026499999999913e+01
-4.198120300000000071e+01 -4.186834100000000092e+01 -4.199709200000000209e+01
-4.140578399999999704e+01 -4.149983999999999895e+01 -4.139488099999999804e+01
-3.962273400000000123e+01 -3.961809900000000084e+01 -3.950948799999999750e+01
-4.138764499999999913e+01 -4.135684400000000238e+01 -4.127649000000000257e+01
-3.841887200000000036e+01 -3.848508199999999846e+01 -3.853754500000000149e+01
-3.981692900000000179e+01 -3.990176999999999907e+01 -3.994304600000000249e+01
-4.143552199999999885e+01 -4.144084800000000257e+01 -4.154466299999999990e+01
-4.219193899999999786e+01 -4.218087599999999782e+01 -4.207167900000000316e+01
-3.757375199999999893e+01 -3.768498100000000051e+01 -3.768305000000000149e+01
-3.703325199999999739e+01 -3.715021800000000241e+01 -3.706692300000000273e+01
-4.065712299999999857e+01 -4.061677000000000248e+01 -4.074099400000000060e+01
-3.610000000000000142e+01 -3.622190799999999911e+01 -3.620319099999999679e+01
-3.793779200000000174e+01 -3.793041300000000149e+01 -3.782098799999999983e+01
-3.710853800000000291e+01 -3.718925000000000125e+01 -3.723683199999999971e+01
-3.908035900000000140e+01 -3.910833699999999880e+01 -3.900033400000000228e+01
-4.113671200000000283e+01 -4.102649499999999705e+01 -4.113752099999999956e+01
-3.974992799999999704e+01 -3.964182999999999879e+01 -3.975515599999999949e+01
-3.755834500000000276e+01 -3.754736499999999921e+01 -3.744156100000000009e+01
-3.945369600000000077e+01 -3.944951900000000222e+01 -3.935003300000000337e+01
-3.928311599999999970e+01 -3.917018099999999947e+01 -3.917458599999999791e+01
-3.687889700000000204e+01 -3.674732099999999946e+01 -3.681667499999999649e+01
-3.961809900000000084e+01 -3.961338299999999890e+01 -3.950480199999999797e+01
-4.221406499999999795e+01 -4.209236500000000092e+01 -4.210458200000000062e+01
-3.778441399999999817e+01 -3.766590300000000013e+01 -3.767619400000000240e+01
-4.072271899999999789e+01 -4.061516999999999911e+01 -4.072955600000000231e+01
-3.757110600000000034e+01 -3.768111900000000247e+01 -3.768016599999999983e+01
-4.101612099999999828e+01 -4.102036900000000230e+01 -4.113031000000000148e+01
-3.839701600000000070e+01 -3.840024600000000277e+01 -3.850711499999999887e+01
-3.899879500000000121e+01 -3.908557900000000274e+01 -3.912360300000000279e+01
-4.045116699999999810e+01 -4.044664099999999962e+01 -4.033864100000000263e+01
-3.802458099999999774e+01 -3.810942200000000213e+01 -3.815299900000000122e+01
-3.903673400000000271e+01 -3.892944899999999819e+01 -3.904094200000000114e+01
-4.142678899999999942e+01 -4.152964599999999962e+01 -4.140815800000000024e+01
-3.985356800000000277e+01 -3.984905400000000242e+01 -3.974056600000000117e+01
-4.107920099999999763e+01 -4.095575999999999794e+01 -4.105003800000000069e+01
-3.899468399999999946e+01 -3.888078600000000051e+01 -3.900033400000000228e+01
-4.160719600000000185e+01 -4.162212900000000104e+01 -4.172213299999999947e+01
-4.001208199999999948e+01 -4.001491399999999743e+01 -4.012277799999999672e+01
-3.942615200000000186e+01 -3.953900800000000260e+01 -3.953385200000000310e+01
-3.915260700000000327e+01 -3.904524399999999673e+01 -3.915711699999999951e+01
-3.992062399999999656e+01 -4.003752200000000272e+01 -4.002523399999999754e+01
-3.983997800000000211e+01 -3.995307499999999834e+01 -3.994864799999999860e+01
-4.070689399999999836e+01 -4.058595700000000051e+01 -4.067754200000000253e+01
-3.732557200000000108e+01 -3.731531199999999870e+01 -3.720675599999999861e+01
-4.170838299999999776e+01 -4.183335300000000245e+01 -4.174711800000000039e+01
-4.197423500000000018e+01 -4.207179500000000161e+01 -4.195746499999999912e+01
-4.107920099999999763e+01 -4.109979799999999983e+01 -4.098293900000000178e+01
-4.180258299999999849e+01 -4.179487300000000261e+01 -4.169062900000000127e+01
-4.202784799999999876e+01 -4.201871700000000232e+01 -4.191437899999999672e+01
-3.990216999999999814e+01 -3.979596399999999790e+01 -3.979460499999999712e+01
-3.904524399999999673e+01 -3.893365399999999710e+01 -3.893774400000000213e+01
-4.007145299999999821e+01 -4.015629400000000260e+01 -4.019663599999999803e+01
-3.891590200000000266e+01 -3.880575999999999937e+01 -3.891708200000000062e+01
-4.100082700000000102e+01 -4.108566799999999830e+01 -4.112943500000000085e+01
-4.131726100000000201e+01 -4.129668300000000158e+01 -4.139488099999999804e+01
-4.052749099999999771e+01 -4.041419400000000195e+01 -4.041951000000000249e+01
-3.668242899999999906e+01 -3.661930900000000122e+01 -3.674732099999999946e+01
-4.134209100000000348e+01 -4.146288700000000205e+01 -4.139845400000000097e+01
-3.751283899999999960e+01 -3.747553700000000276e+01 -3.759717299999999796e+01
-4.170200799999999930e+01 -4.180892899999999912e+01 -4.169776800000000350e+01
-3.755774300000000210e+01 -3.767893200000000320e+01 -3.759717299999999796e+01
-4.121940099999999774e+01 -4.112910200000000316e+01 -4.109979799999999983e+01
-4.214726699999999937e+01 -4.213333200000000289e+01 -4.203641100000000108e+01
-3.939272400000000118e+01 -3.947756499999999846e+01 -3.951687600000000344e+01
-4.047441899999999748e+01 -4.057987599999999873e+01 -4.058390299999999939e+01
-4.169267399999999668e+01 -4.166023299999999807e+01 -4.156218299999999743e+01
-4.048776999999999759e+01 -4.044864400000000160e+01 -4.057211399999999912e+01
-3.977433400000000319e+01 -3.978163599999999889e+01 -3.988808099999999968e+01
-4.089180100000000095e+01 -4.100149100000000146e+01 -4.092560100000000034e+01
-3.859075800000000100e+01 -3.858711300000000222e+01 -3.847819299999999743e+01
-4.067262900000000059e+01 -4.056400800000000118e+01 -4.067689099999999769e+01
-3.784423300000000268e+01 -3.793355199999999883e+01 -3.796527999999999992e+01
-3.699128199999999822e+01 -3.699502199999999874e+01 -3.710833600000000132e+01
-3.620327499999999787e+01 -3.621863199999999949e+01 -3.633868600000000271e+01
-4.032289300000000054e+01 -4.021536499999999847e+01 -4.032851500000000300e+01
-3.978163599999999889e+01 -3.978900500000000306e+01 -3.989482600000000190e+01
-3.937212099999999992e+01 -3.948483499999999680e+01 -3.947971499999999878e+01
-4.129668300000000158e+01 -4.140578399999999704e+01 -4.139488099999999804e+01
-3.935272700000000157e+01 -3.935247300000000337e+01 -3.924307600000000207e+01
-4.024113499999999988e+01 -4.032597599999999716e+01 -4.036418599999999657e+01
-3.871040299999999945e+01 -3.860279100000000341e+01 -3.871460100000000182e+01
-3.629683500000000151e+01 -3.620327499999999787e+01 -3.633868600000000271e+01
-3.977068299999999823e+01 -3.972335100000000097e+01 -3.984343899999999650e+01
-4.002304199999999668e+01 -3.998369300000000237e+01 -4.010896699999999981e+01
-4.129722699999999946e+01 -4.129239700000000113e+01 -4.119052700000000300e+01
-4.180892899999999912e+01 -4.180258299999999849e+01 -4.169776800000000350e+01
-3.865894399999999820e+01 -3.878365000000000151e+01 -3.870159600000000211e+01
-4.159151099999999701e+01 -4.157970000000000255e+01 -4.147302599999999728e+01
-3.665449999999999875e+01 -3.665683500000000095e+01 -3.654665399999999664e+01
-4.182058099999999712e+01 -4.181152699999999811e+01 -4.169340499999999849e+01
-4.155612299999999948e+01 -4.166018400000000099e+01 -4.154466299999999990e+01
-4.080220899999999773e+01 -4.069058700000000073e+01 -4.069274699999999712e+01
-4.001208199999999948e+01 -4.011895499999999970e+01 -4.000716899999999754e+01
-3.899032100000000156e+01 -3.895194599999999951e+01 -3.907718100000000305e+01
-4.080220899999999773e+01 -4.080342799999999670e+01 -4.091380699999999848e+01
-4.012158600000000064e+01 -4.014578099999999949e+01 -4.023763799999999691e+01
-4.066293499999999739e+01 -4.077643199999999979e+01 -4.077115700000000231e+01
-4.069348899999999958e+01 -4.058390299999999939e+01 -4.069324699999999950e+01
-3.771186200000000355e+01 -3.761659099999999967e+01 -3.772799299999999789e+01
-4.021698299999999904e+01 -4.032760700000000043e+01 -4.022168800000000033e+01
-4.151609299999999791e+01 -4.152222199999999930e+01 -4.141338900000000223e+01
-3.631025999999999954e+01 -3.632293500000000108e+01 -3.643113499999999760e+01
-3.722603300000000104e+01 -3.718686399999999992e+01 -3.730825600000000009e+01
-4.115775599999999912e+01 -4.115356700000000245e+01 -4.105131999999999692e+01
-3.808485300000000251e+01 -3.817944399999999661e+01 -3.819403899999999652e+01
-3.776518800000000198e+01 -3.788939299999999832e+01 -3.780674799999999891e+01
-3.631093700000000268e+01 -3.631025999999999954e+01 -3.640126200000000267e+01
-3.620739300000000327e+01 -3.631025999999999954e+01 -3.631093700000000268e+01
-3.745899000000000001e+01 -3.746055299999999733e+01 -3.757060500000000047e+01
-4.100736400000000259e+01 -4.101145600000000258e+01 -4.111932699999999841e+01
-3.819213500000000039e+01 -3.813595000000000113e+01 -3.827293000000000234e+01
-3.859853999999999985e+01 -3.860279100000000341e+01 -3.871040299999999945e+01
-3.880814600000000070e+01 -3.881088299999999691e+01 -3.891900299999999646e+01
-4.179455099999999845e+01 -4.193544299999999936e+01 -4.183335300000000245e+01
-4.069274699999999712e+01 -4.058173500000000189e+01 -4.058432100000000275e+01
-4.186177800000000104e+01 -4.183935499999999763e+01 -4.174373500000000092e+01
-3.688190500000000327e+01 -3.699502199999999874e+01 -3.687797199999999975e+01
-4.138675099999999674e+01 -4.151609299999999791e+01 -4.141338900000000223e+01
-3.918375199999999836e+01 -3.929721099999999723e+01 -3.929232400000000069e+01
-3.845935000000000059e+01 -3.856721499999999736e+01 -3.845250699999999711e+01
-3.914385800000000160e+01 -3.903673400000000271e+01 -3.914812799999999982e+01
-4.005724899999999877e+01 -3.994864799999999860e+01 -4.006157600000000230e+01
-4.044864400000000160e+01 -4.040790899999999652e+01 -4.053247300000000308e+01
-3.814159300000000030e+01 -3.802118800000000221e+01 -3.804084399999999988e+01
-3.818276699999999835e+01 -3.814159300000000030e+01 -3.804084399999999988e+01
-3.802118800000000221e+01 -3.791575699999999927e+01 -3.804084399999999988e+01
-3.804084399999999988e+01 -3.800510400000000288e+01 -3.810870100000000349e+01
-3.818276699999999835e+01 -3.804084399999999988e+01 -3.810870100000000349e+01
-3.791126400000000274e+01 -3.800510400000000288e+01 -3.804084399999999988e+01
-3.791575699999999927e+01 -3.791126400000000274e+01 -3.804084399999999988e+01
