1.782393143333333683e+02 -3.761845333333332775e+01 -3.389086700000000008e+01
1.779994580000000042e+02 -3.709685966666666701e+01 -6.216275966666666619e+01
1.782534500000000151e+02 -4.061100333333333623e+01 -5.985461333333333300e+00
1.787989330000000052e+02 -3.697485199999999850e+01 -3.080608433333333096e+01
1.739412609999999688e+02 -4.161805366666666828e+01 -2.718184899999999971e+01
1.768563763333333156e+02 -4.013959666666666948e+01 -1.684162466666666447e+01
1.721372039999999970e+02 -4.198322100000000745e+01 -5.822733533333333611e+01
1.774028206666666563e+02 -3.941643033333333079e+01 -1.719507333333333321e+01
1.748665203333333409e+02 -3.995287866666666332e+01 -5.559137866666666383e+01
1.751203463333333445e+02 -3.986620733333333533e+01 -5.036466766666666217e+01
1.752236316666666482e+02 -4.116460800000000830e+01 -2.152127299999999721e+01
1.776940986666666902e+02 -4.078778799999999904e+01 -8.271079999999999544e+00
1.767665586666666684e+02 -4.127028566666666620e+01 -1.038215266666666459e+01
1.775808136666666712e+02 -3.886064300000000316e+01 -2.004901366666666718e+01
1.742618866666666690e+02 -4.151114533333333156e+01 -2.509523799999999838e+01
1.729653116666666790e+02 -4.220559166666666329e+01 -2.602869333333333657e+01
1.750847256666666851e+02 -4.064928233333333196e+01 -3.454848866666666396e+01
1.774988276666666707e+02 -3.824015733333333600e+01 -3.512993800000000277e+01
1.780436913333333280e+02 -4.068632966666666562e+01 -6.840831333333333930e+00
1.774607416666666495e+02 -4.052594633333333007e+01 -1.057698033333333321e+01
1.766074873333333528e+02 -4.144804266666666592e+01 -9.445709000000000799e+00
1.767614713333333327e+02 -3.803625133333333252e+01 -6.838815033333332849e+01
1.783579676666666671e+02 -3.986602433333333551e+01 -7.121687000000000545e+00
1.761007309999999961e+02 -4.177534233333333447e+01 -8.222339333333332334e+00
1.753578856666666468e+02 -3.944073099999999954e+01 -5.545736933333333241e+01
1.781421406666666769e+02 -3.687621999999999645e+01 -6.302368366666666333e+01
1.774332146666666574e+02 -3.720266300000000115e+01 -8.860076733333333721e+01
1.774220723333333183e+02 -4.000958700000000334e+01 -1.333320966666666685e+01
1.746385340000000213e+02 -4.184975466666666932e+01 -1.407109400000000043e+01
1.767377330000000200e+02 -3.810647600000000779e+01 -6.532610733333332576e+01
1.738451196666666476e+02 -4.155267466666666820e+01 -3.084433299999999534e+01
1.771317453333333276e+02 -3.891030599999999851e+01 -2.584851233333333198e+01
1.774456560000000138e+02 -3.864573133333333743e+01 -2.527324500000000285e+01
1.735735859999999775e+02 -4.115402633333332716e+01 -5.066758899999999954e+01
1.729828166666666505e+02 -4.111260033333333297e+01 -7.731962900000000616e+01
1.736469026666666480e+02 -4.188051866666666001e+01 -2.339784366666667026e+01
1.780516486666666651e+02 -3.773897400000000601e+01 -3.698097500000000082e+01
1.765502669999999910e+02 -3.881957933333332988e+01 -4.304488533333333322e+01
1.735088193333333209e+02 -4.093461433333333588e+01 -6.158432900000000387e+01
1.736329360000000008e+02 -4.110569133333333269e+01 -5.077557333333334100e+01
1.760799849999999935e+02 -3.980114999999999981e+01 -2.841169999999999618e+01
1.755419926666666868e+02 -4.096848099999999704e+01 -2.105840633333333400e+01
1.767808350000000246e+02 -3.980985000000000440e+01 -1.930528800000000089e+01
1.784087753333333239e+02 -3.954132266666667306e+01 -7.675218000000000096e+00
1.749710766666666757e+02 -4.156012433333333433e+01 -1.687998566666666633e+01
1.731567443333333358e+02 -4.179114666666666977e+01 -3.910397599999999585e+01
1.753482116666666570e+02 -4.093765833333333148e+01 -2.402762800000000354e+01
1.797150129999999990e+02 -3.694534600000000069e+01 -1.119810700000000026e+01
1.783769096666666485e+02 -3.783518300000000067e+01 -2.346859033333333500e+01
1.751257983333333357e+02 -3.994574866666666679e+01 -4.854431099999999333e+01
1.775284083333333456e+02 -3.933796399999999949e+01 -1.666842499999999916e+01
1.780086469999999963e+02 -3.741868133333333191e+01 -5.006737333333332884e+01
1.748178296666666540e+02 -3.962634466666666810e+01 -6.872818800000000294e+01
1.780386596666666890e+02 -3.961409000000000447e+01 -1.022320833333333212e+01
1.777278330000000039e+02 -3.763778766666666797e+01 -5.293889166666665602e+01
1.768269833333333452e+02 -3.932696433333333630e+01 -2.399775066666666490e+01
1.778581229999999778e+02 -3.712046500000000293e+01 -6.867331833333334146e+01
1.781875746666666771e+02 -3.633955499999999716e+01 -8.848463233333332312e+01
1.779087150000000008e+02 -4.098866799999999699e+01 -6.459392000000000245e+00
1.766318236666666905e+02 -3.922325299999999970e+01 -2.987454766666666828e+01
1.761410543333333578e+02 -3.849832166666666211e+01 -7.196236833333333038e+01
1.775201130000000092e+02 -4.063993500000000125e+01 -9.757569666666666919e+00
1.734840066666666587e+02 -4.100502666666666585e+01 -5.937807699999999755e+01
1.776419043333333150e+02 -3.874902900000000017e+01 -2.042712333333333063e+01
1.764768983333333381e+02 -3.849578266666666337e+01 -5.706489899999999693e+01
1.786999449999999854e+02 -3.793527499999999719e+01 -1.457085533333333416e+01
1.762197130000000413e+02 -4.016407433333333188e+01 -2.165311333333333366e+01
1.772970396666666772e+02 -3.799754033333333325e+01 -5.051153633333333204e+01
1.737071283333333156e+02 -4.135363699999999909e+01 -4.029707700000000159e+01
1.792985193333333029e+02 -3.867769033333333795e+01 -5.290458000000000105e+00
1.796331846666666934e+02 -3.791031166666666508e+01 -5.880807666666666655e+00
1.794788093333333165e+02 -3.769722766666667013e+01 -7.728670666666666023e+00
1.756363029999999981e+02 -3.986161766666666750e+01 -3.647481800000000618e+01
1.753128586666666706e+02 -3.983491000000000071e+01 -4.552831333333332964e+01
1.790012493333333339e+02 -3.730578500000000020e+01 -1.772388333333333321e+01
1.738335160000000030e+02 -4.091727399999999903e+01 -5.189254500000000547e+01
1.769955099999999675e+02 -3.869191266666666706e+01 -3.360753299999999655e+01
1.784965243333333262e+02 -3.928684666666666914e+01 -7.765263000000000027e+00
1.749120173333333241e+02 -3.973466233333333975e+01 -6.044450266666666494e+01
1.723561716666666825e+02 -4.222171733333333066e+01 -3.496134299999999939e+01
1.764384770000000060e+02 -4.093019233333333773e+01 -1.477637833333333184e+01
1.783037056666667013e+02 -3.765026666666666699e+01 -3.060585133333333374e+01
1.773741663333333634e+02 -3.831965600000000194e+01 -3.542108866666666955e+01
1.767462066666666658e+02 -4.066031066666666760e+01 -1.490949599999999897e+01
1.727379903333333289e+02 -4.168352699999999800e+01 -5.780654333333333028e+01
1.747804059999999993e+02 -4.121134966666667054e+01 -2.553536833333333789e+01
1.773907809999999756e+02 -4.056098933333333889e+01 -1.084692033333333505e+01
1.753400816666666913e+02 -4.064194166666666774e+01 -2.974005366666666816e+01
1.781958429999999964e+02 -4.056832499999999442e+01 -6.381547666666666174e+00
1.782751423333333207e+02 -3.850909300000000002e+01 -1.382149199999999922e+01
1.760697089999999889e+02 -3.851274333333333288e+01 -7.478568966666665574e+01
1.775465520000000197e+02 -3.705145466666666465e+01 -9.050589066666667293e+01
1.778792773333333059e+02 -3.724854100000000301e+01 -6.240132133333332831e+01
1.780592586666666648e+02 -3.788563266666667317e+01 -3.181110099999999719e+01
1.769671840000000032e+02 -3.969207300000000060e+01 -1.865275533333333158e+01
1.790492146666666713e+02 -3.695927066666666860e+01 -2.364598066666666298e+01
1.797066949999999963e+02 -3.613442500000000024e+01 -2.129155933333333550e+01
1.785508409999999913e+02 -3.720504166666666634e+01 -3.343304633333332987e+01
1.767544843333333517e+02 -4.088341899999999640e+01 -1.339491133333333295e+01
1.746979219999999771e+02 -3.958661699999999684e+01 -7.718512299999999016e+01
1.773277956666666739e+02 -3.901484533333333360e+01 -2.157944766666666681e+01
1.765694529999999816e+02 -3.782459633333333215e+01 -9.589104099999998709e+01
1.786163246666666566e+02 -4.016002833333333655e+01 -5.216152000000000122e+00
1.766764439999999752e+02 -4.047797666666667027e+01 -1.645831899999999948e+01
1.781023656666666568e+02 -3.899181200000000302e+01 -1.233342533333333257e+01
1.726142429999999877e+02 -4.219957333333332627e+01 -3.278937599999999719e+01
1.766913399999999967e+02 -3.910977266666666452e+01 -3.097048866666666811e+01
1.778099100000000305e+02 -3.725720766666666606e+01 -6.544547633333333181e+01
1.750643400000000156e+02 -3.998675466666666267e+01 -4.940806366666667060e+01
1.764230420000000095e+02 -4.134270199999999562e+01 -1.108147400000000005e+01
1.747545000000000073e+02 -4.163633433333333755e+01 -1.703504799999999975e+01
1.782236360000000275e+02 -3.877005566666667136e+01 -1.223122500000000024e+01
1.780032723333333422e+02 -3.807335633333332936e+01 -2.762636566666666837e+01
1.725443390000000079e+02 -4.165327133333333620e+01 -6.693269966666666448e+01
1.761548910000000205e+02 -4.013003433333333447e+01 -2.264777233333333228e+01
1.771048676666666779e+02 -3.998334466666666742e+01 -1.589933866666666518e+01
1.795497770000000344e+02 -3.659612266666666613e+01 -1.850797433333333331e+01
1.785919993333333480e+02 -3.613439699999999988e+01 -7.527517933333332678e+01
1.796156340000000000e+02 -3.661752700000000260e+01 -1.651899466666666783e+01
1.760411469999999952e+02 -3.884968000000000643e+01 -5.947254966666667286e+01
1.760252786666666509e+02 -4.006222533333333757e+01 -2.512729833333333218e+01
1.755375016666666852e+02 -4.082053833333333159e+01 -2.335036366666666652e+01
1.760021150000000034e+02 -4.127789666666667046e+01 -1.358858533333333263e+01
1.778288973333333161e+02 -3.855983833333333877e+01 -2.002392700000000048e+01
1.795493920000000116e+02 -3.716407799999999639e+01 -1.112260633333333182e+01
1.781659776666666630e+02 -3.700784433333333112e+01 -5.686502799999999525e+01
1.747566226666666580e+02 -4.032683666666667222e+01 -4.911210299999999762e+01
1.753252746666666724e+02 -4.019925700000000290e+01 -3.844720533333333634e+01
1.751517089999999826e+02 -4.075853766666666189e+01 -3.076290633333333346e+01
1.752508926666666866e+02 -3.994161633333333583e+01 -4.514220199999999750e+01
1.792080150000000174e+02 -3.613646166666666915e+01 -4.328643633333333440e+01
1.796167786666666473e+02 -3.726258133333333689e+01 -9.558837333333334740e+00
1.772202256666666926e+02 -4.130350733333333579e+01 -8.123047333333333953e+00
1.762165446666666639e+02 -3.868411266666666393e+01 -5.964347833333332716e+01
1.777563173333333282e+02 -3.830491766666667530e+01 -2.700115533333333318e+01
1.730842496666666648e+02 -4.167377233333332498e+01 -4.621701333333333395e+01
1.750703430000000083e+02 -4.020653099999999114e+01 -4.485316666666665952e+01
1.762367923333333408e+02 -4.068043800000000232e+01 -1.799050433333333388e+01
1.782444593333333387e+02 -3.731187433333332848e+01 -4.319355300000000142e+01
1.747873820000000080e+02 -4.204397599999999358e+01 -1.005922499999999964e+01
1.769698449999999923e+02 -3.976603266666666769e+01 -1.814120566666666434e+01
1.743246916666666664e+02 -4.012355900000000020e+01 -6.605641300000000626e+01
1.796425179999999955e+02 -3.668105866666666515e+01 -1.513173333333333126e+01
1.783146086666666861e+02 -3.787515766666666650e+01 -2.427010399999999990e+01
1.777074436666666770e+02 -3.878347899999999981e+01 -1.904438233333333486e+01
1.767315376666666680e+02 -4.021768866666666753e+01 -1.733400199999999813e+01
1.796393170000000055e+02 -3.641923366666666340e+01 -1.877568399999999826e+01
1.757444880000000182e+02 -3.948800266666666658e+01 -4.400316566666666063e+01
1.787781246666666846e+02 -3.960307766666666396e+01 -5.538824000000000858e+00
1.751472093333333362e+02 -3.962557766666666481e+01 -5.579194366666666838e+01
1.785631283333333386e+02 -3.653006099999999634e+01 -5.669242466666666047e+01
1.782463370000000111e+02 -4.014699699999999893e+01 -7.087749999999999773e+00
1.774533226666666508e+02 -3.713466833333333028e+01 -9.153989966666667044e+01
1.735360950000000173e+02 -4.211527633333333398e+01 -1.720092699999999653e+01
1.766648790000000133e+02 -3.773962233333333671e+01 -9.669581466666666358e+01
1.777917293333333362e+02 -3.984132733333333221e+01 -1.124670166666666660e+01
1.774547420000000102e+02 -4.045467233333332757e+01 -1.093037933333333456e+01
1.797212633333333542e+02 -3.654892266666666245e+01 -1.497744966666666677e+01
1.753012073333333376e+02 -3.939425133333333662e+01 -5.925298766666666239e+01
1.740319433333333166e+02 -4.018166699999999736e+01 -7.602254066666665722e+01
1.746924663333333285e+02 -4.029128133333333039e+01 -5.130675633333333252e+01
1.749019816666666429e+02 -4.188619933333333023e+01 -1.201653333333333329e+01
1.774140523333333306e+02 -4.145010966666666974e+01 -6.433524666666666114e+00
1.780230129999999917e+02 -4.022551166666666944e+01 -8.232813999999999410e+00
1.727479706666666743e+02 -4.122690333333333257e+01 -8.470334499999999878e+01
1.759266456666666727e+02 -3.854486333333333192e+01 -8.068469066666666833e+01
1.778725036666666881e+02 -4.086838433333333143e+01 -7.083645333333333127e+00
1.745811316666666642e+02 -4.087856566666666680e+01 -3.720654200000000600e+01
1.746504733333333377e+02 -4.106291566666666171e+01 -3.101355433333333167e+01
1.759591230000000053e+02 -4.173319333333333248e+01 -9.244514333333333056e+00
1.762251723333333473e+02 -3.880657500000000226e+01 -5.465116833333333801e+01
1.722503213333333463e+02 -4.205299033333333369e+01 -4.903149799999999914e+01
1.792530219999999872e+02 -3.877830399999999855e+01 -5.244945999999999664e+00
1.739171120000000030e+02 -4.185487699999999478e+01 -2.068038333333333512e+01
1.757149190000000090e+02 -4.153462033333332926e+01 -1.265232499999999938e+01
1.784180403333333516e+02 -3.706028699999999532e+01 -4.320157533333333078e+01
1.783242189999999994e+02 -3.817217800000000238e+01 -1.777638166666666919e+01
1.767427529999999933e+02 -3.877489133333332916e+01 -3.825006633333332928e+01
1.763221660000000099e+02 -3.949463633333333945e+01 -3.081065033333333147e+01
1.778900826666666717e+02 -4.105900466666665949e+01 -6.273555333333333373e+00
1.776169596666666450e+02 -4.047844333333333111e+01 -9.851441333333333716e+00
1.768945176666666441e+02 -3.943553499999999445e+01 -2.163229366666666564e+01
1.777707106666666732e+02 -3.874490733333333026e+01 -1.851141333333333350e+01
1.761957706666666752e+02 -4.116147533333333541e+01 -1.373219499999999904e+01
1.786653066666666518e+02 -3.683695166666666410e+01 -4.013903933333333640e+01
1.742501996666666457e+02 -4.013782166666666740e+01 -6.821208066666666525e+01
1.762661589999999876e+02 -3.968137133333333821e+01 -2.757074533333333477e+01
1.781015050000000031e+02 -3.964974333333333334e+01 -9.565998999999999697e+00
1.767837666666666792e+02 -3.758551233333333386e+01 -1.021912459999999925e+02
1.745110140000000172e+02 -4.185818300000000391e+01 -1.485622666666666625e+01
1.751979013333333342e+02 -4.020291166666666527e+01 -4.169657366666666576e+01
1.761145439999999951e+02 -4.083379666666666452e+01 -1.737750699999999782e+01
1.736377553333333310e+02 -4.180770366666666860e+01 -2.605205166666666727e+01
1.767285356666666587e+02 -4.140002899999999642e+01 -9.434307999999999694e+00
1.779778303333333440e+02 -3.972591033333333144e+01 -1.025496966666666587e+01
1.779571756666666715e+02 -3.855585833333333312e+01 -1.793622633333333383e+01
1.735831543333333400e+02 -4.192244633333333326e+01 -2.300772966666666619e+01
1.782910736666666764e+02 -3.938959600000000449e+01 -8.976100666666665617e+00
1.782165730000000110e+02 -3.862225433333333768e+01 -1.345481900000000053e+01
1.787801470000000279e+02 -3.841170033333332867e+01 -9.189944000000002333e+00
1.756042356666666819e+02 -4.157517533333333404e+01 -1.286956066666666665e+01
1.780853723333333392e+02 -4.021395066666666906e+01 -7.882642999999998956e+00
1.742540083333333314e+02 -4.033229299999999995e+01 -6.014741699999999724e+01
1.771910813333333579e+02 -4.053013366666666428e+01 -1.231117799999999995e+01
1.788620613333333438e+02 -3.873969733333333210e+01 -6.953459999999999752e+00
1.779064999999999657e+02 -3.896000499999999533e+01 -1.486849800000000066e+01
1.750100209999999663e+02 -3.945602699999999885e+01 -6.835766166666665811e+01
1.790717836666666756e+02 -3.890860433333333646e+01 -5.443980999999999959e+00
1.763109296666666523e+02 -4.093572266666667048e+01 -1.533904499999999871e+01
1.749361993333333203e+02 -4.006305733333332597e+01 -5.118135200000000395e+01
1.771240276666666489e+02 -3.868971466666666714e+01 -3.063931833333333543e+01
1.750584636666666540e+02 -3.984088366666666303e+01 -5.272224399999999633e+01
1.767536966666666558e+02 -4.148090400000000244e+01 -8.639401666666666202e+00
1.755234393333333571e+02 -4.037754666666666736e+01 -3.060485333333333458e+01
1.796851000000000056e+02 -3.779341699999999804e+01 -6.070991333333332740e+00
1.746137689999999623e+02 -4.018424766666666414e+01 -5.585453100000000148e+01
1.783334953333333033e+02 -3.839538699999999949e+01 -1.432429666666666712e+01
1.765902999999999849e+02 -3.834319233333333443e+01 -5.926595133333333365e+01
1.722930843333333257e+02 -4.226341233333333491e+01 -3.313591633333333419e+01
1.759650350000000287e+02 -4.017564866666666745e+01 -2.477048266666666620e+01
1.761345536666666760e+02 -4.165749766666667142e+01 -9.219929000000000485e+00
1.752004846666666538e+02 -4.027663166666666683e+01 -4.019452899999999573e+01
1.779003699999999810e+02 -3.659422766666666149e+01 -9.286052266666666810e+01
1.744383176666666770e+02 -3.996747133333332869e+01 -6.876424633333333247e+01
1.757932953333333046e+02 -4.081083733333333186e+01 -2.031791899999999984e+01
1.768133263333333218e+02 -4.076929899999999662e+01 -1.375335466666666662e+01
1.781475983333333488e+02 -3.851314199999999488e+01 -1.554965633333333308e+01
1.785949053333333438e+02 -3.853349200000000252e+01 -1.004674500000000137e+01
1.780791946666666661e+02 -3.840423700000000196e+01 -1.823185733333333403e+01
1.726161100000000204e+02 -4.163985666666666674e+01 -6.476316266666667332e+01
1.730303030000000035e+02 -4.097117166666666321e+01 -8.445978933333333316e+01
1.750338549999999884e+02 -4.128629866666666004e+01 -2.122422800000000009e+01
1.752262396666666575e+02 -4.138763233333332892e+01 -1.785271399999999886e+01
1.791003033333333576e+02 -3.833313600000000321e+01 -7.190498000000000722e+00
1.767384496666666962e+02 -3.791628899999999902e+01 -7.760441833333332795e+01
1.787844613333333257e+02 -3.848492900000000105e+01 -8.698524666666665794e+00
1.767304090000000087e+02 -3.847548766666666609e+01 -4.847702733333333214e+01
1.787918813333333219e+02 -3.682590033333332968e+01 -3.572186966666667018e+01
1.776186079999999947e+02 -3.703623166666666577e+01 -8.669866066666666882e+01
1.737916463333333184e+02 -4.029521166666665977e+01 -8.309666599999999903e+01
1.774216320000000167e+02 -3.790898366666666419e+01 -5.091049433333333241e+01
1.779229373333333513e+02 -3.998335999999999757e+01 -9.660714333333332959e+00
1.766393070000000023e+02 -4.110931999999999675e+01 -1.229223900000000036e+01
1.785700359999999876e+02 -3.786546033333333838e+01 -1.806420933333333423e+01
1.780296283333333349e+02 -4.075682199999999966e+01 -6.691455999999999626e+00
1.721716443333333189e+02 -4.227106733333332755e+01 -3.465105566666666448e+01
1.771181043333333491e+02 -3.832850700000000188e+01 -4.180391233333333645e+01
1.775268873333333204e+02 -4.139421033333334066e+01 -6.314788333333333448e+00
1.760004439999999875e+02 -3.872593100000000277e+01 -6.642020733333332316e+01
1.785641679999999951e+02 -3.646459066666667326e+01 -5.965037866666666133e+01
1.724859883333333528e+02 -4.186530499999999932e+01 -5.563928233333333395e+01
1.738869150000000161e+02 -4.021108133333333257e+01 -8.273103833333333057e+01
1.766824636666666493e+02 -3.888810633333333300e+01 -3.685916666666666686e+01
1.771019846666666524e+02 -3.990940066666666297e+01 -1.633267800000000136e+01
1.760575563333333378e+02 -4.102031299999999447e+01 -1.586710533333333295e+01
1.759018896666666478e+02 -3.841887299999999783e+01 -9.222946966666665958e+01
1.770191200000000151e+02 -3.935698800000000119e+01 -2.107542733333333373e+01
1.753516333333333250e+02 -3.885797866666666778e+01 -9.315829200000000299e+01
1.744594956666666405e+02 -4.028746733333333196e+01 -5.633764666666666443e+01
1.765264570000000219e+02 -3.981895633333333961e+01 -2.161721433333333309e+01
1.765930353333333471e+02 -3.775479933333333094e+01 -1.006346570000000042e+02
1.794164679999999805e+02 -3.774094366666666645e+01 -7.941652333333332869e+00
1.782340480000000014e+02 -3.993798866666666214e+01 -7.690705333333333726e+00
1.737114093333333358e+02 -4.142806766666666363e+01 -3.766520633333333734e+01
1.733944003333333512e+02 -4.126210666666666071e+01 -5.185798233333333229e+01
1.781216340000000002e+02 -3.784649900000000144e+01 -3.101609499999999642e+01
1.781051589999999862e+02 -3.920939366666666359e+01 -1.131726433333333404e+01
1.747161626666666336e+02 -4.117374466666667132e+01 -2.724372200000000177e+01
1.723721703333333153e+02 -4.155672999999999462e+01 -8.312569966666667653e+01
1.777294423333333100e+02 -3.988060433333333066e+01 -1.156098133333333244e+01
1.771823640000000069e+02 -4.031284099999999881e+01 -1.351728833333333313e+01
1.771923546666666596e+02 -3.794341133333333715e+01 -5.643854999999999933e+01
1.764976276666666593e+02 -4.081745533333333498e+01 -1.541048200000000001e+01
1.743879240000000266e+02 -4.150524099999999805e+01 -2.347100500000000167e+01
1.780470083333333378e+02 -3.766861666666667219e+01 -3.959782366666666320e+01
1.777494970000000194e+02 -4.051040900000000278e+01 -8.980529999999999902e+00
1.776596426666666559e+02 -3.955321766666666150e+01 -1.397995066666666730e+01
1.777393006666666508e+02 -3.707582866666666632e+01 -7.729230199999999229e+01
1.787830016666666779e+02 -3.617380200000000201e+01 -6.289476666666666915e+01
1.779489836666666633e+02 -3.833481733333333352e+01 -2.207220833333333587e+01
1.737837496666666937e+02 -4.186758733333333993e+01 -2.187525599999999670e+01
1.768730000000000189e+02 -4.065517700000000190e+01 -1.399955633333333260e+01
1.756341343333333498e+02 -3.918523400000000123e+01 -5.801061633333333845e+01
1.774915016666666645e+02 -3.787874866666666662e+01 -5.018264300000000588e+01
1.768550999999999931e+02 -3.757089199999999352e+01 -9.836186999999999614e+01
1.732695340000000215e+02 -4.085843366666666299e+01 -7.711769999999999925e+01
1.774889196666666749e+02 -3.801963833333332587e+01 -4.402193600000000373e+01
1.757081146666666882e+02 -3.897515966666666287e+01 -6.555317800000000261e+01
1.747811739999999929e+02 -4.128569099999999992e+01 -2.382261000000000095e+01
1.726774013333333357e+02 -4.208641266666666070e+01 -3.823860133333333522e+01
1.776963383333333297e+02 -4.046272066666666234e+01 -9.450017333333333269e+00
1.770741386666666415e+02 -3.909645799999999838e+01 -2.370813033333333308e+01
1.735110320000000002e+02 -4.188979799999999187e+01 -2.553980400000000017e+01
1.788911166666666759e+02 -3.658556699999999751e+01 -4.075461100000000414e+01
1.771265879999999981e+02 -3.876316366666666369e+01 -2.887835266666666811e+01
1.756163693333333242e+02 -4.129893333333333061e+01 -1.600539433333333150e+01
1.773118246666666664e+02 -3.843123566666666591e+01 -3.333378900000000300e+01
1.791725903333333463e+02 -3.868669200000000075e+01 -5.544116999999999962e+00
1.773574620000000266e+02 -3.997437266666666744e+01 -1.402703400000000045e+01
1.792210649999999816e+02 -3.858518899999999974e+01 -5.620568666666666324e+00
1.762148743333333414e+02 -4.001650066666666561e+01 -2.303564400000000134e+01
1.765490906666666433e+02 -4.048290966666666435e+01 -1.732254899999999864e+01
1.756687090000000069e+02 -3.938055466666666149e+01 -4.940721466666666828e+01
1.753852240000000222e+02 -4.174762033333333022e+01 -1.194027266666666698e+01
1.778890910000000076e+02 -3.844755733333333581e+01 -2.091531233333333617e+01
1.789819806666666864e+02 -3.684708599999999734e+01 -2.865367666666666580e+01
1.797112309999999979e+02 -3.733454199999999901e+01 -8.245655666666666050e+00
1.772570660000000089e+02 -4.056334366666666824e+01 -1.169241933333333350e+01
1.770964993333333268e+02 -3.976139299999999821e+01 -1.723260833333333153e+01
1.793318580000000111e+02 -3.748304866666666868e+01 -1.054233700000000162e+01
1.758607800000000054e+02 -3.875874833333333669e+01 -7.079741900000000498e+01
1.782623170000000243e+02 -3.821182933333333409e+01 -1.825504133333333456e+01
1.790299469999999928e+02 -3.783442333333333352e+01 -1.099246166666666547e+01
1.789330086666666659e+02 -3.719423833333333818e+01 -2.136480666666666650e+01
1.797173616666666476e+02 -3.707337300000000369e+01 -1.009944366666666760e+01
1.740655309999999929e+02 -4.075130200000000258e+01 -5.119510766666667223e+01
1.745231280000000140e+02 -4.106416200000000316e+01 -3.291477799999999831e+01
1.767389336666666679e+02 -4.043867166666667146e+01 -1.620674100000000095e+01
1.776889416666666648e+02 -3.819711000000000212e+01 -3.191762400000000000e+01
1.767480786666666575e+02 -3.892263700000000171e+01 -3.404485966666666741e+01
1.787137820000000090e+02 -3.837889633333332995e+01 -1.002583366666666898e+01
1.734489643333333504e+02 -4.193104666666666702e+01 -2.533977033333333395e+01
1.786964543333333495e+02 -3.908999433333332973e+01 -6.952613333333332868e+00
1.790186290000000042e+02 -3.760750866666666781e+01 -1.333648500000000148e+01
1.786882623333333413e+02 -3.749793633333333531e+01 -2.188882399999999961e+01
1.797367843333333042e+02 -3.767658766666666992e+01 -6.289914000000000449e+00
1.786784886666666807e+02 -3.997751933333333341e+01 -5.281849999999999490e+00
1.767311703333333242e+02 -4.161132333333333122e+01 -7.584285999999999639e+00
1.789451966666666749e+02 -3.807548299999999841e+01 -9.998639666666667480e+00
1.742079310000000021e+02 -4.118249133333333134e+01 -3.503425266666666715e+01
1.727495713333333640e+02 -4.211761833333333271e+01 -3.512009499999999917e+01
1.721290766666666912e+02 -4.222849966666666433e+01 -3.866928499999999502e+01
1.776644946666666556e+02 -4.093285666666666600e+01 -7.849038000000000181e+00
1.770556836666666811e+02 -3.858015833333332978e+01 -3.520972433333333385e+01
1.785333359999999914e+02 -3.961720000000000397e+01 -6.722588333333334276e+00
1.733361096666666583e+02 -4.136869533333333493e+01 -4.958525000000000205e+01
1.779844063333333395e+02 -3.994694999999999396e+01 -9.349863333333331639e+00
1.775546663333333299e+02 -3.791421666666666823e+01 -4.667619166666666075e+01
1.795299029999999902e+02 -3.750278666666667249e+01 -8.541277333333333388e+00
1.723125106666666682e+02 -4.176559000000000310e+01 -6.902888399999999081e+01
1.792517283333333182e+02 -3.729760999999999882e+01 -1.346556266666666524e+01
1.738541196666666622e+02 -4.189896266666666946e+01 -2.010036966666666558e+01
1.739907033333333004e+02 -4.166216000000000008e+01 -2.515680333333333252e+01
1.745660670000000039e+02 -4.044166933333332992e+01 -4.974724299999999744e+01
1.775758063333333041e+02 -4.042444566666666361e+01 -1.030712933333333226e+01
1.748259713333333423e+02 -4.179281966666666648e+01 -1.388806999999999903e+01
1.787136336666666523e+02 -3.664856933333333444e+01 -4.522659099999999199e+01
1.772203956666666329e+02 -3.968256766666667090e+01 -1.679132133333333243e+01
1.732844929999999977e+02 -4.171098433333332878e+01 -3.824363100000000060e+01
1.750822563333333335e+02 -3.924432033333333436e+01 -7.802300800000000436e+01
1.759357786666666925e+02 -4.124824433333333218e+01 -1.428594333333333388e+01
1.755980019999999797e+02 -4.070730466666666558e+01 -2.419211366666666763e+01
1.796148916666666935e+02 -3.714033399999999574e+01 -1.063196499999999922e+01
1.751085973333333357e+02 -3.937082633333333348e+01 -6.832893599999999878e+01
1.788417903333333072e+02 -3.837095733333333669e+01 -8.924019000000001256e+00
1.794227596666666784e+02 -3.781568566666666698e+01 -7.485981333333332266e+00
1.735535023333333413e+02 -4.170299266666666682e+01 -3.144926533333332941e+01
1.761991473333333431e+02 -4.123072466666666713e+01 -1.304799233333333319e+01
1.791154583333333505e+02 -3.707211366666666663e+01 -1.950990366666666276e+01
1.777838033333333385e+02 -3.932841499999999968e+01 -1.414305966666666592e+01
1.766177293333333580e+02 -3.787871833333333171e+01 -8.780221066666666729e+01
1.758118449999999768e+02 -3.952145166666667109e+01 -4.144211399999999657e+01
1.779308266666666896e+02 -3.743909233333332764e+01 -5.269809933333332452e+01
1.769908246666666400e+02 -3.813139333333333525e+01 -5.401227066666666587e+01
1.787493763333333447e+02 -3.738655166666666219e+01 -2.239910766666666575e+01
1.747942443333333529e+02 -3.969795599999999780e+01 -6.645783300000000793e+01
1.731019913333333307e+02 -4.183903399999999806e+01 -3.888310700000000253e+01
1.766352223333333313e+02 -4.103524366666666623e+01 -1.292334600000000044e+01
1.762991013333333683e+02 -3.860052566666666962e+01 -5.979898599999999220e+01
1.783518123333333278e+02 -3.972260933333333810e+01 -7.542730666666666473e+00
1.771696530000000109e+02 -4.001811633333333162e+01 -1.522666633333333408e+01
1.721607089999999971e+02 -4.172832033333332902e+01 -8.019057066666665889e+01
1.769484333333333552e+02 -4.148058400000000034e+01 -7.945104666666665594e+00
1.778046503333333419e+02 -3.667861566666666562e+01 -9.471601800000000537e+01
1.773232816666667020e+02 -3.886842233333333496e+01 -2.356170633333333342e+01
1.740775429999999915e+02 -4.004183166666666693e+01 -8.244139800000000662e+01
1.769077853333333223e+02 -3.980529133333333647e+01 -1.835097399999999723e+01
1.771216983333333417e+02 -4.140553899999999743e+01 -7.853576333333333714e+00
1.783018556666666825e+02 -3.909906566666666805e+01 -9.868457666666666128e+00
1.758232550000000174e+02 -3.974115733333332656e+01 -3.494601599999999308e+01
1.742522243333333165e+02 -4.187447033333333479e+01 -1.679962399999999789e+01
1.779896559999999965e+02 -3.729540333333333280e+01 -5.536613033333333078e+01
1.784359976666666796e+02 -3.772106500000000295e+01 -2.442734233333333194e+01
1.770910203333333186e+02 -3.745954766666666558e+01 -9.192989733333332936e+01
1.737825993333333372e+02 -4.087219933333333444e+01 -5.494533033333333805e+01
1.764567596666666702e+02 -3.817273966666666496e+01 -7.539549766666665676e+01
1.757258233333333521e+02 -4.070244600000000190e+01 -2.246452633333333537e+01
1.762268550000000005e+02 -4.038539500000000260e+01 -2.013985233333333369e+01
1.739938376666666500e+02 -4.196402333333333701e+01 -1.699605933333333141e+01
1.754817436666666879e+02 -4.151387799999999828e+01 -1.435693766666666704e+01
1.728276916666666523e+02 -4.140820633333333944e+01 -6.811522333333333279e+01
1.775956413333333330e+02 -3.951904433333333344e+01 -1.478543433333333290e+01
1.766400983333333272e+02 -3.944508333333333638e+01 -2.530555700000000385e+01
1.731753060000000062e+02 -4.113411700000000337e+01 -6.573768166666667412e+01
1.745778760000000318e+02 -3.973847566666666609e+01 -7.435993366666666304e+01
1.792723260000000209e+02 -3.624762633333332928e+01 -3.676763233333333147e+01
1.774233756666666579e+02 -3.701619533333333578e+01 -1.013575473333333292e+02
1.766555796666666538e+02 -4.138520533333333162e+01 -9.834356333333333922e+00
1.738607990000000143e+02 -4.197751633333333388e+01 -1.778106400000000065e+01
1.770815256666666357e+02 -3.931777999999999906e+01 -2.083945999999999898e+01
1.721829289999999730e+02 -4.179190633333333693e+01 -7.296967499999999518e+01
1.752322003333333384e+02 -4.195421699999999987e+01 -9.802631666666666632e+00
1.781927780000000041e+02 -4.025047500000000156e+01 -7.152736333333333363e+00
1.741854459999999847e+02 -4.053166200000000430e+01 -5.518124766666667114e+01
1.753956536666666750e+02 -4.038162666666666922e+01 -3.343828333333333092e+01
1.739655193333333330e+02 -4.058381100000000430e+01 -5.984001633333333103e+01
1.752097823333333224e+02 -3.960900166666667133e+01 -5.426809266666666787e+01
1.789780903333333129e+02 -3.850443566666666584e+01 -7.188856999999999609e+00
1.768851836666666486e+02 -4.110508433333333045e+01 -1.107545799999999936e+01
1.774620383333333393e+02 -3.923037199999999558e+01 -1.812032566666666966e+01
1.796421873333333394e+02 -3.694395433333333045e+01 -1.218224800000000130e+01
1.724566019999999753e+02 -4.192484533333333729e+01 -5.262439233333333277e+01
1.760940723333333153e+02 -3.863701266666666356e+01 -6.675802066666666690e+01
1.757702980000000252e+02 -4.174579866666666561e+01 -1.002821800000000074e+01
1.789096293333333563e+02 -3.840127599999999575e+01 -8.194981000000000293e+00
1.771960213333333343e+02 -4.142030399999999446e+01 -7.457252333333333816e+00
1.787091543333333448e+02 -3.830517566666666340e+01 -1.064483300000000021e+01
1.742683343333333141e+02 -4.099722666666666981e+01 -3.932320800000000105e+01
1.768107993333333354e+02 -4.069493199999999433e+01 -1.422838066666666634e+01
1.751585233333333633e+02 -3.902958566666666229e+01 -9.124478933333334396e+01
1.749378199999999879e+02 -3.985158799999999957e+01 -5.609751266666666680e+01
1.765606763333333049e+02 -3.904057566666666190e+01 -3.637055600000000055e+01
1.788279283333333467e+02 -3.771696000000000026e+01 -1.517055700000000051e+01
1.780349446666666609e+02 -3.735030833333333788e+01 -5.132493833333332844e+01
1.759672926666666228e+02 -4.024926333333333872e+01 -2.399932933333333196e+01
1.785572989999999720e+02 -3.749942899999999923e+01 -2.579370766666666626e+01
1.768867160000000069e+02 -3.921378666666666390e+01 -2.477956166666666604e+01
1.776186639999999954e+02 -3.780199133333333350e+01 -4.962179266666667132e+01
1.764134609999999839e+02 -4.147067633333332992e+01 -9.918779999999999930e+00
1.771487013333333209e+02 -3.942620466666667056e+01 -1.919554400000000172e+01
1.782271356666666691e+02 -3.942684533333333263e+01 -9.365147333333334601e+00
1.772757523333333154e+02 -3.942139000000000237e+01 -1.819513533333333299e+01
1.774945123333333470e+02 -3.744448933333333684e+01 -7.154082866666665552e+01
1.786963050000000237e+02 -3.771691900000000430e+01 -1.777562666666666757e+01
1.782313036666666619e+02 -3.986714500000000072e+01 -7.907727333333333775e+00
1.769217116666666527e+02 -3.843107133333332825e+01 -4.387160033333333331e+01
1.772377113333333227e+02 -4.012691099999999977e+01 -1.411370866666666757e+01
1.780423790000000110e+02 -3.753158599999999723e+01 -4.461837900000000445e+01
1.773210276666666516e+02 -3.879534199999999800e+01 -2.474346633333333401e+01
1.750803173333333405e+02 -4.050160733333333241e+01 -3.813270733333333595e+01
1.783736563333333436e+02 -3.776036333333333772e+01 -2.536243666666666741e+01
1.748152973333333193e+02 -4.021526033333333316e+01 -5.059495700000000085e+01
1.752028126666666594e+02 -3.928411966666666899e+01 -6.887226833333333786e+01
1.756190366666666876e+02 -3.949743533333333545e+01 -4.654600899999999797e+01
1.751052356666666583e+02 -4.196945000000000192e+01 -1.001243599999999923e+01
1.782652623333333395e+02 -3.828618066666666664e+01 -1.692868800000000107e+01
1.774828933333333225e+02 -3.996972166666666482e+01 -1.306758533333333361e+01
1.773362496666666459e+02 -3.930848133333333294e+01 -1.861227033333333125e+01
1.761640569999999855e+02 -3.862513466666666773e+01 -6.433146033333333946e+01
1.750868510000000242e+02 -4.072322333333332978e+01 -3.274856366666666219e+01
1.741566786666666360e+02 -4.041524499999999875e+01 -6.001163433333332620e+01
1.731494713333333095e+02 -4.081664633333333114e+01 -8.828658966666667141e+01
1.759955099999999675e+02 -3.939699933333333348e+01 -4.139292833333333732e+01
1.747476599999999962e+02 -4.018136766666666659e+01 -5.290762733333333045e+01
1.788133229999999969e+02 -3.893017799999999085e+01 -6.651850000000000485e+00
1.729945543333333262e+02 -4.194374366666666987e+01 -3.765769166666667189e+01
1.768759406666666507e+02 -3.891808199999999829e+01 -3.085280433333333505e+01
1.778006863333333456e+02 -3.774480666666666906e+01 -4.585234433333332760e+01
1.778326019999999801e+02 -4.074762100000000231e+01 -7.719268666666667222e+00
1.761691769999999906e+02 -4.057258533333332906e+01 -1.930359099999999728e+01
1.793957500000000209e+02 -3.624995899999999693e+01 -3.120893966666666941e+01
1.771854170000000011e+02 -3.857937199999999933e+01 -3.207095066666666838e+01
1.758396783333333531e+02 -4.025497466666666924e+01 -2.594560900000000103e+01
1.785973669999999913e+02 -3.965199633333333651e+01 -6.296449666666666722e+00
1.772532026666666525e+02 -3.868740700000000032e+01 -2.801288999999999874e+01
1.786124350000000049e+02 -3.883224433333333536e+01 -8.312941000000000358e+00
1.772679486666666833e+02 -4.112426133333333667e+01 -8.937423333333333275e+00
1.769335336666666763e+02 -4.054155433333333036e+01 -1.417107500000000186e+01
1.790525983333333215e+02 -3.645219933333333273e+01 -3.944821133333334018e+01
1.777262513333333516e+02 -3.973425666666666700e+01 -1.232890766666666771e+01
1.767887859999999876e+02 -4.003126066666666816e+01 -1.786914900000000372e+01
1.747028020000000197e+02 -4.072988799999999543e+01 -3.935649933333333195e+01
1.787479360000000099e+02 -3.652219999999999800e+01 -4.901803133333333307e+01
1.791472169999999835e+02 -3.760550766666667499e+01 -1.158839566666666521e+01
1.790113890000000083e+02 -3.895045700000000721e+01 -5.609893666666667222e+00
1.765182693333333361e+02 -3.959760066666666489e+01 -2.480311800000000133e+01
1.763483060000000080e+02 -3.878515633333333312e+01 -5.108155066666665789e+01
1.788897993333333432e+02 -3.903429966666666928e+01 -6.003328333333333156e+00
1.759251009999999553e+02 -4.185598833333332891e+01 -8.149383666666667025e+00
1.759145413333333181e+02 -3.881847833333333142e+01 -6.551185433333333208e+01
1.733282110000000102e+02 -4.201540800000000075e+01 -2.497421399999999991e+01
1.729583169999999939e+02 -4.098610599999999948e+01 -8.854508433333334949e+01
1.771791540000000111e+02 -4.023951466666667187e+01 -1.393993933333333324e+01
1.722529540000000168e+02 -4.180377866666666620e+01 -6.854749366666666788e+01
1.794537633333333417e+02 -3.739901199999999903e+01 -1.000632933333333341e+01
1.733473729999999762e+02 -4.216981066666667033e+01 -1.864287333333333052e+01
1.782845989999999858e+02 -3.625364700000000084e+01 -8.744217300000001103e+01
1.770223086666666461e+02 -3.766687699999999950e+01 -8.037523266666666188e+01
1.748894213333333312e+02 -3.961064033333333612e+01 -6.625216633333333505e+01
1.771680010000000038e+02 -4.117997199999999935e+01 -9.123136999999999830e+00
1.798628586666666536e+02 -3.695087566666666845e+01 -9.459028000000001768e+00
1.785254763333333301e+02 -3.842502400000000051e+01 -1.160286566666666630e+01
1.732325916666666501e+02 -4.182731899999999570e+01 -3.523864666666666068e+01
1.764344666666666797e+02 -3.824271566666666899e+01 -7.206180999999999415e+01
1.775744243333333259e+02 -3.717230233333333445e+01 -8.193360900000000413e+01
1.787222363333333703e+02 -3.852612400000000292e+01 -8.965851666666667441e+00
1.748770250000000033e+02 -4.017624766666666147e+01 -5.010833199999999721e+01
1.768519430000000057e+02 -4.137965366666666966e+01 -9.129835666666666683e+00
1.786570670000000121e+02 -3.961337933333333439e+01 -6.075619666666667307e+00
1.726022920000000056e+02 -4.197969533333333203e+01 -4.583609899999999726e+01
1.725883350000000007e+02 -4.151631433333333376e+01 -7.379464533333333520e+01
1.756827140000000043e+02 -4.141271733333332605e+01 -1.421604933333333598e+01
1.767143323333333456e+02 -3.798544166666666655e+01 -7.406226533333334316e+01
1.781657119999999850e+02 -3.975911766666666836e+01 -8.691657999999998552e+00
1.756630863333333537e+02 -4.074190566666666768e+01 -2.277085233333333392e+01
1.777194196666666812e+02 -3.929416666666666202e+01 -1.504357466666666632e+01
1.760704560000000072e+02 -3.957957600000000298e+01 -3.404372633333333198e+01
1.778814993333333234e+02 -3.822658333333333758e+01 -2.628800300000000334e+01
1.764602119999999843e+02 -4.161159299999999917e+01 -8.450375666666666064e+00
1.722741533333333166e+02 -4.164657199999999904e+01 -8.116145099999999957e+01
1.780883806666666658e+02 -3.862574933333333860e+01 -1.511057000000000095e+01
1.747110416666666595e+02 -4.095137766666666579e+01 -3.311216999999999899e+01
1.779794116666666639e+02 -3.763055866666666560e+01 -4.358690899999999147e+01
1.779776490000000138e+02 -3.697061066666666562e+01 -6.829738033333333647e+01
1.770538236666666592e+02 -3.798830899999999389e+01 -5.898441766666667263e+01
1.734355906666666272e+02 -4.056172366666666562e+01 -8.808150566666665782e+01
1.768802223333333359e+02 -4.087907166666666825e+01 -1.260570799999999991e+01
1.770686070000000143e+02 -3.733242766666666768e+01 -1.036142119999999949e+02
1.751787080000000003e+02 -3.915673733333333217e+01 -7.884763466666666432e+01
1.759941576666666663e+02 -4.106021566666666445e+01 -1.585418200000000155e+01
1.776398259999999993e+02 -3.742051433333332966e+01 -6.622171100000001331e+01
1.754197506666666868e+02 -4.148266733333333178e+01 -1.515350166666666532e+01
1.768259066666666968e+02 -4.150470899999999830e+01 -8.182458333333334721e+00
1.749287693333333209e+02 -4.168686366666666743e+01 -1.505788066666666758e+01
1.723494113333333644e+02 -4.214521300000000537e+01 -4.021180633333333532e+01
1.741843066666666573e+02 -4.184196366666666478e+01 -1.819325900000000118e+01
1.733478576666666413e+02 -4.167141466666666361e+01 -3.787358966666666760e+01
1.772133476666666638e+02 -3.946072633333333357e+01 -1.838536566666666872e+01
1.756141286666666872e+02 -3.925972833333333512e+01 -5.541821766666666349e+01
1.778200573333333523e+02 -4.026174300000000272e+01 -9.399597333333332472e+00
1.759501393333333397e+02 -3.973409699999999845e+01 -3.244574800000000181e+01
1.761448656666666750e+02 -3.983491099999999818e+01 -2.663892333333333440e+01
1.787048633333333498e+02 -3.916263633333333161e+01 -6.739077666666666744e+00
1.754860796666666829e+02 -3.944455400000000367e+01 -5.161669300000000504e+01
1.753143453333333355e+02 -3.976503166666666544e+01 -4.700525300000000328e+01
1.792282186666666632e+02 -3.661403999999999570e+01 -2.774120666666666679e+01
1.776598970000000008e+02 -4.059619866666665899e+01 -9.165560000000001040e+00
1.768189473333333126e+02 -3.910516666666666907e+01 -2.806299566666666578e+01
1.767290000000000134e+02 -4.014403466666666986e+01 -1.770543200000000184e+01
1.761159153333333336e+02 -3.917504199999999770e+01 -4.569950966666666403e+01
1.780482916666666426e+02 -4.006122333333333785e+01 -8.541889666666666159e+00
1.760475033333333386e+02 -3.838838066666667004e+01 -8.468924366666665549e+01
1.780239416666666727e+02 -3.663599966666666319e+01 -8.147167866666666214e+01
1.766249040000000150e+02 -4.081304766666666950e+01 -1.470545166666666681e+01
1.778776973333333444e+02 -3.666379733333332780e+01 -9.016337466666665534e+01
1.766289833333333092e+02 -3.914922066666666467e+01 -3.166044700000000134e+01
1.771890860000000032e+02 -4.045821500000000270e+01 -1.269760466666666865e+01
1.773544419999999775e+02 -3.990018900000000457e+01 -1.446472166666666759e+01
1.761770573333333232e+02 -4.079400033333332942e+01 -1.736742533333333327e+01
1.756319836666666561e+02 -4.171028333333332938e+01 -1.114463233333333392e+01
1.761838179999999738e+02 -3.928060466666666883e+01 -4.043748766666666938e+01
1.764232453333333126e+02 -4.173252833333333456e+01 -7.479148666666667111e+00
1.781073083333333500e+02 -3.994425100000000128e+01 -8.502310999999998842e+00
1.787680356666666910e+02 -3.660149966666666188e+01 -4.492229999999999990e+01
1.775717896666666604e+02 -4.075893233333332688e+01 -9.006259333333334283e+00
1.788779339999999820e+02 -3.738422066666667121e+01 -1.913347800000000021e+01
1.751923910000000149e+02 -4.172945666666666398e+01 -1.309088833333333390e+01
1.737834499999999878e+02 -4.153058966666666407e+01 -3.273538033333333175e+01
1.751570273333333319e+02 -4.098110199999999992e+01 -2.584551033333333336e+01
1.745070660000000089e+02 -4.164348599999999578e+01 -1.905795933333333281e+01
1.776411826666666514e+02 -3.696820400000000006e+01 -8.905697966666666332e+01
1.749082119999999634e+02 -4.144141233333333219e+01 -1.943057999999999907e+01
1.752389393333333203e+02 -4.161122000000000298e+01 -1.452201233333333441e+01
1.790053816666666364e+02 -3.738146966666666771e+01 -1.645867600000000053e+01
1.732456333333333589e+02 -4.190394033333333113e+01 -3.173139533333333517e+01
1.760455483333333575e+02 -3.858324099999999390e+01 -7.186892366666666021e+01
1.723464383333333387e+02 -4.187559033333333502e+01 -5.925531600000000054e+01
1.739808149999999785e+02 -4.173564666666666056e+01 -2.325182833333333221e+01
1.732193723333333537e+02 -4.119095166666667041e+01 -6.102420000000000044e+01
1.784254836666666506e+02 -4.026053966666666639e+01 -5.883135666666666985e+00
1.760552286666666930e+02 -3.906872933333333009e+01 -5.099436499999999484e+01
1.767786909999999807e+02 -4.134862333333333595e+01 -9.680382666666666580e+00
1.777171110000000169e+02 -3.733053499999999758e+01 -6.673442299999999250e+01
1.775680606666666392e+02 -3.842187400000000252e+01 -2.792285966666666397e+01
1.774086163333332991e+02 -3.963777733333333231e+01 -1.560547499999999843e+01
1.789626183333333529e+02 -3.793810433333333521e+01 -1.090608499999999914e+01
1.760271373333333429e+02 -4.149360866666666681e+01 -1.131696099999999916e+01
1.772313523333333478e+02 -3.997888933333333483e+01 -1.497684133333333456e+01
1.777819793333333394e+02 -3.918244066666667180e+01 -1.504449400000000026e+01
1.768788563333333457e+02 -3.750091466666666662e+01 -1.029159616666666608e+02
1.743321616666666785e+02 -4.132495666666667233e+01 -2.882146899999999690e+01
1.780969159999999931e+02 -3.701758000000000237e+01 -6.005005866666666492e+01
1.742028769999999724e+02 -4.046359766666666502e+01 -5.695510100000000620e+01
1.749804393333333508e+02 -4.163612233333333279e+01 -1.558240400000000214e+01
1.759211820000000159e+02 -4.080534999999999712e+01 -1.913137066666666897e+01
1.748450743333333151e+02 -4.132466966666666508e+01 -2.230689433333333227e+01
1.730154296666666767e+02 -4.147783000000000442e+01 -5.665764899999999926e+01
1.768708336666666980e+02 -4.058111966666666603e+01 -1.443561166666666828e+01
1.766197816666666540e+02 -3.892733066666666275e+01 -3.767919433333333501e+01
1.785974779999999953e+02 -3.633893400000000184e+01 -6.417202966666665986e+01
1.745842896666666775e+02 -4.195922200000000402e+01 -1.251408266666666691e+01
1.764689370000000110e+02 -3.835811400000000049e+01 -6.381643533333333806e+01
1.743962063333333390e+02 -4.106673033333333223e+01 -3.494079300000000643e+01
1.780244713333333095e+02 -3.683122199999999680e+01 -7.159563666666666393e+01
1.779516476666666733e+02 -3.840857399999999444e+01 -2.048644400000000232e+01
1.755033526666667001e+02 -3.965074333333333811e+01 -4.478075733333333375e+01
1.782992383333333635e+02 -3.697962766666666568e+01 -5.127979533333333251e+01
1.746320990000000108e+02 -4.163792399999999816e+01 -1.799105166666666733e+01
1.769899913333333359e+02 -3.854344333333333594e+01 -3.807784666666666595e+01
1.754233263333333355e+02 -3.884278199999999970e+01 -8.931079033333332973e+01
1.789145176666666828e+02 -3.639770066666666537e+01 -4.720165900000000647e+01
1.744601533333333236e+02 -4.110200599999999582e+01 -3.286589266666666731e+01
1.779816826666666714e+02 -3.987283899999999903e+01 -9.638232333333332846e+00
1.750241069999999866e+02 -4.076173233333333457e+01 -3.294740833333333541e+01
1.761017666666666628e+02 -4.046475833333333583e+01 -2.067540566666666280e+01
1.758308383333333325e+02 -3.996140966666666827e+01 -3.014622933333333421e+01
1.755056189999999958e+02 -3.972301699999999869e+01 -4.286844500000000124e+01
1.795950423333333390e+02 -3.745472033333333428e+01 -8.348956333333333646e+00
1.784929663333333281e+02 -3.753662966666666279e+01 -2.703072366666666326e+01
1.726911696666666955e+02 -4.222946333333333513e+01 -2.994836899999999957e+01
1.741044553333333624e+02 -4.016670666666666989e+01 -7.317673366666666368e+01
1.779118280000000141e+02 -3.939716933333333060e+01 -1.242026899999999934e+01
1.760924183333333133e+02 -4.016978599999999489e+01 -2.305727600000000166e+01
1.756583993333333353e+02 -4.059408099999999564e+01 -2.487352100000000021e+01
1.738683200000000113e+02 -4.066208766666667174e+01 -6.009757466666667369e+01
1.739820939999999894e+02 -4.012657933333333204e+01 -8.251294633333333195e+01
1.725395006666666688e+02 -4.201800999999999675e+01 -4.485137933333333393e+01
1.750780059999999878e+02 -4.042778166666666806e+01 -3.988801666666666534e+01
1.787309023333333187e+02 -3.686833666666666431e+01 -3.655519799999999719e+01
1.728493826666666564e+02 -4.153481500000000182e+01 -6.073746200000000073e+01
1.769277710000000070e+02 -4.160287799999999692e+01 -7.035057666666666876e+00
1.757053789999999935e+02 -3.916737866666667145e+01 -5.678870833333333934e+01
1.793250740000000008e+02 -3.740804166666666930e+01 -1.130689133333333274e+01
1.774202159999999822e+02 -3.798028833333333409e+01 -4.770760699999999588e+01
1.769836756666666417e+02 -4.013524400000000014e+01 -1.595729566666666699e+01
1.788685286666666627e+02 -3.715900900000000462e+01 -2.386249533333333162e+01
1.757378380000000107e+02 -4.107347800000000149e+01 -1.767648666666666557e+01
1.779324593333333269e+02 -3.789010366666666840e+01 -3.579298533333333410e+01
1.768621566666666638e+02 -3.854487600000000214e+01 -4.175844933333333842e+01
1.732949370000000044e+02 -4.098635500000000320e+01 -6.802104333333333841e+01
1.758074960000000146e+02 -4.125985366666666465e+01 -1.502098033333333227e+01
1.767859836666666524e+02 -3.836194666666666819e+01 -5.098744166666667610e+01
1.763124373333333494e+02 -3.820895166666666398e+01 -8.141701866666666376e+01
1.784142409999999757e+02 -3.872806566666667294e+01 -1.051233533333333270e+01
1.740634019999999964e+02 -4.050871899999999926e+01 -5.946218133333332645e+01
1.784670573333333721e+02 -3.673662099999999242e+01 -5.227878866666666369e+01
1.754806069999999920e+02 -4.108094866666666434e+01 -2.009900399999999721e+01
1.764912136666666811e+02 -3.893180233333333007e+01 -4.163260133333333357e+01
1.743201426666666691e+02 -4.073793100000000322e+01 -4.593848433333332792e+01
1.735336916666666696e+02 -4.155619533333333493e+01 -3.722337499999999721e+01
1.757234673333333319e+02 -4.062854899999999958e+01 -2.343961699999999837e+01
1.785887906666666822e+02 -3.666584066666666786e+01 -4.971646933333332896e+01
1.762630249999999705e+02 -3.960760333333333705e+01 -2.928862233333333265e+01
1.756618653333333384e+02 -3.892077133333333450e+01 -7.037328633333332562e+01
1.747129923333333181e+02 -4.194754099999999397e+01 -1.195322800000000107e+01
1.731926923333333264e+02 -4.125282733333332885e+01 -5.930729500000000343e+01
1.757609676666666871e+02 -3.864513800000000288e+01 -8.336452100000001053e+01
1.782861316666666482e+02 -3.873162800000000061e+01 -1.179590666666666721e+01
1.762892623333333404e+02 -3.882740666666666840e+01 -5.172371899999999556e+01
1.741198286666666775e+02 -4.188154566666666057e+01 -1.790097533333333146e+01
1.738954743333333397e+02 -4.087991700000000606e+01 -5.145516166666666891e+01
1.759981476666666822e+02 -3.903445166666666211e+01 -5.385243633333333690e+01
1.771266140000000178e+02 -4.056908399999999659e+01 -1.257135900000000106e+01
1.758275320000000193e+02 -3.920449400000000395e+01 -5.214430766666666273e+01
1.779798299999999927e+02 -4.096846566666666689e+01 -6.204910666666666685e+00
1.779183233333333192e+02 -3.766413566666665957e+01 -4.468831666666667246e+01
1.754404133333333391e+02 -4.170370400000000188e+01 -1.222976166666666664e+01
1.786200643333333176e+02 -3.738861800000000102e+01 -2.629976466666666468e+01
1.790377969999999834e+02 -3.672678900000000368e+01 -3.057969666666666697e+01
1.767437266666666744e+02 -4.058630600000000044e+01 -1.536605000000000132e+01
1.795716409999999996e+02 -3.795279466666666934e+01 -6.016176999999999886e+00
1.786241983333333110e+02 -3.753521733333333543e+01 -2.295140833333333319e+01
1.727633270000000039e+02 -4.180276933333333744e+01 -5.111125266666666533e+01
1.751536486666666406e+02 -4.083261466666666450e+01 -2.907611900000000205e+01
1.755161836666666488e+02 -4.015746866666666648e+01 -3.423494366666666622e+01
1.752145060000000285e+02 -4.071974433333333110e+01 -3.048908833333333135e+01
1.756727483333333169e+02 -4.147852966666666674e+01 -1.354363166666666807e+01
1.746950806666667120e+02 -4.043888799999999861e+01 -4.741976233333333113e+01
1.745881846666666490e+02 -4.117354766666667132e+01 -2.897751900000000091e+01
1.790068733333333455e+02 -3.649981666666666769e+01 -3.952057833333333292e+01
1.755160329999999931e+02 -3.914721566666666064e+01 -6.361132666666666324e+01
1.794549886666666509e+02 -3.613784133333333415e+01 -3.145676366666667079e+01
1.740094546666666702e+02 -4.025200866666666144e+01 -7.316497999999999990e+01
1.761475003333333404e+02 -3.830700099999999253e+01 -8.453001299999999674e+01
1.784101299999999810e+02 -3.865349733333333404e+01 -1.102617200000000075e+01
1.769619460000000117e+02 -3.954412966666666307e+01 -1.984581633333333173e+01
1.754766886666666608e+02 -4.093353666666666868e+01 -2.239144466666666844e+01
1.773205986666666831e+02 -4.087643599999999111e+01 -9.853683666666666952e+00
1.772088496666666515e+02 -3.931317866666666561e+01 -1.967580833333333246e+01
1.726713589999999670e+02 -4.201740699999999862e+01 -4.220959466666666771e+01
1.770565599999999904e+02 -3.814648966666666752e+01 -5.114789933333332783e+01
1.779733643333333077e+02 -3.657979399999999970e+01 -8.834663199999999961e+01
1.771138656666666691e+02 -4.020465133333333085e+01 -1.461904966666666716e+01
1.786392376666666735e+02 -3.940204666666667066e+01 -6.606400666666666588e+00
1.774520350000000235e+02 -3.886468266666666693e+01 -2.178715733333332949e+01
1.765812260000000151e+02 -4.121187000000000467e+01 -1.166536166666666752e+01
1.792997283333333201e+02 -3.702815266666666361e+01 -1.658202100000000101e+01
1.778386806666666473e+02 -3.885251099999999980e+01 -1.652762133333333239e+01
1.760952666666666744e+02 -3.825031533333333300e+01 -9.290433633333333319e+01
1.783091486666666867e+02 -4.018347933333333089e+01 -6.648964333333332810e+00
1.742492913333333036e+02 -4.173032666666666302e+01 -2.003586999999999918e+01
1.794952363333333096e+02 -3.681913533333332822e+01 -1.621853033333333372e+01
1.765860863333333270e+02 -3.970594366666666275e+01 -2.224606166666666596e+01
1.759252930000000106e+02 -3.834873833333332982e+01 -9.684277433333333818e+01
1.763620203333333336e+02 -3.826243833333333555e+01 -7.470928066666665757e+01
1.786416809999999771e+02 -3.920911766666666409e+01 -7.014614666666666665e+00
1.759501456666666854e+02 -3.847367333333333050e+01 -8.442532833333332576e+01
1.751495549999999923e+02 -4.184921566666667303e+01 -1.156784133333333386e+01
1.769549360000000036e+02 -3.787656433333333439e+01 -6.945291033333332109e+01
1.739536109999999951e+02 -4.119097066666666507e+01 -4.008095366666666592e+01
1.727896346666666432e+02 -4.174363566666666969e+01 -5.313859599999999972e+01
1.778891630000000248e+02 -4.026571866666666466e+01 -8.947172666666666885e+00
1.794619403333333310e+02 -3.747294300000000788e+01 -9.337899000000000171e+00
1.780004110000000139e+02 -3.799911999999999779e+01 -2.999052966666667075e+01
1.770938749999999970e+02 -3.968738166666667411e+01 -1.771173333333333133e+01
1.756655586666666693e+02 -3.872845766666666378e+01 -8.291213900000001047e+01
1.723537740000000156e+02 -4.199163100000000526e+01 -5.074475366666666787e+01
1.724531313333333173e+02 -4.173478599999999972e+01 -6.533514799999998957e+01
1.757114939999999876e+02 -3.858914866666666654e+01 -9.117428000000001020e+01
1.768528080000000102e+02 -4.158077266666666816e+01 -7.454627666666667096e+00
1.779180853333333516e+02 -3.983757233333333403e+01 -1.026203366666666561e+01
1.725713806666666414e+02 -4.177876233333333289e+01 -5.824538599999999633e+01
1.773074029999999937e+02 -3.814082666666666199e+01 -4.391166633333333635e+01
1.771914299999999969e+02 -4.067408766666667219e+01 -1.158911066666666478e+01
1.749686260000000004e+02 -4.109820400000000262e+01 -2.582681499999999986e+01
1.748288983333333420e+02 -4.065502299999999991e+01 -3.920227333333333064e+01
1.760223183333333452e+02 -3.845798633333333072e+01 -8.111049300000000528e+01
1.747203743333333250e+02 -3.990136166666666639e+01 -6.142493933333332734e+01
1.782330446666666433e+02 -3.899014533333333077e+01 -1.095725699999999847e+01
1.754631783333333317e+02 -4.049018166666666474e+01 -3.005644566666666151e+01
1.748406149999999855e+02 -3.936186799999999408e+01 -8.462442800000000886e+01
1.755427339999999958e+02 -3.888188799999999645e+01 -7.869972933333333742e+01
1.783918363333333161e+02 -3.828134866666666625e+01 -1.492965999999999838e+01
1.748986730000000023e+02 -4.083825499999999664e+01 -3.315051633333333569e+01
1.765317136666666613e+02 -4.143330933333333377e+01 -9.847841999999999985e+00
1.784755506666666633e+02 -4.037196166666667096e+01 -5.438224333333333327e+00
1.764767326666666634e+02 -4.022717399999999799e+01 -1.908248100000000136e+01
1.736527620000000240e+02 -4.071159600000000012e+01 -6.627589100000000144e+01
1.751474506666666855e+02 -4.061063133333333752e+01 -3.420941299999999785e+01
1.782969533333333345e+02 -3.895309200000000516e+01 -1.049458599999999997e+01
1.773342039999999997e+02 -3.923495799999999889e+01 -1.926873766666666654e+01
1.782411369999999806e+02 -4.007715433333333266e+01 -7.285997333333334325e+00
1.731260109999999770e+02 -4.088655333333333175e+01 -8.433516866666667511e+01
1.766964653333333501e+02 -4.099732199999999693e+01 -1.290198066666666676e+01
1.750595626666666647e+02 -3.971428799999999626e+01 -5.603675799999999896e+01
1.776198506666666788e+02 -3.801792266666666364e+01 -4.041669166666667223e+01
1.730787729999999840e+02 -4.102558666666666909e+01 -7.727553166666668005e+01
1.726815789999999708e+02 -4.143314733333333066e+01 -7.426840900000000545e+01
1.782138433333333296e+02 -3.646632633333333473e+01 -7.874655733333334240e+01
1.766797599999999875e+02 -3.881444899999999620e+01 -3.903101600000000104e+01
1.766519659999999874e+02 -3.820244633333333439e+01 -6.382238466666666454e+01
1.761229513333333614e+02 -3.837543233333332893e+01 -8.093898466666666991e+01
1.774745000000000061e+02 -4.125338099999999741e+01 -7.282614666666667347e+00
1.778178836666666882e+02 -4.081818033333333773e+01 -7.538162999999999947e+00
1.763328996666666626e+02 -4.123689766666667111e+01 -1.241986799999999924e+01
1.771276010000000269e+02 -4.064206566666666731e+01 -1.218848666666666780e+01
1.743786423333333460e+02 -4.172283533333333594e+01 -1.875628299999999982e+01
1.753512459999999749e+02 -4.108511899999999883e+01 -2.146022699999999972e+01
1.778604246666666597e+02 -4.015399133333333026e+01 -9.495580333333334622e+00
1.780113006666666706e+02 -3.829554533333333666e+01 -2.164656866666666701e+01
1.748897629999999879e+02 -4.054352266666666793e+01 -4.099695933333333642e+01
1.762342123333333177e+02 -4.060667266666666109e+01 -1.858599766666666753e+01
1.769542513333333318e+02 -3.932234399999999397e+01 -2.223949466666666908e+01
1.793762236666666467e+02 -3.729203866666666300e+01 -1.187155499999999897e+01
1.785658953333333159e+02 -3.909997800000000012e+01 -7.778973666666665565e+00
1.763513866666666843e+02 -4.171401033333333430e+01 -7.879802999999999891e+00
1.756778293333333352e+02 -4.118772433333333538e+01 -1.683220300000000336e+01
1.741451510000000269e+02 -4.122063366666666440e+01 -3.513610533333332597e+01
1.788677669999999864e+02 -3.881407966666666454e+01 -6.670254333333333285e+00
1.768187683333333098e+02 -4.091879233333332877e+01 -1.274613466666666817e+01
1.787649856666666892e+02 -3.819151066666666594e+01 -1.099868399999999902e+01
1.784271296666666728e+02 -3.895209066666667042e+01 -9.327084999999998516e+00
1.789689943333333702e+02 -3.913725833333332815e+01 -5.470050666666666395e+00
1.749333380000000204e+02 -3.999185199999999440e+01 -5.282513000000000147e+01
1.793281566666666720e+02 -3.613708500000000612e+01 -3.741386400000000378e+01
1.753170913333333374e+02 -4.171718066666667113e+01 -1.266968300000000092e+01
1.786015526666666631e+02 -3.972348033333333461e+01 -6.121402666666665660e+00
1.749634656666666785e+02 -4.087422833333332761e+01 -3.119279466666666778e+01
1.743723486666666531e+02 -4.017723233333332900e+01 -6.230357133333333053e+01
1.793749983333333375e+02 -3.647350433333333086e+01 -2.638075600000000165e+01
1.738330660000000023e+02 -4.141132800000000458e+01 -3.563386099999999601e+01
1.781044043333333491e+02 -3.928215000000000146e+01 -1.101953766666666645e+01
1.790759526666666659e+02 -3.749338233333332937e+01 -1.375426266666666741e+01
1.769942296666666550e+02 -4.042891066666666688e+01 -1.431183466666666781e+01
1.757585480000000189e+02 -3.970829499999999967e+01 -3.720657566666667293e+01
1.789273609999999906e+02 -3.704255933333332962e+01 -2.494111433333333139e+01
1.772314876666666805e+02 -4.106868866666666662e+01 -9.417805666666666298e+00
1.775803750000000036e+02 -4.068652000000000157e+01 -9.245756333333334354e+00
1.780285720000000254e+02 -3.873765566666666160e+01 -1.487157200000000046e+01
1.743169509999999889e+02 -3.992806666666667326e+01 -7.633502433333332249e+01
1.737990633333333506e+02 -4.209561066666666562e+01 -1.498606433333333143e+01
1.773971320000000276e+02 -3.919599366666666640e+01 -1.902889966666666766e+01
1.778970290000000034e+02 -3.866787199999999558e+01 -1.745090066666666928e+01
1.788494986666666762e+02 -3.636293566666666521e+01 -5.143233066666667241e+01
1.765232813333333297e+02 -4.124971200000000238e+01 -1.155773700000000126e+01
1.749479783333333387e+02 -4.176472166666666652e+01 -1.370557200000000186e+01
1.746987003333333348e+02 -4.181094133333332508e+01 -1.434814066666666577e+01
1.797169663333333176e+02 -3.681349166666666406e+01 -1.237253333333333138e+01
1.774309370000000001e+02 -3.813113666666666290e+01 -4.098426533333333310e+01
1.795470103333333327e+02 -3.772927100000000422e+01 -7.098231333333333559e+00
1.761514909999999929e+02 -4.147504299999999944e+01 -1.090921933333333271e+01
1.776065150000000301e+02 -3.996233766666666298e+01 -1.213494600000000112e+01
1.761336359999999956e+02 -4.126655233333332973e+01 -1.300836000000000148e+01
1.769186693333333267e+02 -4.010057633333333627e+01 -1.660360933333333477e+01
1.742625120000000152e+02 -4.084984800000000149e+01 -4.379747833333332352e+01
1.791634926666666559e+02 -3.861641633333333345e+01 -5.774536999999999587e+00
1.783025389999999959e+02 -4.004218266666666182e+01 -7.010344333333333289e+00
1.791918393333333199e+02 -3.841029566666666284e+01 -6.322162666666666375e+00
1.792347193333333450e+02 -3.683975833333332872e+01 -2.175648800000000094e+01
1.789882033333333311e+02 -3.873054966666666843e+01 -6.267578333333332807e+00
1.757887640000000147e+02 -3.877111599999999925e+01 -7.342784799999999734e+01
1.770935496666666893e+02 -3.765238533333333493e+01 -7.773202366666667729e+01
1.736770476666666809e+02 -4.064192933333333002e+01 -6.866074899999999559e+01
1.769998166666666748e+02 -4.064896166666667199e+01 -1.308098033333333454e+01
1.759864783333333378e+02 -4.083948899999999327e+01 -1.822257366666666556e+01
1.750106576666666740e+02 -4.031895099999999843e+01 -4.387111266666666864e+01
1.771295179999999903e+02 -4.078921966666666776e+01 -1.143086833333333097e+01
1.751282340000000204e+02 -3.949617666666666338e+01 -6.125424799999999692e+01
1.772873296666666647e+02 -3.979125533333333209e+01 -1.561856666666666626e+01
1.756560493333333568e+02 -4.052030433333333548e+01 -2.591726099999999988e+01
1.766690640000000201e+02 -4.025682133333333468e+01 -1.758746266666666713e+01
1.756779193333333353e+02 -4.191847899999999782e+01 -8.536398000000000152e+00
1.764587256666666519e+02 -3.971064333333332996e+01 -2.388577166666666685e+01
1.770458226666666235e+02 -4.009625299999999726e+01 -1.571371733333333331e+01
1.766715489999999988e+02 -4.033049966666666819e+01 -1.722663833333333372e+01
1.788357863333333171e+02 -3.829840066666666587e+01 -9.459256000000001663e+00
1.770715900000000147e+02 -3.902270833333333400e+01 -2.489638566666666364e+01
1.777898793333333458e+02 -4.062758433333333130e+01 -8.358963666666666015e+00
1.774462086666666494e+02 -4.118676733333333573e+01 -7.755265666666666391e+00
1.798256409999999903e+02 -3.726821066666666837e+01 -7.817460000000000520e+00
1.775916839999999866e+02 -4.121667966666667127e+01 -6.945993666666666400e+00
1.776534529999999847e+02 -3.918688033333333465e+01 -1.647432300000000183e+01
1.784914883333333364e+02 -4.015439466666666846e+01 -5.772066999999999837e+00
1.740184536666666872e+02 -4.122446266666666759e+01 -3.762660166666666584e+01
1.755165490000000261e+02 -3.933435933333333168e+01 -5.501648866666666748e+01
1.745533723333333285e+02 -3.961606299999999692e+01 -8.390348400000000595e+01
1.753096809999999834e+02 -3.955000000000000426e+01 -5.305590333333333319e+01
1.778316650000000152e+02 -3.680233366666666228e+01 -8.537661200000000861e+01
1.792903290000000140e+02 -3.782740833333333086e+01 -8.439803333333333768e+00
1.751659529999999734e+02 -4.150492299999999801e+01 -1.650045433333333378e+01
1.730263449999999921e+02 -4.155537266666666341e+01 -5.300164600000000092e+01
1.752317669999999907e+02 -3.941372633333333653e+01 -6.092883100000000240e+01
1.739860419999999976e+02 -4.188845966666666953e+01 -1.903377599999999958e+01
1.788235983333333650e+02 -3.807818566666666982e+01 -1.131470699999999852e+01
1.778020943333333435e+02 -4.019169199999999620e+01 -9.752290666666667107e+00
1.763700149999999951e+02 -4.082240266666666884e+01 -1.605029333333333241e+01
1.770693756666666729e+02 -4.090367966666666888e+01 -1.122448666666666561e+01
1.771163363333333507e+02 -3.758374066666667090e+01 -8.131033066666667253e+01
1.787249000000000194e+02 -3.971833399999999870e+01 -5.558414333333334234e+00
1.779787139999999965e+02 -3.755810166666666561e+01 -4.627105633333332690e+01
1.773909393333333355e+02 -3.897626433333334006e+01 -2.126489400000000174e+01
1.780945923333333383e+02 -3.877280199999999155e+01 -1.373991199999999857e+01
1.782932356666666465e+02 -3.983027566666666530e+01 -7.614533999999999914e+00
1.787342933333333406e+02 -3.694190566666666342e+01 -3.407180333333332811e+01
1.750538239999999917e+02 -4.166677266666666668e+01 -1.469564433333333398e+01
1.752250413333333370e+02 -4.131326466666666164e+01 -1.902173066666666656e+01
1.748158086666666406e+02 -4.172884233333333981e+01 -1.501204833333333255e+01
1.793939560000000029e+02 -3.617492633333333174e+01 -3.327376500000000448e+01
1.789084986666666737e+02 -3.917892866666667118e+01 -5.662450333333333141e+00
1.761354043333333266e+02 -4.133630500000000296e+01 -1.232370666666666637e+01
1.757118499999999983e+02 -4.026037900000000036e+01 -2.827326833333333411e+01
1.790958250000000191e+02 -3.787493433333333570e+01 -9.942925666666667439e+00
1.795350779999999986e+02 -3.700831733333333062e+01 -1.299806000000000061e+01
1.767754453333333515e+02 -3.966204533333333160e+01 -2.060068366666666861e+01
1.781633199999999988e+02 -3.961214833333333019e+01 -9.219973666666666290e+00
1.749148283333333040e+02 -4.202898433333333372e+01 -9.791277666666665880e+00
1.781290366666666785e+02 -4.027277100000000587e+01 -7.472003666666666710e+00
1.775369426666666470e+02 -4.126259666666666703e+01 -6.958994000000000568e+00
1.792611663333333354e+02 -3.639602833333333365e+01 -3.282540166666666437e+01
1.754925786666666738e+02 -3.921462466666665847e+01 -6.104971933333333567e+01
1.726529413333333594e+02 -4.130971300000000213e+01 -8.486199966666666228e+01
1.781939576666667051e+02 -3.713415133333333529e+01 -5.120178666666667056e+01
1.737755600000000129e+02 -4.179370366666666570e+01 -2.431591666666666640e+01
1.734015316666666706e+02 -4.133885399999999777e+01 -4.869770333333332957e+01
1.760415793333333170e+02 -4.057822033333333422e+01 -2.029965833333332981e+01
1.765638129999999819e+02 -3.911469600000000213e+01 -3.431212400000000429e+01
1.794699709999999868e+02 -3.818413333333333526e+01 -5.755464333333333293e+00
1.784097399999999709e+02 -3.649877933333333857e+01 -6.569538433333333671e+01
1.766090536666666537e+02 -4.036976800000000054e+01 -1.748014533333333631e+01
1.741374556666666820e+02 -4.085660833333333386e+01 -4.625123933333333071e+01
1.749865496666666616e+02 -3.933115800000000206e+01 -7.745735266666666519e+01
1.793663956666666763e+02 -3.793306200000000672e+01 -7.286042999999999381e+00
1.776572113333333220e+02 -3.940636466666666138e+01 -1.495058266666666746e+01
1.746401423333333298e+02 -4.076705933333332865e+01 -3.937730466666666729e+01
1.769917550000000119e+02 -4.035563466666666699e+01 -1.472502133333333241e+01
1.769516993333333232e+02 -3.924846199999999641e+01 -2.324629399999999535e+01
1.745770179999999812e+02 -4.153328966666666844e+01 -2.061638733333333207e+01
1.728734323333333407e+02 -4.127256333333333060e+01 -7.359590233333334197e+01
1.767132713333333243e+02 -3.970132266666666965e+01 -2.085364966666666575e+01
1.763816016666666826e+02 -4.139585666666666697e+01 -1.073670033333333329e+01
1.743960656666666864e+02 -4.128642700000000332e+01 -2.883673066666666784e+01
1.786807129999999972e+02 -3.650524566666666715e+01 -5.256108599999999598e+01
1.764194643333333659e+02 -3.860601933333333591e+01 -5.487141733333333349e+01
1.764816513333333603e+02 -4.037473766666666819e+01 -1.833601133333333166e+01
1.780275586666666641e+02 -4.042495466666667170e+01 -7.671276333333334030e+00
1.779159919999999886e+02 -3.976431133333333179e+01 -1.059125266666666754e+01
1.754557729999999935e+02 -4.026926900000000131e+01 -3.392225066666667033e+01
1.749595173333333378e+02 -3.920740800000000092e+01 -8.951700799999998992e+01
1.764919006666666519e+02 -4.066990233333333293e+01 -1.654582933333333372e+01
1.771342949999999803e+02 -3.898391999999999769e+01 -2.456029033333333089e+01
1.754839633333333495e+02 -4.129839600000000388e+01 -1.706448866666666575e+01
1.737750259999999969e+02 -4.075041000000000224e+01 -5.983400600000000935e+01
1.781813196666666670e+02 -3.773406500000000818e+01 -3.246517333333333255e+01
1.751607910000000174e+02 -4.128000000000000114e+01 -2.014442999999999984e+01
1.745722233333333406e+02 -4.181889633333333478e+01 -1.510502600000000051e+01
1.796444079999999985e+02 -3.617396899999999960e+01 -2.278714400000000140e+01
1.776200703333333593e+02 -3.787499033333333642e+01 -4.638968033333333096e+01
1.783986799999999846e+02 -3.843018966666667069e+01 -1.305994066666666775e+01
1.772800899999999729e+02 -3.956907166666667308e+01 -1.707894066666666788e+01
1.734614693333333264e+02 -4.144779566666667137e+01 -4.300835299999999961e+01
1.756882409999999766e+02 -3.885188099999999878e+01 -7.328178166666666016e+01
1.768777086666666492e+02 -4.080420033333333407e+01 -1.308475533333333374e+01
1.787100169999999935e+02 -3.949974799999999675e+01 -6.039593666666665861e+00
1.753330669999999998e+02 -4.042041533333333092e+01 -3.417881299999999811e+01
1.760527973333333591e+02 -3.914163899999999785e+01 -4.855929200000000634e+01
1.787838720000000023e+02 -3.624941533333333155e+01 -5.940104400000000595e+01
1.784361703333333082e+02 -3.643195866666666660e+01 -6.772698133333332748e+01
1.753169040000000223e+02 -3.997904066666666267e+01 -4.261345800000000139e+01
1.757515683333333527e+02 -3.921485333333333756e+01 -5.362643599999999111e+01
1.750676173333333452e+02 -4.174248166666667004e+01 -1.347936099999999904e+01
1.775248383333333493e+02 -3.711926566666667071e+01 -8.790829200000000299e+01
1.772446879999999965e+02 -4.136642733333332700e+01 -7.618532333333333462e+00
1.764951509999999928e+02 -3.900580866666666680e+01 -3.935651333333333923e+01
1.791979293333333487e+02 -3.741377700000000317e+01 -1.286733633333333238e+01
1.751808880000000102e+02 -3.982735000000000269e+01 -4.945609566666666979e+01
1.784360316666666506e+02 -3.917393633333333014e+01 -8.513119000000001435e+00
1.773728676666666786e+02 -3.824651133333333064e+01 -3.804158666666666733e+01
1.778509033333333207e+02 -3.965621099999999188e+01 -1.165401300000000084e+01
1.725235710000000324e+02 -4.172318266666666631e+01 -6.334201566666666139e+01
1.778219223333333332e+02 -3.738665999999999912e+01 -5.955776499999999629e+01
1.755098526666666601e+02 -3.993966033333332888e+01 -3.813019700000000256e+01
1.755677666666666710e+02 -3.881216566666666523e+01 -8.242618033333333472e+01
1.791716963333333297e+02 -3.649877333333333240e+01 -3.318415399999999948e+01
1.743855826666666644e+02 -3.971681000000000239e+01 -8.704830733333334081e+01
1.772554083333333210e+02 -3.876036900000000429e+01 -2.648515366666666537e+01
1.721345943333333253e+02 -4.185461333333333300e+01 -6.970738333333333969e+01
1.729948916666666321e+02 -4.176126766666666157e+01 -4.566096733333333191e+01
1.775347693333333154e+02 -3.963221599999999967e+01 -1.458756466666666540e+01
1.735557886666666718e+02 -4.060212200000000138e+01 -7.726445999999999970e+01
1.782335766666666643e+02 -3.928001599999999627e+01 -9.827614999999999768e+00
1.784842176666666944e+02 -3.716892466666666905e+01 -3.711813366666666525e+01
1.735877653333333228e+02 -4.144057133333333098e+01 -4.005908733333333061e+01
1.732931829999999991e+02 -4.178692366666666658e+01 -3.501691299999999529e+01
1.770616016666666610e+02 -4.053590499999999253e+01 -1.322459966666666453e+01
1.747149023333333560e+02 -4.109973533333333506e+01 -2.913110100000000102e+01
1.752935313333333340e+02 -4.149369133333333082e+01 -1.583443900000000149e+01
1.773641770000000122e+02 -3.786086766666667103e+01 -5.501534666666666595e+01
1.760105620000000215e+02 -4.168335766666666586e+01 -9.510312333333333257e+00
1.770106710000000021e+02 -4.109848099999999960e+01 -1.043789033333333371e+01
1.757548256666666475e+02 -3.963468066666666800e+01 -3.929448333333332499e+01
1.787518203333333133e+02 -3.897278033333333269e+01 -6.905061333333333273e+00
1.787467579999999998e+02 -3.731243100000000368e+01 -2.402342400000000211e+01
1.763668896666666512e+02 -4.152536233333333371e+01 -9.573383333333332246e+00
1.775500183333333553e+02 -4.110408866666666228e+01 -7.663922666666667105e+00
1.742063010000000247e+02 -4.205991800000000325e+01 -1.320150799999999869e+01
1.763047263333333206e+02 -4.078826933333333216e+01 -1.669080666666666346e+01
1.753024259999999970e+02 -4.198414066666666145e+01 -9.167059666666666828e+00
1.770372743333333290e+02 -3.987468100000000248e+01 -1.699790466666666688e+01
1.789111433333333423e+02 -3.673739933333333596e+01 -3.450978133333332920e+01
1.769330993333333311e+02 -3.794552733333333805e+01 -6.617922033333333331e+01
1.759307966666666800e+02 -3.936623266666666865e+01 -4.392538199999999193e+01
1.741159776666666801e+02 -4.063253100000000018e+01 -5.371844166666667064e+01
1.765965516666666417e+02 -4.000109266666666485e+01 -1.943907600000000002e+01
1.753787949999999967e+02 -3.965652833333333405e+01 -4.790764266666666771e+01
1.794303546666666591e+02 -3.837506733333333386e+01 -5.474148666666667218e+00
1.743702566666666769e+02 -4.054424699999999149e+01 -5.060557399999999717e+01
1.772687459999999930e+02 -3.793406300000000186e+01 -5.444416499999999814e+01
1.767066519999999912e+02 -4.153541600000000500e+01 -8.324256333333332591e+00
1.782729920000000163e+02 -3.673087600000000208e+01 -6.204247500000000315e+01
1.796169216666666841e+02 -3.649191366666666170e+01 -1.831195233333333405e+01
1.761165663333333384e+02 -3.924697966666666815e+01 -4.331997133333334205e+01
1.786565863333333652e+02 -3.617099466666666530e+01 -6.967892599999998993e+01
1.773885376666666787e+02 -4.063081866666666997e+01 -1.054847966666666714e+01
1.762998986666666497e+02 -3.890634633333333881e+01 -4.875165433333332743e+01
1.788069279999999992e+02 -3.885626333333333804e+01 -6.901164333333333900e+00
1.792393273333333354e+02 -3.706805633333333105e+01 -1.703526366666666547e+01
1.779738983333333238e+02 -3.906735366666666209e+01 -1.342777000000000065e+01
1.785052480000000230e+02 -3.921482233333333056e+01 -7.895521333333332059e+00
1.790987786666666750e+02 -3.668562700000000376e+01 -2.987130233333333607e+01
1.781975566666666566e+02 -3.817709800000000087e+01 -2.025148733333333340e+01
1.795352853333333485e+02 -3.675145133333333547e+01 -1.641930833333333339e+01
1.744493240000000185e+02 -4.153846499999999509e+01 -2.193462766666666752e+01
1.744543360000000121e+02 -4.088111699999999615e+01 -3.928270166666666796e+01
1.774498786666666774e+02 -3.879168200000000155e+01 -2.278915600000000197e+01
1.757861803333333626e+02 -4.058907300000000618e+01 -2.305395500000000197e+01
1.775974376666666501e+02 -3.766012466666666825e+01 -5.676078000000000401e+01
1.766281583333333174e+02 -4.088706966666666887e+01 -1.413273833333333407e+01
1.733282206666666525e+02 -4.124627600000000172e+01 -5.459542799999999829e+01
1.783651966666666624e+02 -3.761039666666666648e+01 -2.954132300000000200e+01
1.746596346666666477e+02 -4.205818766666666875e+01 -1.042484533333333374e+01
1.786182746666666787e+02 -3.731491433333333418e+01 -2.811172566666666839e+01
1.741449690000000317e+02 -4.129349433333333508e+01 -3.300238433333333177e+01
1.765471406666666496e+02 -3.867386033333333017e+01 -4.779986866666666856e+01
1.788954343333333270e+02 -3.775497933333333123e+01 -1.358321699999999943e+01
1.749526913333333198e+02 -4.050511366666666646e+01 -4.071790400000000432e+01
1.788658646666666527e+02 -3.708368533333332806e+01 -2.573018399999999772e+01
1.764495236666666642e+02 -4.114981300000000175e+01 -1.276018799999999942e+01
1.781897243333333165e+02 -3.795465699999999742e+01 -2.578229566666666628e+01
1.773887726666666822e+02 -3.890315899999999516e+01 -2.216814033333333001e+01
1.788817023333333509e+02 -3.896145433333332875e+01 -6.200204000000000271e+00
1.767601643333333357e+02 -3.765517633333333691e+01 -9.752767666666666457e+01
1.796594166666666581e+02 -3.748855766666667222e+01 -7.671517333333333077e+00
1.779938876666666658e+02 -3.785060299999999955e+01 -3.514506300000000039e+01
1.792116823333333286e+02 -3.628085366666666545e+01 -3.848872233333333526e+01
1.785459019999999839e+02 -3.705845966666666413e+01 -3.781650300000000442e+01
1.785868483333333359e+02 -3.838511033333333700e+01 -1.127611433333333402e+01
1.733641229999999780e+02 -4.077224100000000107e+01 -7.731165666666666425e+01
1.734122723333333340e+02 -4.102468966666666716e+01 -6.111012666666666604e+01
1.791823030000000188e+02 -3.718513466666666289e+01 -1.615866133333333110e+01
1.745214656666666713e+02 -4.099053833333332619e+01 -3.501022499999999837e+01
1.786336486666666588e+02 -3.655778399999999806e+01 -5.230521066666666030e+01
1.770623539999999991e+02 -3.822282266666666573e+01 -4.760636633333333378e+01
1.744574566666666726e+02 -3.970113099999999662e+01 -8.360020433333333756e+01
1.784680990000000236e+02 -3.950857366666667048e+01 -7.380297666666666423e+00
1.778820273333333262e+02 -3.705162700000000342e+01 -7.026384000000000185e+01
1.744637490000000071e+02 -4.203998566666666648e+01 -1.186746766666666808e+01
1.788461173333333534e+02 -3.613720433333333659e+01 -6.132350000000000279e+01
1.762508669999999995e+02 -3.854697766666666325e+01 -6.425288433333332705e+01
1.787865436666666881e+02 -3.675143566666667283e+01 -3.851614400000000416e+01
1.775302383333333580e+02 -4.097713300000000203e+01 -8.322819333333333347e+00
1.740139259999999979e+02 -4.086547066666666694e+01 -4.888346866666665846e+01
1.772249529999999993e+02 -3.724543733333333506e+01 -9.930940399999998647e+01
1.769285773333333509e+02 -3.775118200000000002e+01 -7.927130933333332052e+01
1.767365193333333480e+02 -4.036496233333333095e+01 -1.659415600000000168e+01
1.750261420000000214e+02 -4.083583699999999794e+01 -3.110994399999999871e+01
1.764828746666666746e+02 -3.878553766666666291e+01 -4.637677666666667164e+01
1.762487219999999581e+02 -3.842275799999999464e+01 -7.088931200000000388e+01
1.745870559999999898e+02 -4.131898533333333035e+01 -2.532904199999999761e+01
1.771922493333333080e+02 -4.074777533333332968e+01 -1.122519699999999965e+01
1.763341576666666697e+02 -3.978943633333333452e+01 -2.445844433333333257e+01
1.789136736666666820e+02 -3.847371333333333610e+01 -7.775289000000000783e+00
1.765887706666666475e+02 -3.977976299999999554e+01 -2.136400233333333176e+01
1.785307506666666768e+02 -3.624174299999999249e+01 -7.282972833333333540e+01
1.781786700000000110e+02 -3.766145633333333365e+01 -3.483678266666667156e+01
1.754133783333333270e+02 -4.097250666666666774e+01 -2.256785833333333358e+01
1.750262963333333346e+02 -4.186646133333333353e+01 -1.179928433333333260e+01
1.782630660000000091e+02 -3.632352000000000203e+01 -8.433490499999999201e+01
1.752680413333333433e+02 -4.038541966666667093e+01 -3.638408799999999843e+01
1.783221476666666661e+02 -4.057913133333332922e+01 -5.728028333333333499e+00
1.794052616666666609e+02 -3.759053766666666974e+01 -8.988789666666667344e+00
1.758552286666666760e+02 -3.856037233333333347e+01 -8.388652433333334102e+01
1.746314820000000054e+02 -4.033116100000000159e+01 -5.148269933333332915e+01
1.760663276666666661e+02 -3.950524866666666668e+01 -3.632216966666666735e+01
1.766202303333333248e+02 -3.807393300000000380e+01 -7.308861466666667184e+01
1.787717350000000067e+02 -3.952836466666666837e+01 -5.698714999999999975e+00
1.773784526666666750e+02 -3.853835299999999364e+01 -2.891447499999999948e+01
1.754073063333333096e+02 -4.075083200000000261e+01 -2.649873000000000545e+01
1.792958103333333213e+02 -3.658098100000000130e+01 -2.640143066666666627e+01
1.766789203333333091e+02 -4.055181700000000689e+01 -1.603639699999999735e+01
1.776931946666666420e+02 -3.721049666666667122e+01 -7.344021399999999744e+01
1.745242776666666771e+02 -4.121071233333333339e+01 -2.891688333333333460e+01
1.793376829999999700e+02 -3.859251166666666677e+01 -5.337066666666665959e+00
1.779248056666666571e+02 -4.005466100000000296e+01 -9.396542999999999424e+00
1.759561199999999701e+02 -4.146742233333333161e+01 -1.195175599999999783e+01
1.788453550000000121e+02 -3.670661699999999428e+01 -3.794926833333332894e+01
1.786366420000000232e+02 -3.804780999999999835e+01 -1.417754699999999879e+01
1.757800280000000157e+02 -4.154318333333333157e+01 -1.217281466666666745e+01
1.778191120000000183e+02 -4.107933666666666994e+01 -6.516376333333333548e+00
1.791739499999999907e+02 -3.695475866666667031e+01 -2.063216666666666654e+01
1.763453606666666929e+02 -3.833853566666666524e+01 -7.090110833333334028e+01
1.784878549999999962e+02 -3.993894999999999840e+01 -6.230100000000000193e+00
1.755875713333333294e+02 -3.913195833333332985e+01 -6.193195266666666754e+01
1.789635540000000162e+02 -3.828650766666667238e+01 -8.435035333333333440e+00
1.782868906666666646e+02 -3.953819866666666627e+01 -8.532057000000000002e+00
1.779752459999999985e+02 -3.943185933333333537e+01 -1.161609099999999906e+01
1.775980666666666821e+02 -4.054441133333332914e+01 -9.705252666666666528e+00
1.770115906666666490e+02 -3.913547266666666502e+01 -2.402712266666666707e+01
1.746317780000000255e+02 -4.054861466666667269e+01 -4.561672833333333443e+01
1.773325073333333251e+02 -3.754348433333333190e+01 -7.336526300000001299e+01
1.781273810000000140e+02 -3.799416799999999483e+01 -2.646700366666666682e+01
1.759827139999999872e+02 -3.917589333333333457e+01 -4.924176733333333544e+01
1.774976166666666586e+02 -4.085369466666666227e+01 -9.005843666666665470e+00
1.793863296666666827e+02 -3.807907933333333972e+01 -6.518952333333333904e+00
1.761239576666666835e+02 -3.939186466666667030e+01 -3.847364466666666516e+01
1.795350876666666693e+02 -3.757724100000000078e+01 -8.021714000000001121e+00
1.760275973333333468e+02 -4.013588166666666979e+01 -2.425615733333333424e+01
1.781185859999999650e+02 -3.655214933333333249e+01 -7.993795500000000231e+01
1.784750510000000077e+02 -3.687644866666666843e+01 -4.672190866666667119e+01
1.788568569999999909e+02 -3.685752300000000758e+01 -3.240410433333332918e+01
1.728637916666666570e+02 -4.173186166666666708e+01 -5.124804499999999763e+01
1.776834489999999960e+02 -3.797875833333333162e+01 -4.016092700000000093e+01
1.763906660000000102e+02 -3.960251066666666730e+01 -2.694112366666666603e+01
1.781928640000000144e+02 -4.018136866666666407e+01 -7.318229666666667299e+00
1.779722749999999962e+02 -3.899465799999999405e+01 -1.384252066666666714e+01
1.769314476666666849e+02 -4.046805333333333010e+01 -1.458596733333333439e+01
1.748453439999999830e+02 -4.140037799999999635e+01 -2.076067333333333309e+01
1.765288756666666643e+02 -3.815823266666666314e+01 -7.242473333333333585e+01
1.743824989999999673e+02 -4.186644566666666378e+01 -1.577575966666666751e+01
1.745848093333333111e+02 -4.139081633333333343e+01 -2.366182666666666634e+01
1.751601113333333331e+02 -4.120505900000000565e+01 -2.146894999999999598e+01
1.797211319999999830e+02 -3.720336100000000101e+01 -9.067482666666666802e+00
1.772624863333333280e+02 -3.898013133333333258e+01 -2.282641599999999826e+01
1.777364113333333364e+02 -3.688545933333332982e+01 -8.728506166666666388e+01
1.753213473333333070e+02 -3.931873200000000423e+01 -6.196688766666667192e+01
1.773207943333333390e+02 -4.066708666666666971e+01 -1.079432533333333311e+01
1.763643929999999784e+02 -4.067498466666666701e+01 -1.726768766666666366e+01
1.730597823333333452e+02 -4.136784800000000217e+01 -5.961913599999999747e+01
1.771981436666666525e+02 -4.089555800000000119e+01 -1.047476200000000013e+01
1.755084253333333209e+02 -4.173197566666666347e+01 -1.152974399999999910e+01
1.763639796666666655e+02 -3.893717466666666382e+01 -4.565666766666666376e+01
1.774796243333333052e+02 -3.989473966666667337e+01 -1.349795133333333297e+01
1.769982986666666704e+02 -4.057542499999999563e+01 -1.349091866666666562e+01
1.735762150000000190e+02 -4.122039900000000046e+01 -4.818701733333332982e+01
1.774608983333333470e+02 -4.099237666666666513e+01 -8.602605333333334769e+00
1.755352173333333212e+02 -4.074656600000000140e+01 -2.453843766666666681e+01
1.792138466666666829e+02 -3.764119400000000581e+01 -1.049316766666666645e+01
1.785956966666666688e+02 -3.673568166666666457e+01 -4.666618033333332960e+01
1.740816766666666524e+02 -4.118667666666667060e+01 -3.744790333333333621e+01
1.757187726666666947e+02 -4.048099433333333508e+01 -2.537364933333333283e+01
1.748186826666666605e+02 -4.028819800000000129e+01 -4.878538433333333302e+01
1.776656413333333546e+02 -3.984726300000000521e+01 -1.224156533333333385e+01
1.793671516666666719e+02 -3.684203699999999770e+01 -1.857682366666666596e+01
1.753607713333333322e+02 -3.951218333333333277e+01 -5.280180533333333415e+01
1.792182656666666674e+02 -3.771766633333333374e+01 -9.848677333333332840e+00
1.779765119999999854e+02 -3.965239433333333352e+01 -1.058347499999999997e+01
1.761832576666666625e+02 -4.094159866666667114e+01 -1.593068199999999912e+01
1.766685803333333240e+02 -3.812721133333332801e+01 -6.729989233333333232e+01
1.762455383333333430e+02 -4.090184266666665991e+01 -1.598136900000000082e+01
1.730672720000000027e+02 -4.144203700000000623e+01 -5.615443400000000196e+01
1.780410760000000039e+02 -3.976120233333332976e+01 -9.612011666666667509e+00
1.749591836666666893e+02 -4.072617133333333328e+01 -3.499124433333333428e+01
1.764038586666666504e+02 -3.838661966666666814e+01 -6.531774266666666051e+01
1.760010573333333070e+02 -3.947233866666666557e+01 -3.881825233333333358e+01
1.759742046666666511e+02 -4.047033199999999908e+01 -2.192988266666666775e+01
1.755838276666666786e+02 -4.026519533333333811e+01 -3.095526633333333777e+01
1.762701693333333424e+02 -4.127096966666666589e+01 -1.235489066666666780e+01
1.732953216666666378e+02 -4.118611333333333135e+01 -5.832527333333333530e+01
1.781059453333333522e+02 -3.987017733333333780e+01 -8.747363000000000000e+00
1.742673153333333573e+02 -3.987247866666666596e+01 -8.278314566666666963e+01
1.749978706666666710e+02 -3.988777966666666686e+01 -5.339306566666666498e+01
1.783639383333333228e+02 -3.928030466666666598e+01 -8.747933333333334005e+00
1.738692660000000103e+02 -4.047258599999999973e+01 -6.833768233333333342e+01
1.786464696666666896e+02 -3.662180799999999437e+01 -4.906644700000000370e+01
1.732727603333333093e+02 -4.105648300000000717e+01 -6.533157166666667592e+01
1.746821633333333637e+02 -4.001287800000000061e+01 -5.901070000000000704e+01
1.764167316666666920e+02 -4.034042733333333786e+01 -1.895839400000000197e+01
1.796609680000000253e+02 -3.756927633333333461e+01 -7.211245333333333285e+00
1.781655090000000143e+02 -3.939065466666666993e+01 -1.002124133333333411e+01
1.768031703333333269e+02 -3.866044099999999872e+01 -3.985136866666666577e+01
1.771995586666666895e+02 -3.901877166666667307e+01 -2.311835166666666552e+01
1.760438976666666520e+02 -4.156470200000000403e+01 -1.053306500000000057e+01
1.771586660000000109e+02 -4.106852133333333654e+01 -9.810562666666667653e+00
1.794956483333333210e+02 -3.694005399999999639e+01 -1.450163200000000074e+01
1.779527463333333515e+02 -3.684428766666666633e+01 -7.533885199999998861e+01
1.795849193333333460e+02 -3.738279366666666448e+01 -8.934027666666667145e+00
1.748421893333333230e+02 -4.193115933333333345e+01 -1.157840366666666654e+01
1.776352583333333257e+02 -3.852955700000000405e+01 -2.406562733333332815e+01
1.790941826666666827e+02 -3.660596300000000269e+01 -3.257306433333332762e+01
1.758515286666666668e+02 -3.914565499999999787e+01 -5.377025400000000133e+01
1.749063226666666822e+02 -4.152183800000000247e+01 -1.798758666666666883e+01
1.753804340000000082e+02 -3.994245866666665989e+01 -4.154524999999999579e+01
1.773466266666666797e+02 -3.967746633333333506e+01 -1.584918266666666575e+01
1.787896150000000262e+02 -3.926289333333333076e+01 -6.083654000000000117e+00
1.780197719999999890e+02 -3.851707566666666338e+01 -1.747313133333333468e+01
1.789192550000000210e+02 -3.925146566666666814e+01 -5.506566666666667054e+00
1.767035060000000328e+02 -4.123004366666666698e+01 -1.099071966666666889e+01
1.757300633333333337e+02 -3.909820300000000515e+01 -5.903917000000000570e+01
1.740590083333333098e+02 -4.030705000000000382e+01 -6.804433233333334385e+01
1.777752186666666603e+02 -3.889093733333333347e+01 -1.709265100000000004e+01
1.798635756666666623e+02 -3.707849566666666163e+01 -8.654529000000000138e+00
1.732446593333333169e+02 -4.073183333333333422e+01 -8.825327833333334127e+01
1.742902723333333199e+02 -3.980215933333332856e+01 -8.661716633333332993e+01
1.776330356666666432e+02 -3.845621033333333116e+01 -2.572411033333333208e+01
1.728812890000000095e+02 -4.166114733333333220e+01 -5.379245566666666178e+01
1.739418693333333295e+02 -4.046049400000000418e+01 -6.581394733333333136e+01
1.780339746666666940e+02 -3.888390999999999309e+01 -1.373979266666666632e+01
1.785509749999999940e+02 -3.887296900000000477e+01 -8.625551666666666506e+00
1.763141043333333471e+02 -4.138947333333333489e+01 -1.105109133333333205e+01
1.782758656666666468e+02 -4.046883733333333311e+01 -6.204547000000000700e+00
1.784253166666666459e+02 -3.750090966666666503e+01 -3.031287199999999871e+01
1.787645196666666436e+02 -3.782532900000000353e+01 -1.488390933333333344e+01
1.784347989999999982e+02 -3.910118633333333804e+01 -8.746318999999999733e+00
1.764580249999999921e+02 -4.122327766666666804e+01 -1.205343366666666505e+01
1.753957739999999887e+02 -3.910698566666666665e+01 -7.080645666666664795e+01
1.792854906666666466e+02 -3.775184999999999746e+01 -8.961330999999999491e+00
1.737291986666666617e+02 -4.157758633333333620e+01 -3.222784500000000207e+01
1.772481109999999944e+02 -4.034792933333333309e+01 -1.284930600000000034e+01
1.787199923333333516e+02 -3.613659766666666684e+01 -6.797959199999999669e+01
1.768266923333333409e+02 -4.122584366666666966e+01 -1.047128466666666746e+01
1.738445166666666921e+02 -4.054155733333333700e+01 -6.614392400000001260e+01
1.788889096666666774e+02 -3.760748799999999648e+01 -1.550289866666666683e+01
1.762943589999999858e+02 -4.151140233333332930e+01 -9.974866000000000454e+00
1.736615973333333329e+02 -4.202890166666666261e+01 -1.829790133333333202e+01
1.756076703333333455e+02 -4.189809033333333588e+01 -9.069028000000001200e+00
1.793838633333333235e+02 -3.849071433333333658e+01 -5.391411999999999871e+00
1.735805540000000065e+02 -4.092043266666666312e+01 -5.962167999999999779e+01
1.723241143333333127e+02 -4.170024966666667154e+01 -7.371277333333333104e+01
1.781899039999999843e+02 -3.653822133333333255e+01 -7.616839299999999469e+01
1.781071523333333460e+02 -3.733764133333333035e+01 -4.850713499999999812e+01
1.743225639999999714e+02 -4.154489266666666936e+01 -2.340944299999999956e+01
1.759789643333333515e+02 -4.061791166666666442e+01 -2.052028366666666770e+01
1.742232686666666552e+02 -4.001296733333333577e+01 -7.604894666666666581e+01
1.745769443333333300e+02 -3.954690099999999831e+01 -8.783732300000001203e+01
1.789425116666666611e+02 -3.891959566666666603e+01 -5.988795999999999786e+00
1.742471849999999733e+02 -4.056740833333333285e+01 -5.254869500000000215e+01
1.765453913333333276e+02 -4.131763399999999820e+01 -1.085805966666666755e+01
1.743157369999999844e+02 -4.183463499999999868e+01 -1.704766966666666761e+01
1.735550406666666561e+02 -4.079575566666667186e+01 -6.634336500000000569e+01
1.785046856666666599e+02 -3.783045299999999855e+01 -2.021130300000000091e+01
1.791866899999999987e+02 -3.726171733333333691e+01 -1.494474333333333504e+01
1.788093440000000101e+02 -3.727358799999999661e+01 -2.303419166666666840e+01
1.748858533333333298e+02 -4.039657833333333770e+01 -4.476752099999999501e+01
1.738893366666666509e+02 -4.059120599999999968e+01 -6.216202966666667606e+01
1.798277513333333388e+02 -3.661397533333332888e+01 -1.228928333333333534e+01
1.754745580000000018e+02 -4.085966700000000174e+01 -2.360563500000000303e+01
1.766757766666666782e+02 -3.866708566666667224e+01 -4.366389733333333112e+01
1.783482463333333499e+02 -3.950208300000000605e+01 -8.200298000000000087e+00
1.759187436666666997e+02 -4.073145766666666390e+01 -1.994741000000000142e+01
1.797539160000000038e+02 -3.674800233333333210e+01 -1.238622233333333433e+01
1.752303016666666906e+02 -3.901406899999999922e+01 -8.743312933333334058e+01
1.772635669999999948e+02 -3.774792366666667220e+01 -6.441911733333331824e+01
1.774558120000000088e+02 -4.138857266666666845e+01 -6.628370666666666189e+00
1.782509416666666766e+02 -3.692552433333333539e+01 -5.552500333333333060e+01
1.774009453333333113e+02 -3.934285633333333720e+01 -1.777583300000000222e+01
1.787262240000000020e+02 -3.860019733333333392e+01 -8.516461666666666375e+00
1.724811443333333330e+02 -4.213616599999999579e+01 -3.859004500000000348e+01
1.776285440000000051e+02 -3.830926066666666685e+01 -2.978100266666666585e+01
1.790581676666666908e+02 -3.718952666666666573e+01 -1.852658599999999822e+01
1.748434339999999736e+02 -4.117438366666667093e+01 -2.563700633333333201e+01
1.788953903333333528e+02 -3.825813200000000336e+01 -9.194817666666667222e+00
1.790993946666666545e+02 -3.912525999999999726e+01 -5.153071333333333115e+00
1.763080059999999776e+02 -3.905505733333333040e+01 -4.382608633333333614e+01
1.794729096666666521e+02 -3.762217799999999812e+01 -8.217714666666667611e+00
1.752611839999999859e+02 -4.176085699999999434e+01 -1.233844333333333232e+01
1.725786200000000008e+02 -4.132442599999999544e+01 -8.895862633333332781e+01
1.795542933333333337e+02 -3.780449600000000032e+01 -6.699550666666667098e+00
1.732309326666666891e+02 -4.131585699999999406e+01 -5.517827133333332768e+01
1.734585093333333532e+02 -4.200634900000000016e+01 -2.235327233333333652e+01
1.774747136666666449e+02 -3.974602033333333395e+01 -1.438936099999999918e+01
1.758851313333333337e+02 -3.970076033333333498e+01 -3.464387066666666470e+01
1.795120060000000137e+02 -3.640215933333333709e+01 -2.313323933333333571e+01
1.747679366666666567e+02 -3.937732466666665943e+01 -8.853876666666666040e+01
1.751890016666666554e+02 -3.997962533333333113e+01 -4.613558566666666394e+01
1.764419139999999970e+02 -3.926874866666666719e+01 -3.369764100000000440e+01
1.772520386666666639e+02 -4.042046966666666918e+01 -1.244334166666666697e+01
1.785990066666666678e+02 -3.860790399999999778e+01 -9.531992999999999938e+00
1.740085673333333318e+02 -4.079354099999999761e+01 -5.130189500000000180e+01
1.776689896666666755e+02 -4.034523933333333190e+01 -1.004949733333333306e+01
1.753485446666666974e+02 -3.905317600000000056e+01 -7.686522166666667033e+01
1.724877663333333260e+02 -4.140595666666666830e+01 -8.852941133333332857e+01
1.738421999999999628e+02 -4.174537299999999362e+01 -2.486468666666666749e+01
1.796565989999999999e+02 -3.655160266666666757e+01 -1.642523766666666418e+01
1.764142839999999808e+02 -4.026662666666666723e+01 -1.934485766666666606e+01
1.765366719999999816e+02 -4.011406566666666862e+01 -1.922393066666666428e+01
1.773089033333333191e+02 -3.821304866666666555e+01 -4.096994266666666817e+01
1.730749070000000245e+02 -4.204370533333334237e+01 -3.076324466666666879e+01
1.771463553333333323e+02 -3.935238066666666867e+01 -1.986876866666666785e+01
1.786590176666666423e+02 -3.928033599999999836e+01 -6.758021333333332770e+00
1.762841653333333340e+02 -3.808101900000000484e+01 -9.393400633333332905e+01
1.765569396666666933e+02 -4.070439300000000316e+01 -1.590335466666666697e+01
1.766897566666666535e+02 -3.786307333333333247e+01 -8.449178533333332553e+01
1.767115383333333227e+02 -3.825144499999999681e+01 -5.874978766666666274e+01
1.772479073333333588e+02 -3.846936866666666788e+01 -3.370546900000000079e+01
1.763469829999999945e+02 -4.015856166666666383e+01 -2.048428099999999930e+01
1.724096156666666673e+02 -4.203459533333333553e+01 -4.648278933333333640e+01
1.780435670000000243e+02 -4.035432366666666582e+01 -7.766058999999999379e+00
1.733658096666666779e+02 -4.097091566666666296e+01 -6.563019333333333805e+01
1.765592469999999992e+02 -3.827943299999999738e+01 -6.384321033333333162e+01
1.762531583333333174e+02 -4.104964766666666520e+01 -1.454068500000000164e+01
1.775050956666666480e+02 -3.846089400000000325e+01 -2.822828333333333362e+01
1.766822436666666647e+02 -4.166440099999999802e+01 -7.279919333333332965e+00
1.750312566666666783e+02 -4.105943700000000263e+01 -2.587765333333333118e+01
1.798637530000000027e+02 -3.654753500000000344e+01 -1.219656766666666670e+01
1.784261213333333274e+02 -3.997332099999999855e+01 -6.479047000000000445e+00
1.781513703333333467e+02 -4.045252933333333090e+01 -6.906688333333332430e+00
1.771193600000000004e+02 -3.854331133333332815e+01 -3.467028666666666936e+01
1.761178569999999866e+02 -3.902960900000000066e+01 -5.049394366666666656e+01
1.794922970000000078e+02 -3.713156533333333442e+01 -1.216140399999999921e+01
1.771921849999999949e+02 -3.879847566666666836e+01 -2.688355133333333313e+01
1.795301530000000128e+02 -3.814315266666667270e+01 -5.620470333333332569e+00
1.797820619999999963e+02 -3.749524100000000004e+01 -6.867770000000000152e+00
1.728360310000000197e+02 -4.221761200000000258e+01 -2.814630900000000224e+01
1.760204486666666526e+02 -3.991492233333332962e+01 -2.734058666666666682e+01
1.738252070000000060e+02 -4.167424466666666660e+01 -2.735708900000000199e+01
1.773167286666666769e+02 -3.864943366666666691e+01 -2.759822533333333183e+01
1.775900599999999940e+02 -3.922571633333333807e+01 -1.687967533333333492e+01
1.729642076666666526e+02 -4.158144466666666261e+01 -5.422520900000000665e+01
1.734117520000000070e+02 -4.063172366666666591e+01 -8.431196099999999660e+01
1.776452519999999993e+02 -3.715755599999999959e+01 -7.865472733333332656e+01
1.762585559999999987e+02 -4.112406499999999454e+01 -1.380488666666666653e+01
1.796017783333333284e+02 -3.760989333333333207e+01 -7.369120999999999810e+00
1.756826843333333272e+02 -3.904475133333333048e+01 -6.300726000000000226e+01
1.763991519999999866e+02 -3.982376633333333160e+01 -2.306952633333333225e+01
1.771199366666666322e+02 -3.777522633333333602e+01 -6.855960266666666314e+01
1.762942219999999907e+02 -4.049329666666666583e+01 -1.896402033333333392e+01
1.762423489999999902e+02 -4.082800000000000296e+01 -1.667879166666666535e+01
1.775628719999999703e+02 -4.133492100000000136e+01 -6.483153000000000610e+00
1.784418036666666865e+02 -3.786962733333333375e+01 -2.098580766666666619e+01
1.756966506666666703e+02 -3.974879599999999868e+01 -3.759477799999999803e+01
1.796020756666666784e+02 -3.701245133333333115e+01 -1.202482833333333190e+01
1.781444256666666490e+02 -3.843911566666667312e+01 -1.659233866666666657e+01
1.759890256666666630e+02 -4.091322533333333666e+01 -1.743155600000000049e+01
1.739538633333333166e+02 -4.090773300000000035e+01 -4.903670099999999366e+01
1.759814126666666709e+02 -4.069175500000000056e+01 -1.977822700000000111e+01
1.756321343333333118e+02 -3.971613633333333127e+01 -3.992234600000000455e+01
1.776025720000000092e+02 -3.729513433333332983e+01 -7.402756300000000067e+01
1.758876353333333498e+02 -3.888566700000000509e+01 -6.336982199999999921e+01
1.773640810000000272e+02 -4.012243533333332834e+01 -1.318122533333333557e+01
1.769753053333333526e+02 -4.155253400000000141e+01 -7.281175333333333555e+00
1.730540019999999970e+02 -4.090105133333333498e+01 -8.840323633333333930e+01
1.770484696666666480e+02 -3.779079000000000121e+01 -7.068605166666667117e+01
1.746441340000000082e+02 -4.149697000000000457e+01 -2.069144500000000164e+01
1.798426783333333390e+02 -3.745143600000000106e+01 -6.740095333333333549e+00
1.759776689999999917e+02 -4.180515233333333214e+01 -8.438178666666665606e+00
1.774689653333333297e+02 -3.952432799999999702e+01 -1.586380233333333223e+01
1.761870893333333186e+02 -4.101529099999999772e+01 -1.519543066666666675e+01
1.753931086666666488e+02 -4.030793733333333506e+01 -3.480081166666666803e+01
1.737672273333333521e+02 -4.130995399999999762e+01 -4.040544133333332866e+01
1.758004546666666954e+02 -4.103352533333332985e+01 -1.760320166666666708e+01
1.741438699999999926e+02 -4.107595466666666795e+01 -3.949281099999999611e+01
1.776208826666666880e+02 -4.019380633333332753e+01 -1.097328833333333442e+01
1.767601516666666441e+02 -4.103392333333334108e+01 -1.227540066666666796e+01
1.750131723333333014e+02 -4.039278233333333645e+01 -4.213435833333333136e+01
1.746485503333333327e+02 -4.098894033333333198e+01 -3.304774400000000156e+01
1.788307440000000099e+02 -3.786148666666667140e+01 -1.337933066666666626e+01
1.733978583333333461e+02 -4.204907733333333653e+01 -2.204420599999999908e+01
1.768910256666666783e+02 -3.820097299999999763e+01 -5.429655133333333339e+01
1.730109183333333078e+02 -4.124069366666666525e+01 -6.802115299999999820e+01
1.798275989999999922e+02 -3.635618033333333443e+01 -1.464586133333333429e+01
1.748419773333333467e+02 -4.109949566666667664e+01 -2.742834133333333568e+01
1.729349679999999978e+02 -4.105725566666666992e+01 -8.453715633333332846e+01
1.770888326666666615e+02 -3.953942166666666225e+01 -1.878447633333333400e+01
1.777307766666666851e+02 -3.995319533333332629e+01 -1.121313633333333293e+01
1.776261940000000266e+02 -3.823589100000000229e+01 -3.216770266666666345e+01
1.757344539999999995e+02 -3.851909633333333005e+01 -9.575487366666665423e+01
1.750022703333333141e+02 -4.009832699999999051e+01 -4.876527899999999960e+01
1.772229376666666667e+02 -3.975662166666666764e+01 -1.631759066666666769e+01
1.750176069999999982e+02 -4.054022466666666702e+01 -3.852708266666666503e+01
1.745282256666666854e+02 -3.987667500000000587e+01 -6.935740633333334415e+01
1.757305706666666936e+02 -4.085046599999999728e+01 -2.050740000000000052e+01
1.721347726666666631e+02 -4.210733666666666863e+01 -4.798420800000000241e+01
1.731435326666666299e+02 -4.207329300000000671e+01 -2.752044466666666622e+01
1.786808330000000069e+02 -4.005164433333333562e+01 -5.145727666666666700e+00
1.747613826666666625e+02 -4.054655733333333245e+01 -4.333572033333333451e+01
1.754322150000000136e+02 -3.954715966666666560e+01 -4.962664833333334258e+01
1.761619486666666319e+02 -4.035131333333333714e+01 -2.092444699999999713e+01
1.729983640000000094e+02 -4.131789133333333552e+01 -6.467139600000000144e+01
1.781345273333333523e+02 -3.745486466666667269e+01 -4.337968500000000205e+01
1.760437840000000449e+02 -3.892213933333333387e+01 -5.661620166666666165e+01
1.741222766666666359e+02 -4.166345433333333403e+01 -2.325272900000000220e+01
1.765019766666666783e+02 -4.136438766666666567e+01 -1.058968666666666714e+01
1.773490263333333417e+02 -3.975161266666666648e+01 -1.537177533333333201e+01
1.775251866666666558e+02 -3.919145333333333525e+01 -1.780555533333333429e+01
1.778839653333333501e+02 -3.830029033333332933e+01 -2.427381099999999847e+01
1.727331923333333350e+02 -4.191423766666666495e+01 -4.630947133333333454e+01
1.764846383333333506e+02 -4.148644333333333378e+01 -9.521708999999999534e+00
1.769448470000000100e+02 -4.091427466666666390e+01 -1.196563599999999816e+01
1.758536236666666639e+02 -4.069722366666666602e+01 -2.099151033333333416e+01
1.765495473333333223e+02 -3.809006633333333269e+01 -7.585391466666668236e+01
1.745724669999999890e+02 -4.160469033333333044e+01 -1.919508866666666691e+01
1.746491513333333216e+02 -3.953172433333332947e+01 -8.412428599999999790e+01
1.729348533333333080e+02 -4.199088033333333669e+01 -3.717797466666667106e+01
1.777901203333333342e+02 -3.976844966666666892e+01 -1.161173066666666642e+01
1.768355590000000177e+02 -3.802242000000000388e+01 -6.586132200000000125e+01
1.773423243333333232e+02 -3.952957966666667033e+01 -1.686537900000000079e+01
1.761066163333333350e+02 -4.061230533333333170e+01 -1.945779333333333128e+01
1.781700853333333328e+02 -3.909963166666666723e+01 -1.112067333333333430e+01
1.784986749999999631e+02 -3.906402000000000641e+01 -8.369482666666668180e+00
1.762417289999999923e+02 -4.156294766666666618e+01 -9.689433333333333564e+00
1.790390146666667022e+02 -3.916791866666665811e+01 -5.222317000000000320e+00
1.778490273333333391e+02 -3.950930600000000226e+01 -1.244443033333333481e+01
1.765108643333333305e+02 -4.110901266666667198e+01 -1.287017699999999998e+01
1.790852496666666411e+02 -3.764467733333333399e+01 -1.201082966666666607e+01
1.772992773333333218e+02 -4.008776166666666541e+01 -1.385794633333333259e+01
1.783021563333333290e+02 -3.917132699999999801e+01 -9.608816333333331627e+00
1.761899329999999964e+02 -3.816652466666666754e+01 -9.332567300000000898e+01
1.760817120000000102e+02 -4.170538466666666721e+01 -8.976831333333334939e+00
1.753709250000000281e+02 -3.917700433333333621e+01 -6.764410600000000784e+01
1.778220179999999857e+02 -4.048841233333333633e+01 -8.647743000000000180e+00
1.760947386666666716e+02 -4.024351966666666414e+01 -2.240480100000000263e+01
1.758002493333333405e+02 -3.908683866666666518e+01 -5.750284400000000318e+01
1.774402029999999968e+02 -3.842673099999999664e+01 -3.054496800000000079e+01
1.747150120000000015e+02 -4.139241100000000273e+01 -2.218581400000000414e+01
1.767965546666666796e+02 -4.025223466666667349e+01 -1.670777033333333250e+01
1.771179680000000189e+02 -3.847127566666667065e+01 -3.690230733333333291e+01
1.770513186666666741e+02 -4.157295133333334292e+01 -6.872406999999999933e+00
1.745166416666666862e+02 -4.192900533333333613e+01 -1.351214699999999880e+01
1.782328873333333377e+02 -4.035862566666666140e+01 -6.679977999999999305e+00
1.752814249999999845e+02 -4.082880899999999968e+01 -2.707432133333333013e+01
1.784692056666666815e+02 -3.667067399999999822e+01 -5.485309366666666619e+01
1.783640346666666403e+02 -3.898976966666666755e+01 -9.727046666666666397e+00
1.750048440000000198e+02 -4.017144533333333101e+01 -4.718583899999999431e+01
1.794254993333333061e+02 -3.658619499999999647e+01 -2.218276466666666735e+01
1.791449073333333217e+02 -3.638084299999999871e+01 -3.812341500000000138e+01
1.757724809999999991e+02 -4.014769499999999880e+01 -2.852400599999999997e+01
1.769497926666666672e+02 -3.748665966666666804e+01 -9.908117700000001093e+01
1.721638493333333315e+02 -4.216353899999999300e+01 -4.273615333333333410e+01
1.775721826666666630e+02 -3.856839166666666330e+01 -2.446439966666666876e+01
1.753790503333333390e+02 -3.987106200000000200e+01 -4.295995200000000835e+01
1.754297660000000008e+02 -4.162998533333333029e+01 -1.321788666666666678e+01
1.779868793333333485e+02 -4.063628066666666427e+01 -7.289728666666666079e+00
1.755282476666666582e+02 -4.052490199999999732e+01 -2.818201166666666779e+01
1.742014696666666680e+02 -4.088956133333333298e+01 -4.387317333333334091e+01
1.761975623333333658e+02 -3.957332933333333358e+01 -3.149231433333333641e+01
1.753797366666666733e+02 -3.972919133333333264e+01 -4.603793033333332829e+01
1.761691116666666801e+02 -3.843061633333334015e+01 -7.453691266666665172e+01
1.783662659999999960e+02 -3.623772233333333048e+01 -8.303854133333334175e+01
1.782823813333333192e+02 -3.865750433333332836e+01 -1.237325466666666607e+01
1.787517386666666823e+02 -3.937870166666667160e+01 -6.062325666666666280e+00
1.781112273333333178e+02 -3.763061533333333841e+01 -3.842078199999999555e+01
1.760711596666666594e+02 -3.870696933333334044e+01 -6.441506933333333507e+01
1.737258720000000096e+02 -4.198626999999999754e+01 -1.888060400000000172e+01
1.755451219999999921e+02 -3.939717533333332966e+01 -5.180356499999999897e+01
1.795228793333333215e+02 -3.625334966666666503e+01 -2.585773366666667172e+01
1.787393716666666705e+02 -3.993948599999999516e+01 -5.111482333333333017e+00
1.793629986666666412e+02 -3.706557600000000008e+01 -1.489154333333333113e+01
1.772065629999999885e+02 -3.923948366666666487e+01 -2.041064233333333178e+01
1.777772516666666718e+02 -3.896386499999999842e+01 -1.651577566666666641e+01
1.777154676666666830e+02 -3.907526800000000122e+01 -1.652130999999999972e+01
1.774476126666666858e+02 -4.073819900000000160e+01 -9.750690999999999775e+00
1.754456666666666536e+02 -3.896728966666666594e+01 -7.782647133333334466e+01
1.798282413333333523e+02 -3.612919633333333280e+01 -1.748852266666666466e+01
1.752512026666666713e+02 -3.914045733333333033e+01 -7.588741033333333519e+01
1.784284840000000258e+02 -4.004451166666666495e+01 -6.309679666666666797e+00
1.758442276666666828e+02 -4.040210566666666381e+01 -2.429117633333333615e+01
1.732465633333333415e+02 -4.092880266666666245e+01 -7.386876399999999876e+01
1.776784573333333412e+02 -3.775710200000000327e+01 -4.958594200000000995e+01
1.763252630000000352e+02 -3.956817900000000066e+01 -2.895987433333333172e+01
1.788534700000000157e+02 -3.859041566666666512e+01 -7.625037333333334111e+00
1.743878393333333179e+02 -4.193791433333333174e+01 -1.432334199999999846e+01
1.778577183333333380e+02 -3.692665466666667129e+01 -7.730155166666666844e+01
1.774976823333333016e+02 -3.781250500000000159e+01 -5.304902400000000284e+01
1.722856676666666829e+02 -4.199663233333333778e+01 -5.229423233333333343e+01
1.792666696666666724e+02 -3.816691266666666849e+01 -6.872780333333332159e+00
1.742764630000000068e+02 -4.209134399999999943e+01 -1.210624699999999798e+01
1.733918073333333325e+02 -4.110156399999999621e+01 -5.847662933333333513e+01
1.738304819999999893e+02 -4.133999133333333020e+01 -3.801194199999999768e+01
1.780006293333333360e+02 -3.670559266666666787e+01 -7.923219299999999521e+01
1.727690956666666580e+02 -4.115677533333333571e+01 -8.880058566666666309e+01
1.787981803333333346e+02 -3.647665933333333754e+01 -4.884465666666667261e+01
1.741813576666666847e+02 -4.034534066666666519e+01 -6.186756499999999193e+01
1.779149690000000135e+02 -3.751208199999999948e+01 -5.062769766666666982e+01
1.782475593333333563e+02 -3.679931066666667050e+01 -6.051715266666666793e+01
1.757164423333333332e+02 -4.040735433333333049e+01 -2.633045666666666662e+01
1.781267470000000230e+02 -4.059357266666666675e+01 -6.675848666666666986e+00
1.753582353333333401e+02 -4.194018833333333163e+01 -9.546272000000000091e+00
1.739543956666666702e+02 -4.098043133333333543e+01 -4.670713066666667146e+01
1.773600619999999992e+02 -3.802035399999999754e+01 -4.764735066666666086e+01
1.784227726666666740e+02 -3.931817866666666106e+01 -8.194765999999999551e+00
1.783551106666666612e+02 -3.663911933333333337e+01 -6.179836366666668113e+01
1.741850920000000258e+02 -4.067098299999999966e+01 -5.080675666666667212e+01
1.773381246666666584e+02 -4.112485399999999913e+01 -8.586036333333332493e+00
1.786995286666666516e+02 -3.786232033333333646e+01 -1.553855466666666807e+01
1.758296576666666624e+02 -3.843408033333333407e+01 -9.629437599999999975e+01
1.789889409999999828e+02 -3.928320633333333234e+01 -5.230808333333333060e+00
1.736729890000000012e+02 -4.083573333333333721e+01 -5.992245333333332979e+01
1.780428349999999966e+02 -3.983486999999999512e+01 -9.324493333333331080e+00
1.777005236666666690e+02 -3.856400199999999501e+01 -2.221016133333333187e+01
1.762967196666666894e+02 -4.056704899999999725e+01 -1.846183500000000066e+01
1.789362823333333381e+02 -3.726987533333333857e+01 -1.980414899999999889e+01
1.791413799999999981e+02 -3.893752699999999578e+01 -5.231634666666667322e+00
1.768786673333333113e+02 -3.899205799999999300e+01 -2.912014299999999878e+01
1.740765609999999981e+02 -4.207010566666667017e+01 -1.381816266666666770e+01
1.725469610000000102e+02 -4.224194566666665906e+01 -3.120782433333333117e+01
1.771189559999999972e+02 -3.825550466666666694e+01 -4.458572833333332852e+01
1.745055196666666859e+02 -3.975439033333333327e+01 -7.714797833333332733e+01
1.748382780000000309e+02 -4.095037133333332946e+01 -3.120675500000000113e+01
1.791186316666666301e+02 -3.714898833333332817e+01 -1.798982999999999777e+01
1.759069170000000213e+02 -4.036253633333333113e+01 -2.377685599999999866e+01
1.783327333333333229e+02 -4.050787733333333307e+01 -5.834182666666666961e+00
1.726714236666666693e+02 -4.187928000000000139e+01 -4.976365400000000250e+01
1.758243559999999945e+02 -3.901931766666666590e+01 -5.960696799999999484e+01
1.755210059999999714e+02 -4.030404866666666663e+01 -3.180929766666666580e+01
1.790619903333333411e+02 -3.726587133333332957e+01 -1.714215799999999845e+01
1.728021416666666425e+02 -4.147651099999999502e+01 -6.569928033333333417e+01
1.784901140000000339e+02 -3.731649433333333832e+01 -3.277891633333333488e+01
1.766165553333333094e+02 -4.059117833333333181e+01 -1.624425266666666801e+01
1.782992236666666486e+02 -3.997202633333333210e+01 -7.201637333333333224e+00
1.772823879999999974e+02 -3.964305500000000393e+01 -1.656970466666666653e+01
1.765661863333333486e+02 -4.092588433333333597e+01 -1.416867166666666655e+01
1.771559069999999849e+02 -3.964798500000000558e+01 -1.750055733333333308e+01
1.764976023333333330e+02 -3.783985500000000002e+01 -9.991588466666667046e+01
1.781631936666666718e+02 -3.953832100000000338e+01 -9.488472666666666555e+00
1.749569876666666914e+02 -4.065237366666666929e+01 -3.691582933333333472e+01
1.787210830000000215e+02 -3.672174066666666192e+01 -4.210666633333332953e+01
1.762719413333333307e+02 -3.982905866666666839e+01 -2.474734566666666424e+01
1.774157833333333372e+02 -3.986042133333333481e+01 -1.420126333333333513e+01
1.754288876666666681e+02 -4.197015000000000384e+01 -8.907306666666665151e+00
1.789911693333333460e+02 -3.707744799999999685e+01 -2.237758799999999937e+01
1.786268383333333247e+02 -3.760820700000000016e+01 -2.140293099999999882e+01
1.732128480000000081e+02 -4.159551099999999479e+01 -4.494415066666666547e+01
1.785628733333333287e+02 -3.764552166666666722e+01 -2.240875766666666280e+01
1.767619643333333386e+02 -4.111174833333333822e+01 -1.167242866666666679e+01
1.784959006666666710e+02 -3.760973266666666603e+01 -2.519425099999999773e+01
1.787882209999999930e+02 -3.975080600000000430e+01 -5.243850999999999374e+00
1.756490163333333783e+02 -4.029957799999999679e+01 -2.904376166666666492e+01
1.774130856666666602e+02 -3.978599066666667028e+01 -1.465526366666666469e+01
1.769438639999999907e+02 -3.902684366666667160e+01 -2.705359766666666488e+01
1.737008733333333339e+02 -4.096693233333332529e+01 -5.392803566666666626e+01
1.765225223333333417e+02 -3.796460166666666680e+01 -8.700607100000000571e+01
1.794923840000000155e+02 -3.784719466666666676e+01 -6.874318999999999846e+00
1.791423346666666703e+02 -3.752955566666665987e+01 -1.239262366666666715e+01
1.775912889999999891e+02 -3.691564266666666327e+01 -9.568034766666664837e+01
1.747776890000000094e+02 -4.106245233333333999e+01 -2.921408233333333371e+01
1.763420406666666622e+02 -4.001091799999999665e+01 -2.164647433333333382e+01
1.797541196666666963e+02 -3.648125333333333487e+01 -1.498866133333333117e+01
1.782270496666666588e+02 -3.884366266666666689e+01 -1.174600233333333499e+01
1.759228206666666665e+02 -3.913154200000000316e+01 -5.241582266666666357e+01
1.783682989999999791e+02 -4.014973233333333269e+01 -6.402019333333332618e+00
1.738264890000000094e+02 -4.098339566666666656e+01 -4.985284699999999702e+01
1.745056616666666685e+02 -4.171541900000000425e+01 -1.763333866666667049e+01
1.778143786666666699e+02 -3.811871599999999916e+01 -3.130744233333333071e+01
1.747755536666666956e+02 -4.150238300000000180e+01 -1.937362866666666505e+01
1.786183010000000024e+02 -4.008710600000000568e+01 -5.334714333333333336e+00
1.767023626666666587e+02 -4.114922333333333171e+01 -1.166790166666666551e+01
1.795813023333333547e+02 -3.802692400000000106e+01 -5.727048666666665788e+00
1.763693023333333656e+02 -3.901326599999999445e+01 -4.315323533333333472e+01
1.729455973333333532e+02 -4.146001333333333605e+01 -6.019803633333333437e+01
1.758572926666666660e+02 -3.926698933333333486e+01 -4.910949733333333000e+01
1.757167766666666751e+02 -4.179769200000000495e+01 -9.717433333333334033e+00
1.773634459999999820e+02 -3.721829933333333429e+01 -9.196780200000000605e+01
1.773457023333333211e+02 -4.094170933333332840e+01 -9.426712333333332694e+00
1.736948089999999922e+02 -4.112792799999999716e+01 -4.835019733333333392e+01
1.739292383333333021e+02 -4.069938066666666288e+01 -5.669873700000000127e+01
1.792862023333333070e+02 -3.862020199999999903e+01 -5.367314000000000362e+00
1.750446903333333069e+02 -4.201390400000000369e+01 -9.575838333333335228e+00
1.732695366666666814e+02 -4.205938333333332935e+01 -2.471262000000000114e+01
1.762292666666666889e+02 -4.045916033333333672e+01 -1.965425300000000064e+01
1.761816696666666360e+02 -3.913596666666666835e+01 -4.510761199999999604e+01
1.785149556666666797e+02 -3.656583566666666485e+01 -5.729809699999999140e+01
1.771095530000000053e+02 -3.803674200000000383e+01 -5.455995166666667018e+01
1.722785290000000202e+02 -4.212194733333333119e+01 -4.322856500000000324e+01
1.792757650000000069e+02 -3.760002133333333774e+01 -1.016391466666666510e+01
1.784159029999999859e+02 -3.975940766666666804e+01 -7.051648666666666010e+00
1.758374609999999905e+02 -4.018151066666666793e+01 -2.684301100000000062e+01
1.749135016666666615e+02 -3.954042399999999446e+01 -6.854744199999998955e+01
1.773402769999999862e+02 -3.945577899999999971e+01 -1.741429266666666464e+01
1.795200403333333270e+02 -3.806874766666666687e+01 -5.865543333333333997e+00
1.781871226666666814e+02 -3.788089133333333081e+01 -2.790148366666666746e+01
1.746934260000000165e+02 -4.174138366666667110e+01 -1.560265633333333390e+01
1.784921103333333576e+02 -4.008227166666666363e+01 -5.910603999999999303e+00
1.764093866666666770e+02 -4.011902333333333104e+01 -2.020001466666666445e+01
1.772544779999999776e+02 -4.100466666666666526e+01 -9.618359333333332373e+00
1.765722606666666650e+02 -3.933684566666666882e+01 -2.879099633333333585e+01
1.754188780000000349e+02 -4.140962666666666792e+01 -1.610831733333333204e+01
1.750365203333333284e+02 -4.151587266666666665e+01 -1.717919399999999897e+01
1.758465416666666670e+02 -4.047578166666666988e+01 -2.348456433333333493e+01
1.773790780000000211e+02 -4.083404699999999821e+01 -9.719478333333332998e+00
1.748056626666666489e+02 -3.999158933333333010e+01 -5.626507166666666393e+01
1.746301186666666752e+02 -4.170910333333333142e+01 -1.666822900000000018e+01
1.748638099999999724e+02 -3.929242633333333146e+01 -8.894682000000000244e+01
1.770112619999999879e+02 -4.124558533333333088e+01 -9.458464333333333585e+00
1.773667136666666693e+02 -4.106320766666666344e+01 -8.750056666666665706e+00
1.786108729999999980e+02 -3.709388200000000069e+01 -3.420575999999999794e+01
1.765441150000000050e+02 -4.033535133333333533e+01 -1.809473200000000404e+01
1.789949010000000271e+02 -3.880486533333333199e+01 -6.018167333333333424e+00
1.756392090000000223e+02 -3.860368033333332960e+01 -9.522905366666667248e+01
1.745321139999999787e+02 -4.207022599999999812e+01 -1.091720433333333240e+01
1.749851366666666763e+02 -3.952569066666666231e+01 -6.597794966666666028e+01
1.752522156666666717e+02 -3.972592566666666158e+01 -4.972266866666666374e+01
1.784227636666666683e+02 -3.887732066666666952e+01 -9.673937999999999704e+00
1.798639063333333468e+02 -3.720670300000000452e+01 -7.894217999999999513e+00
1.767646639999999536e+02 -3.936628199999999822e+01 -2.441571466666666268e+01
1.746743069999999989e+02 -3.965544200000000075e+01 -7.423542566666667142e+01
1.789978899999999840e+02 -3.935743566666666737e+01 -5.123463333333333480e+00
1.795003656666666814e+02 -3.647789366666666666e+01 -2.202730866666666643e+01
1.781664293333333262e+02 -3.895438233333333500e+01 -1.181515966666666628e+01
1.762876003333333301e+02 -3.866946733333332986e+01 -5.747716166666666737e+01
1.767852883333333409e+02 -3.777912933333333712e+01 -8.532893033333333221e+01
1.733399623333333466e+02 -4.064662100000000322e+01 -8.823014066666667077e+01
1.787350116666666509e+02 -3.874925533333333050e+01 -7.753751666666666154e+00
1.744587840000000085e+02 -4.132109399999999511e+01 -2.699840599999999924e+01
1.767750539999999830e+02 -3.822251266666666680e+01 -5.762797100000000228e+01
1.735073200000000213e+02 -4.054700766666667278e+01 -8.414431266666667852e+01
1.746449726666666891e+02 -4.191925799999999924e+01 -1.282423033333333251e+01
1.762753503333333356e+02 -3.835548933333333110e+01 -7.358373166666666521e+01
1.792479499999999746e+02 -3.646921166666666636e+01 -3.118311766666666429e+01
1.781234363333333306e+02 -3.675034666666666539e+01 -6.944363033333333135e+01
1.783620496666666497e+02 -4.029413000000000267e+01 -6.133430000000000604e+00
1.778614233333333630e+02 -4.008798166666667129e+01 -9.718551333333332209e+00
1.753206626666666637e+02 -3.962440200000000345e+01 -5.042311966666667189e+01
1.781566576666666606e+02 -4.078591933333333230e+01 -5.981460333333333601e+00
1.758052156666666690e+02 -4.118333599999999706e+01 -1.587062066666666738e+01
1.778581563333333406e+02 -3.994739466666666772e+01 -1.027157533333333284e+01
1.775915139999999894e+02 -3.929888766666666555e+01 -1.633914433333333349e+01
1.731868450000000337e+02 -4.136971866666666386e+01 -5.459209699999999543e+01
1.752409989999999880e+02 -3.953911433333333747e+01 -5.553830666666667071e+01
1.779132513333333065e+02 -3.961742699999999928e+01 -1.129499733333333467e+01
1.784181846666666615e+02 -3.698604666666667384e+01 -4.556444833333333122e+01
1.773951319999999896e+02 -3.912268200000000462e+01 -1.971283800000000141e+01
1.749758666666666613e+02 -4.198551633333333655e+01 -1.021773333333333333e+01
1.786011499999999899e+02 -3.627323933333332917e+01 -6.735334300000000951e+01
1.784566933333333054e+02 -3.831606866666666633e+01 -1.355559066666666546e+01
1.752985306666666645e+02 -3.919432633333332916e+01 -6.982959200000000521e+01
1.757703186666666682e+02 -4.007443699999999609e+01 -2.960425666666666800e+01
1.748731876666666665e+02 -4.010215066666666672e+01 -5.187238099999999719e+01
1.759019720000000007e+02 -4.151415499999999525e+01 -1.177528233333333141e+01
1.770583493333333251e+02 -3.865386899999999315e+01 -3.307745333333333093e+01
1.757796003333333203e+02 -3.896109033333333826e+01 -6.368921199999999772e+01
1.742006209999999840e+02 -4.008253700000000208e+01 -7.319170100000000900e+01
1.755536409999999705e+02 -4.194863900000000712e+01 -8.695692666666666071e+00
1.783508146666666789e+02 -3.942750633333333354e+01 -8.402649666666667017e+00
1.792020506666666790e+02 -3.889328299999999672e+01 -5.204027333333333338e+00
1.772601390000000094e+02 -3.890681366666666463e+01 -2.390542833333333306e+01
1.785456903333333400e+02 -3.933313566666666361e+01 -7.321419666666666437e+00
1.787550410000000056e+02 -3.753408799999999701e+01 -1.947811866666666347e+01
1.798365626666667083e+02 -3.623737566666667220e+01 -1.577816166666666753e+01
1.763873156666666375e+02 -4.159435366666667022e+01 -8.857504333333332980e+00
1.739360939999999971e+02 -4.076488366666666252e+01 -5.423652299999999826e+01
1.775610493333333295e+02 -3.820095166666666842e+01 -3.497983166666666932e+01
1.722292609999999797e+02 -4.217112233333332938e+01 -4.073195166666666722e+01
1.758979316666666648e+02 -4.006835000000000235e+01 -2.718410866666666337e+01
1.729117920000000197e+02 -4.184845133333333678e+01 -4.450421499999999497e+01
1.796078013333333274e+02 -3.768687366666666350e+01 -6.934682333333333837e+00
1.797118506666666633e+02 -3.641125333333332748e+01 -1.690018099999999990e+01
1.778363809999999887e+02 -3.877949633333332713e+01 -1.719401833333333585e+01
1.783522606666666661e+02 -3.876714266666666475e+01 -1.088999766666666602e+01
1.738130200000000229e+02 -4.080329133333333402e+01 -5.650645200000000301e+01
1.784606039999999894e+02 -3.614063600000000065e+01 -8.298352833333332512e+01
1.798639983333333419e+02 -3.667916566666666256e+01 -1.123398266666666778e+01
1.791268413333333456e+02 -3.730191566666666603e+01 -1.539148400000000017e+01
1.787579753333333201e+02 -3.760729233333333354e+01 -1.817933566666666323e+01
1.743298499999999933e+02 -4.139828900000000544e+01 -2.693447833333333463e+01
1.735641140000000178e+02 -4.177576133333332820e+01 -2.858886499999999842e+01
1.786132593333333318e+02 -3.716724866666666571e+01 -3.207821599999999762e+01
1.753737280000000283e+02 -3.898290599999999273e+01 -8.072981600000001379e+01
1.763098453333333282e+02 -3.912865433333333698e+01 -4.152042066666666642e+01
1.795823076666666793e+02 -3.613954400000000078e+01 -2.592471833333333464e+01
1.753544773333333353e+02 -4.137791766666666859e+01 -1.701462233333333529e+01
1.748894396666666751e+02 -3.941600466666666591e+01 -7.733409166666666579e+01
1.794216033333333087e+02 -3.829915966666666804e+01 -5.647241999999999429e+00
1.784844396666666455e+02 -3.986744900000000058e+01 -6.406997999999998861e+00
1.758886376666666820e+02 -3.900960200000000100e+01 -5.804997399999999885e+01
1.723817236666666588e+02 -4.192504566666666932e+01 -5.461200233333332932e+01
1.744426566666666929e+02 -4.175500833333333617e+01 -1.744576166666666595e+01
1.787764743333333399e+02 -3.919108566666667315e+01 -6.283110333333333131e+00
1.777182999999999993e+02 -3.922112333333333112e+01 -1.552553300000000114e+01
1.745036626666666564e+02 -4.061900866666666587e+01 -4.593283199999999766e+01
1.745647410000000264e+02 -4.051198066666666620e+01 -4.783342733333333285e+01
1.746240903333333563e+02 -3.997571566666666598e+01 -6.193872766666666507e+01
1.737011416666666719e+02 -4.120613466666666369e+01 -4.548033199999999709e+01
1.775073643333333564e+02 -4.041336666666666844e+01 -1.078147166666666656e+01
1.793329970000000060e+02 -3.628619733333333386e+01 -3.295893566666666885e+01
1.736611536666666780e+02 -4.154710766666666899e+01 -3.465868066666666891e+01
1.783563163333333250e+02 -3.884148899999999571e+01 -1.044994833333333162e+01
1.762869520000000136e+02 -4.027198133333333629e+01 -2.031716533333333530e+01
1.776213729999999771e+02 -3.808980666666666792e+01 -3.754321633333333352e+01
1.768664310000000057e+02 -4.043382466666666630e+01 -1.526927300000000010e+01
1.762123619999999846e+02 -3.994267333333332459e+01 -2.394920333333333318e+01
1.730339986666666903e+02 -4.182233599999999996e+01 -4.177642666666666571e+01
1.757320413333333420e+02 -4.186770466666666834e+01 -8.868063333333333631e+00
1.750325420000000065e+02 -3.919054166666666816e+01 -8.566973266666666120e+01
1.757791913333333298e+02 -4.036797899999999828e+01 -2.570766666666666822e+01
1.747446973333333347e+02 -3.944698900000000208e+01 -8.435878466666666498e+01
1.768609440000000177e+02 -3.795726666666666205e+01 -6.867790066666667315e+01
1.753638463333333277e+02 -4.159925733333333397e+01 -1.398492533333333476e+01
1.763766540000000020e+02 -3.923518733333333586e+01 -3.642455166666666599e+01
1.750590320000000020e+02 -3.931555233333333632e+01 -7.432631099999998980e+01
1.750092826666666497e+02 -3.965200200000000308e+01 -5.976839499999999816e+01
1.777779030000000091e+02 -4.030384133333333097e+01 -9.522288666666666401e+00
1.773768420000000106e+02 -3.846550066666666368e+01 -3.085615699999999961e+01
1.756291999999999973e+02 -3.964338599999999957e+01 -4.191922966666666639e+01
1.722419173333333617e+02 -4.192732633333333325e+01 -5.900970533333332924e+01
1.766422440000000051e+02 -3.800238800000000339e+01 -7.678894466666666574e+01
1.768517886666666357e+02 -3.832000066666666527e+01 -5.044536433333333747e+01
1.752054993333333357e+02 -4.042414933333333238e+01 -3.706194866666666599e+01
1.784678236666666464e+02 -3.853932333333332849e+01 -1.127055900000000044e+01
1.731207990000000052e+02 -4.192014466666666550e+01 -3.484300199999999847e+01
1.734282076666666796e+02 -4.178200966666666005e+01 -3.147433399999999892e+01
1.771638216666666779e+02 -3.987009233333333214e+01 -1.609887099999999904e+01
1.735296093333333545e+02 -4.105194499999999636e+01 -5.586664933333332783e+01
1.762461479999999767e+02 -3.916890433333333732e+01 -4.218298733333332962e+01
1.783321696666666583e+02 -3.650927133333333785e+01 -6.932012199999999780e+01
1.760391776666666601e+02 -4.050443333333333129e+01 -2.095120066666666503e+01
1.794798023333333674e+02 -3.825919800000000492e+01 -5.547602666666666238e+00
1.770543496666666670e+02 -4.031678199999999634e+01 -1.445752933333333345e+01
1.747741016666666667e+02 -4.190524533333333324e+01 -1.232453333333333489e+01
1.791318629999999814e+02 -3.737803600000000159e+01 -1.428122999999999898e+01
1.782900550000000237e+02 -3.749766499999999780e+01 -3.559266500000000377e+01
1.740646303333332980e+02 -4.199579833333333312e+01 -1.564137366666666651e+01
1.763846883333333153e+02 -3.945532566666666696e+01 -3.037421066666666647e+01
1.774952056666666351e+02 -4.033752300000000446e+01 -1.119014999999999738e+01
1.763494113333333360e+02 -4.023238099999999662e+01 -2.002757500000000235e+01
1.791135143333333417e+02 -3.872415533333333570e+01 -5.690915333333333770e+00
1.779027220000000113e+02 -4.072742566666666875e+01 -7.432087666666666870e+00
1.738223873333332961e+02 -4.112376833333333792e+01 -4.529068100000000641e+01
1.751833860000000129e+02 -3.975427166666666068e+01 -5.105946933333333249e+01
1.740825773333333188e+02 -4.133049066666666960e+01 -3.311940566666666541e+01
1.724204486666666583e+02 -4.161316166666666305e+01 -7.567841866666667272e+01
1.782870736666667142e+02 -3.961219233333333278e+01 -8.300093333333332879e+00
1.771581039999999803e+02 -3.725451699999999988e+01 -1.033899636666666737e+02
1.780857956666666553e+02 -4.080725833333332986e+01 -6.254812000000000261e+00
1.743950009999999793e+02 -4.030457600000000440e+01 -5.732640566666666615e+01
1.774578800000000172e+02 -3.758193399999999684e+01 -6.590181633333334332e+01
1.783216380000000072e+02 -3.809783633333334052e+01 -1.919794766666666419e+01
1.767673519999999883e+02 -3.944023666666667083e+01 -2.328348866666666694e+01
1.798657536666666772e+02 -3.629331433333333479e+01 -1.444942466666666725e+01
1.771297796666666784e+02 -4.111956200000000194e+01 -9.676667000000000129e+00
1.759836243333333243e+02 -3.880154633333333436e+01 -6.361929033333333905e+01
1.728411926666666432e+02 -4.114308399999999466e+01 -8.459359966666666253e+01
1.751925799999999924e+02 -4.005515266666666463e+01 -4.461625866666665985e+01
1.770060296666666488e+02 -4.087268300000000210e+01 -1.180687766666666683e+01
1.772960160000000087e+02 -4.001366466666667066e+01 -1.428896033333333371e+01
1.758084823333333588e+02 -3.889396400000000398e+01 -6.586484699999999748e+01
1.754821456666666961e+02 -4.115391133333333329e+01 -1.903795399999999916e+01
1.744307420000000093e+02 -4.050468266666666040e+01 -5.056171366666666245e+01
1.775509360000000072e+02 -4.008015766666667190e+01 -1.198907433333333472e+01
1.777347373333333280e+02 -4.009753366666666352e+01 -1.056923266666666628e+01
1.773062926666666499e+02 -4.023582033333333641e+01 -1.301510033333333460e+01
1.742955716666666603e+02 -3.999845333333333741e+01 -7.334185966666666445e+01
1.795855679999999950e+02 -3.636894033333333454e+01 -2.129282900000000112e+01
1.760993979999999794e+02 -4.039101166666666387e+01 -2.124459233333333330e+01
1.758019016666666801e+02 -4.188728099999999444e+01 -8.349356000000000222e+00
1.762220976666666559e+02 -4.023784633333333005e+01 -2.110834566666666845e+01
1.754705953333333355e+02 -3.889738033333333078e+01 -8.165259500000000514e+01
1.784846980000000087e+02 -3.883804466666666144e+01 -9.311498000000000275e+00
1.766082766666666828e+02 -4.164568566666667238e+01 -7.669497333333333167e+00
1.789856000000000051e+02 -3.692427533333333400e+01 -2.633485966666666300e+01
1.766738329999999735e+02 -3.859323166666666793e+01 -4.618687933333333717e+01
1.771786796666666532e+02 -3.814665366666667268e+01 -4.733590633333333386e+01
1.776137573333333251e+02 -4.088214833333333331e+01 -8.303326333333332698e+00
1.788908896666666806e+02 -3.951639199999999619e+01 -5.230322666666666009e+00
1.778560280000000091e+02 -3.987571799999999911e+01 -1.058452566666666605e+01
1.763161136666666664e+02 -3.934801099999999963e+01 -3.488859000000000066e+01
1.777861813333333600e+02 -3.954829000000000150e+01 -1.282614966666666767e+01
1.748964259999999911e+02 -4.076430266666667279e+01 -3.511150166666666905e+01
1.783669403333333321e+02 -3.906307533333333737e+01 -9.428869333333333103e+00
1.743475489999999866e+02 -4.024844900000000081e+01 -6.046425033333333232e+01
1.733404356666666501e+02 -4.159439399999999409e+01 -4.100425033333333857e+01
1.779051900000000330e+02 -4.038926599999999922e+01 -8.479994333333332079e+00
1.749711966666666569e+02 -4.132582433333333682e+01 -2.106398933333333545e+01
1.731471999999999980e+02 -4.155613699999999966e+01 -4.866884600000000205e+01
1.779040176666666468e+02 -3.678829000000000349e+01 -8.125674966666666421e+01
1.781185173333333296e+02 -3.777358133333333257e+01 -3.343232400000000126e+01
1.741418859999999995e+02 -4.144070599999999871e+01 -2.887449266666666858e+01
1.792579459999999756e+02 -3.737354933333333662e+01 -1.249840966666666553e+01
1.743914076666666517e+02 -4.143237200000000087e+01 -2.517201700000000031e+01
1.769864233333333061e+02 -3.832067099999999726e+01 -4.602762033333333846e+01
1.792372346666666942e+02 -3.691562633333333565e+01 -2.000832400000000177e+01
1.780719679999999698e+02 -3.688881266666666647e+01 -6.636455599999999322e+01
1.756114369999999951e+02 -3.906065133333333250e+01 -6.467813466666666500e+01
1.774522200000000112e+02 -4.066872866666666653e+01 -1.001651100000000127e+01
1.788458879999999738e+02 -3.628712933333333268e+01 -5.481334733333333276e+01
1.768589956666666865e+02 -4.021321100000000115e+01 -1.645214833333333360e+01
1.739145396666666556e+02 -4.033568299999999596e+01 -7.334295266666667601e+01
1.770790836666666621e+02 -3.924396833333333490e+01 -2.168812833333333501e+01
1.734723183333333054e+02 -4.159515200000000590e+01 -3.733744166666666331e+01
1.749698209999999960e+02 -4.117363066666666782e+01 -2.416394400000000076e+01
1.777293306666666695e+02 -4.116898966666666837e+01 -6.545188666666667210e+00
1.738968756666666593e+02 -4.144116033333333604e+01 -3.339393966666666103e+01
1.785325546666666696e+02 -3.677337933333333098e+01 -4.793631133333334304e+01
1.782872886666666545e+02 -3.645289166666666603e+01 -7.499070266666666384e+01
1.768243346666666582e+02 -3.925303266666666246e+01 -2.521489533333333100e+01
1.746449933333333320e+02 -3.990755566666666709e+01 -6.364508499999999458e+01
1.769465193333333275e+02 -3.910073166666666111e+01 -2.565007366666666755e+01
1.755223589999999660e+02 -4.180421066666666974e+01 -1.057710133333333324e+01
1.788283760000000200e+02 -3.907647499999999496e+01 -6.232654666666666010e+00
1.775742833333333408e+02 -3.864152366666667149e+01 -2.308642066666666892e+01
1.780679743333333533e+02 -3.810783566666666644e+01 -2.494585333333333210e+01
1.761524993333333384e+02 -4.005628833333333461e+01 -2.339748200000000011e+01
1.754835393333333684e+02 -4.192441233333333628e+01 -9.267924999999999969e+00
1.780825230000000090e+02 -4.047488066666667095e+01 -7.229736666666667588e+00
1.731015730000000019e+02 -4.114791799999999711e+01 -6.851182566666666673e+01
1.736418976666666367e+02 -4.125027066666666542e+01 -4.542513633333333445e+01
1.756097393333333230e+02 -4.107760933333332787e+01 -1.882065499999999858e+01
1.775614643333333333e+02 -4.023307266666666493e+01 -1.121419499999999836e+01
1.787350473333333412e+02 -3.986546633333333034e+01 -5.253646000000000704e+00
1.776856953333333422e+02 -4.022043899999999894e+01 -1.042066799999999915e+01
1.788342963333333273e+02 -3.662985233333333213e+01 -4.123549966666666222e+01
1.745123936666666680e+02 -4.076823100000000011e+01 -4.152142633333333066e+01
1.764530269999999916e+02 -3.956318233333333723e+01 -2.657551700000000139e+01
1.789478653333333114e+02 -3.947416966666667548e+01 -5.104037666666666695e+00
1.771839563333333274e+02 -3.737960100000000097e+01 -9.211370666666665841e+01
1.789072929999999815e+02 -3.617286100000000459e+01 -5.671743333333333226e+01
1.783535916666666310e+02 -4.036608533333333071e+01 -6.028251000000000026e+00
1.746960713333333786e+02 -4.051185233333333713e+01 -4.545828800000000314e+01
1.754197946666666610e+02 -3.922893933333332939e+01 -6.284499366666666020e+01
1.773822689999999795e+02 -3.868413166666666569e+01 -2.567892166666666753e+01
1.776935849999999846e+02 -3.834386699999999593e+01 -2.732276633333333393e+01
1.768106606666666778e+02 -3.888336199999999820e+01 -3.335352499999999765e+01
1.739370746666666889e+02 -4.026654133333332908e+01 -7.613341499999999940e+01
1.744098360000000127e+02 -3.984141166666666578e+01 -7.680356599999998934e+01
1.764022030000000143e+02 -3.792474233333333444e+01 -9.932783799999999985e+01
1.773107556666666653e+02 -3.835857500000000186e+01 -3.566733800000000087e+01
1.772543316666666726e+02 -4.077781399999999934e+01 -1.069117299999999915e+01
1.773029476666666824e+02 -3.742181666666666473e+01 -8.231213333333333537e+01
1.740562703333333445e+02 -4.067271733333333117e+01 -5.397067499999999995e+01
1.778427813333333631e+02 -3.899830166666666997e+01 -1.543958266666666646e+01
1.757096279999999808e+02 -4.018707799999999963e+01 -2.929507800000000017e+01
1.760660753333333162e+02 -4.123618133333332736e+01 -1.365082033333333378e+01
1.749367493333333243e+02 -3.927679233333333286e+01 -8.500132500000000846e+01
1.751802526666666608e+02 -3.935565733333333327e+01 -6.587540800000000729e+01
1.784469033333333243e+02 -3.655480666666667133e+01 -6.104621133333333205e+01
1.734356176666666727e+02 -4.075666066666666865e+01 -7.429450233333334097e+01
1.784267869999999903e+02 -3.727893399999999957e+01 -3.635018933333333280e+01
1.750325386666666816e+02 -3.977542833333333050e+01 -5.517657799999999924e+01
1.793114630000000034e+02 -3.838161433333333150e+01 -5.834593333333333298e+00
1.760088240000000042e+02 -3.962005500000000069e+01 -3.422198233333333661e+01
1.745918489999999963e+02 -4.202942666666666582e+01 -1.126644399999999990e+01
1.752123729999999853e+02 -4.064577899999999744e+01 -3.213566999999999751e+01
1.778484260000000177e+02 -3.943596033333333395e+01 -1.285270799999999980e+01
1.776003060000000175e+02 -3.973997299999999910e+01 -1.337286566666666410e+01
1.790242329999999811e+02 -3.657205733333333342e+01 -3.624005700000000019e+01
1.773575479999999800e+02 -3.766314033333333100e+01 -6.549033066666666514e+01
1.724000633333333496e+02 -4.167953066666666473e+01 -7.164746100000000695e+01
1.766232206666666968e+02 -4.132371833333333200e+01 -1.050486233333333352e+01
1.766456213333333380e+02 -3.959283133333333637e+01 -2.294083333333333385e+01
1.756160643333333553e+02 -3.867339733333332674e+01 -9.064408233333334408e+01
1.770264746666666724e+02 -4.131785233333333451e+01 -8.878975333333331221e+00
1.792424796666666680e+02 -3.871295299999999884e+01 -5.313292666666666442e+00
1.764892299999999921e+02 -4.059610633333333141e+01 -1.705300200000000288e+01
1.779957633333333149e+02 -3.650977133333333313e+01 -9.117768866666666838e+01
1.798279433333333088e+02 -3.674698099999999812e+01 -1.127039499999999883e+01
1.764501463333333220e+02 -3.948953999999999809e+01 -2.815782799999999853e+01
1.779447036666666691e+02 -4.051475899999999797e+01 -7.883300000000001084e+00
1.780693733333333455e+02 -4.087805800000000289e+01 -6.103429333333333595e+00
1.750973723333333112e+02 -4.132148200000000315e+01 -1.999766299999999930e+01
1.773618993333333265e+02 -4.131505999999999545e+01 -7.437664333333333211e+00
1.751304906666666739e+02 -4.009428833333333131e+01 -4.553479899999999958e+01
1.764415746666666394e+02 -4.100347066666666507e+01 -1.411610066666666796e+01
1.774837633333333144e+02 -3.725534233333333844e+01 -8.249326999999999543e+01
1.786703896666666651e+02 -3.983077266666666816e+01 -5.583296666666666574e+00
1.773337523333333365e+02 -3.773234333333333979e+01 -6.265537066666666988e+01
1.786279316666666546e+02 -3.905842333333333016e+01 -7.468911666666666171e+00
1.793120046666666667e+02 -3.804950466666667097e+01 -7.105993000000000670e+00
1.779893943333333084e+02 -3.777686200000000127e+01 -3.789870799999999917e+01
1.758818849999999827e+02 -3.868829266666666200e+01 -7.383197200000000748e+01
1.787236580000000004e+02 -3.636076933333333017e+01 -5.714740566666666410e+01
1.783139136666667071e+02 -3.638037733333333534e+01 -7.755784266666665872e+01
1.772900476666667089e+02 -3.986540099999999853e+01 -1.516551333333333140e+01
1.731512519999999995e+02 -4.101136566666666994e+01 -7.396947866666667437e+01
1.764216803333333417e+02 -4.048799266666666341e+01 -1.814198033333333271e+01
1.797490830000000130e+02 -3.635060733333332905e+01 -1.669532699999999892e+01
1.789400323333333347e+02 -3.939915833333333239e+01 -5.233987333333332437e+00
1.786067673333333232e+02 -3.694787299999999419e+01 -3.877416733333333099e+01
1.788745800000000088e+02 -3.730931999999999960e+01 -2.057552233333333547e+01
1.731525786666666420e+02 -4.214930466666667286e+01 -2.400214533333333478e+01
1.722048989999999833e+02 -4.165931066666666993e+01 -8.427770966666666652e+01
1.784816650000000209e+02 -3.709570933333333187e+01 -3.937404633333333237e+01
1.733771906666666780e+02 -4.189707899999999796e+01 -2.835851533333333307e+01
1.749426103333333629e+02 -4.021027266666666833e+01 -4.783786299999999869e+01
1.787587763333333442e+02 -3.904623200000000338e+01 -6.682741666666665914e+00
1.765777893333332997e+02 -3.948448599999999686e+01 -2.574778433333333183e+01
1.742578076666666504e+02 -4.194651499999999800e+01 -1.521057333333333439e+01
1.793845159999999908e+02 -3.736681899999999956e+01 -1.102239533333333377e+01
1.732013743333333480e+02 -4.202762566666666544e+01 -2.786565566666666882e+01
1.737480626666666694e+02 -4.062654666666666259e+01 -6.626813199999999426e+01
1.744569109999999910e+02 -4.095487866666666577e+01 -3.710954999999999160e+01
1.765327910000000031e+02 -3.839208966666667067e+01 -5.935004066666666489e+01
1.786398269999999968e+02 -3.644678600000000301e+01 -5.700725833333333270e+01
1.774363720000000058e+02 -4.087402366666666609e+01 -9.239238333333332776e+00
1.774254300000000057e+02 -4.008355266666666239e+01 -1.291841500000000131e+01
1.788275076666666621e+02 -3.948428200000000032e+01 -5.532005000000000727e+00
1.779876446666666823e+02 -4.009641966666666946e+01 -8.836509333333333771e+00
1.789437686666666423e+02 -3.742046066666667059e+01 -1.709689733333333095e+01
1.768919166666666740e+02 -3.936160033333333530e+01 -2.255561766666666657e+01
1.762746300000000019e+02 -3.990290699999999902e+01 -2.363612366666666631e+01
1.744812210000000050e+02 -3.963156800000000146e+01 -8.747489399999999193e+01
1.760321753333332992e+02 -4.028323000000000320e+01 -2.283252899999999741e+01
1.752078713333333724e+02 -4.049797566666666881e+01 -3.543663866666666706e+01
1.758389943333333179e+02 -4.176471699999999743e+01 -9.485290333333333379e+00
1.764614510000000109e+02 -3.978440966666666156e+01 -2.279772733333333079e+01
1.782387166666666474e+02 -3.659731033333333272e+01 -7.012232500000000357e+01
1.781026030000000162e+02 -3.972333966666666782e+01 -9.283307666666665625e+00
1.769240343333333385e+02 -4.024775899999999496e+01 -1.580300766666666590e+01
1.737549259999999833e+02 -4.108635699999999957e+01 -4.823945400000000205e+01
1.761811800000000119e+02 -3.906344333333333196e+01 -4.746697299999999586e+01
1.780362196666666534e+02 -3.895673933333333139e+01 -1.328194266666666579e+01
1.778641026666666676e+02 -3.777922933333334043e+01 -4.225328166666665908e+01
1.761868783333333397e+02 -3.855694133333332729e+01 -6.661904199999999321e+01
1.744750123333333249e+02 -4.009394400000000047e+01 -6.231763466666666318e+01
1.748229506666666566e+02 -4.043516066666666831e+01 -4.507257366666667053e+01
1.775658786666666913e+02 -3.834833400000000125e+01 -3.003264799999999823e+01
1.786102893333333270e+02 -3.986812299999999709e+01 -5.780248333333332766e+00
1.794592576666666730e+02 -3.628883833333333087e+01 -2.759632199999999713e+01
1.775408190000000275e+02 -3.749211199999999877e+01 -6.701894666666666467e+01
1.777326846666666427e+02 -4.091067666666666724e+01 -7.604671666666665608e+00
1.752046446666666668e+02 -3.948354166666666742e+01 -5.893147900000000305e+01
1.741728300000000047e+02 -3.995735033333333064e+01 -8.249791166666666697e+01
1.778885616666666465e+02 -3.738354799999999756e+01 -5.667985600000000090e+01
1.789622923333333517e+02 -3.661756100000000202e+01 -3.690240233333332753e+01
1.736965020000000095e+02 -4.037960199999999844e+01 -8.347370066666667299e+01
1.728133896666666658e+02 -4.207741866666666652e+01 -3.592473299999999625e+01
1.747933266666666725e+02 -3.950136400000000236e+01 -7.725908866666667052e+01
1.726381953333333286e+02 -4.157108366666667365e+01 -6.787368066666665811e+01
1.785270053333333351e+02 -3.635451400000000177e+01 -6.696956933333333950e+01
1.751452209999999923e+02 -4.053672533333332950e+01 -3.593846733333332821e+01
1.797275986666666938e+02 -3.760350433333332631e+01 -6.654016333333333755e+00
1.783852249999999913e+02 -3.636993633333333520e+01 -7.391885899999999765e+01
1.776273216666666315e+02 -4.080889933333332920e+01 -8.525895666666666983e+00
1.777540239999999869e+02 -3.823153033333333184e+01 -2.920931299999999808e+01
1.775589506666666466e+02 -4.030267699999999564e+01 -1.092514833333333257e+01
1.781574873333333073e+02 -3.873459466666665918e+01 -1.324901899999999877e+01
1.758902160000000094e+02 -4.171255966666666382e+01 -9.785211333333332817e+00
1.780719540000000052e+02 -3.708643200000000206e+01 -5.883822099999999722e+01
1.748182366666666496e+02 -3.982827999999999946e+01 -6.061700533333333851e+01
1.780168756666666923e+02 -3.844331766666666539e+01 -1.867002700000000104e+01
1.741910516666666808e+02 -4.162445133333333303e+01 -2.329006599999999949e+01
1.752557143333333443e+02 -3.894320666666666853e+01 -9.221128700000001288e+01
1.738248130000000344e+02 -4.119495799999999264e+01 -4.289213200000000370e+01
1.794239666666666437e+02 -3.680320633333332836e+01 -1.802508800000000022e+01
1.746010493333333216e+02 -3.985926166666666859e+01 -6.724437933333332751e+01
1.782906396666666922e+02 -3.975836599999999521e+01 -7.835748666666666473e+00
1.769864213333333112e+02 -4.020881233333333427e+01 -1.554617033333333431e+01
1.761595959999999934e+02 -4.027754000000000190e+01 -2.145052966666666805e+01
1.786438896666666380e+02 -3.827101633333332842e+01 -1.166473200000000077e+01
1.740736139999999921e+02 -4.155339966666667095e+01 -2.690767933333333417e+01
1.762734329999999829e+02 -4.145033300000000054e+01 -1.063465366666666689e+01
1.793984886666666227e+02 -3.815177366666666359e+01 -6.179768333333332642e+00
1.757482169999999826e+02 -4.138015833333333404e+01 -1.412909233333333248e+01
1.771882259999999860e+02 -3.757044433333333444e+01 -7.853787666666666212e+01
1.737192400000000134e+02 -4.191214333333333286e+01 -2.129976633333333425e+01
1.783301886666666576e+02 -3.832099800000000300e+01 -1.533849733333333454e+01
1.785374886666666328e+02 -3.864834199999999953e+01 -9.837799999999999656e+00
1.768161986666666508e+02 -3.903123466666666985e+01 -2.969250099999999648e+01
1.772405609999999854e+02 -3.810934966666666668e+01 -4.714346833333333819e+01
1.788403243333333421e+02 -3.963416066666666637e+01 -5.237632000000000509e+00
1.736888946666666698e+02 -4.169335533333333643e+01 -2.907241999999999749e+01
1.741003406666666535e+02 -3.997187199999999763e+01 -8.607394266666666738e+01
1.775849146666666627e+02 -3.900661333333332692e+01 -1.862620166666666321e+01
1.754392569999999978e+02 -3.961710266666666769e+01 -4.736526933333333744e+01
1.786789330000000007e+02 -3.720274366666667021e+01 -2.878689599999999871e+01
1.765773103333333438e+02 -4.114463533333333345e+01 -1.227104733333333364e+01
1.736508790000000033e+02 -4.051774366666666793e+01 -7.706765466666666953e+01
1.777704260000000147e+02 -3.744090800000000030e+01 -5.956682933333333807e+01
1.788242229999999893e+02 -3.815194366666666781e+01 -1.068322799999999972e+01
1.786608250000000169e+02 -3.676482033333333277e+01 -4.289623333333332766e+01
1.795276193333333197e+02 -3.687954799999999977e+01 -1.476164299999999940e+01
1.777965906666666740e+02 -4.005488100000000173e+01 -1.029705366666666677e+01
1.776609963333333155e+02 -3.962671733333333179e+01 -1.351434666666666828e+01
1.778996156666666764e+02 -3.874108166666666619e+01 -1.664189766666666870e+01
1.734469296666667049e+02 -4.122363366666666451e+01 -5.174427833333334092e+01
1.785896503333333385e+02 -3.951089566666666997e+01 -6.649910666666666970e+00
1.783406196666666403e+02 -3.854408633333333256e+01 -1.265673766666666644e+01
1.788969003333333205e+02 -3.782712699999999728e+01 -1.278301633333333420e+01
1.752751033333333055e+02 -4.060693200000000047e+01 -3.171664733333333785e+01
1.731995940000000189e+02 -4.143789000000000300e+01 -5.144313466666667267e+01
1.739643663333333450e+02 -4.039274299999999585e+01 -6.801346133333332489e+01
1.735836656666666613e+02 -4.136611699999999558e+01 -4.279876366666666598e+01
1.783501210000000299e+02 -3.709504066666666944e+01 -4.516598699999999411e+01
1.742656889999999805e+02 -4.143741066666666484e+01 -2.691926133333333482e+01
1.774582763333333162e+02 -3.908392966666666979e+01 -1.940598266666666660e+01
1.767990513333333240e+02 -4.032583000000000339e+01 -1.632874866666666591e+01
1.777487243333333424e+02 -4.083885699999999730e+01 -7.804144333333333350e+00
1.779535756666666657e+02 -3.703982099999999633e+01 -6.681942466666666292e+01
1.768003070000000037e+02 -3.858488933333333648e+01 -4.235028033333333042e+01
1.739587273333333144e+02 -4.140292300000000125e+01 -3.336728133333333091e+01
1.764368796666666697e+02 -3.912100433333333172e+01 -3.788484900000000266e+01
1.724351419999999564e+02 -4.180122166666667027e+01 -6.149341100000000182e+01
1.777610886666666659e+02 -3.845183766666666969e+01 -2.328131700000000137e+01
1.730857589999999675e+02 -4.159463133333333218e+01 -4.930309733333333355e+01
1.738705166666667026e+02 -4.162342999999999904e+01 -2.820778266666666312e+01
1.789349713333333511e+02 -3.884613566666666173e+01 -6.209531999999999385e+00
1.762255249999999762e+02 -4.174535499999999644e+01 -8.030734333333333197e+00
1.791425863333333552e+02 -3.820005966666666808e+01 -7.545133333333333248e+00
1.779358373333333248e+02 -3.796471733333333276e+01 -3.306835533333333643e+01
1.783170059999999921e+02 -3.794936866666666475e+01 -2.244817066666666605e+01
1.724826960000000042e+02 -4.220922933333333305e+01 -3.402221966666666475e+01
1.790434950000000072e+02 -3.845940633333333381e+01 -6.977618000000000542e+00
1.784481076666666866e+02 -3.809261599999999959e+01 -1.676477366666666668e+01
1.732203976666666847e+02 -4.218125799999999259e+01 -2.101267199999999846e+01
1.784098863333333611e+02 -3.961505466666667274e+01 -7.468334666666666344e+00
1.759581129999999973e+02 -3.995491733333333428e+01 -2.778536533333333480e+01
1.756808053333333248e+02 -4.126302999999999344e+01 -1.592675100000000121e+01
1.778604576666666617e+02 -4.060741233333333611e+01 -8.051960666666666100e+00
1.776640593333333129e+02 -3.977379300000000484e+01 -1.264446266666666752e+01
1.749377409999999884e+02 -3.966456633333333315e+01 -6.199497433333332452e+01
1.783616110000000106e+02 -3.739216900000000265e+01 -3.578312133333333378e+01
1.764279523333333373e+02 -3.804953199999999924e+01 -8.636399433333333775e+01
1.726098179999999900e+02 -4.144728766666666075e+01 -7.735109200000000840e+01
1.754183613333333369e+02 -4.126495766666666754e+01 -1.806968999999999781e+01
1.771108499999999992e+02 -4.013103133333333261e+01 -1.504524233333333250e+01
1.750333516666666753e+02 -4.121004966666666292e+01 -2.270682899999999904e+01
1.768429926666666745e+02 -3.977062166666666343e+01 -1.909075333333333546e+01
1.775013069999999971e+02 -3.831416999999999717e+01 -3.256945433333333284e+01
1.774354493333333664e+02 -4.105906966666666591e+01 -8.426915333333333535e+00
1.776958946666667032e+02 -3.841727666666666607e+01 -2.537566233333333443e+01
1.778166383333333442e+02 -3.819232866666666837e+01 -2.887935099999999977e+01
1.790998769999999922e+02 -3.857769766666666555e+01 -6.197344000000000186e+00
1.759284303333333526e+02 -4.102702033333333276e+01 -1.666005099999999928e+01
1.781009346666666886e+02 -3.950229300000000165e+01 -1.015011999999999937e+01
1.782914309999999887e+02 -3.742586433333332963e+01 -3.767946500000000043e+01
1.755494216666666887e+02 -4.126133166666667051e+01 -1.700301766666666836e+01
1.792642309999999952e+02 -3.842321733333333356e+01 -5.918520000000000003e+00
1.740809076666666613e+02 -4.111494933333333535e+01 -3.964451366666666132e+01
1.733663269999999841e+02 -4.182191199999999753e+01 -3.156615166666666639e+01
1.772589883333333489e+02 -4.085340533333333468e+01 -1.031371266666666742e+01
1.771198413333333690e+02 -4.035131833333333162e+01 -1.377752866666666698e+01
1.756862533333333261e+02 -4.165872666666666646e+01 -1.143898599999999988e+01
1.769447096666666539e+02 -4.113841133333333744e+01 -1.052744966666666748e+01
1.762796919999999830e+02 -4.005056233333332472e+01 -2.195145999999999731e+01
1.776174046666666584e+02 -3.748192733333333138e+01 -6.429417933333333224e+01
1.771534473333333608e+02 -3.957400799999999919e+01 -1.801808466666666675e+01
1.758908259999999757e+02 -3.984790866666666176e+01 -3.107576966666666962e+01
1.797879526666666834e+02 -3.756069300000000766e+01 -6.531884333333333181e+00
1.790628360000000328e+02 -3.883647266666666553e+01 -5.631518666666667450e+00
1.758726916666666682e+02 -4.129233600000000592e+01 -1.423275433333333240e+01
1.744325509999999895e+02 -4.043188066666666458e+01 -5.262591633333332908e+01
1.760632980000000032e+02 -4.116498800000000102e+01 -1.437267766666666624e+01
1.746019643333333136e+02 -3.966971133333333910e+01 -7.724074966666665887e+01
1.759746576666666442e+02 -3.859967400000000026e+01 -7.445308933333332391e+01
1.747001410000000305e+02 -4.065685233333333315e+01 -4.142829499999999854e+01
1.773299826666666661e+02 -3.908813866666665859e+01 -2.074062133333333335e+01
1.768592943333333096e+02 -3.846919966666666824e+01 -4.445442000000000604e+01
1.731193896666666490e+02 -4.133872500000000372e+01 -5.847784399999999749e+01
1.784707889999999963e+02 -3.943370400000000586e+01 -7.555022333333333506e+00
1.792261596666666321e+02 -3.787118933333332649e+01 -8.722050999999998666e+00
1.764323633333333419e+02 -4.078297733333332786e+01 -1.604422733333333539e+01
1.778475096666666389e+02 -3.928965399999999875e+01 -1.368000200000000000e+01
1.757637583333333566e+02 -3.985484766666666445e+01 -3.364375933333333535e+01
1.764192713333333415e+02 -3.882308599999999643e+01 -4.736604466666666013e+01
1.762202890000000082e+02 -3.829491633333333311e+01 -8.082236066666666829e+01
1.725580703333333474e+02 -4.139332999999999885e+01 -8.469345533333333265e+01
1.798618453333333491e+02 -3.641827133333333677e+01 -1.331851533333333215e+01
1.736527220000000113e+02 -4.147245733333333106e+01 -3.743593266666666608e+01
1.761475283333333266e+02 -3.990873733333333462e+01 -2.536198033333333157e+01
1.781637866666666525e+02 -3.888141033333332786e+01 -1.222785633333333344e+01
1.769755866666666861e+02 -4.136174166666666707e+01 -8.768795333333331499e+00
1.750935106666666741e+02 -4.189478666666666840e+01 -1.112418833333333446e+01
1.768483666666666920e+02 -3.991837400000000002e+01 -1.808658900000000003e+01
1.743303153333333455e+02 -4.095820433333333455e+01 -3.928579233333333320e+01
1.738902579999999887e+02 -4.122882466666666090e+01 -4.029091633333333533e+01
1.785860930000000053e+02 -3.944515066666667025e+01 -6.817790333333333841e+00
1.730134306666666362e+02 -4.169887933333333052e+01 -4.762832066666666719e+01
1.773734773333333408e+02 -4.118790166666666863e+01 -8.089825333333335422e+00
1.775535003333333464e+02 -3.798380166666666469e+01 -4.371837200000000934e+01
1.787241633333333368e+02 -3.628434333333333228e+01 -6.066379200000000083e+01
1.767565333333333513e+02 -3.914443133333333691e+01 -2.863356066666666777e+01
1.778557739999999967e+02 -4.093880733333332955e+01 -6.899524666666665418e+00
1.764179589999999962e+02 -3.867929366666666624e+01 -5.222210033333332291e+01
1.773421036666667021e+02 -4.144171966666666407e+01 -6.756433000000000355e+00
1.723018240000000105e+02 -4.156942133333333089e+01 -8.654341966666667929e+01
1.780707153333333110e+02 -3.818201066666666321e+01 -2.298015833333333191e+01
1.786320426666666492e+02 -3.775416933333333702e+01 -1.858618033333333486e+01
1.763536709999999914e+02 -3.849605700000000041e+01 -6.219578799999999319e+01
1.745731086666666272e+02 -4.029978200000000044e+01 -5.350349499999999381e+01
1.727596256666666648e+02 -4.161682266666667118e+01 -6.033230166666666605e+01
1.775457926666666708e+02 -3.770472733333333082e+01 -5.653077333333333598e+01
1.787917700000000139e+02 -3.863279466666666195e+01 -7.861264333333333632e+00
1.744815273333333323e+02 -3.982459966666667128e+01 -7.419557233333331681e+01
1.787937826666666581e+02 -3.982509133333332585e+01 -5.100073333333333458e+00
1.782570433333333142e+02 -3.806324633333333196e+01 -2.136752166666666497e+01
1.726745529999999746e+02 -4.124063699999999955e+01 -8.892507233333333261e+01
1.769302416666666602e+02 -3.865606199999999859e+01 -3.632159733333333662e+01
1.766840339999999969e+02 -4.069970666666666403e+01 -1.510088766666666693e+01
1.748918806666666512e+02 -4.061701366666667212e+01 -3.905004900000000134e+01
1.762438190000000304e+02 -3.902278400000000147e+01 -4.684801399999999916e+01
1.766563506666666683e+02 -3.988820533333333174e+01 -1.974706366666666568e+01
1.775867659999999830e+02 -3.907959766666666468e+01 -1.801200133333333397e+01
1.764017966666666553e+02 -3.989757166666666421e+01 -2.213988266666666505e+01
1.783075369999999964e+02 -3.658179499999999962e+01 -6.702990866666665681e+01
1.746868889999999794e+02 -4.021875000000000000e+01 -5.329270799999999753e+01
1.781967073333333644e+02 -3.725892400000000038e+01 -4.701456966666666659e+01
1.757053176666666729e+02 -4.004078566666666461e+01 -3.154361233333332848e+01
1.767727433333333522e+02 -3.958811833333333396e+01 -2.138113466666666795e+01
1.786149663333333422e+02 -3.933045100000000360e+01 -6.906227666666666209e+00
1.764242193333333262e+02 -4.056176833333332610e+01 -1.768331600000000137e+01
1.782033676666666508e+02 -3.832565766666666462e+01 -1.736317866666666632e+01
1.754232473333333076e+02 -3.941139466666666635e+01 -5.461453700000000566e+01
1.758676893333333453e+02 -4.114223866666666396e+01 -1.585914366666666631e+01
1.774749213333333557e+02 -3.769983500000000021e+01 -5.922182733333333005e+01
1.786226223333333110e+02 -3.898261966666667178e+01 -7.720327333333332653e+00
1.742494456666666736e+02 -4.063318433333333246e+01 -5.050795699999999755e+01
1.752200953333333189e+02 -4.094191866666666613e+01 -2.574937033333333147e+01
1.732738450000000228e+02 -4.155538366666667116e+01 -4.450226099999999718e+01
1.794872243333333302e+02 -3.706204433333333270e+01 -1.304051166666666717e+01
1.727041526666666584e+02 -4.136447666666666834e+01 -7.751414566666666417e+01
1.770663530000000208e+02 -3.887519833333332997e+01 -2.769669433333332975e+01
1.740840573333333339e+02 -4.043304233333333286e+01 -6.164776766666667385e+01
1.778684030000000291e+02 -3.785551033333333493e+01 -3.918294766666666362e+01
1.785533683333333386e+02 -3.727876866666667155e+01 -3.136347400000000007e+01
1.742793849999999622e+02 -4.045489100000000349e+01 -5.533274866666666725e+01
1.752602106666666657e+02 -4.016423066666666841e+01 -4.079199666666666957e+01
1.737466410000000394e+02 -4.043353333333332955e+01 -7.675614333333334116e+01
1.732212219999999832e+02 -4.080217666666666787e+01 -8.428602566666666007e+01
1.748391830000000198e+02 -4.155018000000000455e+01 -1.798080733333333470e+01
1.777851143333333539e+02 -4.096042299999999869e+01 -7.154569666666667160e+00
1.759139159999999720e+02 -4.058374299999999835e+01 -2.153417166666666560e+01
1.788733903333333330e+02 -3.936649466666666797e+01 -5.525984666666666989e+00
1.768322723333333215e+02 -3.947485366666666096e+01 -2.194220066666666824e+01
1.785295613333333620e+02 -3.954691000000000400e+01 -6.911046333333334069e+00
1.777157530000000349e+02 -4.040058766666665946e+01 -9.560248333333333903e+00
1.794476993333333610e+02 -3.803703400000000556e+01 -6.339721333333333320e+00
1.770135286666667014e+02 -4.102470466666667193e+01 -1.087870233333333125e+01
1.772419840000000022e+02 -3.781457800000000447e+01 -6.154157566666666668e+01
1.774225239999999815e+02 -3.746028700000000100e+01 -7.400589533333334202e+01
1.752185116666666715e+02 -4.187970800000000082e+01 -1.087349200000000060e+01
1.760722419999999886e+02 -4.137807233333332846e+01 -1.222429533333333218e+01
1.747698460000000296e+02 -3.957165599999999728e+01 -7.413381800000000510e+01
1.776041010000000142e+02 -3.988773166666666725e+01 -1.253255900000000089e+01
1.766655023333333077e+02 -3.844449166666666429e+01 -5.196278566666666876e+01
1.773677086666666582e+02 -4.019664033333333464e+01 -1.276679500000000189e+01
1.781714026666666939e+02 -3.997720499999999788e+01 -7.981157666666665484e+00
1.779044323333333466e+02 -3.888714200000000432e+01 -1.537966133333333296e+01
1.784160443333333603e+02 -3.629715433333333152e+01 -7.629228966666666167e+01
1.774385963333333223e+02 -3.835354699999999895e+01 -3.277635066666666575e+01
1.739568196666666609e+02 -4.133275666666666837e+01 -3.557158533333333850e+01
1.756029123333333644e+02 -4.150555966666667018e+01 -1.367962700000000176e+01
1.777066753333333509e+02 -4.071665533333332831e+01 -8.473779666666665378e+00
1.784729846666666617e+02 -3.965259566666666302e+01 -6.984956333333333767e+00
1.783071713333333435e+02 -3.728183566666666593e+01 -4.134387533333333664e+01
1.755919900000000098e+02 -4.182790233333333418e+01 -9.964130333333331535e+00
1.744558359999999766e+02 -4.196896966666666628e+01 -1.321477166666666569e+01
1.760065133333333449e+02 -4.135003499999999832e+01 -1.284671366666666614e+01
1.755511996666666619e+02 -4.161640533333333281e+01 -1.269566033333333444e+01
1.760120833333333223e+02 -3.969380033333333557e+01 -3.218476300000000379e+01
1.756654539999999827e+02 -4.081592966666666911e+01 -2.172996633333333349e+01
1.751749686666666719e+02 -4.199838799999999850e+01 -9.385228666666666442e+00
1.782131136666666862e+02 -3.854820733333333038e+01 -1.422750099999999840e+01
1.779140889999999899e+02 -4.019665099999999569e+01 -9.005754333333333861e+00
1.740504190000000051e+02 -4.184726166666666813e+01 -1.945125966666666528e+01
1.792276200000000017e+02 -3.668800300000000192e+01 -2.573896533333333636e+01
1.777670846666667046e+02 -4.103061566666666948e+01 -6.957258000000000386e+00
1.771823796666666624e+02 -3.821709699999999543e+01 -4.429202433333333744e+01
1.751328059999999880e+02 -4.016793400000000247e+01 -4.404952700000000476e+01
1.759448856666666643e+02 -4.139486766666666284e+01 -1.274276433333333358e+01
1.764243086666666613e+02 -3.889616466666666383e+01 -4.491322633333333414e+01
1.763542636666666965e+02 -4.037995699999999744e+01 -1.919870066666666375e+01
1.739577290000000005e+02 -4.154428133333333761e+01 -2.911334933333333197e+01
1.744904569999999921e+02 -4.021691833333333221e+01 -5.774783800000000156e+01
1.793524069999999995e+02 -3.826679333333333943e+01 -6.014441333333333084e+00
1.755483010000000093e+02 -4.118940500000000071e+01 -1.793653933333333228e+01
1.784097789999999861e+02 -4.040477233333333373e+01 -5.677337333333333902e+00
1.790318149999999662e+02 -3.617145433333333671e+01 -5.068948633333334186e+01
1.737710006666667084e+02 -4.055695300000000003e+01 -6.862203199999999015e+01
1.776484836666666354e+02 -4.066535433333333316e+01 -8.968092333333332888e+00
1.734595510000000047e+02 -4.068651466666666749e+01 -7.739466099999999926e+01
1.741262443333333465e+02 -4.195451866666666518e+01 -1.612880600000000086e+01
1.775489216666666437e+02 -4.090405833333333163e+01 -8.537281000000000120e+00
1.758064966666666749e+02 -3.850438966666666829e+01 -9.169206833333333861e+01
1.760491863333333242e+02 -4.079972300000000018e+01 -1.815852133333333640e+01
1.765516353333333370e+02 -4.055671199999999743e+01 -1.688948266666666598e+01
1.790093163333333450e+02 -3.816987533333333005e+01 -8.759219666666666626e+00
1.770596186666666654e+02 -4.046289166666665693e+01 -1.363062333333333243e+01
1.770440969999999652e+02 -3.740301366666666638e+01 -9.953821866666665130e+01
1.772815646666666680e+02 -3.748955933333333235e+01 -7.910793666666666013e+01
1.755082063333333338e+02 -3.986746433333333073e+01 -3.958154866666667004e+01
1.750729986666666775e+02 -4.028017766666666688e+01 -4.325318100000000499e+01
1.762563916666666728e+02 -3.946040199999999487e+01 -3.322782333333334037e+01
1.745742393333333382e+02 -4.073033233333332959e+01 -4.153568299999999880e+01
1.769844150000000127e+02 -3.800442799999999721e+01 -6.073606666666666598e+01
1.773818660000000307e+02 -3.778622800000000126e+01 -5.814487500000000608e+01
1.769202986666666675e+02 -3.835331199999999541e+01 -4.684051733333333800e+01
1.783642330000000129e+02 -3.731715900000000374e+01 -3.785572566666666461e+01
1.764815630000000226e+02 -3.871301066666666202e+01 -4.878478266666666485e+01
1.789644769999999880e+02 -3.786781100000000322e+01 -1.149352066666666694e+01
1.759001636666666855e+02 -4.014184566666666143e+01 -2.620271633333333128e+01
1.753523113333333185e+02 -4.115850699999999307e+01 -2.027096299999999829e+01
1.771459640000000206e+02 -3.789613600000000559e+01 -6.056380966666666410e+01
1.758330666666666673e+02 -4.003475700000000614e+01 -2.890465400000000429e+01
1.775241590000000258e+02 -3.756132733333333107e+01 -6.428536866666665617e+01
1.729528026666666847e+02 -4.164581033333333693e+01 -5.193796766666667253e+01
1.754432653333333292e+02 -3.983403166666666806e+01 -4.198220599999999791e+01
1.743275993333333247e+02 -4.088466033333332916e+01 -4.149410700000000674e+01
1.777625333333333231e+02 -3.700821899999999687e+01 -7.918910599999999533e+01
1.768051163333333307e+02 -4.163287500000000563e+01 -7.171600666666666513e+00
1.728918536666666625e+02 -4.120167799999999403e+01 -7.702366199999998742e+01
1.723971853333333399e+02 -4.148567399999999594e+01 -8.779647333333333847e+01
1.796407229999999799e+02 -3.707683566666666053e+01 -1.091485266666666654e+01
1.777872833333333347e+02 -3.713182733333333374e+01 -7.200342299999999796e+01
1.758702719999999999e+02 -3.940931966666666852e+01 -4.383574433333333076e+01
1.765805813333332992e+02 -3.955830200000000474e+01 -2.443791366666667031e+01
1.781672953333333282e+02 -3.983228766666667298e+01 -8.443231666666667579e+00
1.752319566666666617e+02 -4.153658099999999820e+01 -1.561856900000000081e+01
1.767051113333333490e+02 -3.947959200000000379e+01 -2.366500566666666927e+01
1.745030026666666743e+02 -4.040295266666666407e+01 -5.204096666666666948e+01
1.760852493333333371e+02 -3.994865999999999673e+01 -2.572906566666666706e+01
1.789061933333333343e+02 -3.624717266666666404e+01 -5.370100333333333964e+01
1.792307809999999790e+02 -3.794660466666667276e+01 -8.232189333333332470e+00
1.749624349999999993e+02 -3.940092866666666538e+01 -7.411251133333333030e+01
1.790412380000000212e+02 -3.838450300000000226e+01 -7.339504666666666566e+00
1.780002750000000162e+02 -4.056590399999999619e+01 -7.428752333333332736e+00
1.780484933333333117e+02 -3.695879733333332950e+01 -6.485255300000000034e+01
1.792692796666666766e+02 -3.617354666666666674e+01 -3.915773533333333489e+01
1.738005619999999851e+02 -4.068203266666666451e+01 -6.172556900000000013e+01
1.744457146666667029e+02 -4.161078499999999991e+01 -2.039619899999999930e+01
1.743877896666666629e+02 -3.991227766666666810e+01 -7.376853599999999744e+01
1.779588206666666395e+02 -4.077740099999999757e+01 -6.978675333333334230e+00
1.788153163333332998e+02 -3.742260933333333384e+01 -1.996783100000000033e+01
1.751112086666666983e+02 -4.162298100000000289e+01 -1.505181100000000072e+01
1.792517096666666703e+02 -3.809463966666666579e+01 -7.300483333333333213e+00
1.755815173333333234e+02 -4.019196666666666573e+01 -3.210463599999999929e+01
1.734070430000000158e+02 -4.212585933333333088e+01 -1.904754966666666505e+01
1.780402390000000139e+02 -3.917462233333333188e+01 -1.215127166666666625e+01
1.756423360000000287e+02 -4.008001399999999848e+01 -3.238322466666667054e+01
1.761938823333333346e+02 -3.874368633333333634e+01 -5.812355733333333774e+01
1.790274960000000135e+02 -3.624154100000000511e+01 -4.827345533333332384e+01
1.726128656666666927e+02 -4.212643533333334034e+01 -3.707168200000000269e+01
1.750961893333333421e+02 -4.117029199999999634e+01 -2.280478399999999795e+01
1.756469743333333327e+02 -4.177827833333333274e+01 -1.028087033333333267e+01
1.790482050000000243e+02 -3.924132966666666533e+01 -5.138958333333333961e+00
1.782185300000000154e+02 -3.666931766666667158e+01 -6.776030266666667501e+01
1.756702146666666522e+02 -4.096419266666666203e+01 -1.969090433333333223e+01
1.763483053333333430e+02 -3.871389099999999672e+01 -5.352960033333332746e+01
1.738830636666666578e+02 -4.080899733333333756e+01 -5.423655733333333728e+01
1.770216253333333327e+02 -3.943088333333333395e+01 -2.030384666666666860e+01
1.746267073333333428e+02 -3.979127166666666682e+01 -6.929450066666667851e+01
1.789438423333333219e+02 -3.814650100000000066e+01 -9.509510333333333065e+00
1.754532609999999977e+02 -4.019591766666666643e+01 -3.519852699999999857e+01
1.781877276666666603e+02 -3.693646900000000244e+01 -5.832665000000000077e+01
1.791691683333333458e+02 -3.834793166666666764e+01 -6.693699333333333890e+00
1.769024216666666689e+02 -3.965740066666666763e+01 -1.944817366666666558e+01
1.789665676666666911e+02 -3.628005499999999728e+01 -4.958817866666667129e+01
1.758553333333333342e+02 -4.183618666666666286e+01 -8.655798333333335037e+00
1.791021970000000181e+02 -3.849775333333333549e+01 -6.475964000000000276e+00
1.766373373333333348e+02 -3.937116999999999933e+01 -2.669221333333333135e+01
1.792997493333333239e+02 -3.695251066666666162e+01 -1.791341666666666654e+01
1.785148893333333433e+02 -3.820176599999999922e+01 -1.410848500000000172e+01
1.786557096666666666e+02 -3.638524766666666466e+01 -5.915914899999999221e+01
1.726058426666666321e+02 -4.190626300000000271e+01 -4.992969266666666073e+01
1.766443659999999909e+02 -4.125737499999999613e+01 -1.100937133333333406e+01
1.766119616666666445e+02 -3.870729533333332739e+01 -4.448937800000000919e+01
1.782299140000000079e+02 -3.753909999999999769e+01 -3.671306966666666227e+01
1.739315870000000075e+02 -4.200899433333333377e+01 -1.632336100000000201e+01
1.755441113333333476e+02 -3.927386166666666867e+01 -5.677794666666667212e+01
1.791507756666666467e+02 -3.900913833333333258e+01 -5.173519333333334025e+00
1.782873270000000048e+02 -4.039795699999999812e+01 -6.301506666666667478e+00
1.779438150000000007e+02 -3.818710800000000205e+01 -2.588196866666666551e+01
1.750654540000000168e+02 -4.005976700000000079e+01 -4.791787866666666673e+01
1.776714816666666650e+02 -3.727999299999999749e+01 -7.128893933333331745e+01
1.785526073333333272e+02 -3.997625999999999635e+01 -5.833231000000000499e+00
1.749654006666666817e+02 -4.094862533333333232e+01 -2.934664366666666524e+01
1.795005546666666589e+02 -3.792135733333333292e+01 -6.504426333333333865e+00
1.763818466666666609e+02 -3.938188833333333605e+01 -3.229532733333333994e+01
1.746990950000000282e+02 -4.160192466666666888e+01 -1.810945066666666392e+01
1.776483189999999865e+02 -3.896801500000000118e+01 -1.815484899999999868e+01
1.782303409999999815e+02 -3.719114833333333081e+01 -4.762855833333333067e+01
1.777418663333333200e+02 -3.778810033333333251e+01 -4.612013533333333726e+01
1.765416439999999909e+02 -4.026158833333333575e+01 -1.845473800000000253e+01
1.790901546666666775e+02 -3.905261566666666795e+01 -5.218778333333332853e+00
1.758280719999999917e+02 -4.148890066666666598e+01 -1.246442733333333308e+01
1.788615619999999637e+02 -3.929303133333333875e+01 -5.691219000000000250e+00
1.773102703333333068e+02 -3.716736133333333925e+01 -9.900419133333332411e+01
1.779293986666666569e+02 -3.691369166666666501e+01 -7.355259866666666824e+01
1.759330566666666584e+02 -4.117466466666666491e+01 -1.506269233333333268e+01
1.751628853333333211e+02 -4.143006733333333358e+01 -1.767138966666666633e+01
1.774641500000000178e+02 -3.732388266666666965e+01 -7.965746400000000449e+01
1.741426376666666727e+02 -4.100327833333333416e+01 -4.170919566666666611e+01
1.749028189999999938e+02 -4.098687000000000324e+01 -2.933598033333333532e+01
1.785293933333333314e+02 -3.849940666666666544e+01 -1.094205900000000042e+01
1.740047643333333269e+02 -4.005657099999999815e+01 -8.610041599999999562e+01
1.778917226666666522e+02 -3.852108366666666228e+01 -1.956199033333333404e+01
1.737019029999999873e+02 -4.176544466666666722e+01 -2.639463499999999740e+01
1.740364550000000179e+02 -4.037864266666667135e+01 -6.568327599999999222e+01
1.771268463333333330e+02 -4.123083466666667363e+01 -9.010173333333332479e+00
1.776136413333333337e+02 -4.011368099999999970e+01 -1.137188466666666642e+01
1.739924509999999884e+02 -4.064945333333333366e+01 -5.653967633333333964e+01
1.798708090000000084e+02 -3.617176400000000314e+01 -1.573252133333333269e+01
1.779591939999999965e+02 -4.044394100000000236e+01 -8.007915666666667320e+00
1.776762273333333439e+02 -4.112225633333333263e+01 -6.992922666666667730e+00
1.781300899999999956e+02 -3.806823133333333686e+01 -2.439582333333333608e+01
1.785555983333333359e+02 -3.742625933333334132e+01 -2.757718733333333816e+01
1.755306050000000084e+02 -4.059872266666666718e+01 -2.696431466666666665e+01
1.776479016666666837e+02 -3.754474299999999687e+01 -6.010214700000000221e+01
1.766191890000000058e+02 -4.066506333333333600e+01 -1.576529733333333461e+01
1.736031826666666404e+02 -4.085208399999999784e+01 -6.175808433333333625e+01
1.743757293333333109e+02 -4.038128000000000384e+01 -5.538024633333333213e+01
1.727366783333333160e+02 -4.197893233333333995e+01 -4.284900566666667032e+01
1.761390256666666971e+02 -3.968720566666667082e+01 -2.982424533333333372e+01
1.765044316666666475e+02 -3.922883300000000162e+01 -3.303617733333333462e+01
1.756703713333332928e+02 -4.159488566666666998e+01 -1.224878900000000037e+01
1.771361523333333423e+02 -4.100459699999999685e+01 -1.027615500000000104e+01
1.786524203333333389e+02 -3.841902499999999776e+01 -1.032011200000000173e+01
1.765694863333333160e+02 -3.926289033333333123e+01 -3.051317766666666742e+01
1.753464023333333444e+02 -4.086378966666666201e+01 -2.539419733333333440e+01
1.761720530000000053e+02 -4.179520566666666781e+01 -7.761197000000000124e+00
1.793854113333333373e+02 -3.639965233333333572e+01 -2.781569099999999750e+01
1.785277969999999925e+02 -3.663759133333334006e+01 -5.356090533333333070e+01
1.789794510000000116e+02 -3.857952200000000431e+01 -6.857605999999999646e+00
1.789712603333333334e+02 -3.669262866666667122e+01 -3.394380400000000009e+01
1.740165340000000072e+02 -4.101100433333333228e+01 -4.427781033333334193e+01
1.793105639999999994e+02 -3.725732199999999494e+01 -1.312320400000000120e+01
1.730789416666666511e+02 -4.121943100000000726e+01 -6.583419199999998739e+01
1.760770873333333384e+02 -3.972733366666667365e+01 -3.008323000000000036e+01
1.779097999999999900e+02 -3.910551599999999439e+01 -1.398335366666666602e+01
1.772156380000000127e+02 -3.953460733333333366e+01 -1.781808466666666746e+01
1.770636723333333293e+02 -3.880142033333333274e+01 -2.932856933333333060e+01
1.775870500000000050e+02 -3.759591133333333346e+01 -6.011906533333333158e+01
1.758161683333333656e+02 -3.959411266666666052e+01 -3.911797899999999828e+01
1.791589263333333122e+02 -3.783616033333333206e+01 -9.584287333333334047e+00
1.735271343333333505e+02 -4.148191933333333026e+01 -4.007045366666665842e+01
1.734807480000000339e+02 -4.166860133333333494e+01 -3.440785166666666584e+01
1.787414923333333263e+02 -3.716381833333333162e+01 -2.764665733333333364e+01
1.772959973333333608e+02 -4.149752899999999300e+01 -6.571169333333333640e+00
1.759966156666666848e+02 -4.113312366666666975e+01 -1.508719166666666744e+01
1.775463716666666869e+02 -4.000386666666666002e+01 -1.239708466666666631e+01
1.786741510000000233e+02 -3.705527166666666972e+01 -3.291736866666666828e+01
1.794281870000000083e+02 -3.717584266666666792e+01 -1.249194766666666645e+01
1.753196376666666936e+02 -4.005201433333333227e+01 -4.121699266666666261e+01
1.758147346666666806e+02 -4.141412133333333401e+01 -1.332958366666666628e+01
1.764012003333333496e+02 -4.126951400000000092e+01 -1.184554366666666603e+01
1.785286940000000016e+02 -3.940629533333333256e+01 -7.253650666666666247e+00
1.722370560000000239e+02 -4.223608300000000071e+01 -3.588976633333333410e+01
1.729617306666666536e+02 -4.118591533333333388e+01 -7.387511633333333805e+01
1.782357393333333277e+02 -3.920746900000000323e+01 -1.006942399999999971e+01
1.736027543333333369e+02 -4.158949766666666648e+01 -3.443475666666666513e+01
1.787695153333333167e+02 -3.826542299999999841e+01 -1.034418033333333398e+01
1.772543606666666847e+02 -3.736763333333333748e+01 -8.866020600000000229e+01
1.782258303333333345e+02 -3.964869233333333653e+01 -8.622992666666666750e+00
1.764295290000000023e+02 -4.070928933333333077e+01 -1.663111499999999765e+01
1.775786393333333137e+02 -3.878762533333333096e+01 -2.091080933333333292e+01
1.780697296666666887e+02 -4.054501199999999983e+01 -7.111828333333332530e+00
1.797538523333333558e+02 -3.687989999999999924e+01 -1.124902099999999905e+01
1.762968110000000195e+02 -4.176431466666667092e+01 -7.606009333333332734e+00
1.767357773333333171e+02 -3.855131433333333035e+01 -4.555786399999999503e+01
1.768534576666666851e+02 -3.813828066666666672e+01 -5.874093300000000539e+01
1.740204366666666829e+02 -4.143901999999999930e+01 -3.110272333333332995e+01
1.780910636666666562e+02 -3.642481500000000239e+01 -8.974046633333334455e+01
1.764068913333333057e+02 -4.004520733333333737e+01 -2.072938699999999912e+01
1.734466193333333592e+02 -4.115002333333333695e+01 -5.461109333333333637e+01
1.752882146666666756e+02 -4.119837799999999817e+01 -2.028306233333333353e+01
1.741185923333333392e+02 -4.055898599999999732e+01 -5.605219466666667216e+01
1.761131516666666812e+02 -3.895886933333333246e+01 -5.306168333333332754e+01
1.796384553333333258e+02 -3.732994000000000057e+01 -8.863945333333333565e+00
1.741481703333332973e+02 -4.210176266666666578e+01 -1.267506400000000077e+01
1.742583516666666981e+02 -4.077676233333333045e+01 -4.603942666666666383e+01
1.778099680000000262e+02 -3.797108999999999668e+01 -3.668427599999999700e+01
1.769471479999999985e+02 -4.098877799999999638e+01 -1.149416999999999867e+01
1.730649539999999718e+02 -4.196930400000000105e+01 -3.439483800000000002e+01
1.733887296666666771e+02 -4.089826866666665950e+01 -6.842682833333333292e+01
1.754679376666666712e+02 -4.185017199999999349e+01 -1.025423133333333148e+01
1.783529459999999744e+02 -3.716662966666666534e+01 -4.284015866666666028e+01
1.770617730000000165e+02 -4.120672266666667127e+01 -9.481471333333331586e+00
1.768080386666666755e+02 -3.880927366666666245e+01 -3.538688233333333244e+01
1.779679623333333041e+02 -3.884896566666666473e+01 -1.481153399999999998e+01
1.782350413333333279e+02 -3.906281333333333095e+01 -1.062930599999999970e+01
1.774350813333333292e+02 -3.764875966666666329e+01 -6.329525866666666190e+01
1.795515323333333129e+02 -3.651735466666666952e+01 -1.972316666666666762e+01
1.770515839999999628e+02 -4.024344133333332962e+01 -1.487639933333333353e+01
1.757456870000000038e+02 -4.130037566666666748e+01 -1.501918166666666821e+01
1.780388800000000344e+02 -3.939339700000000022e+01 -1.117806699999999864e+01
1.770063866666666854e+02 -3.898783499999999691e+01 -2.661890200000000206e+01
1.790314049999999781e+02 -3.638088566666666424e+01 -4.289217433333333673e+01
1.734025766666666470e+02 -4.155698166666666538e+01 -4.061530466666666683e+01
1.786339166666666642e+02 -3.782719166666666410e+01 -1.734013400000000260e+01
1.778741233333333582e+02 -3.800481633333333775e+01 -3.353831699999999927e+01
1.768232413333333568e+02 -4.114812666666666985e+01 -1.108437866666666594e+01
1.782716943333333290e+02 -3.843481366666666332e+01 -1.472034466666666752e+01
1.742700763333333498e+02 -4.129030433333333150e+01 -3.080934600000000145e+01
1.752794379999999990e+02 -4.075483266666666538e+01 -2.859448866666666689e+01
1.755442290000000014e+02 -4.104235066666666398e+01 -1.997387633333333312e+01
1.773195279999999912e+02 -4.099859299999999962e+01 -9.301997333333332563e+00
1.792960379999999816e+02 -3.680339699999999681e+01 -2.103744733333333272e+01
1.768840713333333099e+02 -3.913987800000000306e+01 -2.608711366666666720e+01
1.761356536666666841e+02 -3.961319333333333503e+01 -3.174752233333333606e+01
1.773100946666666857e+02 -4.030965866666667097e+01 -1.260176433333333357e+01
1.789559276666666676e+02 -3.764496433333332703e+01 -1.388322533333333375e+01
1.780382156666666731e+02 -3.954046700000000669e+01 -1.053883033333333152e+01
1.743860390000000109e+02 -4.077227733333333504e+01 -4.367289866666666853e+01
1.757838356666667039e+02 -4.051529500000000183e+01 -2.394424733333333322e+01
1.781040249999999787e+02 -3.906439333333333508e+01 -1.196689000000000114e+01
1.749565350000000024e+02 -3.978323833333333681e+01 -5.735774333333333885e+01
1.769780680000000075e+02 -3.998776633333333308e+01 -1.678723333333333301e+01
1.788890863333333527e+02 -3.804081133333333753e+01 -1.088489433333333345e+01
1.785454173333333472e+02 -3.983203199999999811e+01 -6.169412000000000340e+00
1.765698240000000112e+02 -4.099920633333333342e+01 -1.354591433333333406e+01
1.791239983333333328e+02 -3.645193100000000186e+01 -3.655496066666666621e+01
1.732160740000000203e+02 -4.167409099999999711e+01 -4.181618133333333276e+01
1.759398773333333281e+02 -3.951353233333333037e+01 -3.888484933333333515e+01
1.785829453333333277e+02 -3.831082233333333420e+01 -1.200173500000000182e+01
1.780762836666666544e+02 -3.833022133333333414e+01 -1.962263466666666645e+01
1.778496486666666669e+02 -3.754499400000000264e+01 -5.201572499999999621e+01
1.761091476666666722e+02 -4.068612300000000204e+01 -1.879832700000000045e+01
1.747065790000000050e+02 -4.153237133333333730e+01 -1.938854533333333308e+01
1.777496730000000298e+02 -3.808493333333333197e+01 -3.423408733333332776e+01
1.785741393333333633e+02 -3.808743433333333428e+01 -1.465901566666666689e+01
1.785103423333333410e+02 -3.805280933333332882e+01 -1.624225133333333204e+01
1.734184283333333099e+02 -4.170745166666666393e+01 -3.455505400000000549e+01
1.792929103333333387e+02 -3.672902199999999340e+01 -2.280579166666666424e+01
1.783605706666666890e+02 -3.694995600000000024e+01 -4.938772166666666408e+01
1.794336423333333244e+02 -3.724984933333333004e+01 -1.161900933333333263e+01
1.792766076666666777e+02 -3.849094366666665934e+01 -5.651834000000000024e+00
1.796240076666666710e+02 -3.783617566666666931e+01 -6.194288666666666110e+00
1.763246630000000152e+02 -4.115924233333333149e+01 -1.318566133333333390e+01
1.786598869999999977e+02 -3.624312699999999410e+01 -6.585684866666666437e+01
1.764692483333333257e+02 -4.000579266666666456e+01 -2.046518299999999968e+01
1.784718176666666523e+02 -3.861384666666666732e+01 -1.068105199999999932e+01
1.741542479999999671e+02 -4.022154366666666903e+01 -6.813959533333333241e+01
1.749691976666666449e+02 -4.191273699999999991e+01 -1.132942700000000080e+01
1.753422833333333131e+02 -4.071587699999999899e+01 -2.826447666666666692e+01
1.787400853333333259e+02 -3.882390566666666132e+01 -7.434415666666666311e+00
1.772284040000000402e+02 -3.990480933333333269e+01 -1.541570666666666689e+01
1.772411029999999812e+02 -3.718047266666666673e+01 -1.030178043333333306e+02
1.779108470000000182e+02 -3.917825466666666756e+01 -1.357881233333333171e+01
1.781704826666666577e+02 -3.917202599999999535e+01 -1.082043266666666703e+01
1.768061529999999948e+02 -4.054687000000000552e+01 -1.512099000000000082e+01
1.779599596666666912e+02 -3.862933533333333003e+01 -1.694078833333333378e+01
1.785180363333332991e+02 -3.827628399999999687e+01 -1.318400499999999909e+01
1.789289163333333192e+02 -3.647142699999999849e+01 -4.369634933333333038e+01
1.778238593333333313e+02 -3.841293333333333493e+01 -2.288426700000000480e+01
1.736443413333333012e+02 -4.132357233333333824e+01 -4.280747966666666571e+01
1.750134416666666368e+02 -4.178968933333333524e+01 -1.301381200000000149e+01
1.769357040000000154e+02 -3.880482566666666600e+01 -3.215509666666666533e+01
1.773148553333333268e+02 -3.857663199999999648e+01 -2.930371466666666791e+01
1.785762720000000172e+02 -3.816192500000000365e+01 -1.369842133333333400e+01
1.783862210000000061e+02 -3.616891633333333544e+01 -8.614097633333334159e+01
1.787639626666666572e+02 -3.797010833333333579e+01 -1.316411466666666463e+01
1.769384500000000173e+02 -3.887897166666666493e+01 -3.029834566666666618e+01
1.780469216666666625e+02 -3.998305466666666774e+01 -8.791072333333332267e+00
1.781541746666666768e+02 -3.866091700000000486e+01 -1.389526500000000020e+01
1.756382563333333167e+02 -3.993433900000000136e+01 -3.498324999999999818e+01
1.764841463333333422e+02 -4.044852833333333564e+01 -1.794473266666666689e+01
1.761241983333333394e+02 -4.105434266666666332e+01 -1.514185733333333417e+01
1.775594406666666600e+02 -3.777497400000000027e+01 -5.277468500000000518e+01
1.762531810000000121e+02 -3.938721400000000017e+01 -3.538464633333332898e+01
1.767592759999999998e+02 -3.921838866666666945e+01 -2.709301233333333414e+01
1.771226356666666959e+02 -4.042415199999999942e+01 -1.336380933333333054e+01
1.750952893333333407e+02 -4.109510600000000835e+01 -2.431273733333333098e+01
1.773206439999999873e+02 -4.045532966666666397e+01 -1.179645666666666592e+01
1.769957889999999736e+02 -3.825338633333333149e+01 -4.842956899999999365e+01
1.754928073333333316e+02 -3.902208566666666911e+01 -7.172437200000000246e+01
1.768109736666666834e+02 -3.790194533333333737e+01 -7.474688199999998517e+01
1.770261393333333046e+02 -3.786151100000000014e+01 -6.726254199999999628e+01
1.771820816666666758e+02 -3.836248100000000250e+01 -3.882810166666666873e+01
1.760219483333333699e+02 -3.826429900000000117e+01 -9.724144799999999123e+01
1.756157480000000248e+02 -4.136883800000000377e+01 -1.518478199999999845e+01
1.771698590000000024e+02 -3.782772833333333296e+01 -6.346269966666667273e+01
1.781124519999999904e+02 -4.009142899999999798e+01 -8.039713333333333267e+00
1.754424649999999986e+02 -3.976203933333333396e+01 -4.358324466666666552e+01
1.729167663333333564e+02 -4.177891300000000285e+01 -4.742620366666667309e+01
1.760877080000000205e+02 -4.002238366666666280e+01 -2.467812666666666743e+01
1.752862493333333305e+02 -4.105071699999999879e+01 -2.281549833333333410e+01
1.742074189999999874e+02 -4.110953966666667014e+01 -3.719434799999999797e+01
1.758326596666666717e+02 -3.863106833333333157e+01 -8.013957066666667117e+01
1.777845513333333258e+02 -3.940157866666666564e+01 -1.369804033333333315e+01
1.790142143333333422e+02 -3.753216566666666409e+01 -1.427568999999999910e+01
1.798639449999999727e+02 -3.681590099999999666e+01 -1.031771700000000003e+01
1.783522966666666605e+02 -3.687308300000000116e+01 -5.248604199999999764e+01
1.793430143333333433e+02 -3.763348066666666369e+01 -9.247947666666666677e+00
1.721717983333332995e+02 -4.192094233333333619e+01 -6.219136699999999252e+01
1.769739056666666386e+02 -3.741643899999999689e+01 -1.034232196666666681e+02
1.740793126666666524e+02 -4.097063166666666945e+01 -4.409064733333332953e+01
1.781355236666666713e+02 -3.821664766666666679e+01 -2.073921400000000048e+01
1.745152263333333451e+02 -4.149976533333332895e+01 -2.201768666666666618e+01
1.724182723333333342e+02 -4.225141066666666489e+01 -3.222244533333333294e+01
1.770030959999999993e+02 -4.079708433333333772e+01 -1.224750066666666726e+01
1.727794399999999939e+02 -4.135259466666666839e+01 -7.394247266666667429e+01
1.732681626666666546e+02 -4.147281433333333212e+01 -4.780591133333333431e+01
1.768806439999999895e+02 -3.807814666666666881e+01 -6.081342900000000640e+01
1.755697243333333120e+02 -3.975605200000000394e+01 -4.046232166666666785e+01
1.795204043333333175e+02 -3.617738533333334061e+01 -2.765335000000000321e+01
1.728667069999999910e+02 -4.196501599999999854e+01 -4.029543366666666770e+01
1.778213976666666838e+02 -3.833942300000000358e+01 -2.465700133333333000e+01
1.788501490000000160e+02 -3.851662333333333521e+01 -8.012907666666665207e+00
1.785359200000000328e+02 -3.684186266666666398e+01 -4.529251099999999752e+01
1.765943340000000035e+02 -3.794888033333333510e+01 -8.364152299999999229e+01
1.773444459999999765e+02 -3.728639833333333087e+01 -8.869781833333331633e+01
1.780875766666666777e+02 -3.721103700000000458e+01 -5.370759733333333230e+01
1.755198249999999973e+02 -3.875783033333333805e+01 -9.004596033333332628e+01
1.791602233333333061e+02 -3.657060700000000253e+01 -3.137412833333333495e+01
1.754701416666666773e+02 -4.071175833333333571e+01 -2.614382100000000264e+01
1.765074626666666688e+02 -4.103765999999999536e+01 -1.351393699999999853e+01
1.779977059999999938e+02 -4.089802099999999996e+01 -6.372736666666665606e+00
1.777038996666666719e+02 -3.740368600000000043e+01 -6.411679433333334543e+01
1.794202926666666826e+02 -3.703012333333332862e+01 -1.447408933333333358e+01
1.791921956666666631e+02 -3.882358099999999723e+01 -5.264961666666667206e+00
1.772463150000000098e+02 -3.832439666666666511e+01 -3.847575599999999696e+01
1.724942846666666867e+02 -4.159850566666666793e+01 -7.295678966666666554e+01
1.785417910000000177e+02 -3.872306300000000334e+01 -9.380430666666667250e+00
1.737970610000000136e+02 -4.202026766666666191e+01 -1.713678799999999924e+01
1.746482953333333228e+02 -4.142638600000000082e+01 -2.215184100000000100e+01
1.778766549999999995e+02 -3.807895899999999756e+01 -3.093462800000000357e+01
1.748653906666666842e+02 -3.948583633333333154e+01 -7.414873433333332287e+01
1.741909620000000132e+02 -4.074191099999999466e+01 -4.852506766666667204e+01
1.768510416666666742e+02 -3.999217533333333563e+01 -1.765005700000000033e+01
1.777223810000000128e+02 -3.951396566666667098e+01 -1.363369133333333316e+01
1.763844623333333459e+02 -4.111839400000000211e+01 -1.331809133333333328e+01
1.761052889999999991e+02 -3.882176033333333720e+01 -5.832698533333334012e+01
1.753942806666666456e+02 -3.929832400000000092e+01 -6.035777600000000120e+01
1.770863769999999988e+02 -3.946549933333333371e+01 -1.939465466666666771e+01
1.772019320000000278e+02 -3.909228733333333139e+01 -2.212236199999999897e+01
1.747508113333333313e+02 -4.170461399999999941e+01 -1.585107633333333332e+01
1.756410143333333451e+02 -3.879758166666666597e+01 -7.929710899999999185e+01
1.781318136666666589e+02 -3.726986033333333381e+01 -4.964493799999999624e+01
1.766015946666666423e+02 -4.014858799999999661e+01 -1.857171733333333563e+01
1.761175550000000101e+02 -4.090755233333333507e+01 -1.663818633333333352e+01
1.754921616666666750e+02 -3.950886666666666969e+01 -4.928436833333333311e+01
1.738995716666666738e+02 -4.150763866666666502e+01 -3.126452100000000200e+01
1.798268036666666774e+02 -3.688333066666666582e+01 -1.031003199999999964e+01
1.786719213333333300e+02 -3.698209733333333560e+01 -3.516462599999999838e+01
1.738870443333333640e+02 -4.108754533333333114e+01 -4.491431466666667660e+01
1.788883566666666809e+02 -3.818558733333333777e+01 -9.764286000000000243e+00
1.728287673333333316e+02 -4.160621700000000089e+01 -5.820876499999999965e+01
1.777845633333333524e+02 -4.037260966666666206e+01 -9.243668333333333820e+00
1.764667033333333563e+02 -3.993198499999999740e+01 -2.110457433333333199e+01
1.782838263333333373e+02 -3.685747033333333178e+01 -5.637652399999999631e+01
1.792256233333333455e+02 -3.828976666666666517e+01 -6.602253666666666021e+00
1.795116030000000080e+02 -3.735692900000000094e+01 -9.794779000000000124e+00
1.750345886666666502e+02 -4.143983099999999808e+01 -1.846411899999999662e+01
1.759718776666666997e+02 -4.039659400000000034e+01 -2.260789833333333476e+01
1.798264343333333670e+02 -3.701247933333333151e+01 -9.425188333333334612e+00
1.749982949999999846e+02 -3.995410933333332792e+01 -5.189924199999999388e+01
1.747085103333333507e+02 -4.087734033333332917e+01 -3.517580533333333648e+01
1.722747383333333175e+02 -4.187286966666666643e+01 -6.210354033333333490e+01
1.792185453333333101e+02 -3.852217499999999717e+01 -5.811986999999999348e+00
1.747488573333333477e+02 -3.984095366666666393e+01 -6.258338966666667602e+01
1.788851896666666619e+02 -3.753331733333333631e+01 -1.660681366666666747e+01
1.785095780000000047e+02 -3.641863233333333483e+01 -6.459980900000000759e+01
1.772333483333333390e+02 -4.118450400000000400e+01 -8.776650333333334331e+00
1.788940683333333652e+02 -3.796924500000000080e+01 -1.144348533333333329e+01
1.788605176666666523e+02 -3.693290566666667019e+01 -2.997171366666666970e+01
1.787203486666666947e+02 -3.964527166666666602e+01 -5.714699666666667177e+00
1.735126869999999997e+02 -4.112006733333333841e+01 -5.373316299999999757e+01
1.741273846666666714e+02 -4.009687966666666625e+01 -7.600812133333333520e+01
1.774908153333333303e+02 -4.011997833333333574e+01 -1.224478033333333293e+01
1.779979600000000062e+02 -4.030231299999999806e+01 -8.175174999999999415e+00
1.779433206666666649e+02 -4.084780033333333904e+01 -6.811338666666666875e+00
1.746338040000000262e+02 -4.062057100000000531e+01 -4.359152999999999878e+01
1.755909636666666813e+02 -4.048577966666666583e+01 -2.758112866666666108e+01
1.771616196666666667e+02 -3.744709033333333537e+01 -8.855972966666666935e+01
1.780963146666666717e+02 -3.662290399999999835e+01 -7.744752933333332123e+01
1.797626390000000356e+02 -3.616362133333333162e+01 -1.891420400000000157e+01
1.769593576666666479e+02 -3.947017399999999299e+01 -2.054458999999999946e+01
1.746797193333333098e+02 -4.007818700000000689e+01 -5.720248866666666032e+01
1.759206823333333034e+02 -4.158725066666666947e+01 -1.092580000000000062e+01
1.746085906666666290e+02 -4.011519200000000041e+01 -5.793346566666667030e+01
1.766884746666666786e+02 -3.767004000000000019e+01 -1.014072386666666716e+02
1.775384756666666419e+02 -3.977999000000000507e+01 -1.366247300000000031e+01
1.797541863333333367e+02 -3.726789233333332874e+01 -8.345900000000000318e+00
1.766040976666666609e+02 -4.022232666666666745e+01 -1.820097566666666822e+01
1.787631699999999739e+02 -3.775295000000000556e+01 -1.587493499999999891e+01
1.752227316666666468e+02 -4.109033500000000316e+01 -2.286444499999999991e+01
1.738923839999999927e+02 -4.129965733333333588e+01 -3.797632466666667028e+01
1.787627723333333449e+02 -3.804341633333333306e+01 -1.241017733333333162e+01
1.746521603333333132e+02 -4.128294766666666504e+01 -2.538494400000000084e+01
1.760523236666666662e+02 -3.928421700000000527e+01 -4.376175499999999374e+01
1.797709603333333632e+02 -3.622923300000000069e+01 -1.771633900000000139e+01
1.784003999999999905e+02 -3.676564366666666928e+01 -5.423968766666666852e+01
1.746432783333333418e+02 -4.084082499999999527e+01 -3.724879633333333118e+01
1.764821193333333440e+02 -3.856679933333333565e+01 -5.400252666666667523e+01
1.754028233333333446e+02 -4.060298099999999977e+01 -2.927260599999999968e+01
1.741376243333333207e+02 -4.151529733333332928e+01 -2.691207733333333252e+01
1.766868563333333384e+02 -4.077382599999999258e+01 -1.458950166666666881e+01
1.753437639999999931e+02 -4.186613200000000035e+01 -1.057004399999999933e+01
1.777850866666666434e+02 -3.732001066666666844e+01 -6.401238599999999224e+01
1.781141043333333300e+02 -4.066451366666666445e+01 -6.543875333333333266e+00
1.742708573333333391e+02 -4.121697433333333294e+01 -3.286083700000000363e+01
1.788973166666666827e+02 -3.959155766666666665e+01 -5.095840666666666685e+00
1.791632929999999817e+02 -3.847345800000000082e+01 -6.244575333333333589e+00
1.770345373333333328e+02 -3.980071533333333633e+01 -1.744900433333333112e+01
1.729824066666666624e+02 -4.187788633333333621e+01 -4.099917533333333353e+01
1.770745736666666801e+02 -4.098119799999999913e+01 -1.076777733333333309e+01
1.759213013333333322e+02 -3.928811666666666724e+01 -4.685056699999999097e+01
1.771424996666666800e+02 -3.770652700000000124e+01 -7.185195666666666625e+01
1.760178469999999891e+02 -3.984123866666666913e+01 -2.874627800000000022e+01
1.738418870000000140e+02 -4.034952033333333077e+01 -7.645226533333332952e+01
1.744044123333333118e+02 -4.208082266666666982e+01 -1.150224266666666750e+01
1.780564543333333347e+02 -3.746515533333333536e+01 -4.634429433333333037e+01
1.763788613333333615e+02 -3.799493499999999813e+01 -9.458750833333333219e+01
1.769029796666667096e+02 -3.762625033333333135e+01 -9.043597099999999500e+01
1.781072956666666869e+02 -3.756604166666667055e+01 -4.075719000000000136e+01
1.745161500000000103e+02 -4.084269866666667070e+01 -3.932079366666666687e+01
1.727094156666666720e+02 -4.155847966666667048e+01 -6.544251133333334280e+01
1.775153996666666671e+02 -3.737629499999999894e+01 -7.417231366666666759e+01
1.777819796666666718e+02 -3.674781866666666730e+01 -9.208250400000001434e+01
1.756098660000000109e+02 -3.941982900000000001e+01 -4.940349966666666859e+01
1.767405843333333451e+02 -3.870071999999999690e+01 -4.053597033333333144e+01
1.747226456666666934e+02 -3.971209233333333799e+01 -6.891376566666666292e+01
1.766549129999999934e+02 -3.836499666666666286e+01 -5.572857733333333385e+01
1.766483483333333027e+02 -3.966670299999999827e+01 -2.196478133333333105e+01
1.758817669999999964e+02 -3.962733000000000061e+01 -3.672792599999999652e+01
1.780085980000000063e+02 -3.822154300000000404e+01 -2.344213700000000244e+01
1.767508900000000267e+02 -3.899653366666666443e+01 -3.211649700000000252e+01
1.735306130000000167e+02 -4.047738733333333272e+01 -8.780461900000000242e+01
1.765940093333333323e+02 -3.992734233333333549e+01 -1.997458033333333560e+01
1.789941530000000114e+02 -3.715380333333333596e+01 -2.066896900000000059e+01
1.782889329999999575e+02 -3.705047199999999918e+01 -4.942093366666666299e+01
1.783684736666666595e+02 -3.920808666666666653e+01 -8.936028000000000304e+00
1.752744669999999871e+02 -3.926666933333333276e+01 -6.663959133333334250e+01
1.778750479999999925e+02 -4.053575033333333266e+01 -8.202471333333333448e+00
1.787010983333333343e+02 -3.815688399999999803e+01 -1.207154299999999836e+01
1.789597260000000176e+02 -3.771958666666666460e+01 -1.300200733333333325e+01
1.763935866666666641e+02 -3.967620166666666393e+01 -2.546717833333333303e+01
1.771740929999999992e+02 -4.153784699999999930e+01 -6.720984666666666385e+00
1.777248250000000098e+02 -3.966088800000000703e+01 -1.274650400000000161e+01
1.769393996666666737e+02 -4.076380466666666536e+01 -1.288530633333333242e+01
1.750197856666667064e+02 -4.061399366666666566e+01 -3.667191833333333051e+01
1.757547653333333244e+02 -4.167482833333333048e+01 -1.088600866666666711e+01
1.790470753333333107e+02 -3.869061899999999810e+01 -6.091738333333332811e+00
1.784905543333333355e+02 -3.739028133333334125e+01 -3.080459066666666601e+01
1.792955263333333278e+02 -3.831052766666667253e+01 -6.146790333333332690e+00
1.765461916666666582e+02 -3.860092333333333414e+01 -5.036829566666666125e+01
1.747586056666666821e+02 -4.040026533333332992e+01 -4.721578999999999837e+01
1.753852403333333143e+02 -4.008773266666666046e+01 -3.881415599999999699e+01
1.726656949999999995e+02 -4.169395700000000460e+01 -5.980623499999999382e+01
1.795514140000000225e+02 -3.724105266666666836e+01 -1.039244000000000057e+01
1.755896060000000034e+02 -3.893619433333333291e+01 -7.266216266666667423e+01
1.770652043333333268e+02 -4.075588966666666835e+01 -1.203808433333333205e+01
1.736318803333333278e+02 -4.098055366666665833e+01 -5.551045799999999986e+01
1.762821390000000008e+02 -4.012438999999999822e+01 -2.131863900000000100e+01
1.771094619999999793e+02 -3.810872833333332466e+01 -5.117114333333333320e+01
1.744564376666666874e+02 -4.139370666666666665e+01 -2.522068299999999752e+01
1.769871766666666701e+02 -3.846888766666666726e+01 -4.059383633333333563e+01
1.721719766666666658e+02 -4.204596300000000042e+01 -5.178293933333333143e+01
1.763337583333333498e+02 -3.813635200000000225e+01 -8.564393100000000913e+01
1.780686120000000017e+02 -3.649522233333333787e+01 -8.679316099999999778e+01
1.791225773333333393e+02 -3.879569333333333248e+01 -5.480106666666666904e+00
1.745690823333333412e+02 -4.174780266666667217e+01 -1.644764533333333389e+01
1.753269636666666713e+02 -3.892819333333333276e+01 -8.840344133333333332e+01
1.770637279999999976e+02 -4.113520933333333574e+01 -9.921410999999999092e+00
1.733162666666666780e+02 -4.071699233333333012e+01 -8.432999499999999671e+01
1.790219943333333106e+02 -3.823733733333333618e+01 -8.254213000000000022e+00
1.781122843333333492e+02 -4.033634266666666690e+01 -7.413058666666667129e+00
1.764335686666666732e+02 -3.904626233333332408e+01 -4.013370599999999655e+01
1.790929366666666738e+02 -3.613579766666666870e+01 -4.899432100000000645e+01
1.766137763333333339e+02 -3.878048733333333331e+01 -4.214240066666666706e+01
1.777789850000000058e+02 -3.750999166666667151e+01 -5.631845599999999763e+01
1.736246393333333344e+02 -4.039417633333332702e+01 -8.741086933333333775e+01
1.743266606666666405e+02 -4.197814833333333695e+01 -1.400620133333333150e+01
1.774066119999999955e+02 -3.956387399999999843e+01 -1.611243533333333389e+01
1.757980763333333414e+02 -4.095906899999999951e+01 -1.849261833333332916e+01
1.751405376666666598e+02 -4.038907333333333582e+01 -3.931908666666667074e+01
1.757404306666666400e+02 -4.114855233333332762e+01 -1.677427400000000191e+01
1.771758313333333206e+02 -3.801006333333332776e+01 -5.368747733333333372e+01
1.790892946666666603e+02 -3.825655766666666580e+01 -7.640606666666666769e+00
1.763341769999999826e+02 -4.164564233333333476e+01 -8.566468000000000416e+00
1.752742660000000114e+02 -4.183557533333333112e+01 -1.126169200000000181e+01
1.792423933333333537e+02 -3.714476966666666158e+01 -1.572349666666666756e+01
1.738141393333333156e+02 -4.022591433333332844e+01 -8.658497666666666248e+01
1.769472556666666776e+02 -4.121400233333333318e+01 -9.987963333333333082e+00
1.762410343333333458e+02 -3.895016433333333339e+01 -4.927014966666666851e+01
1.780256730000000118e+02 -3.866428066666666297e+01 -1.559598400000000140e+01
1.785440260000000023e+02 -3.698562499999999886e+01 -4.013765300000000025e+01
1.776462870000000009e+02 -3.889506199999999581e+01 -1.881296233333333134e+01
1.758608223333333171e+02 -4.091915366666666642e+01 -1.839522499999999994e+01
1.739933026666666649e+02 -4.052207033333333186e+01 -6.129817566666665840e+01
1.764742636666666442e+02 -4.015338999999999459e+01 -1.948093199999999925e+01
1.776825026666666645e+02 -3.790541100000000085e+01 -4.317609600000000114e+01
1.766884453333333340e+02 -3.903580699999999837e+01 -3.282391966666666860e+01
1.766115343333333385e+02 -4.044353566666666211e+01 -1.709924100000000280e+01
1.786690583333333677e+02 -3.871613133333332968e+01 -8.382255666666665661e+00
1.783443993333333140e+02 -3.861845066666666781e+01 -1.198118233333333471e+01
1.751808766666666770e+02 -4.165446399999999727e+01 -1.421792966666666835e+01
1.796071606666666867e+02 -3.687931433333333331e+01 -1.341549066666666512e+01
1.728557933333333096e+02 -4.188844433333333228e+01 -4.428019033333333709e+01
1.779779266666666615e+02 -4.017240000000000322e+01 -8.668691666666665796e+00
1.778468053333333501e+02 -3.921672300000000178e+01 -1.409947799999999951e+01
1.741311083333333443e+02 -4.078204366666666658e+01 -4.866118533333332863e+01
1.748714266666666788e+02 -3.987894433333332955e+01 -5.736993766666666517e+01
1.727921393333333526e+02 -4.186647200000000169e+01 -4.712787266666666852e+01
1.735206333333333362e+02 -4.133246666666666869e+01 -4.561517933333333730e+01
1.768402899999999818e+02 -3.969669066666666168e+01 -1.967640333333333302e+01
1.791558706666666865e+02 -3.775819566666666560e+01 -1.018938600000000072e+01
1.733408276666666552e+02 -4.084333900000000028e+01 -7.406661433333333378e+01
1.756050143333333153e+02 -4.092937399999999570e+01 -2.088538666666666543e+01
1.794378749999999911e+02 -3.796377300000000332e+01 -6.689475999999999978e+00
1.758039923333333263e+02 -4.161955033333332921e+01 -1.121630133333333390e+01
1.730154530000000079e+02 -4.208911866666667123e+01 -3.031621966666666523e+01
1.778087133333333441e+02 -3.687129433333333139e+01 -8.320766733333334741e+01
1.764066026666666858e+02 -3.845938466666666500e+01 -6.162883599999999973e+01
1.761667290000000037e+02 -4.049882533333333612e+01 -1.986966099999999713e+01
1.775069203333333405e+02 -4.078181766666666164e+01 -9.252252666666665348e+00
1.770641066666667029e+02 -4.068242333333333249e+01 -1.243178900000000020e+01
1.760816316666666808e+02 -4.144909133333333529e+01 -1.148555100000000095e+01
1.768705726666666749e+02 -3.876984766666666360e+01 -3.474291266666666900e+01
1.755630656666666880e+02 -4.168767233333333166e+01 -1.178053500000000042e+01
1.783838166666666609e+02 -3.805807233333333528e+01 -1.863592900000000085e+01
1.729133093333333306e+02 -4.152537966666666591e+01 -5.860839400000000410e+01
1.770720550000000060e+02 -4.145457366666666843e+01 -7.688853333333333318e+00
1.784602303333333282e+02 -3.839052066666666718e+01 -1.270007200000000047e+01
1.774359616666666568e+02 -4.030569799999999958e+01 -1.173840100000000142e+01
1.786077179999999771e+02 -3.875724699999999956e+01 -8.669472000000000733e+00
1.773843623333333426e+02 -3.875707799999999992e+01 -2.435189899999999952e+01
1.759115580000000136e+02 -4.050995033333332884e+01 -2.229222833333333043e+01
1.772643610000000081e+02 -4.124670266666666407e+01 -8.269920666666667586e+00
1.777445053333333362e+02 -3.786341033333333428e+01 -4.294240166666666170e+01
1.764056343333333245e+02 -3.811986266666666978e+01 -8.226988066666666555e+01
1.758022116666666932e+02 -3.937923799999999375e+01 -4.639357799999999799e+01
1.759987340000000131e+02 -3.833393300000000181e+01 -9.261738366666666877e+01
1.743335060000000283e+02 -4.110517533333333517e+01 -3.494109700000000629e+01
1.784802310000000034e+02 -3.876313599999999582e+01 -9.709846000000000643e+00
1.778523256666666441e+02 -3.972957933333333358e+01 -1.127877366666666603e+01
1.759524659999999869e+02 -3.867240733333333225e+01 -7.134732433333333290e+01
1.792703933333333453e+02 -3.752437000000000467e+01 -1.085768299999999975e+01
1.783086690000000090e+02 -3.772642933333332849e+01 -2.831141100000000321e+01
1.793056159999999863e+02 -3.718106433333333172e+01 -1.416722000000000037e+01
1.743058373333333293e+02 -4.039349066666667198e+01 -5.666913400000000678e+01
1.782496136666666473e+02 -3.784113333333333173e+01 -2.707735666666667029e+01
1.772106409999999812e+02 -3.750286533333333239e+01 -8.190203233333333799e+01
1.747684366666667017e+02 -4.076612800000000192e+01 -3.724516766666666712e+01
1.790894843333333313e+02 -3.772089299999999668e+01 -1.125631033333333164e+01
1.774293540000000178e+02 -4.132006766666666664e+01 -7.120356000000000130e+00
1.786995096666666711e+02 -3.808254766666666313e+01 -1.285155733333333217e+01
1.744605760000000316e+02 -4.117525133333333542e+01 -3.082996733333333239e+01
1.748094686666666746e+02 -4.006965600000000194e+01 -5.418985200000000191e+01
1.758738053333333085e+02 -3.948127999999999815e+01 -4.136988766666666351e+01
1.763744526666666559e+02 -3.916160500000000155e+01 -3.859871266666666401e+01
1.737636843333333161e+02 -4.123575333333332793e+01 -4.297103966666666253e+01
1.772493273333333264e+02 -3.854191266666666849e+01 -3.161707666666666583e+01
1.763147179999999992e+02 -4.100983533333333497e+01 -1.463361233333333367e+01
1.775184593333333396e+02 -3.693180399999999963e+01 -9.998371866666666108e+01
1.750297930000000122e+02 -4.098460033333333286e+01 -2.756594766666666985e+01
1.763799149999999827e+02 -4.104340433333333493e+01 -1.403024400000000149e+01
1.779736409999999580e+02 -3.716640733333333202e+01 -6.087838500000000153e+01
1.743779493333333050e+02 -4.062385766666667308e+01 -4.812871599999999717e+01
1.728947536666666736e+02 -4.217595066666666526e+01 -2.905714000000000041e+01
1.784767293333333384e+02 -3.972414800000000668e+01 -6.786990666666667060e+00
1.796036080000000084e+02 -3.674684733333333497e+01 -1.510179233333333038e+01
1.794177160000000129e+02 -3.672895199999999960e+01 -1.950754933333333341e+01
1.757660069999999735e+02 -3.992805899999999752e+01 -3.213285499999999928e+01
1.750580539999999985e+02 -3.911866300000000507e+01 -9.035415699999998651e+01
1.763135440000000074e+02 -3.927493700000000132e+01 -3.705567366666667084e+01
1.728016463333333377e+02 -4.128409733333333520e+01 -7.706859933333333856e+01
1.765015986666666379e+02 -3.915467100000000045e+01 -3.504922433333333487e+01
1.770292520000000138e+02 -3.965274433333333803e+01 -1.843967899999999815e+01
1.729457989999999938e+02 -4.206185400000000385e+01 -3.346809599999999563e+01
1.755751110000000210e+02 -3.997342433333333389e+01 -3.583354433333332878e+01
1.752908820000000105e+02 -4.141959833333333307e+01 -1.689764866666666521e+01
1.745589830000000120e+02 -3.999942733333332967e+01 -6.314172600000000557e+01
1.759915906666666388e+02 -4.161161133333333595e+01 -1.031837766666666845e+01
1.771983423333333576e+02 -4.096122566666667097e+01 -1.014973266666666696e+01
1.775131679999999790e+02 -3.875317833333333084e+01 -2.236319699999999955e+01
1.753279999999999745e+02 -4.027298100000000147e+01 -3.704551166666666973e+01
1.773178789999999765e+02 -4.073689699999999903e+01 -1.049618766666666581e+01
1.793306079999999838e+02 -3.852626733333332965e+01 -5.430168333333333486e+00
1.774795916666666926e+02 -4.111958166666666870e+01 -7.928335333333333956e+00
1.768800150000000428e+02 -3.769580799999999954e+01 -8.624107999999999663e+01
1.783816153333333432e+02 -3.798374100000000197e+01 -2.011743833333333242e+01
1.735286396666666633e+02 -4.203935666666667004e+01 -1.987252600000000058e+01
1.753063610000000097e+02 -4.164253633333333227e+01 -1.372621066666666678e+01
1.765839500000000442e+02 -4.157457033333333385e+01 -8.380122999999999323e+00
1.765380083333333516e+02 -3.845699333333333669e+01 -5.628741099999999875e+01
1.753988146666666523e+02 -4.182185333333333688e+01 -1.091738500000000123e+01
1.785544999999999902e+02 -4.004839100000000229e+01 -5.683102333333333256e+00
1.788178413333333481e+02 -3.940939600000000098e+01 -5.697717333333333301e+00
1.749457683333333478e+02 -4.028413166666666712e+01 -4.612312233333333467e+01
1.794919449999999870e+02 -3.662949233333333154e+01 -1.948427266666666569e+01
1.786996870000000115e+02 -3.942497099999999932e+01 -6.237492000000000480e+00
1.791681923333333373e+02 -3.680161433333333321e+01 -2.445599199999999840e+01
1.778314196666666760e+02 -3.863314966666666095e+01 -1.890827533333333221e+01
1.749710343333333356e+02 -4.140365700000000260e+01 -1.960790400000000133e+01
1.761684643333333327e+02 -3.885543433333333496e+01 -5.486580233333333467e+01
1.754004986666666639e+02 -4.052914066666667026e+01 -3.066923466666666442e+01
1.735793680000000165e+02 -4.072641033333333382e+01 -6.879191400000000556e+01
1.748401123333333089e+02 -3.975234766666667241e+01 -6.243133966666666623e+01
1.777096520000000055e+02 -3.885649433333333036e+01 -1.829201700000000130e+01
1.782313410000000147e+02 -3.738089300000000748e+01 -4.160174700000000314e+01
1.785021329999999864e+02 -3.775671033333333071e+01 -2.175899133333333069e+01
1.749505679999999757e+02 -4.043149700000000024e+01 -4.256987033333333414e+01
1.772216356666666854e+02 -4.148486099999999510e+01 -6.922043666666667150e+00
1.747200950000000148e+02 -4.201626600000000167e+01 -1.080148166666666576e+01
1.777477939999999990e+02 -3.801145000000000351e+01 -3.700723199999999480e+01
1.756699656666666840e+02 -3.930832533333333600e+01 -5.204310966666667326e+01
1.784050283333333482e+02 -3.683698799999999807e+01 -5.132660800000000023e+01
1.765598323333333326e+02 -4.077825800000000100e+01 -1.535489499999999907e+01
1.784234179999999981e+02 -3.720509133333333551e+01 -3.861983433333332982e+01
1.768210093333333361e+02 -4.099444466666666642e+01 -1.221325899999999898e+01
1.798215566666666803e+02 -3.738884600000000091e+01 -7.182179000000000535e+00
1.747166303333333417e+02 -4.132080366666667004e+01 -2.375170166666666560e+01
1.741312896666666745e+02 -4.029154533333333887e+01 -6.586475466666665568e+01
1.737193533333333164e+02 -4.089046066666666235e+01 -5.620362666666667195e+01
1.759261099999999942e+02 -4.095312799999999953e+01 -1.747634733333333301e+01
1.755139216666666471e+02 -4.008460500000000337e+01 -3.548256599999999850e+01
1.737570923333333610e+02 -4.101479266666666490e+01 -5.063004133333333812e+01
1.725440320000000156e+02 -4.209574433333333587e+01 -4.005795566666666474e+01
1.773817493333333459e+02 -4.041875999999999891e+01 -1.156481500000000118e+01
1.765007273333333444e+02 -4.089105966666667058e+01 -1.479697199999999846e+01
1.736057483333333096e+02 -4.104165366666666159e+01 -5.396167933333333622e+01
1.780489926666666634e+02 -3.676186033333333114e+01 -7.333572900000000061e+01
1.781751763333333258e+02 -4.004621433333333158e+01 -7.767742666666666018e+00
1.782411529999999686e+02 -4.068540433333333795e+01 -5.857035333333333149e+00
1.772140050000000144e+02 -3.769237466666666592e+01 -6.963259533333332740e+01
1.781709033333333139e+02 -4.071366700000000094e+01 -6.121148333333333191e+00
1.781249396666666769e+02 -4.015674066666667130e+01 -7.788447666666666436e+00
1.770681519999999693e+02 -3.752861899999999906e+01 -8.804465399999999420e+01
1.787961486666666531e+02 -3.870723066666666767e+01 -7.503706000000000209e+00
1.763019386666666435e+02 -4.071453933333332742e+01 -1.732131333333333245e+01
1.749072323333333259e+02 -4.121192666666667037e+01 -2.405024000000000228e+01
1.765098289999999963e+02 -3.937641533333333399e+01 -2.935185533333333296e+01
1.788297706666666897e+02 -3.793331133333333582e+01 -1.262723533333333314e+01
1.791515726666666524e+02 -3.624257166666666308e+01 -4.248019833333333395e+01
1.751380450000000053e+02 -4.031530066666666556e+01 -4.094749666666666599e+01
1.778376696666666703e+02 -4.041274599999999850e+01 -8.800650333333333464e+00
1.758512443333333124e+02 -4.062335233333333662e+01 -2.183621533333333176e+01
1.743071533333333321e+02 -4.051989433333333324e+01 -5.264292166666666617e+01
1.730247153333333472e+02 -4.216257566666666889e+01 -2.664731466666667004e+01
1.793040686666666659e+02 -3.650798633333332788e+01 -2.803331599999999924e+01
1.731396283333333486e+02 -4.148108533333333270e+01 -5.186417966666666501e+01
1.743946263333333206e+02 -4.099322666666666493e+01 -3.708900333333333066e+01
1.761172719999999856e+02 -3.818027933333333834e+01 -9.767488166666667837e+01
1.768430476666666493e+02 -3.825367466666666161e+01 -5.360095233333333908e+01
1.785519016666666801e+02 -4.019343633333333088e+01 -5.426003000000000576e+00
1.789719863333333194e+02 -3.613565666666666942e+01 -5.502063966666666062e+01
1.761274819999999863e+02 -4.112610966666667167e+01 -1.441441999999999979e+01
1.752184326666666720e+02 -4.086779766666666092e+01 -2.728213366666666673e+01
1.787869773333333399e+02 -3.640164766666666907e+01 -5.250364099999999468e+01
1.745459273333333385e+02 -4.007359466666667203e+01 -6.094467533333332909e+01
1.743474159999999813e+02 -4.005376033333333652e+01 -6.832894633333332024e+01
1.786814210000000003e+02 -3.727668233333333347e+01 -2.688997799999999927e+01
1.769042990000000088e+02 -4.133386466666667047e+01 -9.283198666666665488e+00
1.743802960000000155e+02 -4.165054500000000104e+01 -2.028209966666666730e+01
1.777152433333333477e+02 -3.756126199999999926e+01 -5.671391233333333304e+01
1.781016353333333484e+02 -3.942865266666666457e+01 -1.044119666666666468e+01
1.776446366666666563e+02 -4.100596666666666579e+01 -7.642890000000000406e+00
1.768342450000000099e+02 -3.783408466666666925e+01 -7.832140599999998187e+01
1.731747909999999990e+02 -4.094245266666666794e+01 -7.708566866666666328e+01
1.777100016666666704e+02 -4.123895733333333169e+01 -6.317895000000000039e+00
1.736141353333333370e+02 -4.166284566666666933e+01 -3.159023699999999835e+01
1.766640233333333470e+02 -4.010942866666666617e+01 -1.832963433333333469e+01
1.769159463333333804e+02 -4.002686066666666420e+01 -1.701156933333333043e+01
1.742267559999999946e+02 -4.020700133333333071e+01 -6.599136266666666017e+01
1.781948640000000239e+02 -3.810285666666666771e+01 -2.194240166666666525e+01
1.794542179999999973e+02 -3.636377800000000349e+01 -2.605147399999999891e+01
1.756444840000000056e+02 -4.015304833333333079e+01 -3.121494099999999960e+01
1.773751276666666570e+02 -4.034562933333333490e+01 -1.196415833333333545e+01
1.756727033333333168e+02 -4.103855833333333436e+01 -1.871070266666666626e+01
1.761279889999999853e+02 -3.946520733333333197e+01 -3.611439066666667230e+01
1.786403633333333403e+02 -3.819663699999999551e+01 -1.243693833333333210e+01
1.760344819999999970e+02 -4.035694866666666769e+01 -2.219840299999999900e+01
1.793577733333333128e+02 -3.669340766666666553e+01 -2.182762933333333422e+01
1.747798253333333207e+02 -4.143300666666666388e+01 -2.071050133333332965e+01
1.758584416666666641e+02 -4.084511200000000031e+01 -1.925923066666666728e+01
1.763730290000000025e+02 -4.089601333333333599e+01 -1.539595433333333041e+01
1.788015066666666542e+02 -3.704948500000000422e+01 -2.863112433333333229e+01
1.767835036666666610e+02 -3.988370033333332998e+01 -1.877512600000000020e+01
1.745070623333333515e+02 -3.994868066666666806e+01 -6.696111033333333751e+01
1.723704703333333725e+02 -4.181130666666666684e+01 -6.312183466666666476e+01
1.761157106666666721e+02 -4.158856133333333105e+01 -9.968097333333332699e+00
1.787353406666667013e+02 -3.930566233333333770e+01 -6.283028000000000723e+00
1.786841890000000319e+02 -3.894073900000000066e+01 -7.426348666666666709e+00
1.785656093333333274e+02 -3.771869533333333635e+01 -2.085794399999999982e+01
1.743353206666666608e+02 -4.205004066666666773e+01 -1.253240599999999993e+01
1.786035436666666953e+02 -3.687629633333333601e+01 -4.126518599999999992e+01
1.770521366666666836e+02 -3.836310966666666644e+01 -4.242260166666666521e+01
1.763069503333333330e+02 -3.800993266666666415e+01 -9.878347000000000833e+01
1.767212580000000059e+02 -3.992285600000000301e+01 -1.898782933333333389e+01
1.754837410000000091e+02 -4.136992800000000159e+01 -1.614449066666666610e+01
1.753537383333333537e+02 -4.130478066666666592e+01 -1.805599700000000141e+01
1.796761766666666915e+02 -3.771933999999999543e+01 -6.412704333333333118e+00
1.779124656666666624e+02 -3.954394466666666830e+01 -1.166383133333333433e+01
1.793018949999999734e+02 -3.797674833333334021e+01 -7.523328999999999489e+00
1.788376650000000154e+02 -3.914868666666666996e+01 -6.046558999999999351e+00
1.798617346666666492e+02 -3.733380500000000524e+01 -7.220485333333333422e+00
1.785412663333333114e+02 -3.976023633333333152e+01 -6.349575666666666507e+00
1.755603746666666609e+02 -3.953909433333333823e+01 -4.661374966666667063e+01
1.790266619999999875e+02 -3.775834666666666095e+01 -1.170074766666666655e+01
1.758774003333333269e+02 -4.136682099999999451e+01 -1.343144700000000036e+01
1.783495403333333513e+02 -3.964980866666667225e+01 -7.761451000000000100e+00
1.763394909999999811e+02 -3.993709000000000486e+01 -2.241757866666666743e+01
1.786658040000000085e+02 -3.975792566666666517e+01 -5.744287333333332413e+00
1.768640603333333274e+02 -4.036028799999999706e+01 -1.567084766666666695e+01
1.740489220000000330e+02 -4.177415466666666788e+01 -2.134565566666666925e+01
1.771392170000000021e+02 -3.913118533333333460e+01 -2.237604533333333379e+01
1.784246053333332895e+02 -3.742773100000000142e+01 -3.230325933333332955e+01
1.743970293333333359e+02 -4.121330433333333332e+01 -3.079907700000000048e+01
1.776138136666666867e+02 -3.684740833333333399e+01 -9.836589766666666890e+01
1.796564999999999657e+02 -3.720265200000000050e+01 -9.662130333333333709e+00
1.784939113333333296e+02 -3.898823000000000150e+01 -8.652071333333333669e+00
1.779752823333333254e+02 -3.950528900000000476e+01 -1.126793099999999903e+01
1.740772369999999967e+02 -4.089779633333333919e+01 -4.636673533333333808e+01
1.762040683333333391e+02 -3.972110966666667053e+01 -2.785116033333333618e+01
1.790711443333333364e+02 -3.741767633333333265e+01 -1.476669666666666636e+01
1.782992533333333540e+02 -3.720514899999999869e+01 -4.405866333333333529e+01
1.794864629999999863e+02 -3.669817133333333459e+01 -1.840245499999999979e+01
1.764789319999999861e+02 -4.168139966666666396e+01 -7.758684999999999832e+00
1.768847643333333508e+02 -4.102922733333333127e+01 -1.160136633333333300e+01
1.728065390000000150e+02 -4.200773833333332874e+01 -3.968265033333333491e+01
1.769573446666666712e+02 -3.807189400000000745e+01 -5.818685400000000385e+01
1.789245876666666675e+02 -3.696641266666666326e+01 -2.700768399999999758e+01
1.773738626666666676e+02 -3.740751233333332948e+01 -7.947489400000000614e+01
1.789183553333333521e+02 -3.862259199999999737e+01 -7.056167666666666172e+00
1.767159583333333330e+02 -3.977519633333333360e+01 -2.014390400000000270e+01
1.754462953333333246e+02 -3.997762433333333121e+01 -3.911615233333333208e+01
1.727313163333333250e+02 -4.148957000000000050e+01 -6.828079300000000273e+01
1.756899939999999845e+02 -3.960243133333332821e+01 -4.167956933333332614e+01
1.797561623333333500e+02 -3.713758033333333941e+01 -9.221908333333333374e+00
1.770988353333333407e+02 -4.152232466666666966e+01 -7.091470333333333542e+00
1.757769203333333223e+02 -4.029446000000000794e+01 -2.660479433333333077e+01
1.784505220000000065e+02 -3.816708200000000062e+01 -1.559160166666666747e+01
1.795914016666666555e+02 -3.629507033333333510e+01 -2.247247533333333536e+01
1.783407523333333700e+02 -3.671619300000000408e+01 -5.917295233333334181e+01
1.727619623333333436e+02 -4.218753099999999989e+01 -3.111216866666666547e+01
1.740815699999999708e+02 -4.140392833333333300e+01 -3.099460799999999949e+01
1.776868503333333535e+02 -3.812412566666666436e+01 -3.451430700000000229e+01
1.782546126666666453e+02 -3.798911000000000371e+01 -2.313623533333333171e+01
1.761742883333332941e+02 -4.072016833333333352e+01 -1.804863133333333280e+01
1.759435156666666842e+02 -3.958692133333332919e+01 -3.656702266666666645e+01
1.766615003333333505e+02 -4.003571466666667078e+01 -1.874211433333333332e+01
1.773343139999999778e+02 -4.124950766666666624e+01 -7.934482666666666795e+00
1.793391236666666657e+02 -3.819447199999999754e+01 -6.339106000000000130e+00
1.751020153333333553e+02 -3.956832533333333402e+01 -5.938492666666667219e+01
1.777043956666666702e+02 -4.028589433333333147e+01 -1.004820933333333244e+01
1.747443066666666880e+02 -3.996648466666666621e+01 -5.862190433333332606e+01
1.774323446666666371e+02 -4.023054733333333388e+01 -1.212770166666666682e+01
1.743185453333333044e+02 -4.161787666666666752e+01 -2.175896633333333341e+01
1.793770949999999686e+02 -3.841378766666667133e+01 -5.529150999999999705e+00
1.785085480000000189e+02 -3.797849899999999934e+01 -1.745255733333333481e+01
1.784003820000000076e+02 -4.047568400000000111e+01 -5.580228666666666726e+00
1.778344203333333553e+02 -3.699537966666666478e+01 -7.549074866666667560e+01
1.786858290000000125e+02 -3.742450666666666592e+01 -2.345370066666666631e+01
1.740195003333333261e+02 -4.211259433333333391e+01 -1.317183633333333326e+01
1.733231679999999812e+02 -4.111791800000000308e+01 -6.030722433333333043e+01
1.744448680000000138e+02 -4.182667866666667322e+01 -1.601126900000000219e+01
1.732905116666666743e+02 -4.131414399999999887e+01 -5.316533100000000189e+01
1.740195363333333205e+02 -4.129541600000000301e+01 -3.543182499999999635e+01
1.769273886666666442e+02 -3.858130333333333084e+01 -3.865964000000000311e+01
1.769982726666666792e+02 -3.876601499999999589e+01 -3.161961466666666709e+01
1.744472833333333313e+02 -4.073300566666666356e+01 -4.368576333333333395e+01
1.756122726666666551e+02 -4.115170100000000275e+01 -1.784436799999999934e+01
1.743893353333333209e+02 -4.084592100000000414e+01 -4.147046966666666634e+01
1.748247369999999989e+02 -4.050848833333333232e+01 -4.315397833333333466e+01
1.757987276666666787e+02 -3.931502366666666148e+01 -4.874214599999999820e+01
1.775110386666666784e+02 -3.868017400000000094e+01 -2.352026333333333241e+01
1.779654453333333493e+02 -3.877591999999999217e+01 -1.540737333333333225e+01
1.764828853333333427e+02 -3.829030733333333103e+01 -6.675233033333333310e+01
1.762070446666666612e+02 -4.167760466666666730e+01 -8.734974333333333618e+00
1.754395023333333086e+02 -3.934450700000000012e+01 -5.680104366666666493e+01
1.724762683333333371e+02 -4.199118400000000406e+01 -4.782552399999999437e+01
1.772376216666666551e+02 -3.804474566666666391e+01 -5.010623100000000107e+01
1.746524606666666841e+02 -4.121023000000000280e+01 -2.716420599999999652e+01
1.745188563333333320e+02 -4.142787599999999770e+01 -2.360272999999999755e+01
1.781649769999999933e+02 -3.640984700000000629e+01 -8.546342466666665416e+01
1.729307550000000049e+02 -4.133399833333333362e+01 -6.709759966666666742e+01
1.769740589999999827e+02 -3.761191900000000032e+01 -8.721981833333332190e+01
1.760481269999999938e+02 -4.182527433333333278e+01 -7.949484666666666755e+00
1.766333986666666931e+02 -4.151737833333333327e+01 -8.730515333333334738e+00
1.781383893333333219e+02 -3.829085599999999801e+01 -1.917725866666666690e+01
1.782271243333333359e+02 -3.972206533333334022e+01 -8.377368333333331307e+00
1.781653380000000197e+02 -3.751752933333333573e+01 -3.999539333333333957e+01
1.774962970000000269e+02 -3.699958833333333530e+01 -9.716758066666666593e+01
1.783609463333333451e+02 -3.753714833333333445e+01 -3.170593399999999917e+01
1.777135293333333266e+02 -3.695365899999999471e+01 -8.507730333333334727e+01
1.734835976666666681e+02 -4.081112033333332789e+01 -6.873564533333333770e+01
1.754176643333333629e+02 -4.119239966666666675e+01 -1.910963366666666730e+01
1.768678730000000030e+02 -3.869518633333333213e+01 -3.692149500000000018e+01
1.793276980000000265e+02 -3.636095100000000002e+01 -3.111053499999999872e+01
1.776477129999999818e+02 -4.125890433333333362e+01 -6.495816000000000479e+00
1.742520913333333681e+02 -4.165779866666667175e+01 -2.167531933333333427e+01
1.774672213333333275e+02 -3.945068500000000000e+01 -1.639752666666666769e+01
1.766090690000000052e+02 -3.856050433333333416e+01 -4.958078699999999372e+01
1.772670466666666869e+02 -3.912694033333333010e+01 -2.099160000000000181e+01
1.793683476666666650e+02 -3.691528266666666980e+01 -1.720095699999999894e+01
1.798255983333333461e+02 -3.648269833333333168e+01 -1.345646133333333161e+01
1.768038363333333507e+02 -4.047307599999999894e+01 -1.553975899999999832e+01
1.772369446666666590e+02 -3.762493666666667025e+01 -7.274020833333332803e+01
1.769997916666666526e+02 -3.773658233333333101e+01 -7.662161466666667309e+01
1.760547446666666929e+02 -4.094721499999999992e+01 -1.662818300000000349e+01
1.745609729999999900e+02 -4.022540000000000049e+01 -5.588937500000000114e+01
1.779273793333333344e+02 -3.671895666666666358e+01 -8.340999833333331992e+01
1.736665726666666671e+02 -4.210444400000000087e+01 -1.591152699999999953e+01
1.769266023333333635e+02 -4.032124066666666096e+01 -1.540072866666666584e+01
1.767913976666666542e+02 -4.010496633333332994e+01 -1.746867666666666707e+01
1.771307556666666585e+02 -4.086141100000000392e+01 -1.105789366666666673e+01
1.786358869999999968e+02 -3.797384533333333678e+01 -1.514290766666666599e+01
1.762070106666666618e+02 -3.979499866666666463e+01 -2.633736833333333038e+01
1.758655210000000295e+02 -4.106750233333333000e+01 -1.668951199999999702e+01
1.732008476666666468e+02 -4.106784366666666841e+01 -6.806310233333333315e+01
1.746321133333333364e+02 -4.040533900000000500e+01 -4.949201833333333411e+01
1.757633723333333364e+02 -3.883914299999999997e+01 -7.063730833333333692e+01
1.775583196666666481e+02 -3.812785166666666470e+01 -3.775866233333332644e+01
1.750837009999999907e+02 -3.944153033333333269e+01 -6.570512799999998776e+01
1.776084216666666578e+02 -4.035337466666666728e+01 -1.039495433333333274e+01
1.777092059999999947e+02 -3.676308999999999827e+01 -9.657878566666666131e+01
1.749045806666666749e+02 -4.106161200000000377e+01 -2.750444600000000150e+01
1.779756820000000062e+02 -3.921269833333332855e+01 -1.267384366666666828e+01
1.788751003333333358e+02 -3.651167366666666680e+01 -4.426803666666666714e+01
1.751365163333333612e+02 -4.177368266666666585e+01 -1.270848633333333311e+01
1.745106756666666570e+02 -4.033524333333333090e+01 -5.380653766666666371e+01
1.752594746666666481e+02 -3.965795900000000529e+01 -5.127082300000000004e+01
1.776865893333333304e+02 -3.683176999999999879e+01 -9.395028800000000047e+01
1.784827973333333375e+02 -4.029968433333333167e+01 -5.538843666666667609e+00
1.743619543333333297e+02 -3.978688133333333354e+01 -8.320407500000000312e+01
1.766996623333333503e+02 -3.933172400000000124e+01 -2.618388799999999961e+01
1.739453190000000120e+02 -4.208325800000000072e+01 -1.432234900000000088e+01
1.774638060000000053e+02 -3.930371133333333233e+01 -1.752372633333333241e+01
1.789477930000000185e+02 -3.749545066666667026e+01 -1.592634533333333202e+01
1.794256206666666742e+02 -3.695547200000000032e+01 -1.545210733333333231e+01
1.747456686666666883e+02 -4.010986033333333722e+01 -5.473847333333333154e+01
1.769971156666666730e+02 -3.754230566666666391e+01 -9.131093266666665897e+01
1.734600049999999953e+02 -4.088163033333333374e+01 -6.611301366666667434e+01
1.775263913333333221e+02 -4.056698199999999588e+01 -1.001959833333333272e+01
1.767137269999999774e+02 -3.832455300000000165e+01 -5.526484633333333818e+01
1.742069679999999892e+02 -4.132868200000000769e+01 -3.084904066666666722e+01
1.774562706666666543e+02 -3.901080533333333733e+01 -2.011921233333333348e+01
1.784169066666666765e+02 -3.662262300000000437e+01 -5.943940400000000324e+01
1.776677219999999977e+02 -3.708929633333333697e+01 -8.082218033333333551e+01
1.752482310000000041e+02 -3.986888233333333176e+01 -4.664235533333333450e+01
1.762611210000000028e+02 -4.162819633333333513e+01 -8.996914333333332792e+00
1.777319486666666819e+02 -4.057791900000000140e+01 -8.842261333333333084e+00
1.781474460000000306e+02 -3.668098333333333017e+01 -7.131594499999999925e+01
1.753579993333333107e+02 -4.152505133333333021e+01 -1.499659699999999951e+01
1.740168966666666677e+02 -4.108264566666667150e+01 -4.204806133333332951e+01
1.785558223333333387e+02 -3.894838433333332972e+01 -8.312977999999999312e+00
1.773164086666666606e+02 -4.137517500000000581e+01 -7.268587333333333511e+00
1.752848970000000008e+02 -4.097679866666666726e+01 -2.417498866666666757e+01
1.777760193333333518e+02 -4.069716499999999826e+01 -8.187949666666666459e+00
1.770514769999999771e+02 -3.843356700000000359e+01 -3.995773466666666707e+01
1.774726439999999741e+02 -3.967195333333333451e+01 -1.486216499999999918e+01
1.774455016666666722e+02 -3.776810033333332939e+01 -5.690640366666666949e+01
1.740640429999999981e+02 -4.162788733333334079e+01 -2.501777300000000182e+01
1.767078423333333319e+02 -3.955352400000000301e+01 -2.261015266666666790e+01
1.745838723333333462e+02 -4.095264366666666689e+01 -3.506912499999999255e+01
1.776719516666666721e+02 -4.006951233333333562e+01 -1.114105633333333323e+01
1.772944803333333539e+02 -3.787363733333333471e+01 -5.664830066666667108e+01
1.772564276666666956e+02 -4.063431600000000543e+01 -1.135322433333333514e+01
1.782188863333333302e+02 -3.706774399999999758e+01 -5.220451966666666266e+01
1.730546356666666554e+02 -4.109586566666666840e+01 -7.414329933333333145e+01
1.747757513333333463e+02 -4.098807000000000045e+01 -3.116096166666666889e+01
1.788065663333333362e+02 -3.719891400000000203e+01 -2.476050700000000049e+01
1.786788490000000138e+02 -3.886577899999999630e+01 -7.706388666666666332e+00
1.781589276666666990e+02 -3.739572366666666881e+01 -4.428496066666667019e+01
1.771874190000000056e+02 -3.865206466666666074e+01 -3.017225333333333381e+01
1.752728313333333290e+02 -4.053303466666666566e+01 -3.328856166666667349e+01
1.776560266666666621e+02 -3.933309500000000014e+01 -1.545183366666666736e+01
1.797515399999999772e+02 -3.701038033333333033e+01 -1.022527833333333369e+01
1.726877213333333145e+02 -4.181165500000000179e+01 -5.285210733333332911e+01
1.771480583333333527e+02 -4.129217133333333578e+01 -8.516813333333333347e+00
1.771416266666666672e+02 -3.920487399999999667e+01 -2.145227099999999609e+01
1.766229520000000264e+02 -3.900113466666666540e+01 -3.557230999999999455e+01
1.781675653333333287e+02 -3.931732933333333335e+01 -1.028089700000000128e+01
1.785469986666666955e+02 -4.026627500000000026e+01 -5.317654000000000103e+00
1.773288313333333406e+02 -3.710052099999999342e+01 -1.024247219999999885e+02
1.772736003333333201e+02 -3.934766633333333630e+01 -1.881235333333333415e+01
1.752889446666666800e+02 -4.127209366666666313e+01 -1.910803999999999903e+01
1.752655193333333443e+02 -4.031167466666666854e+01 -3.788825833333333293e+01
1.742699450000000070e+02 -4.107069399999999604e+01 -3.712672299999999836e+01
1.791642206666666652e+02 -3.672423400000000271e+01 -2.667012500000000230e+01
1.765829443333333302e+02 -3.821733433333333352e+01 -6.618192566666665755e+01
1.751543816666666373e+02 -3.922805666666666724e+01 -7.502249333333332970e+01
1.788458693333333258e+02 -3.970882666666666694e+01 -5.098944333333332857e+00
1.767133240000000285e+02 -3.779377433333333158e+01 -8.864177333333333308e+01
1.780624040000000150e+02 -3.795953599999999994e+01 -2.938119766666666877e+01
1.758933320000000151e+02 -3.992142333333332971e+01 -2.958803333333333185e+01
1.776280106666666541e+02 -4.132964766666666634e+01 -6.236004999999999576e+00
1.738889796666666427e+02 -4.101873699999999445e+01 -4.708589333333333116e+01
1.741968283333333147e+02 -4.155078199999999811e+01 -2.505950799999999745e+01
1.752572046666666665e+02 -4.009011733333333183e+01 -4.222640966666666174e+01
1.763613116666666656e+02 -3.857167499999999905e+01 -5.850074166666666997e+01
1.735912170000000003e+02 -4.199670266666666407e+01 -2.032694966666666758e+01
1.797567403333333402e+02 -3.661680799999999891e+01 -1.353796533333333230e+01
1.782064929999999947e+02 -3.839990166666666482e+01 -1.616903600000000196e+01
1.776519210000000157e+02 -3.911389233333333237e+01 -1.700493033333333415e+01
1.765540099999999768e+02 -4.169929066666666273e+01 -7.366867333333334322e+00
1.790203643333333332e+02 -3.902285700000000190e+01 -5.442806333333333413e+00
1.781690876666666554e+02 -3.680711566666666812e+01 -6.436266566666667188e+01
1.775174986666666825e+02 -3.889919666666666132e+01 -2.049940266666666489e+01
1.725161953333333429e+02 -4.153032166666666569e+01 -7.670821733333333725e+01
1.754094383333333553e+02 -4.082476833333333133e+01 -2.514861799999999903e+01
1.756839796666666587e+02 -3.952841433333333043e+01 -4.406411666666667060e+01
1.765535686666666777e+02 -3.889276533333332964e+01 -4.075352833333333535e+01
1.768349326666666457e+02 -3.954880333333333198e+01 -2.109469966666666707e+01
1.764997493333333125e+02 -3.803424266666667108e+01 -8.291879266666666126e+01
1.724099603333333164e+02 -4.210184300000000235e+01 -4.204073400000000760e+01
1.772692680000000109e+02 -3.920044800000000151e+01 -2.020365466666666876e+01
1.767920763333333127e+02 -3.843338633333333121e+01 -4.796541433333334226e+01
1.777872716666666690e+02 -3.962171266666666725e+01 -1.240456633333333514e+01
1.737328496666666808e+02 -4.213715533333333241e+01 -1.434350599999999964e+01
1.784140336666666826e+02 -3.939187633333333594e+01 -8.052294333333334109e+00
1.781160869999999932e+02 -3.714310366666666852e+01 -5.465045733333332834e+01
1.787390966666666827e+02 -3.708971299999999616e+01 -2.964958599999999933e+01
1.761867839999999887e+02 -3.935314000000000334e+01 -3.809681633333332940e+01
1.780176266666666436e+02 -3.722391300000000314e+01 -5.661098633333332941e+01
1.755435783333333291e+02 -3.868818599999999464e+01 -9.464883233333334545e+01
1.753354850000000340e+02 -4.049420400000000342e+01 -3.270859666666666499e+01
1.755715113333333193e+02 -3.982850699999999478e+01 -3.877646399999999716e+01
1.784023563333333016e+02 -3.850460966666665996e+01 -1.229123433333333537e+01
1.771610733333333201e+02 -3.979605033333333353e+01 -1.654770166666666498e+01
1.771946616666666614e+02 -3.887183999999999884e+01 -2.548558600000000141e+01
1.765109633333333079e+02 -4.155836866666666651e+01 -8.769183666666668486e+00
1.762893566666666629e+02 -4.034575666666666649e+01 -1.987475466666666790e+01
1.780395926666666639e+02 -3.932021966666666657e+01 -1.149675233333333324e+01
1.775330950000000030e+02 -3.955849399999999605e+01 -1.508224166666666655e+01
1.779412303333333512e+02 -3.811309633333333835e+01 -2.810050233333333480e+01
1.779116596666666510e+02 -3.932402666666666846e+01 -1.280254366666666677e+01
1.738765333333333274e+02 -4.212712299999999743e+01 -1.362932833333333349e+01
1.782076729999999998e+02 -4.049741300000000166e+01 -6.494478999999999225e+00
1.761736899999999935e+02 -3.892008400000000279e+01 -5.245684833333333330e+01
1.770036993333333442e+02 -3.891393899999999917e+01 -2.813098866666666709e+01
1.742048923333333335e+02 -4.140245600000000081e+01 -2.884594666666666640e+01
1.764740670000000193e+02 -3.790969833333333128e+01 -9.519160233333332144e+01
1.769976663333333420e+02 -4.143325033333333351e+01 -8.133719333333333523e+00
1.790423530000000198e+02 -3.680480500000000177e+01 -2.804045899999999847e+01
1.779236656666666647e+02 -3.774008166666666853e+01 -4.161696433333333545e+01
1.765210473333333141e+02 -3.967137066666666811e+01 -2.358731799999999978e+01
1.779279476666666824e+02 -4.031826899999999370e+01 -8.552470999999998824e+00
1.760465590000000020e+02 -4.072588133333332649e+01 -1.889813533333333240e+01
1.772751203333333478e+02 -3.730042499999999706e+01 -9.202580733333333285e+01
1.745234493333333319e+02 -4.128343233333333728e+01 -2.704766833333333054e+01
1.756026540000000296e+02 -4.085530099999999720e+01 -2.196315366666666691e+01
1.786646493333333581e+02 -3.864150933333333171e+01 -8.787407333333332460e+00
1.753878713333333508e+02 -4.016086200000000161e+01 -3.747878166666666289e+01
1.784844170000000076e+02 -3.629505833333333698e+01 -7.247017233333333763e+01
1.782437896666666575e+02 -4.028804999999999836e+01 -6.778541666666666465e+00
1.731259946666666565e+02 -4.126750566666666487e+01 -6.134314299999999776e+01
1.748642453333333435e+02 -4.167312066666666936e+01 -1.565443766666666647e+01
1.743339063333333172e+02 -4.117850400000000377e+01 -3.283530633333333526e+01
1.773946013333333269e+02 -3.733930233333333604e+01 -8.249497766666665655e+01
1.759815893333333463e+02 -3.924653366666666443e+01 -4.682376866666666615e+01
1.768911806666666564e+02 -4.125839233333333311e+01 -9.922877666666666485e+00
1.769104906666666750e+02 -3.987919333333333327e+01 -1.787697166666666604e+01
1.761184820000000002e+02 -3.875466500000000281e+01 -6.046858800000000400e+01
1.738191103333333274e+02 -4.041867233333333331e+01 -7.364650899999999467e+01
1.748360669999999857e+02 -4.087615333333332757e+01 -3.317513999999999896e+01
1.784441120000000183e+02 -3.794397433333332970e+01 -1.945658899999999747e+01
1.731489166666666790e+02 -4.171385799999999477e+01 -4.245479266666666973e+01
1.735011389999999949e+02 -4.181592799999999244e+01 -2.846673133333333183e+01
1.797201566666666679e+02 -3.745733366666667052e+01 -7.450173999999999630e+00
1.783888120000000015e+02 -3.820688000000000528e+01 -1.604119100000000131e+01
1.775841276666666602e+02 -3.736250466666666625e+01 -7.157796333333332939e+01
1.774922166666666499e+02 -3.809180433333332871e+01 -4.093570166666666665e+01
1.777634950000000060e+02 -3.852521633333333284e+01 -2.177429899999999918e+01
1.789717890000000295e+02 -3.835709500000000105e+01 -7.970435666666666918e+00
1.772457613333333484e+02 -3.825201500000000010e+01 -4.115786266666666648e+01
1.762476453333333382e+02 -3.924160466666666025e+01 -3.989240133333333205e+01
1.789173076666666873e+02 -3.681384066666667110e+01 -3.175889166666666696e+01
1.767515560000000221e+02 -4.080879699999999843e+01 -1.392308400000000113e+01
1.771727506666666443e+02 -4.009204100000000182e+01 -1.479454766666666643e+01
1.790425356666666801e+02 -3.861443700000000234e+01 -6.367747000000000490e+00
1.782469273333333319e+02 -3.776722466666667088e+01 -2.922481733333333409e+01
1.790520106666666891e+02 -3.703629666666666509e+01 -2.175527866666666554e+01
1.724673743333333107e+02 -4.147392166666666213e+01 -8.410062000000000637e+01
1.734590680000000020e+02 -4.137279733333333098e+01 -4.581340233333333600e+01
1.760567489999999964e+02 -3.935656666666667292e+01 -4.125609966666666395e+01
1.779757903333333218e+02 -3.928553933333333248e+01 -1.231705099999999931e+01
1.792035926666666512e+02 -3.748959066666666473e+01 -1.199116399999999949e+01
1.781651233333333266e+02 -4.038462233333333273e+01 -6.995227666666667510e+00
1.771378670000000000e+02 -3.732147233333333247e+01 -9.955986766666666199e+01
1.755956710000000101e+02 -4.063337699999999586e+01 -2.531969166666666737e+01
1.757032343333333699e+02 -3.996775500000000392e+01 -3.283063533333333339e+01
1.750982683333333227e+02 -4.139718166666666122e+01 -1.869363933333333350e+01
1.786140640000000133e+02 -3.994085000000000463e+01 -5.620965333333333369e+00
1.773236759999999776e+02 -4.052628500000000145e+01 -1.143196100000000115e+01
1.756513376666666773e+02 -4.037303433333332947e+01 -2.799807766666666353e+01
1.748256133333333366e+02 -4.161457800000000162e+01 -1.692132133333333499e+01
1.750908256666666603e+02 -4.087140499999999577e+01 -2.922431199999999762e+01
1.754607513333333202e+02 -4.041645633333333620e+01 -3.135527799999999843e+01
1.759530053333333228e+02 -3.980771899999999874e+01 -3.067879300000000242e+01
1.789225679999999841e+02 -3.869743766666666573e+01 -6.742148666666666124e+00
1.778523053333333337e+02 -3.762459066666666985e+01 -4.876049133333333430e+01
1.784292716666666649e+02 -4.018808866666666546e+01 -6.008009999999999629e+00
1.788252019999999902e+02 -3.764409100000000308e+01 -1.620902066666666386e+01
1.755485780000000204e+02 -4.140276833333333428e+01 -1.526240733333333388e+01
1.785712356666666665e+02 -3.917803033333333218e+01 -7.538212333333333071e+00
1.793658203333333461e+02 -3.714177433333333056e+01 -1.378850933333333195e+01
1.744422296666666625e+02 -4.065723599999999749e+01 -4.595473933333332894e+01
1.774437130000000025e+02 -3.857275433333333581e+01 -2.680330900000000227e+01
1.761688096666666752e+02 -4.154341966666666508e+01 -1.017566166666666660e+01
1.791073063333333266e+02 -3.684102333333333235e+01 -2.511793166666666721e+01
1.798274820000000034e+02 -3.714060400000000328e+01 -8.577083666666666772e+00
1.776008693333333213e+02 -4.114999933333333360e+01 -7.215806666666666480e+00
1.768085330000000113e+02 -3.771011366666666476e+01 -8.950340966666665565e+01
1.772410989999999913e+02 -4.020076466666666448e+01 -1.368529300000000148e+01
1.784799333333333209e+02 -3.694863433333333802e+01 -4.405806933333332864e+01
1.775299483333333228e+02 -3.941136366666666646e+01 -1.612298499999999635e+01
1.736275839999999846e+02 -4.058723666666666219e+01 -7.415687899999998933e+01
1.750925416666666479e+02 -4.094577133333333308e+01 -2.752646666666666420e+01
1.777942313333333288e+02 -3.766611400000000032e+01 -4.928820166666665870e+01
1.774941023333333305e+02 -4.019276800000000094e+01 -1.186849733333333212e+01
1.777951920000000143e+02 -3.998559499999999645e+01 -1.058590633333333209e+01
1.773810150000000192e+02 -4.077009933333332725e+01 -9.984522000000000119e+00
1.777636473333333242e+02 -3.719823566666666892e+01 -7.031878799999999785e+01
1.750325980000000072e+02 -3.958334266666665968e+01 -6.145609466666667231e+01
1.751320946666666885e+02 -3.910112233333332910e+01 -8.653257366666666428e+01
1.747662483333333512e+02 -4.183814899999999426e+01 -1.347258233333333344e+01
1.775069949999999892e+02 -3.853406499999999824e+01 -2.642830633333333523e+01
1.791509516666666570e+02 -3.617225933333332932e+01 -4.488780933333333678e+01
1.783612113333333298e+02 -3.993693133333332668e+01 -6.925812333333333015e+00
1.766930389999999989e+02 -4.092246999999999701e+01 -1.348861566666666612e+01
1.766061066666666477e+02 -3.848759100000000188e+01 -5.243753000000000242e+01
1.779210933333333458e+02 -3.730823200000000384e+01 -5.809032199999999335e+01
1.742045760000000030e+02 -4.096339599999999592e+01 -4.160721766666666355e+01
1.792058216666666794e+02 -3.635450200000000365e+01 -3.639489233333333118e+01
1.783668893333333472e+02 -4.007827833333333700e+01 -6.565152000000000321e+00
1.754680980000000261e+02 -3.909151166666666199e+01 -6.856895166666666341e+01
1.733170883333333450e+02 -4.193871200000000243e+01 -2.830202533333333648e+01
1.777213523333333569e+02 -3.944059999999999633e+01 -1.409730433333333366e+01
1.737740923333333285e+02 -4.145572133333333653e+01 -3.539548966666666274e+01
1.797425076666666826e+02 -3.738990133333333432e+01 -7.678909333333333365e+00
1.742764483333333203e+02 -4.026395533333333532e+01 -6.199637400000000298e+01
1.748835683333333293e+02 -4.032304433333333549e+01 -4.658401866666665825e+01
1.730932153333333190e+02 -4.219317400000000617e+01 -2.357604033333333504e+01
1.765290646666666419e+02 -3.989272633333333573e+01 -2.085370500000000149e+01
1.740167423333333261e+02 -4.151389999999999958e+01 -2.897821000000000069e+01
1.749081046666666452e+02 -4.128787133333333514e+01 -2.243288633333333237e+01
1.751280720000000031e+02 -3.970288099999999787e+01 -5.413147466666666929e+01
1.782255209999999863e+02 -3.950087133333333611e+01 -9.123455333333334139e+00
1.789595840000000351e+02 -3.906484100000000126e+01 -5.624832999999999750e+00
1.757329709999999920e+02 -4.092465599999999881e+01 -1.954610499999999718e+01
1.777683360000000050e+02 -3.867177033333333469e+01 -1.941666733333333283e+01
1.773674859999999853e+02 -3.809903633333333772e+01 -4.401024333333333516e+01
1.785715900000000147e+02 -3.793915933333332902e+01 -1.683468233333333330e+01
1.744507619999999690e+02 -4.016281033333333284e+01 -6.057591800000000148e+01
1.755645236666666733e+02 -3.961102800000000457e+01 -4.437151766666666930e+01
1.765341519999999775e+02 -4.004028433333332515e+01 -1.967880933333333360e+01
1.775986693333333335e+02 -3.966626600000000025e+01 -1.382515333333333274e+01
1.759604843333333122e+02 -4.002849666666666195e+01 -2.662301599999999624e+01
1.764445369999999969e+02 -3.934237566666666908e+01 -3.173550033333333431e+01
1.767238653333333502e+02 -3.999661499999999847e+01 -1.851838433333333356e+01
1.778444580000000030e+02 -3.907111699999999388e+01 -1.496918900000000008e+01
1.743171066666666604e+02 -4.066528100000000023e+01 -4.812532566666666867e+01
1.794321646666666368e+02 -3.651336433333332820e+01 -2.351060833333333377e+01
1.763617539999999906e+02 -4.060125966666666386e+01 -1.781271599999999822e+01
1.786531250000000171e+02 -3.954256866666666781e+01 -6.240622666666666873e+00
1.774348183333333111e+02 -3.820638966666666647e+01 -3.795733233333333345e+01
1.757361606666666773e+02 -3.928130566666666823e+01 -5.147323600000000710e+01
1.765125966666666670e+02 -3.945014233333333209e+01 -2.769529966666666709e+01
1.792100499999999954e+02 -3.821847300000000303e+01 -7.003578999999999333e+00
1.736982410000000243e+02 -4.076459066666667042e+01 -6.199171100000000934e+01
1.754475233333333506e+02 -3.877295433333333108e+01 -9.397770466666666778e+01
1.759230349999999987e+02 -3.894307766666667447e+01 -5.963719300000000345e+01
1.734751493333333201e+02 -4.215905066666666556e+01 -1.668501699999999843e+01
1.780395023333333313e+02 -3.910201633333333149e+01 -1.250065666666666608e+01
1.762407163333333244e+02 -3.822447600000000278e+01 -8.484747533333332115e+01
1.793594510000000071e+02 -3.785913733333333653e+01 -7.712655666666665688e+00
1.775406886666666821e+02 -3.985427866666666574e+01 -1.322506366666666544e+01
1.731885936666666623e+02 -4.194887866666667264e+01 -3.155661966666666629e+01
1.762034843333333356e+02 -4.143350166666666468e+01 -1.108277866666666789e+01
1.768997663333333321e+02 -3.958344033333333556e+01 -2.008601899999999674e+01
1.770981976666666640e+02 -4.134032633333333706e+01 -8.408622333333333643e+00
1.762846533333332957e+02 -3.848049966666666677e+01 -6.594860999999998796e+01
1.741954973333333498e+02 -3.988724833333333208e+01 -8.623894599999999855e+01
1.755457079999999905e+02 -4.147367766666666711e+01 -1.442966999999999977e+01
1.736036476666666601e+02 -4.214816466666666628e+01 -1.526897633333333282e+01
1.784325013333333345e+02 -3.764726100000000741e+01 -2.631178833333333600e+01
1.774021150000000091e+02 -3.708346433333333181e+01 -9.832746500000000367e+01
1.735318583333333606e+02 -4.067162900000000292e+01 -7.428435299999999586e+01
1.785249006666666673e+02 -3.617503300000000621e+01 -7.692948733333332711e+01
1.778076256666666666e+02 -3.789639766666666532e+01 -3.960427666666666369e+01
1.779038543333333280e+02 -3.717820666666666085e+01 -6.394452833333332364e+01
1.759358229999999992e+02 -3.906300999999999846e+01 -5.459141866666666942e+01
1.745874576666666655e+02 -4.110024266666666648e+01 -3.093948833333332971e+01
1.763313176666666777e+02 -3.971563799999999844e+01 -2.576805200000000085e+01
1.793994770000000187e+02 -3.751575700000000069e+01 -9.589410666666667638e+00
1.757383879999999863e+02 -3.941774933333334019e+01 -4.648877300000000190e+01
1.770141260000000045e+02 -3.920929433333333236e+01 -2.293089500000000314e+01
1.796431003333333365e+02 -3.681429766666666836e+01 -1.355486199999999997e+01
1.770266693333333308e+02 -3.957876133333333257e+01 -1.899489466666666715e+01
1.732795139999999776e+02 -4.213700399999999746e+01 -2.137793566666666933e+01
1.793483210000000270e+02 -3.770883699999999550e+01 -8.689854333333332903e+00
1.769372180000000299e+02 -4.068914833333332837e+01 -1.332508133333333511e+01
1.786938366666666695e+02 -3.764413033333333658e+01 -1.904156366666666500e+01
1.751583113333333301e+02 -4.105559999999999832e+01 -2.432007533333333527e+01
1.771826049999999952e+02 -3.843479233333333411e+01 -3.639136366666667044e+01
1.752763676666666868e+02 -3.906932566666666418e+01 -7.976068933333333177e+01
1.755885823333333349e+02 -4.041214966666666442e+01 -2.870513800000000160e+01
1.762120609999999772e+02 -3.809566733333333133e+01 -9.818529166666667152e+01
1.777137170000000026e+02 -3.900237500000000068e+01 -1.705702833333333501e+01
1.768739976666666678e+02 -4.145486433333333309e+01 -8.426817666666666540e+00
1.766537196666666603e+02 -3.981439600000000212e+01 -2.037297633333333025e+01
1.775752159999999833e+02 -4.102833299999999639e+01 -7.882716666666667038e+00
1.759914083333333394e+02 -3.895860133333334119e+01 -5.690653333333333563e+01
1.737455586666666534e+02 -4.165048600000000079e+01 -2.948610400000000098e+01
1.754483679999999879e+02 -4.004992466666666218e+01 -3.778152366666666495e+01
1.761940259999999796e+02 -3.949967066666666682e+01 -3.358073933333333372e+01
1.775234246666666422e+02 -3.911832266666666413e+01 -1.840727400000000102e+01
1.776693896666666888e+02 -3.999445999999999657e+01 -1.149610733333333279e+01
1.769752873333333412e+02 -3.991390033333333776e+01 -1.721610366666666891e+01
1.779167176666666990e+02 -4.065679766666666950e+01 -7.593765666666666192e+00
1.794997743333333347e+02 -3.728254666666666850e+01 -1.055829933333333237e+01
1.726417336666666813e+02 -4.176295133333333354e+01 -5.687914233333333414e+01
1.748483669999999677e+02 -4.200116500000000030e+01 -1.046484166666666660e+01
1.776947969999999941e+02 -4.105397933333333782e+01 -7.201212000000000835e+00
1.743140916666666556e+02 -4.176269500000000079e+01 -1.859370033333333438e+01
1.741963056666666887e+02 -4.198698133333333260e+01 -1.483203899999999997e+01
1.784194623333333141e+02 -3.983091300000000246e+01 -6.851819666666666642e+00
1.775195676666666884e+02 -3.897221400000000102e+01 -1.973470399999999714e+01
1.739094456666666701e+02 -4.014146099999999961e+01 -8.625300899999997739e+01
1.782936009999999953e+02 -3.887958133333333421e+01 -1.087063466666666756e+01
1.728632209999999816e+02 -4.107197666666666436e+01 -8.866258133333333546e+01
1.762660410000000013e+02 -4.133627500000000055e+01 -1.175007333333333293e+01
1.763567173333333358e+02 -4.045373166666666975e+01 -1.877356566666666637e+01
1.797189600000000098e+02 -3.668301966666666658e+01 -1.359849200000000025e+01
1.729072206666666318e+02 -4.140114400000000217e+01 -6.474304733333333672e+01
1.774025516666666817e+02 -3.752851633333333581e+01 -7.110046099999999569e+01
1.741170439999999928e+02 -4.173623500000000064e+01 -2.148558666666666639e+01
1.773103023333333397e+02 -3.761128266666666775e+01 -7.036169033333332834e+01
1.777999276666666901e+02 -4.114943366666665980e+01 -6.312596333333332588e+00
1.728845033333333276e+02 -4.210566999999999638e+01 -3.282763766666666783e+01
1.746724460000000079e+02 -3.946238833333333673e+01 -8.817267699999997888e+01
1.744998676666666597e+02 -4.054606599999999617e+01 -4.806294833333333827e+01
1.758707466666666335e+02 -4.163836333333333073e+01 -1.065843166666666697e+01
1.737232806666666818e+02 -4.050284266666666610e+01 -7.392542466666667167e+01
1.758260836666666762e+02 -3.981468366666666725e+01 -3.314487000000000450e+01
1.774183369999999798e+02 -4.093963099999999855e+01 -9.050461666666668847e+00
1.780852636666666911e+02 -3.855202133333333592e+01 -1.599227933333333418e+01
1.754678603333333342e+02 -4.063784266666666412e+01 -2.744211999999999918e+01
1.770737113333333355e+02 -3.791435500000000047e+01 -6.223720300000000094e+01
1.791760636666666642e+02 -3.703154666666666373e+01 -1.899050199999999577e+01
1.796510269999999991e+02 -3.625353100000000239e+01 -2.113051733333333360e+01
1.759046386666666706e+02 -4.028892433333333400e+01 -2.453416100000000100e+01
1.756990323333333492e+02 -3.982182233333332988e+01 -3.583310766666667035e+01
1.775942386666666550e+02 -3.944555700000000087e+01 -1.529245333333333257e+01
1.761967873333333330e+02 -4.136578266666666792e+01 -1.175852166666666676e+01
1.782954583333333005e+02 -3.931609200000000470e+01 -9.178912666666667164e+00
1.737187306666666871e+02 -4.031043233333333120e+01 -8.700846699999999601e+01
1.776396776666666710e+02 -3.867593166666667059e+01 -2.144566833333333378e+01
1.797216353333333245e+02 -3.627959866666666500e+01 -1.843706766666666752e+01
1.746991343333333191e+02 -3.977915766666666286e+01 -6.685365666666666584e+01
1.744193233333333239e+02 -4.003856733333333295e+01 -6.631782133333332752e+01
1.735156263333333300e+02 -4.126005033333333216e+01 -4.838577633333333239e+01
1.741830189999999732e+02 -4.176975999999999800e+01 -1.988347433333333569e+01
1.757381770000000358e+02 -3.871473000000000297e+01 -7.968735133333333920e+01
1.751032676666666532e+02 -4.154807900000000132e+01 -1.623777899999999974e+01
1.793600746666666907e+02 -3.661932966666666545e+01 -2.342102699999999871e+01
1.739133819999999844e+02 -4.177517099999999317e+01 -2.300403966666666733e+01
1.754859119999999848e+02 -4.158699000000000012e+01 -1.343299433333333326e+01
1.748312476666666555e+02 -4.072851433333332949e+01 -3.718831099999999878e+01
1.755771073333333732e+02 -4.004606866666666320e+01 -3.452054199999999895e+01
1.755646080000000211e+02 -3.900648266666667041e+01 -6.951292899999999975e+01
1.747710090000000207e+02 -4.083981466666666194e+01 -3.519298200000000065e+01
1.777412396666667007e+02 -4.016833500000000612e+01 -1.024744066666666775e+01
1.757909156666667059e+02 -4.073684133333333790e+01 -2.123415933333333427e+01
1.745705619999999954e+02 -4.065687966666666142e+01 -4.367811266666666370e+01
1.776708790000000135e+02 -3.768548200000000037e+01 -5.296884099999999762e+01
1.783066873333333433e+02 -4.025542599999999993e+01 -6.505249333333334327e+00
1.733982850000000155e+02 -4.148390133333333551e+01 -4.343913733333334193e+01
1.789712813333333088e+02 -3.635477666666666607e+01 -4.646985100000000557e+01
1.775534573333333412e+02 -3.724038433333333131e+01 -7.945771933333332981e+01
1.739528229999999951e+02 -4.112088099999999713e+01 -4.230580300000000449e+01
1.767846343333333436e+02 -3.815277866666666995e+01 -6.072678300000000462e+01
1.769060520000000167e+02 -3.782044300000000447e+01 -7.552611466666665763e+01
1.790884340000000066e+02 -3.634081966666666830e+01 -4.190772566666666421e+01
1.790892386666666880e+02 -3.627619666666666376e+01 -4.417067899999999980e+01
1.788185476666666602e+02 -3.749671599999999927e+01 -1.861171866666666475e+01
1.754150603333333436e+02 -4.104604900000000356e+01 -2.135994766666666678e+01
1.769516919999999800e+02 -3.820033833333333462e+01 -5.219446400000000352e+01
1.777028423333333365e+02 -3.863724466666666757e+01 -2.096818133333333023e+01
1.780974779999999953e+02 -3.884601066666666469e+01 -1.320397200000000026e+01
1.725517873333333227e+02 -4.185444900000000246e+01 -5.438438966666666374e+01
1.747634263333333422e+02 -4.061960100000000295e+01 -4.133092566666666556e+01
1.748936169999999777e+02 -4.181495600000000223e+01 -1.317815066666666723e+01
1.791105486666666593e+02 -3.691829966666666252e+01 -2.304227033333333452e+01
1.733304616666666789e+02 -4.143874433333332519e+01 -4.713173333333333659e+01
1.766969229999999982e+02 -3.925776233333333920e+01 -2.764404100000000142e+01
1.786565603333333456e+02 -3.849302399999999835e+01 -9.751549333333334957e+00
1.777806789999999921e+02 -3.910957333333333708e+01 -1.550966366666666829e+01
1.770429379999999639e+02 -4.002249100000000226e+01 -1.613569499999999834e+01
1.736023766666666859e+02 -4.046300866666666707e+01 -8.383554200000001799e+01
1.791746409999999798e+02 -3.806787499999999369e+01 -8.006676000000000570e+00
1.791221373333333702e+02 -3.812173466666666855e+01 -8.120527333333333431e+00
1.791638219999999819e+02 -3.799259633333333142e+01 -8.521046000000000120e+00
1.790159230000000150e+02 -3.805154966666666638e+01 -9.482792000000001664e+00
1.790561676666666528e+02 -3.811077066666666724e+01 -8.721007333333334444e+00
1.790283626666666805e+02 -3.798573733333333280e+01 -9.831646333333333487e+00
1.790960993333333136e+02 -3.795595499999999589e+01 -9.369545999999999708e+00
