1.782442010000000039e+02 1.782972110000000043e+02 1.781765310000000113e+02
1.779287170000000060e+02 1.780439729999999940e+02 1.780256840000000125e+02
1.783115129999999908e+02 1.782643030000000124e+02 1.781845340000000135e+02
1.787370530000000031e+02 1.788634859999999946e+02 1.787962599999999895e+02
1.739025000000000034e+02 1.739115009999999870e+02 1.740097820000000013e+02
1.768537300000000130e+02 1.767940040000000010e+02 1.769213949999999897e+02
1.720999999999999943e+02 1.720999999999999943e+02 1.722116120000000024e+02
1.774655170000000055e+02 1.773382619999999861e+02 1.774046830000000057e+02
1.747997379999999907e+02 1.748694360000000074e+02 1.749303869999999961e+02
1.751845659999999896e+02 1.751121660000000020e+02 1.750643070000000137e+02
1.752242540000000020e+02 1.752873350000000130e+02 1.751593059999999866e+02
1.776808629999999880e+02 1.777629349999999988e+02 1.776384979999999985e+02
1.767035970000000020e+02 1.768331009999999992e+02 1.767629780000000039e+02
1.775153510000000097e+02 1.775829479999999876e+02 1.776441419999999880e+02
1.743266950000000008e+02 1.742018129999999871e+02 1.742571519999999907e+02
1.729065889999999968e+02 1.730338120000000117e+02 1.729555340000000001e+02
1.750219920000000116e+02 1.751496349999999893e+02 1.750825499999999977e+02
1.774370790000000113e+02 1.775635770000000093e+02 1.774958269999999914e+02
1.781007639999999981e+02 1.780570150000000069e+02 1.779732950000000073e+02
1.773914110000000051e+02 1.774577119999999866e+02 1.775331020000000137e+02
1.765593200000000138e+02 1.766826350000000048e+02 1.765805070000000114e+02
1.766896140000000059e+02 1.768074310000000082e+02 1.767873690000000124e+02
1.782961249999999893e+02 1.784230939999999919e+02 1.783546839999999918e+02
1.761194490000000030e+02 1.761533709999999928e+02 1.760293729999999925e+02
1.753669669999999883e+02 1.752857099999999946e+02 1.754209799999999859e+02
1.782114550000000008e+02 1.780961079999999868e+02 1.781188589999999863e+02
1.775037149999999997e+02 1.773817559999999958e+02 1.774141730000000052e+02
1.774187890000000039e+02 1.773606629999999882e+02 1.774867649999999912e+02
1.746326660000000004e+02 1.745773220000000094e+02 1.747056139999999971e+02
1.766896140000000059e+02 1.767161539999999889e+02 1.768074310000000082e+02
1.739025000000000034e+02 1.738353099999999927e+02 1.737975490000000036e+02
1.771971289999999897e+02 1.771291319999999985e+02 1.770689749999999947e+02
1.773802770000000066e+02 1.774477280000000121e+02 1.775089629999999943e+02
1.735075999999999965e+02 1.736399299999999926e+02 1.735732280000000003e+02
1.730063649999999882e+02 1.729119689999999991e+02 1.730301159999999925e+02
1.736549990000000037e+02 1.737115809999999954e+02 1.735741280000000017e+02
1.779838739999999859e+02 1.780557939999999917e+02 1.781152779999999893e+02
1.764868419999999958e+02 1.766165790000000015e+02 1.765473800000000040e+02
1.734364199999999983e+02 1.735583670000000041e+02 1.735316709999999887e+02
1.736399299999999926e+02 1.736856500000000096e+02 1.735732280000000003e+02
1.760151380000000074e+02 1.760827160000000049e+02 1.761421009999999967e+02
1.756074099999999873e+02 1.755397900000000107e+02 1.754787780000000055e+02
1.768457050000000095e+02 1.767781630000000064e+02 1.767186370000000011e+02
1.784090830000000096e+02 1.783478680000000054e+02 1.784693750000000136e+02
1.750397930000000031e+02 1.749703059999999937e+02 1.749031310000000019e+02
1.731735600000000090e+02 1.732192000000000007e+02 1.730774729999999977e+02
1.752832779999999957e+02 1.753498590000000092e+02 1.754114979999999946e+02
1.796753170000000068e+02 1.797885760000000062e+02 1.796811460000000125e+02
1.783121010000000126e+02 1.783794650000000104e+02 1.784391630000000077e+02
1.751285220000000038e+02 1.751845659999999896e+02 1.750643070000000137e+02
1.775268440000000112e+02 1.774655170000000055e+02 1.775928639999999916e+02
1.779817810000000122e+02 1.780840990000000090e+02 1.779600609999999961e+02
1.748415730000000110e+02 1.747465510000000108e+02 1.748653649999999971e+02
1.779756020000000092e+02 1.780395709999999951e+02 1.781008060000000057e+02
1.777382660000000101e+02 1.777858200000000011e+02 1.776594130000000007e+02
1.768296159999999873e+02 1.768893410000000017e+02 1.767619929999999897e+02
1.778110389999999938e+02 1.778346129999999903e+02 1.779287170000000060e+02
1.782091079999999863e+02 1.781136610000000076e+02 1.782399550000000090e+02
1.778381520000000080e+02 1.779611979999999960e+02 1.779267949999999985e+02
1.765666950000000099e+02 1.766346110000000067e+02 1.766941649999999981e+02
1.762118649999999889e+02 1.760948150000000112e+02 1.761164829999999881e+02
1.774577119999999866e+02 1.775142669999999896e+02 1.775883599999999944e+02
1.734364199999999983e+02 1.734572330000000022e+02 1.735583670000000041e+02
1.776441419999999880e+02 1.777051460000000134e+02 1.775764250000000004e+02
1.764189179999999908e+02 1.765445330000000013e+02 1.764672439999999938e+02
1.787649470000000065e+02 1.786352139999999906e+02 1.786996739999999875e+02
1.762845580000000041e+02 1.762173170000000084e+02 1.761572639999999978e+02
1.773054740000000038e+02 1.773492770000000007e+02 1.772363679999999988e+02
1.737694759999999974e+02 1.737046479999999917e+02 1.736472609999999861e+02
1.793143080000000111e+02 1.793499999999999943e+02 1.792312499999999886e+02
1.796428459999999916e+02 1.796942769999999996e+02 1.795624310000000037e+02
1.794851339999999880e+02 1.795405820000000006e+02 1.794107119999999895e+02
1.757012149999999906e+02 1.756344220000000007e+02 1.755732720000000029e+02
1.753141950000000122e+02 1.753784489999999892e+02 1.752459320000000105e+02
1.789399479999999869e+02 1.790663790000000120e+02 1.789974210000000028e+02
1.737653459999999939e+02 1.738938400000000115e+02 1.738413620000000037e+02
1.770609330000000057e+02 1.769926639999999907e+02 1.769329329999999914e+02
1.784353000000000122e+02 1.784774449999999888e+02 1.785768280000000061e+02
1.748653649999999971e+02 1.748841549999999927e+02 1.749865320000000111e+02
1.723553149999999903e+02 1.724169650000000047e+02 1.722962349999999958e+02
1.764353120000000104e+02 1.763761470000000031e+02 1.765039720000000045e+02
1.782442010000000039e+02 1.783697050000000104e+02 1.782972110000000043e+02
1.773754450000000134e+02 1.774370790000000113e+02 1.773099750000000085e+02
1.767487549999999885e+02 1.768084440000000086e+02 1.766814210000000003e+02
1.728106579999999894e+02 1.726881640000000004e+02 1.727151489999999967e+02
1.747793979999999863e+02 1.747170979999999929e+02 1.748447219999999902e+02
1.773914110000000051e+02 1.773232199999999921e+02 1.774577119999999866e+02
1.754051019999999994e+02 1.753378260000000068e+02 1.752773170000000107e+02
1.781845340000000135e+02 1.782643030000000124e+02 1.781386919999999918e+02
1.782787319999999909e+02 1.783369559999999865e+02 1.782097390000000132e+02
1.761164829999999881e+02 1.760948150000000112e+02 1.759978289999999959e+02
1.775688560000000109e+02 1.774744970000000137e+02 1.775963030000000060e+02
1.779482329999999877e+02 1.778346129999999903e+02 1.778549859999999967e+02
1.780557939999999917e+02 1.779973540000000014e+02 1.781246280000000013e+02
1.770318839999999909e+02 1.769645580000000109e+02 1.769051100000000076e+02
1.790465230000000076e+02 1.789884700000000066e+02 1.791126509999999996e+02
1.797722970000000089e+02 1.796445950000000096e+02 1.797031929999999988e+02
1.784890010000000018e+02 1.786163029999999878e+02 1.785472190000000126e+02
1.767575400000000059e+02 1.768160249999999962e+02 1.766898879999999963e+02
1.747214140000000100e+02 1.746258009999999956e+02 1.747465510000000108e+02
1.773930569999999989e+02 1.773255640000000142e+02 1.772647660000000087e+02
1.765211850000000027e+02 1.765458840000000009e+02 1.766412899999999979e+02
1.786114220000000046e+02 1.786822579999999903e+02 1.785552940000000035e+02
1.767413149999999860e+02 1.766739919999999984e+02 1.766140249999999980e+02
1.780381669999999872e+02 1.781687359999999956e+02 1.781001939999999877e+02
1.726097599999999943e+02 1.726843829999999969e+02 1.725485860000000002e+02
1.766260900000000049e+02 1.766941649999999981e+02 1.767537649999999871e+02
1.778346129999999903e+02 1.777401309999999910e+02 1.778549859999999967e+02
1.750001910000000009e+02 1.751285220000000038e+02 1.750643070000000137e+02
1.763437030000000050e+02 1.764553139999999871e+02 1.764701090000000079e+02
1.747688870000000065e+02 1.746897910000000138e+02 1.748048220000000015e+02
1.782201169999999877e+02 1.781608080000000029e+02 1.782899830000000065e+02
1.780652300000000139e+02 1.779386489999999981e+02 1.780059379999999862e+02
1.724728509999999915e+02 1.725937720000000013e+02 1.725663940000000025e+02
1.761572639999999978e+02 1.762173170000000084e+02 1.760900919999999985e+02
1.771666720000000055e+02 1.770400950000000080e+02 1.771078359999999918e+02
1.795626689999999996e+02 1.795972659999999905e+02 1.794893959999999993e+02
1.786554050000000018e+02 1.785277030000000025e+02 1.785928900000000112e+02
1.795626689999999996e+02 1.796869670000000099e+02 1.795972659999999905e+02
1.759718740000000139e+02 1.761038220000000081e+02 1.760477449999999919e+02
1.760900919999999985e+02 1.760229429999999979e+02 1.759628010000000131e+02
1.756003289999999879e+02 1.754723860000000002e+02 1.755397900000000107e+02
1.760686729999999898e+02 1.759989160000000084e+02 1.759387560000000121e+02
1.777659189999999967e+02 1.778943969999999979e+02 1.778263760000000104e+02
1.795978230000000053e+02 1.795608110000000011e+02 1.794895420000000001e+02
1.781188589999999863e+02 1.781462050000000090e+02 1.782328689999999938e+02
1.746947680000000105e+02 1.748213120000000060e+02 1.747537879999999859e+02
1.753223959999999977e+02 1.752629349999999988e+02 1.753904929999999922e+02
1.752165660000000003e+02 1.751496349999999893e+02 1.750889259999999865e+02
1.752539170000000013e+02 1.753141950000000122e+02 1.751845659999999896e+02
1.792614869999999883e+02 1.791500000000000057e+02 1.792125580000000014e+02
1.795668770000000052e+02 1.796856359999999881e+02 1.795978230000000053e+02
1.771716120000000103e+02 1.772925189999999986e+02 1.771965460000000121e+02
1.762322870000000137e+02 1.761434010000000114e+02 1.762739459999999951e+02
1.776912609999999972e+02 1.777587000000000046e+02 1.778189910000000111e+02
1.730774729999999977e+02 1.731500770000000102e+02 1.730251989999999864e+02
1.750676489999999887e+02 1.750079120000000046e+02 1.751354680000000030e+02
1.761716659999999877e+02 1.762394459999999867e+02 1.762992649999999912e+02
1.781766839999999945e+02 1.783013390000000129e+02 1.782553550000000087e+02
1.747269220000000018e+02 1.748538430000000119e+02 1.747813810000000103e+02
1.770318839999999909e+02 1.769051100000000076e+02 1.769725410000000068e+02
1.742743240000000071e+02 1.742991879999999867e+02 1.744005630000000053e+02
1.796779180000000053e+02 1.796869670000000099e+02 1.795626689999999996e+02
1.783121010000000126e+02 1.782522600000000068e+02 1.783794650000000104e+02
1.777730430000000013e+02 1.777051460000000134e+02 1.776441419999999880e+02
1.766665370000000053e+02 1.767340719999999976e+02 1.767940040000000010e+02
1.796855639999999994e+02 1.796644520000000114e+02 1.795679350000000056e+02
1.756760270000000048e+02 1.757502929999999992e+02 1.758071439999999939e+02
1.787833149999999875e+02 1.788347960000000114e+02 1.787162629999999979e+02
1.751695780000000013e+02 1.750799900000000093e+02 1.751920599999999979e+02
1.786176590000000033e+02 1.784929710000000114e+02 1.785787550000000010e+02
1.781802089999999907e+02 1.782527310000000114e+02 1.783060710000000029e+02
1.774744970000000137e+02 1.773817559999999958e+02 1.775037149999999997e+02
1.734672669999999925e+02 1.735427019999999914e+02 1.735983160000000112e+02
1.767367160000000013e+02 1.766166310000000124e+02 1.766412899999999979e+02
1.777933850000000007e+02 1.778540560000000141e+02 1.777277469999999937e+02
1.774397130000000118e+02 1.773914110000000051e+02 1.775331020000000137e+02
1.796869670000000099e+02 1.797912589999999966e+02 1.796855639999999994e+02
1.753669669999999883e+02 1.752509450000000015e+02 1.752857099999999946e+02
1.740546150000000125e+02 1.739595510000000047e+02 1.740816639999999893e+02
1.746947680000000105e+02 1.747537879999999859e+02 1.746288429999999892e+02
1.748353099999999927e+02 1.749098769999999945e+02 1.749607579999999984e+02
1.773696040000000096e+02 1.774857790000000080e+02 1.773867740000000026e+02
1.779585739999999987e+02 1.780615070000000060e+02 1.780489579999999989e+02
1.728204849999999908e+02 1.726956779999999867e+02 1.727277489999999887e+02
1.758782970000000034e+02 1.759038109999999904e+02 1.759978289999999959e+02
1.778023750000000121e+02 1.779267949999999985e+02 1.778883409999999969e+02
1.745192830000000015e+02 1.746462229999999920e+02 1.745778889999999990e+02
1.747133169999999893e+02 1.745861109999999883e+02 1.746519920000000070e+02
1.759080749999999966e+02 1.760293729999999925e+02 1.759399209999999982e+02
1.762372709999999927e+02 1.762739459999999951e+02 1.761642999999999972e+02
1.722116120000000024e+02 1.722043180000000007e+02 1.723350340000000074e+02
1.792628770000000031e+02 1.793143080000000111e+02 1.791818810000000042e+02
1.739226909999999862e+02 1.739801170000000070e+02 1.738485279999999875e+02
1.757396579999999915e+02 1.757507589999999880e+02 1.756543399999999906e+02
1.784813430000000096e+02 1.783563450000000046e+02 1.784164330000000120e+02
1.783860689999999920e+02 1.782595520000000135e+02 1.783270359999999926e+02
1.766773699999999963e+02 1.767453309999999931e+02 1.768055579999999907e+02
1.763190820000000087e+02 1.762597489999999993e+02 1.763876669999999933e+02
1.778708980000000111e+02 1.779611979999999960e+02 1.778381520000000080e+02
1.776727380000000096e+02 1.776450389999999970e+02 1.775331020000000137e+02
1.769567930000000047e+02 1.768296159999999873e+02 1.768971439999999973e+02
1.777730430000000013e+02 1.778339430000000050e+02 1.777051460000000134e+02
1.762652070000000037e+02 1.761914679999999862e+02 1.761306370000000072e+02
1.786695670000000007e+02 1.787268799999999942e+02 1.785994729999999890e+02
1.742743240000000071e+02 1.741770870000000002e+02 1.742991879999999867e+02
1.763283729999999991e+02 1.762009529999999984e+02 1.762691509999999937e+02
1.781008060000000057e+02 1.780395709999999951e+02 1.781641380000000083e+02
1.768075230000000033e+02 1.767120769999999936e+02 1.768317000000000121e+02
1.744490380000000016e+02 1.745773220000000094e+02 1.745066820000000121e+02
1.751354680000000030e+02 1.752629349999999988e+02 1.751953010000000006e+02
1.761799729999999897e+02 1.761117529999999931e+02 1.760519060000000025e+02
1.735741280000000017e+02 1.737115809999999954e+02 1.736275569999999959e+02
1.766826350000000048e+02 1.767993749999999977e+02 1.767035970000000020e+02
1.779143630000000087e+02 1.779795569999999998e+02 1.780395709999999951e+02
1.778943969999999979e+02 1.780227350000000115e+02 1.779543950000000052e+02
1.736549990000000037e+02 1.735741280000000017e+02 1.735203359999999861e+02
1.782298600000000022e+02 1.782877880000000062e+02 1.783555729999999926e+02
1.782201169999999877e+02 1.782787319999999909e+02 1.781508699999999976e+02
1.787183229999999980e+02 1.788471529999999916e+02 1.787749650000000088e+02
1.755412509999999884e+02 1.756171160000000100e+02 1.756543399999999906e+02
1.780615070000000060e+02 1.781456520000000125e+02 1.780489579999999989e+02
1.743261640000000057e+02 1.742039929999999970e+02 1.742318679999999915e+02
1.772563969999999927e+02 1.771252660000000105e+02 1.771915810000000135e+02
1.789280239999999935e+02 1.788571159999999907e+02 1.788010439999999903e+02
1.778408420000000092e+02 1.779083599999999876e+02 1.779702980000000139e+02
1.750359789999999975e+02 1.749376059999999882e+02 1.750564779999999985e+02
1.790808649999999886e+02 1.791318290000000104e+02 1.790026569999999992e+02
1.763076279999999940e+02 1.762490139999999883e+02 1.763761470000000031e+02
1.748694360000000074e+02 1.749389710000000093e+02 1.750001910000000009e+02
1.771214510000000075e+02 1.770609330000000057e+02 1.771896989999999903e+02
1.751121660000000020e+02 1.749989180000000033e+02 1.750643070000000137e+02
1.767790799999999933e+02 1.767993749999999977e+02 1.766826350000000048e+02
1.755258650000000102e+02 1.755861920000000111e+02 1.754582609999999931e+02
1.796942769999999996e+02 1.797457080000000076e+02 1.796153150000000096e+02
1.746288429999999892e+02 1.746780359999999916e+02 1.745344279999999912e+02
1.783369559999999865e+02 1.783951419999999928e+02 1.782683879999999874e+02
1.766022480000000030e+02 1.766397709999999961e+02 1.765288810000000126e+02
1.722277029999999911e+02 1.723553149999999903e+02 1.722962349999999958e+02
1.759024049999999875e+02 1.760298990000000003e+02 1.759628010000000131e+02
1.761533709999999928e+02 1.761878979999999899e+02 1.760623919999999885e+02
1.752030509999999879e+02 1.752629349999999988e+02 1.751354680000000030e+02
1.779227689999999882e+02 1.778273230000000069e+02 1.779510180000000048e+02
1.744575460000000078e+02 1.743673609999999883e+02 1.744900460000000066e+02
1.757281900000000121e+02 1.757956790000000069e+02 1.758560170000000085e+02
1.768160249999999962e+02 1.768751990000000092e+02 1.767487549999999885e+02
1.780821860000000072e+02 1.781508699999999976e+02 1.782097390000000132e+02
1.785333579999999927e+02 1.786604780000000119e+02 1.785908799999999985e+02
1.780821860000000072e+02 1.781413520000000119e+02 1.780140460000000076e+02
1.725663940000000025e+02 1.725937720000000013e+02 1.726881640000000004e+02
1.731025280000000066e+02 1.729820159999999873e+02 1.730063649999999882e+02
1.749707929999999863e+02 1.750339979999999969e+02 1.750967740000000106e+02
1.752895249999999976e+02 1.751613450000000114e+02 1.752278489999999920e+02
1.791116000000000099e+02 1.791556779999999947e+02 1.790336320000000114e+02
1.767619660000000010e+02 1.766660139999999899e+02 1.767873690000000124e+02
1.787879079999999874e+02 1.788471529999999916e+02 1.787183229999999980e+02
1.767227200000000096e+02 1.766715389999999957e+02 1.767969679999999926e+02
1.787268799999999942e+02 1.787962599999999895e+02 1.788525040000000104e+02
1.776906649999999956e+02 1.775688560000000109e+02 1.775963030000000060e+02
1.738645239999999887e+02 1.737412239999999883e+02 1.737691910000000064e+02
1.773492770000000007e+02 1.774859360000000095e+02 1.774296830000000114e+02
1.779206430000000125e+02 1.778604410000000087e+02 1.779877280000000042e+02
1.767001669999999933e+02 1.765738110000000063e+02 1.766439430000000073e+02
1.786352139999999906e+02 1.785681109999999876e+02 1.785067830000000129e+02
1.780148259999999993e+02 1.781007639999999981e+02 1.779732950000000073e+02
1.720999999999999943e+02 1.722277029999999911e+02 1.721872299999999996e+02
1.771172750000000065e+02 1.771821229999999900e+02 1.770549149999999941e+02
1.774857790000000080e+02 1.775999999999999943e+02 1.774948829999999873e+02
1.760223330000000033e+02 1.759312539999999956e+02 1.760477449999999919e+02
1.785818739999999991e+02 1.784929710000000114e+02 1.786176590000000033e+02
1.725349919999999884e+02 1.725040899999999908e+02 1.724188829999999939e+02
1.738366699999999980e+02 1.738645239999999887e+02 1.739595510000000047e+02
1.766165790000000015e+02 1.766854810000000100e+02 1.767453309999999931e+02
1.771666720000000055e+02 1.770991870000000006e+02 1.770400950000000080e+02
1.759915420000000097e+02 1.760603409999999940e+02 1.761207860000000096e+02
1.758530609999999967e+02 1.758782970000000034e+02 1.759743110000000001e+02
1.770166199999999890e+02 1.769567930000000047e+02 1.770839469999999949e+02
1.753758300000000077e+02 1.752803839999999980e+02 1.753986859999999979e+02
1.744415439999999933e+02 1.745196479999999895e+02 1.744172949999999958e+02
1.765914469999999881e+02 1.765237899999999911e+02 1.764641340000000014e+02
1.766166310000000124e+02 1.765211850000000027e+02 1.766412899999999979e+02
1.793535579999999925e+02 1.794851339999999880e+02 1.794107119999999895e+02
1.782961249999999893e+02 1.781688880000000097e+02 1.782371310000000051e+02
1.737694759999999974e+02 1.736472609999999861e+02 1.737174909999999954e+02
1.734581640000000107e+02 1.733750249999999937e+02 1.733500119999999924e+02
1.781844800000000077e+02 1.780557939999999917e+02 1.781246280000000013e+02
1.781699279999999987e+02 1.781051720000000103e+02 1.780403770000000065e+02
1.747793979999999863e+02 1.746519920000000070e+02 1.747170979999999929e+02
1.724436090000000092e+02 1.723280159999999910e+02 1.723448860000000025e+02
1.776671949999999924e+02 1.777933850000000007e+02 1.777277469999999937e+02
1.771855950000000064e+02 1.772446140000000128e+02 1.771168830000000014e+02
1.772205930000000080e+02 1.771201030000000003e+02 1.772363679999999988e+02
1.764946730000000059e+02 1.764353120000000104e+02 1.765628979999999899e+02
1.744532320000000141e+02 1.743266950000000008e+02 1.743838450000000080e+02
1.779838739999999859e+02 1.781152779999999893e+02 1.780418730000000096e+02
1.778045150000000092e+02 1.777712380000000110e+02 1.776727380000000096e+02
1.776583880000000022e+02 1.775970719999999972e+02 1.777234679999999969e+02
1.778110389999999938e+02 1.776906649999999956e+02 1.777161979999999915e+02
1.787831079999999986e+02 1.787214639999999974e+02 1.788444330000000093e+02
1.779464030000000037e+02 1.778865020000000072e+02 1.780140460000000076e+02
1.737115809999999954e+02 1.737911400000000128e+02 1.738485279999999875e+02
1.768751990000000092e+02 1.769353570000000104e+02 1.768084440000000086e+02
1.756797970000000078e+02 1.756581239999999866e+02 1.755644819999999982e+02
1.774859360000000095e+02 1.775588860000000011e+02 1.774296830000000114e+02
1.768075230000000033e+02 1.768317000000000121e+02 1.769260769999999923e+02
1.732927139999999895e+02 1.731980430000000126e+02 1.733178450000000055e+02
1.775553879999999936e+02 1.774859360000000095e+02 1.774254349999999931e+02
1.757344150000000127e+02 1.756360789999999952e+02 1.757538499999999999e+02
1.748447219999999902e+02 1.747170979999999929e+02 1.747817019999999957e+02
1.726056279999999958e+02 1.726843829999999969e+02 1.727421929999999861e+02
1.776727380000000096e+02 1.777712380000000110e+02 1.776450389999999970e+02
1.770766209999999887e+02 1.771367810000000134e+02 1.770090140000000076e+02
1.735203359999999861e+02 1.735741280000000017e+02 1.734386320000000126e+02
1.789033139999999946e+02 1.789507079999999917e+02 1.788193280000000129e+02
1.771896989999999903e+02 1.770609330000000057e+02 1.771291319999999985e+02
1.756150100000000123e+02 1.755498609999999928e+02 1.756842369999999960e+02
1.773754450000000134e+02 1.772468470000000025e+02 1.773131820000000118e+02
1.791818810000000042e+02 1.792312499999999886e+02 1.791046399999999892e+02
1.774187890000000039e+02 1.772929340000000025e+02 1.773606629999999882e+02
1.792312499999999886e+02 1.792773569999999950e+02 1.791545879999999897e+02
1.761500890000000084e+02 1.762173170000000084e+02 1.762772170000000074e+02
1.765465859999999907e+02 1.764866609999999980e+02 1.766140249999999980e+02
1.755981069999999988e+02 1.756760270000000048e+02 1.757319929999999886e+02
1.753296640000000082e+02 1.754531949999999938e+02 1.753728130000000078e+02
1.778865020000000072e+02 1.778263760000000104e+02 1.779543950000000052e+02
1.789218070000000012e+02 1.790465230000000076e+02 1.789776119999999935e+02
1.797852039999999931e+02 1.796856359999999881e+02 1.796628530000000126e+02
1.772563969999999927e+02 1.771915810000000135e+02 1.773232199999999921e+02
1.771584269999999890e+02 1.770318839999999909e+02 1.770991870000000006e+02
1.792645780000000002e+02 1.793376379999999983e+02 1.793933580000000063e+02
1.759312539999999956e+02 1.758105899999999906e+02 1.758404960000000017e+02
1.783270359999999926e+02 1.782595520000000135e+02 1.782003630000000101e+02
1.789634159999999952e+02 1.790329169999999976e+02 1.790935080000000141e+02
1.789301269999999988e+02 1.788714779999999962e+02 1.789974210000000028e+02
1.797907270000000040e+02 1.796753170000000068e+02 1.796860409999999888e+02
1.740740279999999984e+02 1.741221119999999871e+02 1.740004529999999932e+02
1.745861109999999883e+02 1.744590029999999956e+02 1.745242700000000013e+02
1.768014939999999910e+02 1.766739919999999984e+02 1.767413149999999860e+02
1.776237439999999879e+02 1.776912609999999972e+02 1.777518200000000093e+02
1.767453309999999931e+02 1.766854810000000100e+02 1.768134239999999977e+02
1.786480579999999918e+02 1.787183229999999980e+02 1.787749650000000088e+02
1.733879249999999956e+02 1.735203359999999861e+02 1.734386320000000126e+02
1.787663750000000107e+02 1.786897250000000099e+02 1.786332629999999995e+02
1.790230620000000101e+02 1.790808040000000005e+02 1.789520210000000020e+02
1.786216719999999896e+02 1.786910200000000088e+02 1.787520949999999971e+02
1.797457080000000076e+02 1.797971379999999897e+02 1.796675070000000005e+02
1.786173510000000135e+02 1.787428899999999885e+02 1.786752250000000117e+02
1.767561900000000037e+02 1.767790799999999933e+02 1.766582410000000039e+02
1.789578400000000045e+02 1.788821519999999907e+02 1.789955980000000011e+02
1.742709020000000066e+02 1.741448509999999885e+02 1.742080400000000111e+02
1.726843829999999969e+02 1.728221379999999954e+02 1.727421929999999861e+02
1.720999999999999943e+02 1.720999999999999943e+02 1.721872299999999996e+02
1.777148160000000132e+02 1.776808629999999880e+02 1.775978049999999939e+02
1.771214510000000075e+02 1.770529359999999883e+02 1.769926639999999907e+02
1.785371629999999925e+02 1.785934699999999964e+02 1.784693750000000136e+02
1.732618980000000022e+02 1.733964190000000087e+02 1.733500119999999924e+02
1.779206430000000125e+02 1.779877280000000042e+02 1.780448480000000018e+02
1.774859360000000095e+02 1.776191770000000076e+02 1.775588860000000011e+02
1.794674349999999947e+02 1.795972460000000126e+02 1.795250279999999918e+02
1.723824529999999982e+02 1.722450039999999944e+02 1.723100750000000119e+02
1.792459249999999997e+02 1.791919739999999877e+02 1.793172859999999957e+02
1.737911400000000128e+02 1.739226909999999862e+02 1.738485279999999875e+02
1.739115009999999870e+02 1.740508269999999982e+02 1.740097820000000013e+02
1.746307370000000105e+02 1.745708349999999882e+02 1.744966290000000129e+02
1.775331020000000137e+02 1.776450389999999970e+02 1.775492779999999868e+02
1.748353099999999927e+02 1.748847829999999988e+02 1.747578210000000070e+02
1.786561220000000105e+02 1.787802470000000028e+02 1.787045320000000004e+02
1.772179800000000114e+02 1.771584269999999890e+02 1.772847800000000120e+02
1.732789449999999931e+02 1.732192000000000007e+02 1.733553339999999992e+02
1.751056519999999921e+02 1.750099500000000035e+02 1.751311670000000049e+02
1.759989160000000084e+02 1.758696640000000002e+02 1.759387560000000121e+02
1.755329370000000040e+02 1.756003289999999879e+02 1.756607400000000041e+02
1.795978230000000053e+02 1.796860409999999888e+02 1.795608110000000011e+02
1.751311670000000049e+02 1.750359789999999975e+02 1.751586460000000045e+02
1.788471529999999916e+02 1.789032530000000065e+02 1.787749650000000088e+02
1.794295869999999979e+02 1.794851339999999880e+02 1.793535579999999925e+02
1.735422930000000008e+02 1.734906569999999988e+02 1.736275569999999959e+02
1.762652070000000037e+02 1.761306370000000072e+02 1.762015979999999900e+02
1.791788129999999910e+02 1.791126509999999996e+02 1.790549110000000042e+02
1.777830429999999922e+02 1.777203820000000007e+02 1.778479849999999942e+02
1.766412899999999979e+02 1.765458840000000009e+02 1.766660139999999899e+02
1.757502929999999992e+02 1.758780979999999943e+02 1.758071439999999939e+02
1.778506380000000036e+02 1.779817810000000122e+02 1.779600609999999961e+02
1.770375329999999963e+02 1.769226240000000132e+02 1.770123169999999959e+02
1.788123139999999864e+02 1.786837199999999939e+02 1.787520949999999971e+02
1.748653649999999971e+02 1.747465510000000108e+02 1.747708169999999939e+02
1.731735600000000090e+02 1.730774729999999977e+02 1.730549410000000137e+02
1.767001669999999933e+02 1.766316889999999944e+02 1.765738110000000063e+02
1.762322870000000137e+02 1.763565680000000100e+02 1.763084489999999960e+02
1.782883370000000127e+02 1.783546839999999918e+02 1.784124160000000074e+02
1.772344510000000071e+02 1.771666720000000055e+02 1.771078359999999918e+02
1.721371230000000025e+02 1.720999999999999943e+02 1.722450039999999944e+02
1.768992650000000140e+02 1.770226820000000032e+02 1.769233529999999917e+02
1.778273230000000069e+02 1.777318769999999972e+02 1.778547509999999932e+02
1.773255640000000142e+02 1.773865570000000105e+02 1.772577239999999961e+02
1.740275619999999890e+02 1.740546150000000125e+02 1.741504520000000014e+02
1.769725410000000068e+02 1.769051100000000076e+02 1.768457050000000095e+02
1.770469640000000027e+02 1.771465190000000121e+02 1.771716120000000103e+02
1.782363479999999925e+02 1.783691790000000026e+02 1.783000399999999956e+02
1.758881910000000062e+02 1.758201139999999896e+02 1.757614599999999996e+02
1.741883459999999957e+02 1.743195749999999862e+02 1.742487519999999961e+02
1.780606740000000059e+02 1.779482329999999877e+02 1.779600609999999961e+02
1.784991249999999923e+02 1.783697050000000104e+02 1.784391630000000077e+02
1.771135429999999928e+02 1.770203319999999962e+02 1.771391859999999951e+02
1.737410900000000140e+02 1.737653459999999939e+02 1.738413620000000037e+02
1.764775649999999985e+02 1.763836249999999950e+02 1.765090889999999888e+02
1.756607400000000041e+02 1.757281900000000121e+02 1.757885400000000118e+02
1.762244709999999941e+02 1.761643219999999985e+02 1.762917720000000088e+02
1.740035039999999924e+02 1.740553179999999998e+02 1.739226909999999862e+02
1.754827270000000112e+02 1.754212530000000072e+02 1.755412509999999884e+02
1.727538659999999879e+02 1.728725039999999922e+02 1.728567050000000052e+02
1.776583880000000022e+02 1.775314639999999997e+02 1.775970719999999972e+02
1.767023829999999975e+02 1.765750180000000000e+02 1.766428940000000125e+02
1.731274260000000140e+02 1.731471769999999992e+02 1.732513150000000053e+02
1.745295230000000117e+02 1.745535360000000082e+02 1.746505689999999902e+02
1.793337940000000117e+02 1.792125580000000014e+02 1.792706259999999929e+02
1.774455379999999991e+02 1.773500919999999894e+02 1.774744970000000137e+02
1.766826350000000048e+02 1.767035970000000020e+02 1.765805070000000114e+02
1.738685659999999871e+02 1.739226909999999862e+02 1.737911400000000128e+02
1.771440100000000086e+02 1.770166199999999890e+02 1.770839469999999949e+02
1.722450039999999944e+02 1.720999999999999943e+02 1.722037829999999872e+02
1.752461570000000108e+02 1.752880429999999876e+02 1.751624009999999885e+02
1.781799509999999884e+02 1.782527310000000114e+02 1.781456520000000125e+02
1.741299559999999929e+02 1.741795749999999998e+02 1.742468069999999898e+02
1.753305719999999894e+02 1.753981280000000140e+02 1.754582609999999931e+02
1.740462459999999965e+02 1.739196579999999983e+02 1.739306540000000041e+02
1.751695780000000013e+02 1.751920599999999979e+02 1.752677089999999964e+02
1.789153860000000122e+02 1.790404029999999977e+02 1.789784820000000138e+02
1.769488049999999930e+02 1.768227479999999900e+02 1.768839979999999912e+02
1.775268440000000112e+02 1.774602140000000077e+02 1.773990569999999991e+02
1.796753170000000068e+02 1.796811460000000125e+02 1.795700989999999990e+02
1.725349919999999884e+02 1.724188829999999939e+02 1.724159310000000005e+02
1.761434010000000114e+02 1.761164829999999881e+02 1.760223330000000033e+02
1.757862560000000087e+02 1.758226520000000050e+02 1.757019860000000051e+02
1.788471529999999916e+02 1.789784820000000138e+02 1.789032530000000065e+02
1.771465190000000121e+02 1.772699330000000089e+02 1.771716120000000103e+02
1.787044400000000053e+02 1.786480579999999918e+02 1.787749650000000088e+02
1.743324289999999905e+02 1.742660700000000134e+02 1.742065039999999954e+02
1.767487549999999885e+02 1.768751990000000092e+02 1.768084440000000086e+02
1.751849379999999883e+02 1.750864860000000078e+02 1.752041460000000086e+02
1.749989180000000033e+02 1.748841549999999927e+02 1.749303869999999961e+02
1.765572850000000074e+02 1.764986539999999877e+02 1.766260900000000049e+02
1.787608979999999974e+02 1.788301869999999951e+02 1.788926999999999907e+02
1.780840990000000090e+02 1.780606740000000059e+02 1.779600609999999961e+02
1.759695739999999944e+02 1.760298990000000003e+02 1.759024049999999875e+02
1.784903219999999919e+02 1.785599029999999914e+02 1.786216719999999896e+02
1.768893410000000017e+02 1.769491370000000074e+02 1.768216700000000117e+02
1.775588860000000011e+02 1.776821480000000122e+02 1.776149580000000014e+02
1.764392809999999940e+02 1.764553139999999871e+02 1.763457879999999989e+02
1.771510480000000030e+02 1.772111089999999933e+02 1.770839469999999949e+02
1.781637589999999989e+02 1.782877880000000062e+02 1.782298600000000022e+02
1.773382619999999861e+02 1.772111089999999933e+02 1.772778859999999952e+02
1.774448749999999961e+02 1.774707400000000064e+02 1.775679220000000100e+02
1.786295920000000024e+02 1.786984249999999861e+02 1.787608979999999974e+02
1.782288979999999867e+02 1.781688880000000097e+02 1.782961249999999893e+02
1.769243740000000003e+02 1.769842199999999934e+02 1.768565409999999929e+02
1.771759649999999908e+02 1.773027179999999987e+02 1.772344510000000071e+02
1.779817810000000122e+02 1.780418730000000096e+02 1.781034830000000113e+02
1.772577239999999961e+02 1.773865570000000105e+02 1.773188020000000051e+02
1.750825499999999977e+02 1.751429459999999949e+02 1.750154560000000004e+02
1.783697050000000104e+02 1.783121010000000126e+02 1.784391630000000077e+02
1.747537879999999859e+02 1.748809479999999894e+02 1.748111560000000111e+02
1.752263260000000002e+02 1.751311670000000049e+02 1.752509450000000015e+02
1.756256190000000004e+02 1.756760270000000048e+02 1.755554640000000006e+02
1.750369579999999985e+02 1.751163479999999879e+02 1.751624009999999885e+02
1.782683879999999874e+02 1.783270359999999926e+02 1.782003630000000101e+02
1.774187890000000039e+02 1.774867649999999912e+02 1.775431260000000009e+02
1.773382619999999861e+02 1.773990569999999991e+02 1.772714300000000094e+02
1.762322870000000137e+02 1.761164829999999881e+02 1.761434010000000114e+02
1.750889259999999865e+02 1.751496349999999893e+02 1.750219920000000116e+02
1.741082120000000089e+02 1.741299559999999929e+02 1.742318679999999915e+02
1.731729090000000042e+02 1.730774619999999970e+02 1.731980430000000126e+02
1.760616379999999879e+02 1.759887180000000058e+02 1.759361739999999941e+02
1.747537879999999859e+02 1.748111560000000111e+02 1.746780359999999916e+02
1.788202290000000119e+02 1.788742330000000038e+02 1.787455070000000035e+02
1.729226969999999994e+02 1.730060249999999940e+02 1.730549410000000137e+02
1.769411709999999971e+02 1.768732270000000142e+02 1.768134239999999977e+02
1.778051849999999945e+02 1.778586080000000038e+02 1.777382660000000101e+02
1.777629349999999988e+02 1.778883409999999969e+02 1.778465300000000013e+02
1.761716659999999877e+02 1.762317060000000026e+02 1.761041590000000099e+02
1.794588850000000093e+02 1.793337940000000117e+02 1.793945710000000133e+02
1.771836930000000052e+02 1.771214510000000075e+02 1.772511069999999904e+02
1.758419370000000015e+02 1.759024049999999875e+02 1.757746930000000134e+02
1.785371629999999925e+02 1.786614680000000135e+02 1.785934699999999964e+02
1.772511069999999904e+02 1.771896989999999903e+02 1.773188020000000051e+02
1.786737050000000124e+02 1.785462650000000053e+02 1.786173349999999971e+02
1.773040180000000134e+02 1.773003469999999879e+02 1.771994809999999916e+02
1.769353570000000104e+02 1.769965440000000001e+02 1.768686999999999898e+02
1.789807759999999917e+02 1.790891359999999963e+02 1.790878830000000050e+02
1.777277469999999937e+02 1.777885579999999948e+02 1.776624490000000094e+02
1.768537300000000130e+02 1.767861690000000010e+02 1.767264590000000055e+02
1.747057230000000061e+02 1.747658680000000118e+02 1.746368150000000128e+02
1.787199479999999880e+02 1.787045320000000004e+02 1.788193280000000129e+02
1.790808040000000005e+02 1.791518829999999980e+02 1.792089640000000088e+02
1.790808649999999886e+02 1.790026569999999992e+02 1.789506450000000086e+02
1.764559580000000096e+02 1.765833939999999984e+02 1.765154560000000004e+02
1.763565700000000049e+02 1.764144019999999955e+02 1.762739459999999951e+02
1.788985240000000090e+02 1.789506450000000086e+02 1.788202290000000119e+02
1.758716689999999971e+02 1.759955589999999859e+02 1.759080749999999966e+02
1.759312539999999956e+02 1.758404960000000017e+02 1.759718740000000139e+02
1.732583250000000135e+02 1.733383829999999932e+02 1.733879249999999956e+02
1.729820159999999873e+02 1.728865700000000061e+02 1.730063649999999882e+02
1.772446140000000128e+02 1.771759649999999908e+02 1.771168830000000014e+02
1.722450039999999944e+02 1.722037829999999872e+02 1.723100750000000119e+02
1.795250279999999918e+02 1.794429039999999986e+02 1.793933580000000063e+02
1.732882569999999873e+02 1.734154790000000048e+02 1.733383829999999932e+02
1.783045539999999960e+02 1.782091079999999863e+02 1.783401350000000036e+02
1.770708260000000109e+02 1.770449380000000019e+02 1.769511620000000107e+02
1.748415730000000110e+02 1.748653649999999971e+02 1.749613260000000139e+02
1.771965460000000121e+02 1.771994809999999916e+02 1.771079760000000078e+02
1.799000000000000057e+02 1.799000000000000057e+02 1.797885760000000062e+02
1.784639420000000030e+02 1.785908799999999985e+02 1.785216069999999888e+02
1.731735600000000090e+02 1.733050149999999974e+02 1.732192000000000007e+02
1.763836249999999950e+02 1.764106859999999983e+02 1.765090889999999888e+02
1.775963030000000060e+02 1.775037149999999997e+02 1.776232550000000003e+02
1.786604780000000119e+02 1.787879079999999874e+02 1.787183229999999980e+02
1.748111560000000111e+02 1.748809479999999894e+02 1.749389710000000093e+02
1.768331009999999992e+02 1.767993749999999977e+02 1.769233529999999917e+02
1.786614680000000135e+02 1.787162629999999979e+02 1.785934699999999964e+02
1.726056279999999958e+02 1.726662560000000042e+02 1.725349919999999884e+02
1.726600280000000112e+02 1.725385829999999885e+02 1.725663940000000025e+02
1.756842369999999960e+02 1.756131460000000004e+02 1.757507589999999880e+02
1.766660139999999899e+02 1.766896140000000059e+02 1.767873690000000124e+02
1.781641380000000083e+02 1.781040999999999883e+02 1.782288979999999867e+02
1.756003289999999879e+02 1.757281900000000121e+02 1.756607400000000041e+02
1.776548339999999939e+02 1.777203820000000007e+02 1.777830429999999922e+02
1.760053599999999960e+02 1.760740230000000111e+02 1.761319849999999860e+02
1.778189910000000111e+02 1.779464030000000037e+02 1.778791040000000123e+02
1.764070659999999862e+02 1.765342890000000011e+02 1.764392809999999940e+02
1.722325700000000097e+02 1.722450039999999944e+02 1.723448860000000025e+02
1.780915369999999882e+02 1.781508699999999976e+02 1.780227350000000115e+02
1.747735849999999971e+02 1.746462229999999920e+02 1.747133169999999893e+02
1.779124879999999962e+02 1.779838739999999859e+02 1.780418730000000096e+02
1.780009369999999933e+02 1.779063260000000071e+02 1.780256840000000125e+02
1.770038350000000094e+02 1.770375329999999963e+02 1.771201030000000003e+02
1.734592470000000048e+02 1.733638009999999952e+02 1.734837239999999952e+02
1.769419019999999989e+02 1.768160249999999962e+02 1.768827400000000125e+02
1.770938620000000014e+02 1.769984159999999918e+02 1.771135429999999928e+02
1.752041460000000086e+02 1.751056519999999921e+02 1.752263260000000002e+02
1.759915420000000097e+02 1.759305899999999951e+02 1.760603409999999940e+02
1.775679220000000100e+02 1.777004970000000128e+02 1.776510590000000036e+02
1.754827270000000112e+02 1.753552720000000136e+02 1.754212530000000072e+02
1.767790799999999933e+02 1.768992650000000140e+02 1.767993749999999977e+02
1.749983939999999905e+02 1.749031310000000019e+02 1.748847829999999988e+02
1.722962349999999958e+02 1.724169650000000047e+02 1.723350340000000074e+02
1.741158220000000085e+02 1.741883459999999957e+02 1.742487519999999961e+02
1.734092939999999885e+02 1.732789449999999931e+02 1.733553339999999992e+02
1.772778859999999952e+02 1.772111089999999933e+02 1.771510480000000030e+02
1.756797970000000078e+02 1.755644819999999982e+02 1.755981069999999988e+02
1.777512570000000096e+02 1.778514700000000062e+02 1.778574450000000127e+02
1.758881910000000062e+02 1.760151380000000074e+02 1.759470890000000054e+02
1.760827160000000049e+02 1.762097799999999950e+02 1.761421009999999967e+02
1.787663750000000107e+02 1.786332629999999995e+02 1.787149520000000109e+02
1.755554640000000006e+02 1.754817950000000053e+02 1.754209799999999859e+02
1.752459320000000105e+02 1.753784489999999892e+02 1.753186550000000068e+02
1.791605570000000114e+02 1.792931220000000110e+02 1.792309769999999958e+02
1.777185929999999985e+02 1.776727380000000096e+02 1.775883599999999944e+02
1.767537649999999871e+02 1.768216700000000117e+02 1.768814069999999958e+02
1.767264590000000055e+02 1.766665370000000053e+02 1.767940040000000010e+02
1.761814459999999940e+02 1.761179380000000094e+02 1.760483619999999974e+02
1.781081890000000101e+02 1.779877280000000042e+02 1.780489579999999989e+02
1.760733840000000043e+02 1.759743110000000001e+02 1.760948150000000112e+02
1.780463059999999871e+02 1.779510180000000048e+02 1.780745009999999979e+02
1.766898879999999963e+02 1.766219260000000020e+02 1.765628979999999899e+02
1.778273230000000069e+02 1.778547509999999932e+02 1.779510180000000048e+02
1.765666950000000099e+02 1.766941649999999981e+02 1.766260900000000049e+02
1.772563969999999927e+02 1.771855950000000064e+02 1.771252660000000105e+02
1.773516030000000114e+02 1.772929340000000025e+02 1.774187890000000039e+02
1.761799729999999897e+02 1.762394459999999867e+02 1.761117529999999931e+02
1.755768490000000099e+02 1.757019860000000051e+02 1.756171160000000100e+02
1.761198909999999955e+02 1.762501169999999888e+02 1.761814459999999940e+02
1.763672290000000089e+02 1.764954409999999996e+02 1.764070659999999862e+02
1.781688880000000097e+02 1.780448480000000018e+02 1.781081890000000101e+02
1.787045320000000004e+02 1.787802470000000028e+02 1.788193280000000129e+02
1.775626039999999932e+02 1.776384979999999985e+02 1.775142669999999896e+02
1.788123139999999864e+02 1.788815400000000011e+02 1.789399479999999869e+02
1.751232850000000099e+02 1.752050910000000101e+02 1.752487969999999962e+02
1.738353099999999927e+02 1.737174909999999954e+02 1.737975490000000036e+02
1.752215539999999976e+02 1.751554539999999918e+02 1.750940740000000062e+02
1.744424040000000105e+02 1.745678990000000113e+02 1.745108950000000050e+02
1.776640270000000044e+02 1.775688560000000109e+02 1.776906649999999956e+02
1.749087989999999877e+02 1.748455309999999940e+02 1.749703059999999937e+02
1.752974729999999965e+02 1.751705479999999966e+02 1.752487969999999962e+02
1.789399479999999869e+02 1.790098179999999957e+02 1.790663790000000120e+02
1.732583250000000135e+02 1.733050149999999974e+02 1.731735600000000090e+02
1.761164829999999881e+02 1.759978289999999959e+02 1.760223330000000033e+02
1.723100750000000119e+02 1.723103570000000104e+02 1.724188829999999939e+02
1.739801170000000070e+02 1.740508269999999982e+02 1.739115009999999870e+02
1.732513150000000053e+02 1.731471769999999992e+02 1.732596249999999998e+02
1.784188179999999875e+02 1.784889890000000037e+02 1.783686439999999891e+02
1.761179380000000094e+02 1.760556559999999990e+02 1.759920920000000137e+02
1.767035970000000020e+02 1.767993749999999977e+02 1.768331009999999992e+02
1.777401309999999910e+02 1.776510590000000036e+02 1.777601429999999993e+02
1.776307940000000087e+02 1.775032649999999990e+02 1.775701229999999953e+02
1.773444039999999973e+02 1.774106960000000015e+02 1.774707490000000121e+02
1.790329169999999976e+02 1.788970979999999997e+02 1.789578400000000045e+02
1.760968420000000094e+02 1.760121110000000044e+02 1.759724589999999864e+02
1.772929340000000025e+02 1.771666720000000055e+02 1.772344510000000071e+02
1.778458720000000142e+02 1.777170230000000117e+02 1.777830429999999922e+02
1.769029690000000130e+02 1.768075230000000033e+02 1.769260769999999923e+02
1.742685590000000104e+02 1.743942959999999971e+02 1.743336299999999994e+02
1.780256840000000125e+02 1.781462050000000090e+02 1.781188589999999863e+02
1.742318679999999915e+02 1.741299559999999929e+02 1.742468069999999898e+02
1.749983939999999905e+02 1.750397930000000031e+02 1.749031310000000019e+02
1.758560170000000085e+02 1.759236290000000054e+02 1.759839000000000055e+02
1.748447219999999902e+02 1.747817019999999957e+02 1.749087989999999877e+02
1.730820009999999911e+02 1.729924530000000118e+02 1.729718349999999987e+02
1.768084440000000086e+02 1.769353570000000104e+02 1.768686999999999898e+02
1.766165790000000015e+02 1.765572850000000074e+02 1.766854810000000100e+02
1.786653070000000127e+02 1.785452530000000024e+02 1.785818739999999991e+02
1.745235649999999907e+02 1.746519820000000038e+02 1.745773220000000094e+02
1.764106859999999983e+02 1.764672439999999938e+02 1.765288810000000126e+02
1.744590029999999956e+02 1.743324289999999905e+02 1.743971870000000024e+02
1.780961079999999868e+02 1.779763690000000054e+02 1.780009369999999933e+02
1.778865020000000072e+02 1.779543950000000052e+02 1.780140460000000076e+02
1.754421059999999954e+02 1.755679110000000094e+02 1.755000410000000102e+02
1.783563450000000046e+02 1.783085010000000068e+02 1.782328689999999938e+02
1.746386070000000075e+02 1.745678990000000113e+02 1.746897910000000138e+02
1.769926639999999907e+02 1.770529359999999883e+02 1.769243740000000003e+02
1.753758300000000077e+02 1.753986859999999979e+02 1.754954630000000009e+02
1.789807759999999917e+02 1.789075119999999970e+02 1.788552650000000028e+02
1.745242700000000013e+02 1.744590029999999956e+02 1.743971870000000024e+02
1.779795569999999998e+02 1.779206430000000125e+02 1.780448480000000018e+02
1.750889259999999865e+02 1.750219920000000116e+02 1.749614029999999900e+02
1.761643219999999985e+02 1.760368190000000084e+02 1.761041590000000099e+02
1.758957090000000107e+02 1.758285999999999945e+02 1.757682059999999922e+02
1.755068400000000111e+02 1.755679110000000094e+02 1.754421059999999954e+02
1.795972460000000126e+02 1.796628530000000126e+02 1.795250279999999918e+02
1.784286740000000009e+02 1.785599029999999914e+02 1.784903219999999919e+02
1.726097599999999943e+02 1.727793660000000102e+02 1.726843829999999969e+02
1.741770870000000002e+02 1.740546150000000125e+02 1.740816639999999893e+02
1.779120059999999910e+02 1.779754930000000002e+02 1.778479849999999942e+02
1.761572639999999978e+02 1.760900919999999985e+02 1.760298990000000003e+02
1.757211220000000083e+02 1.755933359999999936e+02 1.756607400000000041e+02
1.738176980000000071e+02 1.738566079999999943e+02 1.739306540000000041e+02
1.740546150000000125e+02 1.739321160000000077e+02 1.739595510000000047e+02
1.724778819999999939e+02 1.726056279999999958e+02 1.725349919999999884e+02
1.751429459999999949e+02 1.750756159999999966e+02 1.750154560000000004e+02
1.786695670000000007e+02 1.787962599999999895e+02 1.787268799999999942e+02
1.728725039999999922e+02 1.727800550000000044e+02 1.728955890000000011e+02
1.768800789999999949e+02 1.770039690000000121e+02 1.768992650000000140e+02
1.757782159999999863e+02 1.756581239999999866e+02 1.756797970000000078e+02
1.793172859999999957e+02 1.792645780000000002e+02 1.793933580000000063e+02
1.774859360000000095e+02 1.773492770000000007e+02 1.774254349999999931e+02
1.770487489999999866e+02 1.769808830000000057e+02 1.769213949999999897e+02
1.788039809999999932e+02 1.788714779999999962e+02 1.789301269999999988e+02
1.757353909999999928e+02 1.756753089999999986e+02 1.758028140000000121e+02
1.779285150000000044e+02 1.778715090000000032e+02 1.779973540000000014e+02
1.769243740000000003e+02 1.767969679999999926e+02 1.768651279999999986e+02
1.733178450000000055e+02 1.732238020000000063e+02 1.733431640000000016e+02
1.758696640000000002e+02 1.757431689999999946e+02 1.758096549999999922e+02
1.767227200000000096e+02 1.768565409999999929e+02 1.767786900000000117e+02
1.762619369999999890e+02 1.762917500000000075e+02 1.763836249999999950e+02
1.784759239999999920e+02 1.783482950000000073e+02 1.784185040000000129e+02
1.741299559999999929e+02 1.740140039999999999e+02 1.740462459999999965e+02
1.784666960000000131e+02 1.785314950000000067e+02 1.784029810000000111e+02
1.755464990000000114e+02 1.754787780000000055e+02 1.754165439999999876e+02
1.764295140000000117e+02 1.765572850000000074e+02 1.764868419999999958e+02
1.743242810000000134e+02 1.743825579999999889e+02 1.742535890000000052e+02
1.735934139999999957e+02 1.734653680000000122e+02 1.735422930000000008e+02
1.757211220000000083e+02 1.756607400000000041e+02 1.757885400000000118e+02
1.785314950000000067e+02 1.786561220000000105e+02 1.785787550000000010e+02
1.762597489999999993e+02 1.762009529999999984e+02 1.763283729999999991e+02
1.757344150000000127e+02 1.756151020000000074e+02 1.756360789999999952e+02
1.746519820000000038e+02 1.747813810000000103e+02 1.747056139999999971e+02
1.732596249999999998e+02 1.731471769999999992e+02 1.731712750000000085e+02
1.757835780000000057e+02 1.756887350000000083e+02 1.758105899999999906e+02
1.783482950000000073e+02 1.782201169999999877e+02 1.782899830000000065e+02
1.763565700000000049e+02 1.762739459999999951e+02 1.762372709999999927e+02
1.741158220000000085e+02 1.740553179999999998e+02 1.741883459999999957e+02
1.738938400000000115e+02 1.739512210000000039e+02 1.738413620000000037e+02
1.759920920000000137e+02 1.760556559999999990e+02 1.759466950000000054e+02
1.771915810000000135e+02 1.771252660000000105e+02 1.770629950000000008e+02
1.759076880000000074e+02 1.757782159999999863e+02 1.757966920000000073e+02
1.779611979999999960e+02 1.780514970000000119e+02 1.779267949999999985e+02
1.778586080000000038e+02 1.779838739999999859e+02 1.779124879999999962e+02
1.754531949999999938e+02 1.754952319999999872e+02 1.753728130000000078e+02
1.785548009999999977e+02 1.786216719999999896e+02 1.786837199999999939e+02
1.791029240000000016e+02 1.790328550000000121e+02 1.789776119999999935e+02
1.768084440000000086e+02 1.767413149999999860e+02 1.766814210000000003e+02
1.796428459999999916e+02 1.795624310000000037e+02 1.795096460000000036e+02
1.786216719999999896e+02 1.785599029999999914e+02 1.786910200000000088e+02
1.727317349999999863e+02 1.728430970000000002e+02 1.727151489999999967e+02
1.752165660000000003e+02 1.750889259999999865e+02 1.751554539999999918e+02
1.755792610000000025e+02 1.754507250000000056e+02 1.755185649999999953e+02
1.752773170000000107e+02 1.751496349999999893e+02 1.752165660000000003e+02
1.757507589999999880e+02 1.756131460000000004e+02 1.756543399999999906e+02
1.746307370000000105e+02 1.747597370000000012e+02 1.746947680000000105e+02
1.745882919999999956e+02 1.746519920000000070e+02 1.745242700000000013e+02
1.790891359999999963e+02 1.789807759999999917e+02 1.789507079999999917e+02
1.755401080000000036e+02 1.754435090000000059e+02 1.755644819999999982e+02
1.795168920000000128e+02 1.793891889999999876e+02 1.794588850000000093e+02
1.739595510000000047e+02 1.739871489999999881e+02 1.740816639999999893e+02
1.761684620000000052e+02 1.760733840000000043e+02 1.762006550000000118e+02
1.784759239999999920e+02 1.784061710000000005e+02 1.783482950000000073e+02
1.769645580000000109e+02 1.770241359999999986e+02 1.768971439999999973e+02
1.755397900000000107e+02 1.754114979999999946e+02 1.754787780000000055e+02
1.772684519999999964e+02 1.773788700000000063e+02 1.773144739999999899e+02
1.772111089999999933e+02 1.772714300000000094e+02 1.771440100000000086e+02
1.726056279999999958e+02 1.727421929999999861e+02 1.726662560000000042e+02
1.771198300000000074e+02 1.770375329999999963e+02 1.770123169999999959e+02
1.780463059999999871e+02 1.779227689999999882e+02 1.779510180000000048e+02
1.771168830000000014e+02 1.771759649999999908e+02 1.770487489999999866e+02
1.786496420000000001e+02 1.786852729999999951e+02 1.785827979999999968e+02
1.774541969999999935e+02 1.775153510000000097e+02 1.773865570000000105e+02
1.765141769999999894e+02 1.765855579999999918e+02 1.766439430000000073e+02
1.792367270000000019e+02 1.793024420000000134e+02 1.793600160000000017e+02
1.779021569999999883e+02 1.777730430000000013e+02 1.778408420000000092e+02
1.760439540000000136e+02 1.760733840000000043e+02 1.761684620000000052e+02
1.782527310000000114e+02 1.783686439999999891e+02 1.783060710000000029e+02
1.741844830000000002e+02 1.742487519999999961e+02 1.743146389999999997e+02
1.794425219999999968e+02 1.795702369999999917e+02 1.794729499999999973e+02
1.765237899999999911e+02 1.766510749999999916e+02 1.765833939999999984e+02
1.759485070000000064e+02 1.758530609999999967e+02 1.759743110000000001e+02
1.763836249999999950e+02 1.762917500000000075e+02 1.764106859999999983e+02
1.787149520000000109e+02 1.786332629999999995e+02 1.785768280000000061e+02
1.759743110000000001e+02 1.758782970000000034e+02 1.759978289999999959e+02
1.750811730000000068e+02 1.751624009999999885e+02 1.752050910000000101e+02
1.769773869999999931e+02 1.768835860000000082e+02 1.770038350000000094e+02
1.739551820000000077e+02 1.740176170000000013e+02 1.738880340000000047e+02
1.728430970000000002e+02 1.728106579999999894e+02 1.727151489999999967e+02
1.778514700000000062e+02 1.779585739999999987e+02 1.778574450000000127e+02
1.794674349999999947e+02 1.795250279999999918e+02 1.793933580000000063e+02
1.779973540000000014e+02 1.779386489999999981e+02 1.780652300000000139e+02
1.771584269999999890e+02 1.770913140000000112e+02 1.770318839999999909e+02
1.756887350000000083e+02 1.755927350000000047e+02 1.757152059999999949e+02
1.723103570000000104e+02 1.723350340000000074e+02 1.724159310000000005e+02
1.724728509999999915e+02 1.723824529999999982e+02 1.725040899999999908e+02
1.757835780000000057e+02 1.756621690000000058e+02 1.756887350000000083e+02
1.767790799999999933e+02 1.768800789999999949e+02 1.768992650000000140e+02
1.778540560000000141e+02 1.779206430000000125e+02 1.779795569999999998e+02
1.725937720000000013e+02 1.725040899999999908e+02 1.726162799999999891e+02
1.772451859999999897e+02 1.773715489999999875e+02 1.773054740000000038e+02
1.771915810000000135e+02 1.771282270000000096e+02 1.772544819999999959e+02
1.749061820000000012e+02 1.750324880000000007e+02 1.749672079999999994e+02
1.747658680000000118e+02 1.748941560000000095e+02 1.748266710000000046e+02
1.760948150000000112e+02 1.759743110000000001e+02 1.759978289999999959e+02
1.747997379999999907e+02 1.746760170000000016e+02 1.746853680000000111e+02
1.782303579999999954e+02 1.781687359999999956e+02 1.783000399999999956e+02
1.754655419999999992e+02 1.755258650000000102e+02 1.753981280000000140e+02
1.747911320000000046e+02 1.748169929999999965e+02 1.749137200000000121e+02
1.756151020000000074e+02 1.754954630000000009e+02 1.755176370000000077e+02
1.783270359999999926e+02 1.783951419999999928e+02 1.784533309999999915e+02
1.749614029999999900e+02 1.748337190000000021e+02 1.749008969999999863e+02
1.764553139999999871e+02 1.765593200000000138e+02 1.765805070000000114e+02
1.784672490000000096e+02 1.785405849999999930e+02 1.784188179999999875e+02
1.764118489999999895e+02 1.764791759999999954e+02 1.765391730000000052e+02
1.736046530000000132e+02 1.736262529999999913e+02 1.737273800000000108e+02
1.751496349999999893e+02 1.752101670000000126e+02 1.750825499999999977e+02
1.783604620000000125e+02 1.782303579999999954e+02 1.783000399999999956e+02
1.772714300000000094e+02 1.773990569999999991e+02 1.773321249999999907e+02
1.781802089999999907e+02 1.783060710000000029e+02 1.782371310000000051e+02
1.731980430000000126e+02 1.730774619999999970e+02 1.731025280000000066e+02
1.767001669999999933e+02 1.767575400000000059e+02 1.766316889999999944e+02
1.750799900000000093e+02 1.749865320000000111e+02 1.751121660000000020e+02
1.776849870000000067e+02 1.776191770000000076e+02 1.775553879999999936e+02
1.731025280000000066e+02 1.730063649999999882e+02 1.731274260000000140e+02
1.727538659999999879e+02 1.726308429999999987e+02 1.726600280000000112e+02
1.782399550000000090e+02 1.781413149999999916e+02 1.782602599999999882e+02
1.766773699999999963e+02 1.766165790000000015e+02 1.767453309999999931e+02
1.767161539999999889e+02 1.765999730000000056e+02 1.766397709999999961e+02
1.760733840000000043e+02 1.760948150000000112e+02 1.762006550000000118e+02
1.774064050000000066e+02 1.774948829999999873e+02 1.775222119999999961e+02
1.777629349999999988e+02 1.778023750000000121e+02 1.778883409999999969e+02
1.763897890000000075e+02 1.762652070000000037e+02 1.763437030000000050e+02
1.771915810000000135e+02 1.770629950000000008e+02 1.771282270000000096e+02
1.743788839999999993e+02 1.744424040000000105e+02 1.743146389999999997e+02
1.754165439999999876e+02 1.753498590000000092e+02 1.752873350000000130e+02
1.779262479999999869e+02 1.777975810000000081e+02 1.778574450000000127e+02
1.779464030000000037e+02 1.780140460000000076e+02 1.780734530000000007e+02
1.748266710000000046e+02 1.749548149999999964e+02 1.748878029999999910e+02
1.761716659999999877e+02 1.762992649999999912e+02 1.762317060000000026e+02
1.770166199999999890e+02 1.768893410000000017e+02 1.769567930000000047e+02
1.793684810000000027e+02 1.793172859999999957e+02 1.794429039999999986e+02
1.785036159999999938e+02 1.786332629999999995e+02 1.785608070000000112e+02
1.763672290000000089e+02 1.764070659999999862e+02 1.762798650000000009e+02
1.756753089999999986e+02 1.756150100000000123e+02 1.757431689999999946e+02
1.742080400000000111e+02 1.741448509999999885e+02 1.740825619999999958e+02
1.789280239999999935e+02 1.788010439999999903e+02 1.788742330000000038e+02
1.768827400000000125e+02 1.768160249999999962e+02 1.767575400000000059e+02
1.787613760000000127e+02 1.787044400000000053e+02 1.788291409999999928e+02
1.784893250000000080e+02 1.783604620000000125e+02 1.784316019999999980e+02
1.789788760000000138e+02 1.790295830000000024e+02 1.788985240000000090e+02
1.748694360000000074e+02 1.750001910000000009e+02 1.749303869999999961e+02
1.793891889999999876e+02 1.792614869999999883e+02 1.793337940000000117e+02
1.753296640000000082e+02 1.753728130000000078e+02 1.752487969999999962e+02
1.786060270000000116e+02 1.786614680000000135e+02 1.785371629999999925e+02
1.750280970000000025e+02 1.749614029999999900e+02 1.749008969999999863e+02
1.744005630000000053e+02 1.742991879999999867e+02 1.744172949999999958e+02
1.794437660000000108e+02 1.793178969999999879e+02 1.793633320000000140e+02
1.738944119999999884e+02 1.737694759999999974e+02 1.738353099999999927e+02
1.781029080000000135e+02 1.781699279999999987e+02 1.780403770000000065e+02
1.790098179999999957e+02 1.790808040000000005e+02 1.791372360000000015e+02
1.769965440000000001e+02 1.770570460000000139e+02 1.769290990000000079e+02
1.757614599999999996e+02 1.758201139999999896e+02 1.756940700000000106e+02
1.789884700000000066e+02 1.788634859999999946e+02 1.789301269999999988e+02
1.771994809999999916e+02 1.773003469999999879e+02 1.771946350000000052e+02
1.775142669999999896e+02 1.776384979999999985e+02 1.775883599999999944e+02
1.780915369999999882e+02 1.779627470000000073e+02 1.780314319999999952e+02
1.743384619999999927e+02 1.742450300000000141e+02 1.743673609999999883e+02
1.737314770000000124e+02 1.737971469999999954e+02 1.738685659999999871e+02
1.773990569999999991e+02 1.774602140000000077e+02 1.773321249999999907e+02
1.779627470000000073e+02 1.778943969999999979e+02 1.778339430000000050e+02
1.788552650000000028e+02 1.789075119999999970e+02 1.787857190000000003e+02
1.765141769999999894e+02 1.764701090000000079e+02 1.765855579999999918e+02
1.749607579999999984e+02 1.749983939999999905e+02 1.748847829999999988e+02
1.746326660000000004e+02 1.747056139999999971e+02 1.747578210000000070e+02
1.796811460000000125e+02 1.797918349999999919e+02 1.796779180000000053e+02
1.773715489999999875e+02 1.774958269999999914e+02 1.774254349999999931e+02
1.796153150000000096e+02 1.795405820000000006e+02 1.794851339999999880e+02
1.760968420000000094e+02 1.762216889999999978e+02 1.761359420000000000e+02
1.775431260000000009e+02 1.776092240000000118e+02 1.776671949999999924e+02
1.761306370000000072e+02 1.760686729999999898e+02 1.762015979999999900e+02
1.769808830000000057e+02 1.768537300000000130e+02 1.769213949999999897e+02
1.742660700000000134e+02 1.743242810000000134e+02 1.741971849999999904e+02
1.791046399999999892e+02 1.792312499999999886e+02 1.791545879999999897e+02
1.783060710000000029e+02 1.783644150000000081e+02 1.782371310000000051e+02
1.792402270000000044e+02 1.791116000000000099e+02 1.792236910000000023e+02
1.792291810000000112e+02 1.791724719999999991e+02 1.793025049999999965e+02
1.790540220000000033e+02 1.789825639999999964e+02 1.789280239999999935e+02
1.758105899999999906e+02 1.757152059999999949e+02 1.758404960000000017e+02
1.771648849999999982e+02 1.770449380000000019e+02 1.770708260000000109e+02
1.736046530000000132e+02 1.737273800000000108e+02 1.736991099999999904e+02
1.770010980000000131e+02 1.770629950000000008e+02 1.769353570000000104e+02
1.759236290000000054e+02 1.760519060000000025e+02 1.759839000000000055e+02
1.749484449999999924e+02 1.750756159999999966e+02 1.750079120000000046e+02
1.771282270000000096e+02 1.770662879999999859e+02 1.771940390000000036e+02
1.751586460000000045e+02 1.750564779999999985e+02 1.751695780000000013e+02
1.772847800000000120e+02 1.772256059999999991e+02 1.773516030000000114e+02
1.757211220000000083e+02 1.756536900000000117e+02 1.755933359999999936e+02
1.766065830000000005e+02 1.767340719999999976e+02 1.766665370000000053e+02
1.756238899999999887e+02 1.757477800000000059e+02 1.756620880000000113e+02
1.763964290000000119e+02 1.765237899999999911e+02 1.764559580000000096e+02
1.770487489999999866e+02 1.771078359999999918e+02 1.769808830000000057e+02
1.766065830000000005e+02 1.766739919999999984e+02 1.767340719999999976e+02
1.787749650000000088e+02 1.789032530000000065e+02 1.788291409999999928e+02
1.770090140000000076e+02 1.771367810000000134e+02 1.770689749999999947e+02
1.778465300000000013e+02 1.778045150000000092e+02 1.777185929999999985e+02
1.774064050000000066e+02 1.775222119999999961e+02 1.774100090000000023e+02
1.797852039999999931e+02 1.799000000000000057e+02 1.797917190000000005e+02
1.776591070000000059e+02 1.775222119999999961e+02 1.775937329999999861e+02
1.777170230000000117e+02 1.775885020000000054e+02 1.776548339999999939e+02
1.784889890000000037e+02 1.785552940000000035e+02 1.784301820000000021e+02
1.740825619999999958e+02 1.740176170000000013e+02 1.739551820000000077e+02
1.755981069999999988e+02 1.754697449999999890e+02 1.754817950000000053e+02
1.745047930000000065e+02 1.745295230000000117e+02 1.746258009999999956e+02
1.753756239999999877e+02 1.752857099999999946e+02 1.752677089999999964e+02
1.778547509999999932e+02 1.777593109999999967e+02 1.778809329999999989e+02
1.792952080000000024e+02 1.793535579999999925e+02 1.792222209999999905e+02
1.750994619999999884e+02 1.751705479999999966e+02 1.752278489999999920e+02
1.730251989999999864e+02 1.730820009999999911e+02 1.729718349999999987e+02
1.752509450000000015e+02 1.751586460000000045e+02 1.752857099999999946e+02
1.739226909999999862e+02 1.740553179999999998e+02 1.739801170000000070e+02
1.788272670000000062e+02 1.787613760000000127e+02 1.788821519999999907e+02
1.777975810000000081e+02 1.777512570000000096e+02 1.778574450000000127e+02
1.763671050000000093e+02 1.763076279999999940e+02 1.764353120000000104e+02
1.770662879999999859e+02 1.770098989999999901e+02 1.771319399999999860e+02
1.771391859999999951e+02 1.770449380000000019e+02 1.771648849999999982e+02
1.787299170000000004e+02 1.787833149999999875e+02 1.786614680000000135e+02
1.779124879999999962e+02 1.780418730000000096e+02 1.779817810000000122e+02
1.774541969999999935e+02 1.773255640000000142e+02 1.773930569999999989e+02
1.781608080000000029e+02 1.780915369999999882e+02 1.780314319999999952e+02
1.782288979999999867e+02 1.782961249999999893e+02 1.783546839999999918e+02
1.787370530000000031e+02 1.787962599999999895e+02 1.786695670000000007e+02
1.749983939999999905e+02 1.751232850000000099e+02 1.750397930000000031e+02
1.751613450000000114e+02 1.752895249999999976e+02 1.752242540000000020e+02
1.747578210000000070e+02 1.748847829999999988e+02 1.748048220000000015e+02
1.793891889999999876e+02 1.793337940000000117e+02 1.794588850000000093e+02
1.789788760000000138e+02 1.788985240000000090e+02 1.788480959999999982e+02
1.760686729999999898e+02 1.761359420000000000e+02 1.762015979999999900e+02
1.757141310000000090e+02 1.757746930000000134e+02 1.756467260000000010e+02
1.790935080000000141e+02 1.790329169999999976e+02 1.791610499999999888e+02
1.795608110000000011e+02 1.795700989999999990e+02 1.794743239999999957e+02
1.767781630000000064e+02 1.768375969999999882e+02 1.767105760000000032e+02
1.782250160000000108e+02 1.781008060000000057e+02 1.781641380000000083e+02
1.748538430000000119e+02 1.749807649999999910e+02 1.749098769999999945e+02
1.781799509999999884e+02 1.781456520000000125e+02 1.780615070000000060e+02
1.775222119999999961e+02 1.774948829999999873e+02 1.775937329999999861e+02
1.792706259999999929e+02 1.791949759999999969e+02 1.793178969999999879e+02
1.754435090000000059e+02 1.754697449999999890e+02 1.755644819999999982e+02
1.726002320000000054e+02 1.726308429999999987e+02 1.727277489999999887e+02
1.781462050000000090e+02 1.781580830000000049e+02 1.782775849999999878e+02
1.737115809999999954e+02 1.738485279999999875e+02 1.737665709999999990e+02
1.733964190000000087e+02 1.734581640000000107e+02 1.733500119999999924e+02
1.759765549999999905e+02 1.760440240000000074e+02 1.761041590000000099e+02
1.764986539999999877e+02 1.765666950000000099e+02 1.766260900000000049e+02
1.795399840000000040e+02 1.794590599999999938e+02 1.794108689999999910e+02
1.784929710000000114e+02 1.783616509999999948e+02 1.783745979999999918e+02
1.766065830000000005e+02 1.765465859999999907e+02 1.766739919999999984e+02
1.741411540000000002e+02 1.741971849999999904e+02 1.740740279999999984e+02
1.750099500000000035e+02 1.749137200000000121e+02 1.750359789999999975e+02
1.793743920000000003e+02 1.794295869999999979e+02 1.792952080000000024e+02
1.775928639999999916e+02 1.776583880000000022e+02 1.777203820000000007e+02
1.745778889999999990e+02 1.747057230000000061e+02 1.746368150000000128e+02
1.770570460000000139e+02 1.769891200000000140e+02 1.769290990000000079e+02
1.770166199999999890e+02 1.769491370000000074e+02 1.768893410000000017e+02
1.746386070000000075e+02 1.745815519999999879e+02 1.745108950000000050e+02
1.729431069999999977e+02 1.728204849999999908e+02 1.728567050000000052e+02
1.767781630000000064e+02 1.767105760000000032e+02 1.766510749999999916e+02
1.764553139999999871e+02 1.763437030000000050e+02 1.763457879999999989e+02
1.743336299999999994e+02 1.743942959999999971e+02 1.744602710000000059e+02
1.787045320000000004e+02 1.787199479999999880e+02 1.786176590000000033e+02
1.764829070000000115e+02 1.764189179999999908e+02 1.763565680000000100e+02
1.764791759999999954e+02 1.764191920000000096e+02 1.765465859999999907e+02
1.779737990000000138e+02 1.780134820000000104e+02 1.780953949999999963e+02
1.778540560000000141e+02 1.779795569999999998e+02 1.779143630000000087e+02
1.753904929999999922e+02 1.754582609999999931e+02 1.755185649999999953e+02
1.749820239999999956e+02 1.748865779999999859e+02 1.750099500000000035e+02
1.765542199999999866e+02 1.764268089999999916e+02 1.764946730000000059e+02
1.771367810000000134e+02 1.771971289999999897e+02 1.770689749999999947e+02
1.755498609999999928e+02 1.754833940000000041e+02 1.754186349999999948e+02
1.738566079999999943e+02 1.737273800000000108e+02 1.737410900000000140e+02
1.781152779999999893e+02 1.781844800000000077e+02 1.782442010000000039e+02
1.750967740000000106e+02 1.751613450000000114e+02 1.752242540000000020e+02
1.745066820000000121e+02 1.745773220000000094e+02 1.746326660000000004e+02
1.796445950000000096e+02 1.795854359999999872e+02 1.797031929999999988e+02
1.776191770000000076e+02 1.776821480000000122e+02 1.775588860000000011e+02
1.783369559999999865e+02 1.784639420000000030e+02 1.783951419999999928e+02
1.772778859999999952e+02 1.772179800000000114e+02 1.773444039999999973e+02
1.734653680000000122e+02 1.735226209999999867e+02 1.733964190000000087e+02
1.757152059999999949e+02 1.756151020000000074e+02 1.757344150000000127e+02
1.769419019999999989e+02 1.768751990000000092e+02 1.768160249999999962e+02
1.787641460000000109e+02 1.786496420000000001e+02 1.787162629999999979e+02
1.753305719999999894e+02 1.752705009999999959e+02 1.753981280000000140e+02
1.761179380000000094e+02 1.759920920000000137e+02 1.760483619999999974e+02
1.788444330000000093e+02 1.787214639999999974e+02 1.787857190000000003e+02
1.784538890000000038e+02 1.783616509999999948e+02 1.784929710000000114e+02
1.753825999999999965e+02 1.753141950000000122e+02 1.752539170000000013e+02
1.757782159999999863e+02 1.756797970000000078e+02 1.757966920000000073e+02
1.749983939999999905e+02 1.750811730000000068e+02 1.751232850000000099e+02
1.774744970000000137e+02 1.775037149999999997e+02 1.775963030000000060e+02
1.771716120000000103e+02 1.772699330000000089e+02 1.772925189999999986e+02
1.764295140000000117e+02 1.764986539999999877e+02 1.765572850000000074e+02
1.791919739999999877e+02 1.791372360000000015e+02 1.792645780000000002e+02
1.751845659999999896e+02 1.752459320000000105e+02 1.751121660000000020e+02
1.783691790000000026e+02 1.784353000000000122e+02 1.785036159999999938e+02
1.773099750000000085e+02 1.774370790000000113e+02 1.773715489999999875e+02
1.777885579999999948e+02 1.779143630000000087e+02 1.778497889999999870e+02
1.724728509999999915e+02 1.725040899999999908e+02 1.725937720000000013e+02
1.778506380000000036e+02 1.778549859999999967e+02 1.777601429999999993e+02
1.754445069999999873e+02 1.755117789999999900e+02 1.755732720000000029e+02
1.755927350000000047e+02 1.754954630000000009e+02 1.756151020000000074e+02
1.792309769999999958e+02 1.791949759999999969e+02 1.790891359999999963e+02
1.744093469999999968e+02 1.743139009999999871e+02 1.744335000000000093e+02
1.771896989999999903e+02 1.772577239999999961e+02 1.773188020000000051e+02
1.720999999999999943e+02 1.720999999999999943e+02 1.722037829999999872e+02
1.730774729999999977e+02 1.729376200000000097e+02 1.729695820000000026e+02
1.775970719999999972e+02 1.774707490000000121e+02 1.775364869999999939e+02
1.735789890000000071e+02 1.734837239999999952e+02 1.736046530000000132e+02
1.782298600000000022e+02 1.783009419999999920e+02 1.781699279999999987e+02
1.784890010000000018e+02 1.785472190000000126e+02 1.784164330000000120e+02
1.736472609999999861e+02 1.735226209999999867e+02 1.735934139999999957e+02
1.732192000000000007e+02 1.733050149999999974e+02 1.733553339999999992e+02
1.770629950000000008e+02 1.771252660000000105e+02 1.769965440000000001e+02
1.747133169999999893e+02 1.746519920000000070e+02 1.747793979999999863e+02
1.753552720000000136e+02 1.752278489999999920e+02 1.752974729999999965e+02
1.773135709999999960e+02 1.773492770000000007e+02 1.774296830000000114e+02
1.760293729999999925e+02 1.760623919999999885e+02 1.759399209999999982e+02
1.769488049999999930e+02 1.770013260000000059e+02 1.770818820000000073e+02
1.756940700000000106e+02 1.758201139999999896e+02 1.757502929999999992e+02
1.786897250000000099e+02 1.788202290000000119e+02 1.787455070000000035e+02
1.787442399999999907e+02 1.786837199999999939e+02 1.788123139999999864e+02
1.763155999999999892e+02 1.764392809999999940e+02 1.763457879999999989e+02
1.775222119999999961e+02 1.776212889999999902e+02 1.775065539999999942e+02
1.742183320000000037e+02 1.742655019999999979e+02 1.741350689999999872e+02
1.762394459999999867e+02 1.763076279999999940e+02 1.763671050000000093e+02
1.752461570000000108e+02 1.753730779999999925e+02 1.752880429999999876e+02
1.770991870000000006e+02 1.769725410000000068e+02 1.770400950000000080e+02
1.788525040000000104e+02 1.789776119999999935e+02 1.789033139999999946e+02
1.770038350000000094e+02 1.768835860000000082e+02 1.769118770000000040e+02
1.759361739999999941e+02 1.759887180000000058e+02 1.758674980000000119e+02
1.740462459999999965e+02 1.741221119999999871e+02 1.741795749999999998e+02
1.766589679999999873e+02 1.765316129999999930e+02 1.765990740000000017e+02
1.754421059999999954e+02 1.753756239999999877e+02 1.753186550000000068e+02
1.794371230000000139e+02 1.794885539999999935e+02 1.793653869999999984e+02
1.744361169999999959e+02 1.743594799999999907e+02 1.743151729999999873e+02
1.773492770000000007e+02 1.772205930000000080e+02 1.772363679999999988e+02
1.766582410000000039e+02 1.767790799999999933e+02 1.766826350000000048e+02
1.781997000000000071e+02 1.783315230000000042e+02 1.782877530000000093e+02
1.795972659999999905e+02 1.796855639999999994e+02 1.795679350000000056e+02
1.761198909999999955e+02 1.761814459999999940e+02 1.760483619999999974e+02
1.787214639999999974e+02 1.786554050000000018e+02 1.785928900000000112e+02
1.774577119999999866e+02 1.773232199999999921e+02 1.773846810000000005e+02
1.763058550000000082e+02 1.763565700000000049e+02 1.762372709999999927e+02
1.788742330000000038e+02 1.788010439999999903e+02 1.787455070000000035e+02
1.792367270000000019e+02 1.791788129999999910e+02 1.793024420000000134e+02
1.779083599999999876e+02 1.779751679999999965e+02 1.780381669999999872e+02
1.785036159999999938e+02 1.784353000000000122e+02 1.785768280000000061e+02
1.791029240000000016e+02 1.791605570000000114e+02 1.790328550000000121e+02
1.782595520000000135e+02 1.781327550000000031e+02 1.782003630000000101e+02
1.795702369999999917e+02 1.795626689999999996e+02 1.794729499999999973e+02
1.744532320000000141e+02 1.743838450000000080e+02 1.745108950000000050e+02
1.743924470000000042e+02 1.745192830000000015e+02 1.744512780000000021e+02
1.773865570000000105e+02 1.775153510000000097e+02 1.774477280000000121e+02
1.758488790000000108e+02 1.757211220000000083e+02 1.757885400000000118e+02
1.776149580000000014e+02 1.776594130000000007e+02 1.775179420000000050e+02
1.766316889999999944e+02 1.766898879999999963e+02 1.765628979999999899e+02
1.733750249999999937e+02 1.732596249999999998e+02 1.733500119999999924e+02
1.782972110000000043e+02 1.783697050000000104e+02 1.784286740000000009e+02
1.745999999999999943e+02 1.747269220000000018e+02 1.746519820000000038e+02
1.785548009999999977e+02 1.786837199999999939e+02 1.786163029999999878e+02
1.742080400000000111e+02 1.740825619999999958e+02 1.741443050000000028e+02
1.765473800000000040e+02 1.766111349999999902e+02 1.764829070000000115e+02
1.788301869999999951e+02 1.789634159999999952e+02 1.788926999999999907e+02
1.748878029999999910e+02 1.749548149999999964e+02 1.750154560000000004e+02
1.788634859999999946e+02 1.788039809999999932e+02 1.789301269999999988e+02
1.764446049999999957e+02 1.763897890000000075e+02 1.765141769999999894e+02
1.781922849999999983e+02 1.782522600000000068e+02 1.781246280000000013e+02
1.774541969999999935e+02 1.773865570000000105e+02 1.773255640000000142e+02
1.788202290000000119e+02 1.789506450000000086e+02 1.788742330000000038e+02
1.767120769999999936e+02 1.767367160000000013e+02 1.768317000000000121e+02
1.797181510000000060e+02 1.796628530000000126e+02 1.795972460000000126e+02
1.780557939999999917e+02 1.779285150000000044e+02 1.779973540000000014e+02
1.792706259999999929e+02 1.792125580000000014e+02 1.791518629999999916e+02
1.784813430000000096e+02 1.785472190000000126e+02 1.786091439999999864e+02
1.785908799999999985e+02 1.786480579999999918e+02 1.785216069999999888e+02
1.733877310000000023e+02 1.732927139999999895e+02 1.734119239999999991e+02
1.734364199999999983e+02 1.733431640000000016e+02 1.734572330000000022e+02
1.792459249999999997e+02 1.791788129999999910e+02 1.791221710000000087e+02
1.745861109999999883e+02 1.745192830000000015e+02 1.744590029999999956e+02
1.787045320000000004e+02 1.786176590000000033e+02 1.785787550000000010e+02
1.770549149999999941e+02 1.771198300000000074e+02 1.770123169999999959e+02
1.744093469999999968e+02 1.744335000000000093e+02 1.745295230000000117e+02
1.785258389999999906e+02 1.784090830000000096e+02 1.784693750000000136e+02
1.778110389999999938e+02 1.779287170000000060e+02 1.779063260000000071e+02
1.744727770000000078e+02 1.745235649999999907e+02 1.743949049999999943e+02
1.789108109999999954e+02 1.787831079999999986e+02 1.788444330000000093e+02
1.762118649999999889e+02 1.762322870000000137e+02 1.763084489999999960e+02
1.787802470000000028e+02 1.787268799999999942e+02 1.788525040000000104e+02
1.775065539999999942e+02 1.775978049999999939e+02 1.774863560000000007e+02
1.740165289999999914e+02 1.740740279999999984e+02 1.739512210000000039e+02
1.771742539999999906e+02 1.772061960000000056e+02 1.772944090000000017e+02
1.769511620000000107e+02 1.768571829999999920e+02 1.769773869999999931e+02
1.767340719999999976e+02 1.766739919999999984e+02 1.768014939999999910e+02
1.750889259999999865e+02 1.749614029999999900e+02 1.750280970000000025e+02
1.764868419999999958e+02 1.765473800000000040e+02 1.764144019999999955e+02
1.762006550000000118e+02 1.762118649999999889e+02 1.763336459999999875e+02
1.746510910000000081e+02 1.745882919999999956e+02 1.745217849999999942e+02
1.772544819999999959e+02 1.771282270000000096e+02 1.771940390000000036e+02
1.763368930000000034e+02 1.763964290000000119e+02 1.762691509999999937e+02
1.788471529999999916e+02 1.789153860000000122e+02 1.789784820000000138e+02
1.765914469999999881e+02 1.766510749999999916e+02 1.765237899999999911e+02
1.785928900000000112e+02 1.784541089999999883e+02 1.785452530000000024e+02
1.781152779999999893e+02 1.782442010000000039e+02 1.781765310000000113e+02
1.754114979999999946e+02 1.753498590000000092e+02 1.754787780000000055e+02
1.750369579999999985e+02 1.750811730000000068e+02 1.749607579999999984e+02
1.782091079999999863e+02 1.782399550000000090e+02 1.783401350000000036e+02
1.752030509999999879e+02 1.752705009999999959e+02 1.753305719999999894e+02
1.783115129999999908e+02 1.783906269999999950e+02 1.782643030000000124e+02
1.794107119999999895e+02 1.794674349999999947e+02 1.793376379999999983e+02
1.758782970000000034e+02 1.757835780000000057e+02 1.759038109999999904e+02
1.745708349999999882e+02 1.746947680000000105e+02 1.746288429999999892e+02
1.760053599999999960e+02 1.761319849999999860e+02 1.760616379999999879e+02
1.765711039999999912e+02 1.765999730000000056e+02 1.766896140000000059e+02
1.788347960000000114e+02 1.787641460000000109e+02 1.787162629999999979e+02
1.774418990000000065e+02 1.773131820000000118e+02 1.773802770000000066e+02
1.754723860000000002e+02 1.754051019999999994e+02 1.753444309999999859e+02
1.792309769999999958e+02 1.792931220000000110e+02 1.793633320000000140e+02
1.767413149999999860e+02 1.766140249999999980e+02 1.766814210000000003e+02
1.777401309999999910e+02 1.777161979999999915e+02 1.776232550000000003e+02
1.745882919999999956e+02 1.745242700000000013e+02 1.744602710000000059e+02
1.793499999999999943e+02 1.793856920000000059e+02 1.792773569999999950e+02
1.779877280000000042e+02 1.778604410000000087e+02 1.779262479999999869e+02
1.759724589999999864e+02 1.760121110000000044e+02 1.758837900000000047e+02
1.787802470000000028e+02 1.788525040000000104e+02 1.789033139999999946e+02
1.786996739999999875e+02 1.785727730000000122e+02 1.786374790000000132e+02
1.757396579999999915e+02 1.758496670000000108e+02 1.757507589999999880e+02
1.778708980000000111e+02 1.778381520000000080e+02 1.777482860000000073e+02
1.791724719999999991e+02 1.791126509999999996e+02 1.792367270000000019e+02
1.764106859999999983e+02 1.762917500000000075e+02 1.763336459999999875e+02
1.784908550000000105e+02 1.785496159999999861e+02 1.784230939999999919e+02
1.756581239999999866e+02 1.755401080000000036e+02 1.755644819999999982e+02
1.789032530000000065e+02 1.790336320000000114e+02 1.789537770000000023e+02
1.782877880000000062e+02 1.782250160000000108e+02 1.783478680000000054e+02
1.779120059999999910e+02 1.780382390000000044e+02 1.779754930000000002e+02
1.776727380000000096e+02 1.775331020000000137e+02 1.775883599999999944e+02
1.769491370000000074e+02 1.770766209999999887e+02 1.770090140000000076e+02
1.746977400000000102e+02 1.746307370000000105e+02 1.745668569999999988e+02
1.773519569999999987e+02 1.772606069999999931e+02 1.773849580000000117e+02
1.781922849999999983e+02 1.781246280000000013e+02 1.780652300000000139e+02
1.760483619999999974e+02 1.759920920000000137e+02 1.759076880000000074e+02
1.774863560000000007e+02 1.775626039999999932e+02 1.774438900000000103e+02
1.793255369999999971e+02 1.794590599999999938e+02 1.793743920000000003e+02
1.760616379999999879e+02 1.761903440000000103e+02 1.761198909999999955e+02
1.795405820000000006e+02 1.795972460000000126e+02 1.794674349999999947e+02
1.760298990000000003e+02 1.760900919999999985e+02 1.759628010000000131e+02
1.781413149999999916e+02 1.780463059999999871e+02 1.781681370000000015e+02
1.785415910000000110e+02 1.784666960000000131e+02 1.784168659999999988e+02
1.787962599999999895e+02 1.789218070000000012e+02 1.788525040000000104e+02
1.729376200000000097e+02 1.728106579999999894e+02 1.728430970000000002e+02
1.776849870000000067e+02 1.777461830000000020e+02 1.776191770000000076e+02
1.764559580000000096e+02 1.763876669999999933e+02 1.763283729999999991e+02
1.781456520000000125e+02 1.782527310000000114e+02 1.781802089999999907e+02
1.779083599999999876e+02 1.780381669999999872e+02 1.779702980000000139e+02
1.768686999999999898e+02 1.769965440000000001e+02 1.769290990000000079e+02
1.749087989999999877e+02 1.747817019999999957e+02 1.748455309999999940e+02
1.765999730000000056e+02 1.764775649999999985e+02 1.765090889999999888e+02
1.743195749999999862e+02 1.744490380000000016e+02 1.743788839999999993e+02
1.746510910000000081e+02 1.745217849999999942e+02 1.745815519999999879e+02
1.750967740000000106e+02 1.752242540000000020e+02 1.751593059999999866e+02
1.796856359999999881e+02 1.797917190000000005e+02 1.796860409999999888e+02
1.772647660000000087e+02 1.773255640000000142e+02 1.771971289999999897e+02
1.777593109999999967e+02 1.776640270000000044e+02 1.777858960000000081e+02
1.753669669999999883e+02 1.753461299999999881e+02 1.752509450000000015e+02
1.773232199999999921e+02 1.772544819999999959e+02 1.773846810000000005e+02
1.763671050000000093e+02 1.764268089999999916e+02 1.762992649999999912e+02
1.730595319999999901e+02 1.729924530000000118e+02 1.731273620000000051e+02
1.771319399999999860e+02 1.772684519999999964e+02 1.771940390000000036e+02
1.754531949999999938e+02 1.755768490000000099e+02 1.754952319999999872e+02
1.764295140000000117e+02 1.763565700000000049e+02 1.763058550000000082e+02
1.774187890000000039e+02 1.775431260000000009e+02 1.774769579999999962e+02
1.769353570000000104e+02 1.770629950000000008e+02 1.769965440000000001e+02
1.735811150000000112e+02 1.736399299999999926e+02 1.735075999999999965e+02
1.773897849999999892e+02 1.775065539999999942e+02 1.774863560000000007e+02
1.755329370000000040e+02 1.754723860000000002e+02 1.756003289999999879e+02
1.792089640000000088e+02 1.791518829999999980e+02 1.792806930000000136e+02
1.785994729999999890e+02 1.786561220000000105e+02 1.785314950000000067e+02
1.740825619999999958e+02 1.741448509999999885e+02 1.740176170000000013e+02
1.757815060000000074e+02 1.756536900000000117e+02 1.757211220000000083e+02
1.747537879999999859e+02 1.748213120000000060e+02 1.748809479999999894e+02
1.776019819999999925e+02 1.776671949999999924e+02 1.777277469999999937e+02
1.793564279999999940e+02 1.793025049999999965e+02 1.794425219999999968e+02
1.752857099999999946e+02 1.753756239999999877e+02 1.754209799999999859e+02
1.792806930000000136e+02 1.791518829999999980e+02 1.792222209999999905e+02
1.779143630000000087e+02 1.780395709999999951e+02 1.779756020000000092e+02
1.761207860000000096e+02 1.762490139999999883e+02 1.761799729999999897e+02
1.766896140000000059e+02 1.765999730000000056e+02 1.767161539999999889e+02
1.761799729999999897e+02 1.762490139999999883e+02 1.763076279999999940e+02
1.729924530000000118e+02 1.730820009999999911e+02 1.731273620000000051e+02
1.780395709999999951e+02 1.779795569999999998e+02 1.781040999999999883e+02
1.749614029999999900e+02 1.750219920000000116e+02 1.748941560000000095e+02
1.764106859999999983e+02 1.763336459999999875e+02 1.764672439999999938e+02
1.760053599999999960e+02 1.760616379999999879e+02 1.759361739999999941e+02
1.760368190000000084e+02 1.759092400000000112e+02 1.759765549999999905e+02
1.755861920000000111e+02 1.756467260000000010e+02 1.755185649999999953e+02
1.763437030000000050e+02 1.762652070000000037e+02 1.762015979999999900e+02
1.732513150000000053e+02 1.732596249999999998e+02 1.733750249999999937e+02
1.781040999999999883e+02 1.780448480000000018e+02 1.781688880000000097e+02
1.742184540000000084e+02 1.742450300000000141e+02 1.743384619999999927e+02
1.749989180000000033e+02 1.749303869999999961e+02 1.750643070000000137e+02
1.783009419999999920e+02 1.783555729999999926e+02 1.784353000000000122e+02
1.738919459999999901e+02 1.737961940000000141e+02 1.739196579999999983e+02
1.786561220000000105e+02 1.787045320000000004e+02 1.785787550000000010e+02
1.733431640000000016e+02 1.732238020000000063e+02 1.732513150000000053e+02
1.746133079999999893e+02 1.747478140000000053e+02 1.746853680000000111e+02
1.764791759999999954e+02 1.763518269999999859e+02 1.764191920000000096e+02
1.796675070000000005e+02 1.797181510000000060e+02 1.795972460000000126e+02
1.781637589999999989e+02 1.782298600000000022e+02 1.781029080000000135e+02
1.768651279999999986e+02 1.767388249999999914e+02 1.768055579999999907e+02
1.771367810000000134e+02 1.772647660000000087e+02 1.771971289999999897e+02
1.760623919999999885e+02 1.760968420000000094e+02 1.759724589999999864e+02
1.770818820000000073e+02 1.771994809999999916e+02 1.771946350000000052e+02
1.795700989999999990e+02 1.794425219999999968e+02 1.794743239999999957e+02
1.779763690000000054e+02 1.778809329999999989e+02 1.780009369999999933e+02
1.796628530000000126e+02 1.795668770000000052e+02 1.795250279999999918e+02
1.747813810000000103e+02 1.749098769999999945e+02 1.748353099999999927e+02
1.776374619999999993e+02 1.776981900000000110e+02 1.775701229999999953e+02
1.790328550000000121e+02 1.791605570000000114e+02 1.790891359999999963e+02
1.757782159999999863e+02 1.759076880000000074e+02 1.758686820000000068e+02
1.749703059999999937e+02 1.748455309999999940e+02 1.749031310000000019e+02
1.754445069999999873e+02 1.753141950000000122e+02 1.753825999999999965e+02
1.772847800000000120e+02 1.774106960000000015e+02 1.773444039999999973e+02
1.788057970000000125e+02 1.788480959999999982e+02 1.787149520000000109e+02
1.780227350000000115e+02 1.780821860000000072e+02 1.779543950000000052e+02
1.789307929999999942e+02 1.789788760000000138e+02 1.788480959999999982e+02
1.767035970000000020e+02 1.767629780000000039e+02 1.766439430000000073e+02
1.757538499999999999e+02 1.756581239999999866e+02 1.757782159999999863e+02
1.740816639999999893e+02 1.739871489999999881e+02 1.741082120000000089e+02
1.778408420000000092e+02 1.777730430000000013e+02 1.777117709999999988e+02
1.799000000000000057e+02 1.799000000000000057e+02 1.797907270000000040e+02
1.732683550000000139e+02 1.731729090000000042e+02 1.732927139999999895e+02
1.743139009999999871e+02 1.742184540000000084e+02 1.743384619999999927e+02
1.776981900000000110e+02 1.776307940000000087e+02 1.775701229999999953e+02
1.728955890000000011e+02 1.728106579999999894e+02 1.729376200000000097e+02
1.740140039999999999e+02 1.738919459999999901e+02 1.739196579999999983e+02
1.780314319999999952e+02 1.779702980000000139e+02 1.781001939999999877e+02
1.785462650000000053e+02 1.784893250000000080e+02 1.786173349999999971e+02
1.763457879999999989e+02 1.763437030000000050e+02 1.762528220000000090e+02
1.782643030000000124e+02 1.783432699999999897e+02 1.782200239999999951e+02
1.784286740000000009e+02 1.784903219999999919e+02 1.783569540000000018e+02
1.786984249999999861e+02 1.787649470000000065e+02 1.788301869999999951e+02
1.783691790000000026e+02 1.785036159999999938e+02 1.784316019999999980e+02
1.765141769999999894e+02 1.763897890000000075e+02 1.764701090000000079e+02
1.754206770000000120e+02 1.753231360000000052e+02 1.754435090000000059e+02
1.793535579999999925e+02 1.792806930000000136e+02 1.792222209999999905e+02
1.737174909999999954e+02 1.736725559999999859e+02 1.737975490000000036e+02
1.773141239999999925e+02 1.772446140000000128e+02 1.771855950000000064e+02
1.787831079999999986e+02 1.786554050000000018e+02 1.787214639999999974e+02
1.767629780000000039e+02 1.768331009999999992e+02 1.768839979999999912e+02
1.739196579999999983e+02 1.737961940000000141e+02 1.738176980000000071e+02
1.788926999999999907e+02 1.789520210000000020e+02 1.788220080000000110e+02
1.762216889999999978e+02 1.763155999999999892e+02 1.763457879999999989e+02
1.735983160000000112e+02 1.737314770000000124e+02 1.736549990000000037e+02
1.755370330000000081e+02 1.756238899999999887e+02 1.756620880000000113e+02
1.793856920000000059e+02 1.794371230000000139e+02 1.793287750000000074e+02
1.735316709999999887e+02 1.735583670000000041e+02 1.736516239999999982e+02
1.723448860000000025e+02 1.722450039999999944e+02 1.723824529999999982e+02
1.782602599999999882e+02 1.781413149999999916e+02 1.781681370000000015e+02
1.781766839999999945e+02 1.780606740000000059e+02 1.780840990000000090e+02
1.743266950000000008e+02 1.742571519999999907e+02 1.743838450000000080e+02
1.760440240000000074e+02 1.759765549999999905e+02 1.759163139999999999e+02
1.742450300000000141e+02 1.741504520000000014e+02 1.742743240000000071e+02
1.746002389999999878e+02 1.745047930000000065e+02 1.746258009999999956e+02
1.789506450000000086e+02 1.790026569999999992e+02 1.788742330000000038e+02
1.741795749999999998e+02 1.743151729999999873e+02 1.742468069999999898e+02
1.764701090000000079e+02 1.765805070000000114e+02 1.765855579999999918e+02
1.743195749999999862e+02 1.743788839999999993e+02 1.742487519999999961e+02
1.736262529999999913e+02 1.735071979999999883e+02 1.735316709999999887e+02
1.785681109999999876e+02 1.784391630000000077e+02 1.785067830000000129e+02
1.792459249999999997e+02 1.791221710000000087e+02 1.791919739999999877e+02
1.787442399999999907e+02 1.788123139999999864e+02 1.788714779999999962e+02
1.749484449999999924e+02 1.748213120000000060e+02 1.748878029999999910e+02
1.739196579999999983e+02 1.738176980000000071e+02 1.739306540000000041e+02
1.799000000000000057e+02 1.797912589999999966e+02 1.797919949999999858e+02
1.755397900000000107e+02 1.754723860000000002e+02 1.754114979999999946e+02
1.766111349999999902e+02 1.766773699999999963e+02 1.767388249999999914e+02
1.782877880000000062e+02 1.783478680000000054e+02 1.784090830000000096e+02
1.758560170000000085e+02 1.759839000000000055e+02 1.759163139999999999e+02
1.797918349999999919e+02 1.797919949999999858e+02 1.796779180000000053e+02
1.751849379999999883e+02 1.752041460000000086e+02 1.753018209999999897e+02
1.772853420000000142e+02 1.771917880000000025e+02 1.773135709999999960e+02
1.774857790000000080e+02 1.774948829999999873e+02 1.773867740000000026e+02
1.783085010000000068e+02 1.782114550000000008e+02 1.782328689999999938e+02
1.774655170000000055e+02 1.773990569999999991e+02 1.773382619999999861e+02
1.787302860000000067e+02 1.787879079999999874e+02 1.786604780000000119e+02
1.724169650000000047e+02 1.725485860000000002e+02 1.724778819999999939e+02
1.776307940000000087e+02 1.776912609999999972e+02 1.775635770000000093e+02
1.791221710000000087e+02 1.790549110000000042e+02 1.789974210000000028e+02
1.747793979999999863e+02 1.748447219999999902e+02 1.749061820000000012e+02
1.788291409999999928e+02 1.789032530000000065e+02 1.789537770000000023e+02
1.791085850000000050e+02 1.791600160000000130e+02 1.790295830000000024e+02
1.762456249999999898e+02 1.763725379999999916e+02 1.763058550000000082e+02
1.795405820000000006e+02 1.794674349999999947e+02 1.794107119999999895e+02
1.752050910000000101e+02 1.753296640000000082e+02 1.752487969999999962e+02
1.726002320000000054e+02 1.725047849999999983e+02 1.726308429999999987e+02
1.795624310000000037e+02 1.796153150000000096e+02 1.794851339999999880e+02
1.732618980000000022e+02 1.732596249999999998e+02 1.731712750000000085e+02
1.733879249999999956e+02 1.734672669999999925e+02 1.735203359999999861e+02
1.774106960000000015e+02 1.774769579999999962e+02 1.775364869999999939e+02
1.758881910000000062e+02 1.759470890000000054e+02 1.758201139999999896e+02
1.795243169999999964e+02 1.794437660000000108e+02 1.795679350000000056e+02
1.747911320000000046e+02 1.746956849999999974e+02 1.748169929999999965e+02
1.752539170000000013e+02 1.751845659999999896e+02 1.751285220000000038e+02
1.765071529999999882e+02 1.764394470000000013e+02 1.763791420000000016e+02
1.773141239999999925e+02 1.771855950000000064e+02 1.772563969999999927e+02
1.786031839999999988e+02 1.786604780000000119e+02 1.785333579999999927e+02
1.740740279999999984e+02 1.740004529999999932e+02 1.739512210000000039e+02
1.776309479999999894e+02 1.776450389999999970e+02 1.777309820000000116e+02
1.753018209999999897e+02 1.753231360000000052e+02 1.754206770000000120e+02
1.725047849999999983e+02 1.724199309999999912e+02 1.725385829999999885e+02
1.738485279999999875e+02 1.739115009999999870e+02 1.737665709999999990e+02
1.796869670000000099e+02 1.796855639999999994e+02 1.795972659999999905e+02
1.764118489999999895e+02 1.763518269999999859e+02 1.764791759999999954e+02
1.765990740000000017e+02 1.764717689999999948e+02 1.765391730000000052e+02
1.772451859999999897e+02 1.773099750000000085e+02 1.773715489999999875e+02
1.730060249999999940e+02 1.730848000000000013e+02 1.731338959999999929e+02
1.772111089999999933e+02 1.771440100000000086e+02 1.770839469999999949e+02
1.786852729999999951e+02 1.787149520000000109e+02 1.785768280000000061e+02
1.762348460000000046e+02 1.762619369999999890e+02 1.763557130000000086e+02
1.765542199999999866e+02 1.764946730000000059e+02 1.766219260000000020e+02
1.767619660000000010e+02 1.766412899999999979e+02 1.766660139999999899e+02
1.767161539999999889e+02 1.766397709999999961e+02 1.767786900000000117e+02
1.772468470000000025e+02 1.771836930000000052e+02 1.773131820000000118e+02
1.764118489999999895e+02 1.763445419999999899e+02 1.762845580000000041e+02
1.723350340000000074e+02 1.724778819999999939e+02 1.724159310000000005e+02
1.779737990000000138e+02 1.780953949999999963e+02 1.780615070000000060e+02
1.733178450000000055e+02 1.733431640000000016e+02 1.734364199999999983e+02
1.766397709999999961e+02 1.765090889999999888e+02 1.765288810000000126e+02
1.762490139999999883e+02 1.761914679999999862e+02 1.763189930000000061e+02
1.775032649999999990e+02 1.774418990000000065e+02 1.775701229999999953e+02
1.766322999999999865e+02 1.767561900000000037e+02 1.766582410000000039e+02
1.750324880000000007e+02 1.750940740000000062e+02 1.749672079999999994e+02
1.799000000000000057e+02 1.799000000000000057e+02 1.797912589999999966e+02
1.784908550000000105e+02 1.784230939999999919e+02 1.783644150000000081e+02
1.781386919999999918e+02 1.782200239999999951e+02 1.780953949999999963e+02
1.771836930000000052e+02 1.770529359999999883e+02 1.771214510000000075e+02
1.761179380000000094e+02 1.761799770000000080e+02 1.760556559999999990e+02
1.795608110000000011e+02 1.794265379999999936e+02 1.794895420000000001e+02
1.772577239999999961e+02 1.771896989999999903e+02 1.771291319999999985e+02
1.795399840000000040e+02 1.795914150000000120e+02 1.794590599999999938e+02
1.797181510000000060e+02 1.798485689999999977e+02 1.797794660000000135e+02
1.727793660000000102e+02 1.729065889999999968e+02 1.728221379999999954e+02
1.760229429999999979e+02 1.760827160000000049e+02 1.759556870000000117e+02
1.739115009999999870e+02 1.737975490000000036e+02 1.737665709999999990e+02
1.772511069999999904e+02 1.773188020000000051e+02 1.773802770000000066e+02
1.775885020000000054e+02 1.775268440000000112e+02 1.776548339999999939e+02
1.728955890000000011e+02 1.730251989999999864e+02 1.729718349999999987e+02
1.734837239999999952e+02 1.733638009999999952e+02 1.733877310000000023e+02
1.777161979999999915e+02 1.775963030000000060e+02 1.776232550000000003e+02
1.763189930000000061e+02 1.761914679999999862e+02 1.762652070000000037e+02
1.795405820000000006e+02 1.796675070000000005e+02 1.795972460000000126e+02
1.757538499999999999e+02 1.756360789999999952e+02 1.756581239999999866e+02
1.764641340000000014e+02 1.763964290000000119e+02 1.763368930000000034e+02
1.771917880000000025e+02 1.770708260000000109e+02 1.770971959999999967e+02
1.763591879999999890e+02 1.762917720000000088e+02 1.762317060000000026e+02
1.761799729999999897e+02 1.763076279999999940e+02 1.762394459999999867e+02
1.774948829999999873e+02 1.775999999999999943e+02 1.775937329999999861e+02
1.784391630000000077e+02 1.783794650000000104e+02 1.785067830000000129e+02
1.757614599999999996e+02 1.756940700000000106e+02 1.756344220000000007e+02
1.796753170000000068e+02 1.795700989999999990e+02 1.795608110000000011e+02
1.780821860000000072e+02 1.782097390000000132e+02 1.781413520000000119e+02
1.759236290000000054e+02 1.759915420000000097e+02 1.760519060000000025e+02
1.738938400000000115e+02 1.740165289999999914e+02 1.739512210000000039e+02
1.759839000000000055e+02 1.760440240000000074e+02 1.759163139999999999e+02
1.756344220000000007e+02 1.756940700000000106e+02 1.755679110000000094e+02
1.776510590000000036e+02 1.776232550000000003e+02 1.775334019999999953e+02
1.758404960000000017e+02 1.758505360000000053e+02 1.759718740000000139e+02
1.774288620000000094e+02 1.773606629999999882e+02 1.773027179999999987e+02
1.768992650000000140e+02 1.770039690000000121e+02 1.770226820000000032e+02
1.730774619999999970e+02 1.729820159999999873e+02 1.731025280000000066e+02
1.770971959999999967e+02 1.770708260000000109e+02 1.769773869999999931e+02
1.746386070000000075e+02 1.747122430000000008e+02 1.745815519999999879e+02
1.798485689999999977e+02 1.799000000000000057e+02 1.797794660000000135e+02
1.759080749999999966e+02 1.759955589999999859e+02 1.760293729999999925e+02
1.775314639999999997e+02 1.774046830000000057e+02 1.774707490000000121e+02
1.761207860000000096e+02 1.761914679999999862e+02 1.762490139999999883e+02
1.753305719999999894e+02 1.754582609999999931e+02 1.753904929999999922e+02
1.737694759999999974e+02 1.738275580000000105e+02 1.737046479999999917e+02
1.757353909999999928e+02 1.758028140000000121e+02 1.758631589999999960e+02
1.741448509999999885e+02 1.742065039999999954e+02 1.740802549999999940e+02
1.776748809999999992e+02 1.775568189999999902e+02 1.776309479999999894e+02
1.768227479999999900e+02 1.767575400000000059e+02 1.767001669999999933e+02
1.750756159999999966e+02 1.749484449999999924e+02 1.750154560000000004e+02
1.747133169999999893e+02 1.746462229999999920e+02 1.745861109999999883e+02
1.788301869999999951e+02 1.787649470000000065e+02 1.788970979999999997e+02
1.733383829999999932e+02 1.734672669999999925e+02 1.733879249999999956e+02
1.769226240000000132e+02 1.768303180000000054e+02 1.769201349999999877e+02
1.730301159999999925e+02 1.729431069999999977e+02 1.730595319999999901e+02
1.799000000000000057e+02 1.797972609999999918e+02 1.797855360000000076e+02
1.748403519999999958e+02 1.747793979999999863e+02 1.749061820000000012e+02
1.728865700000000061e+02 1.729119689999999991e+02 1.730063649999999882e+02
1.770913140000000112e+02 1.771510480000000030e+02 1.770241359999999986e+02
1.776671949999999924e+02 1.777317500000000052e+02 1.777933850000000007e+02
1.775635770000000093e+02 1.776912609999999972e+02 1.776237439999999879e+02
1.757576149999999870e+02 1.756621690000000058e+02 1.757835780000000057e+02
1.750001910000000009e+02 1.749389710000000093e+02 1.750676489999999887e+02
1.772847800000000120e+02 1.771584269999999890e+02 1.772256059999999991e+02
1.749548149999999964e+02 1.750825499999999977e+02 1.750154560000000004e+02
1.745535360000000082e+02 1.744575460000000078e+02 1.745735950000000116e+02
1.757281900000000121e+02 1.756678430000000048e+02 1.757956790000000069e+02
1.720999999999999943e+02 1.720999999999999943e+02 1.722043180000000007e+02
1.730848000000000013e+02 1.732119020000000091e+02 1.731338959999999929e+02
1.786822579999999903e+02 1.787428899999999885e+02 1.786173510000000135e+02
1.746977400000000102e+02 1.748266710000000046e+02 1.747597370000000012e+02
1.753756239999999877e+02 1.755000410000000102e+02 1.754209799999999859e+02
1.762244709999999941e+02 1.760970529999999883e+02 1.761643219999999985e+02
1.730595319999999901e+02 1.729431069999999977e+02 1.729924530000000118e+02
1.782160000000000082e+02 1.780840990000000090e+02 1.781034830000000113e+02
1.760556559999999990e+02 1.761038220000000081e+02 1.759718740000000139e+02
1.741315199999999948e+02 1.740508269999999982e+02 1.741844830000000002e+02
1.764553139999999871e+02 1.765805070000000114e+02 1.764701090000000079e+02
1.772847800000000120e+02 1.773516030000000114e+02 1.774106960000000015e+02
1.775885020000000054e+02 1.774602140000000077e+02 1.775268440000000112e+02
1.778189910000000111e+02 1.778865020000000072e+02 1.779464030000000037e+02
1.726662560000000042e+02 1.728015859999999861e+02 1.727317349999999863e+02
1.764392809999999940e+02 1.765593200000000138e+02 1.764553139999999871e+02
1.769419019999999989e+02 1.768827400000000125e+02 1.770098989999999901e+02
1.757885400000000118e+02 1.758560170000000085e+02 1.759163139999999999e+02
1.765711039999999912e+02 1.764775649999999985e+02 1.765999730000000056e+02
1.745678990000000113e+02 1.746386070000000075e+02 1.745108950000000050e+02
1.747214140000000100e+02 1.746002389999999878e+02 1.746258009999999956e+02
1.728758379999999875e+02 1.730060249999999940e+02 1.729226969999999994e+02
1.778540560000000141e+02 1.777885579999999948e+02 1.777277469999999937e+02
1.767873690000000124e+02 1.768074310000000082e+02 1.769118770000000040e+02
1.774046830000000057e+02 1.772778859999999952e+02 1.773444039999999973e+02
1.760440240000000074e+02 1.761716659999999877e+02 1.761041590000000099e+02
1.781687359999999956e+02 1.781051720000000103e+02 1.782363479999999925e+02
1.784316019999999980e+02 1.785036159999999938e+02 1.785608070000000112e+02
1.762216889999999978e+02 1.761878979999999899e+02 1.763155999999999892e+02
1.791085850000000050e+02 1.790295830000000024e+02 1.789788760000000138e+02
1.778497889999999870e+02 1.779120059999999910e+02 1.777852870000000109e+02
1.764446049999999957e+02 1.765141769999999894e+02 1.765738110000000063e+02
1.790230620000000101e+02 1.791518829999999980e+02 1.790808040000000005e+02
1.773027179999999987e+02 1.773606629999999882e+02 1.772344510000000071e+02
1.783009419999999920e+02 1.783691790000000026e+02 1.782363479999999925e+02
1.762619369999999890e+02 1.761393999999999949e+02 1.761684620000000052e+02
1.760293729999999925e+02 1.761533709999999928e+02 1.760623919999999885e+02
1.754435090000000059e+02 1.753231360000000052e+02 1.753461299999999881e+02
1.778045150000000092e+02 1.778903009999999938e+02 1.777712380000000110e+02
1.761572639999999978e+02 1.760298990000000003e+02 1.760970529999999883e+02
1.757538499999999999e+02 1.757782159999999863e+02 1.758686820000000068e+02
1.775032649999999990e+02 1.773754450000000134e+02 1.774418990000000065e+02
1.747122430000000008e+02 1.747817019999999957e+02 1.746510910000000081e+02
1.767340719999999976e+02 1.768615880000000118e+02 1.767940040000000010e+02
1.771836930000000052e+02 1.771172750000000065e+02 1.770529359999999883e+02
1.770039690000000121e+02 1.771273050000000069e+02 1.770226820000000032e+02
1.745235649999999907e+02 1.745773220000000094e+02 1.744490380000000016e+02
1.782200239999999951e+02 1.782986870000000010e+02 1.781799509999999884e+02
1.752165660000000003e+02 1.752832779999999957e+02 1.753444309999999859e+02
1.785314950000000067e+02 1.784731409999999983e+02 1.784029810000000111e+02
1.784316019999999980e+02 1.783604620000000125e+02 1.783000399999999956e+02
1.750676489999999887e+02 1.749389710000000093e+02 1.750079120000000046e+02
1.793633320000000140e+02 1.794237699999999904e+02 1.794893959999999993e+02
1.791949759999999969e+02 1.791518629999999916e+02 1.790878830000000050e+02
1.757746930000000134e+02 1.758352849999999989e+02 1.757074650000000133e+02
1.770203319999999962e+02 1.769029690000000130e+02 1.769260769999999923e+02
1.722043180000000007e+02 1.720999999999999943e+02 1.721872299999999996e+02
1.776374619999999993e+02 1.775701229999999953e+02 1.775089629999999943e+02
1.754445069999999873e+02 1.753784489999999892e+02 1.753141950000000122e+02
1.753728130000000078e+02 1.754952319999999872e+02 1.754212530000000072e+02
1.779732950000000073e+02 1.780570150000000069e+02 1.779303280000000029e+02
1.755933359999999936e+02 1.755258650000000102e+02 1.754655419999999992e+02
1.741411540000000002e+02 1.742660700000000134e+02 1.741971849999999904e+02
1.761319849999999860e+02 1.762009529999999984e+02 1.762597489999999993e+02
1.753784489999999892e+02 1.754421059999999954e+02 1.753186550000000068e+02
1.762006550000000118e+02 1.760948150000000112e+02 1.762118649999999889e+02
1.784541089999999883e+02 1.783045539999999960e+02 1.783401350000000036e+02
1.783482950000000073e+02 1.782787319999999909e+02 1.782201169999999877e+02
1.787641460000000109e+02 1.788057970000000125e+02 1.786852729999999951e+02
1.781152779999999893e+02 1.781765310000000113e+02 1.780418730000000096e+02
1.761434010000000114e+02 1.760223330000000033e+02 1.760477449999999919e+02
1.736549990000000037e+02 1.737314770000000124e+02 1.737911400000000128e+02
1.755554640000000006e+02 1.755981069999999988e+02 1.754817950000000053e+02
1.795854359999999872e+02 1.794588850000000093e+02 1.795243169999999964e+02
1.787428899999999885e+02 1.788000000000000114e+02 1.786752250000000117e+02
1.793600160000000017e+02 1.793024420000000134e+02 1.794265379999999936e+02
1.771440100000000086e+02 1.772714300000000094e+02 1.772042490000000043e+02
1.778408420000000092e+02 1.777117709999999988e+02 1.777791420000000073e+02
1.777791420000000073e+02 1.776502380000000016e+02 1.777170230000000117e+02
1.775142669999999896e+02 1.773846810000000005e+02 1.774438900000000103e+02
1.753986859999999979e+02 1.754206770000000120e+02 1.755176370000000077e+02
1.799000000000000057e+02 1.797722970000000089e+02 1.798124270000000138e+02
1.753231360000000052e+02 1.752041460000000086e+02 1.752263260000000002e+02
1.784301820000000021e+02 1.784908550000000105e+02 1.783644150000000081e+02
1.759092400000000112e+02 1.758419370000000015e+02 1.757815060000000074e+02
1.733178450000000055e+02 1.731980430000000126e+02 1.732238020000000063e+02
1.776821480000000122e+02 1.777382660000000101e+02 1.776149580000000014e+02
1.763876669999999933e+02 1.762597489999999993e+02 1.763283729999999991e+02
1.788571159999999907e+02 1.789153860000000122e+02 1.787879079999999874e+02
1.743195749999999862e+02 1.743949049999999943e+02 1.744490380000000016e+02
1.778809329999999989e+02 1.777858960000000081e+02 1.779063260000000071e+02
1.774296830000000114e+02 1.775588860000000011e+02 1.775044780000000060e+02
1.723103570000000104e+02 1.722116120000000024e+02 1.723350340000000074e+02
1.793255369999999971e+02 1.791935070000000110e+02 1.792809650000000090e+02
1.742183320000000037e+02 1.743455549999999903e+02 1.742655019999999979e+02
1.734572330000000022e+02 1.733431640000000016e+02 1.733750249999999937e+02
1.738944119999999884e+02 1.738275580000000105e+02 1.737694759999999974e+02
1.780745009999999979e+02 1.779510180000000048e+02 1.779763690000000054e+02
1.727911239999999964e+02 1.726956779999999867e+02 1.728204849999999908e+02
1.788552650000000028e+02 1.787199479999999880e+02 1.788193280000000129e+02
1.742039929999999970e+02 1.741082120000000089e+02 1.742318679999999915e+02
1.778506380000000036e+02 1.779124879999999962e+02 1.779817810000000122e+02
1.781997000000000071e+02 1.782114550000000008e+02 1.783315230000000042e+02
1.757815060000000074e+02 1.757141310000000090e+02 1.756536900000000117e+02
1.780570150000000069e+02 1.781845340000000135e+02 1.781386919999999918e+02
1.752880429999999876e+02 1.753730779999999925e+02 1.754135850000000119e+02
1.738938400000000115e+02 1.739528180000000077e+02 1.740165289999999914e+02
1.773492770000000007e+02 1.773054740000000038e+02 1.774254349999999931e+02
1.784353000000000122e+02 1.783555729999999926e+02 1.784774449999999888e+02
1.783745979999999918e+02 1.782877530000000093e+02 1.784029810000000111e+02
1.741221119999999871e+02 1.742535890000000052e+02 1.741795749999999998e+02
1.773040180000000134e+02 1.774100090000000023e+02 1.773003469999999879e+02
1.786984249999999861e+02 1.786352139999999906e+02 1.787649470000000065e+02
1.758530609999999967e+02 1.757576149999999870e+02 1.758782970000000034e+02
1.789307929999999942e+02 1.790571539999999970e+02 1.789788760000000138e+02
1.737410900000000140e+02 1.736262529999999913e+02 1.736516239999999982e+02
1.781040999999999883e+02 1.779795569999999998e+02 1.780448480000000018e+02
1.777659189999999967e+02 1.776981900000000110e+02 1.776374619999999993e+02
1.762992649999999912e+02 1.763591879999999890e+02 1.762317060000000026e+02
1.788714779999999962e+02 1.789399479999999869e+02 1.789974210000000028e+02
1.792114459999999951e+02 1.791318290000000104e+02 1.790808649999999886e+02
1.769411709999999971e+02 1.768134239999999977e+02 1.768814069999999958e+02
1.740035039999999924e+02 1.740911099999999863e+02 1.741350689999999872e+02
1.724825370000000078e+02 1.726097599999999943e+02 1.725485860000000002e+02
1.770549149999999941e+02 1.771821229999999900e+02 1.771198300000000074e+02
1.745295230000000117e+02 1.744335000000000093e+02 1.745535360000000082e+02
1.749008969999999863e+02 1.747735849999999971e+02 1.748403519999999958e+02
1.791221710000000087e+02 1.791788129999999910e+02 1.790549110000000042e+02
1.759695739999999944e+02 1.758419370000000015e+02 1.759092400000000112e+02
1.783906269999999950e+02 1.783432699999999897e+02 1.782643030000000124e+02
1.726662560000000042e+02 1.727317349999999863e+02 1.726162799999999891e+02
1.758505360000000053e+02 1.757538499999999999e+02 1.758686820000000068e+02
1.754582609999999931e+02 1.755861920000000111e+02 1.755185649999999953e+02
1.790663790000000120e+02 1.791221710000000087e+02 1.789974210000000028e+02
1.727538659999999879e+02 1.727800550000000044e+02 1.728725039999999922e+02
1.785548009999999977e+02 1.784890010000000018e+02 1.784265399999999886e+02
1.766140249999999980e+02 1.765542199999999866e+02 1.766814210000000003e+02
1.783644150000000081e+02 1.782961249999999893e+02 1.782371310000000051e+02
1.772179800000000114e+02 1.772847800000000120e+02 1.773444039999999973e+02
1.765039720000000045e+02 1.766316889999999944e+02 1.765628979999999899e+02
1.772179800000000114e+02 1.770913140000000112e+02 1.771584269999999890e+02
1.765211850000000027e+02 1.764257379999999955e+02 1.765458840000000009e+02
1.781637589999999989e+02 1.781008060000000057e+02 1.782250160000000108e+02
1.748941560000000095e+02 1.750219920000000116e+02 1.749548149999999964e+02
1.786561220000000105e+02 1.787268799999999942e+02 1.787802470000000028e+02
1.762097799999999950e+02 1.763368930000000034e+02 1.762691509999999937e+02
1.773516030000000114e+02 1.774187890000000039e+02 1.774769579999999962e+02
1.753730779999999925e+02 1.755000000000000000e+02 1.754135850000000119e+02
1.789884700000000066e+02 1.789301269999999988e+02 1.790549110000000042e+02
1.785599029999999914e+02 1.786295920000000024e+02 1.786910200000000088e+02
1.732789449999999931e+02 1.732095219999999927e+02 1.731500770000000102e+02
1.785599029999999914e+02 1.784991249999999923e+02 1.786295920000000024e+02
1.768227479999999900e+02 1.767001669999999933e+02 1.767629780000000039e+02
1.784286740000000009e+02 1.784991249999999923e+02 1.785599029999999914e+02
1.787299170000000004e+02 1.788514309999999909e+02 1.787833149999999875e+02
1.755861920000000111e+02 1.757141310000000090e+02 1.756467260000000010e+02
1.774106960000000015e+02 1.773516030000000114e+02 1.774769579999999962e+02
1.770090140000000076e+02 1.769411709999999971e+02 1.768814069999999958e+02
1.736856500000000096e+02 1.737653459999999939e+02 1.736516239999999982e+02
1.765458840000000009e+02 1.764505790000000047e+02 1.765711039999999912e+02
1.794295869999999979e+02 1.795624310000000037e+02 1.794851339999999880e+02
1.790808040000000005e+02 1.792089640000000088e+02 1.791372360000000015e+02
1.776640270000000044e+02 1.775409840000000088e+02 1.775688560000000109e+02
1.747133169999999893e+02 1.747793979999999863e+02 1.748403519999999958e+02
1.763445419999999899e+02 1.764043629999999894e+02 1.762772170000000074e+02
1.797912589999999966e+02 1.797855360000000076e+02 1.796855639999999994e+02
1.782899830000000065e+02 1.781608080000000029e+02 1.782303579999999954e+02
1.759076880000000074e+02 1.759920920000000137e+02 1.758686820000000068e+02
1.783686439999999891e+02 1.784301820000000021e+02 1.783060710000000029e+02
1.738202809999999943e+02 1.738938400000000115e+02 1.737653459999999939e+02
1.745066820000000121e+02 1.745678990000000113e+02 1.744424040000000105e+02
1.778122119999999882e+02 1.777518200000000093e+02 1.778791040000000123e+02
1.748455309999999940e+02 1.747122430000000008e+02 1.747688870000000065e+02
1.786822579999999903e+02 1.786173510000000135e+02 1.785552940000000035e+02
1.767629780000000039e+02 1.767001669999999933e+02 1.766439430000000073e+02
1.795914150000000120e+02 1.796428459999999916e+02 1.795096460000000036e+02
1.763725379999999916e+02 1.764295140000000117e+02 1.763058550000000082e+02
1.729924530000000118e+02 1.728725039999999922e+02 1.729718349999999987e+02
1.758674980000000119e+02 1.759076880000000074e+02 1.757966920000000073e+02
1.756620880000000113e+02 1.757862560000000087e+02 1.757019860000000051e+02
1.773817559999999958e+02 1.772944090000000017e+02 1.774141730000000052e+02
1.772684519999999964e+02 1.773897849999999892e+02 1.773788700000000063e+02
1.736399299999999926e+02 1.737588470000000029e+02 1.736856500000000096e+02
1.738566079999999943e+02 1.740004529999999932e+02 1.739306540000000041e+02
1.792312499999999886e+02 1.793499999999999943e+02 1.792773569999999950e+02
1.749807649999999910e+02 1.751163479999999879e+02 1.750369579999999985e+02
1.732119020000000091e+02 1.733383829999999932e+02 1.732583250000000135e+02
1.762917720000000088e+02 1.761643219999999985e+02 1.762317060000000026e+02
1.761814459999999940e+02 1.762456249999999898e+02 1.761179380000000094e+02
1.784929710000000114e+02 1.784731409999999983e+02 1.785787550000000010e+02
1.770375329999999963e+02 1.771710229999999910e+02 1.771201030000000003e+02
1.722043180000000007e+02 1.722962349999999958e+02 1.723350340000000074e+02
1.792089640000000088e+02 1.792806930000000136e+02 1.793376379999999983e+02
1.783546839999999918e+02 1.784806089999999870e+02 1.784124160000000074e+02
1.757746930000000134e+02 1.759024049999999875e+02 1.758352849999999989e+02
1.749376059999999882e+02 1.748415730000000110e+02 1.749613260000000139e+02
1.773382619999999861e+02 1.772778859999999952e+02 1.774046830000000057e+02
1.794590599999999938e+02 1.795914150000000120e+02 1.795096460000000036e+02
1.782522600000000068e+02 1.781844800000000077e+02 1.781246280000000013e+02
1.746326660000000004e+02 1.747578210000000070e+02 1.746897910000000138e+02
1.784301820000000021e+02 1.785552940000000035e+02 1.784908550000000105e+02
1.764717689999999948e+02 1.763445419999999899e+02 1.764118489999999895e+02
1.773003469999999879e+02 1.772684519999999964e+02 1.771946350000000052e+02
1.766346110000000067e+02 1.765071529999999882e+02 1.765750180000000000e+02
1.754827270000000112e+02 1.754186349999999948e+02 1.753552720000000136e+02
1.749703059999999937e+02 1.750397930000000031e+02 1.750994619999999884e+02
1.759092400000000112e+02 1.757815060000000074e+02 1.758488790000000108e+02
1.773144739999999899e+02 1.773788700000000063e+02 1.774438900000000103e+02
1.747478140000000053e+02 1.748694360000000074e+02 1.747997379999999907e+02
1.745678990000000113e+02 1.746326660000000004e+02 1.746897910000000138e+02
1.748865779999999859e+02 1.747911320000000046e+02 1.749137200000000121e+02
1.769564430000000073e+02 1.770760170000000073e+02 1.770013260000000059e+02
1.773003469999999879e+02 1.774100090000000023e+02 1.773897849999999892e+02
1.785472190000000126e+02 1.786762559999999951e+02 1.786091439999999864e+02
1.764791759999999954e+02 1.765465859999999907e+02 1.766065830000000005e+02
1.790026569999999992e+02 1.790540220000000033e+02 1.789280239999999935e+02
1.756621690000000058e+02 1.755667229999999961e+02 1.756887350000000083e+02
1.744727770000000078e+02 1.745999999999999943e+02 1.745235649999999907e+02
1.749376059999999882e+02 1.749613260000000139e+02 1.750564779999999985e+02
1.752459320000000105e+02 1.753186550000000068e+02 1.751920599999999979e+02
1.784893250000000080e+02 1.784185040000000129e+02 1.783604620000000125e+02
1.799000000000000057e+02 1.799000000000000057e+02 1.797917190000000005e+02
1.768296159999999873e+02 1.767619929999999897e+02 1.767023829999999975e+02
1.747465510000000108e+02 1.746258009999999956e+02 1.746505689999999902e+02
1.790057229999999890e+02 1.790571539999999970e+02 1.789307929999999942e+02
1.795679350000000056e+02 1.794437660000000108e+02 1.794893959999999993e+02
1.781687359999999956e+02 1.782303579999999954e+02 1.781001939999999877e+02
1.762322870000000137e+02 1.762739459999999951e+02 1.763565680000000100e+02
1.767367160000000013e+02 1.767619660000000010e+02 1.768571829999999920e+02
1.733638009999999952e+02 1.732683550000000139e+02 1.733877310000000023e+02
1.787302860000000067e+02 1.786737050000000124e+02 1.788010439999999903e+02
1.744602710000000059e+02 1.743942959999999971e+02 1.745217849999999942e+02
1.768303180000000054e+02 1.767161539999999889e+02 1.767786900000000117e+02
1.734592470000000048e+02 1.734837239999999952e+02 1.735789890000000071e+02
1.745773220000000094e+02 1.746519820000000038e+02 1.747056139999999971e+02
1.762917500000000075e+02 1.762006550000000118e+02 1.763336459999999875e+02
1.791949759999999969e+02 1.792309769999999958e+02 1.793178969999999879e+02
1.781997000000000071e+02 1.780745009999999979e+02 1.780961079999999868e+02
1.782986870000000010e+02 1.784188179999999875e+02 1.783686439999999891e+02
1.778604410000000087e+02 1.777975810000000081e+02 1.779262479999999869e+02
1.753186550000000068e+02 1.753756239999999877e+02 1.752677089999999964e+02
1.781417969999999968e+02 1.782274119999999868e+02 1.781007639999999981e+02
1.758696640000000002e+02 1.758028140000000121e+02 1.757431689999999946e+02
1.777933850000000007e+02 1.778604410000000087e+02 1.779206430000000125e+02
1.775268440000000112e+02 1.775928639999999916e+02 1.776548339999999939e+02
1.731273620000000051e+02 1.732618980000000022e+02 1.731712750000000085e+02
1.752857099999999946e+02 1.751695780000000013e+02 1.752677089999999964e+02
1.779143630000000087e+02 1.779756020000000092e+02 1.778497889999999870e+02
1.784813430000000096e+02 1.784168659999999988e+02 1.783563450000000046e+02
1.774602140000000077e+02 1.773930569999999989e+02 1.773321249999999907e+02
1.749807649999999910e+02 1.750369579999999985e+02 1.749098769999999945e+02
1.786653070000000127e+02 1.785928900000000112e+02 1.785452530000000024e+02
1.783951419999999928e+02 1.785216069999999888e+02 1.784533309999999915e+02
1.753461299999999881e+02 1.753231360000000052e+02 1.752263260000000002e+02
1.758352849999999989e+02 1.757682059999999922e+02 1.757074650000000133e+02
1.748111560000000111e+02 1.749389710000000093e+02 1.748694360000000074e+02
1.758496670000000108e+02 1.759724589999999864e+02 1.758837900000000047e+02
1.771214510000000075e+02 1.769926639999999907e+02 1.770609330000000057e+02
1.757344150000000127e+02 1.757538499999999999e+02 1.758505360000000053e+02
1.741504520000000014e+02 1.741770870000000002e+02 1.742743240000000071e+02
1.755000000000000000e+02 1.756238899999999887e+02 1.755370330000000081e+02
1.783555729999999926e+02 1.782877880000000062e+02 1.784090830000000096e+02
1.792114459999999951e+02 1.792628770000000031e+02 1.791318290000000104e+02
1.773255640000000142e+02 1.772577239999999961e+02 1.771971289999999897e+02
1.785768280000000061e+02 1.784774449999999888e+02 1.785827979999999968e+02
1.787520949999999971e+02 1.786910200000000088e+02 1.788220080000000110e+02
1.797972609999999918e+02 1.799000000000000057e+02 1.798124270000000138e+02
1.764070659999999862e+02 1.764392809999999940e+02 1.763155999999999892e+02
1.740004529999999932e+02 1.738566079999999943e+02 1.739512210000000039e+02
1.775635770000000093e+02 1.776237439999999879e+02 1.774958269999999914e+02
1.722962349999999958e+02 1.722043180000000007e+02 1.721872299999999996e+02
1.759628010000000131e+02 1.758957090000000107e+02 1.758352849999999989e+02
1.728430970000000002e+02 1.729226969999999994e+02 1.729695820000000026e+02
1.796153150000000096e+02 1.796675070000000005e+02 1.795405820000000006e+02
1.797855360000000076e+02 1.796644520000000114e+02 1.796855639999999994e+02
1.779021569999999883e+02 1.778339430000000050e+02 1.777730430000000013e+02
1.784185040000000129e+02 1.783482950000000073e+02 1.782899830000000065e+02
1.738566079999999943e+02 1.737410900000000140e+02 1.738413620000000037e+02
1.785277030000000025e+02 1.784000000000000057e+02 1.784541089999999883e+02
1.799000000000000057e+02 1.799000000000000057e+02 1.797919949999999858e+02
1.791919739999999877e+02 1.791221710000000087e+02 1.790663790000000120e+02
1.786910200000000088e+02 1.787608979999999974e+02 1.788220080000000110e+02
1.742685590000000104e+02 1.743266950000000008e+02 1.743942959999999971e+02
1.734906569999999988e+02 1.735741280000000017e+02 1.736275569999999959e+02
1.786163029999999878e+02 1.786762559999999951e+02 1.785472190000000126e+02
1.753986859999999979e+02 1.753018209999999897e+02 1.754206770000000120e+02
1.762456249999999898e+02 1.763113730000000032e+02 1.763725379999999916e+02
1.796445950000000096e+02 1.795168920000000128e+02 1.795854359999999872e+02
1.753552720000000136e+02 1.754186349999999948e+02 1.752895249999999976e+02
1.749137200000000121e+02 1.748169929999999965e+02 1.749376059999999882e+02
1.793653869999999984e+02 1.794885539999999935e+02 1.794108689999999910e+02
1.784230939999999919e+02 1.785496159999999861e+02 1.784806089999999870e+02
1.758505360000000053e+02 1.758686820000000068e+02 1.759466950000000054e+02
1.724188829999999939e+02 1.723103570000000104e+02 1.724159310000000005e+02
1.745066820000000121e+02 1.744424040000000105e+02 1.743788839999999993e+02
1.788480959999999982e+02 1.787663750000000107e+02 1.787149520000000109e+02
1.777170230000000117e+02 1.776548339999999939e+02 1.777830429999999922e+02
1.745668569999999988e+02 1.744361169999999959e+02 1.745080140000000029e+02
1.746307370000000105e+02 1.744966290000000129e+02 1.745668569999999988e+02
1.745735950000000116e+02 1.746133079999999893e+02 1.746853680000000111e+02
1.736399299999999926e+02 1.737046479999999917e+02 1.737588470000000029e+02
1.774397130000000118e+02 1.775331020000000137e+02 1.775492779999999868e+02
1.793337940000000117e+02 1.792706259999999929e+02 1.793945710000000133e+02
1.735934139999999957e+02 1.736725559999999859e+02 1.737174909999999954e+02
1.783604620000000125e+02 1.784185040000000129e+02 1.782899830000000065e+02
1.763518269999999859e+02 1.762845580000000041e+02 1.762244709999999941e+02
1.776237439999999879e+02 1.776849870000000067e+02 1.775553879999999936e+02
1.768014939999999910e+02 1.768686999999999898e+02 1.769290990000000079e+02
1.762097799999999950e+02 1.761500890000000084e+02 1.762772170000000074e+02
1.730549410000000137e+02 1.730774729999999977e+02 1.729695820000000026e+02
1.757477800000000059e+02 1.757862560000000087e+02 1.756620880000000113e+02
1.749820239999999956e+02 1.750099500000000035e+02 1.751056519999999921e+02
1.757815060000000074e+02 1.758419370000000015e+02 1.757141310000000090e+02
1.746956849999999974e+02 1.747214140000000100e+02 1.748169929999999965e+02
1.768835860000000082e+02 1.767873690000000124e+02 1.769118770000000040e+02
1.753728130000000078e+02 1.754212530000000072e+02 1.752974729999999965e+02
1.764394470000000013e+02 1.763113730000000032e+02 1.763791420000000016e+02
1.751311670000000049e+02 1.750099500000000035e+02 1.750359789999999975e+02
1.749613260000000139e+02 1.749865320000000111e+02 1.750799900000000093e+02
1.778514700000000062e+02 1.777512570000000096e+02 1.777309820000000116e+02
1.774418990000000065e+02 1.773754450000000134e+02 1.773131820000000118e+02
1.755679110000000094e+02 1.756940700000000106e+02 1.756256190000000004e+02
1.722037829999999872e+02 1.722116120000000024e+02 1.723103570000000104e+02
1.765711039999999912e+02 1.766896140000000059e+02 1.766660139999999899e+02
1.767786900000000117e+02 1.768565409999999929e+02 1.769201349999999877e+02
1.751429459999999949e+02 1.752705009999999959e+02 1.752030509999999879e+02
1.784061710000000005e+02 1.785333579999999927e+02 1.784639420000000030e+02
1.731338959999999929e+02 1.731735600000000090e+02 1.730549410000000137e+02
1.734386320000000126e+02 1.734906569999999988e+02 1.733553339999999992e+02
1.771666720000000055e+02 1.772256059999999991e+02 1.770991870000000006e+02
1.735583670000000041e+02 1.734572330000000022e+02 1.735732280000000003e+02
1.761814459999999940e+02 1.763113730000000032e+02 1.762456249999999898e+02
1.783616509999999948e+02 1.782602599999999882e+02 1.783745979999999918e+02
1.760368190000000084e+02 1.759765549999999905e+02 1.761041590000000099e+02
1.794885539999999935e+02 1.795399840000000040e+02 1.794108689999999910e+02
1.770570460000000139e+02 1.771168830000000014e+02 1.769891200000000140e+02
1.747813810000000103e+02 1.748353099999999927e+02 1.747056139999999971e+02
1.791372360000000015e+02 1.791919739999999877e+02 1.790663790000000120e+02
1.782972110000000043e+02 1.783569540000000018e+02 1.782160000000000082e+02
1.740035039999999924e+02 1.741350689999999872e+02 1.740553179999999998e+02
1.763190820000000087e+02 1.763876669999999933e+02 1.764473160000000007e+02
1.774966259999999920e+02 1.774397130000000118e+02 1.775492779999999868e+02
1.764118489999999895e+02 1.762845580000000041e+02 1.763518269999999859e+02
1.791818810000000042e+02 1.791046399999999892e+02 1.790540220000000033e+02
1.778883409999999969e+02 1.779732950000000073e+02 1.778465300000000013e+02
1.738880340000000047e+02 1.738202809999999943e+02 1.737588470000000029e+02
1.751121660000000020e+02 1.752459320000000105e+02 1.751920599999999979e+02
1.741443050000000028e+02 1.740825619999999958e+02 1.740208649999999864e+02
1.724436090000000092e+02 1.723448860000000025e+02 1.724728509999999915e+02
1.783478680000000054e+02 1.782250160000000108e+02 1.782883370000000127e+02
1.771742539999999906e+02 1.770938620000000014e+02 1.772061960000000056e+02
1.781417969999999968e+02 1.781007639999999981e+02 1.780148259999999993e+02
1.743261640000000057e+02 1.744415439999999933e+02 1.744172949999999958e+02
1.774707400000000064e+02 1.773849580000000117e+02 1.775179420000000050e+02
1.783192929999999876e+02 1.782595520000000135e+02 1.783860689999999920e+02
1.767700570000000084e+02 1.768296159999999873e+02 1.767023829999999975e+02
1.799000000000000057e+02 1.799000000000000057e+02 1.797972609999999918e+02
1.771994809999999916e+02 1.770818820000000073e+02 1.771079760000000078e+02
1.759312539999999956e+02 1.759718740000000139e+02 1.760477449999999919e+02
1.729119689999999991e+02 1.727911239999999964e+02 1.728204849999999908e+02
1.752539170000000013e+02 1.751285220000000038e+02 1.751953010000000006e+02
1.769419019999999989e+02 1.770098989999999901e+02 1.770662879999999859e+02
1.773606629999999882e+02 1.772929340000000025e+02 1.772344510000000071e+02
1.757344150000000127e+02 1.758505360000000053e+02 1.758404960000000017e+02
1.754833940000000041e+02 1.755464990000000114e+02 1.754165439999999876e+02
1.744966290000000129e+02 1.743594799999999907e+02 1.744361169999999959e+02
1.776092240000000118e+02 1.774867649999999912e+02 1.775568189999999902e+02
1.777975810000000081e+02 1.777317500000000052e+02 1.776748809999999992e+02
1.773715459999999950e+02 1.773027179999999987e+02 1.772446140000000128e+02
1.743673609999999883e+02 1.742450300000000141e+02 1.742743240000000071e+02
1.796644520000000114e+02 1.795243169999999964e+02 1.795679350000000056e+02
1.761643219999999985e+02 1.760970529999999883e+02 1.760368190000000084e+02
1.757477800000000059e+02 1.758716689999999971e+02 1.757862560000000087e+02
1.762845580000000041e+02 1.761572639999999978e+02 1.762244709999999941e+02
1.754954630000000009e+02 1.753986859999999979e+02 1.755176370000000077e+02
1.785462650000000053e+02 1.784185040000000129e+02 1.784893250000000080e+02
1.765342890000000011e+02 1.766322999999999865e+02 1.766582410000000039e+02
1.789218070000000012e+02 1.789884700000000066e+02 1.790465230000000076e+02
1.766715389999999957e+02 1.766111349999999902e+02 1.767388249999999914e+02
1.772451859999999897e+02 1.771710229999999910e+02 1.771198300000000074e+02
1.775978049999999939e+02 1.776808629999999880e+02 1.775626039999999932e+02
1.789542920000000095e+02 1.788835809999999924e+02 1.788347960000000114e+02
1.777933850000000007e+02 1.779206430000000125e+02 1.778540560000000141e+02
1.762501169999999888e+02 1.763190820000000087e+02 1.763791420000000016e+02
1.778497889999999870e+02 1.777852870000000109e+02 1.777234679999999969e+02
1.749614029999999900e+02 1.748941560000000095e+02 1.748337190000000021e+02
1.783691790000000026e+02 1.784316019999999980e+02 1.783000399999999956e+02
1.742991879999999867e+02 1.743261640000000057e+02 1.744172949999999958e+02
1.734092939999999885e+02 1.733330679999999973e+02 1.732789449999999931e+02
1.778903009999999938e+02 1.779737990000000138e+02 1.778514700000000062e+02
1.749707929999999863e+02 1.749087989999999877e+02 1.750339979999999969e+02
1.731500770000000102e+02 1.732095219999999927e+02 1.730820009999999911e+02
1.778547509999999932e+02 1.778809329999999989e+02 1.779763690000000054e+02
1.781152779999999893e+02 1.780557939999999917e+02 1.781844800000000077e+02
1.742018129999999871e+02 1.741443050000000028e+02 1.740795400000000086e+02
1.793172859999999957e+02 1.791919739999999877e+02 1.792645780000000002e+02
1.743942959999999971e+02 1.743266950000000008e+02 1.744532320000000141e+02
1.769842199999999934e+02 1.770549149999999941e+02 1.769201349999999877e+02
1.791724719999999991e+02 1.792367270000000019e+02 1.793025049999999965e+02
1.780961079999999868e+02 1.780009369999999933e+02 1.781188589999999863e+02
1.756581239999999866e+02 1.756360789999999952e+02 1.755401080000000036e+02
1.774577119999999866e+02 1.773846810000000005e+02 1.775142669999999896e+02
1.789075119999999970e+02 1.788444330000000093e+02 1.787857190000000003e+02
1.767940040000000010e+02 1.768615880000000118e+02 1.769213949999999897e+02
1.739871489999999881e+02 1.738645239999999887e+02 1.738919459999999901e+02
1.771440100000000086e+02 1.770766209999999887e+02 1.770166199999999890e+02
1.735422930000000008e+02 1.734653680000000122e+02 1.734092939999999885e+02
1.749061820000000012e+02 1.749707929999999863e+02 1.750324880000000007e+02
1.776591070000000059e+02 1.777805989999999952e+02 1.777482860000000073e+02
1.738944119999999884e+02 1.738353099999999927e+02 1.739609049999999968e+02
1.784666960000000131e+02 1.785994729999999890e+02 1.785314950000000067e+02
1.783616509999999948e+02 1.782399550000000090e+02 1.782602599999999882e+02
1.768893410000000017e+02 1.768216700000000117e+02 1.767619929999999897e+02
1.746760170000000016e+02 1.745735950000000116e+02 1.746853680000000111e+02
1.769491370000000074e+02 1.770090140000000076e+02 1.768814069999999958e+02
1.755370330000000081e+02 1.755768490000000099e+02 1.754531949999999938e+02
1.788985240000000090e+02 1.788202290000000119e+02 1.787663750000000107e+02
1.775764250000000004e+02 1.776374619999999993e+02 1.775089629999999943e+02
1.781327550000000031e+02 1.780652300000000139e+02 1.780059379999999862e+02
1.760900919999999985e+02 1.762173170000000084e+02 1.761500890000000084e+02
1.755000000000000000e+02 1.755370330000000081e+02 1.754135850000000119e+02
1.780134820000000104e+02 1.781386919999999918e+02 1.780953949999999963e+02
1.730301159999999925e+02 1.731471769999999992e+02 1.731274260000000140e+02
1.735811150000000112e+02 1.737046479999999917e+02 1.736399299999999926e+02
1.756753089999999986e+02 1.756074099999999873e+02 1.755464990000000114e+02
1.775568189999999902e+02 1.774966259999999920e+02 1.776309479999999894e+02
1.788000000000000114e+02 1.787299170000000004e+02 1.786752250000000117e+02
1.777512570000000096e+02 1.776748809999999992e+02 1.776309479999999894e+02
1.787802470000000028e+02 1.789033139999999946e+02 1.788193280000000129e+02
1.744512780000000021e+02 1.745778889999999990e+02 1.745080140000000029e+02
1.763876669999999933e+02 1.764559580000000096e+02 1.765154560000000004e+02
1.789542920000000095e+02 1.790057229999999890e+02 1.788835809999999924e+02
1.772061960000000056e+02 1.771135429999999928e+02 1.772321300000000122e+02
1.789666349999999966e+02 1.789108109999999954e+02 1.788444330000000093e+02
1.783432699999999897e+02 1.784188179999999875e+02 1.782986870000000010e+02
1.746977400000000102e+02 1.747597370000000012e+02 1.746307370000000105e+02
1.754435090000000059e+02 1.753461299999999881e+02 1.754697449999999890e+02
1.773188020000000051e+02 1.774477280000000121e+02 1.773802770000000066e+02
1.776307940000000087e+02 1.777587000000000046e+02 1.776912609999999972e+02
1.768732270000000142e+02 1.767453309999999931e+02 1.768134239999999977e+02
1.739595510000000047e+02 1.738645239999999887e+02 1.739871489999999881e+02
1.744335000000000093e+02 1.743384619999999927e+02 1.744575460000000078e+02
1.764257379999999955e+02 1.763302919999999858e+02 1.764505790000000047e+02
1.773754450000000134e+02 1.773099750000000085e+02 1.772468470000000025e+02
1.772544819999999959e+02 1.771940390000000036e+02 1.773144739999999899e+02
1.773247560000000078e+02 1.772321300000000122e+02 1.773519569999999987e+02
1.740004529999999932e+02 1.741221119999999871e+02 1.740462459999999965e+02
1.778408420000000092e+02 1.777791420000000073e+02 1.779083599999999876e+02
1.756467260000000010e+02 1.757746930000000134e+02 1.757074650000000133e+02
1.760686729999999898e+02 1.761306370000000072e+02 1.759989160000000084e+02
1.750099500000000035e+02 1.748865779999999859e+02 1.749137200000000121e+02
1.751311670000000049e+02 1.751586460000000045e+02 1.752509450000000015e+02
1.784929710000000114e+02 1.783745979999999918e+02 1.784731409999999983e+02
1.735071979999999883e+02 1.733877310000000023e+02 1.734119239999999991e+02
1.784265399999999886e+02 1.784890010000000018e+02 1.783648200000000088e+02
1.749865320000000111e+02 1.749989180000000033e+02 1.751121660000000020e+02
1.793287750000000074e+02 1.793653869999999984e+02 1.792402270000000044e+02
1.759470890000000054e+02 1.760740230000000111e+02 1.760053599999999960e+02
1.745235649999999907e+02 1.745999999999999943e+02 1.746519820000000038e+02
1.752773170000000107e+02 1.752101670000000126e+02 1.751496349999999893e+02
1.777852870000000109e+02 1.779120059999999910e+02 1.778479849999999942e+02
1.776019819999999925e+02 1.776624490000000094e+02 1.775364869999999939e+02
1.790328550000000121e+02 1.790891359999999963e+02 1.789507079999999917e+02
1.772853420000000142e+02 1.774023439999999994e+02 1.773849580000000117e+02
1.724728509999999915e+02 1.723448860000000025e+02 1.723824529999999982e+02
1.765805070000000114e+02 1.767035970000000020e+02 1.765855579999999918e+02
1.765833939999999984e+02 1.767105760000000032e+02 1.766428940000000125e+02
1.755667229999999961e+02 1.755927350000000047e+02 1.756887350000000083e+02
1.770469640000000027e+02 1.770760170000000073e+02 1.769564430000000073e+02
1.793143080000000111e+02 1.792312499999999886e+02 1.791818810000000042e+02
1.764866609999999980e+02 1.764268089999999916e+02 1.765542199999999866e+02
1.780182149999999979e+02 1.779227689999999882e+02 1.780463059999999871e+02
1.797918349999999919e+02 1.799000000000000057e+02 1.797919949999999858e+02
1.764473160000000007e+02 1.763876669999999933e+02 1.765154560000000004e+02
1.779303280000000029e+02 1.780134820000000104e+02 1.778903009999999938e+02
1.780514970000000119e+02 1.781417969999999968e+02 1.780148259999999993e+02
1.750967740000000106e+02 1.750339979999999969e+02 1.751613450000000114e+02
1.773867740000000026e+02 1.774064050000000066e+02 1.772925189999999986e+02
1.751285220000000038e+02 1.750676489999999887e+02 1.751953010000000006e+02
1.763761470000000031e+02 1.764446049999999957e+02 1.765039720000000045e+02
1.775037149999999997e+02 1.774141730000000052e+02 1.775334019999999953e+02
1.786752250000000117e+02 1.787299170000000004e+02 1.786060270000000116e+02
1.772853420000000142e+02 1.773135709999999960e+02 1.774023439999999994e+02
1.786332629999999995e+02 1.786897250000000099e+02 1.785608070000000112e+02
1.793255369999999971e+02 1.793743920000000003e+02 1.792360850000000028e+02
1.779838739999999859e+02 1.779285150000000044e+02 1.780557939999999917e+02
1.759038109999999904e+02 1.758105899999999906e+02 1.759312539999999956e+02
1.787857190000000003e+02 1.786653070000000127e+02 1.787199479999999880e+02
1.783401350000000036e+02 1.782399550000000090e+02 1.783616509999999948e+02
1.773516030000000114e+02 1.772256059999999991e+02 1.772929340000000025e+02
1.732238020000000063e+02 1.731025280000000066e+02 1.731274260000000140e+02
1.764866609999999980e+02 1.764191920000000096e+02 1.763591879999999890e+02
1.797855360000000076e+02 1.797972609999999918e+02 1.796644520000000114e+02
1.788835809999999924e+02 1.790057229999999890e+02 1.789307929999999942e+02
1.786695670000000007e+02 1.785415910000000110e+02 1.786091439999999864e+02
1.788714779999999962e+02 1.788123139999999864e+02 1.789399479999999869e+02
1.731610340000000008e+02 1.732119020000000091e+02 1.730848000000000013e+02
1.722325700000000097e+02 1.721371230000000025e+02 1.722450039999999944e+02
1.785472190000000126e+02 1.784813430000000096e+02 1.784164330000000120e+02
1.733050149999999974e+02 1.733879249999999956e+02 1.734386320000000126e+02
1.749389710000000093e+02 1.748809479999999894e+02 1.750079120000000046e+02
1.787663750000000107e+02 1.788202290000000119e+02 1.786897250000000099e+02
1.765750180000000000e+02 1.765154560000000004e+02 1.766428940000000125e+02
1.742655019999999979e+02 1.743195749999999862e+02 1.741883459999999957e+02
1.794429039999999986e+02 1.793172859999999957e+02 1.793933580000000063e+02
1.732119020000000091e+02 1.732583250000000135e+02 1.731338959999999929e+02
1.736991099999999904e+02 1.737273800000000108e+02 1.738176980000000071e+02
1.744590029999999956e+02 1.745192830000000015e+02 1.743924470000000042e+02
1.764672439999999938e+02 1.766022480000000030e+02 1.765288810000000126e+02
1.787199479999999880e+02 1.785818739999999991e+02 1.786176590000000033e+02
1.773788700000000063e+02 1.774863560000000007e+02 1.774438900000000103e+02
1.774867649999999912e+02 1.773606629999999882e+02 1.774288620000000094e+02
1.788347960000000114e+02 1.788835809999999924e+02 1.787641460000000109e+02
1.779877280000000042e+02 1.779262479999999869e+02 1.780489579999999989e+02
1.788815400000000011e+02 1.790098179999999957e+02 1.789399479999999869e+02
1.769567930000000047e+02 1.768893410000000017e+02 1.768296159999999873e+02
1.762097799999999950e+02 1.762772170000000074e+02 1.763368930000000034e+02
1.745047930000000065e+02 1.744093469999999968e+02 1.745295230000000117e+02
1.760970529999999883e+02 1.760298990000000003e+02 1.759695739999999944e+02
1.752101670000000126e+02 1.752705009999999959e+02 1.751429459999999949e+02
1.757862560000000087e+02 1.759080749999999966e+02 1.758226520000000050e+02
1.764641340000000014e+02 1.765237899999999911e+02 1.763964290000000119e+02
1.782602599999999882e+02 1.781681370000000015e+02 1.782877530000000093e+02
1.780395709999999951e+02 1.781040999999999883e+02 1.781641380000000083e+02
1.768615880000000118e+02 1.769891200000000140e+02 1.769213949999999897e+02
1.737588470000000029e+02 1.738202809999999943e+02 1.736856500000000096e+02
1.761179380000000094e+02 1.762456249999999898e+02 1.761799770000000080e+02
1.779702980000000139e+02 1.780381669999999872e+02 1.781001939999999877e+02
1.778051849999999945e+02 1.779285150000000044e+02 1.778586080000000038e+02
1.762118649999999889e+02 1.761164829999999881e+02 1.762322870000000137e+02
1.744900460000000066e+02 1.744005630000000053e+02 1.745344279999999912e+02
1.748213120000000060e+02 1.747597370000000012e+02 1.748878029999999910e+02
1.776307940000000087e+02 1.775635770000000093e+02 1.775032649999999990e+02
1.785496159999999861e+02 1.786752250000000117e+02 1.786060270000000116e+02
1.795243169999999964e+02 1.794588850000000093e+02 1.793945710000000133e+02
1.775679220000000100e+02 1.774707400000000064e+02 1.775837950000000092e+02
1.777148160000000132e+02 1.778023750000000121e+02 1.776808629999999880e+02
1.752857099999999946e+02 1.751586460000000045e+02 1.751695780000000013e+02
1.742450300000000141e+02 1.741230079999999987e+02 1.741504520000000014e+02
1.778549859999999967e+02 1.778506380000000036e+02 1.779600609999999961e+02
1.789033139999999946e+02 1.790328550000000121e+02 1.789507079999999917e+02
1.736457770000000096e+02 1.736745380000000125e+02 1.737691910000000064e+02
1.728221379999999954e+02 1.728758379999999875e+02 1.727421929999999861e+02
1.748169929999999965e+02 1.747214140000000100e+02 1.748415730000000110e+02
1.726600280000000112e+02 1.725663940000000025e+02 1.726881640000000004e+02
1.785452530000000024e+02 1.784538890000000038e+02 1.785818739999999991e+02
1.752101670000000126e+02 1.751429459999999949e+02 1.750825499999999977e+02
1.797971379999999897e+02 1.797181510000000060e+02 1.796675070000000005e+02
1.783401350000000036e+02 1.783616509999999948e+02 1.784538890000000038e+02
1.776808629999999880e+02 1.776384979999999985e+02 1.775626039999999932e+02
1.777518200000000093e+02 1.776912609999999972e+02 1.778189910000000111e+02
1.774966259999999920e+02 1.775492779999999868e+02 1.776309479999999894e+02
1.782201169999999877e+02 1.780915369999999882e+02 1.781608080000000029e+02
1.758226520000000050e+02 1.759080749999999966e+02 1.759399209999999982e+02
1.780439729999999940e+02 1.781462050000000090e+02 1.780256840000000125e+02
1.748841549999999927e+02 1.747708169999999939e+02 1.747997379999999907e+02
1.779543950000000052e+02 1.780821860000000072e+02 1.780140460000000076e+02
1.742571519999999907e+02 1.741315199999999948e+02 1.741844830000000002e+02
1.752803839999999980e+02 1.751849379999999883e+02 1.753018209999999897e+02
1.738275580000000105e+02 1.738880340000000047e+02 1.737588470000000029e+02
1.793564279999999940e+02 1.794425219999999968e+02 1.794729499999999973e+02
1.745535360000000082e+02 1.745735950000000116e+02 1.746760170000000016e+02
1.782883370000000127e+02 1.782288979999999867e+02 1.783546839999999918e+02
1.769891200000000140e+02 1.770487489999999866e+02 1.769213949999999897e+02
1.761572639999999978e+02 1.760970529999999883e+02 1.762244709999999941e+02
1.786480579999999918e+02 1.787044400000000053e+02 1.785791710000000023e+02
1.741315199999999948e+02 1.740795400000000086e+02 1.740097820000000013e+02
1.762216889999999978e+02 1.763457879999999989e+02 1.762528220000000090e+02
1.794108689999999910e+02 1.794590599999999938e+02 1.793255369999999971e+02
1.758096549999999922e+02 1.756842369999999960e+02 1.757507589999999880e+02
1.771391859999999951e+02 1.771648849999999982e+02 1.772606069999999931e+02
1.736549990000000037e+02 1.737911400000000128e+02 1.737115809999999954e+02
1.782683879999999874e+02 1.783951419999999928e+02 1.783270359999999926e+02
1.786031839999999988e+02 1.785333579999999927e+02 1.784759239999999920e+02
1.768134239999999977e+02 1.767537649999999871e+02 1.768814069999999958e+02
1.772451859999999897e+02 1.773054740000000038e+02 1.771710229999999910e+02
1.787833149999999875e+02 1.789028619999999989e+02 1.788347960000000114e+02
1.736725559999999859e+02 1.736275569999999959e+02 1.737665709999999990e+02
1.741230079999999987e+02 1.740275619999999890e+02 1.741504520000000014e+02
1.776502380000000016e+02 1.775829479999999876e+02 1.775215579999999989e+02
1.754421059999999954e+02 1.755000410000000102e+02 1.753756239999999877e+02
1.786163029999999878e+02 1.787442399999999907e+02 1.786762559999999951e+02
1.765738110000000063e+02 1.765141769999999894e+02 1.766439430000000073e+02
1.736745380000000125e+02 1.735789890000000071e+02 1.736991099999999904e+02
1.777004970000000128e+02 1.778506380000000036e+02 1.777601429999999993e+02
1.788821519999999907e+02 1.787613760000000127e+02 1.788291409999999928e+02
1.785994729999999890e+02 1.787268799999999942e+02 1.786561220000000105e+02
1.795700989999999990e+02 1.795702369999999917e+02 1.794425219999999968e+02
1.778604410000000087e+02 1.777317500000000052e+02 1.777975810000000081e+02
1.777234679999999969e+02 1.775970719999999972e+02 1.776624490000000094e+02
1.779627470000000073e+02 1.778339430000000050e+02 1.779021569999999883e+02
1.734581640000000107e+02 1.735075999999999965e+02 1.733750249999999937e+02
1.785934699999999964e+02 1.786496420000000001e+02 1.785258389999999906e+02
1.782787319999999909e+02 1.784061710000000005e+02 1.783369559999999865e+02
1.788301869999999951e+02 1.788970979999999997e+02 1.789634159999999952e+02
1.752773170000000107e+02 1.753378260000000068e+02 1.752101670000000126e+02
1.732095219999999927e+02 1.732618980000000022e+02 1.731273620000000051e+02
1.739871489999999881e+02 1.738919459999999901e+02 1.740140039999999999e+02
1.736472609999999861e+02 1.735811150000000112e+02 1.735226209999999867e+02
1.784164330000000120e+02 1.783563450000000046e+02 1.782775849999999878e+02
1.742685590000000104e+02 1.742018129999999871e+02 1.743266950000000008e+02
1.774602140000000077e+02 1.775215579999999989e+02 1.773930569999999989e+02
1.767340719999999976e+02 1.768014939999999910e+02 1.768615880000000118e+02
1.776808629999999880e+02 1.778023750000000121e+02 1.777629349999999988e+02
1.779063260000000071e+02 1.779287170000000060e+02 1.780256840000000125e+02
1.767969679999999926e+02 1.767388249999999914e+02 1.768651279999999986e+02
1.738944119999999884e+02 1.739609049999999968e+02 1.740208649999999864e+02
1.763725379999999916e+02 1.764394470000000013e+02 1.764986539999999877e+02
1.725040899999999908e+02 1.723824529999999982e+02 1.724188829999999939e+02
1.776981900000000110e+02 1.778263760000000104e+02 1.777587000000000046e+02
1.731500770000000102e+02 1.730820009999999911e+02 1.730251989999999864e+02
1.739025000000000034e+02 1.737975490000000036e+02 1.739115009999999870e+02
1.790026569999999992e+02 1.789280239999999935e+02 1.788742330000000038e+02
1.761533709999999928e+02 1.762433389999999918e+02 1.762798650000000009e+02
1.791556779999999947e+02 1.791935070000000110e+02 1.790785740000000033e+02
1.778715090000000032e+02 1.779386489999999981e+02 1.779973540000000014e+02
1.783794650000000104e+02 1.782522600000000068e+02 1.783192929999999876e+02
1.724169650000000047e+02 1.724825370000000078e+02 1.725485860000000002e+02
1.790404029999999977e+02 1.791116000000000099e+02 1.789784820000000138e+02
1.785121660000000077e+02 1.784460880000000031e+02 1.783860689999999920e+02
1.731610340000000008e+02 1.732882569999999873e+02 1.732119020000000091e+02
1.783478680000000054e+02 1.784124160000000074e+02 1.784693750000000136e+02
1.760229429999999979e+02 1.759556870000000117e+02 1.758957090000000107e+02
1.757431689999999946e+02 1.756150100000000123e+02 1.756842369999999960e+02
1.779303280000000029e+02 1.778045150000000092e+02 1.778465300000000013e+02
1.776019819999999925e+02 1.777277469999999937e+02 1.776624490000000094e+02
1.748653649999999971e+02 1.749865320000000111e+02 1.749613260000000139e+02
1.783569540000000018e+02 1.784265399999999886e+02 1.783013390000000129e+02
1.764505790000000047e+02 1.763557130000000086e+02 1.764775649999999985e+02
1.726308429999999987e+02 1.725385829999999885e+02 1.726600280000000112e+02
1.754186349999999948e+02 1.754833940000000041e+02 1.753530550000000119e+02
1.770487489999999866e+02 1.771759649999999908e+02 1.771078359999999918e+02
1.749707929999999863e+02 1.750967740000000106e+02 1.750324880000000007e+02
1.768457050000000095e+02 1.769051100000000076e+02 1.767781630000000064e+02
1.775032649999999990e+02 1.775635770000000093e+02 1.774370790000000113e+02
1.773897849999999892e+02 1.774100090000000023e+02 1.775065539999999942e+02
1.776981900000000110e+02 1.777587000000000046e+02 1.776307940000000087e+02
1.777518200000000093e+02 1.778189910000000111e+02 1.778791040000000123e+02
1.791046399999999892e+02 1.791545879999999897e+02 1.790404029999999977e+02
1.758631589999999960e+02 1.759305899999999951e+02 1.759915420000000097e+02
1.780382390000000044e+02 1.781008060000000057e+02 1.781637589999999989e+02
1.782160000000000082e+02 1.783569540000000018e+02 1.783013390000000129e+02
1.756150100000000123e+02 1.754833940000000041e+02 1.755498609999999928e+02
1.793287750000000074e+02 1.792402270000000044e+02 1.792236910000000023e+02
1.740176170000000013e+02 1.741448509999999885e+02 1.740802549999999940e+02
1.733050149999999974e+02 1.734386320000000126e+02 1.733553339999999992e+02
1.771940390000000036e+02 1.772684519999999964e+02 1.773144739999999899e+02
1.770570460000000139e+02 1.771855950000000064e+02 1.771168830000000014e+02
1.756171160000000100e+02 1.757019860000000051e+02 1.757396579999999915e+02
1.770013260000000059e+02 1.769488049999999930e+02 1.768839979999999912e+02
1.762173170000000084e+02 1.763445419999999899e+02 1.762772170000000074e+02
1.777004970000000128e+02 1.775679220000000100e+02 1.775837950000000092e+02
1.772179800000000114e+02 1.771510480000000030e+02 1.770913140000000112e+02
1.759556870000000117e+02 1.758881910000000062e+02 1.758285999999999945e+02
1.797971379999999897e+02 1.798485689999999977e+02 1.797181510000000060e+02
1.790026569999999992e+02 1.791318290000000104e+02 1.790540220000000033e+02
1.758696640000000002e+02 1.758096549999999922e+02 1.759387560000000121e+02
1.744966290000000129e+02 1.744415439999999933e+02 1.743594799999999907e+02
1.761306370000000072e+02 1.760603409999999940e+02 1.759989160000000084e+02
1.746258009999999956e+02 1.745295230000000117e+02 1.746505689999999902e+02
1.759978289999999959e+02 1.759038109999999904e+02 1.760223330000000033e+02
1.747658680000000118e+02 1.746977400000000102e+02 1.746368150000000128e+02
1.773321249999999907e+02 1.773930569999999989e+02 1.772647660000000087e+02
1.767969679999999926e+02 1.769243740000000003e+02 1.768565409999999929e+02
1.730595319999999901e+02 1.731273620000000051e+02 1.731712750000000085e+02
1.784774449999999888e+02 1.784090830000000096e+02 1.785258389999999906e+02
1.791610499999999888e+02 1.792952080000000024e+02 1.792222209999999905e+02
1.764946730000000059e+02 1.763671050000000093e+02 1.764353120000000104e+02
1.779115009999999870e+02 1.777830429999999922e+02 1.778479849999999942e+02
1.757614599999999996e+02 1.757012149999999906e+02 1.758285999999999945e+02
1.763565700000000049e+02 1.764868419999999958e+02 1.764144019999999955e+02
1.762917500000000075e+02 1.761684620000000052e+02 1.762006550000000118e+02
1.726308429999999987e+02 1.725047849999999983e+02 1.725385829999999885e+02
1.799000000000000057e+02 1.799000000000000057e+02 1.797855360000000076e+02
1.736472609999999861e+02 1.735934139999999957e+02 1.737174909999999954e+02
1.760827160000000049e+02 1.761500890000000084e+02 1.762097799999999950e+02
1.782303579999999954e+02 1.781608080000000029e+02 1.781001939999999877e+02
1.769233529999999917e+02 1.770469640000000027e+02 1.769564430000000073e+02
1.750369579999999985e+02 1.751624009999999885e+02 1.750811730000000068e+02
1.768457050000000095e+02 1.767861690000000010e+02 1.769132260000000088e+02
1.743324289999999905e+02 1.743924470000000042e+02 1.742660700000000134e+02
1.739551820000000077e+02 1.738880340000000047e+02 1.738275580000000105e+02
1.786496420000000001e+02 1.785827979999999968e+02 1.785258389999999906e+02
1.729376200000000097e+02 1.730774729999999977e+02 1.730251989999999864e+02
1.774064050000000066e+02 1.774100090000000023e+02 1.773040180000000134e+02
1.775553879999999936e+02 1.776191770000000076e+02 1.774859360000000095e+02
1.787214639999999974e+02 1.786653070000000127e+02 1.787857190000000003e+02
1.766941649999999981e+02 1.768216700000000117e+02 1.767537649999999871e+02
1.778381520000000080e+02 1.779267949999999985e+02 1.778023750000000121e+02
1.764144019999999955e+02 1.764829070000000115e+02 1.763565680000000100e+02
1.772699330000000089e+02 1.773696040000000096e+02 1.773867740000000026e+02
1.723280159999999910e+02 1.722325700000000097e+02 1.723448860000000025e+02
1.781327550000000031e+02 1.780059379999999862e+02 1.780734530000000007e+02
1.786295920000000024e+02 1.785681109999999876e+02 1.786984249999999861e+02
1.764189179999999908e+02 1.763336459999999875e+02 1.763084489999999960e+02
1.745196479999999895e+02 1.745708349999999882e+02 1.746288429999999892e+02
1.728106579999999894e+02 1.727800550000000044e+02 1.726881640000000004e+02
1.776149580000000014e+02 1.775179420000000050e+02 1.775044780000000060e+02
1.788571159999999907e+02 1.787879079999999874e+02 1.787302860000000067e+02
1.745535360000000082e+02 1.744335000000000093e+02 1.744575460000000078e+02
1.788000000000000114e+02 1.788514309999999909e+02 1.787299170000000004e+02
1.783192929999999876e+02 1.781922849999999983e+02 1.782595520000000135e+02
1.726956779999999867e+02 1.726002320000000054e+02 1.727277489999999887e+02
1.769329329999999914e+02 1.769926639999999907e+02 1.768651279999999986e+02
1.767487549999999885e+02 1.766814210000000003e+02 1.766219260000000020e+02
1.748266710000000046e+02 1.748941560000000095e+02 1.749548149999999964e+02
1.761799770000000080e+02 1.762456249999999898e+02 1.763058550000000082e+02
1.766589679999999873e+02 1.767186370000000011e+02 1.765914469999999881e+02
1.776502380000000016e+02 1.775215579999999989e+02 1.775885020000000054e+02
1.764043629999999894e+02 1.764641340000000014e+02 1.763368930000000034e+02
1.783745979999999918e+02 1.782602599999999882e+02 1.782877530000000093e+02
1.747537879999999859e+02 1.746780359999999916e+02 1.746288429999999892e+02
1.781580830000000049e+02 1.781766839999999945e+02 1.782553550000000087e+02
1.757682059999999922e+02 1.756402820000000133e+02 1.757074650000000133e+02
1.767105760000000032e+02 1.768375969999999882e+02 1.767700570000000084e+02
1.786852729999999951e+02 1.785768280000000061e+02 1.785827979999999968e+02
1.764866609999999980e+02 1.763591879999999890e+02 1.764268089999999916e+02
1.781413520000000119e+02 1.782683879999999874e+02 1.782003630000000101e+02
1.754817950000000053e+02 1.753669669999999883e+02 1.754209799999999859e+02
1.759305899999999951e+02 1.758028140000000121e+02 1.758696640000000002e+02
1.775179420000000050e+02 1.774023439999999994e+02 1.775044780000000060e+02
1.786897250000000099e+02 1.786173349999999971e+02 1.785608070000000112e+02
1.742535890000000052e+02 1.743151729999999873e+02 1.741795749999999998e+02
1.752832779999999957e+02 1.751554539999999918e+02 1.752215539999999976e+02
1.732789449999999931e+02 1.733330679999999973e+02 1.732095219999999927e+02
1.794265379999999936e+02 1.795608110000000011e+02 1.794743239999999957e+02
1.727277489999999887e+02 1.726308429999999987e+02 1.727538659999999879e+02
1.771291319999999985e+02 1.770009520000000123e+02 1.770689749999999947e+02
1.741082120000000089e+02 1.740140039999999999e+02 1.741299559999999929e+02
1.778051849999999945e+02 1.778715090000000032e+02 1.779285150000000044e+02
1.785548009999999977e+02 1.786163029999999878e+02 1.784890010000000018e+02
1.743594799999999907e+02 1.742318679999999915e+02 1.742468069999999898e+02
1.752629349999999988e+02 1.753223959999999977e+02 1.751953010000000006e+02
1.737691910000000064e+02 1.736745380000000125e+02 1.737961940000000141e+02
1.731729090000000042e+02 1.731980430000000126e+02 1.732927139999999895e+02
1.748455309999999940e+02 1.747688870000000065e+02 1.749031310000000019e+02
1.778381520000000080e+02 1.778023750000000121e+02 1.777148160000000132e+02
1.759765549999999905e+02 1.758488790000000108e+02 1.759163139999999999e+02
1.788835809999999924e+02 1.789307929999999942e+02 1.788057970000000125e+02
1.768971439999999973e+02 1.768296159999999873e+02 1.767700570000000084e+02
1.785934699999999964e+02 1.785258389999999906e+02 1.784693750000000136e+02
1.776450389999999970e+02 1.777712380000000110e+02 1.777309820000000116e+02
1.794590599999999938e+02 1.795096460000000036e+02 1.793743920000000003e+02
1.770098989999999901e+02 1.769488049999999930e+02 1.770818820000000073e+02
1.773135709999999960e+02 1.771917880000000025e+02 1.772205930000000080e+02
1.774448749999999961e+02 1.773519569999999987e+02 1.774707400000000064e+02
1.751624009999999885e+02 1.752880429999999876e+02 1.752050910000000101e+02
1.760121110000000044e+02 1.761359420000000000e+02 1.760686729999999898e+02
1.747214140000000100e+02 1.747465510000000108e+02 1.748415730000000110e+02
1.775431260000000009e+02 1.776671949999999924e+02 1.776019819999999925e+02
1.766022480000000030e+02 1.766715389999999957e+02 1.767227200000000096e+02
1.774288620000000094e+02 1.773027179999999987e+02 1.773715459999999950e+02
1.781688880000000097e+02 1.781081890000000101e+02 1.782371310000000051e+02
1.779021569999999883e+02 1.778408420000000092e+02 1.779702980000000139e+02
1.784541089999999883e+02 1.783401350000000036e+02 1.784538890000000038e+02
1.775032649999999990e+02 1.774370790000000113e+02 1.773754450000000134e+02
1.739551820000000077e+02 1.738944119999999884e+02 1.740208649999999864e+02
1.756131460000000004e+02 1.755412509999999884e+02 1.756543399999999906e+02
1.776384979999999985e+02 1.777629349999999988e+02 1.777185929999999985e+02
1.784124160000000074e+02 1.785371629999999925e+02 1.784693750000000136e+02
1.783013390000000129e+02 1.783648200000000088e+02 1.782553550000000087e+02
1.755370330000000081e+02 1.756620880000000113e+02 1.755768490000000099e+02
1.743949049999999943e+02 1.745235649999999907e+02 1.744490380000000016e+02
1.760121110000000044e+02 1.760686729999999898e+02 1.759387560000000121e+02
1.754952319999999872e+02 1.756171160000000100e+02 1.755412509999999884e+02
1.759470890000000054e+02 1.760151380000000074e+02 1.760740230000000111e+02
1.756003289999999879e+02 1.756678430000000048e+02 1.757281900000000121e+02
1.751163479999999879e+02 1.752461570000000108e+02 1.751624009999999885e+02
1.781508699999999976e+02 1.782787319999999909e+02 1.782097390000000132e+02
1.779585739999999987e+02 1.779262479999999869e+02 1.778574450000000127e+02
1.739801170000000070e+02 1.740553179999999998e+02 1.741158220000000085e+02
1.791605570000000114e+02 1.792291810000000112e+02 1.792931220000000110e+02
1.777482860000000073e+02 1.778381520000000080e+02 1.777148160000000132e+02
1.771821229999999900e+02 1.772451859999999897e+02 1.771198300000000074e+02
1.750676489999999887e+02 1.751354680000000030e+02 1.751953010000000006e+02
1.760121110000000044e+02 1.759387560000000121e+02 1.758837900000000047e+02
1.764295140000000117e+02 1.764868419999999958e+02 1.763565700000000049e+02
1.764191920000000096e+02 1.763518269999999859e+02 1.762917720000000088e+02
1.739609049999999968e+02 1.739025000000000034e+02 1.740097820000000013e+02
1.745196479999999895e+02 1.745344279999999912e+02 1.744172949999999958e+02
1.793653869999999984e+02 1.794108689999999910e+02 1.792809650000000090e+02
1.756150100000000123e+02 1.755464990000000114e+02 1.754833940000000041e+02
1.783432699999999897e+02 1.784672490000000096e+02 1.784188179999999875e+02
1.790385129999999947e+02 1.789666349999999966e+02 1.790902969999999925e+02
1.737961940000000141e+02 1.736991099999999904e+02 1.738176980000000071e+02
1.776384979999999985e+02 1.777185929999999985e+02 1.775883599999999944e+02
1.734837239999999952e+02 1.733877310000000023e+02 1.735071979999999883e+02
1.740553179999999998e+02 1.741350689999999872e+02 1.741883459999999957e+02
1.775978049999999939e+02 1.775626039999999932e+02 1.774863560000000007e+02
1.758782970000000034e+02 1.757576149999999870e+02 1.757835780000000057e+02
1.760519060000000025e+02 1.761117529999999931e+02 1.759839000000000055e+02
1.764866609999999980e+02 1.765542199999999866e+02 1.766140249999999980e+02
1.789537770000000023e+02 1.790785740000000033e+02 1.789955980000000011e+02
1.771252660000000105e+02 1.770570460000000139e+02 1.769965440000000001e+02
1.769984159999999918e+02 1.770203319999999962e+02 1.771135429999999928e+02
1.773519569999999987e+02 1.772321300000000122e+02 1.772606069999999931e+02
1.755068400000000111e+02 1.754445069999999873e+02 1.755732720000000029e+02
1.750079120000000046e+02 1.750756159999999966e+02 1.751354680000000030e+02
1.763190820000000087e+02 1.761903440000000103e+02 1.762597489999999993e+02
1.745778889999999990e+02 1.746368150000000128e+02 1.745080140000000029e+02
1.770375329999999963e+02 1.770038350000000094e+02 1.769118770000000040e+02
1.774023439999999994e+02 1.773135709999999960e+02 1.774296830000000114e+02
1.768565409999999929e+02 1.769842199999999934e+02 1.769201349999999877e+02
1.784265399999999886e+02 1.783648200000000088e+02 1.783013390000000129e+02
1.765473800000000040e+02 1.764829070000000115e+02 1.764144019999999955e+02
1.789634159999999952e+02 1.788970979999999997e+02 1.790329169999999976e+02
1.759024049999999875e+02 1.759628010000000131e+02 1.758352849999999989e+02
1.753530550000000119e+02 1.754165439999999876e+02 1.752873350000000130e+02
1.772205930000000080e+02 1.770971959999999967e+02 1.771201030000000003e+02
1.758352849999999989e+02 1.758957090000000107e+02 1.757682059999999922e+02
1.774707400000000064e+02 1.775179420000000050e+02 1.775837950000000092e+02
1.728955890000000011e+02 1.729376200000000097e+02 1.730251989999999864e+02
1.755068400000000111e+02 1.753784489999999892e+02 1.754445069999999873e+02
1.742660700000000134e+02 1.743924470000000042e+02 1.743242810000000134e+02
1.777858960000000081e+02 1.776906649999999956e+02 1.778110389999999938e+02
1.767561900000000037e+02 1.768800789999999949e+02 1.767790799999999933e+02
1.729119689999999991e+02 1.728204849999999908e+02 1.729431069999999977e+02
1.724199309999999912e+02 1.723280159999999910e+02 1.724436090000000092e+02
1.796860409999999888e+02 1.796753170000000068e+02 1.795608110000000011e+02
1.778110389999999938e+02 1.777161979999999915e+02 1.778346129999999903e+02
1.759361739999999941e+02 1.758674980000000119e+02 1.758071439999999939e+02
1.765154560000000004e+02 1.765833939999999984e+02 1.766428940000000125e+02
1.781040999999999883e+02 1.781688880000000097e+02 1.782288979999999867e+02
1.752278489999999920e+02 1.751705479999999966e+02 1.752974729999999965e+02
1.767700570000000084e+02 1.767023829999999975e+02 1.766428940000000125e+02
1.744966290000000129e+02 1.745708349999999882e+02 1.744415439999999933e+02
1.760229429999999979e+02 1.761500890000000084e+02 1.760827160000000049e+02
1.789666349999999966e+02 1.788444330000000093e+02 1.789075119999999970e+02
1.791610499999999888e+02 1.792360850000000028e+02 1.792952080000000024e+02
1.749137200000000121e+02 1.749376059999999882e+02 1.750359789999999975e+02
1.789784820000000138e+02 1.791116000000000099e+02 1.790336320000000114e+02
1.779303280000000029e+02 1.780570150000000069e+02 1.780134820000000104e+02
1.780009369999999933e+02 1.780256840000000125e+02 1.781188589999999863e+02
1.793337940000000117e+02 1.792614869999999883e+02 1.792125580000000014e+02
1.738176980000000071e+02 1.737273800000000108e+02 1.738566079999999943e+02
1.743838450000000080e+02 1.744424040000000105e+02 1.745108950000000050e+02
1.743384619999999927e+02 1.743673609999999883e+02 1.744575460000000078e+02
1.780148259999999993e+02 1.779732950000000073e+02 1.778883409999999969e+02
1.788123139999999864e+02 1.787520949999999971e+02 1.788815400000000011e+02
1.750397930000000031e+02 1.751232850000000099e+02 1.751705479999999966e+02
1.793255369999999971e+02 1.792360850000000028e+02 1.791935070000000110e+02
1.756467260000000010e+02 1.755792610000000025e+02 1.755185649999999953e+02
1.733383829999999932e+02 1.734154790000000048e+02 1.734672669999999925e+02
1.781051720000000103e+02 1.779751679999999965e+02 1.780403770000000065e+02
1.756402820000000133e+02 1.755792610000000025e+02 1.757074650000000133e+02
1.762739459999999951e+02 1.761434010000000114e+02 1.761642999999999972e+02
1.790902969999999925e+02 1.789666349999999966e+02 1.790255559999999946e+02
1.725485860000000002e+02 1.726843829999999969e+02 1.726056279999999958e+02
1.750324880000000007e+02 1.750967740000000106e+02 1.751593059999999866e+02
1.755768490000000099e+02 1.756620880000000113e+02 1.757019860000000051e+02
1.790571539999999970e+02 1.791085850000000050e+02 1.789788760000000138e+02
1.781681370000000015e+02 1.781997000000000071e+02 1.782877530000000093e+02
1.756678430000000048e+02 1.756074099999999873e+02 1.757353909999999928e+02
1.762739459999999951e+02 1.764144019999999955e+02 1.763565680000000100e+02
1.739512210000000039e+02 1.738566079999999943e+02 1.738413620000000037e+02
1.770839469999999949e+02 1.769567930000000047e+02 1.770241359999999986e+02
1.746505689999999902e+02 1.745535360000000082e+02 1.746760170000000016e+02
1.788821519999999907e+02 1.789537770000000023e+02 1.789955980000000011e+02
1.754507250000000056e+02 1.753904929999999922e+02 1.755185649999999953e+02
1.782114550000000008e+02 1.781188589999999863e+02 1.782328689999999938e+02
1.791116000000000099e+02 1.792402270000000044e+02 1.791556779999999947e+02
1.769051100000000076e+02 1.769645580000000109e+02 1.768375969999999882e+02
1.789666349999999966e+02 1.789075119999999970e+02 1.790255559999999946e+02
1.757862560000000087e+02 1.758716689999999971e+02 1.759080749999999966e+02
1.790404029999999977e+02 1.791545879999999897e+02 1.791116000000000099e+02
1.766346110000000067e+02 1.765750180000000000e+02 1.767023829999999975e+02
1.792367270000000019e+02 1.793600160000000017e+02 1.793025049999999965e+02
1.785791710000000023e+02 1.785121660000000077e+02 1.784533309999999915e+02
1.787199479999999880e+02 1.786653070000000127e+02 1.785818739999999991e+02
1.725349919999999884e+02 1.726662560000000042e+02 1.726162799999999891e+02
1.765855579999999918e+02 1.767035970000000020e+02 1.766439430000000073e+02
1.765473800000000040e+02 1.766773699999999963e+02 1.766111349999999902e+02
1.781765310000000113e+02 1.782972110000000043e+02 1.782160000000000082e+02
1.738685659999999871e+02 1.740035039999999924e+02 1.739226909999999862e+02
1.755644819999999982e+02 1.754697449999999890e+02 1.755981069999999988e+02
1.791600160000000130e+02 1.792114459999999951e+02 1.790808649999999886e+02
1.783432699999999897e+02 1.782986870000000010e+02 1.782200239999999951e+02
1.778791040000000123e+02 1.779464030000000037e+02 1.780059379999999862e+02
1.750001910000000009e+02 1.750676489999999887e+02 1.751285220000000038e+02
1.777401309999999910e+02 1.776232550000000003e+02 1.776510590000000036e+02
1.786173510000000135e+02 1.785496159999999861e+02 1.784908550000000105e+02
1.750280970000000025e+02 1.749008969999999863e+02 1.749672079999999994e+02
1.795096460000000036e+02 1.795624310000000037e+02 1.794295869999999979e+02
1.763791420000000016e+02 1.763190820000000087e+02 1.764473160000000007e+02
1.747688870000000065e+02 1.746386070000000075e+02 1.746897910000000138e+02
1.776502380000000016e+02 1.777117709999999988e+02 1.775829479999999876e+02
1.782775849999999878e+02 1.781580830000000049e+02 1.782553550000000087e+02
1.778051849999999945e+02 1.777382660000000101e+02 1.776821480000000122e+02
1.764791759999999954e+02 1.766065830000000005e+02 1.765391730000000052e+02
1.790295830000000024e+02 1.791600160000000130e+02 1.790808649999999886e+02
1.757507589999999880e+02 1.758496670000000108e+02 1.758837900000000047e+02
1.788057970000000125e+02 1.789307929999999942e+02 1.788480959999999982e+02
1.773817559999999958e+02 1.772546460000000081e+02 1.772944090000000017e+02
1.778809329999999989e+02 1.779063260000000071e+02 1.780009369999999933e+02
1.759305899999999951e+02 1.758696640000000002e+02 1.759989160000000084e+02
1.751613450000000114e+02 1.750994619999999884e+02 1.752278489999999920e+02
1.774141730000000052e+02 1.774448749999999961e+02 1.775334019999999953e+02
1.742065039999999954e+02 1.741411540000000002e+02 1.740802549999999940e+02
1.749008969999999863e+02 1.748403519999999958e+02 1.749672079999999994e+02
1.785333579999999927e+02 1.785908799999999985e+02 1.784639420000000030e+02
1.740275619999999890e+02 1.739321160000000077e+02 1.740546150000000125e+02
1.778263760000000104e+02 1.778943969999999979e+02 1.779543950000000052e+02
1.736275569999999959e+02 1.737115809999999954e+02 1.737665709999999990e+02
1.739871489999999881e+02 1.740140039999999999e+02 1.741082120000000089e+02
1.770760170000000073e+02 1.771965460000000121e+02 1.771079760000000078e+02
1.776092240000000118e+02 1.775568189999999902e+02 1.776748809999999992e+02
1.740004529999999932e+02 1.740462459999999965e+02 1.739306540000000041e+02
1.799000000000000057e+02 1.799000000000000057e+02 1.798124270000000138e+02
1.778903009999999938e+02 1.780134820000000104e+02 1.779737990000000138e+02
1.776591070000000059e+02 1.777482860000000073e+02 1.776212889999999902e+02
1.781327550000000031e+02 1.781922849999999983e+02 1.780652300000000139e+02
1.784903219999999919e+02 1.786216719999999896e+02 1.785548009999999977e+02
1.755933359999999936e+02 1.754655419999999992e+02 1.755329370000000040e+02
1.776594130000000007e+02 1.777004970000000128e+02 1.775837950000000092e+02
1.766814210000000003e+02 1.765542199999999866e+02 1.766219260000000020e+02
1.736262529999999913e+02 1.735316709999999887e+02 1.736516239999999982e+02
1.743594799999999907e+02 1.744415439999999933e+02 1.743261640000000057e+02
1.727421929999999861e+02 1.728015859999999861e+02 1.726662560000000042e+02
1.762009529999999984e+02 1.760740230000000111e+02 1.761421009999999967e+02
1.765666950000000099e+02 1.764394470000000013e+02 1.765071529999999882e+02
1.756171160000000100e+02 1.757396579999999915e+02 1.756543399999999906e+02
1.771319399999999860e+02 1.770818820000000073e+02 1.771946350000000052e+02
1.785908799999999985e+02 1.787183229999999980e+02 1.786480579999999918e+02
1.765666950000000099e+02 1.765071529999999882e+02 1.766346110000000067e+02
1.753444309999999859e+02 1.752832779999999957e+02 1.754114979999999946e+02
1.761194490000000030e+02 1.762433389999999918e+02 1.761533709999999928e+02
1.794437660000000108e+02 1.793945710000000133e+02 1.793178969999999879e+02
1.784731409999999983e+02 1.785314950000000067e+02 1.785787550000000010e+02
1.789825639999999964e+02 1.790404029999999977e+02 1.789153860000000122e+02
1.789776119999999935e+02 1.790328550000000121e+02 1.789033139999999946e+02
1.739528180000000077e+02 1.740802549999999940e+02 1.740165289999999914e+02
1.792459249999999997e+02 1.793172859999999957e+02 1.793684810000000027e+02
1.730301159999999925e+02 1.730595319999999901e+02 1.731471769999999992e+02
1.760740230000000111e+02 1.760151380000000074e+02 1.761421009999999967e+02
1.779083599999999876e+02 1.778458720000000142e+02 1.779751679999999965e+02
1.772778859999999952e+02 1.771510480000000030e+02 1.772179800000000114e+02
1.770609330000000057e+02 1.770009520000000123e+02 1.771291319999999985e+02
1.775179420000000050e+02 1.776594130000000007e+02 1.775837950000000092e+02
1.758201139999999896e+02 1.758780979999999943e+02 1.757502929999999992e+02
1.790935080000000141e+02 1.791610499999999888e+02 1.792222209999999905e+02
1.735934139999999957e+02 1.735226209999999867e+02 1.734653680000000122e+02
1.735422930000000008e+02 1.734092939999999885e+02 1.734906569999999988e+02
1.786762559999999951e+02 1.787442399999999907e+02 1.788039809999999932e+02
1.772484550000000070e+02 1.773696040000000096e+02 1.772699330000000089e+02
1.760603409999999940e+02 1.759305899999999951e+02 1.759989160000000084e+02
1.775431260000000009e+02 1.774867649999999912e+02 1.776092240000000118e+02
1.786762559999999951e+02 1.787370530000000031e+02 1.786091439999999864e+02
1.794265379999999936e+02 1.793684810000000027e+02 1.794895420000000001e+02
1.753825999999999965e+02 1.752539170000000013e+02 1.753223959999999977e+02
1.758096549999999922e+02 1.757507589999999880e+02 1.758837900000000047e+02
1.763897890000000075e+02 1.763437030000000050e+02 1.764701090000000079e+02
1.785827979999999968e+02 1.784774449999999888e+02 1.785258389999999906e+02
1.722277029999999911e+02 1.722962349999999958e+02 1.721872299999999996e+02
1.730301159999999925e+02 1.729119689999999991e+02 1.729431069999999977e+02
1.781699279999999987e+02 1.783009419999999920e+02 1.782363479999999925e+02
1.735934139999999957e+02 1.735422930000000008e+02 1.736725559999999859e+02
1.787044400000000053e+02 1.787749650000000088e+02 1.788291409999999928e+02
1.773247560000000078e+02 1.772061960000000056e+02 1.772321300000000122e+02
1.782883370000000127e+02 1.782250160000000108e+02 1.781641380000000083e+02
1.764946730000000059e+02 1.764268089999999916e+02 1.763671050000000093e+02
1.775153510000000097e+02 1.776441419999999880e+02 1.775764250000000004e+02
1.780134820000000104e+02 1.780570150000000069e+02 1.781386919999999918e+02
1.797885760000000062e+02 1.797918349999999919e+02 1.796811460000000125e+02
1.762433389999999918e+02 1.763672290000000089e+02 1.762798650000000009e+02
1.766715389999999957e+02 1.767388249999999914e+02 1.767969679999999926e+02
1.768074310000000082e+02 1.768303180000000054e+02 1.769226240000000132e+02
1.740208649999999864e+02 1.739609049999999968e+02 1.740795400000000086e+02
1.781136610000000076e+02 1.780182149999999979e+02 1.781413149999999916e+02
1.764717689999999948e+02 1.764043629999999894e+02 1.763445419999999899e+02
1.735075999999999965e+02 1.734572330000000022e+02 1.733750249999999937e+02
1.753530550000000119e+02 1.752873350000000130e+02 1.752242540000000020e+02
1.741299559999999929e+02 1.740462459999999965e+02 1.741795749999999998e+02
1.760556559999999990e+02 1.761799770000000080e+02 1.761038220000000081e+02
1.796628530000000126e+02 1.796856359999999881e+02 1.795668770000000052e+02
1.740911099999999863e+02 1.742183320000000037e+02 1.741350689999999872e+02
1.741971849999999904e+02 1.743242810000000134e+02 1.742535890000000052e+02
1.777461830000000020e+02 1.778122119999999882e+02 1.778715090000000032e+02
1.770098989999999901e+02 1.768827400000000125e+02 1.769488049999999930e+02
1.730060249999999940e+02 1.731338959999999929e+02 1.730549410000000137e+02
1.733178450000000055e+02 1.734364199999999983e+02 1.734119239999999991e+02
1.754135850000000119e+02 1.755370330000000081e+02 1.754531949999999938e+02
1.783648200000000088e+02 1.784164330000000120e+02 1.782775849999999878e+02
1.770013260000000059e+02 1.770760170000000073e+02 1.771079760000000078e+02
1.767453309999999931e+02 1.768732270000000142e+02 1.768055579999999907e+02
1.780314319999999952e+02 1.779021569999999883e+02 1.779702980000000139e+02
1.781687359999999956e+02 1.782363479999999925e+02 1.783000399999999956e+02
1.773849580000000117e+02 1.774023439999999994e+02 1.775179420000000050e+02
1.795972659999999905e+02 1.795679350000000056e+02 1.794893959999999993e+02
1.771168830000000014e+02 1.770487489999999866e+02 1.769891200000000140e+02
1.758096549999999922e+02 1.757431689999999946e+02 1.756842369999999960e+02
1.780382390000000044e+02 1.781029080000000135e+02 1.779754930000000002e+02
1.769411709999999971e+02 1.770090140000000076e+02 1.770689749999999947e+02
1.790255559999999946e+02 1.789807759999999917e+02 1.790878830000000050e+02
1.734092939999999885e+02 1.734653680000000122e+02 1.733330679999999973e+02
1.786984249999999861e+02 1.785681109999999876e+02 1.786352139999999906e+02
1.778715090000000032e+02 1.778122119999999882e+02 1.779386489999999981e+02
1.768227479999999900e+02 1.767629780000000039e+02 1.768839979999999912e+02
1.783369559999999865e+02 1.782683879999999874e+02 1.782097390000000132e+02
1.742080400000000111e+02 1.742685590000000104e+02 1.743336299999999994e+02
1.752773170000000107e+02 1.752165660000000003e+02 1.753444309999999859e+02
1.755464990000000114e+02 1.756074099999999873e+02 1.754787780000000055e+02
1.773003469999999879e+02 1.773897849999999892e+02 1.772684519999999964e+02
1.793564279999999940e+02 1.792291810000000112e+02 1.793025049999999965e+02
1.768216700000000117e+02 1.769491370000000074e+02 1.768814069999999958e+02
1.761319849999999860e+02 1.760740230000000111e+02 1.762009529999999984e+02
1.773715459999999950e+02 1.772446140000000128e+02 1.773141239999999925e+02
1.790230620000000101e+02 1.789520210000000020e+02 1.788926999999999907e+02
1.779756020000000092e+02 1.781008060000000057e+02 1.780382390000000044e+02
1.743242810000000134e+02 1.744512780000000021e+02 1.743825579999999889e+02
1.757815060000000074e+02 1.757211220000000083e+02 1.758488790000000108e+02
1.780381669999999872e+02 1.781051720000000103e+02 1.781687359999999956e+02
1.749865320000000111e+02 1.748841549999999927e+02 1.749989180000000033e+02
1.770400950000000080e+02 1.769132260000000088e+02 1.769808830000000057e+02
1.789578400000000045e+02 1.788272670000000062e+02 1.788821519999999907e+02
1.785496159999999861e+02 1.786060270000000116e+02 1.784806089999999870e+02
1.765738110000000063e+02 1.766316889999999944e+02 1.765039720000000045e+02
1.790891359999999963e+02 1.791949759999999969e+02 1.790878830000000050e+02
1.732789449999999931e+02 1.731500770000000102e+02 1.732192000000000007e+02
1.758780979999999943e+02 1.760053599999999960e+02 1.759361739999999941e+02
1.785216069999999888e+02 1.786480579999999918e+02 1.785791710000000023e+02
1.780140460000000076e+02 1.781413520000000119e+02 1.780734530000000007e+02
1.777858200000000011e+02 1.779124879999999962e+02 1.778506380000000036e+02
1.761117529999999931e+02 1.761716659999999877e+02 1.760440240000000074e+02
1.747688870000000065e+02 1.747122430000000008e+02 1.746386070000000075e+02
1.776849870000000067e+02 1.777518200000000093e+02 1.778122119999999882e+02
1.786374790000000132e+02 1.785727730000000122e+02 1.785121660000000077e+02
1.785121660000000077e+02 1.785727730000000122e+02 1.784460880000000031e+02
1.734906569999999988e+02 1.734092939999999885e+02 1.733553339999999992e+02
1.792931220000000110e+02 1.792291810000000112e+02 1.793564279999999940e+02
1.783563450000000046e+02 1.784168659999999988e+02 1.783085010000000068e+02
1.793684810000000027e+02 1.794429039999999986e+02 1.794895420000000001e+02
1.792773569999999950e+02 1.793287750000000074e+02 1.792236910000000023e+02
1.796942769999999996e+02 1.796153150000000096e+02 1.795624310000000037e+02
1.763189930000000061e+02 1.762652070000000037e+02 1.763897890000000075e+02
1.787214639999999974e+02 1.785928900000000112e+02 1.786653070000000127e+02
1.764717689999999948e+02 1.765316129999999930e+02 1.764043629999999894e+02
1.784759239999999920e+02 1.785333579999999927e+02 1.784061710000000005e+02
1.742039929999999970e+02 1.741770870000000002e+02 1.740816639999999893e+02
1.749098769999999945e+02 1.750369579999999985e+02 1.749607579999999984e+02
1.754051019999999994e+02 1.752773170000000107e+02 1.753444309999999859e+02
1.788010439999999903e+02 1.786737050000000124e+02 1.787455070000000035e+02
1.772929340000000025e+02 1.772256059999999991e+02 1.771666720000000055e+02
1.772546460000000081e+02 1.771742539999999906e+02 1.772944090000000017e+02
1.779751679999999965e+02 1.778458720000000142e+02 1.779115009999999870e+02
1.781051720000000103e+02 1.781699279999999987e+02 1.782363479999999925e+02
1.767413149999999860e+02 1.768084440000000086e+02 1.768686999999999898e+02
1.779627470000000073e+02 1.780227350000000115e+02 1.778943969999999979e+02
1.785216069999999888e+02 1.785791710000000023e+02 1.784533309999999915e+02
1.789807759999999917e+02 1.788552650000000028e+02 1.789507079999999917e+02
1.777587000000000046e+02 1.778263760000000104e+02 1.778865020000000072e+02
1.736472609999999861e+02 1.737046479999999917e+02 1.735811150000000112e+02
1.749607579999999984e+02 1.750811730000000068e+02 1.749983939999999905e+02
1.770009520000000123e+02 1.769329329999999914e+02 1.768732270000000142e+02
1.773131820000000118e+02 1.772511069999999904e+02 1.773802770000000066e+02
1.786374790000000132e+02 1.785121660000000077e+02 1.785791710000000023e+02
1.784000000000000057e+02 1.783045539999999960e+02 1.784541089999999883e+02
1.787649470000000065e+02 1.786996739999999875e+02 1.788272670000000062e+02
1.770009520000000123e+02 1.768732270000000142e+02 1.769411709999999971e+02
1.780448480000000018e+02 1.779877280000000042e+02 1.781081890000000101e+02
1.782201169999999877e+02 1.781508699999999976e+02 1.780915369999999882e+02
1.757012149999999906e+02 1.755732720000000029e+02 1.756402820000000133e+02
1.765465859999999907e+02 1.764191920000000096e+02 1.764866609999999980e+02
1.761207860000000096e+02 1.760603409999999940e+02 1.761914679999999862e+02
1.775588860000000011e+02 1.776149580000000014e+02 1.775044780000000060e+02
1.762501169999999888e+02 1.761903440000000103e+02 1.763190820000000087e+02
1.768216700000000117e+02 1.766941649999999981e+02 1.767619929999999897e+02
1.771252660000000105e+02 1.771855950000000064e+02 1.770570460000000139e+02
1.750940740000000062e+02 1.750324880000000007e+02 1.751593059999999866e+02
1.773141239999999925e+02 1.772563969999999927e+02 1.773914110000000051e+02
1.770549149999999941e+02 1.770123169999999959e+02 1.769201349999999877e+02
1.755176370000000077e+02 1.754206770000000120e+02 1.755401080000000036e+02
1.768835860000000082e+02 1.767619660000000010e+02 1.767873690000000124e+02
1.770971959999999967e+02 1.769773869999999931e+02 1.770038350000000094e+02
1.772468470000000025e+02 1.771821229999999900e+02 1.771172750000000065e+02
1.760439540000000136e+02 1.759485070000000064e+02 1.760733840000000043e+02
1.755498609999999928e+02 1.756131460000000004e+02 1.756842369999999960e+02
1.771917880000000025e+02 1.770971959999999967e+02 1.772205930000000080e+02
1.781802089999999907e+02 1.781081890000000101e+02 1.780489579999999989e+02
1.755068400000000111e+02 1.754421059999999954e+02 1.753784489999999892e+02
1.729376200000000097e+02 1.728430970000000002e+02 1.729695820000000026e+02
1.760900919999999985e+02 1.761500890000000084e+02 1.760229429999999979e+02
1.753498590000000092e+02 1.752215539999999976e+02 1.752873350000000130e+02
1.742709020000000066e+02 1.742065039999999954e+02 1.741448509999999885e+02
1.759038109999999904e+02 1.757835780000000057e+02 1.758105899999999906e+02
1.777203820000000007e+02 1.777852870000000109e+02 1.778479849999999942e+02
1.789520210000000020e+02 1.790808040000000005e+02 1.790098179999999957e+02
1.799000000000000057e+02 1.799000000000000057e+02 1.797918349999999919e+02
1.784168659999999988e+02 1.783315230000000042e+02 1.783085010000000068e+02
1.792806930000000136e+02 1.794107119999999895e+02 1.793376379999999983e+02
1.720999999999999943e+02 1.722116120000000024e+02 1.722037829999999872e+02
1.769984159999999918e+02 1.769029690000000130e+02 1.770203319999999962e+02
1.740802549999999940e+02 1.741411540000000002e+02 1.740165289999999914e+02
1.782003630000000101e+02 1.781327550000000031e+02 1.780734530000000007e+02
1.745815519999999879e+02 1.744532320000000141e+02 1.745108950000000050e+02
1.723553149999999903e+02 1.724825370000000078e+02 1.724169650000000047e+02
1.770010980000000131e+02 1.769419019999999989e+02 1.770662879999999859e+02
1.727277489999999887e+02 1.727538659999999879e+02 1.728567050000000052e+02
1.732095219999999927e+02 1.733330679999999973e+02 1.732618980000000022e+02
1.769118770000000040e+02 1.768074310000000082e+02 1.769226240000000132e+02
1.756344220000000007e+02 1.755679110000000094e+02 1.755068400000000111e+02
1.795854359999999872e+02 1.795168920000000128e+02 1.794588850000000093e+02
1.728758379999999875e+02 1.729226969999999994e+02 1.728015859999999861e+02
1.777587000000000046e+02 1.778865020000000072e+02 1.778189910000000111e+02
1.787879079999999874e+02 1.789153860000000122e+02 1.788471529999999916e+02
1.785415910000000110e+02 1.785994729999999890e+02 1.784666960000000131e+02
1.765458840000000009e+02 1.765711039999999912e+02 1.766660139999999899e+02
1.772944090000000017e+02 1.773247560000000078e+02 1.774141730000000052e+02
1.780439729999999940e+02 1.780606740000000059e+02 1.781580830000000049e+02
1.755927350000000047e+02 1.754712769999999864e+02 1.754954630000000009e+02
1.791605570000000114e+02 1.792309769999999958e+02 1.790891359999999963e+02
1.755329370000000040e+02 1.754051019999999994e+02 1.754723860000000002e+02
1.764446049999999957e+02 1.765738110000000063e+02 1.765039720000000045e+02
1.779267949999999985e+02 1.780514970000000119e+02 1.780148259999999993e+02
1.776510590000000036e+02 1.777004970000000128e+02 1.777601429999999993e+02
1.793600160000000017e+02 1.794265379999999936e+02 1.794743239999999957e+02
1.791318290000000104e+02 1.792628770000000031e+02 1.791818810000000042e+02
1.772468470000000025e+02 1.773099750000000085e+02 1.771821229999999900e+02
1.724436090000000092e+02 1.724728509999999915e+02 1.725663940000000025e+02
1.786031839999999988e+02 1.784759239999999920e+02 1.785462650000000053e+02
1.737314770000000124e+02 1.738685659999999871e+02 1.737911400000000128e+02
1.747122430000000008e+02 1.746510910000000081e+02 1.745815519999999879e+02
1.779386489999999981e+02 1.778122119999999882e+02 1.778791040000000123e+02
1.749376059999999882e+02 1.748169929999999965e+02 1.748415730000000110e+02
1.741221119999999871e+02 1.741971849999999904e+02 1.742535890000000052e+02
1.769132260000000088e+02 1.767861690000000010e+02 1.768537300000000130e+02
1.777852870000000109e+02 1.776583880000000022e+02 1.777234679999999969e+02
1.763189930000000061e+02 1.763897890000000075e+02 1.764446049999999957e+02
1.760477449999999919e+02 1.761038220000000081e+02 1.761642999999999972e+02
1.754697449999999890e+02 1.753461299999999881e+02 1.753669669999999883e+02
1.771510480000000030e+02 1.770839469999999949e+02 1.770241359999999986e+02
1.771367810000000134e+02 1.772042490000000043e+02 1.772647660000000087e+02
1.746897910000000138e+02 1.747578210000000070e+02 1.748048220000000015e+02
1.755927350000000047e+02 1.756151020000000074e+02 1.757152059999999949e+02
1.781580830000000049e+02 1.780606740000000059e+02 1.781766839999999945e+02
1.765990740000000017e+02 1.765391730000000052e+02 1.766665370000000053e+02
1.761207860000000096e+02 1.761799729999999897e+02 1.760519060000000025e+02
1.755000410000000102e+02 1.755554640000000006e+02 1.754209799999999859e+02
1.739609049999999968e+02 1.738353099999999927e+02 1.739025000000000034e+02
1.797885760000000062e+02 1.799000000000000057e+02 1.797918349999999919e+02
1.787370530000000031e+02 1.786695670000000007e+02 1.786091439999999864e+02
1.738880340000000047e+02 1.739528180000000077e+02 1.738202809999999943e+02
1.788821519999999907e+02 1.788291409999999928e+02 1.789537770000000023e+02
1.728955890000000011e+02 1.727800550000000044e+02 1.728106579999999894e+02
1.777712380000000110e+02 1.778514700000000062e+02 1.777309820000000116e+02
1.764043629999999894e+02 1.765316129999999930e+02 1.764641340000000014e+02
1.783315230000000042e+02 1.782114550000000008e+02 1.783085010000000068e+02
1.792402270000000044e+02 1.792809650000000090e+02 1.791556779999999947e+02
1.795250279999999918e+02 1.795668770000000052e+02 1.794429039999999986e+02
1.750339979999999969e+02 1.749703059999999937e+02 1.750994619999999884e+02
1.759695739999999944e+02 1.759092400000000112e+02 1.760368190000000084e+02
1.799000000000000057e+02 1.797885760000000062e+02 1.797907270000000040e+02
1.749303869999999961e+02 1.750001910000000009e+02 1.750643070000000137e+02
1.747735849999999971e+02 1.747057230000000061e+02 1.746462229999999920e+02
1.722037829999999872e+02 1.723103570000000104e+02 1.723100750000000119e+02
1.791545879999999897e+02 1.792773569999999950e+02 1.792236910000000023e+02
1.747708169999999939e+02 1.746760170000000016e+02 1.747997379999999907e+02
1.789520210000000020e+02 1.788815400000000011e+02 1.788220080000000110e+02
1.784538890000000038e+02 1.784929710000000114e+02 1.785818739999999991e+02
1.773040180000000134e+02 1.771994809999999916e+02 1.771965460000000121e+02
1.789578400000000045e+02 1.788970979999999997e+02 1.788272670000000062e+02
1.787962599999999895e+02 1.788634859999999946e+02 1.789218070000000012e+02
1.786614680000000135e+02 1.787833149999999875e+02 1.787162629999999979e+02
1.734572330000000022e+02 1.735075999999999965e+02 1.735732280000000003e+02
1.741504520000000014e+02 1.740546150000000125e+02 1.741770870000000002e+02
1.774867649999999912e+02 1.774288620000000094e+02 1.775568189999999902e+02
1.779585739999999987e+02 1.779737990000000138e+02 1.780615070000000060e+02
1.779267949999999985e+02 1.780148259999999993e+02 1.778883409999999969e+02
1.746368150000000128e+02 1.746977400000000102e+02 1.745668569999999988e+02
1.755933359999999936e+02 1.756536900000000117e+02 1.755258650000000102e+02
1.771135429999999928e+02 1.771391859999999951e+02 1.772321300000000122e+02
1.780463059999999871e+02 1.780745009999999979e+02 1.781681370000000015e+02
1.797722970000000089e+02 1.797031929999999988e+02 1.798124270000000138e+02
1.770241359999999986e+02 1.769567930000000047e+02 1.768971439999999973e+02
1.746780359999999916e+02 1.747478140000000053e+02 1.746133079999999893e+02
1.758496670000000108e+02 1.759399209999999982e+02 1.759724589999999864e+02
1.745344279999999912e+02 1.746780359999999916e+02 1.746133079999999893e+02
1.767120769999999936e+02 1.766166310000000124e+02 1.767367160000000013e+02
1.774769579999999962e+02 1.776019819999999925e+02 1.775364869999999939e+02
1.797852039999999931e+02 1.797917190000000005e+02 1.796856359999999881e+02
1.765391730000000052e+02 1.766065830000000005e+02 1.766665370000000053e+02
1.786984249999999861e+02 1.788301869999999951e+02 1.787608979999999974e+02
1.752873350000000130e+02 1.752215539999999976e+02 1.751593059999999866e+02
1.739551820000000077e+02 1.738275580000000105e+02 1.738944119999999884e+02
1.786996739999999875e+02 1.787613760000000127e+02 1.788272670000000062e+02
1.747170979999999929e+02 1.745882919999999956e+02 1.746510910000000081e+02
1.759887180000000058e+02 1.761198909999999955e+02 1.760483619999999974e+02
1.797031929999999988e+02 1.797972609999999918e+02 1.798124270000000138e+02
1.783315230000000042e+02 1.784666960000000131e+02 1.784029810000000111e+02
1.746462229999999920e+02 1.747057230000000061e+02 1.745778889999999990e+02
1.764829070000000115e+02 1.765445330000000013e+02 1.764189179999999908e+02
1.754051019999999994e+02 1.754655419999999992e+02 1.753378260000000068e+02
1.741315199999999948e+02 1.742018129999999871e+02 1.740795400000000086e+02
1.766898879999999963e+02 1.767487549999999885e+02 1.766219260000000020e+02
1.752880429999999876e+02 1.754135850000000119e+02 1.753296640000000082e+02
1.778549859999999967e+02 1.777401309999999910e+02 1.777601429999999993e+02
1.781007639999999981e+02 1.781845340000000135e+02 1.780570150000000069e+02
1.742709020000000066e+02 1.742080400000000111e+02 1.743336299999999994e+02
1.789028619999999989e+02 1.789542920000000095e+02 1.788347960000000114e+02
1.791116000000000099e+02 1.791545879999999897e+02 1.792236910000000023e+02
1.770318839999999909e+02 1.769725410000000068e+02 1.770991870000000006e+02
1.729226969999999994e+02 1.730549410000000137e+02 1.729695820000000026e+02
1.771319399999999860e+02 1.770098989999999901e+02 1.770818820000000073e+02
1.758674980000000119e+02 1.759887180000000058e+02 1.759076880000000074e+02
1.771648849999999982e+02 1.770708260000000109e+02 1.771917880000000025e+02
1.759556870000000117e+02 1.760827160000000049e+02 1.760151380000000074e+02
1.738645239999999887e+02 1.737691910000000064e+02 1.738919459999999901e+02
1.743455549999999903e+02 1.744727770000000078e+02 1.743949049999999943e+02
1.780840990000000090e+02 1.779817810000000122e+02 1.781034830000000113e+02
1.763302919999999858e+02 1.763557130000000086e+02 1.764505790000000047e+02
1.769260769999999923e+02 1.768317000000000121e+02 1.769511620000000107e+02
1.780418730000000096e+02 1.781765310000000113e+02 1.781034830000000113e+02
1.745192830000000015e+02 1.745778889999999990e+02 1.744512780000000021e+02
1.727800550000000044e+02 1.726600280000000112e+02 1.726881640000000004e+02
1.774448749999999961e+02 1.775679220000000100e+02 1.775334019999999953e+02
1.778547509999999932e+02 1.777318769999999972e+02 1.777593109999999967e+02
1.755554640000000006e+02 1.756760270000000048e+02 1.755981069999999988e+02
1.767388249999999914e+02 1.766773699999999963e+02 1.768055579999999907e+02
1.747708169999999939e+02 1.747465510000000108e+02 1.746505689999999902e+02
1.766022480000000030e+02 1.767227200000000096e+02 1.766397709999999961e+02
1.766510749999999916e+02 1.767105760000000032e+02 1.765833939999999984e+02
1.758201139999999896e+02 1.759470890000000054e+02 1.758780979999999943e+02
1.780059379999999862e+02 1.779464030000000037e+02 1.780734530000000007e+02
1.766854810000000100e+02 1.767537649999999871e+02 1.768134239999999977e+02
1.735536030000000096e+02 1.734592470000000048e+02 1.735789890000000071e+02
1.766589679999999873e+02 1.765914469999999881e+02 1.765316129999999930e+02
1.790549110000000042e+02 1.789301269999999988e+02 1.789974210000000028e+02
1.782775849999999878e+02 1.783563450000000046e+02 1.782328689999999938e+02
1.783009419999999920e+02 1.784353000000000122e+02 1.783691790000000026e+02
1.753461299999999881e+02 1.752263260000000002e+02 1.752509450000000015e+02
1.779303280000000029e+02 1.778903009999999938e+02 1.778045150000000092e+02
1.787613760000000127e+02 1.786374790000000132e+02 1.787044400000000053e+02
1.789634159999999952e+02 1.790230620000000101e+02 1.788926999999999907e+02
1.763964290000000119e+02 1.764559580000000096e+02 1.763283729999999991e+02
1.771273050000000069e+02 1.772484550000000070e+02 1.771465190000000121e+02
1.777885579999999948e+02 1.777234679999999969e+02 1.776624490000000094e+02
1.770010980000000131e+02 1.768751990000000092e+02 1.769419019999999989e+02
1.750219920000000116e+02 1.750825499999999977e+02 1.749548149999999964e+02
1.757019860000000051e+02 1.758226520000000050e+02 1.757396579999999915e+02
1.791046399999999892e+02 1.789825639999999964e+02 1.790540220000000033e+02
1.784903219999999919e+02 1.785548009999999977e+02 1.784265399999999886e+02
1.792402270000000044e+02 1.793653869999999984e+02 1.792809650000000090e+02
1.764829070000000115e+02 1.766111349999999902e+02 1.765445330000000013e+02
1.746947680000000105e+02 1.747597370000000012e+02 1.748213120000000060e+02
1.754507250000000056e+02 1.753825999999999965e+02 1.753223959999999977e+02
1.726881640000000004e+02 1.725937720000000013e+02 1.727151489999999967e+02
1.795668770000000052e+02 1.795978230000000053e+02 1.794895420000000001e+02
1.756360789999999952e+02 1.756151020000000074e+02 1.755176370000000077e+02
1.771282270000000096e+02 1.770010980000000131e+02 1.770662879999999859e+02
1.735583670000000041e+02 1.736856500000000096e+02 1.736516239999999982e+02
1.762845580000000041e+02 1.763445419999999899e+02 1.762173170000000084e+02
1.771198300000000074e+02 1.771710229999999910e+02 1.770375329999999963e+02
1.743942959999999971e+02 1.744532320000000141e+02 1.745217849999999942e+02
1.769243740000000003e+02 1.770529359999999883e+02 1.769842199999999934e+02
1.722116120000000024e+02 1.720999999999999943e+02 1.722043180000000007e+02
1.763557130000000086e+02 1.762619369999999890e+02 1.763836249999999950e+02
1.780182149999999979e+02 1.780463059999999871e+02 1.781413149999999916e+02
1.791318290000000104e+02 1.791818810000000042e+02 1.790540220000000033e+02
1.745066820000000121e+02 1.746326660000000004e+02 1.745678990000000113e+02
1.753986859999999979e+02 1.752803839999999980e+02 1.753018209999999897e+02
1.770818820000000073e+02 1.770013260000000059e+02 1.771079760000000078e+02
1.732683550000000139e+02 1.732927139999999895e+02 1.733877310000000023e+02
1.790336320000000114e+02 1.790785740000000033e+02 1.789537770000000023e+02
1.780953949999999963e+02 1.781799509999999884e+02 1.780615070000000060e+02
1.763725379999999916e+02 1.764986539999999877e+02 1.764295140000000117e+02
1.791500000000000057e+02 1.790385129999999947e+02 1.790902969999999925e+02
1.765473800000000040e+02 1.766165790000000015e+02 1.766773699999999963e+02
1.777858200000000011e+02 1.778506380000000036e+02 1.777004970000000128e+02
1.736457770000000096e+02 1.735536030000000096e+02 1.736745380000000125e+02
1.742655019999999979e+02 1.743949049999999943e+02 1.743195749999999862e+02
1.774046830000000057e+02 1.773444039999999973e+02 1.774707490000000121e+02
1.757353909999999928e+02 1.758631589999999960e+02 1.757956790000000069e+02
1.751429459999999949e+02 1.752030509999999879e+02 1.750756159999999966e+02
1.758028140000000121e+02 1.756753089999999986e+02 1.757431689999999946e+02
1.771201030000000003e+02 1.771710229999999910e+02 1.772363679999999988e+02
1.791556779999999947e+02 1.790785740000000033e+02 1.790336320000000114e+02
1.762798650000000009e+02 1.764070659999999862e+02 1.763155999999999892e+02
1.752880429999999876e+02 1.753296640000000082e+02 1.752050910000000101e+02
1.793024420000000134e+02 1.791788129999999910e+02 1.792459249999999997e+02
1.738366699999999980e+02 1.737412239999999883e+02 1.738645239999999887e+02
1.769564430000000073e+02 1.770013260000000059e+02 1.768839979999999912e+02
1.761799770000000080e+02 1.763058550000000082e+02 1.762372709999999927e+02
1.780915369999999882e+02 1.780227350000000115e+02 1.779627470000000073e+02
1.785415910000000110e+02 1.784813430000000096e+02 1.786091439999999864e+02
1.775829479999999876e+02 1.777117709999999988e+02 1.776441419999999880e+02
1.758631589999999960e+02 1.759236290000000054e+02 1.757956790000000069e+02
1.740140039999999999e+02 1.739196579999999983e+02 1.740462459999999965e+02
1.764717689999999948e+02 1.764118489999999895e+02 1.765391730000000052e+02
1.776191770000000076e+02 1.777461830000000020e+02 1.776821480000000122e+02
1.766854810000000100e+02 1.766260900000000049e+02 1.767537649999999871e+02
1.766739919999999984e+02 1.765465859999999907e+02 1.766140249999999980e+02
1.787302860000000067e+02 1.786031839999999988e+02 1.786737050000000124e+02
1.783482950000000073e+02 1.784061710000000005e+02 1.782787319999999909e+02
1.751705479999999966e+02 1.751232850000000099e+02 1.752487969999999962e+02
1.795700989999999990e+02 1.796811460000000125e+02 1.795702369999999917e+02
1.728015859999999861e+02 1.729226969999999994e+02 1.728430970000000002e+02
1.779262479999999869e+02 1.779585739999999987e+02 1.780489579999999989e+02
1.779115009999999870e+02 1.778458720000000142e+02 1.777830429999999922e+02
1.740740279999999984e+02 1.741971849999999904e+02 1.741221119999999871e+02
1.748841549999999927e+02 1.747997379999999907e+02 1.749303869999999961e+02
1.727317349999999863e+02 1.728015859999999861e+02 1.728430970000000002e+02
1.735226209999999867e+02 1.735811150000000112e+02 1.734581640000000107e+02
1.767781630000000064e+02 1.769051100000000076e+02 1.768375969999999882e+02
1.791518829999999980e+02 1.790935080000000141e+02 1.792222209999999905e+02
1.732927139999999895e+02 1.733178450000000055e+02 1.734119239999999991e+02
1.756678430000000048e+02 1.755397900000000107e+02 1.756074099999999873e+02
1.795096460000000036e+02 1.794295869999999979e+02 1.793743920000000003e+02
1.758226520000000050e+02 1.758496670000000108e+02 1.757396579999999915e+02
1.729555340000000001e+02 1.730848000000000013e+02 1.730060249999999940e+02
1.778809329999999989e+02 1.777593109999999967e+02 1.777858960000000081e+02
1.763336459999999875e+02 1.764189179999999908e+02 1.764672439999999938e+02
1.762317060000000026e+02 1.761643219999999985e+02 1.761041590000000099e+02
1.775626039999999932e+02 1.775142669999999896e+02 1.774438900000000103e+02
1.771282270000000096e+02 1.770629950000000008e+02 1.770010980000000131e+02
1.760968420000000094e+02 1.761359420000000000e+02 1.760121110000000044e+02
1.768732270000000142e+02 1.769329329999999914e+02 1.768055579999999907e+02
1.754952319999999872e+02 1.755768490000000099e+02 1.756171160000000100e+02
1.784460880000000031e+02 1.783192929999999876e+02 1.783860689999999920e+02
1.728725039999999922e+02 1.728955890000000011e+02 1.729718349999999987e+02
1.770226820000000032e+02 1.771465190000000121e+02 1.770469640000000027e+02
1.783951419999999928e+02 1.784639420000000030e+02 1.785216069999999888e+02
1.773715459999999950e+02 1.774397130000000118e+02 1.774966259999999920e+02
1.786737050000000124e+02 1.786031839999999988e+02 1.785462650000000053e+02
1.773865570000000105e+02 1.774477280000000121e+02 1.773188020000000051e+02
1.759092400000000112e+02 1.758488790000000108e+02 1.759765549999999905e+02
1.772925189999999986e+02 1.773040180000000134e+02 1.771965460000000121e+02
1.777461830000000020e+02 1.778051849999999945e+02 1.776821480000000122e+02
1.763557130000000086e+02 1.763836249999999950e+02 1.764775649999999985e+02
1.758071439999999939e+02 1.758674980000000119e+02 1.757319929999999886e+02
1.760733840000000043e+02 1.759485070000000064e+02 1.759743110000000001e+02
1.743324289999999905e+02 1.742709020000000066e+02 1.743971870000000024e+02
1.784759239999999920e+02 1.784185040000000129e+02 1.785462650000000053e+02
1.778540560000000141e+02 1.779143630000000087e+02 1.777885579999999948e+02
1.759038109999999904e+02 1.759312539999999956e+02 1.760223330000000033e+02
1.792089640000000088e+02 1.793376379999999983e+02 1.792645780000000002e+02
1.782442010000000039e+02 1.783121010000000126e+02 1.783697050000000104e+02
1.793024420000000134e+02 1.792459249999999997e+02 1.793684810000000027e+02
1.743594799999999907e+02 1.743261640000000057e+02 1.742318679999999915e+02
1.783121010000000126e+02 1.781844800000000077e+02 1.782522600000000068e+02
1.772321300000000122e+02 1.771391859999999951e+02 1.772606069999999931e+02
1.748337190000000021e+02 1.747658680000000118e+02 1.747057230000000061e+02
1.790230620000000101e+02 1.790935080000000141e+02 1.791518829999999980e+02
1.773867740000000026e+02 1.774948829999999873e+02 1.774064050000000066e+02
1.786996739999999875e+02 1.786374790000000132e+02 1.787613760000000127e+02
1.745242700000000013e+02 1.743971870000000024e+02 1.744602710000000059e+02
1.748111560000000111e+02 1.748694360000000074e+02 1.747478140000000053e+02
1.758780979999999943e+02 1.759361739999999941e+02 1.758071439999999939e+02
1.763725379999999916e+02 1.763113730000000032e+02 1.764394470000000013e+02
1.737046479999999917e+02 1.738275580000000105e+02 1.737588470000000029e+02
1.771836930000000052e+02 1.772511069999999904e+02 1.773131820000000118e+02
1.762490139999999883e+02 1.763189930000000061e+02 1.763761470000000031e+02
1.775409840000000088e+02 1.774455379999999991e+02 1.775688560000000109e+02
1.750940740000000062e+02 1.750280970000000025e+02 1.749672079999999994e+02
1.763189930000000061e+02 1.764446049999999957e+02 1.763761470000000031e+02
1.779287170000000060e+02 1.779482329999999877e+02 1.780439729999999940e+02
1.744361169999999959e+02 1.743151729999999873e+02 1.743825579999999889e+02
1.729065889999999968e+02 1.729555340000000001e+02 1.728221379999999954e+02
1.784806089999999870e+02 1.785371629999999925e+02 1.784124160000000074e+02
1.796779180000000053e+02 1.795626689999999996e+02 1.795702369999999917e+02
1.794237699999999904e+02 1.793564279999999940e+02 1.794729499999999973e+02
1.758285999999999945e+02 1.757012149999999906e+02 1.757682059999999922e+02
1.750864860000000078e+02 1.749820239999999956e+02 1.751056519999999921e+02
1.763113730000000032e+02 1.762501169999999888e+02 1.763791420000000016e+02
1.728204849999999908e+02 1.727277489999999887e+02 1.728567050000000052e+02
1.764986539999999877e+02 1.764394470000000013e+02 1.765666950000000099e+02
1.770318839999999909e+02 1.770913140000000112e+02 1.769645580000000109e+02
1.728758379999999875e+02 1.729555340000000001e+02 1.730060249999999940e+02
1.755732720000000029e+02 1.755117789999999900e+02 1.756402820000000133e+02
1.753552720000000136e+02 1.752895249999999976e+02 1.752278489999999920e+02
1.745735950000000116e+02 1.744900460000000066e+02 1.746133079999999893e+02
1.759399209999999982e+02 1.760623919999999885e+02 1.759724589999999864e+02
1.772684519999999964e+02 1.771319399999999860e+02 1.771946350000000052e+02
1.774477280000000121e+02 1.775153510000000097e+02 1.775764250000000004e+02
1.752629349999999988e+02 1.753305719999999894e+02 1.753904929999999922e+02
1.773846810000000005e+02 1.772544819999999959e+02 1.773144739999999899e+02
1.793856920000000059e+02 1.793287750000000074e+02 1.792773569999999950e+02
1.774100090000000023e+02 1.775222119999999961e+02 1.775065539999999942e+02
1.768317000000000121e+02 1.768571829999999920e+02 1.769511620000000107e+02
1.783794650000000104e+02 1.783192929999999876e+02 1.784460880000000031e+02
1.734672669999999925e+02 1.735983160000000112e+02 1.735203359999999861e+02
1.753728130000000078e+02 1.752974729999999965e+02 1.752487969999999962e+02
1.765342890000000011e+02 1.766582410000000039e+02 1.765593200000000138e+02
1.765445330000000013e+02 1.766022480000000030e+02 1.764672439999999938e+02
1.753296640000000082e+02 1.754135850000000119e+02 1.754531949999999938e+02
1.785552940000000035e+02 1.786173510000000135e+02 1.784908550000000105e+02
1.787641460000000109e+02 1.788835809999999924e+02 1.788057970000000125e+02
1.748809479999999894e+02 1.749484449999999924e+02 1.750079120000000046e+02
1.794237699999999904e+02 1.795626689999999996e+02 1.794893959999999993e+02
1.787641460000000109e+02 1.786852729999999951e+02 1.786496420000000001e+02
1.791029240000000016e+02 1.791724719999999991e+02 1.792291810000000112e+02
1.778339430000000050e+02 1.778943969999999979e+02 1.777659189999999967e+02
1.750339979999999969e+02 1.749087989999999877e+02 1.749703059999999937e+02
1.761038220000000081e+02 1.762372709999999927e+02 1.761642999999999972e+02
1.753378260000000068e+02 1.754655419999999992e+02 1.753981280000000140e+02
1.736046530000000132e+02 1.735071979999999883e+02 1.736262529999999913e+02
1.748653649999999971e+02 1.747708169999999939e+02 1.748841549999999927e+02
1.777117709999999988e+02 1.777730430000000013e+02 1.776441419999999880e+02
1.781766839999999945e+02 1.782160000000000082e+02 1.783013390000000129e+02
1.785681109999999876e+02 1.784991249999999923e+02 1.784391630000000077e+02
1.749484449999999924e+02 1.748878029999999910e+02 1.750154560000000004e+02
1.771465190000000121e+02 1.772484550000000070e+02 1.772699330000000089e+02
1.747269220000000018e+02 1.747813810000000103e+02 1.746519820000000038e+02
1.776849870000000067e+02 1.778122119999999882e+02 1.777461830000000020e+02
1.756797970000000078e+02 1.755981069999999988e+02 1.757319929999999886e+02
1.784168659999999988e+02 1.784666960000000131e+02 1.783315230000000042e+02
1.766219260000000020e+02 1.764946730000000059e+02 1.765628979999999899e+02
1.783648200000000088e+02 1.784890010000000018e+02 1.784164330000000120e+02
1.768827400000000125e+02 1.767575400000000059e+02 1.768227479999999900e+02
1.799000000000000057e+02 1.797852039999999931e+02 1.797794660000000135e+02
1.747817019999999957e+02 1.747170979999999929e+02 1.746510910000000081e+02
1.742039929999999970e+02 1.740816639999999893e+02 1.741082120000000089e+02
1.737653459999999939e+02 1.737410900000000140e+02 1.736516239999999982e+02
1.758631589999999960e+02 1.759915420000000097e+02 1.759236290000000054e+02
1.755117789999999900e+02 1.754507250000000056e+02 1.755792610000000025e+02
1.738202809999999943e+02 1.737653459999999939e+02 1.736856500000000096e+02
1.725485860000000002e+02 1.726056279999999958e+02 1.724778819999999939e+02
1.774397130000000118e+02 1.773141239999999925e+02 1.773914110000000051e+02
1.764353120000000104e+02 1.765039720000000045e+02 1.765628979999999899e+02
1.736856500000000096e+02 1.735583670000000041e+02 1.735732280000000003e+02
1.780961079999999868e+02 1.780745009999999979e+02 1.779763690000000054e+02
1.781081890000000101e+02 1.781802089999999907e+02 1.782371310000000051e+02
1.782274119999999868e+02 1.783115129999999908e+02 1.781845340000000135e+02
1.771648849999999982e+02 1.771917880000000025e+02 1.772853420000000142e+02
1.781007639999999981e+02 1.782274119999999868e+02 1.781845340000000135e+02
1.781456520000000125e+02 1.781802089999999907e+02 1.780489579999999989e+02
1.770203319999999962e+02 1.770449380000000019e+02 1.771391859999999951e+02
1.788571159999999907e+02 1.787302860000000067e+02 1.788010439999999903e+02
1.762394459999999867e+02 1.763671050000000093e+02 1.762992649999999912e+02
1.748447219999999902e+02 1.749707929999999863e+02 1.749061820000000012e+02
1.765750180000000000e+02 1.765071529999999882e+02 1.764473160000000007e+02
1.788970979999999997e+02 1.787649470000000065e+02 1.788272670000000062e+02
1.792125580000000014e+02 1.790902969999999925e+02 1.791518629999999916e+02
1.750756159999999966e+02 1.752030509999999879e+02 1.751354680000000030e+02
1.777712380000000110e+02 1.778903009999999938e+02 1.778514700000000062e+02
1.758488790000000108e+02 1.757885400000000118e+02 1.759163139999999999e+02
1.743151729999999873e+02 1.743594799999999907e+02 1.742468069999999898e+02
1.729555340000000001e+02 1.730338120000000117e+02 1.730848000000000013e+02
1.793178969999999879e+02 1.792309769999999958e+02 1.793633320000000140e+02
1.730820009999999911e+02 1.732095219999999927e+02 1.731273620000000051e+02
1.744590029999999956e+02 1.743924470000000042e+02 1.743324289999999905e+02
1.761393999999999949e+02 1.760439540000000136e+02 1.761684620000000052e+02
1.768303180000000054e+02 1.767786900000000117e+02 1.769201349999999877e+02
1.784889890000000037e+02 1.786114220000000046e+02 1.785552940000000035e+02
1.790385129999999947e+02 1.789108109999999954e+02 1.789666349999999966e+02
1.761914679999999862e+02 1.760603409999999940e+02 1.761306370000000072e+02
1.752165660000000003e+02 1.751554539999999918e+02 1.752832779999999957e+02
1.788552650000000028e+02 1.787857190000000003e+02 1.787199479999999880e+02
1.744900460000000066e+02 1.745344279999999912e+02 1.746133079999999893e+02
1.743673609999999883e+02 1.742743240000000071e+02 1.744005630000000053e+02
1.786163029999999878e+02 1.786837199999999939e+02 1.787442399999999907e+02
1.768331009999999992e+02 1.769233529999999917e+02 1.769564430000000073e+02
1.744424040000000105e+02 1.743838450000000080e+02 1.743146389999999997e+02
1.776594130000000007e+02 1.777858200000000011e+02 1.777004970000000128e+02
1.780382390000000044e+02 1.781637589999999989e+02 1.781029080000000135e+02
1.776212889999999902e+02 1.777148160000000132e+02 1.775978049999999939e+02
1.768571829999999920e+02 1.767619660000000010e+02 1.768835860000000082e+02
1.731980430000000126e+02 1.731025280000000066e+02 1.732238020000000063e+02
1.776902990000000102e+02 1.777805989999999952e+02 1.776591070000000059e+02
1.736725559999999859e+02 1.735422930000000008e+02 1.736275569999999959e+02
1.767264590000000055e+02 1.765990740000000017e+02 1.766665370000000053e+02
1.769132260000000088e+02 1.768537300000000130e+02 1.769808830000000057e+02
1.742991879999999867e+02 1.741770870000000002e+02 1.742039929999999970e+02
1.782595520000000135e+02 1.781922849999999983e+02 1.781327550000000031e+02
1.795243169999999964e+02 1.793945710000000133e+02 1.794437660000000108e+02
1.755792610000000025e+02 1.756467260000000010e+02 1.757074650000000133e+02
1.773715459999999950e+02 1.773141239999999925e+02 1.774397130000000118e+02
1.757353909999999928e+02 1.756074099999999873e+02 1.756753089999999986e+02
1.760616379999999879e+02 1.761319849999999860e+02 1.761903440000000103e+02
1.787044400000000053e+02 1.786374790000000132e+02 1.785791710000000023e+02
1.760970529999999883e+02 1.759695739999999944e+02 1.760368190000000084e+02
1.792931220000000110e+02 1.793564279999999940e+02 1.794237699999999904e+02
1.748455309999999940e+02 1.747817019999999957e+02 1.747122430000000008e+02
1.757956790000000069e+02 1.759236290000000054e+02 1.758560170000000085e+02
1.763076279999999940e+02 1.763761470000000031e+02 1.764353120000000104e+02
1.787370530000000031e+02 1.788039809999999932e+02 1.788634859999999946e+02
1.768457050000000095e+02 1.767186370000000011e+02 1.767861690000000010e+02
1.744575460000000078e+02 1.744900460000000066e+02 1.745735950000000116e+02
1.723824529999999982e+02 1.723100750000000119e+02 1.724188829999999939e+02
1.760623919999999885e+02 1.761878979999999899e+02 1.760968420000000094e+02
1.786852729999999951e+02 1.788057970000000125e+02 1.787149520000000109e+02
1.786897250000000099e+02 1.787455070000000035e+02 1.786173349999999971e+02
1.786295920000000024e+02 1.784991249999999923e+02 1.785681109999999876e+02
1.742655019999999979e+02 1.743455549999999903e+02 1.743949049999999943e+02
1.786695670000000007e+02 1.785994729999999890e+02 1.785415910000000110e+02
1.771172750000000065e+02 1.770549149999999941e+02 1.769842199999999934e+02
1.763302919999999858e+02 1.762348460000000046e+02 1.763557130000000086e+02
1.767861690000000010e+02 1.767186370000000011e+02 1.766589679999999873e+02
1.755498609999999928e+02 1.754186349999999948e+02 1.754827270000000112e+02
1.754186349999999948e+02 1.753530550000000119e+02 1.752895249999999976e+02
1.796153150000000096e+02 1.797457080000000076e+02 1.796675070000000005e+02
1.779756020000000092e+02 1.779120059999999910e+02 1.778497889999999870e+02
1.792360850000000028e+02 1.793743920000000003e+02 1.792952080000000024e+02
1.788985240000000090e+02 1.787663750000000107e+02 1.788480959999999982e+02
1.799000000000000057e+02 1.799000000000000057e+02 1.797852039999999931e+02
1.786060270000000116e+02 1.785371629999999925e+02 1.784806089999999870e+02
1.756256190000000004e+02 1.755554640000000006e+02 1.755000410000000102e+02
1.789634159999999952e+02 1.790935080000000141e+02 1.790230620000000101e+02
1.759387560000000121e+02 1.758096549999999922e+02 1.758837900000000047e+02
1.783478680000000054e+02 1.782883370000000127e+02 1.784124160000000074e+02
1.762772170000000074e+02 1.764043629999999894e+02 1.763368930000000034e+02
1.787299170000000004e+02 1.786614680000000135e+02 1.786060270000000116e+02
1.768615880000000118e+02 1.768014939999999910e+02 1.769290990000000079e+02
1.739801170000000070e+02 1.741158220000000085e+02 1.740508269999999982e+02
1.770766209999999887e+02 1.772042490000000043e+02 1.771367810000000134e+02
1.783569540000000018e+02 1.784903219999999919e+02 1.784265399999999886e+02
1.743971870000000024e+02 1.743336299999999994e+02 1.744602710000000059e+02
1.776364299999999901e+02 1.775409840000000088e+02 1.776640270000000044e+02
1.795978230000000053e+02 1.796856359999999881e+02 1.796860409999999888e+02
1.784893250000000080e+02 1.784316019999999980e+02 1.785608070000000112e+02
1.779756020000000092e+02 1.780382390000000044e+02 1.779120059999999910e+02
1.741411540000000002e+02 1.740740279999999984e+02 1.740165289999999914e+02
1.762009529999999984e+02 1.761421009999999967e+02 1.762691509999999937e+02
1.790098179999999957e+02 1.791372360000000015e+02 1.790663790000000120e+02
1.783648200000000088e+02 1.782775849999999878e+02 1.782553550000000087e+02
1.795626689999999996e+02 1.794237699999999904e+02 1.794729499999999973e+02
1.764070659999999862e+02 1.764954409999999996e+02 1.765342890000000011e+02
1.768827400000000125e+02 1.768227479999999900e+02 1.769488049999999930e+02
1.728758379999999875e+02 1.728015859999999861e+02 1.727421929999999861e+02
1.770375329999999963e+02 1.769118770000000040e+02 1.769226240000000132e+02
1.789218070000000012e+02 1.788634859999999946e+02 1.789884700000000066e+02
1.773247560000000078e+02 1.773519569999999987e+02 1.774448749999999961e+02
1.789825639999999964e+02 1.789153860000000122e+02 1.788571159999999907e+02
1.767186370000000011e+02 1.767781630000000064e+02 1.766510749999999916e+02
1.754445069999999873e+02 1.753825999999999965e+02 1.755117789999999900e+02
1.727538659999999879e+02 1.726600280000000112e+02 1.727800550000000044e+02
1.756256190000000004e+02 1.756940700000000106e+02 1.757502929999999992e+02
1.797917190000000005e+02 1.797907270000000040e+02 1.796860409999999888e+02
1.771273050000000069e+02 1.771465190000000121e+02 1.770226820000000032e+02
1.757141310000000090e+02 1.758419370000000015e+02 1.757746930000000134e+02
1.785121660000000077e+02 1.783860689999999920e+02 1.784533309999999915e+02
1.795854359999999872e+02 1.795243169999999964e+02 1.796644520000000114e+02
1.782877530000000093e+02 1.783315230000000042e+02 1.784029810000000111e+02
1.726843829999999969e+02 1.727793660000000102e+02 1.728221379999999954e+02
1.741443050000000028e+02 1.740208649999999864e+02 1.740795400000000086e+02
1.776237439999999879e+02 1.777518200000000093e+02 1.776849870000000067e+02
1.783192929999999876e+02 1.782522600000000068e+02 1.781922849999999983e+02
1.761117529999999931e+02 1.762394459999999867e+02 1.761716659999999877e+02
1.759470890000000054e+02 1.760053599999999960e+02 1.758780979999999943e+02
1.766589679999999873e+02 1.765990740000000017e+02 1.767264590000000055e+02
1.774064050000000066e+02 1.773040180000000134e+02 1.772925189999999986e+02
1.794108689999999910e+02 1.793255369999999971e+02 1.792809650000000090e+02
1.750564779999999985e+02 1.750799900000000093e+02 1.751695780000000013e+02
1.777512570000000096e+02 1.776309479999999894e+02 1.777309820000000116e+02
1.747478140000000053e+02 1.747997379999999907e+02 1.746853680000000111e+02
1.774288620000000094e+02 1.773715459999999950e+02 1.774966259999999920e+02
1.743838450000000080e+02 1.742571519999999907e+02 1.743146389999999997e+02
1.794371230000000139e+02 1.793653869999999984e+02 1.793287750000000074e+02
1.785727730000000122e+02 1.785067830000000129e+02 1.784460880000000031e+02
1.783906269999999950e+02 1.784672490000000096e+02 1.783432699999999897e+02
1.777858960000000081e+02 1.778110389999999938e+02 1.779063260000000071e+02
1.786837199999999939e+02 1.786216719999999896e+02 1.787520949999999971e+02
1.739638869999999997e+02 1.740911099999999863e+02 1.740035039999999924e+02
1.733431640000000016e+02 1.732513150000000053e+02 1.733750249999999937e+02
1.744490380000000016e+02 1.745066820000000121e+02 1.743788839999999993e+02
1.732596249999999998e+02 1.732618980000000022e+02 1.733500119999999924e+02
1.740825619999999958e+02 1.739551820000000077e+02 1.740208649999999864e+02
1.769926639999999907e+02 1.769243740000000003e+02 1.768651279999999986e+02
1.770609330000000057e+02 1.769329329999999914e+02 1.770009520000000123e+02
1.743825579999999889e+02 1.744512780000000021e+02 1.745080140000000029e+02
1.756753089999999986e+02 1.755464990000000114e+02 1.756150100000000123e+02
1.743242810000000134e+02 1.743924470000000042e+02 1.744512780000000021e+02
1.747597370000000012e+02 1.748266710000000046e+02 1.748878029999999910e+02
1.758674980000000119e+02 1.757966920000000073e+02 1.757319929999999886e+02
1.774477280000000121e+02 1.775764250000000004e+02 1.775089629999999943e+02
1.779627470000000073e+02 1.779021569999999883e+02 1.780314319999999952e+02
1.765090889999999888e+02 1.764106859999999983e+02 1.765288810000000126e+02
1.761533709999999928e+02 1.762798650000000009e+02 1.761878979999999899e+02
1.754697449999999890e+02 1.753669669999999883e+02 1.754817950000000053e+02
1.724778819999999939e+02 1.725349919999999884e+02 1.724159310000000005e+02
1.771710229999999910e+02 1.773054740000000038e+02 1.772363679999999988e+02
1.747170979999999929e+02 1.746519920000000070e+02 1.745882919999999956e+02
1.745217849999999942e+02 1.744532320000000141e+02 1.745815519999999879e+02
1.782399550000000090e+02 1.781136610000000076e+02 1.781413149999999916e+02
1.729431069999999977e+02 1.728567050000000052e+02 1.729924530000000118e+02
1.770449380000000019e+02 1.769260769999999923e+02 1.769511620000000107e+02
1.759955589999999859e+02 1.761194490000000030e+02 1.760293729999999925e+02
1.766582410000000039e+02 1.766826350000000048e+02 1.765593200000000138e+02
1.781413520000000119e+02 1.782003630000000101e+02 1.780734530000000007e+02
1.782883370000000127e+02 1.781641380000000083e+02 1.782288979999999867e+02
1.781765310000000113e+02 1.782160000000000082e+02 1.781034830000000113e+02
1.775688560000000109e+02 1.774455379999999991e+02 1.774744970000000137e+02
1.782972110000000043e+02 1.784286740000000009e+02 1.783569540000000018e+02
1.776640270000000044e+02 1.776906649999999956e+02 1.777858960000000081e+02
1.735071979999999883e+02 1.734119239999999991e+02 1.735316709999999887e+02
1.753530550000000119e+02 1.754833940000000041e+02 1.754165439999999876e+02
1.769329329999999914e+02 1.768651279999999986e+02 1.768055579999999907e+02
1.793945710000000133e+02 1.792706259999999929e+02 1.793178969999999879e+02
1.776902990000000102e+02 1.776591070000000059e+02 1.775937329999999861e+02
1.742571519999999907e+02 1.741844830000000002e+02 1.743146389999999997e+02
1.775314639999999997e+02 1.774655170000000055e+02 1.774046830000000057e+02
1.765445330000000013e+02 1.766111349999999902e+02 1.766715389999999957e+02
1.772042490000000043e+02 1.773321249999999907e+02 1.772647660000000087e+02
1.793025049999999965e+02 1.793600160000000017e+02 1.794425219999999968e+02
1.797912589999999966e+02 1.799000000000000057e+02 1.797855360000000076e+02
1.768014939999999910e+02 1.767413149999999860e+02 1.768686999999999898e+02
1.771648849999999982e+02 1.772853420000000142e+02 1.772606069999999931e+02
1.770708260000000109e+02 1.769511620000000107e+02 1.769773869999999931e+02
1.759915420000000097e+02 1.761207860000000096e+02 1.760519060000000025e+02
1.745196479999999895e+02 1.746288429999999892e+02 1.745344279999999912e+02
1.779510180000000048e+02 1.778547509999999932e+02 1.779763690000000054e+02
1.736699250000000063e+02 1.737314770000000124e+02 1.735983160000000112e+02
1.769891200000000140e+02 1.768615880000000118e+02 1.769290990000000079e+02
1.768537300000000130e+02 1.767264590000000055e+02 1.767940040000000010e+02
1.770662879999999859e+02 1.771319399999999860e+02 1.771940390000000036e+02
1.786996739999999875e+02 1.786352139999999906e+02 1.785727730000000122e+02
1.761421009999999967e+02 1.762097799999999950e+02 1.762691509999999937e+02
1.758631589999999960e+02 1.758028140000000121e+02 1.759305899999999951e+02
1.732238020000000063e+02 1.731274260000000140e+02 1.732513150000000053e+02
1.746307370000000105e+02 1.746947680000000105e+02 1.745708349999999882e+02
1.757152059999999949e+02 1.757344150000000127e+02 1.758404960000000017e+02
1.774958269999999914e+02 1.776237439999999879e+02 1.775553879999999936e+02
1.751586460000000045e+02 1.750359789999999975e+02 1.750564779999999985e+02
1.775492779999999868e+02 1.776450389999999970e+02 1.776309479999999894e+02
1.777318769999999972e+02 1.776364299999999901e+02 1.777593109999999967e+02
1.748403519999999958e+02 1.749061820000000012e+02 1.749672079999999994e+02
1.779751679999999965e+02 1.779115009999999870e+02 1.780403770000000065e+02
1.789507079999999917e+02 1.788552650000000028e+02 1.788193280000000129e+02
1.751232850000000099e+02 1.750811730000000068e+02 1.752050910000000101e+02
1.744415439999999933e+02 1.745708349999999882e+02 1.745196479999999895e+02
1.751920599999999979e+02 1.753186550000000068e+02 1.752677089999999964e+02
1.776364299999999901e+02 1.776640270000000044e+02 1.777593109999999967e+02
1.785405849999999930e+02 1.784889890000000037e+02 1.784188179999999875e+02
1.744335000000000093e+02 1.743139009999999871e+02 1.743384619999999927e+02
1.767619929999999897e+02 1.766346110000000067e+02 1.767023829999999975e+02
1.739638869999999997e+02 1.740035039999999924e+02 1.738685659999999871e+02
1.775268440000000112e+02 1.773990569999999991e+02 1.774655170000000055e+02
1.789520210000000020e+02 1.790098179999999957e+02 1.788815400000000011e+02
1.794425219999999968e+02 1.793600160000000017e+02 1.794743239999999957e+02
1.746780359999999916e+02 1.748111560000000111e+02 1.747478140000000053e+02
1.770203319999999962e+02 1.769260769999999923e+02 1.770449380000000019e+02
1.734119239999999991e+02 1.734364199999999983e+02 1.735316709999999887e+02
1.775331020000000137e+02 1.774577119999999866e+02 1.775883599999999944e+02
1.766397709999999961e+02 1.767227200000000096e+02 1.767786900000000117e+02
1.742080400000000111e+02 1.741443050000000028e+02 1.742685590000000104e+02
1.775215579999999989e+02 1.774541969999999935e+02 1.773930569999999989e+02
1.784731409999999983e+02 1.783745979999999918e+02 1.784029810000000111e+02
1.777161979999999915e+02 1.776906649999999956e+02 1.775963030000000060e+02
1.753141950000000122e+02 1.752459320000000105e+02 1.751845659999999896e+02
1.761878979999999899e+02 1.762798650000000009e+02 1.763155999999999892e+02
1.778045150000000092e+02 1.776727380000000096e+02 1.777185929999999985e+02
1.781681370000000015e+02 1.780745009999999979e+02 1.781997000000000071e+02
1.754212530000000072e+02 1.753552720000000136e+02 1.752974729999999965e+02
1.739528180000000077e+02 1.740176170000000013e+02 1.740802549999999940e+02
1.786173349999999971e+02 1.784893250000000080e+02 1.785608070000000112e+02
1.772699330000000089e+02 1.773867740000000026e+02 1.772925189999999986e+02
1.752832779999999957e+02 1.752215539999999976e+02 1.753498590000000092e+02
1.777629349999999988e+02 1.778465300000000013e+02 1.777185929999999985e+02
1.770529359999999883e+02 1.771172750000000065e+02 1.769842199999999934e+02
1.774707490000000121e+02 1.774106960000000015e+02 1.775364869999999939e+02
1.774023439999999994e+02 1.774296830000000114e+02 1.775044780000000060e+02
1.740508269999999982e+02 1.741315199999999948e+02 1.740097820000000013e+02
1.767105760000000032e+02 1.767700570000000084e+02 1.766428940000000125e+02
1.745861109999999883e+02 1.746462229999999920e+02 1.745192830000000015e+02
1.777317500000000052e+02 1.776092240000000118e+02 1.776748809999999992e+02
1.773135709999999960e+02 1.772205930000000080e+02 1.773492770000000007e+02
1.773232199999999921e+02 1.771915810000000135e+02 1.772544819999999959e+02
1.781462050000000090e+02 1.782775849999999878e+02 1.782328689999999938e+02
1.730063649999999882e+02 1.730301159999999925e+02 1.731274260000000140e+02
1.747735849999999971e+02 1.747133169999999893e+02 1.748403519999999958e+02
1.788039809999999932e+02 1.787442399999999907e+02 1.788714779999999962e+02
1.787455070000000035e+02 1.786737050000000124e+02 1.786173349999999971e+02
1.781766839999999945e+02 1.780840990000000090e+02 1.782160000000000082e+02
1.772511069999999904e+02 1.771214510000000075e+02 1.771896989999999903e+02
1.752101670000000126e+02 1.753378260000000068e+02 1.752705009999999959e+02
1.775928639999999916e+02 1.777203820000000007e+02 1.776548339999999939e+02
1.797907270000000040e+02 1.797885760000000062e+02 1.796753170000000068e+02
1.726162799999999891e+02 1.727317349999999863e+02 1.727151489999999967e+02
1.770760170000000073e+02 1.771716120000000103e+02 1.771965460000000121e+02
1.771440100000000086e+02 1.772042490000000043e+02 1.770766209999999887e+02
1.766854810000000100e+02 1.765572850000000074e+02 1.766260900000000049e+02
1.781029080000000135e+02 1.782298600000000022e+02 1.781699279999999987e+02
1.785405849999999930e+02 1.786114220000000046e+02 1.784889890000000037e+02
1.773500919999999894e+02 1.772546460000000081e+02 1.773817559999999958e+02
1.773382619999999861e+02 1.772714300000000094e+02 1.772111089999999933e+02
1.752895249999999976e+02 1.753530550000000119e+02 1.752242540000000020e+02
1.752030509999999879e+02 1.753305719999999894e+02 1.752629349999999988e+02
1.743324289999999905e+02 1.742065039999999954e+02 1.742709020000000066e+02
1.791029240000000016e+02 1.792291810000000112e+02 1.791605570000000114e+02
1.766397709999999961e+02 1.765999730000000056e+02 1.765090889999999888e+02
1.751056519999999921e+02 1.751311670000000049e+02 1.752263260000000002e+02
1.788514309999999909e+02 1.789028619999999989e+02 1.787833149999999875e+02
1.767367160000000013e+02 1.766412899999999979e+02 1.767619660000000010e+02
1.781246280000000013e+02 1.779973540000000014e+02 1.780652300000000139e+02
1.758957090000000107e+02 1.759556870000000117e+02 1.758285999999999945e+02
1.775999999999999943e+02 1.776902990000000102e+02 1.775937329999999861e+02
1.738202809999999943e+02 1.739528180000000077e+02 1.738938400000000115e+02
1.742571519999999907e+02 1.742018129999999871e+02 1.741315199999999948e+02
1.753223959999999977e+02 1.752539170000000013e+02 1.751953010000000006e+02
1.763565680000000100e+02 1.764189179999999908e+02 1.763084489999999960e+02
1.735983160000000112e+02 1.736549990000000037e+02 1.735203359999999861e+02
1.797919949999999858e+02 1.797912589999999966e+02 1.796869670000000099e+02
1.782097390000000132e+02 1.782683879999999874e+02 1.781413520000000119e+02
1.776502380000000016e+02 1.775885020000000054e+02 1.777170230000000117e+02
1.764954409999999996e+02 1.766322999999999865e+02 1.765342890000000011e+02
1.790295830000000024e+02 1.790808649999999886e+02 1.789506450000000086e+02
1.781997000000000071e+02 1.780961079999999868e+02 1.782114550000000008e+02
1.774541969999999935e+02 1.775829479999999876e+02 1.775153510000000097e+02
1.725385829999999885e+02 1.724436090000000092e+02 1.725663940000000025e+02
1.754723860000000002e+02 1.753444309999999859e+02 1.754114979999999946e+02
1.756256190000000004e+02 1.757502929999999992e+02 1.756760270000000048e+02
1.764868419999999958e+02 1.765572850000000074e+02 1.766165790000000015e+02
1.768375969999999882e+02 1.768971439999999973e+02 1.767700570000000084e+02
1.765711039999999912e+02 1.764505790000000047e+02 1.764775649999999985e+02
1.724169650000000047e+02 1.724778819999999939e+02 1.723350340000000074e+02
1.772042490000000043e+02 1.772714300000000094e+02 1.773321249999999907e+02
1.767227200000000096e+02 1.767969679999999926e+02 1.768565409999999929e+02
1.777885579999999948e+02 1.778497889999999870e+02 1.777234679999999969e+02
1.736699250000000063e+02 1.737971469999999954e+02 1.737314770000000124e+02
1.784774449999999888e+02 1.783555729999999926e+02 1.784090830000000096e+02
1.780439729999999940e+02 1.781580830000000049e+02 1.781462050000000090e+02
1.786762559999999951e+02 1.788039809999999932e+02 1.787370530000000031e+02
1.761198909999999955e+02 1.761903440000000103e+02 1.762501169999999888e+02
1.780439729999999940e+02 1.779482329999999877e+02 1.780606740000000059e+02
1.755667229999999961e+02 1.754712769999999864e+02 1.755927350000000047e+02
1.752705009999999959e+02 1.753378260000000068e+02 1.753981280000000140e+02
1.756344220000000007e+02 1.755068400000000111e+02 1.755732720000000029e+02
1.783369559999999865e+02 1.784061710000000005e+02 1.784639420000000030e+02
1.772256059999999991e+02 1.771584269999999890e+02 1.770991870000000006e+02
1.772577239999999961e+02 1.771291319999999985e+02 1.771971289999999897e+02
1.764392809999999940e+02 1.765342890000000011e+02 1.765593200000000138e+02
1.763518269999999859e+02 1.762244709999999941e+02 1.762917720000000088e+02
1.781029080000000135e+02 1.780403770000000065e+02 1.779754930000000002e+02
1.775970719999999972e+02 1.775314639999999997e+02 1.774707490000000121e+02
1.779386489999999981e+02 1.778791040000000123e+02 1.780059379999999862e+02
1.779754930000000002e+02 1.779115009999999870e+02 1.778479849999999942e+02
1.737971469999999954e+02 1.739638869999999997e+02 1.738685659999999871e+02
1.782643030000000124e+02 1.782200239999999951e+02 1.781386919999999918e+02
1.761038220000000081e+02 1.761799770000000080e+02 1.762372709999999927e+02
1.770009520000000123e+02 1.769411709999999971e+02 1.770689749999999947e+02
1.742685590000000104e+02 1.741443050000000028e+02 1.742018129999999871e+02
1.765458840000000009e+02 1.764257379999999955e+02 1.764505790000000047e+02
1.770226820000000032e+02 1.770469640000000027e+02 1.769233529999999917e+02
1.790465230000000076e+02 1.791029240000000016e+02 1.789776119999999935e+02
1.778586080000000038e+02 1.779285150000000044e+02 1.779838739999999859e+02
1.764559580000000096e+02 1.765237899999999911e+02 1.765833939999999984e+02
1.778514700000000062e+02 1.779737990000000138e+02 1.779585739999999987e+02
1.761117529999999931e+02 1.760440240000000074e+02 1.759839000000000055e+02
1.772944090000000017e+02 1.772061960000000056e+02 1.773247560000000078e+02
1.745882919999999956e+02 1.744602710000000059e+02 1.745217849999999942e+02
1.756003289999999879e+02 1.755397900000000107e+02 1.756678430000000048e+02
1.787302860000000067e+02 1.786604780000000119e+02 1.786031839999999988e+02
1.754507250000000056e+02 1.753223959999999977e+02 1.753904929999999922e+02
1.784541089999999883e+02 1.784538890000000038e+02 1.785452530000000024e+02
1.781799509999999884e+02 1.782986870000000010e+02 1.782527310000000114e+02
1.731471769999999992e+02 1.730595319999999901e+02 1.731712750000000085e+02
1.748847829999999988e+02 1.749031310000000019e+02 1.748048220000000015e+02
1.743971870000000024e+02 1.742709020000000066e+02 1.743336299999999994e+02
1.773247560000000078e+02 1.774448749999999961e+02 1.774141730000000052e+02
1.759887180000000058e+02 1.760483619999999974e+02 1.759076880000000074e+02
1.768331009999999992e+02 1.769564430000000073e+02 1.768839979999999912e+02
1.769725410000000068e+02 1.768457050000000095e+02 1.769132260000000088e+02
1.761434010000000114e+02 1.760477449999999919e+02 1.761642999999999972e+02
1.737691910000000064e+02 1.737961940000000141e+02 1.738919459999999901e+02
1.748337190000000021e+02 1.747735849999999971e+02 1.749008969999999863e+02
1.785067830000000129e+02 1.783794650000000104e+02 1.784460880000000031e+02
1.732192000000000007e+02 1.731500770000000102e+02 1.730774729999999977e+02
1.735741280000000017e+02 1.734906569999999988e+02 1.734386320000000126e+02
1.797181510000000060e+02 1.797794660000000135e+02 1.796628530000000126e+02
1.783860689999999920e+02 1.783270359999999926e+02 1.784533309999999915e+02
1.775679220000000100e+02 1.776510590000000036e+02 1.775334019999999953e+02
1.774958269999999914e+02 1.775553879999999936e+02 1.774254349999999931e+02
1.777659189999999967e+02 1.778263760000000104e+02 1.776981900000000110e+02
1.789032530000000065e+02 1.789784820000000138e+02 1.790336320000000114e+02
1.771821229999999900e+02 1.773099750000000085e+02 1.772451859999999897e+02
1.761814459999999940e+02 1.762501169999999888e+02 1.763113730000000032e+02
1.788525040000000104e+02 1.789218070000000012e+02 1.789776119999999935e+02
1.768160249999999962e+02 1.767487549999999885e+02 1.766898879999999963e+02
1.771759649999999908e+02 1.772344510000000071e+02 1.771078359999999918e+02
1.791046399999999892e+02 1.790404029999999977e+02 1.789825639999999964e+02
1.782442010000000039e+02 1.781844800000000077e+02 1.783121010000000126e+02
1.791126509999999996e+02 1.789884700000000066e+02 1.790549110000000042e+02
1.724199309999999912e+02 1.724436090000000092e+02 1.725385829999999885e+02
1.735226209999999867e+02 1.734581640000000107e+02 1.733964190000000087e+02
1.760616379999999879e+02 1.761198909999999955e+02 1.759887180000000058e+02
1.780403770000000065e+02 1.779115009999999870e+02 1.779754930000000002e+02
1.791372360000000015e+02 1.792089640000000088e+02 1.792645780000000002e+02
1.782200239999999951e+02 1.781799509999999884e+02 1.780953949999999963e+02
1.772061960000000056e+02 1.770938620000000014e+02 1.771135429999999928e+02
1.755933359999999936e+02 1.755329370000000040e+02 1.756607400000000041e+02
1.757682059999999922e+02 1.757012149999999906e+02 1.756402820000000133e+02
1.751613450000000114e+02 1.750339979999999969e+02 1.750994619999999884e+02
1.786173510000000135e+02 1.786752250000000117e+02 1.785496159999999861e+02
1.772563969999999927e+02 1.773232199999999921e+02 1.773914110000000051e+02
1.756536900000000117e+02 1.757141310000000090e+02 1.755861920000000111e+02
1.749031310000000019e+02 1.747688870000000065e+02 1.748048220000000015e+02
1.751554539999999918e+02 1.750889259999999865e+02 1.750280970000000025e+02
1.753981280000000140e+02 1.755258650000000102e+02 1.754582609999999931e+02
1.759556870000000117e+02 1.760151380000000074e+02 1.758881910000000062e+02
1.789825639999999964e+02 1.788571159999999907e+02 1.789280239999999935e+02
1.778586080000000038e+02 1.779124879999999962e+02 1.777858200000000011e+02
1.784889890000000037e+02 1.784301820000000021e+02 1.783686439999999891e+02
1.787608979999999974e+02 1.788926999999999907e+02 1.788220080000000110e+02
1.755498609999999928e+02 1.754827270000000112e+02 1.756131460000000004e+02
1.786332629999999995e+02 1.785036159999999938e+02 1.785768280000000061e+02
1.793024420000000134e+02 1.793684810000000027e+02 1.794265379999999936e+02
1.744361169999999959e+02 1.743825579999999889e+02 1.745080140000000029e+02
1.774418990000000065e+02 1.773802770000000066e+02 1.775089629999999943e+02
1.760968420000000094e+02 1.761878979999999899e+02 1.762216889999999978e+02
1.790465230000000076e+02 1.791724719999999991e+02 1.791029240000000016e+02
1.797917190000000005e+02 1.799000000000000057e+02 1.797907270000000040e+02
1.776591070000000059e+02 1.776212889999999902e+02 1.775222119999999961e+02
1.768317000000000121e+02 1.767367160000000013e+02 1.768571829999999920e+02
1.772446140000000128e+02 1.773027179999999987e+02 1.771759649999999908e+02
1.785415910000000110e+02 1.784168659999999988e+02 1.784813430000000096e+02
1.775928639999999916e+02 1.774655170000000055e+02 1.775314639999999997e+02
1.735789890000000071e+02 1.736046530000000132e+02 1.736991099999999904e+02
1.750940740000000062e+02 1.751554539999999918e+02 1.750280970000000025e+02
1.777382660000000101e+02 1.778586080000000038e+02 1.777858200000000011e+02
1.775568189999999902e+02 1.774288620000000094e+02 1.774966259999999920e+02
1.777933850000000007e+02 1.777317500000000052e+02 1.778604410000000087e+02
1.773846810000000005e+02 1.773144739999999899e+02 1.774438900000000103e+02
1.778346129999999903e+02 1.777161979999999915e+02 1.777401309999999910e+02
1.749613260000000139e+02 1.750799900000000093e+02 1.750564779999999985e+02
1.752041460000000086e+02 1.750864860000000078e+02 1.751056519999999921e+02
1.747056139999999971e+02 1.748353099999999927e+02 1.747578210000000070e+02
1.775701229999999953e+02 1.774418990000000065e+02 1.775089629999999943e+02
1.792125580000000014e+02 1.791500000000000057e+02 1.790902969999999925e+02
1.783644150000000081e+02 1.784230939999999919e+02 1.782961249999999893e+02
1.766316889999999944e+02 1.767575400000000059e+02 1.766898879999999963e+02
1.765445330000000013e+02 1.766715389999999957e+02 1.766022480000000030e+02
1.779482329999999877e+02 1.778549859999999967e+02 1.779600609999999961e+02
1.742065039999999954e+02 1.742660700000000134e+02 1.741411540000000002e+02
1.792706259999999929e+02 1.791518629999999916e+02 1.791949759999999969e+02
1.783060710000000029e+02 1.784301820000000021e+02 1.783644150000000081e+02
1.754206770000000120e+02 1.754435090000000059e+02 1.755401080000000036e+02
1.732583250000000135e+02 1.733879249999999956e+02 1.733050149999999974e+02
1.777203820000000007e+02 1.776583880000000022e+02 1.777852870000000109e+02
1.738353099999999927e+02 1.737694759999999974e+02 1.737174909999999954e+02
1.797794660000000135e+02 1.797852039999999931e+02 1.796628530000000126e+02
1.742991879999999867e+02 1.742039929999999970e+02 1.743261640000000057e+02
1.748809479999999894e+02 1.748213120000000060e+02 1.749484449999999924e+02
1.730338120000000117e+02 1.731610340000000008e+02 1.730848000000000013e+02
1.765316129999999930e+02 1.765914469999999881e+02 1.764641340000000014e+02
1.740795400000000086e+02 1.739609049999999968e+02 1.740097820000000013e+02
1.748447219999999902e+02 1.749087989999999877e+02 1.749707929999999863e+02
1.750799900000000093e+02 1.751121660000000020e+02 1.751920599999999979e+02
1.781637589999999989e+02 1.782250160000000108e+02 1.782877880000000062e+02
1.788985240000000090e+02 1.790295830000000024e+02 1.789506450000000086e+02
1.756678430000000048e+02 1.757353909999999928e+02 1.757956790000000069e+02
1.778339430000000050e+02 1.777659189999999967e+02 1.777051460000000134e+02
1.773054740000000038e+02 1.773715489999999875e+02 1.774254349999999931e+02
1.785727730000000122e+02 1.786352139999999906e+02 1.785067830000000129e+02
1.745344279999999912e+02 1.744005630000000053e+02 1.744172949999999958e+02
1.755679110000000094e+02 1.756256190000000004e+02 1.755000410000000102e+02
1.765990740000000017e+02 1.765316129999999930e+02 1.764717689999999948e+02
1.776624490000000094e+02 1.775970719999999972e+02 1.775364869999999939e+02
1.760229429999999979e+02 1.758957090000000107e+02 1.759628010000000131e+02
1.765071529999999882e+02 1.763791420000000016e+02 1.764473160000000007e+02
1.767861690000000010e+02 1.766589679999999873e+02 1.767264590000000055e+02
1.779083599999999876e+02 1.777791420000000073e+02 1.778458720000000142e+02
1.743825579999999889e+02 1.743151729999999873e+02 1.742535890000000052e+02
1.794437660000000108e+02 1.793633320000000140e+02 1.794893959999999993e+02
1.764268089999999916e+02 1.763591879999999890e+02 1.762992649999999912e+02
1.787162629999999979e+02 1.786496420000000001e+02 1.785934699999999964e+02
1.774370790000000113e+02 1.774958269999999914e+02 1.773715489999999875e+02
1.757966920000000073e+02 1.756797970000000078e+02 1.757319929999999886e+02
1.765750180000000000e+02 1.764473160000000007e+02 1.765154560000000004e+02
1.792809650000000090e+02 1.791935070000000110e+02 1.791556779999999947e+02
1.737273800000000108e+02 1.736262529999999913e+02 1.737410900000000140e+02
1.754712769999999864e+02 1.753758300000000077e+02 1.754954630000000009e+02
1.759718740000000139e+02 1.758505360000000053e+02 1.759466950000000054e+02
1.734154790000000048e+02 1.735427019999999914e+02 1.734672669999999925e+02
1.780381669999999872e+02 1.779751679999999965e+02 1.781051720000000103e+02
1.762619369999999890e+02 1.761684620000000052e+02 1.762917500000000075e+02
1.794295869999999979e+02 1.793535579999999925e+02 1.792952080000000024e+02
1.775431260000000009e+02 1.776019819999999925e+02 1.774769579999999962e+02
1.732583250000000135e+02 1.731735600000000090e+02 1.731338959999999929e+02
1.761359420000000000e+02 1.762216889999999978e+02 1.762528220000000090e+02
1.768375969999999882e+02 1.769645580000000109e+02 1.768971439999999973e+02
1.770469640000000027e+02 1.771716120000000103e+02 1.770760170000000073e+02
1.763336459999999875e+02 1.762118649999999889e+02 1.763084489999999960e+02
1.742184540000000084e+02 1.741230079999999987e+02 1.742450300000000141e+02
1.756131460000000004e+02 1.754827270000000112e+02 1.755412509999999884e+02
1.735427019999999914e+02 1.736699250000000063e+02 1.735983160000000112e+02
1.784286740000000009e+02 1.783697050000000104e+02 1.784991249999999923e+02
1.773500919999999894e+02 1.773817559999999958e+02 1.774744970000000137e+02
1.736046530000000132e+02 1.734837239999999952e+02 1.735071979999999883e+02
1.785277030000000025e+02 1.784541089999999883e+02 1.785928900000000112e+02
1.777461830000000020e+02 1.778715090000000032e+02 1.778051849999999945e+02
1.779287170000000060e+02 1.778346129999999903e+02 1.779482329999999877e+02
1.758686820000000068e+02 1.759920920000000137e+02 1.759466950000000054e+02
1.746519920000000070e+02 1.745861109999999883e+02 1.745242700000000013e+02
1.763964290000000119e+02 1.763283729999999991e+02 1.762691509999999937e+02
1.793376379999999983e+02 1.794674349999999947e+02 1.793933580000000063e+02
1.756760270000000048e+02 1.758071439999999939e+02 1.757319929999999886e+02
1.770166199999999890e+02 1.770766209999999887e+02 1.769491370000000074e+02
1.796811460000000125e+02 1.796779180000000053e+02 1.795702369999999917e+02
1.769645580000000109e+02 1.770913140000000112e+02 1.770241359999999986e+02
1.732882569999999873e+02 1.733383829999999932e+02 1.732119020000000091e+02
1.793535579999999925e+02 1.794107119999999895e+02 1.792806930000000136e+02
1.770010980000000131e+02 1.769353570000000104e+02 1.768751990000000092e+02
1.786910200000000088e+02 1.786295920000000024e+02 1.787608979999999974e+02
1.752215539999999976e+02 1.750940740000000062e+02 1.751593059999999866e+02
1.772468470000000025e+02 1.771172750000000065e+02 1.771836930000000052e+02
1.753018209999999897e+02 1.752041460000000086e+02 1.753231360000000052e+02
1.755258650000000102e+02 1.756536900000000117e+02 1.755861920000000111e+02
1.762348460000000046e+02 1.761393999999999949e+02 1.762619369999999890e+02
1.777791420000000073e+02 1.777117709999999988e+02 1.776502380000000016e+02
1.767993749999999977e+02 1.768992650000000140e+02 1.769233529999999917e+02
1.765914469999999881e+02 1.767186370000000011e+02 1.766510749999999916e+02
1.776212889999999902e+02 1.775978049999999939e+02 1.775065539999999942e+02
1.760556559999999990e+02 1.759718740000000139e+02 1.759466950000000054e+02
1.737975490000000036e+02 1.736725559999999859e+02 1.737665709999999990e+02
1.755117789999999900e+02 1.753825999999999965e+02 1.754507250000000056e+02
1.761903440000000103e+02 1.761319849999999860e+02 1.762597489999999993e+02
1.775885020000000054e+02 1.775215579999999989e+02 1.774602140000000077e+02
1.776671949999999924e+02 1.776092240000000118e+02 1.777317500000000052e+02
1.769725410000000068e+02 1.769132260000000088e+02 1.770400950000000080e+02
1.779732950000000073e+02 1.779303280000000029e+02 1.778465300000000013e+02
1.794429039999999986e+02 1.795668770000000052e+02 1.794895420000000001e+02
1.725937720000000013e+02 1.726162799999999891e+02 1.727151489999999967e+02
1.747813810000000103e+02 1.748538430000000119e+02 1.749098769999999945e+02
1.776212889999999902e+02 1.777482860000000073e+02 1.777148160000000132e+02
1.742487519999999961e+02 1.743788839999999993e+02 1.743146389999999997e+02
1.741350689999999872e+02 1.742655019999999979e+02 1.741883459999999957e+02
1.784230939999999919e+02 1.784806089999999870e+02 1.783546839999999918e+02
1.775215579999999989e+02 1.775829479999999876e+02 1.774541969999999935e+02
1.739321160000000077e+02 1.738366699999999980e+02 1.739595510000000047e+02
1.783604620000000125e+02 1.782899830000000065e+02 1.782303579999999954e+02
1.728865700000000061e+02 1.727911239999999964e+02 1.729119689999999991e+02
1.763437030000000050e+02 1.762015979999999900e+02 1.762528220000000090e+02
1.763591879999999890e+02 1.764191920000000096e+02 1.762917720000000088e+02
1.797919949999999858e+02 1.796869670000000099e+02 1.796779180000000053e+02
1.728567050000000052e+02 1.728725039999999922e+02 1.729924530000000118e+02
1.774707400000000064e+02 1.773519569999999987e+02 1.773849580000000117e+02
1.740508269999999982e+02 1.741158220000000085e+02 1.741844830000000002e+02
1.772606069999999931e+02 1.772853420000000142e+02 1.773849580000000117e+02
1.777805989999999952e+02 1.778708980000000111e+02 1.777482860000000073e+02
1.728221379999999954e+02 1.729555340000000001e+02 1.728758379999999875e+02
1.746956849999999974e+02 1.746002389999999878e+02 1.747214140000000100e+02
1.744966290000000129e+02 1.744361169999999959e+02 1.745668569999999988e+02
1.758226520000000050e+02 1.759399209999999982e+02 1.758496670000000108e+02
1.737961940000000141e+02 1.736745380000000125e+02 1.736991099999999904e+02
1.758881910000000062e+02 1.757614599999999996e+02 1.758285999999999945e+02
1.773788700000000063e+02 1.773897849999999892e+02 1.774863560000000007e+02
1.780227350000000115e+02 1.781508699999999976e+02 1.780821860000000072e+02
1.755329370000000040e+02 1.754655419999999992e+02 1.754051019999999994e+02
1.770971959999999967e+02 1.770038350000000094e+02 1.771201030000000003e+02
1.792367270000000019e+02 1.791126509999999996e+02 1.791788129999999910e+02
1.797031929999999988e+02 1.795854359999999872e+02 1.796644520000000114e+02
1.759695739999999944e+02 1.759024049999999875e+02 1.758419370000000015e+02
1.757614599999999996e+02 1.756344220000000007e+02 1.757012149999999906e+02
1.775928639999999916e+02 1.775314639999999997e+02 1.776583880000000022e+02
1.762015979999999900e+02 1.761359420000000000e+02 1.762528220000000090e+02
1.782298600000000022e+02 1.783555729999999926e+02 1.783009419999999920e+02
1.737412239999999883e+02 1.736457770000000096e+02 1.737691910000000064e+02
1.777051460000000134e+02 1.776374619999999993e+02 1.775764250000000004e+02
1.797972609999999918e+02 1.797031929999999988e+02 1.796644520000000114e+02
1.747708169999999939e+02 1.746505689999999902e+02 1.746760170000000016e+02
1.744900460000000066e+02 1.743673609999999883e+02 1.744005630000000053e+02
1.734581640000000107e+02 1.735811150000000112e+02 1.735075999999999965e+02
1.741158220000000085e+02 1.742487519999999961e+02 1.741844830000000002e+02
1.756887350000000083e+02 1.757152059999999949e+02 1.758105899999999906e+02
1.750397930000000031e+02 1.751705479999999966e+02 1.750994619999999884e+02
1.792931220000000110e+02 1.794237699999999904e+02 1.793633320000000140e+02
1.738485279999999875e+02 1.739801170000000070e+02 1.739115009999999870e+02
1.754212530000000072e+02 1.754952319999999872e+02 1.755412509999999884e+02
1.748337190000000021e+02 1.748941560000000095e+02 1.747658680000000118e+02
1.755117789999999900e+02 1.755792610000000025e+02 1.756402820000000133e+02
1.756360789999999952e+02 1.755176370000000077e+02 1.755401080000000036e+02
1.748337190000000021e+02 1.747057230000000061e+02 1.747735849999999971e+02
1.777975810000000081e+02 1.776748809999999992e+02 1.777512570000000096e+02
1.757885400000000118e+02 1.757281900000000121e+02 1.758560170000000085e+02
1.746368150000000128e+02 1.745668569999999988e+02 1.745080140000000029e+02
1.777382660000000101e+02 1.776594130000000007e+02 1.776149580000000014e+02
1.782527310000000114e+02 1.782986870000000010e+02 1.783686439999999891e+02
1.733330679999999973e+02 1.734653680000000122e+02 1.733964190000000087e+02
1.790255559999999946e+02 1.789075119999999970e+02 1.789807759999999917e+02
1.776232550000000003e+02 1.775037149999999997e+02 1.775334019999999953e+02
1.738880340000000047e+02 1.740176170000000013e+02 1.739528180000000077e+02
1.768074310000000082e+02 1.767161539999999889e+02 1.768303180000000054e+02
1.768571829999999920e+02 1.768835860000000082e+02 1.769773869999999931e+02
1.791518629999999916e+02 1.790255559999999946e+02 1.790878830000000050e+02
1.790902969999999925e+02 1.790255559999999946e+02 1.791518629999999916e+02
1.788815400000000011e+02 1.787520949999999971e+02 1.788220080000000110e+02
1.754787780000000055e+02 1.753498590000000092e+02 1.754165439999999876e+02
1.770123169999999959e+02 1.769226240000000132e+02 1.769201349999999877e+02
1.777659189999999967e+02 1.776374619999999993e+02 1.777051460000000134e+02
1.781608080000000029e+02 1.780314319999999952e+02 1.781001939999999877e+02
1.725040899999999908e+02 1.725349919999999884e+02 1.726162799999999891e+02
1.747658680000000118e+02 1.748266710000000046e+02 1.746977400000000102e+02
1.748353099999999927e+02 1.749607579999999984e+02 1.748847829999999988e+02
1.790465230000000076e+02 1.791126509999999996e+02 1.791724719999999991e+02
1.732618980000000022e+02 1.733330679999999973e+02 1.733964190000000087e+02
1.766941649999999981e+02 1.766346110000000067e+02 1.767619929999999897e+02
1.785908799999999985e+02 1.786604780000000119e+02 1.787183229999999980e+02
1.778458720000000142e+02 1.777791420000000073e+02 1.777170230000000117e+02
1.771078359999999918e+02 1.770400950000000080e+02 1.769808830000000057e+02
1.736745380000000125e+02 1.735536030000000096e+02 1.735789890000000071e+02
1.791935070000000110e+02 1.792360850000000028e+02 1.790943310000000110e+02
1.790785740000000033e+02 1.791935070000000110e+02 1.790943310000000110e+02
1.792360850000000028e+02 1.791610499999999888e+02 1.790943310000000110e+02
1.790943310000000110e+02 1.789578400000000045e+02 1.789955980000000011e+02
1.790785740000000033e+02 1.790943310000000110e+02 1.789955980000000011e+02
1.790329169999999976e+02 1.789578400000000045e+02 1.790943310000000110e+02
1.791610499999999888e+02 1.790329169999999976e+02 1.790943310000000110e+02
