-2.477949200000000118e+01 -2.284366599999999892e+01 -2.424265700000000123e+01
-1.581596399999999925e+01 -1.163309500000000085e+01 -1.661494700000000080e+01
-1.653249200000000130e+01 -1.793696399999999969e+01 -1.580888200000000055e+01
-5.580997399999999686e+01 -6.403875999999999635e+01 -5.389433700000000016e+01
-2.638780399999999915e+01 -2.432394599999999940e+01 -2.562402700000000166e+01
-3.654660400000000209e+01 -3.559096699999999913e+01 -4.053393499999999960e+01
-2.481703299999999857e+01 -2.971079399999999993e+01 -2.698518999999999934e+01
-5.236963200000000285e+01 -5.545404700000000275e+01 -6.357396399999999659e+01
-1.552217699999999923e+01 -1.804641200000000012e+01 -1.781858799999999832e+01
-4.683469000000000193e+01 -5.606645499999999771e+01 -5.084622499999999690e+01
-3.672198699999999860e+01 -3.525955499999999887e+01 -4.221303300000000291e+01
-6.620155699999999399e+01 -7.806562499999999716e+01 -6.520108199999999954e+01
-5.920624000000000109e+01 -4.936794100000000185e+01 -5.904053100000000143e+01
-1.492068699999999914e+01 -1.239793399999999934e+01 -1.471456099999999978e+01
-2.314998399999999990e+01 -2.156052899999999894e+01 -2.284366599999999892e+01
-1.849065699999999879e+01 -1.884906600000000054e+01 -1.758926999999999907e+01
-2.871987800000000135e+01 -2.880895699999999948e+01 -2.341546800000000061e+01
-9.031017699999999593e+01 -8.847541200000000572e+01 -7.199837399999999832e+01
-8.335184999999999178e+00 -1.034422099999999922e+01 -9.008971999999999980e+00
-9.658511999999999986e+00 -1.164046199999999942e+01 -1.145795700000000039e+01
-2.407128600000000063e+01 -1.771584899999999863e+01 -2.518402899999999889e+01
-1.811525599999999869e+01 -1.864339899999999872e+01 -1.799162700000000115e+01
-2.952811499999999967e+01 -3.554061800000000204e+01 -3.682384600000000319e+01
-1.628190400000000082e+01 -1.587719700000000067e+01 -1.682221200000000039e+01
-2.842147900000000149e+01 -2.846935099999999963e+01 -2.707969800000000049e+01
-4.589809600000000245e+01 -4.563054799999999744e+01 -4.026420600000000150e+01
-2.526266000000000034e+01 -2.543650099999999981e+01 -2.694310199999999966e+01
-5.346916000000000224e+01 -4.677665499999999810e+01 -4.427208100000000002e+01
-5.371955200000000019e+01 -4.535578499999999735e+01 -5.063146400000000114e+01
-1.342696899999999971e+01 -1.483534399999999920e+01 -1.357718000000000025e+01
-1.325251800000000024e+01 -1.071246999999999971e+01 -1.290637399999999957e+01
-6.497730099999999709e+01 -5.026984300000000161e+01 -5.441298900000000316e+01
-7.505690199999999379e+01 -6.426924999999999955e+01 -6.314309099999999830e+01
-3.325694500000000176e+01 -3.574017500000000069e+01 -3.547471800000000286e+01
-1.270471000000000039e+01 -1.526583300000000065e+01 -1.361338699999999946e+01
-5.727515999999999607e+00 -5.664619000000000071e+00 -9.198565999999999576e+00
-1.329615699999999912e+01 -1.273687199999999997e+01 -1.190503400000000056e+01
-6.426924999999999955e+01 -7.673558300000000543e+01 -6.687295899999999449e+01
-3.511373600000000295e+01 -3.506565100000000257e+01 -2.829188200000000109e+01
-2.687333999999999889e+01 -2.889784399999999920e+01 -2.718710599999999999e+01
-1.889372300000000138e+01 -1.807385700000000028e+01 -1.812823399999999907e+01
-7.893064999999999998e+00 -7.752279999999999838e+00 -9.826674999999999827e+00
-1.622727000000000075e+01 -1.448881500000000067e+01 -1.950402100000000161e+01
-1.218266999999999989e+01 -1.065432400000000079e+01 -1.066969899999999960e+01
-2.123975000000000080e+01 -2.014899899999999988e+01 -1.982931200000000160e+01
-8.993810999999999467e+01 -8.384098400000000595e+01 -7.021503199999999367e+01
-4.383066800000000285e+01 -4.293788500000000141e+01 -4.907689700000000244e+01
-6.157391499999999951e+01 -7.259416799999999625e+01 -5.993747499999999917e+01
-2.964176399999999845e+01 -2.124622099999999847e+01 -2.280949599999999933e+01
-3.132494000000000156e+01 -3.033317800000000020e+01 -2.517566700000000068e+01
-8.937539599999999496e+01 -9.169058900000000278e+01 -7.673558300000000543e+01
-3.535788500000000312e+01 -4.196679100000000062e+01 -4.208009500000000003e+01
-3.320741199999999793e+01 -3.099860200000000177e+01 -3.043336299999999994e+01
-3.716517300000000290e+01 -3.834563500000000147e+01 -3.320524900000000201e+01
-2.599664500000000089e+01 -2.972718899999999920e+01 -2.620420100000000119e+01
-2.916780199999999823e+01 -3.495840599999999654e+01 -2.871987800000000135e+01
-3.070355699999999999e+01 -3.234137900000000343e+01 -2.595077600000000118e+01
-9.530884999999999607e+00 -1.267224500000000020e+01 -8.710119999999999862e+00
-5.005819100000000077e+01 -4.266075200000000223e+01 -4.570085900000000123e+01
-1.097232699999999994e+01 -1.041695299999999946e+01 -1.285231699999999933e+01
-5.567630400000000179e+01 -4.447227300000000128e+01 -4.715865900000000011e+01
-5.472008999999999901e+00 -7.632996000000000336e+00 -6.803595999999999755e+00
-9.564814000000000149e+00 -1.161115700000000039e+01 -1.075436000000000014e+01
-7.115803999999999796e+00 -7.238226000000000049e+00 -8.538451999999999487e+00
-1.447330599999999912e+01 -1.344156599999999990e+01 -1.308313200000000087e+01
-1.661494700000000080e+01 -1.771584899999999863e+01 -2.407128600000000063e+01
-5.698945599999999700e+01 -6.770780799999999999e+01 -6.766697000000000628e+01
-4.776044100000000014e+01 -4.765394700000000228e+01 -4.056445999999999685e+01
-4.563054799999999744e+01 -5.117062599999999861e+01 -4.570085900000000123e+01
-6.922563000000000244e+00 -7.115803999999999796e+00 -7.386188999999999893e+00
-3.441095099999999718e+01 -3.199520300000000006e+01 -3.099860200000000177e+01
-2.378195300000000145e+01 -2.756810799999999873e+01 -2.428610799999999870e+01
-1.962216600000000000e+01 -2.072741999999999862e+01 -2.144484999999999886e+01
-2.150946700000000078e+01 -1.987165800000000004e+01 -2.169773800000000108e+01
-5.601721999999999646e+00 -9.880784000000000233e+00 -9.788111999999999924e+00
-1.690844099999999983e+01 -1.694150399999999834e+01 -1.596914199999999973e+01
-2.981528600000000040e+01 -3.320524900000000201e+01 -3.434051399999999887e+01
-2.815866199999999964e+01 -3.085842600000000147e+01 -3.222193399999999741e+01
-2.975425699999999907e+01 -3.355572099999999836e+01 -3.085842600000000147e+01
-2.839688699999999955e+01 -2.720919900000000169e+01 -3.074026399999999981e+01
-4.677147200000000282e+01 -5.096221400000000301e+01 -5.585810000000000031e+01
-1.436318200000000012e+01 -1.350734899999999961e+01 -1.497051699999999919e+01
-3.823557699999999926e+01 -3.291911999999999949e+01 -3.433448899999999782e+01
-8.440946999999999534e+00 -9.725787000000000404e+00 -1.041695299999999946e+01
-2.000365499999999841e+01 -2.704361600000000010e+01 -2.493953499999999934e+01
-5.853310999999999709e+00 -7.789826999999999835e+00 -7.809616000000000113e+00
-5.100927000000000078e+01 -5.400561700000000087e+01 -4.500838999999999857e+01
-2.846935099999999963e+01 -2.694310199999999966e+01 -2.707969800000000049e+01
-5.938732499999999703e+01 -5.920624000000000109e+01 -7.129256700000000535e+01
-1.864339899999999872e+01 -1.990291300000000163e+01 -1.879486800000000102e+01
-2.871987800000000135e+01 -3.495840599999999654e+01 -3.484370200000000040e+01
-1.345185299999999984e+01 -9.974503999999999593e+00 -1.383306800000000081e+01
-7.920521499999999548e+01 -7.092221399999999676e+01 -8.497412599999999827e+01
-3.836516499999999752e+01 -4.285176899999999733e+01 -4.500838999999999857e+01
-2.055414199999999880e+01 -1.963307299999999955e+01 -2.144799599999999984e+01
-3.580931199999999848e+01 -4.003410000000000224e+01 -4.174493499999999813e+01
-4.137827899999999914e+01 -4.134774800000000283e+01 -3.787729999999999819e+01
-1.767677499999999924e+01 -2.318557500000000005e+01 -1.835724199999999939e+01
-2.123975000000000080e+01 -1.982931200000000160e+01 -2.080567299999999875e+01
-2.651113700000000151e+01 -2.424265700000000123e+01 -2.555498300000000000e+01
-1.761051099999999892e+01 -1.812823399999999907e+01 -1.759050500000000028e+01
-2.341546800000000061e+01 -2.369742300000000057e+01 -1.907242099999999851e+01
-2.411179699999999926e+01 -2.557804900000000004e+01 -2.413266700000000142e+01
-1.002693199999999933e+02 -8.933736199999999883e+01 -8.191858700000000226e+01
-1.322085599999999950e+01 -1.118832399999999971e+01 -1.123630600000000079e+01
-6.390910199999999719e+01 -7.548551600000000406e+01 -6.439454899999999782e+01
-7.809616000000000113e+00 -7.789826999999999835e+00 -9.110887999999999209e+00
-1.590057599999999915e+01 -1.504679400000000022e+01 -1.481475499999999990e+01
-2.052784199999999970e+01 -2.101264600000000016e+01 -1.860404799999999881e+01
-2.694310199999999966e+01 -2.543650099999999981e+01 -2.707969800000000049e+01
-1.342696899999999971e+01 -1.436318200000000012e+01 -1.483534399999999920e+01
-1.220552999999999955e+01 -1.261772200000000055e+01 -1.122096999999999944e+01
-5.675972900000000010e+01 -4.776044100000000014e+01 -4.808950600000000009e+01
-9.273345000000000837e+00 -6.482282999999999795e+00 -9.323733999999999966e+00
-3.047456400000000087e+01 -2.841233799999999832e+01 -2.894356099999999898e+01
-7.281391800000000103e+01 -6.661701499999999498e+01 -5.567630400000000179e+01
-3.233337900000000076e+01 -2.407128600000000063e+01 -3.288961100000000215e+01
-2.413266700000000142e+01 -2.557804900000000004e+01 -2.601591700000000174e+01
-1.619629300000000072e+01 -1.726853499999999997e+01 -1.267224500000000020e+01
-2.601591700000000174e+01 -2.557804900000000004e+01 -2.815866199999999964e+01
-1.437450800000000051e+01 -1.295974000000000004e+01 -1.767677499999999924e+01
-1.887966499999999925e+01 -2.396785900000000069e+01 -2.035122600000000048e+01
-5.904053100000000143e+01 -4.704571399999999670e+01 -5.277174800000000232e+01
-2.378195300000000145e+01 -2.064833900000000000e+01 -2.331110500000000130e+01
-3.836516499999999752e+01 -3.692095499999999930e+01 -4.285176899999999733e+01
-2.598510399999999976e+01 -2.284280499999999847e+01 -2.469479400000000169e+01
-1.092877700000000019e+01 -1.073331400000000002e+01 -1.258304099999999970e+01
-6.439454899999999782e+01 -6.403875999999999635e+01 -5.580997399999999686e+01
-2.543650099999999981e+01 -2.337775099999999995e+01 -2.353948600000000013e+01
-4.216110199999999963e+01 -4.208009500000000003e+01 -5.057666700000000048e+01
-3.101599500000000020e+01 -3.251032899999999870e+01 -2.756810799999999873e+01
-1.997632000000000119e+01 -2.012872600000000034e+01 -2.109362199999999987e+01
-2.419222399999999951e+01 -2.390808699999999831e+01 -2.297218300000000113e+01
-1.866905699999999868e+01 -1.605361399999999961e+01 -1.627337500000000148e+01
-3.983028000000000191e+01 -4.985358300000000042e+01 -4.550874199999999803e+01
-9.725787000000000404e+00 -7.912484000000000073e+00 -9.036250000000000782e+00
-1.705909400000000176e+01 -1.682221200000000039e+01 -1.755651999999999902e+01
-3.611208700000000249e+01 -3.087071600000000160e+01 -3.524034000000000333e+01
-1.363862999999999914e+01 -1.289527099999999926e+01 -1.716457799999999878e+01
-2.468992899999999935e+01 -2.443057100000000048e+01 -2.320716900000000038e+01
-3.456804400000000044e+01 -3.547471800000000286e+01 -3.762014800000000037e+01
-1.716457799999999878e+01 -2.225221000000000160e+01 -1.802101100000000145e+01
-7.789826999999999835e+00 -9.564814000000000149e+00 -9.110887999999999209e+00
-9.031017699999999593e+01 -7.199837399999999832e+01 -7.657629500000000178e+01
-3.750125200000000092e+01 -3.456804400000000044e+01 -3.762014800000000037e+01
-3.160843900000000062e+01 -3.054614000000000118e+01 -3.447478600000000171e+01
-7.658176500000000431e+01 -9.597045400000000370e+01 -8.514337100000000191e+01
-5.585810000000000031e+01 -6.812244400000000155e+01 -6.102091200000000271e+01
-1.963870400000000060e+01 -2.052784199999999970e+01 -1.794799799999999834e+01
-2.704361600000000010e+01 -3.594412700000000171e+01 -3.248822200000000038e+01
-7.696686999999999834e+00 -6.733871999999999858e+00 -8.310510000000000730e+00
-7.929366699999999923e+01 -9.406837099999999907e+01 -7.806562499999999716e+01
-4.937812399999999968e+01 -4.064649099999999748e+01 -4.319826299999999719e+01
-1.294800299999999993e+01 -1.258304099999999970e+01 -1.428745100000000079e+01
-4.189996099999999757e+01 -3.594764500000000140e+01 -3.959198700000000315e+01
-2.639153299999999902e+01 -2.869921400000000133e+01 -2.792657499999999970e+01
-2.424590200000000095e+01 -2.274746199999999874e+01 -2.417521599999999893e+01
-5.189922200000000174e+01 -4.216110199999999963e+01 -5.057666700000000048e+01
-1.383306800000000081e+01 -1.046240200000000087e+01 -1.456782800000000044e+01
-5.287236000000000047e+00 -9.057181999999999178e+00 -9.033134000000000441e+00
-8.019265000000000754e+00 -9.333410000000000650e+00 -8.918879000000000445e+00
-7.459154999999999980e+00 -1.075742999999999938e+01 -9.530884999999999607e+00
-1.330676300000000012e+01 -1.626976200000000006e+01 -1.687838599999999900e+01
-1.152029800000000037e+01 -1.098617400000000011e+01 -1.261917299999999997e+01
-1.121557530000000042e+02 -9.213255399999999895e+01 -9.499097199999999930e+01
-4.401942499999999825e+01 -3.922097500000000281e+01 -4.242707899999999910e+01
-1.817034999999999911e+01 -1.895232700000000037e+01 -1.812823399999999907e+01
-5.979104999999999670e+00 -8.335184999999999178e+00 -9.008971999999999980e+00
-5.441298900000000316e+01 -4.318699000000000154e+01 -4.806997400000000198e+01
-1.652741500000000130e+01 -1.705909400000000176e+01 -1.714079900000000123e+01
-2.859147799999999862e+01 -3.413231900000000252e+01 -2.935945800000000006e+01
-5.457446800000000309e+01 -5.443665099999999768e+01 -4.713160799999999995e+01
-2.744503200000000120e+01 -2.619720900000000086e+01 -2.764990900000000096e+01
-1.538634700000000066e+01 -1.322085599999999950e+01 -1.540340499999999935e+01
-3.320741199999999793e+01 -3.043336299999999994e+01 -3.223358600000000251e+01
-1.668568399999999841e+01 -1.664823600000000070e+01 -1.715862299999999863e+01
-1.873351600000000161e+01 -2.200714400000000026e+01 -1.855386000000000024e+01
-8.672854399999999941e+01 -1.029122109999999992e+02 -8.497412599999999827e+01
-5.654936800000000119e+01 -4.900505299999999664e+01 -5.652485200000000276e+01
-1.575380600000000086e+01 -1.325251800000000024e+01 -1.290637399999999957e+01
-3.265442399999999878e+01 -3.325694500000000176e+01 -3.547471800000000286e+01
-6.022490999999999595e+00 -4.643470999999999904e+00 -6.608448000000000100e+00
-9.597045400000000370e+01 -1.058264779999999945e+02 -8.514337100000000191e+01
-8.911979499999999632e+01 -9.597045400000000370e+01 -7.658176500000000431e+01
-1.993703899999999862e+01 -2.202836599999999834e+01 -2.019660899999999870e+01
-4.305969000000000335e+01 -4.165904299999999694e+01 -5.110216799999999893e+01
-1.668568399999999841e+01 -1.715862299999999863e+01 -1.720257099999999895e+01
-1.505096900000000026e+01 -1.767287599999999870e+01 -1.755870799999999932e+01
-1.587719700000000067e+01 -1.526504699999999914e+01 -1.635702699999999865e+01
-7.962577400000000694e+01 -6.497367699999999502e+01 -6.843717800000000295e+01
-3.337422999999999806e+00 -3.274525999999999826e+00 -3.668890000000000207e+00
-1.349827100000000080e+01 -1.405729900000000043e+01 -1.261917299999999997e+01
-5.413030000000000008e+00 -9.079672000000000409e+00 -9.269693999999999434e+00
-2.724185400000000001e+01 -2.675384299999999982e+01 -2.868042799999999914e+01
-3.013561800000000090e+01 -3.525955499999999887e+01 -3.101599500000000020e+01
-3.682384600000000319e+01 -3.554061800000000204e+01 -4.432792100000000346e+01
-6.770780799999999999e+01 -7.956141700000000583e+01 -6.766697000000000628e+01
-4.757359499999999741e+01 -5.100927000000000078e+01 -4.285176899999999733e+01
-1.634443100000000015e+01 -1.616809999999999903e+01 -1.394358899999999934e+01
-2.688614899999999963e+01 -2.327278799999999848e+01 -2.941929000000000016e+01
-3.101599500000000020e+01 -3.525955499999999887e+01 -3.672198699999999860e+01
-2.916780199999999823e+01 -3.535788500000000312e+01 -3.495840599999999654e+01
-6.608448000000000100e+00 -9.530884999999999607e+00 -8.710119999999999862e+00
-2.432394599999999940e+01 -2.526837599999999995e+01 -2.359790200000000127e+01
-8.123279800000000250e+01 -8.911979499999999632e+01 -7.481955399999999656e+01
-1.609812200000000004e+01 -1.532249400000000072e+01 -1.519997399999999921e+01
-7.129256700000000535e+01 -7.196420100000000275e+01 -8.672854399999999941e+01
-1.922028200000000098e+01 -1.820026700000000019e+01 -1.837648799999999838e+01
-1.308313200000000087e+01 -1.152029800000000037e+01 -1.261917299999999997e+01
-1.170321700000000043e+01 -9.797394999999999854e+00 -1.184447199999999967e+01
-7.929366699999999923e+01 -7.806562499999999716e+01 -6.620155699999999399e+01
-1.994415899999999908e+01 -1.901502899999999840e+01 -1.901582799999999907e+01
-7.481955399999999656e+01 -7.658176500000000431e+01 -6.357396399999999659e+01
-1.803129300000000157e+01 -1.861212700000000098e+01 -1.811525599999999869e+01
-1.867961499999999830e+01 -1.947212299999999985e+01 -1.864339899999999872e+01
-1.568303599999999953e+01 -1.575380600000000086e+01 -1.290637399999999957e+01
-2.444515799999999928e+01 -3.067872300000000152e+01 -2.551680899999999852e+01
-1.297039900000000046e+01 -1.398783700000000074e+01 -1.239599300000000071e+01
-1.630668400000000062e+01 -1.758926999999999907e+01 -1.687327099999999902e+01
-5.838421999999999557e+00 -7.546377999999999808e+00 -5.684237999999999680e+00
-1.091019799999999940e+01 -9.170567000000000135e+00 -1.113350299999999926e+01
-2.316441100000000120e+01 -2.144484999999999886e+01 -2.242020600000000030e+01
-9.653764999999999930e+01 -9.588411999999999580e+01 -8.334283200000000136e+01
-1.744454199999999844e+01 -1.503416600000000081e+01 -1.375435200000000080e+01
-7.766077099999999689e+01 -6.598160400000000436e+01 -6.210340099999999808e+01
-4.293788500000000141e+01 -4.808242800000000017e+01 -4.907689700000000244e+01
-1.073331400000000002e+01 -1.242644800000000060e+01 -1.258304099999999970e+01
-9.213255399999999895e+01 -8.902874699999999564e+01 -7.417171000000000447e+01
-1.715862299999999863e+01 -1.714079900000000123e+01 -1.759050500000000028e+01
-2.305819299999999927e+01 -2.481703299999999857e+01 -2.698518999999999934e+01
-2.953216899999999967e+01 -2.916780199999999823e+01 -2.414121799999999851e+01
-9.272919899999999416e+01 -9.031017699999999593e+01 -7.657629500000000178e+01
-5.110216799999999893e+01 -4.951443799999999840e+01 -5.850500300000000209e+01
-2.688229099999999860e+01 -2.844748399999999933e+01 -2.706494199999999850e+01
-2.698518999999999934e+01 -2.971079399999999993e+01 -3.175272400000000061e+01
-5.257939799999999764e+01 -4.554056800000000038e+01 -4.471982200000000063e+01
-2.167151000000000138e+01 -2.162098699999999951e+01 -2.328139099999999928e+01
-2.467653699999999972e+01 -2.601591700000000174e+01 -2.714662699999999873e+01
-3.355572099999999836e+01 -3.596310799999999830e+01 -3.901751399999999848e+01
-3.516248300000000171e+01 -4.051175200000000132e+01 -3.692095499999999930e+01
-5.511377300000000190e+01 -6.011566799999999944e+01 -5.450798900000000202e+01
-6.315240299999999962e+01 -5.904053100000000143e+01 -5.277174800000000232e+01
-7.962577400000000694e+01 -7.579527899999999363e+01 -6.497367699999999502e+01
-3.320524900000000201e+01 -3.834563500000000147e+01 -3.434051399999999887e+01
-2.254822300000000013e+01 -2.152333600000000047e+01 -2.336945599999999956e+01
-1.122096999999999944e+01 -9.646694000000000102e+00 -1.080401299999999942e+01
-5.472008999999999901e+00 -6.022490999999999595e+00 -7.632996000000000336e+00
-3.737843399999999860e+01 -4.137827899999999914e+01 -3.787729999999999819e+01
-1.664823600000000070e+01 -1.652741500000000130e+01 -1.714079900000000123e+01
-2.169773800000000108e+01 -2.167151000000000138e+01 -2.351772499999999866e+01
-2.580865100000000112e+01 -2.467653699999999972e+01 -2.714662699999999873e+01
-7.505690199999999379e+01 -8.937539599999999496e+01 -7.673558300000000543e+01
-1.526583300000000065e+01 -1.681849300000000014e+01 -1.794799799999999834e+01
-2.516801800000000000e+01 -2.694900700000000171e+01 -2.639236599999999910e+01
-1.689934900000000084e+01 -1.736744099999999946e+01 -1.821089100000000016e+01
-7.766077099999999689e+01 -6.210340099999999808e+01 -7.157011500000000126e+01
-2.675384299999999982e+01 -2.525188999999999950e+01 -2.597963499999999826e+01
-2.594200400000000073e+01 -2.581069300000000055e+01 -2.443057100000000048e+01
-2.378908900000000060e+01 -2.308036799999999999e+01 -2.467653699999999972e+01
-1.041695299999999946e+01 -9.725787000000000404e+00 -1.197655800000000070e+01
-1.013223999999999947e+01 -9.683128999999999209e+00 -1.289527099999999926e+01
-2.144799599999999984e+01 -2.390356200000000086e+01 -2.241176899999999961e+01
-1.214714500000000008e+01 -1.344156599999999990e+01 -1.370403199999999977e+01
-1.483534399999999920e+01 -1.492043100000000067e+01 -1.357718000000000025e+01
-1.838109599999999944e+01 -1.804641200000000012e+01 -1.574822799999999923e+01
-3.330987400000000065e+01 -4.073406099999999697e+01 -4.172029200000000060e+01
-5.730544799999999839e+01 -5.117062599999999861e+01 -5.148995000000000033e+01
-7.386188999999999893e+00 -7.115803999999999796e+00 -8.596393000000000839e+00
-9.379200899999999308e+01 -9.469256500000000187e+01 -7.998633200000000443e+01
-1.653249200000000130e+01 -1.580888200000000055e+01 -1.483165900000000015e+01
-2.056499799999999922e+01 -2.091156700000000157e+01 -2.460332100000000111e+01
-5.767656199999999700e+01 -5.698945599999999700e+01 -4.780009799999999842e+01
-4.051175200000000132e+01 -4.757359499999999741e+01 -4.285176899999999733e+01
-1.239793399999999934e+01 -1.074066099999999935e+01 -1.075436000000000014e+01
-4.143208099999999661e+01 -3.594412700000000171e+01 -4.550874199999999803e+01
-1.775952699999999851e+01 -1.734420899999999932e+01 -1.799162700000000115e+01
-2.432394599999999940e+01 -2.336945599999999956e+01 -2.562402700000000166e+01
-4.982792400000000299e+01 -4.936794100000000185e+01 -5.920624000000000109e+01
-1.734420899999999932e+01 -1.767971400000000060e+01 -1.799162700000000115e+01
-2.857170500000000146e+01 -2.694310199999999966e+01 -2.846935099999999963e+01
-3.070355699999999999e+01 -3.595980999999999739e+01 -3.771945199999999687e+01
-1.965449900000000127e+01 -2.050705400000000012e+01 -1.626976200000000006e+01
-2.403072900000000089e+01 -2.288266199999999984e+01 -2.246008000000000138e+01
-2.526837599999999995e+01 -2.468992899999999935e+01 -2.359790200000000127e+01
-2.444515799999999928e+01 -2.551680899999999852e+01 -2.062785900000000083e+01
-1.208444800000000008e+01 -1.220552999999999955e+01 -1.080401299999999942e+01
-2.254477599999999882e+01 -2.359511399999999881e+01 -2.431159200000000098e+01
-8.623770000000000380e+00 -6.803595999999999755e+00 -9.379495999999999611e+00
-1.590057599999999915e+01 -1.652741500000000130e+01 -1.664823600000000070e+01
-6.049521000000000015e+01 -7.484588499999999556e+01 -6.486993599999999560e+01
-2.353948600000000013e+01 -2.367005999999999943e+01 -2.558445400000000092e+01
-7.673558300000000543e+01 -9.169058900000000278e+01 -8.025491200000000447e+01
-1.170321700000000043e+01 -1.394358899999999934e+01 -1.304671899999999951e+01
-3.126555799999999863e+01 -2.834840399999999860e+01 -2.772321700000000178e+01
-6.403875999999999635e+01 -6.314309099999999830e+01 -5.389433700000000016e+01
-2.078369899999999859e+01 -2.155378800000000084e+01 -2.254477599999999882e+01
-1.460135999999999967e+01 -1.593694400000000044e+01 -1.568344699999999925e+01
-1.145795700000000039e+01 -1.361028899999999986e+01 -1.340496599999999994e+01
-1.534931599999999996e+01 -1.353892500000000076e+01 -1.477904700000000027e+01
-2.320716900000000038e+01 -2.443057100000000048e+01 -2.312745999999999924e+01
-1.267224500000000020e+01 -9.530884999999999607e+00 -1.277819900000000075e+01
-3.223358600000000251e+01 -3.185162300000000002e+01 -3.421763700000000341e+01
-3.820254400000000317e+01 -4.225104699999999980e+01 -3.524034000000000333e+01
-4.745169700000000290e+01 -5.668937199999999876e+01 -5.702747399999999800e+01
-1.037902000000000058e+01 -1.091019799999999940e+01 -1.276447499999999913e+01
-3.947797899999999771e+01 -3.385392600000000130e+01 -3.635356500000000324e+01
-2.918635199999999941e+01 -2.318557500000000005e+01 -2.277471900000000105e+01
-4.447227300000000128e+01 -3.642387099999999833e+01 -3.777132100000000037e+01
-1.794799799999999834e+01 -1.860404799999999881e+01 -1.608253500000000003e+01
-4.266075200000000223e+01 -3.654660400000000209e+01 -4.053393499999999960e+01
-2.092302700000000115e+01 -2.191733800000000087e+01 -2.208319300000000140e+01
-1.771584899999999863e+01 -1.214412300000000045e+01 -1.296462299999999956e+01
-3.642387099999999833e+01 -3.564353700000000202e+01 -2.918635199999999941e+01
-5.329733499999999680e+01 -5.339376500000000192e+01 -4.606150999999999840e+01
-4.001932099999999792e+01 -4.757591800000000148e+01 -4.003410000000000224e+01
-8.141516799999999421e+01 -6.598160400000000436e+01 -7.766077099999999689e+01
-2.066149100000000161e+01 -1.768833899999999915e+01 -2.045850599999999986e+01
-8.541922900000000141e+01 -8.141516799999999421e+01 -9.963631800000000283e+01
-7.802594700000000216e+01 -9.213255399999999895e+01 -7.417171000000000447e+01
-7.666138899999999978e+01 -7.561166199999999549e+01 -6.430567700000000286e+01
-2.358152899999999974e+01 -3.132494000000000156e+01 -2.517566700000000068e+01
-2.451531500000000108e+01 -2.595077600000000118e+01 -2.050705400000000012e+01
-2.052784199999999970e+01 -2.270716399999999879e+01 -2.101264600000000016e+01
-1.961575799999999958e+01 -1.976904000000000039e+01 -1.867961499999999830e+01
-4.466993699999999734e+01 -4.683469000000000193e+01 -5.084622499999999690e+01
-1.456782800000000044e+01 -1.999493299999999962e+01 -1.858889599999999831e+01
-1.409058600000000006e+01 -1.451542099999999991e+01 -1.526504699999999914e+01
-1.045593460000000050e+02 -9.804406000000000176e+01 -8.384098400000000595e+01
-4.934592599999999862e+01 -4.780009799999999842e+01 -4.018794799999999867e+01
-3.014431000000000083e+01 -2.953813500000000047e+01 -2.764990900000000096e+01
-5.389433700000000016e+01 -4.662167500000000331e+01 -4.762310599999999994e+01
-2.964176399999999845e+01 -2.280949599999999933e+01 -3.233337900000000076e+01
-3.414706499999999778e+01 -3.198381900000000044e+01 -3.456804400000000044e+01
-1.807385700000000028e+01 -1.803129300000000157e+01 -1.758844799999999964e+01
-1.125436099999999939e+01 -1.558263900000000035e+01 -1.299831099999999928e+01
-7.386188999999999893e+00 -8.596393000000000839e+00 -9.036250000000000782e+00
-2.359511399999999881e+01 -2.538314300000000046e+01 -2.431159200000000098e+01
-1.075436000000000014e+01 -1.161115700000000039e+01 -1.269546000000000063e+01
-3.517725599999999986e+01 -3.535788500000000312e+01 -2.953216899999999967e+01
-1.901582799999999907e+01 -1.901502899999999840e+01 -1.798016000000000147e+01
-1.384367100000000050e+01 -1.451542099999999991e+01 -1.329615699999999912e+01
-1.720257099999999895e+01 -1.715862299999999863e+01 -1.758844799999999964e+01
-1.568344699999999925e+01 -1.680664099999999905e+01 -1.561763499999999993e+01
-2.072741999999999862e+01 -2.143363199999999935e+01 -2.242020600000000030e+01
-2.278932700000000011e+01 -2.797621600000000086e+01 -2.337674000000000163e+01
-3.434051399999999887e+01 -3.508917999999999893e+01 -3.067078300000000013e+01
-1.290738900000000022e+01 -1.046325700000000047e+01 -1.065778300000000023e+01
-5.319239600000000223e+01 -4.454526700000000261e+01 -4.971076399999999751e+01
-2.155378800000000084e+01 -2.129521599999999992e+01 -2.337775099999999995e+01
-9.658438999999999552e+00 -1.204340099999999936e+01 -1.066969899999999960e+01
-1.757900800000000174e+01 -1.837648799999999838e+01 -1.736688300000000140e+01
-1.583659300000000059e+01 -1.459679700000000047e+01 -1.561763499999999993e+01
-5.189922200000000174e+01 -6.206294400000000167e+01 -6.508599300000000198e+01
-1.889372300000000138e+01 -2.006815900000000141e+01 -1.877964599999999962e+01
-2.861341200000000029e+01 -2.688229099999999860e+01 -2.680136200000000102e+01
-7.956141700000000583e+01 -7.998633200000000443e+01 -6.766697000000000628e+01
-3.454186599999999885e+01 -3.834663299999999708e+01 -3.261226700000000278e+01
-1.815811800000000176e+01 -1.903230200000000139e+01 -1.817034999999999911e+01
-2.888178800000000024e+01 -3.330082800000000276e+01 -3.172382100000000094e+01
-2.748476499999999945e+01 -3.390164200000000250e+01 -2.797621600000000086e+01
-4.128200400000000059e+01 -4.172029200000000060e+01 -5.042966100000000296e+01
-4.593229300000000137e+01 -4.064649099999999748e+01 -4.937812399999999968e+01
-1.793696399999999969e+01 -1.962216600000000000e+01 -1.993703899999999862e+01
-3.331417199999999923e+01 -4.261991400000000141e+01 -4.058308300000000202e+01
-6.598160400000000436e+01 -5.664309599999999989e+01 -5.346916000000000224e+01
-3.391427900000000051e+01 -3.325935499999999934e+01 -3.836516499999999752e+01
-2.274746199999999874e+01 -2.277090899999999962e+01 -2.066149100000000161e+01
-1.075742999999999938e+01 -1.299831099999999928e+01 -1.490505399999999980e+01
-3.315050000000000097e+01 -3.102665400000000062e+01 -3.211013200000000012e+01
-1.490505399999999980e+01 -1.619629300000000072e+01 -1.277819900000000075e+01
-1.515339700000000001e+01 -1.394330000000000069e+01 -1.385813300000000048e+01
-9.618769999999999598e+00 -9.246634999999999494e+00 -7.316097000000000072e+00
-9.392703299999999444e+01 -8.541922900000000141e+01 -1.031480600000000010e+02
-1.626338399999999851e+01 -1.759469599999999900e+01 -1.669494999999999862e+01
-7.803354699999999866e+01 -6.953275800000000118e+01 -8.514337100000000191e+01
-2.885500800000000154e+01 -3.102665400000000062e+01 -2.917740300000000175e+01
-6.988320699999999874e+01 -7.998966799999999466e+01 -6.438207699999999534e+01
-2.091156700000000157e+01 -1.745603699999999847e+01 -1.789654499999999970e+01
-1.717425100000000171e+01 -2.062785900000000083e+01 -1.792435700000000054e+01
-9.550128200000000334e+01 -8.004970000000000141e+01 -8.034254699999999616e+01
-1.567014400000000052e+01 -1.679119999999999990e+01 -1.654649200000000064e+01
-1.563718399999999953e+01 -1.652741500000000130e+01 -1.590057599999999915e+01
-1.127729099999999995e+01 -9.630024000000000584e+00 -1.208693300000000015e+01
-1.034422099999999922e+01 -9.455771000000000370e+00 -1.154193500000000050e+01
-3.039553400000000138e+01 -3.087071600000000160e+01 -3.611208700000000249e+01
-1.784890800000000155e+01 -1.932887799999999956e+01 -1.874016100000000051e+01
-2.234384199999999865e+01 -2.177391300000000030e+01 -2.347531599999999941e+01
-6.430567700000000286e+01 -5.457446800000000309e+01 -5.494188400000000172e+01
-2.871987800000000135e+01 -2.341546800000000061e+01 -2.366992000000000118e+01
-8.930296999999999485e+00 -9.630024000000000584e+00 -1.127729099999999995e+01
-7.179784300000000030e+01 -5.877422599999999875e+01 -6.102091200000000271e+01
-1.132371000000000016e+01 -1.145795700000000039e+01 -1.340496599999999994e+01
-2.912578900000000104e+01 -3.325935499999999934e+01 -2.949345399999999984e+01
-5.730544799999999839e+01 -5.689068300000000278e+01 -5.117062599999999861e+01
-1.619629300000000072e+01 -2.035122600000000048e+01 -1.726853499999999997e+01
-2.538314300000000046e+01 -2.718710599999999999e+01 -2.596827299999999994e+01
-1.410405199999999937e+01 -1.527854199999999985e+01 -1.369606100000000026e+01
-1.820026700000000019e+01 -1.716590199999999911e+01 -1.736688300000000140e+01
-1.889372300000000138e+01 -1.877964599999999962e+01 -1.807385700000000028e+01
-9.530884999999999607e+00 -1.075742999999999938e+01 -1.277819900000000075e+01
-4.383897199999999827e+01 -4.305969000000000335e+01 -5.385955299999999824e+01
-2.061614700000000155e+01 -1.639777099999999876e+01 -1.503416600000000081e+01
-1.374253399999999914e+01 -1.340118599999999915e+01 -1.580294699999999963e+01
-2.078369899999999859e+01 -2.109261899999999912e+01 -1.947212299999999985e+01
-1.653249200000000130e+01 -1.483165900000000015e+01 -1.548935999999999957e+01
-9.037368000000000734e+00 -9.333410000000000650e+00 -8.019265000000000754e+00
-9.169058900000000278e+01 -9.609257499999999652e+01 -8.025491200000000447e+01
-2.390356200000000086e+01 -2.284280499999999847e+01 -2.598510399999999976e+01
-8.596393000000000839e+00 -8.538451999999999487e+00 -1.046325700000000047e+01
-1.527138199999999912e+01 -1.628190400000000082e+01 -1.563718399999999953e+01
-2.543650099999999981e+01 -2.353948600000000013e+01 -2.558445400000000092e+01
-3.224540300000000315e+01 -3.516248300000000171e+01 -3.692095499999999930e+01
-2.941929000000000016e+01 -2.327278799999999848e+01 -2.493953499999999934e+01
-1.182604800000000012e+01 -1.403549300000000066e+01 -1.184447199999999967e+01
-3.834563500000000147e+01 -4.383066800000000285e+01 -3.962823999999999813e+01
-2.680136200000000102e+01 -2.494458699999999851e+01 -2.695343499999999892e+01
-3.580931199999999848e+01 -3.160843900000000062e+01 -3.447478600000000171e+01
-2.158466400000000007e+01 -2.009773500000000013e+01 -2.305819299999999927e+01
-2.757817100000000110e+01 -2.607264199999999832e+01 -2.581069300000000055e+01
-9.273345000000000837e+00 -9.323733999999999966e+00 -1.118832399999999971e+01
-1.402093699999999998e+01 -1.187611500000000042e+01 -1.353892500000000076e+01
-2.704426300000000083e+01 -2.997473099999999846e+01 -2.869921400000000133e+01
-9.604547999999999419e+00 -6.042002000000000095e+00 -9.008971999999999980e+00
-1.671726500000000115e+01 -1.996149799999999885e+01 -1.602252400000000065e+01
-8.545548399999999845e+01 -7.603560199999999725e+01 -7.092446300000000292e+01
-1.917308299999999832e+01 -1.525422599999999917e+01 -2.000365499999999841e+01
-2.714662699999999873e+01 -2.601591700000000174e+01 -2.928177300000000116e+01
-3.547471800000000286e+01 -3.922097500000000281e+01 -3.762014800000000037e+01
-2.507867900000000105e+01 -2.403072900000000089e+01 -2.389938899999999933e+01
-1.154193500000000050e+01 -1.074066099999999935e+01 -1.289640600000000070e+01
-1.009849499999999978e+01 -8.033849000000000018e+00 -9.797394999999999854e+00
-2.424590200000000095e+01 -2.277090899999999962e+01 -2.274746199999999874e+01
-5.117062599999999861e+01 -5.689068300000000278e+01 -5.005819100000000077e+01
-2.764990900000000096e+01 -2.617644900000000163e+01 -2.792657499999999970e+01
-7.538412999999999897e+01 -6.403875999999999635e+01 -6.439454899999999782e+01
-3.122154099999999843e+01 -2.894666099999999886e+01 -2.917740300000000175e+01
-6.766697000000000628e+01 -6.765426700000000437e+01 -5.701711199999999735e+01
-6.727379100000000278e+01 -6.804445400000000177e+01 -5.965252900000000125e+01
-4.175342100000000300e+01 -3.982845700000000022e+01 -4.687988299999999953e+01
-1.344156599999999990e+01 -1.481475499999999990e+01 -1.370403199999999977e+01
-3.155134899999999831e+01 -2.953813500000000047e+01 -3.291911999999999949e+01
-2.129521599999999992e+01 -1.961575799999999958e+01 -2.150946700000000078e+01
-1.475518100000000032e+01 -1.614556800000000081e+01 -1.251644800000000046e+01
-1.161115700000000039e+01 -1.288652599999999993e+01 -1.366823199999999972e+01
-1.505096900000000026e+01 -1.471456099999999978e+01 -1.269546000000000063e+01
-6.761590400000000045e+01 -5.720448499999999825e+01 -5.598580400000000168e+01
-1.541183099999999939e+01 -1.538634700000000066e+01 -1.785198099999999855e+01
-9.110887999999999209e+00 -9.564814000000000149e+00 -1.075436000000000014e+01
-1.116017199999999931e+01 -1.325251800000000024e+01 -1.336223000000000027e+01
-2.417521599999999893e+01 -2.274746199999999874e+01 -2.249426300000000012e+01
-2.305819299999999927e+01 -2.009773500000000013e+01 -2.099190400000000167e+01
-2.072741999999999862e+01 -1.906005899999999897e+01 -1.975876600000000138e+01
-2.006988600000000034e+01 -2.092302700000000115e+01 -2.124110200000000148e+01
-1.843280599999999936e+01 -2.201915400000000034e+01 -1.878743499999999855e+01
-2.100871700000000075e+01 -2.073086699999999993e+01 -1.838109599999999944e+01
-3.005080999999999847e+01 -2.630090500000000020e+01 -2.326943999999999946e+01
-1.029122109999999992e+02 -9.909856000000000620e+01 -8.497412599999999827e+01
-6.820196799999999371e+01 -6.050593200000000138e+01 -7.029897699999999361e+01
-4.318699000000000154e+01 -4.088138299999999958e+01 -4.806997400000000198e+01
-3.555993699999999791e+01 -4.179682700000000040e+01 -3.754207099999999997e+01
-2.861341200000000029e+01 -2.844748399999999933e+01 -2.688229099999999860e+01
-3.468906199999999984e+01 -3.390164200000000250e+01 -4.165904299999999694e+01
-6.356487999999999694e+00 -6.293591000000000157e+00 -9.521162000000000347e+00
-2.308036799999999999e+01 -2.277757499999999879e+01 -2.413266700000000142e+01
-1.345185299999999984e+01 -9.618769999999999598e+00 -9.974503999999999593e+00
-7.179784300000000030e+01 -8.123279800000000250e+01 -6.680473999999999535e+01
-2.494458699999999851e+01 -2.496666700000000105e+01 -2.695343499999999892e+01
-5.729722799999999694e+01 -6.356275999999999726e+01 -7.157011500000000126e+01
-2.711274600000000135e+01 -3.330987400000000065e+01 -3.372261100000000056e+01
-1.671549900000000122e+01 -1.668568399999999841e+01 -1.720257099999999895e+01
-1.860404799999999881e+01 -2.101264600000000016e+01 -1.866905699999999868e+01
-4.776044100000000014e+01 -4.056445999999999685e+01 -4.174493499999999813e+01
-3.126555799999999863e+01 -3.186442999999999870e+01 -2.834840399999999860e+01
-9.609257499999999652e+01 -8.545548399999999845e+01 -8.025491200000000447e+01
-1.799937900000000113e+01 -1.793696399999999969e+01 -1.653249200000000130e+01
-6.314309099999999830e+01 -5.385152200000000278e+01 -5.389433700000000016e+01
-2.078369899999999859e+01 -1.976904000000000039e+01 -2.155378800000000084e+01
-4.225104699999999980e+01 -3.611208700000000249e+01 -3.524034000000000333e+01
-3.508917999999999893e+01 -3.126555799999999863e+01 -3.067078300000000013e+01
-3.457047000000000025e+01 -3.295967999999999876e+01 -3.601777599999999779e+01
-2.029252699999999976e+01 -1.781858799999999832e+01 -2.043404100000000057e+01
-4.196679100000000062e+01 -4.982792400000000299e+01 -4.208009500000000003e+01
-9.269693999999999434e+00 -9.079672000000000409e+00 -1.092877700000000019e+01
-6.803595999999999755e+00 -7.632996000000000336e+00 -9.379495999999999611e+00
-7.223030699999999626e+01 -8.323748799999999903e+01 -7.724224599999999441e+01
-8.025491200000000447e+01 -8.545548399999999845e+01 -7.092446300000000292e+01
-2.496666700000000105e+01 -2.314998399999999990e+01 -2.477949200000000118e+01
-1.904785700000000048e+01 -2.025120400000000132e+01 -1.903230200000000139e+01
-8.365985000000000227e+00 -1.061256099999999947e+01 -9.564814000000000149e+00
-6.497730099999999709e+01 -7.960060900000000572e+01 -6.005599699999999785e+01
-8.993810999999999467e+01 -7.021503199999999367e+01 -7.946572399999999448e+01
-1.109119100000000024e+01 -7.954011000000000386e+00 -8.623770000000000380e+00
-2.101264600000000016e+01 -2.100871700000000075e+01 -1.866905699999999868e+01
-1.047823799999999927e+01 -1.009849499999999978e+01 -1.304671899999999951e+01
-1.540340499999999935e+01 -1.552217699999999923e+01 -1.781858799999999832e+01
-3.320741199999999793e+01 -3.223358600000000251e+01 -3.486295700000000153e+01
-1.815811800000000176e+01 -1.755651999999999902e+01 -1.732795000000000130e+01
-1.459679700000000047e+01 -1.445921399999999934e+01 -1.561763499999999993e+01
-8.335184999999999178e+00 -5.916208000000000133e+00 -7.809616000000000113e+00
-1.820026700000000019e+01 -1.808502100000000112e+01 -1.716590199999999911e+01
-2.781605100000000164e+01 -2.885500800000000154e+01 -2.651113700000000151e+01
-4.881387099999999890e+01 -4.083333100000000115e+01 -4.349279599999999846e+01
-6.497730099999999709e+01 -5.441298900000000316e+01 -6.870804400000000101e+01
-4.663515400000000000e+01 -5.598580400000000168e+01 -4.803800999999999988e+01
-1.021538129999999995e+02 -8.443466800000000205e+01 -8.827259599999999296e+01
-5.790414000000000172e+00 -8.365985000000000227e+00 -7.789826999999999835e+00
-7.960060900000000572e+01 -7.281391800000000103e+01 -6.005599699999999785e+01
-1.475518100000000032e+01 -1.251644800000000046e+01 -1.077226100000000031e+01
-9.037368000000000734e+00 -1.163309500000000085e+01 -9.333410000000000650e+00
-3.122154099999999843e+01 -3.083080400000000054e+01 -2.894666099999999886e+01
-9.197640099999999563e+01 -1.002693199999999933e+02 -8.191858700000000226e+01
-9.170567000000000135e+00 -9.273345000000000837e+00 -1.113350299999999926e+01
-3.211013200000000012e+01 -2.998890499999999903e+01 -3.047456400000000087e+01
-1.990291300000000163e+01 -2.157356800000000163e+01 -2.010480499999999893e+01
-1.569920499999999919e+01 -1.437450800000000051e+01 -1.835724199999999939e+01
-3.777132100000000037e+01 -4.036941999999999808e+01 -4.715865900000000011e+01
-1.290619200000000077e+01 -1.436318200000000012e+01 -1.342696899999999971e+01
-9.693272000000000332e+00 -7.611495999999999817e+00 -9.425293999999999173e+00
-6.022490999999999595e+00 -6.608448000000000100e+00 -8.710119999999999862e+00
-2.010480499999999893e+01 -2.143363199999999935e+01 -1.975876600000000138e+01
-1.113350299999999926e+01 -1.320003099999999918e+01 -1.311182400000000037e+01
-2.090207600000000099e+01 -1.997632000000000119e+01 -2.109362199999999987e+01
-2.594481299999999990e+01 -2.599664500000000089e+01 -2.298768400000000156e+01
-1.759050500000000028e+01 -1.807385700000000028e+01 -1.758844799999999964e+01
-1.884906600000000054e+01 -1.797294799999999881e+01 -1.758926999999999907e+01
-1.526583300000000065e+01 -1.794799799999999834e+01 -1.608253500000000003e+01
-6.545180000000000220e+00 -6.482282999999999795e+00 -9.273345000000000837e+00
-1.013552199999999992e+01 -1.001885700000000057e+01 -8.918879000000000445e+00
-3.486295700000000153e+01 -3.737843399999999860e+01 -3.787729999999999819e+01
-5.606645499999999771e+01 -5.905468700000000126e+01 -5.084622499999999690e+01
-2.009773500000000013e+01 -1.932887799999999956e+01 -1.814930599999999927e+01
-1.344156599999999990e+01 -1.189579900000000023e+01 -1.308313200000000087e+01
-7.759384900000000584e+01 -6.804445400000000177e+01 -6.727379100000000278e+01
-9.113514200000000187e+01 -7.905955099999999902e+01 -7.852741299999999569e+01
-3.807412699999999717e+01 -4.056445999999999685e+01 -4.242707899999999910e+01
-7.912484000000000073e+00 -7.386188999999999893e+00 -9.036250000000000782e+00
-1.860404799999999881e+01 -1.866905699999999868e+01 -1.627337500000000148e+01
-2.748476499999999945e+01 -2.278932700000000011e+01 -2.245102899999999835e+01
-1.385881200000000035e+01 -1.396005300000000027e+01 -1.627337500000000148e+01
-3.834663299999999708e+01 -3.614117099999999994e+01 -3.261226700000000278e+01
-2.157356800000000163e+01 -2.288266199999999984e+01 -2.297218300000000113e+01
-7.179784300000000030e+01 -8.933736199999999883e+01 -8.123279800000000250e+01
-6.608448000000000100e+00 -4.643470999999999904e+00 -5.065445000000000420e+00
-1.332627500000000076e+01 -1.220552999999999955e+01 -1.208444800000000008e+01
-1.932887799999999956e+01 -2.042871699999999890e+01 -1.874016100000000051e+01
-1.332627500000000076e+01 -1.460135999999999967e+01 -1.445921399999999934e+01
-3.291383100000000184e+01 -3.654660400000000209e+01 -3.848971300000000184e+01
-2.807842700000000136e+01 -2.594200400000000073e+01 -2.637814200000000042e+01
-6.032037199999999899e+01 -5.339376500000000192e+01 -5.329733499999999680e+01
-1.568303599999999953e+01 -1.912190000000000012e+01 -1.575380600000000086e+01
-3.293565000000000254e+01 -2.941929000000000016e+01 -3.692802499999999810e+01
-1.061256099999999947e+01 -9.198565999999999576e+00 -1.165164200000000072e+01
-3.962823999999999813e+01 -4.383066800000000285e+01 -4.589809600000000245e+01
-1.588179700000000061e+01 -1.456763399999999997e+01 -1.336223000000000027e+01
-1.669494999999999862e+01 -1.653249200000000130e+01 -1.548935999999999957e+01
-1.297039900000000046e+01 -1.553148200000000045e+01 -1.398783700000000074e+01
-4.195640099999999961e+01 -3.922097500000000281e+01 -4.401942499999999825e+01
-1.797505599999999859e+01 -1.815436000000000050e+01 -1.686465199999999953e+01
-1.755651999999999902e+01 -1.682221200000000039e+01 -1.732795000000000130e+01
-1.759469599999999900e+01 -1.799937900000000113e+01 -1.669494999999999862e+01
-2.509289300000000011e+01 -2.494458699999999851e+01 -2.680136200000000102e+01
-1.803129300000000157e+01 -1.811525599999999869e+01 -1.767971400000000060e+01
-3.087071600000000160e+01 -2.807842700000000136e+01 -3.172382100000000094e+01
-3.293565000000000254e+01 -2.688614899999999963e+01 -2.941929000000000016e+01
-6.426924999999999955e+01 -5.385152200000000278e+01 -6.314309099999999830e+01
-2.197980199999999940e+01 -2.308036799999999999e+01 -2.378908900000000060e+01
-3.594412700000000171e+01 -3.983028000000000191e+01 -4.550874199999999803e+01
-9.797394999999999854e+00 -7.893064999999999998e+00 -9.826674999999999827e+00
-1.065432400000000079e+01 -9.123058999999999585e+00 -1.066969899999999960e+01
-4.757359499999999741e+01 -5.731132900000000063e+01 -5.100927000000000078e+01
-1.296462299999999956e+01 -1.214412300000000045e+01 -9.246634999999999494e+00
-2.620420100000000119e+01 -2.670883900000000111e+01 -2.331110500000000130e+01
-2.055414199999999880e+01 -1.922028200000000098e+01 -1.963307299999999955e+01
-5.475927999999999685e+00 -5.413030000000000008e+00 -9.269693999999999434e+00
-1.145795700000000039e+01 -1.164046199999999942e+01 -1.361028899999999986e+01
-1.276447499999999913e+01 -1.531389099999999992e+01 -1.489533400000000007e+01
-9.974503999999999593e+00 -9.618769999999999598e+00 -7.347045999999999744e+00
-2.202836599999999834e+01 -2.249426300000000012e+01 -2.019660899999999870e+01
-2.688614899999999963e+01 -2.200714400000000026e+01 -2.327278799999999848e+01
-7.673558300000000543e+01 -8.025491200000000447e+01 -6.687295899999999449e+01
-4.447227300000000128e+01 -3.777132100000000037e+01 -4.715865900000000011e+01
-7.199837399999999832e+01 -8.847541200000000572e+01 -7.015527500000000316e+01
-3.820031699999999830e+01 -3.309123900000000162e+01 -3.594764500000000140e+01
-4.374648999999999788e+00 -3.537336999999999954e+00 -4.643470999999999904e+00
-3.331417199999999923e+01 -4.058308300000000202e+01 -3.288961100000000215e+01
-1.294800299999999993e+01 -1.428745100000000079e+01 -1.477904700000000027e+01
-3.486295700000000153e+01 -3.223358600000000251e+01 -3.421763700000000341e+01
-6.102328599999999881e+01 -5.236963200000000285e+01 -6.357396399999999659e+01
-3.039553400000000138e+01 -3.611208700000000249e+01 -3.369609799999999922e+01
-2.277757499999999879e+01 -2.411179699999999926e+01 -2.413266700000000142e+01
-6.497730099999999709e+01 -6.005599699999999785e+01 -5.026984300000000161e+01
-7.347045999999999744e+00 -9.618769999999999598e+00 -7.316097000000000072e+00
-9.036250000000000782e+00 -8.596393000000000839e+00 -1.071246999999999971e+01
-5.689068300000000278e+01 -5.810002099999999814e+01 -5.005819100000000077e+01
-3.004388600000000054e+01 -3.369609799999999922e+01 -3.430473400000000339e+01
-2.012872600000000034e+01 -2.152333600000000047e+01 -2.109362199999999987e+01
-9.230070000000000618e+01 -7.666138899999999978e+01 -7.806562499999999716e+01
-3.754207099999999997e+01 -4.179682700000000040e+01 -4.427208100000000002e+01
-1.071330200000000055e+01 -1.047823799999999927e+01 -1.330676300000000012e+01
-7.769408199999999454e+01 -9.474811900000000264e+01 -7.997492300000000398e+01
-2.327278799999999848e+01 -2.200714400000000026e+01 -1.873351600000000161e+01
-2.481703299999999857e+01 -2.688614899999999963e+01 -2.971079399999999993e+01
-5.965252900000000125e+01 -5.257939799999999764e+01 -5.191103799999999779e+01
-1.403549300000000066e+01 -1.634443100000000015e+01 -1.394358899999999934e+01
-2.124110200000000148e+01 -2.092302700000000115e+01 -2.208319300000000140e+01
-1.792435700000000054e+01 -2.141487599999999958e+01 -1.843280599999999936e+01
-2.765792700000000082e+01 -2.594200400000000073e+01 -2.807842700000000136e+01
-2.791177599999999970e+01 -2.607264199999999832e+01 -2.757817100000000110e+01
-3.682384600000000319e+01 -4.582009599999999949e+01 -3.842510999999999655e+01
-1.077226100000000031e+01 -7.632996000000000336e+00 -8.710119999999999862e+00
-1.525422599999999917e+01 -1.297039900000000046e+01 -1.215918800000000033e+01
-8.901320000000000121e+00 -1.299831099999999928e+01 -1.075742999999999938e+01
-1.634443100000000015e+01 -1.920831300000000041e+01 -1.616809999999999903e+01
-1.605970100000000045e+01 -1.668568399999999841e+01 -1.671549900000000122e+01
-3.234137900000000343e+01 -3.367647300000000143e+01 -2.666908600000000007e+01
-1.999493299999999962e+01 -1.456782800000000044e+01 -1.510482499999999995e+01
-1.077226100000000031e+01 -1.251644800000000046e+01 -9.379495999999999611e+00
-1.258304099999999970e+01 -1.404308100000000081e+01 -1.428745100000000079e+01
-4.083333100000000115e+01 -3.680454100000000039e+01 -4.349279599999999846e+01
-2.619720900000000086e+01 -2.617644900000000163e+01 -2.764990900000000096e+01
-2.941929000000000016e+01 -3.248822200000000038e+01 -3.692802499999999810e+01
-2.431159200000000098e+01 -2.538314300000000046e+01 -2.596827299999999994e+01
-7.852741299999999569e+01 -6.783307200000000137e+01 -6.794747200000000475e+01
-1.483165900000000015e+01 -1.385634399999999999e+01 -1.548935999999999957e+01
-4.412430899999999667e+01 -4.221303300000000291e+01 -5.218409100000000223e+01
-2.949345399999999984e+01 -2.972718899999999920e+01 -2.599664500000000089e+01
-1.374253399999999914e+01 -1.580294699999999963e+01 -1.610194999999999865e+01
-2.144799599999999984e+01 -1.963307299999999955e+01 -2.042871699999999890e+01
-9.079672000000000409e+00 -5.350132999999999583e+00 -9.033134000000000441e+00
-3.337422999999999806e+00 -3.668890000000000207e+00 -3.537336999999999954e+00
-6.210340099999999808e+01 -5.729722799999999694e+01 -7.157011500000000126e+01
-1.863383200000000173e+01 -2.010480499999999893e+01 -1.975876600000000138e+01
-2.003513099999999980e+01 -2.149829099999999826e+01 -1.737848999999999933e+01
-1.235698200000000035e+01 -1.067272799999999933e+01 -1.228629399999999983e+01
-1.568303599999999953e+01 -1.941185000000000116e+01 -1.912190000000000012e+01
-3.771945199999999687e+01 -3.595980999999999739e+01 -4.383897199999999827e+01
-7.912484000000000073e+00 -6.985459999999999781e+00 -7.386188999999999893e+00
-9.425293999999999173e+00 -9.160448000000000590e+00 -1.134960899999999917e+01
-6.843717800000000295e+01 -6.497367699999999502e+01 -5.702747399999999800e+01
-1.134960899999999917e+01 -1.097232699999999994e+01 -1.340118599999999915e+01
-6.607486299999999346e+01 -7.966066100000000461e+01 -7.946572399999999448e+01
-1.056660090000000025e+02 -1.029122109999999992e+02 -8.672854399999999941e+01
-2.538314300000000046e+01 -2.687333999999999889e+01 -2.718710599999999999e+01
-1.768833899999999915e+01 -1.471456099999999978e+01 -1.755870799999999932e+01
-8.928098900000000526e+01 -8.911441800000000057e+01 -7.496835500000000252e+01
-5.218409100000000223e+01 -4.221303300000000291e+01 -4.803800999999999988e+01
-3.168556600000000145e+01 -2.997473099999999846e+01 -2.817746199999999845e+01
-3.099860200000000177e+01 -3.199520300000000006e+01 -2.889784399999999920e+01
-6.049521000000000015e+01 -6.963590899999999806e+01 -7.484588499999999556e+01
-2.597963499999999826e+01 -2.619720900000000086e+01 -2.744503200000000120e+01
-2.514858500000000063e+01 -2.510884000000000071e+01 -2.419222399999999951e+01
-1.616809999999999903e+01 -1.920831300000000041e+01 -1.965449900000000127e+01
-2.061614700000000155e+01 -1.744454199999999844e+01 -2.145679700000000167e+01
-3.219569899999999762e+01 -3.067872300000000152e+01 -3.842510999999999655e+01
-7.259416799999999625e+01 -6.988320699999999874e+01 -5.993747499999999917e+01
-1.220552999999999955e+01 -1.122096999999999944e+01 -1.080401299999999942e+01
-5.904053100000000143e+01 -4.936794100000000185e+01 -4.704571399999999670e+01
-1.815811800000000176e+01 -1.817034999999999911e+01 -1.755651999999999902e+01
-1.464599899999999977e+01 -1.410405199999999937e+01 -1.276397099999999973e+01
-1.519997399999999921e+01 -1.532249400000000072e+01 -1.404308100000000081e+01
-6.390910199999999719e+01 -6.439454899999999782e+01 -5.443665099999999768e+01
-7.538412999999999897e+01 -7.496835500000000252e+01 -6.403875999999999635e+01
-2.270716399999999879e+01 -2.197980199999999940e+01 -2.378908900000000060e+01
-6.050593200000000138e+01 -5.922909899999999794e+01 -5.163799600000000112e+01
-1.069129399999999919e+01 -1.013223999999999947e+01 -1.363862999999999914e+01
-2.052784199999999970e+01 -1.860404799999999881e+01 -1.794799799999999834e+01
-9.801070400000000404e+01 -9.505741500000000599e+01 -7.998966799999999466e+01
-2.859147799999999862e+01 -2.935945800000000006e+01 -2.460332100000000111e+01
-7.806562499999999716e+01 -7.666138899999999978e+01 -6.520108199999999954e+01
-2.099190400000000167e+01 -2.009773500000000013e+01 -1.839633600000000158e+01
-2.757817100000000110e+01 -2.765792700000000082e+01 -3.039553400000000138e+01
-2.617644900000000163e+01 -2.639153299999999902e+01 -2.792657499999999970e+01
-2.012872600000000034e+01 -1.907323699999999889e+01 -1.922028200000000098e+01
-2.557804900000000004e+01 -2.557624600000000115e+01 -2.757955899999999971e+01
-8.004970000000000141e+01 -7.929366699999999923e+01 -6.686209800000000314e+01
-1.626976200000000006e+01 -2.050705400000000012e+01 -1.687838599999999900e+01
-2.543467100000000158e+01 -2.720919900000000169e+01 -2.839688699999999955e+01
-6.438207699999999534e+01 -5.110216799999999893e+01 -5.850500300000000209e+01
-1.041695299999999946e+01 -1.197655800000000070e+01 -1.285231699999999933e+01
-2.411179699999999926e+01 -2.424590200000000095e+01 -2.557624600000000115e+01
-1.761051099999999892e+01 -1.705909400000000176e+01 -1.755651999999999902e+01
-3.043336299999999994e+01 -2.857170500000000146e+01 -2.846935099999999963e+01
-1.290738900000000022e+01 -1.602252400000000065e+01 -1.568303599999999953e+01
-7.092221399999999676e+01 -7.129256700000000535e+01 -8.497412599999999827e+01
-1.605361399999999961e+01 -1.838109599999999944e+01 -1.574822799999999923e+01
-9.333410000000000650e+00 -1.167101399999999956e+01 -1.013552199999999992e+01
-8.315417999999999310e+00 -8.174633999999999290e+00 -1.047823799999999927e+01
-1.614556800000000081e+01 -1.510482499999999995e+01 -1.200639900000000004e+01
-4.319826299999999719e+01 -3.834663299999999708e+01 -4.594473899999999844e+01
-1.385634399999999999e+01 -1.402093699999999998e+01 -1.548935999999999957e+01
-2.277757499999999879e+01 -2.277090899999999962e+01 -2.411179699999999926e+01
-5.148995000000000033e+01 -5.117062599999999861e+01 -4.563054799999999744e+01
-4.271716299999999933e+01 -3.642387099999999833e+01 -4.447227300000000128e+01
-6.796769000000000283e+00 -6.733871999999999858e+00 -7.696686999999999834e+00
-9.407648000000000010e+00 -1.132371000000000016e+01 -1.123630600000000079e+01
-7.459154999999999980e+00 -6.608448000000000100e+00 -5.065445000000000420e+00
-5.042966100000000296e+01 -6.157391499999999951e+01 -5.993747499999999917e+01
-6.050593200000000138e+01 -5.163799600000000112e+01 -5.257939799999999764e+01
-2.637814200000000042e+01 -2.594200400000000073e+01 -2.468992899999999935e+01
-2.073086699999999993e+01 -2.326790400000000147e+01 -2.313453799999999916e+01
-1.037902000000000058e+01 -1.276447499999999913e+01 -1.208693300000000015e+01
-1.347130699999999948e+01 -1.489709000000000039e+01 -1.460135999999999967e+01
-6.210340099999999808e+01 -6.598160400000000436e+01 -5.346916000000000224e+01
-1.052018999999999949e+01 -1.214714500000000008e+01 -1.064235299999999995e+01
-3.132494000000000156e+01 -2.358152899999999974e+01 -2.803386799999999823e+01
-1.330676300000000012e+01 -1.047823799999999927e+01 -1.304671899999999951e+01
-1.134960899999999917e+01 -1.340118599999999915e+01 -1.374253399999999914e+01
-3.680454100000000039e+01 -3.168556600000000145e+01 -3.385392600000000130e+01
-2.155378800000000084e+01 -2.337775099999999995e+01 -2.359511399999999881e+01
-2.390356200000000086e+01 -2.480721600000000038e+01 -2.241176899999999961e+01
-1.694150399999999834e+01 -1.679119999999999990e+01 -1.594736299999999929e+01
-2.157356800000000163e+01 -2.297218300000000113e+01 -2.143363199999999935e+01
-3.295967999999999876e+01 -3.580931199999999848e+01 -3.601777599999999779e+01
-4.808950600000000009e+01 -4.776044100000000014e+01 -4.174493499999999813e+01
-6.240176499999999749e+01 -5.731132900000000063e+01 -6.974126800000000515e+01
-2.302325700000000097e+01 -2.038888499999999837e+01 -2.029252699999999976e+01
-4.249272799999999961e+01 -3.596310799999999830e+01 -3.823557699999999926e+01
-7.329926999999999637e+00 -7.189142000000000365e+00 -8.848147000000000872e+00
-1.182604800000000012e+01 -1.163711100000000087e+01 -1.395089199999999963e+01
-2.756810799999999873e+01 -2.859147799999999862e+01 -2.428610799999999870e+01
-8.623770000000000380e+00 -7.954011000000000386e+00 -6.235481000000000051e+00
-1.541183099999999939e+01 -1.796927600000000069e+01 -1.531389099999999992e+01
-3.807412699999999717e+01 -3.457047000000000025e+01 -3.601777599999999779e+01
-2.378102399999999861e+01 -2.525188999999999950e+01 -2.417521599999999893e+01
-5.450798900000000202e+01 -5.296482799999999713e+01 -4.910837300000000027e+01
-1.190503400000000056e+01 -1.273687199999999997e+01 -1.113900800000000046e+01
-2.972718899999999920e+01 -3.440724000000000160e+01 -3.013561800000000090e+01
-1.134847000000000072e+01 -1.071330200000000055e+01 -1.375435200000000080e+01
-2.998890499999999903e+01 -2.885500800000000154e+01 -2.781605100000000164e+01
-1.661494700000000080e+01 -1.214412300000000045e+01 -1.771584899999999863e+01
-9.409952000000000538e+00 -8.643243999999999261e+00 -1.029929399999999973e+01
-2.952811499999999967e+01 -2.444515799999999928e+01 -2.369742300000000057e+01
-1.369606100000000026e+01 -1.527854199999999985e+01 -1.489709000000000039e+01
-6.897492099999999482e+01 -6.279742499999999694e+01 -6.032037199999999899e+01
-6.419386000000000259e+00 -6.356487999999999694e+00 -9.407648000000000010e+00
-2.038888499999999837e+01 -1.785198099999999855e+01 -1.775782999999999845e+01
-3.074026399999999981e+01 -2.720919900000000169e+01 -2.887323200000000156e+01
-1.173111800000000038e+01 -1.122129499999999958e+01 -1.361338699999999946e+01
-2.518402899999999889e+01 -3.331417199999999923e+01 -3.288961100000000215e+01
-1.863383200000000173e+01 -1.736744099999999946e+01 -1.775952699999999851e+01
-3.099455800000000139e+01 -2.887323200000000156e+01 -2.714662699999999873e+01
-2.366992000000000118e+01 -2.341546800000000061e+01 -1.912190000000000012e+01
-1.214412300000000045e+01 -1.163309500000000085e+01 -9.037368000000000734e+00
-6.820196799999999371e+01 -7.813708400000000154e+01 -6.794747200000000475e+01
-2.543650099999999981e+01 -2.558445400000000092e+01 -2.707969800000000049e+01
-2.829188200000000109e+01 -3.506565100000000257e+01 -2.803386799999999823e+01
-3.223358600000000251e+01 -3.043336299999999994e+01 -3.003860099999999989e+01
-2.781605100000000164e+01 -2.651113700000000151e+01 -2.555498300000000000e+01
-5.938732499999999703e+01 -6.206294400000000167e+01 -5.057666700000000048e+01
-2.514858500000000063e+01 -2.507867900000000105e+01 -2.617644900000000163e+01
-6.147491099999999875e+01 -6.011566799999999944e+01 -5.511377300000000190e+01
-1.626976200000000006e+01 -1.330676300000000012e+01 -1.304671899999999951e+01
-5.904053100000000143e+01 -6.315240299999999962e+01 -7.417171000000000447e+01
-1.098617400000000011e+01 -1.025614200000000054e+01 -1.197045600000000043e+01
-1.527854199999999985e+01 -1.567014400000000052e+01 -1.654649200000000064e+01
-1.580888200000000055e+01 -1.366823199999999972e+01 -1.483165900000000015e+01
-2.266467700000000107e+01 -2.208319300000000140e+01 -2.351618799999999965e+01
-1.409058600000000006e+01 -1.477832199999999929e+01 -1.349827100000000080e+01
-3.034396699999999925e+01 -2.728921899999999923e+01 -2.904992800000000130e+01
-2.630090500000000020e+01 -1.852376299999999887e+01 -2.326943999999999946e+01
-4.466993699999999734e+01 -3.866115500000000083e+01 -4.122737800000000163e+01
-7.546377999999999808e+00 -9.974503999999999593e+00 -7.347045999999999744e+00
-2.619720900000000086e+01 -2.514858500000000063e+01 -2.617644900000000163e+01
-1.505096900000000026e+01 -1.269546000000000063e+01 -1.366823199999999972e+01
-2.029252699999999976e+01 -1.775782999999999845e+01 -1.781858799999999832e+01
-7.905955099999999902e+01 -7.956141700000000583e+01 -6.770780799999999999e+01
-6.686209800000000314e+01 -5.654936800000000119e+01 -5.652485200000000276e+01
-5.443665099999999768e+01 -5.580997399999999686e+01 -4.762310599999999994e+01
-5.644718300000000255e+01 -5.652485200000000276e+01 -4.765394700000000228e+01
-3.315050000000000097e+01 -3.211013200000000012e+01 -3.457047000000000025e+01
-7.752279999999999838e+00 -9.693272000000000332e+00 -9.826674999999999827e+00
-3.594764500000000140e+01 -3.099455800000000139e+01 -3.392050400000000110e+01
-2.144799599999999984e+01 -2.284280499999999847e+01 -2.390356200000000086e+01
-3.234137900000000343e+01 -3.771945199999999687e+01 -3.940831599999999924e+01
-3.820254400000000317e+01 -3.924665000000000248e+01 -4.471982200000000063e+01
-1.092877700000000019e+01 -9.079672000000000409e+00 -1.073331400000000002e+01
-2.158466400000000007e+01 -2.042871699999999890e+01 -1.932887799999999956e+01
-1.097232699999999994e+01 -8.848147000000000872e+00 -1.041695299999999946e+01
-1.594736299999999929e+01 -1.464599899999999977e+01 -1.492043100000000067e+01
-3.654660400000000209e+01 -3.186442999999999870e+01 -3.559096699999999913e+01
-2.496666700000000105e+01 -2.698045700000000124e+01 -2.695343499999999892e+01
-2.129521599999999992e+01 -1.976904000000000039e+01 -1.961575799999999958e+01
-7.470710999999999657e+00 -9.160448000000000590e+00 -9.425293999999999173e+00
-3.484370200000000040e+01 -4.216110199999999963e+01 -4.285884899999999931e+01
-9.469256500000000187e+01 -9.528019700000000114e+01 -8.027659300000000542e+01
-1.941185000000000116e+01 -2.366992000000000118e+01 -1.912190000000000012e+01
-5.668937199999999876e+01 -6.843717800000000295e+01 -5.702747399999999800e+01
-1.456763399999999997e+01 -1.717425100000000171e+01 -1.532546199999999992e+01
-4.662167500000000331e+01 -4.137827899999999914e+01 -4.762310599999999994e+01
-7.484588499999999556e+01 -9.392703299999999444e+01 -7.952547699999999509e+01
-1.154193500000000050e+01 -1.401594000000000051e+01 -1.270471000000000039e+01
-2.149829099999999826e+01 -1.887966499999999925e+01 -1.737848999999999933e+01
-3.185162300000000002e+01 -3.198381900000000044e+01 -3.414706499999999778e+01
-2.109261899999999912e+01 -2.157356800000000163e+01 -1.990291300000000163e+01
-2.197980199999999940e+01 -2.129182399999999831e+01 -2.308036799999999999e+01
-6.049521000000000015e+01 -5.664309599999999989e+01 -6.963590899999999806e+01
-6.279742499999999694e+01 -7.223030699999999626e+01 -6.727379100000000278e+01
-8.902874699999999564e+01 -1.056660090000000025e+02 -8.672854399999999941e+01
-1.804631099999999932e+01 -1.768833899999999915e+01 -2.066149100000000161e+01
-1.680664099999999905e+01 -1.797505599999999859e+01 -1.686465199999999953e+01
-7.561166199999999549e+01 -7.548551600000000406e+01 -6.390910199999999719e+01
-1.594736299999999929e+01 -1.567014400000000052e+01 -1.464599899999999977e+01
-1.384367100000000050e+01 -1.459679700000000047e+01 -1.504205499999999951e+01
-2.912578900000000104e+01 -2.949345399999999984e+01 -2.594481299999999990e+01
-4.881387099999999890e+01 -4.349279599999999846e+01 -5.153790599999999955e+01
-1.111003200000000035e+01 -1.001885700000000057e+01 -1.122102899999999970e+01
-1.384367100000000050e+01 -1.504205499999999951e+01 -1.451542099999999991e+01
-2.543079099999999926e+01 -2.509289300000000011e+01 -2.688229099999999860e+01
-2.901882799999999918e+01 -3.468906199999999984e+01 -3.595980999999999739e+01
-1.113350299999999926e+01 -1.118832399999999971e+01 -1.320003099999999918e+01
-7.998633200000000443e+01 -6.765426700000000437e+01 -6.766697000000000628e+01
-7.872813899999999876e+01 -7.813708400000000154e+01 -6.820196799999999371e+01
-1.963307299999999955e+01 -1.837648799999999838e+01 -1.874016100000000051e+01
-3.265442399999999878e+01 -3.083080400000000054e+01 -3.325694500000000176e+01
-2.428610799999999870e+01 -2.859147799999999862e+01 -2.460332100000000111e+01
-6.670974000000000181e+00 -8.858805000000000263e+00 -8.310510000000000730e+00
-1.374253399999999914e+01 -1.610194999999999865e+01 -1.395089199999999963e+01
-1.190503400000000056e+01 -1.113900800000000046e+01 -1.029929399999999973e+01
-1.792435700000000054e+01 -2.062785900000000083e+01 -2.141487599999999958e+01
-8.545548399999999845e+01 -1.026944119999999998e+02 -9.197640099999999563e+01
-5.654936800000000119e+01 -5.586401699999999693e+01 -4.870097200000000015e+01
-1.398783700000000074e+01 -1.553148200000000045e+01 -1.607714800000000110e+01
-2.894666099999999886e+01 -2.861341200000000029e+01 -2.680136200000000102e+01
-1.717425100000000171e+01 -1.792435700000000054e+01 -1.532546199999999992e+01
-7.658176500000000431e+01 -6.102328599999999881e+01 -6.357396399999999659e+01
-3.034396699999999925e+01 -3.291383100000000184e+01 -3.487999400000000350e+01
-1.901502899999999840e+01 -1.915573699999999846e+01 -1.797505599999999859e+01
-4.563054799999999744e+01 -4.053393499999999960e+01 -4.026420600000000150e+01
-9.186572999999999212e+00 -8.737066000000000443e+00 -1.134847000000000072e+01
-2.451531500000000108e+01 -3.070355699999999999e+01 -2.595077600000000118e+01
-3.309123900000000162e+01 -3.074026399999999981e+01 -2.887323200000000156e+01
-2.316441100000000120e+01 -2.378102399999999861e+01 -2.202836599999999834e+01
-1.026857799999999976e+01 -9.867568999999999591e+00 -1.152029800000000037e+01
-3.495840599999999654e+01 -3.535788500000000312e+01 -4.208009500000000003e+01
-1.877964599999999962e+01 -1.803129300000000157e+01 -1.807385700000000028e+01
-6.783307200000000137e+01 -5.767656199999999700e+01 -5.838366899999999760e+01
-7.505690199999999379e+01 -7.673558300000000543e+01 -6.426924999999999955e+01
-2.284280499999999847e+01 -2.042871699999999890e+01 -2.158466400000000007e+01
-6.438207699999999534e+01 -5.385955299999999824e+01 -5.110216799999999893e+01
-1.590057599999999915e+01 -1.664823600000000070e+01 -1.603066199999999952e+01
-6.661701499999999498e+01 -5.148411999999999722e+01 -5.567630400000000179e+01
-2.073086699999999993e+01 -2.313453799999999916e+01 -2.043404100000000057e+01
-2.557624600000000115e+01 -2.556931600000000060e+01 -2.724185400000000001e+01
-1.563718399999999953e+01 -1.590057599999999915e+01 -1.481475499999999990e+01
-8.440946999999999534e+00 -7.912484000000000073e+00 -9.725787000000000404e+00
-7.546377999999999808e+00 -7.347045999999999744e+00 -5.684237999999999680e+00
-1.821089100000000016e+01 -1.863383200000000173e+01 -1.975876600000000138e+01
-9.505741500000000599e+01 -9.272919899999999416e+01 -7.837892499999999529e+01
-2.952811499999999967e+01 -3.067872300000000152e+01 -2.444515799999999928e+01
-1.635702699999999865e+01 -1.569896100000000061e+01 -1.687327099999999902e+01
-5.794748100000000335e+01 -5.511377300000000190e+01 -5.253120899999999693e+01
-6.403875999999999635e+01 -7.496835500000000252e+01 -6.314309099999999830e+01
-2.551680899999999852e+01 -3.219569899999999762e+01 -2.647494100000000117e+01
-4.134774800000000283e+01 -4.683469000000000193e+01 -4.122737800000000163e+01
-8.384098400000000595e+01 -7.962577400000000694e+01 -6.843717800000000295e+01
-2.390808699999999831e+01 -2.316441100000000120e+01 -2.242020600000000030e+01
-2.012872600000000034e+01 -2.055414199999999880e+01 -2.152333600000000047e+01
-2.109261899999999912e+01 -2.288266199999999984e+01 -2.157356800000000163e+01
-5.979104999999999670e+00 -5.916208000000000133e+00 -8.335184999999999178e+00
-1.353892500000000076e+01 -1.294800299999999993e+01 -1.477904700000000027e+01
-2.468984400000000079e+01 -2.270716399999999879e+01 -2.378908900000000060e+01
-4.018794799999999867e+01 -4.001932099999999792e+01 -3.430473400000000339e+01
-3.390164200000000250e+01 -3.372261100000000056e+01 -4.128200400000000059e+01
-1.067908300000000033e+01 -1.067272799999999933e+01 -1.235698200000000035e+01
-1.208693300000000015e+01 -1.276447499999999913e+01 -1.489533400000000007e+01
-1.686465199999999953e+01 -1.815436000000000050e+01 -1.715843500000000077e+01
-2.998890499999999903e+01 -3.102665400000000062e+01 -2.885500800000000154e+01
-4.134774800000000283e+01 -3.693387599999999793e+01 -3.787729999999999819e+01
-5.457446800000000309e+01 -6.390910199999999719e+01 -5.443665099999999768e+01
-5.319239600000000223e+01 -4.971076399999999751e+01 -6.049521000000000015e+01
-3.611208700000000249e+01 -4.018794799999999867e+01 -3.369609799999999922e+01
-1.289640600000000070e+01 -1.074066099999999935e+01 -1.239793399999999934e+01
-1.920831300000000041e+01 -2.278932700000000011e+01 -2.337674000000000163e+01
-2.757817100000000110e+01 -2.581069300000000055e+01 -2.765792700000000082e+01
-1.089932569999999998e+02 -8.911979499999999632e+01 -9.906825200000000109e+01
-1.167101399999999956e+01 -1.215918800000000033e+01 -1.013552199999999992e+01
-3.251032899999999870e+01 -3.672198699999999860e+01 -3.892088799999999793e+01
-2.080567299999999875e+01 -1.982931200000000160e+01 -1.945139100000000099e+01
-3.457047000000000025e+01 -3.211013200000000012e+01 -3.295967999999999876e+01
-1.558263900000000035e+01 -1.737848999999999933e+01 -1.299831099999999928e+01
-1.527138199999999912e+01 -1.587719700000000067e+01 -1.628190400000000082e+01
-4.587229999999999919e+00 -5.848221999999999809e+00 -3.967932999999999932e+00
-3.085842600000000147e+01 -3.555993699999999791e+01 -3.222193399999999741e+01
-1.821089100000000016e+01 -1.736744099999999946e+01 -1.863383200000000173e+01
-1.771584899999999863e+01 -1.879193100000000172e+01 -2.518402899999999889e+01
-8.384098400000000595e+01 -9.804406000000000176e+01 -7.962577400000000694e+01
-3.413231900000000252e+01 -3.892088799999999793e+01 -4.088900100000000037e+01
-1.609812200000000004e+01 -1.671549900000000122e+01 -1.687164100000000033e+01
-2.025120400000000132e+01 -2.017910799999999938e+01 -1.903230200000000139e+01
-3.548794099999999929e+01 -2.630090500000000020e+01 -3.005080999999999847e+01
-2.694900700000000171e+01 -2.841233799999999832e+01 -2.639236599999999910e+01
-1.814930599999999927e+01 -1.690844099999999983e+01 -1.839633600000000158e+01
-9.753368799999999794e+01 -8.860658999999999708e+01 -7.281391800000000103e+01
-1.661494700000000080e+01 -1.163309500000000085e+01 -1.214412300000000045e+01
-1.581596399999999925e+01 -1.167101399999999956e+01 -1.163309500000000085e+01
-3.211013200000000012e+01 -3.102665400000000062e+01 -2.998890499999999903e+01
-1.907323699999999889e+01 -1.901582799999999907e+01 -1.808502100000000112e+01
-2.444515799999999928e+01 -2.062785900000000083e+01 -1.963674699999999973e+01
-6.011566799999999944e+01 -5.908499400000000179e+01 -5.450798900000000202e+01
-2.997473099999999846e+01 -3.454186599999999885e+01 -3.261226700000000278e+01
-5.158600400000000263e+01 -4.745169700000000290e+01 -5.702747399999999800e+01
-5.729722799999999694e+01 -6.210340099999999808e+01 -5.032055499999999881e+01
-4.175342100000000300e+01 -4.687988299999999953e+01 -4.808242800000000017e+01
-7.813708400000000154e+01 -8.970825899999999820e+01 -7.852741299999999569e+01
-2.144799599999999984e+01 -2.042871699999999890e+01 -2.284280499999999847e+01
-2.129182399999999831e+01 -2.087124599999999930e+01 -2.277757499999999879e+01
-1.771584899999999863e+01 -1.296462299999999956e+01 -1.879193100000000172e+01
-3.947797899999999771e+01 -3.635356500000000324e+01 -4.244369199999999864e+01
-2.313453799999999916e+01 -2.298768400000000156e+01 -2.043404100000000057e+01
-2.087124599999999930e+01 -1.870814000000000021e+01 -1.804631099999999932e+01
-2.277471900000000105e+01 -1.950402100000000161e+01 -2.517566700000000068e+01
-2.210672900000000141e+01 -2.254822300000000013e+01 -2.359790200000000127e+01
-1.350734899999999961e+01 -1.398783700000000074e+01 -1.497051699999999919e+01
-2.389938899999999933e+01 -2.254477599999999882e+01 -2.431159200000000098e+01
-1.669494999999999862e+01 -1.548935999999999957e+01 -1.534931599999999996e+01
-2.996156200000000069e+01 -2.842147900000000149e+01 -2.844748399999999933e+01
-1.448881500000000067e+01 -1.363862999999999914e+01 -1.802101100000000145e+01
-2.597963499999999826e+01 -2.525188999999999950e+01 -2.464380399999999938e+01
-4.662167500000000331e+01 -4.683469000000000193e+01 -4.134774800000000283e+01
-3.099860200000000177e+01 -2.889784399999999920e+01 -2.857170500000000146e+01
-2.123975000000000080e+01 -2.234384199999999865e+01 -2.284366599999999892e+01
-2.246008000000000138e+01 -2.288266199999999984e+01 -2.109261899999999912e+01
-8.027659300000000542e+01 -8.034254699999999616e+01 -6.747909699999999589e+01
-1.116017199999999931e+01 -1.071246999999999971e+01 -1.325251800000000024e+01
-2.556931600000000060e+01 -2.424590200000000095e+01 -2.417521599999999893e+01
-1.633531199999999828e+01 -1.736744099999999946e+01 -1.689934900000000084e+01
-2.901882799999999918e+01 -2.451531500000000108e+01 -2.337674000000000163e+01
-2.052784199999999970e+01 -2.197980199999999940e+01 -2.270716399999999879e+01
-1.504679400000000022e+01 -1.603066199999999952e+01 -1.515339700000000001e+01
-2.711274600000000135e+01 -2.748476499999999945e+01 -2.245102899999999835e+01
-2.266467700000000107e+01 -2.177391300000000030e+01 -2.124110200000000148e+01
-9.609257499999999652e+01 -1.026944119999999998e+02 -8.545548399999999845e+01
-8.443466800000000205e+01 -9.801070400000000404e+01 -7.998966799999999466e+01
-3.486295700000000153e+01 -3.421763700000000341e+01 -3.737843399999999860e+01
-2.359511399999999881e+01 -2.337775099999999995e+01 -2.526266000000000034e+01
-2.432394599999999940e+01 -2.254822300000000013e+01 -2.336945599999999956e+01
-9.499097199999999930e+01 -7.802594700000000216e+01 -7.997202000000000055e+01
-1.994415899999999908e+01 -1.997632000000000119e+01 -2.090207600000000099e+01
-8.848147000000000872e+00 -8.440946999999999534e+00 -1.041695299999999946e+01
-2.164788100000000171e+01 -2.025120400000000132e+01 -2.156052899999999894e+01
-2.129521599999999992e+01 -2.150946700000000078e+01 -2.353948600000000013e+01
-1.161115700000000039e+01 -1.061256099999999947e+01 -1.288652599999999993e+01
-1.757900800000000174e+01 -1.784890800000000155e+01 -1.874016100000000051e+01
-9.788111999999999924e+00 -1.210315100000000044e+01 -1.165164200000000072e+01
-2.341546800000000061e+01 -2.880895699999999948e+01 -2.369742300000000057e+01
-3.070355699999999999e+01 -3.771945199999999687e+01 -3.234137900000000343e+01
-1.109119100000000024e+01 -8.623770000000000380e+00 -1.200639900000000004e+01
-4.216110199999999963e+01 -3.495840599999999654e+01 -4.208009500000000003e+01
-5.767656199999999700e+01 -4.780009799999999842e+01 -4.934592599999999862e+01
-4.643470999999999904e+00 -3.668890000000000207e+00 -5.065445000000000420e+00
-3.330987400000000065e+01 -3.219569899999999762e+01 -4.073406099999999697e+01
-1.616809999999999903e+01 -1.965449900000000127e+01 -1.626976200000000006e+01
-3.003860099999999989e+01 -3.043336299999999994e+01 -2.846935099999999963e+01
-1.471456099999999978e+01 -1.505096900000000026e+01 -1.755870799999999932e+01
-2.172305700000000073e+01 -1.639777099999999876e+01 -2.061614700000000155e+01
-2.055414199999999880e+01 -2.144799599999999984e+01 -2.241176899999999961e+01
-9.186572999999999212e+00 -1.134847000000000072e+01 -1.210828500000000041e+01
-1.345185299999999984e+01 -1.296462299999999956e+01 -9.618769999999999598e+00
-2.894356099999999898e+01 -2.694900700000000171e+01 -2.791177599999999970e+01
-6.725588100000000225e+01 -6.686209800000000314e+01 -5.652485200000000276e+01
-1.915573699999999846e+01 -1.945139100000000099e+01 -1.815436000000000050e+01
-1.837648799999999838e+01 -1.820026700000000019e+01 -1.736688300000000140e+01
-1.088889929999999993e+02 -1.048823000000000008e+02 -8.493317799999999806e+01
-2.630090500000000020e+01 -1.879193100000000172e+01 -1.852376299999999887e+01
-5.475927999999999685e+00 -9.269693999999999434e+00 -9.604314999999999714e+00
-1.215918800000000033e+01 -1.297039900000000046e+01 -1.122102899999999970e+01
-3.233337900000000076e+01 -3.288961100000000215e+01 -4.335445500000000152e+01
-1.464599899999999977e+01 -1.567014400000000052e+01 -1.410405199999999937e+01
-1.504679400000000022e+01 -1.515339700000000001e+01 -1.385813300000000048e+01
-8.027659300000000542e+01 -9.528019700000000114e+01 -8.034254699999999616e+01
-2.327278799999999848e+01 -1.873351600000000161e+01 -1.917308299999999832e+01
-1.276447499999999913e+01 -1.091019799999999940e+01 -1.311182400000000037e+01
-4.383897199999999827e+01 -5.385955299999999824e+01 -5.164470000000000027e+01
-4.704571399999999670e+01 -4.412430899999999667e+01 -5.277174800000000232e+01
-4.083333100000000115e+01 -3.454186599999999885e+01 -3.680454100000000039e+01
-1.694150399999999834e+01 -1.594736299999999929e+01 -1.596914199999999973e+01
-1.588179700000000061e+01 -1.717425100000000171e+01 -1.456763399999999997e+01
-8.827259599999999296e+01 -8.443466800000000205e+01 -7.259416799999999625e+01
-3.047456400000000087e+01 -2.998890499999999903e+01 -2.841233799999999832e+01
-6.179169699999999921e+01 -7.199837399999999832e+01 -5.675759500000000202e+01
-6.859665999999999819e+00 -6.796769000000000283e+00 -7.238226000000000049e+00
-2.318557500000000005e+01 -2.146853700000000131e+01 -1.835724199999999939e+01
-2.152333600000000047e+01 -2.241176899999999961e+01 -2.336945599999999956e+01
-2.099190400000000167e+01 -1.839633600000000158e+01 -1.855386000000000024e+01
-3.013561800000000090e+01 -3.440724000000000160e+01 -3.525955499999999887e+01
-3.511373600000000295e+01 -4.318699000000000154e+01 -3.506565100000000257e+01
-2.861341200000000029e+01 -3.027632499999999993e+01 -2.844748399999999933e+01
-2.321317900000000023e+01 -2.164788100000000171e+01 -2.314998399999999990e+01
-2.424265700000000123e+01 -2.347531599999999941e+01 -2.555498300000000000e+01
-9.630024000000000584e+00 -1.037902000000000058e+01 -1.208693300000000015e+01
-2.245102899999999835e+01 -1.903134599999999921e+01 -1.878743499999999855e+01
-1.343168200000000034e+01 -1.445921399999999934e+01 -1.459679700000000047e+01
-5.400561700000000087e+01 -6.240176499999999749e+01 -6.609477200000000607e+01
-1.839633600000000158e+01 -1.690844099999999983e+01 -1.660913499999999843e+01
-3.325935499999999934e+01 -3.224540300000000315e+01 -3.692095499999999930e+01
-7.956141700000000583e+01 -9.379200899999999308e+01 -7.998633200000000443e+01
-2.971079399999999993e+01 -3.293565000000000254e+01 -3.546717199999999792e+01
-1.294800299999999993e+01 -1.092877700000000019e+01 -1.258304099999999970e+01
-6.430567700000000286e+01 -6.390910199999999719e+01 -5.457446800000000309e+01
-1.895232700000000037e+01 -1.889372300000000138e+01 -1.812823399999999907e+01
-1.904785700000000048e+01 -1.903230200000000139e+01 -1.815811800000000176e+01
-7.905955099999999902e+01 -9.259233199999999897e+01 -7.956141700000000583e+01
-2.983087400000000144e+01 -2.817746199999999845e+01 -2.718710599999999999e+01
-9.499097199999999930e+01 -7.997202000000000055e+01 -9.578498000000000445e+01
-2.901882799999999918e+01 -3.595980999999999739e+01 -3.070355699999999999e+01
-1.320003099999999918e+01 -1.118832399999999971e+01 -1.322085599999999950e+01
-2.841233799999999832e+01 -2.998890499999999903e+01 -2.781605100000000164e+01
-1.581596399999999925e+01 -1.534869400000000006e+01 -1.167101399999999956e+01
-3.594764500000000140e+01 -3.392050400000000110e+01 -3.959198700000000315e+01
-7.481955399999999656e+01 -6.357396399999999659e+01 -6.680473999999999535e+01
-4.221303300000000291e+01 -4.039072199999999668e+01 -4.803800999999999988e+01
-3.099455800000000139e+01 -2.714662699999999873e+01 -2.928177300000000116e+01
-9.036250000000000782e+00 -1.071246999999999971e+01 -1.116017199999999931e+01
-3.291383100000000184e+01 -2.904992800000000130e+01 -3.186442999999999870e+01
-1.687164100000000033e+01 -1.671549900000000122e+01 -1.734420899999999932e+01
-1.878743499999999855e+01 -1.903134599999999921e+01 -1.627996699999999919e+01
-9.604547999999999419e+00 -9.008971999999999980e+00 -1.122129499999999958e+01
-1.870814000000000021e+01 -1.567055000000000042e+01 -1.804631099999999932e+01
-1.288652599999999993e+01 -1.385634399999999999e+01 -1.483165900000000015e+01
-5.767656199999999700e+01 -4.934592599999999862e+01 -5.838366899999999760e+01
-8.545548399999999845e+01 -9.197640099999999563e+01 -7.603560199999999725e+01
-1.239599300000000071e+01 -1.209402200000000072e+01 -1.111003200000000035e+01
-1.483534399999999920e+01 -1.436318200000000012e+01 -1.566003599999999985e+01
-3.559096699999999913e+01 -3.508917999999999893e+01 -4.026420600000000150e+01
-1.276447499999999913e+01 -1.311182400000000037e+01 -1.531389099999999992e+01
-3.614117099999999994e+01 -4.064649099999999748e+01 -3.433448899999999782e+01
-1.714079900000000123e+01 -1.761051099999999892e+01 -1.759050500000000028e+01
-4.128200400000000059e+01 -3.372261100000000056e+01 -4.172029200000000060e+01
-2.839688699999999955e+01 -3.074026399999999981e+01 -3.224540300000000315e+01
-6.438207699999999534e+01 -7.837892499999999529e+01 -6.605408300000000565e+01
-1.208693300000000015e+01 -1.489533400000000007e+01 -1.415788399999999925e+01
-2.880895699999999948e+01 -2.952811499999999967e+01 -2.369742300000000057e+01
-1.337947499999999934e+01 -1.602252400000000065e+01 -1.290738900000000022e+01
-3.564353700000000202e+01 -2.815488200000000063e+01 -2.918635199999999941e+01
-1.849065699999999879e+01 -1.982931200000000160e+01 -1.884906600000000054e+01
-2.666908600000000007e+01 -2.061614700000000155e+01 -2.145679700000000167e+01
-5.339376500000000192e+01 -6.279742499999999694e+01 -5.698713399999999751e+01
-6.545180000000000220e+00 -9.273345000000000837e+00 -9.170567000000000135e+00
-1.503416600000000081e+01 -1.134847000000000072e+01 -1.375435200000000080e+01
-2.469479400000000169e+01 -2.305819299999999927e+01 -2.698518999999999934e+01
-8.835174899999999809e+01 -7.759384900000000584e+01 -7.724224599999999441e+01
-6.235481000000000051e+00 -5.027404999999999902e+00 -6.803595999999999755e+00
-4.757591800000000148e+01 -5.698945599999999700e+01 -5.701711199999999735e+01
-4.349279599999999846e+01 -4.677147200000000282e+01 -5.153790599999999955e+01
-1.906005899999999897e+01 -1.821089100000000016e+01 -1.975876600000000138e+01
-1.945139100000000099e+01 -1.982931200000000160e+01 -1.849065699999999879e+01
-3.682384600000000319e+01 -4.432792100000000346e+01 -4.582009599999999949e+01
-8.911979499999999632e+01 -7.658176500000000431e+01 -7.481955399999999656e+01
-1.383306800000000081e+01 -1.456782800000000044e+01 -1.858889599999999831e+01
-1.687164100000000033e+01 -1.734420899999999932e+01 -1.775952699999999851e+01
-2.092302700000000115e+01 -2.090207600000000099e+01 -2.191733800000000087e+01
-9.407648000000000010e+00 -6.356487999999999694e+00 -9.521162000000000347e+00
-4.099364200000000125e+01 -4.713160799999999995e+01 -4.204569000000000045e+01
-9.725787000000000404e+00 -9.036250000000000782e+00 -1.116017199999999931e+01
-1.855386000000000024e+01 -1.839633600000000158e+01 -1.660913499999999843e+01
-2.953813500000000047e+01 -2.744503200000000120e+01 -2.764990900000000096e+01
-2.630090500000000020e+01 -3.331417199999999923e+01 -2.518402899999999889e+01
-1.802101100000000145e+01 -2.225221000000000160e+01 -2.358152899999999974e+01
-3.962823999999999813e+01 -3.508917999999999893e+01 -3.434051399999999887e+01
-1.660913499999999843e+01 -1.690844099999999983e+01 -1.566003599999999985e+01
-1.187611500000000042e+01 -9.604314999999999714e+00 -1.134820099999999954e+01
-5.664309599999999989e+01 -4.971076399999999751e+01 -4.677665499999999810e+01
-1.337947499999999934e+01 -1.127729099999999995e+01 -1.415788399999999925e+01
-1.912190000000000012e+01 -1.907242099999999851e+01 -1.575380600000000086e+01
-1.052018999999999949e+01 -1.026857799999999976e+01 -1.189579900000000023e+01
-7.998966799999999466e+01 -7.837892499999999529e+01 -6.438207699999999534e+01
-2.817746199999999845e+01 -2.997473099999999846e+01 -2.704426300000000083e+01
-3.291383100000000184e+01 -3.186442999999999870e+01 -3.654660400000000209e+01
-2.443057100000000048e+01 -2.452427499999999938e+01 -2.312745999999999924e+01
-5.163799600000000112e+01 -5.922909899999999794e+01 -5.044485800000000353e+01
-5.920624000000000109e+01 -5.904053100000000143e+01 -7.196420100000000275e+01
-3.611208700000000249e+01 -4.225104699999999980e+01 -4.338295399999999802e+01
-8.033849000000000018e+00 -7.893064999999999998e+00 -9.797394999999999854e+00
-3.946702599999999705e+01 -4.500838999999999857e+01 -4.663515400000000000e+01
-3.110684399999999883e+01 -3.014431000000000083e+01 -2.792657499999999970e+01
-2.092302700000000115e+01 -1.994415899999999908e+01 -2.090207600000000099e+01
-9.407648000000000010e+00 -9.521162000000000347e+00 -1.132371000000000016e+01
-4.606150999999999840e+01 -5.339376500000000192e+01 -4.735899100000000317e+01
-5.916208000000000133e+00 -5.853310999999999709e+00 -7.809616000000000113e+00
-6.439454899999999782e+01 -5.580997399999999686e+01 -5.443665099999999768e+01
-7.484588499999999556e+01 -6.963590899999999806e+01 -8.541922900000000141e+01
-1.963674699999999973e+01 -2.062785900000000083e+01 -1.717425100000000171e+01
-5.675759500000000202e+01 -4.541399100000000288e+01 -5.164470000000000027e+01
-3.983028000000000191e+01 -2.964176399999999845e+01 -3.233337900000000076e+01
-2.670883900000000111e+01 -2.756810799999999873e+01 -2.378195300000000145e+01
-1.861212700000000098e+01 -1.961575799999999958e+01 -1.867961499999999830e+01
-4.088138299999999958e+01 -3.940831599999999924e+01 -4.734920100000000076e+01
-4.088138299999999958e+01 -4.734920100000000076e+01 -4.806997400000000198e+01
-2.885500800000000154e+01 -2.917740300000000175e+01 -2.698045700000000124e+01
-1.251644800000000046e+01 -1.200639900000000004e+01 -9.379495999999999611e+00
-2.869921400000000133e+01 -3.110684399999999883e+01 -2.792657499999999970e+01
-1.329615699999999912e+01 -1.409058600000000006e+01 -1.273687199999999997e+01
-4.001932099999999792e+01 -3.447478600000000171e+01 -3.430473400000000339e+01
-1.273687199999999997e+01 -1.349827100000000080e+01 -1.197045600000000043e+01
-1.384367100000000050e+01 -1.329615699999999912e+01 -1.261772200000000055e+01
-1.061256099999999947e+01 -1.165164200000000072e+01 -1.288652599999999993e+01
-7.752279999999999838e+00 -7.611495999999999817e+00 -9.693272000000000332e+00
-6.796769000000000283e+00 -7.696686999999999834e+00 -7.238226000000000049e+00
-3.947797899999999771e+01 -4.677147200000000282e+01 -4.349279599999999846e+01
-2.744295199999999824e+01 -3.511373600000000295e+01 -2.829188200000000109e+01
-9.270127700000000459e+01 -7.579527899999999363e+01 -7.962577400000000694e+01
-5.720448499999999825e+01 -6.574666200000000060e+01 -5.218409100000000223e+01
-3.680454100000000039e+01 -3.947797899999999771e+01 -4.349279599999999846e+01
-6.820196799999999371e+01 -6.794747200000000475e+01 -5.922909899999999794e+01
-1.122096999999999944e+01 -1.190503400000000056e+01 -1.029929399999999973e+01
-3.924665000000000248e+01 -4.072061099999999811e+01 -4.735899100000000317e+01
-5.385955299999999824e+01 -6.438207699999999534e+01 -6.605408300000000565e+01
-2.009773500000000013e+01 -1.814930599999999927e+01 -1.839633600000000158e+01
-5.675759500000000202e+01 -5.703632199999999841e+01 -4.734920100000000076e+01
-2.728921899999999923e+01 -2.637814200000000042e+01 -2.526837599999999995e+01
-1.817034999999999911e+01 -1.903230200000000139e+01 -1.895232700000000037e+01
-4.780009799999999842e+01 -4.001932099999999792e+01 -4.018794799999999867e+01
-6.104899999999999771e+00 -6.042002000000000095e+00 -9.604547999999999419e+00
-3.367647300000000143e+01 -3.511373600000000295e+01 -2.744295199999999824e+01
-8.123279800000000250e+01 -7.481955399999999656e+01 -6.680473999999999535e+01
-8.933736199999999883e+01 -9.906825200000000109e+01 -8.123279800000000250e+01
-8.901320000000000121e+00 -1.125436099999999939e+01 -1.299831099999999928e+01
-4.318699000000000154e+01 -4.036941999999999808e+01 -3.506565100000000257e+01
-8.538451999999999487e+00 -8.930296999999999485e+00 -1.065778300000000023e+01
-2.177391300000000030e+01 -2.038536500000000018e+01 -2.124110200000000148e+01
-1.197655800000000070e+01 -1.456763399999999997e+01 -1.285231699999999933e+01
-5.296482799999999713e+01 -5.148995000000000033e+01 -4.589809600000000245e+01
-9.906825200000000109e+01 -8.911979499999999632e+01 -8.123279800000000250e+01
-1.504679400000000022e+01 -1.385813300000000048e+01 -1.370403199999999977e+01
-6.609477200000000607e+01 -6.761590400000000045e+01 -5.598580400000000168e+01
-6.609477200000000607e+01 -7.769408199999999454e+01 -7.997492300000000398e+01
-5.511377300000000190e+01 -5.450798900000000202e+01 -4.907689700000000244e+01
-5.224338999999999622e+00 -5.161442000000000085e+00 -9.086866999999999805e+00
-1.999493299999999962e+01 -2.475225000000000009e+01 -1.858889599999999831e+01
-2.017910799999999938e+01 -2.011877799999999894e+01 -1.895232700000000037e+01
-1.295974000000000004e+01 -1.167635199999999962e+01 -1.622727000000000075e+01
-1.532249400000000072e+01 -1.633531199999999828e+01 -1.568266900000000064e+01
-9.658511999999999986e+00 -6.230693999999999733e+00 -9.805984000000000478e+00
-1.603066199999999952e+01 -1.664823600000000070e+01 -1.668568399999999841e+01
-7.997202000000000055e+01 -6.761590400000000045e+01 -7.997492300000000398e+01
-2.543467100000000158e+01 -2.839688699999999955e+01 -2.582966300000000004e+01
-5.698945599999999700e+01 -6.766697000000000628e+01 -5.701711199999999735e+01
-1.447330599999999912e+01 -1.563718399999999953e+01 -1.481475499999999990e+01
-6.157391499999999951e+01 -7.579527899999999363e+01 -7.259416799999999625e+01
-2.607264199999999832e+01 -2.516801800000000000e+01 -2.452427499999999938e+01
-1.814930599999999927e+01 -1.932887799999999956e+01 -1.784890800000000155e+01
-1.197655800000000070e+01 -9.725787000000000404e+00 -1.116017199999999931e+01
-4.687988299999999953e+01 -5.371955200000000019e+01 -5.253120899999999693e+01
-5.993747499999999917e+01 -6.988320699999999874e+01 -5.850500300000000209e+01
-7.759384900000000584e+01 -8.883888399999999308e+01 -7.861916499999999530e+01
-2.101264600000000016e+01 -2.270716399999999879e+01 -2.316935700000000153e+01
-1.610194999999999865e+01 -1.627996699999999919e+01 -1.395089199999999963e+01
-4.667930199999999985e+01 -5.160346499999999992e+01 -5.729722799999999694e+01
-2.949345399999999984e+01 -2.599664500000000089e+01 -2.594481299999999990e+01
-5.675759500000000202e+01 -7.199837399999999832e+01 -7.015527500000000316e+01
-2.144484999999999886e+01 -2.072741999999999862e+01 -2.242020600000000030e+01
-9.516924799999999607e+01 -9.406837099999999907e+01 -7.929366699999999923e+01
-4.001932099999999792e+01 -4.003410000000000224e+01 -3.447478600000000171e+01
-4.594473899999999844e+01 -4.083333100000000115e+01 -4.881387099999999890e+01
-2.981528600000000040e+01 -3.434051399999999887e+01 -3.067078300000000013e+01
-3.901751399999999848e+01 -3.596310799999999830e+01 -4.249272799999999961e+01
-3.516248300000000171e+01 -3.074026399999999981e+01 -3.309123900000000162e+01
-2.210672900000000141e+01 -2.109362199999999987e+01 -2.254822300000000013e+01
-7.657629500000000178e+01 -7.199837399999999832e+01 -6.179169699999999921e+01
-5.538825000000000109e+00 -5.475927999999999685e+00 -9.604314999999999714e+00
-1.852376299999999887e+01 -1.858889599999999831e+01 -2.326943999999999946e+01
-7.021503199999999367e+01 -6.607486299999999346e+01 -7.946572399999999448e+01
-1.405729900000000043e+01 -1.447330599999999912e+01 -1.308313200000000087e+01
-1.067908300000000033e+01 -1.235698200000000035e+01 -1.242644800000000060e+01
-1.534869400000000006e+01 -1.525422599999999917e+01 -1.215918800000000033e+01
-3.940831599999999924e+01 -4.541399100000000288e+01 -4.734920100000000076e+01
-1.814930599999999927e+01 -1.784890800000000155e+01 -1.694150399999999834e+01
-1.448881500000000067e+01 -1.069129399999999919e+01 -1.363862999999999914e+01
-5.371955200000000019e+01 -5.794748100000000335e+01 -5.253120899999999693e+01
-9.797394999999999854e+00 -9.826674999999999827e+00 -1.184447199999999967e+01
-7.954011000000000386e+00 -5.838421999999999557e+00 -6.235481000000000051e+00
-4.374648999999999788e+00 -6.022490999999999595e+00 -5.472008999999999901e+00
-6.179169699999999921e+01 -5.675759500000000202e+01 -5.164470000000000027e+01
-6.357396399999999659e+01 -5.545404700000000275e+01 -6.680473999999999535e+01
-2.670883900000000111e+01 -2.378195300000000145e+01 -2.331110500000000130e+01
-1.100659870000000069e+02 -9.031017699999999593e+01 -9.272919899999999416e+01
-1.189579900000000023e+01 -1.026857799999999976e+01 -1.152029800000000037e+01
-3.922097500000000281e+01 -4.195640099999999961e+01 -3.762014800000000037e+01
-2.010480499999999893e+01 -1.863383200000000173e+01 -1.879486800000000102e+01
-5.703632199999999841e+01 -5.441298900000000316e+01 -4.806997400000000198e+01
-6.293591000000000157e+00 -9.658511999999999986e+00 -9.521162000000000347e+00
-1.180011999999999972e+01 -1.173111800000000038e+01 -1.396005300000000027e+01
-9.505741500000000599e+01 -7.837892499999999529e+01 -7.998966799999999466e+01
-3.440724000000000160e+01 -3.946702599999999705e+01 -4.039072199999999668e+01
-9.604314999999999714e+00 -9.269693999999999434e+00 -1.134820099999999954e+01
-2.477949200000000118e+01 -2.651113700000000151e+01 -2.698045700000000124e+01
-3.635356500000000324e+01 -3.199520300000000006e+01 -3.441095099999999718e+01
-1.887966499999999925e+01 -1.619629300000000072e+01 -1.490505399999999980e+01
-7.954011000000000386e+00 -7.546377999999999808e+00 -5.838421999999999557e+00
-5.905468700000000126e+01 -5.096221400000000301e+01 -5.084622499999999690e+01
-2.595077600000000118e+01 -2.666908600000000007e+01 -2.145679700000000167e+01
-7.905955099999999902e+01 -6.770780799999999999e+01 -6.783307200000000137e+01
-2.496666700000000105e+01 -2.477949200000000118e+01 -2.698045700000000124e+01
-1.639777099999999876e+01 -1.210828500000000041e+01 -1.503416600000000081e+01
-2.444515799999999928e+01 -1.963674699999999973e+01 -2.369742300000000057e+01
-1.593694400000000044e+01 -1.716590199999999911e+01 -1.695008500000000140e+01
-2.326790400000000147e+01 -2.582966300000000004e+01 -2.313453799999999916e+01
-2.953216899999999967e+01 -2.414121799999999851e+01 -2.453971999999999909e+01
-4.143045599999999951e+01 -4.746872499999999917e+01 -4.699257800000000174e+01
-2.538314300000000046e+01 -2.526266000000000034e+01 -2.687333999999999889e+01
-2.308036799999999999e+01 -2.413266700000000142e+01 -2.467653699999999972e+01
-4.593229300000000137e+01 -5.630309700000000106e+01 -5.160346499999999992e+01
-3.901751399999999848e+01 -4.667930199999999985e+01 -4.179682700000000040e+01
-6.988320699999999874e+01 -6.438207699999999534e+01 -5.850500300000000209e+01
-2.277757499999999879e+01 -2.087124599999999930e+01 -2.277090899999999962e+01
-1.504205499999999951e+01 -1.630668400000000062e+01 -1.569896100000000061e+01
-6.812244400000000155e+01 -8.191858700000000226e+01 -7.179784300000000030e+01
-9.057181999999999178e+00 -9.086866999999999805e+00 -1.067272799999999933e+01
-1.767971400000000060e+01 -1.811525599999999869e+01 -1.799162700000000115e+01
-7.759384900000000584e+01 -7.861916499999999530e+01 -6.804445400000000177e+01
-4.593229300000000137e+01 -4.937812399999999968e+01 -5.630309700000000106e+01
-7.766077099999999689e+01 -9.083042000000000371e+01 -9.603365700000000516e+01
-2.748476499999999945e+01 -2.797621600000000086e+01 -2.278932700000000011e+01
-7.021503199999999367e+01 -8.384098400000000595e+01 -6.843717800000000295e+01
-3.014431000000000083e+01 -2.764990900000000096e+01 -2.792657499999999970e+01
-1.950402100000000161e+01 -1.448881500000000067e+01 -1.802101100000000145e+01
-1.369606100000000026e+01 -1.218266999999999989e+01 -1.204340099999999936e+01
-4.003410000000000224e+01 -4.808950600000000009e+01 -4.174493499999999813e+01
-4.713160799999999995e+01 -5.443665099999999768e+01 -4.762310599999999994e+01
-1.170321700000000043e+01 -1.184447199999999967e+01 -1.394358899999999934e+01
-1.218266999999999989e+01 -1.347130699999999948e+01 -1.208444800000000008e+01
-1.297039900000000046e+01 -1.239599300000000071e+01 -1.122102899999999970e+01
-1.089932569999999998e+02 -9.597045400000000370e+01 -8.911979499999999632e+01
-3.680454100000000039e+01 -3.454186599999999885e+01 -3.168556600000000145e+01
-2.191733800000000087e+01 -2.210672900000000141e+01 -2.320716900000000038e+01
-8.034254699999999616e+01 -8.004970000000000141e+01 -6.725588100000000225e+01
-1.580888200000000055e+01 -1.505096900000000026e+01 -1.366823199999999972e+01
-5.441298900000000316e+01 -5.026984300000000161e+01 -4.318699000000000154e+01
-2.014899899999999988e+01 -2.025120400000000132e+01 -1.904785700000000048e+01
-4.036941999999999808e+01 -5.026984300000000161e+01 -4.715865900000000011e+01
-9.055702999999999392e+00 -1.052018999999999949e+01 -1.064235299999999995e+01
-4.454526700000000261e+01 -3.820031699999999830e+01 -4.189996099999999757e+01
-3.696033299999999855e+01 -4.143045599999999951e+01 -4.099364200000000125e+01
-4.934592599999999862e+01 -4.018794799999999867e+01 -4.338295399999999802e+01
-1.045593460000000050e+02 -8.384098400000000595e+01 -8.993810999999999467e+01
-5.153790599999999955e+01 -5.585810000000000031e+01 -6.102091200000000271e+01
-2.011877799999999894e+01 -2.006815900000000141e+01 -1.889372300000000138e+01
-3.047456400000000087e+01 -3.160843900000000062e+01 -3.295967999999999876e+01
-1.401594000000000051e+01 -1.567055000000000042e+01 -1.681849300000000014e+01
-6.426924999999999955e+01 -6.687295899999999449e+01 -5.606645499999999771e+01
-1.456782800000000044e+01 -1.109119100000000024e+01 -1.510482499999999995e+01
-2.155378800000000084e+01 -2.359511399999999881e+01 -2.254477599999999882e+01
-3.325694500000000176e+01 -3.122154099999999843e+01 -3.315050000000000097e+01
-3.892088799999999793e+01 -4.412430899999999667e+01 -4.704571399999999670e+01
-1.197045600000000043e+01 -1.025614200000000054e+01 -1.113900800000000046e+01
-2.316935700000000153e+01 -2.468984400000000079e+01 -2.543467100000000158e+01
-9.805984000000000478e+00 -9.849740999999999858e+00 -1.180011999999999972e+01
-5.191103799999999779e+01 -5.257939799999999764e+01 -4.471982200000000063e+01
-5.027404999999999902e+00 -5.472008999999999901e+00 -6.803595999999999755e+00
-1.329615699999999912e+01 -1.190503400000000056e+01 -1.261772200000000055e+01
-1.401594000000000051e+01 -1.526583300000000065e+01 -1.270471000000000039e+01
-1.361028899999999986e+01 -1.605361399999999961e+01 -1.574822799999999923e+01
-2.557624600000000115e+01 -2.724185400000000001e+01 -2.757955899999999971e+01
-1.163711100000000087e+01 -1.374253399999999914e+01 -1.395089199999999963e+01
-1.815436000000000050e+01 -1.849065699999999879e+01 -1.715843500000000077e+01
-3.848971300000000184e+01 -4.266075200000000223e+01 -4.606150999999999840e+01
-2.143363199999999935e+01 -2.072741999999999862e+01 -1.975876600000000138e+01
-2.158466400000000007e+01 -1.932887799999999956e+01 -2.009773500000000013e+01
-2.912578900000000104e+01 -3.224540300000000315e+01 -3.325935499999999934e+01
-5.032055499999999881e+01 -5.346916000000000224e+01 -4.427208100000000002e+01
-4.003410000000000224e+01 -4.757591800000000148e+01 -4.808950600000000009e+01
-2.594481299999999990e+01 -2.298768400000000156e+01 -2.313453799999999916e+01
-9.683821799999999769e+01 -7.966066100000000461e+01 -7.920521499999999548e+01
-2.162098699999999951e+01 -2.017910799999999938e+01 -2.164788100000000171e+01
-2.337775099999999995e+01 -2.129521599999999992e+01 -2.353948600000000013e+01
-3.355572099999999836e+01 -3.155134899999999831e+01 -3.596310799999999830e+01
-2.274746199999999874e+01 -2.045850599999999986e+01 -2.249426300000000012e+01
-1.671726500000000115e+01 -1.337947499999999934e+01 -1.415788399999999925e+01
-1.798016000000000147e+01 -1.680664099999999905e+01 -1.695008500000000140e+01
-2.331110500000000130e+01 -2.038888499999999837e+01 -2.302325700000000097e+01
-2.469479400000000169e+01 -2.698518999999999934e+01 -2.860287599999999841e+01
-1.867961499999999830e+01 -1.864339899999999872e+01 -1.811525599999999869e+01
-3.516248300000000171e+01 -3.309123900000000162e+01 -3.820031699999999830e+01
-1.580888200000000055e+01 -1.793696399999999969e+01 -1.767287599999999870e+01
-8.514337100000000191e+01 -1.058264779999999945e+02 -9.377029000000000281e+01
-8.883888399999999308e+01 -8.869606199999999774e+01 -7.861916499999999530e+01
-3.517725599999999986e+01 -2.953216899999999967e+01 -2.935945800000000006e+01
-1.267224500000000020e+01 -1.077226100000000031e+01 -8.710119999999999862e+00
-2.791177599999999970e+01 -2.757817100000000110e+01 -3.004388600000000054e+01
-5.385152200000000278e+01 -4.662167500000000331e+01 -5.389433700000000016e+01
-6.974126800000000515e+01 -7.952547699999999509e+01 -8.334283200000000136e+01
-4.072061099999999811e+01 -3.848971300000000184e+01 -4.606150999999999840e+01
-2.321317900000000023e+01 -2.314998399999999990e+01 -2.496666700000000105e+01
-1.267224500000000020e+01 -1.475518100000000032e+01 -1.077226100000000031e+01
-9.521162000000000347e+00 -9.658511999999999986e+00 -1.145795700000000039e+01
-1.395089199999999963e+01 -1.627996699999999919e+01 -1.403549300000000066e+01
-3.834563500000000147e+01 -3.962823999999999813e+01 -3.434051399999999887e+01
-2.367005999999999943e+01 -2.169773800000000108e+01 -2.351772499999999866e+01
-2.481703299999999857e+01 -2.200714400000000026e+01 -2.688614899999999963e+01
-2.868042799999999914e+01 -2.675384299999999982e+01 -2.744503200000000120e+01
-2.164788100000000171e+01 -2.017910799999999938e+01 -2.025120400000000132e+01
-1.903230200000000139e+01 -2.017910799999999938e+01 -1.895232700000000037e+01
-3.291911999999999949e+01 -3.014431000000000083e+01 -3.433448899999999782e+01
-9.406837099999999907e+01 -9.230070000000000618e+01 -7.806562499999999716e+01
-7.666138899999999978e+01 -9.046794099999999617e+01 -7.561166199999999549e+01
-3.537336999999999954e+00 -3.668890000000000207e+00 -4.643470999999999904e+00
-2.441450499999999835e+01 -2.639236599999999910e+01 -2.555498300000000000e+01
-5.877422599999999875e+01 -4.881387099999999890e+01 -5.153790599999999955e+01
-1.861212700000000098e+01 -1.867961499999999830e+01 -1.811525599999999869e+01
-7.316097000000000072e+00 -7.491969000000000101e+00 -6.287751000000000090e+00
-2.582966300000000004e+01 -2.912578900000000104e+01 -2.594481299999999990e+01
-1.251644800000000046e+01 -1.614556800000000081e+01 -1.200639900000000004e+01
-3.574017500000000069e+01 -3.315050000000000097e+01 -3.457047000000000025e+01
-1.541183099999999939e+01 -1.785198099999999855e+01 -1.796927600000000069e+01
-1.127729099999999995e+01 -1.337947499999999934e+01 -1.065778300000000023e+01
-2.453971999999999909e+01 -1.996149799999999885e+01 -2.056499799999999922e+01
-3.596310799999999830e+01 -3.155134899999999831e+01 -3.291911999999999949e+01
-5.810002099999999814e+01 -6.032037199999999899e+01 -5.329733499999999680e+01
-2.305819299999999927e+01 -2.099190400000000167e+01 -2.481703299999999857e+01
-1.789654499999999970e+01 -1.745603699999999847e+01 -1.489533400000000007e+01
-3.172382100000000094e+01 -3.330082800000000276e+01 -3.820254400000000317e+01
-3.901751399999999848e+01 -4.249272799999999961e+01 -4.667930199999999985e+01
-3.155134899999999831e+01 -2.868042799999999914e+01 -2.953813500000000047e+01
-1.540340499999999935e+01 -1.328031299999999959e+01 -1.552217699999999923e+01
-1.917308299999999832e+01 -1.553148200000000045e+01 -1.525422599999999917e+01
-3.421763700000000341e+01 -3.696033299999999855e+01 -3.737843399999999860e+01
-2.704361600000000010e+01 -3.248822200000000038e+01 -2.493953499999999934e+01
-1.635702699999999865e+01 -1.687327099999999902e+01 -1.732795000000000130e+01
-1.209402200000000072e+01 -1.350734899999999961e+01 -1.290619200000000077e+01
-5.191103799999999779e+01 -4.471982200000000063e+01 -4.735899100000000317e+01
-5.598580400000000168e+01 -5.720448499999999825e+01 -4.803800999999999988e+01
-3.594412700000000171e+01 -2.964176399999999845e+01 -3.983028000000000191e+01
-6.206294400000000167e+01 -7.920521499999999548e+01 -6.508599300000000198e+01
-1.369606100000000026e+01 -1.347130699999999948e+01 -1.218266999999999989e+01
-1.715862299999999863e+01 -1.759050500000000028e+01 -1.758844799999999964e+01
-2.791177599999999970e+01 -3.004388600000000054e+01 -3.054614000000000118e+01
-6.419386000000000259e+00 -9.407648000000000010e+00 -9.323733999999999966e+00
-1.009849499999999978e+01 -1.170321700000000043e+01 -1.304671899999999951e+01
-3.716517300000000290e+01 -4.293788500000000141e+01 -3.834563500000000147e+01
-4.808242800000000017e+01 -4.687988299999999953e+01 -5.253120899999999693e+01
-3.693387599999999793e+01 -3.486295700000000153e+01 -3.787729999999999819e+01
-1.568344699999999925e+01 -1.593694400000000044e+01 -1.695008500000000140e+01
-1.239793399999999934e+01 -1.075436000000000014e+01 -1.269546000000000063e+01
-2.526266000000000034e+01 -2.337775099999999995e+01 -2.543650099999999981e+01
-4.699257800000000174e+01 -4.713160799999999995e+01 -4.099364200000000125e+01
-6.230693999999999733e+00 -6.167797000000000196e+00 -9.805984000000000478e+00
-4.056445999999999685e+01 -3.580931199999999848e+01 -4.174493499999999813e+01
-8.835174899999999809e+01 -8.883888399999999308e+01 -7.759384900000000584e+01
-6.240176499999999749e+01 -6.974126800000000515e+01 -7.769408199999999454e+01
-2.369742300000000057e+01 -1.963674699999999973e+01 -1.907242099999999851e+01
-2.167151000000000138e+01 -2.011877799999999894e+01 -2.162098699999999951e+01
-1.594736299999999929e+01 -1.492043100000000067e+01 -1.596914199999999973e+01
-1.034422099999999922e+01 -1.154193500000000050e+01 -1.270471000000000039e+01
-4.535578499999999735e+01 -3.692802499999999810e+01 -4.143208099999999661e+01
-1.568303599999999953e+01 -1.602252400000000065e+01 -1.941185000000000116e+01
-1.873351600000000161e+01 -1.855386000000000024e+01 -1.607714800000000110e+01
-2.167151000000000138e+01 -2.006815900000000141e+01 -2.011877799999999894e+01
-7.998633200000000443e+01 -8.027659300000000542e+01 -6.765426700000000437e+01
-1.396005300000000027e+01 -1.173111800000000038e+01 -1.361338699999999946e+01
-4.319826299999999719e+01 -3.614117099999999994e+01 -3.834663299999999708e+01
-3.034396699999999925e+01 -2.904992800000000130e+01 -3.291383100000000184e+01
-7.966066100000000461e+01 -9.567969800000000191e+01 -7.946572399999999448e+01
-8.911441800000000057e+01 -7.505690199999999379e+01 -7.496835500000000252e+01
-2.834840399999999860e+01 -2.638780399999999915e+01 -2.562402700000000166e+01
-2.087124599999999930e+01 -1.804631099999999932e+01 -2.066149100000000161e+01
-6.005599699999999785e+01 -5.567630400000000179e+01 -4.715865900000000011e+01
-4.780009799999999842e+01 -4.757591800000000148e+01 -4.001932099999999792e+01
-5.558692299999999875e+01 -4.432792100000000346e+01 -5.352722399999999681e+01
-1.950402100000000161e+01 -2.358152899999999974e+01 -2.517566700000000068e+01
-1.947212299999999985e+01 -2.109261899999999912e+01 -1.990291300000000163e+01
-1.477832199999999929e+01 -1.587719700000000067e+01 -1.527138199999999912e+01
-1.755870799999999932e+01 -1.767287599999999870e+01 -2.019660899999999870e+01
-7.872813899999999876e+01 -6.820196799999999371e+01 -7.029897699999999361e+01
-5.567630400000000179e+01 -5.148411999999999722e+01 -4.447227300000000128e+01
-1.758926999999999907e+01 -1.797294799999999881e+01 -1.687327099999999902e+01
-2.871987800000000135e+01 -3.484370200000000040e+01 -2.880895699999999948e+01
-3.168556600000000145e+01 -3.454186599999999885e+01 -2.997473099999999846e+01
-1.694150399999999834e+01 -1.784890800000000155e+01 -1.679119999999999990e+01
-3.013561800000000090e+01 -2.670883900000000111e+01 -2.620420100000000119e+01
-2.124622099999999847e+01 -1.534869400000000006e+01 -1.581596399999999925e+01
-2.918635199999999941e+01 -2.277471900000000105e+01 -3.033317800000000020e+01
-7.696686999999999834e+00 -9.630024000000000584e+00 -8.930296999999999485e+00
-3.820254400000000317e+01 -3.330082800000000276e+01 -3.924665000000000248e+01
-5.319239600000000223e+01 -6.049521000000000015e+01 -6.486993599999999560e+01
-3.385392600000000130e+01 -3.168556600000000145e+01 -2.983087400000000144e+01
-2.006988600000000034e+01 -1.901502899999999840e+01 -1.994415899999999908e+01
-2.528336900000000043e+01 -2.389938899999999933e+01 -2.431159200000000098e+01
-4.143045599999999951e+01 -4.699257800000000174e+01 -4.099364200000000125e+01
-5.668937199999999876e+01 -7.021503199999999367e+01 -6.843717800000000295e+01
-5.096221400000000301e+01 -4.244369199999999864e+01 -4.466993699999999734e+01
-1.210315100000000044e+01 -1.385634399999999999e+01 -1.165164200000000072e+01
-2.894356099999999898e+01 -2.841233799999999832e+01 -2.694900700000000171e+01
-5.965252900000000125e+01 -6.050593200000000138e+01 -5.257939799999999764e+01
-4.757591800000000148e+01 -5.701711199999999735e+01 -4.808950600000000009e+01
-8.741296300000000485e+01 -1.088889929999999993e+02 -8.493317799999999806e+01
-7.561166199999999549e+01 -8.946765499999999349e+01 -7.548551600000000406e+01
-9.630024000000000584e+00 -8.310510000000000730e+00 -1.037902000000000058e+01
-1.071330200000000055e+01 -8.315417999999999310e+00 -1.047823799999999927e+01
-3.199520300000000006e+01 -3.385392600000000130e+01 -2.983087400000000144e+01
-2.869921400000000133e+01 -2.997473099999999846e+01 -3.261226700000000278e+01
-7.143053000000000097e+00 -8.901320000000000121e+00 -5.848221999999999809e+00
-1.445921399999999934e+01 -1.568344699999999925e+01 -1.561763499999999993e+01
-4.500838999999999857e+01 -5.400561700000000087e+01 -4.663515400000000000e+01
-1.067908300000000033e+01 -9.057181999999999178e+00 -1.067272799999999933e+01
-9.008971999999999980e+00 -1.034422099999999922e+01 -1.122129499999999958e+01
-5.494188400000000172e+01 -5.457446800000000309e+01 -4.699257800000000174e+01
-1.332627500000000076e+01 -1.343168200000000034e+01 -1.220552999999999955e+01
-2.528336900000000043e+01 -2.431159200000000098e+01 -2.596827299999999994e+01
-4.677665499999999810e+01 -4.189996099999999757e+01 -3.959198700000000315e+01
-1.021538129999999995e+02 -9.801070400000000404e+01 -8.443466800000000205e+01
-8.911441800000000057e+01 -8.937539599999999496e+01 -7.505690199999999379e+01
-1.605970100000000045e+01 -1.671549900000000122e+01 -1.609812200000000004e+01
-1.396005300000000027e+01 -1.608253500000000003e+01 -1.627337500000000148e+01
-2.464380399999999938e+01 -2.378102399999999861e+01 -2.316441100000000120e+01
-4.196679100000000062e+01 -4.936794100000000185e+01 -4.982792400000000299e+01
-5.005819100000000077e+01 -5.329733499999999680e+01 -4.606150999999999840e+01
-1.096405450000000030e+02 -8.741296300000000485e+01 -8.847541200000000572e+01
-1.299831099999999928e+01 -1.737848999999999933e+01 -1.490505399999999980e+01
-8.596393000000000839e+00 -7.115803999999999796e+00 -8.538451999999999487e+00
-1.609812200000000004e+01 -1.687164100000000033e+01 -1.633531199999999828e+01
-7.952547699999999509e+01 -9.653764999999999930e+01 -8.334283200000000136e+01
-5.790414000000000172e+00 -5.727515999999999607e+00 -8.365985000000000227e+00
-1.067272799999999933e+01 -9.086866999999999805e+00 -1.064235299999999995e+01
-1.098617400000000011e+01 -1.197045600000000043e+01 -1.261917299999999997e+01
-3.866115500000000083e+01 -3.441095099999999718e+01 -3.693387599999999793e+01
-8.643243999999999261e+00 -9.646694000000000102e+00 -1.029929399999999973e+01
-4.319826299999999719e+01 -4.064649099999999748e+01 -3.614117099999999994e+01
-2.526266000000000034e+01 -2.694310199999999966e+01 -2.687333999999999889e+01
-9.849740999999999858e+00 -6.104899999999999771e+00 -9.604547999999999419e+00
-5.675759500000000202e+01 -7.015527500000000316e+01 -5.703632199999999841e+01
-7.459154999999999980e+00 -8.901320000000000121e+00 -1.075742999999999938e+01
-4.266075200000000223e+01 -4.053393499999999960e+01 -4.570085900000000123e+01
-1.532249400000000072e+01 -1.568266900000000064e+01 -1.428745100000000079e+01
-1.107566680000000048e+02 -8.993810999999999467e+01 -9.567969800000000191e+01
-3.668890000000000207e+00 -3.967932999999999932e+00 -5.065445000000000420e+00
-1.009849499999999978e+01 -9.797394999999999854e+00 -1.170321700000000043e+01
-9.550128200000000334e+01 -9.516924799999999607e+01 -8.004970000000000141e+01
-2.359790200000000127e+01 -2.468992899999999935e+01 -2.320716900000000038e+01
-3.595980999999999739e+01 -3.468906199999999984e+01 -4.305969000000000335e+01
-2.670883900000000111e+01 -3.101599500000000020e+01 -2.756810799999999873e+01
-1.515339700000000001e+01 -1.605970100000000045e+01 -1.519997399999999921e+01
-3.355572099999999836e+01 -3.901751399999999848e+01 -3.555993699999999791e+01
-4.172029200000000060e+01 -5.158600400000000263e+01 -5.042966100000000296e+01
-3.330082800000000276e+01 -3.034396699999999925e+01 -3.487999400000000350e+01
-1.903134599999999921e+01 -1.920831300000000041e+01 -1.634443100000000015e+01
-3.982845700000000022e+01 -3.293565000000000254e+01 -3.692802499999999810e+01
-9.083042000000000371e+01 -7.803354699999999866e+01 -9.377029000000000281e+01
-7.459154999999999980e+00 -9.530884999999999607e+00 -6.608448000000000100e+00
-1.679119999999999990e+01 -1.784890800000000155e+01 -1.757900800000000174e+01
-5.218409100000000223e+01 -6.315240299999999962e+01 -5.277174800000000232e+01
-7.579527899999999363e+01 -8.827259599999999296e+01 -7.259416799999999625e+01
-3.039553400000000138e+01 -2.765792700000000082e+01 -3.087071600000000160e+01
-4.971076399999999751e+01 -4.454526700000000261e+01 -4.189996099999999757e+01
-5.026984300000000161e+01 -6.005599699999999785e+01 -4.715865900000000011e+01
-4.535578499999999735e+01 -3.982845700000000022e+01 -3.692802499999999810e+01
-6.049521000000000015e+01 -4.971076399999999751e+01 -5.664309599999999989e+01
-2.509289300000000011e+01 -2.351772499999999866e+01 -2.328139099999999928e+01
-2.318557500000000005e+01 -1.767677499999999924e+01 -2.277471900000000105e+01
-3.940831599999999924e+01 -3.771945199999999687e+01 -4.541399100000000288e+01
-8.869606199999999774e+01 -7.872813899999999876e+01 -7.861916499999999530e+01
-3.234137900000000343e+01 -2.666908600000000007e+01 -2.595077600000000118e+01
-8.860658999999999708e+01 -6.661701499999999498e+01 -7.281391800000000103e+01
-4.667930199999999985e+01 -5.729722799999999694e+01 -5.032055499999999881e+01
-6.670974000000000181e+00 -6.608076999999999757e+00 -8.858805000000000263e+00
-2.888178800000000024e+01 -2.637814200000000042e+01 -2.728921899999999923e+01
-1.603066199999999952e+01 -1.668568399999999841e+01 -1.605970100000000045e+01
-2.155378800000000084e+01 -1.976904000000000039e+01 -2.129521599999999992e+01
-8.623770000000000380e+00 -6.235481000000000051e+00 -6.803595999999999755e+00
-2.038536500000000018e+01 -2.006988600000000034e+01 -2.124110200000000148e+01
-1.716590199999999911e+01 -1.808502100000000112e+01 -1.695008500000000140e+01
-2.367005999999999943e+01 -2.543079099999999926e+01 -2.558445400000000092e+01
-2.917740300000000175e+01 -2.894666099999999886e+01 -2.695343499999999892e+01
-2.441450499999999835e+01 -2.266467700000000107e+01 -2.351618799999999965e+01
-4.039072199999999668e+01 -3.946702599999999705e+01 -4.663515400000000000e+01
-4.088900100000000037e+01 -3.892088799999999793e+01 -4.704571399999999670e+01
-9.499097199999999930e+01 -9.213255399999999895e+01 -7.802594700000000216e+01
-4.594473899999999844e+01 -4.881387099999999890e+01 -5.545404700000000275e+01
-1.239599300000000071e+01 -1.398783700000000074e+01 -1.350734899999999961e+01
-7.092446300000000292e+01 -6.238179000000000229e+01 -5.905468700000000126e+01
-5.630309700000000106e+01 -6.102328599999999881e+01 -6.953275800000000118e+01
-1.074066099999999935e+01 -9.110887999999999209e+00 -1.075436000000000014e+01
-2.935945800000000006e+01 -2.453971999999999909e+01 -2.460332100000000111e+01
-7.789826999999999835e+00 -8.365985000000000227e+00 -9.564814000000000149e+00
-3.248822200000000038e+01 -2.941929000000000016e+01 -2.493953499999999934e+01
-9.849740999999999858e+00 -9.604547999999999419e+00 -1.173111800000000038e+01
-1.654649200000000064e+01 -1.736688300000000140e+01 -1.625054199999999938e+01
-3.325694500000000176e+01 -3.315050000000000097e+01 -3.574017500000000069e+01
-1.879193100000000172e+01 -1.296462299999999956e+01 -1.345185299999999984e+01
-1.228629399999999983e+01 -1.214714500000000008e+01 -1.370403199999999977e+01
-3.211013200000000012e+01 -3.047456400000000087e+01 -3.295967999999999876e+01
-1.580888200000000055e+01 -1.767287599999999870e+01 -1.505096900000000026e+01
-1.046325700000000047e+01 -8.538451999999999487e+00 -1.065778300000000023e+01
-1.064235299999999995e+01 -1.214714500000000008e+01 -1.228629399999999983e+01
-3.962823999999999813e+01 -4.589809600000000245e+01 -4.026420600000000150e+01
-1.527854199999999985e+01 -1.654649200000000064e+01 -1.625054199999999938e+01
-2.475225000000000009e+01 -2.701587100000000063e+01 -3.206741300000000194e+01
-3.172382100000000094e+01 -3.820254400000000317e+01 -3.524034000000000333e+01
-1.817034999999999911e+01 -1.761051099999999892e+01 -1.755651999999999902e+01
-2.284366599999999892e+01 -2.234384199999999865e+01 -2.424265700000000123e+01
-1.558263900000000035e+01 -2.003513099999999980e+01 -1.737848999999999933e+01
-9.564814000000000149e+00 -1.061256099999999947e+01 -1.161115700000000039e+01
-3.848971300000000184e+01 -3.654660400000000209e+01 -4.266075200000000223e+01
-9.646694000000000102e+00 -1.122096999999999944e+01 -1.029929399999999973e+01
-2.696901499999999885e+01 -2.598510399999999976e+01 -2.981528600000000040e+01
-3.947797899999999771e+01 -4.244369199999999864e+01 -4.677147200000000282e+01
-3.983028000000000191e+01 -3.233337900000000076e+01 -4.335445500000000152e+01
-1.689934900000000084e+01 -1.821089100000000016e+01 -1.759469599999999900e+01
-2.543079099999999926e+01 -2.688229099999999860e+01 -2.706494199999999850e+01
-2.064833900000000000e+01 -1.785198099999999855e+01 -2.038888499999999837e+01
-8.885421599999999387e+01 -8.970825899999999820e+01 -7.813708400000000154e+01
-1.799937900000000113e+01 -1.653249200000000130e+01 -1.669494999999999862e+01
-3.595980999999999739e+01 -4.305969000000000335e+01 -4.383897199999999827e+01
-2.880895699999999948e+01 -3.554061800000000204e+01 -2.952811499999999967e+01
-1.369606100000000026e+01 -1.489709000000000039e+01 -1.347130699999999948e+01
-1.596914199999999973e+01 -1.483534399999999920e+01 -1.566003599999999985e+01
-5.664309599999999989e+01 -4.677665499999999810e+01 -5.346916000000000224e+01
-5.848221999999999809e+00 -7.459154999999999980e+00 -5.065445000000000420e+00
-4.870097200000000015e+01 -4.195640099999999961e+01 -4.401942499999999825e+01
-1.796927600000000069e+01 -1.789654499999999970e+01 -1.531389099999999992e+01
-3.288961100000000215e+01 -4.058308300000000202e+01 -4.335445500000000152e+01
-1.993703899999999862e+01 -1.962216600000000000e+01 -2.144484999999999886e+01
-1.163309500000000085e+01 -1.167101399999999956e+01 -9.333410000000000650e+00
-4.582009599999999949e+01 -4.432792100000000346e+01 -5.558692299999999875e+01
-1.681849300000000014e+01 -1.870814000000000021e+01 -1.963870400000000060e+01
-6.426924999999999955e+01 -5.606645499999999771e+01 -5.385152200000000278e+01
-1.361028899999999986e+01 -1.164046199999999942e+01 -1.385881200000000035e+01
-2.704426300000000083e+01 -2.528336900000000043e+01 -2.596827299999999994e+01
-1.720257099999999895e+01 -1.758844799999999964e+01 -1.767971400000000060e+01
-9.273345000000000837e+00 -1.118832399999999971e+01 -1.113350299999999926e+01
-7.048357000000000205e+00 -6.985459999999999781e+00 -7.912484000000000073e+00
-4.746872499999999917e+01 -5.494188400000000172e+01 -4.699257800000000174e+01
-2.347531599999999941e+01 -2.441450499999999835e+01 -2.555498300000000000e+01
-1.799162700000000115e+01 -1.864339899999999872e+01 -1.879486800000000102e+01
-8.741296300000000485e+01 -6.870804400000000101e+01 -7.015527500000000316e+01
-1.567055000000000042e+01 -1.289640600000000070e+01 -1.492068699999999914e+01
-1.239599300000000071e+01 -1.350734899999999961e+01 -1.209402200000000072e+01
-4.056445999999999685e+01 -4.765394700000000228e+01 -4.242707899999999910e+01
-4.677665499999999810e+01 -3.959198700000000315e+01 -4.427208100000000002e+01
-9.578498000000000445e+01 -7.997202000000000055e+01 -7.997492300000000398e+01
-2.414121799999999851e+01 -2.916780199999999823e+01 -2.366992000000000118e+01
-1.858889599999999831e+01 -2.475225000000000009e+01 -2.326943999999999946e+01
-2.150946700000000078e+01 -2.367005999999999943e+01 -2.353948600000000013e+01
-1.154193500000000050e+01 -9.455771000000000370e+00 -1.074066099999999935e+01
-3.546717199999999792e+01 -3.716517300000000290e+01 -3.175272400000000061e+01
-4.765394700000000228e+01 -4.900505299999999664e+01 -4.242707899999999910e+01
-2.815866199999999964e+01 -3.222193399999999741e+01 -2.928177300000000116e+01
-1.343168200000000034e+01 -1.384367100000000050e+01 -1.261772200000000055e+01
-3.594764500000000140e+01 -3.309123900000000162e+01 -3.099455800000000139e+01
-1.123630600000000079e+01 -1.132371000000000016e+01 -1.328031299999999959e+01
-2.414121799999999851e+01 -2.366992000000000118e+01 -1.941185000000000116e+01
-8.335184999999999178e+00 -9.455771000000000370e+00 -1.034422099999999922e+01
-4.541399100000000288e+01 -3.771945199999999687e+01 -4.383897199999999827e+01
-7.129256700000000535e+01 -8.672854399999999941e+01 -8.497412599999999827e+01
-7.238226000000000049e+00 -7.696686999999999834e+00 -8.930296999999999485e+00
-3.223358600000000251e+01 -3.003860099999999989e+01 -3.185162300000000002e+01
-2.249426300000000012e+01 -2.045850599999999986e+01 -2.019660899999999870e+01
-2.064833900000000000e+01 -2.378195300000000145e+01 -2.089037099999999825e+01
-1.210828500000000041e+01 -1.134847000000000072e+01 -1.503416600000000081e+01
-2.475225000000000009e+01 -3.206741300000000194e+01 -3.005080999999999847e+01
-1.320003099999999918e+01 -1.541183099999999939e+01 -1.311182400000000037e+01
-2.869921400000000133e+01 -3.261226700000000278e+01 -3.110684399999999883e+01
-2.598510399999999976e+01 -2.469479400000000169e+01 -2.860287599999999841e+01
-1.398783700000000074e+01 -1.607714800000000110e+01 -1.497051699999999919e+01
-4.196679100000000062e+01 -4.088900100000000037e+01 -4.936794100000000185e+01
-2.996156200000000069e+01 -3.003860099999999989e+01 -2.842147900000000149e+01
-1.798016000000000147e+01 -1.797505599999999859e+01 -1.680664099999999905e+01
-9.259233199999999897e+01 -9.379200899999999308e+01 -7.956141700000000583e+01
-4.143208099999999661e+01 -4.550874199999999803e+01 -5.063146400000000114e+01
-5.352722399999999681e+01 -5.189922200000000174e+01 -6.508599300000000198e+01
-9.057181999999999178e+00 -5.224338999999999622e+00 -9.086866999999999805e+00
-2.064833900000000000e+01 -2.038888499999999837e+01 -2.331110500000000130e+01
-6.765426700000000437e+01 -6.747909699999999589e+01 -5.675972900000000010e+01
-1.132371000000000016e+01 -9.521162000000000347e+00 -1.145795700000000039e+01
-3.487999400000000350e+01 -3.848971300000000184e+01 -4.072061099999999811e+01
-2.516801800000000000e+01 -2.441450499999999835e+01 -2.351618799999999965e+01
-9.516924799999999607e+01 -7.929366699999999923e+01 -8.004970000000000141e+01
-2.050705400000000012e+01 -2.595077600000000118e+01 -2.145679700000000167e+01
-2.328139099999999928e+01 -2.321317900000000023e+01 -2.494458699999999851e+01
-2.143363199999999935e+01 -2.297218300000000113e+01 -2.242020600000000030e+01
-1.982931200000000160e+01 -2.014899899999999988e+01 -1.884906600000000054e+01
-1.687327099999999902e+01 -1.797294799999999881e+01 -1.732795000000000130e+01
-8.933736199999999883e+01 -1.101560520000000025e+02 -9.906825200000000109e+01
-3.447478600000000171e+01 -3.054614000000000118e+01 -3.430473400000000339e+01
-1.963870400000000060e+01 -2.197980199999999940e+01 -2.052784199999999970e+01
-1.127729099999999995e+01 -1.208693300000000015e+01 -1.415788399999999925e+01
-4.870097200000000015e+01 -4.746872499999999917e+01 -4.195640099999999961e+01
-1.990291300000000163e+01 -2.010480499999999893e+01 -1.879486800000000102e+01
-2.887323200000000156e+01 -2.580865100000000112e+01 -2.714662699999999873e+01
-2.972718899999999920e+01 -3.391427900000000051e+01 -3.440724000000000160e+01
-2.637814200000000042e+01 -2.468992899999999935e+01 -2.526837599999999995e+01
-6.293591000000000157e+00 -6.230693999999999733e+00 -9.658511999999999986e+00
-1.574822799999999923e+01 -1.804641200000000012e+01 -1.552217699999999923e+01
-2.298768400000000156e+01 -2.302325700000000097e+01 -2.029252699999999976e+01
-1.134960899999999917e+01 -9.160448000000000590e+00 -1.097232699999999994e+01
-2.543467100000000158e+01 -2.468984400000000079e+01 -2.720919900000000169e+01
-1.781858799999999832e+01 -1.804641200000000012e+01 -2.043404100000000057e+01
-2.061614700000000155e+01 -2.666908600000000007e+01 -2.744295199999999824e+01
-8.443466800000000205e+01 -7.998966799999999466e+01 -6.988320699999999874e+01
-2.757817100000000110e+01 -3.039553400000000138e+01 -3.004388600000000054e+01
-2.688229099999999860e+01 -2.509289300000000011e+01 -2.680136200000000102e+01
-7.189142000000000365e+00 -8.440946999999999534e+00 -8.848147000000000872e+00
-6.963590899999999806e+01 -6.598160400000000436e+01 -8.141516799999999421e+01
-3.946702599999999705e+01 -3.836516499999999752e+01 -4.500838999999999857e+01
-2.062785900000000083e+01 -2.551680899999999852e+01 -2.141487599999999958e+01
-3.777132100000000037e+01 -3.132494000000000156e+01 -4.036941999999999808e+01
-2.510884000000000071e+01 -2.464380399999999938e+01 -2.390808699999999831e+01
-7.852741299999999569e+01 -7.905955099999999902e+01 -6.783307200000000137e+01
-7.115803999999999796e+00 -6.859665999999999819e+00 -7.238226000000000049e+00
-4.937812399999999968e+01 -4.319826299999999719e+01 -5.236963200000000285e+01
-2.100871700000000075e+01 -2.316935700000000153e+01 -2.326790400000000147e+01
-2.551680899999999852e+01 -2.647494100000000117e+01 -2.141487599999999958e+01
-1.626338399999999851e+01 -1.669494999999999862e+01 -1.534931599999999996e+01
-4.900505299999999664e+01 -4.401942499999999825e+01 -4.242707899999999910e+01
-3.737843399999999860e+01 -4.099364200000000125e+01 -4.204569000000000045e+01
-1.218266999999999989e+01 -1.208444800000000008e+01 -1.065432400000000079e+01
-4.179682700000000040e+01 -5.032055499999999881e+01 -4.427208100000000002e+01
-7.470710999999999657e+00 -7.329926999999999637e+00 -9.160448000000000590e+00
-1.289527099999999926e+01 -1.639777099999999876e+01 -1.716457799999999878e+01
-1.796927600000000069e+01 -2.064833900000000000e+01 -2.089037099999999825e+01
-1.208444800000000008e+01 -1.080401299999999942e+01 -1.065432400000000079e+01
-1.385813300000000048e+01 -1.228629399999999983e+01 -1.370403199999999977e+01
-1.184447199999999967e+01 -1.403549300000000066e+01 -1.394358899999999934e+01
-7.603560199999999725e+01 -6.238179000000000229e+01 -7.092446300000000292e+01
-3.367647300000000143e+01 -4.088138299999999958e+01 -3.511373600000000295e+01
-1.154193500000000050e+01 -1.289640600000000070e+01 -1.401594000000000051e+01
-1.325251800000000024e+01 -1.588179700000000061e+01 -1.336223000000000027e+01
-9.270127700000000459e+01 -8.827259599999999296e+01 -7.579527899999999363e+01
-1.607714800000000110e+01 -1.855386000000000024e+01 -1.660913499999999843e+01
-2.451531500000000108e+01 -2.050705400000000012e+01 -1.965449900000000127e+01
-1.385881200000000035e+01 -1.180011999999999972e+01 -1.396005300000000027e+01
-4.073406099999999697e+01 -3.219569899999999762e+01 -3.842510999999999655e+01
-2.916780199999999823e+01 -2.871987800000000135e+01 -2.366992000000000118e+01
-6.574666200000000060e+01 -7.802594700000000216e+01 -6.315240299999999962e+01
-1.987165800000000004e+01 -1.961575799999999958e+01 -1.861212700000000098e+01
-3.392050400000000110e+01 -3.099455800000000139e+01 -2.928177300000000116e+01
-3.546717199999999792e+01 -3.982845700000000022e+01 -4.175342100000000300e+01
-2.815866199999999964e+01 -2.757955899999999971e+01 -3.085842600000000147e+01
-2.169773800000000108e+01 -1.987165800000000004e+01 -2.006815900000000141e+01
-1.633531199999999828e+01 -1.687164100000000033e+01 -1.736744099999999946e+01
-3.959198700000000315e+01 -3.392050400000000110e+01 -3.754207099999999997e+01
-1.838109599999999944e+01 -2.073086699999999993e+01 -1.804641200000000012e+01
-1.325251800000000024e+01 -1.575380600000000086e+01 -1.588179700000000061e+01
-2.297218300000000113e+01 -2.390808699999999831e+01 -2.242020600000000030e+01
-2.675384299999999982e+01 -2.597963499999999826e+01 -2.744503200000000120e+01
-3.274525999999999826e+00 -3.211628999999999845e+00 -3.967932999999999932e+00
-8.191858700000000226e+01 -8.933736199999999883e+01 -7.179784300000000030e+01
-7.837892499999999529e+01 -7.657629500000000178e+01 -6.605408300000000565e+01
-5.965252900000000125e+01 -6.804445400000000177e+01 -6.050593200000000138e+01
-6.356275999999999726e+01 -6.953275800000000118e+01 -7.803354699999999866e+01
-5.352722399999999681e+01 -4.285884899999999931e+01 -5.189922200000000174e+01
-1.583659300000000059e+01 -1.561763499999999993e+01 -1.686465199999999953e+01
-8.972810400000000186e+01 -7.538412999999999897e+01 -7.548551600000000406e+01
-1.215918800000000033e+01 -1.122102899999999970e+01 -1.013552199999999992e+01
-5.586401699999999693e+01 -6.620155699999999399e+01 -6.520108199999999954e+01
-8.443466800000000205e+01 -6.988320699999999874e+01 -7.259416799999999625e+01
-4.374648999999999788e+00 -4.643470999999999904e+00 -6.022490999999999595e+00
-1.456763399999999997e+01 -1.532546199999999992e+01 -1.285231699999999933e+01
-1.394358899999999934e+01 -1.616809999999999903e+01 -1.304671899999999951e+01
-2.396785900000000069e+01 -2.643742699999999957e+01 -2.035122600000000048e+01
-3.160843900000000062e+01 -2.894356099999999898e+01 -3.054614000000000118e+01
-2.757955899999999971e+01 -2.975425699999999907e+01 -3.085842600000000147e+01
-2.000365499999999841e+01 -1.525422599999999917e+01 -1.534869400000000006e+01
-5.096221400000000301e+01 -6.238179000000000229e+01 -5.585810000000000031e+01
-2.056499799999999922e+01 -1.996149799999999885e+01 -1.671726500000000115e+01
-3.392050400000000110e+01 -3.222193399999999741e+01 -3.754207099999999997e+01
-4.951443799999999840e+01 -5.042966100000000296e+01 -5.993747499999999917e+01
-6.520108199999999954e+01 -7.666138899999999978e+01 -6.430567700000000286e+01
-7.803354699999999866e+01 -9.083042000000000371e+01 -7.157011500000000126e+01
-2.038536500000000018e+01 -1.915573699999999846e+01 -2.006988600000000034e+01
-7.696686999999999834e+00 -8.310510000000000730e+00 -9.630024000000000584e+00
-8.025491200000000447e+01 -7.092446300000000292e+01 -6.687295899999999449e+01
-4.936794100000000185e+01 -4.088900100000000037e+01 -4.704571399999999670e+01
-8.174633999999999290e+00 -8.033849000000000018e+00 -1.009849499999999978e+01
-1.922028200000000098e+01 -1.907323699999999889e+01 -1.820026700000000019e+01
-7.238226000000000049e+00 -8.930296999999999485e+00 -8.538451999999999487e+00
-3.892088799999999793e+01 -3.672198699999999860e+01 -4.412430899999999667e+01
-2.507867900000000105e+01 -2.389938899999999933e+01 -2.528336900000000043e+01
-4.319826299999999719e+01 -4.594473899999999844e+01 -5.236963200000000285e+01
-2.411179699999999926e+01 -2.557624600000000115e+01 -2.557804900000000004e+01
-2.234384199999999865e+01 -2.080567299999999875e+01 -2.177391300000000030e+01
-9.455771000000000370e+00 -7.809616000000000113e+00 -9.110887999999999209e+00
-1.347130699999999948e+01 -1.460135999999999967e+01 -1.332627500000000076e+01
-8.737066000000000443e+00 -1.071330200000000055e+01 -1.134847000000000072e+01
-1.767287599999999870e+01 -1.793696399999999969e+01 -1.993703899999999862e+01
-4.870097200000000015e+01 -5.586401699999999693e+01 -4.746872499999999917e+01
-2.078369899999999859e+01 -1.947212299999999985e+01 -1.976904000000000039e+01
-3.185162300000000002e+01 -3.003860099999999989e+01 -2.996156200000000069e+01
-5.545404700000000275e+01 -4.881387099999999890e+01 -5.877422599999999875e+01
-3.315050000000000097e+01 -3.122154099999999843e+01 -3.102665400000000062e+01
-1.568266900000000064e+01 -1.626338399999999851e+01 -1.477904700000000027e+01
-3.421763700000000341e+01 -3.414706499999999778e+01 -3.696033299999999855e+01
-2.666908600000000007e+01 -3.367647300000000143e+01 -2.744295199999999824e+01
-3.211628999999999845e+00 -4.587229999999999919e+00 -3.967932999999999932e+00
-1.789654499999999970e+01 -1.796927600000000069e+01 -2.089037099999999825e+01
-3.441095099999999718e+01 -3.320741199999999793e+01 -3.693387599999999793e+01
-3.508917999999999893e+01 -3.962823999999999813e+01 -4.026420600000000150e+01
-2.638780399999999915e+01 -2.526837599999999995e+01 -2.432394599999999940e+01
-2.839688699999999955e+01 -3.224540300000000315e+01 -2.912578900000000104e+01
-9.683128999999999209e+00 -9.186572999999999212e+00 -1.210828500000000041e+01
-4.951443799999999840e+01 -4.128200400000000059e+01 -5.042966100000000296e+01
-1.652741500000000130e+01 -1.628190400000000082e+01 -1.705909400000000176e+01
-2.316441100000000120e+01 -2.202836599999999834e+01 -2.144484999999999886e+01
-2.647494100000000117e+01 -3.219569899999999762e+01 -3.330987400000000065e+01
-2.241176899999999961e+01 -2.480721600000000038e+01 -2.336945599999999956e+01
-2.358152899999999974e+01 -2.225221000000000160e+01 -2.803386799999999823e+01
-2.516801800000000000e+01 -2.639236599999999910e+01 -2.441450499999999835e+01
-7.997202000000000055e+01 -6.574666200000000060e+01 -6.761590400000000045e+01
-8.365985000000000227e+00 -5.727515999999999607e+00 -9.198565999999999576e+00
-6.486993599999999560e+01 -7.484588499999999556e+01 -7.952547699999999509e+01
-1.071330200000000055e+01 -1.330676300000000012e+01 -1.375435200000000080e+01
-8.310510000000000730e+00 -8.858805000000000263e+00 -1.037902000000000058e+01
-6.102328599999999881e+01 -4.937812399999999968e+01 -5.236963200000000285e+01
-1.340496599999999994e+01 -1.361028899999999986e+01 -1.574822799999999923e+01
-4.053393499999999960e+01 -4.563054799999999744e+01 -4.570085900000000123e+01
-2.975425699999999907e+01 -2.868042799999999914e+01 -3.155134899999999831e+01
-1.510482499999999995e+01 -1.109119100000000024e+01 -1.200639900000000004e+01
-4.143045599999999951e+01 -3.696033299999999855e+01 -3.750125200000000092e+01
-1.758844799999999964e+01 -1.803129300000000157e+01 -1.767971400000000060e+01
-2.975425699999999907e+01 -3.155134899999999831e+01 -3.355572099999999836e+01
-9.588411999999999580e+01 -9.474811900000000264e+01 -7.769408199999999454e+01
-9.867568999999999591e+00 -1.098617400000000011e+01 -1.152029800000000037e+01
-3.043336299999999994e+01 -3.099860200000000177e+01 -2.857170500000000146e+01
-5.161442000000000085e+00 -9.055702999999999392e+00 -9.086866999999999805e+00
-1.220552999999999955e+01 -1.343168200000000034e+01 -1.261772200000000055e+01
-2.707969800000000049e+01 -2.558445400000000092e+01 -2.706494199999999850e+01
-3.102665400000000062e+01 -3.122154099999999843e+01 -2.917740300000000175e+01
-1.182604800000000012e+01 -1.395089199999999963e+01 -1.403549300000000066e+01
-3.614117099999999994e+01 -3.433448899999999782e+01 -3.110684399999999883e+01
-1.464599899999999977e+01 -1.276397099999999973e+01 -1.334137800000000063e+01
-2.254822300000000013e+01 -2.432394599999999940e+01 -2.359790200000000127e+01
-1.661494700000000080e+01 -2.407128600000000063e+01 -2.280949599999999933e+01
-2.141487599999999958e+01 -2.201915400000000034e+01 -1.843280599999999936e+01
-9.909856000000000620e+01 -7.920521499999999548e+01 -8.497412599999999827e+01
-3.574017500000000069e+01 -3.807412699999999717e+01 -3.922097500000000281e+01
-5.630309700000000106e+01 -6.953275800000000118e+01 -6.356275999999999726e+01
-2.191733800000000087e+01 -2.320716900000000038e+01 -2.312745999999999924e+01
-2.156052899999999894e+01 -2.123975000000000080e+01 -2.284366599999999892e+01
-3.548794099999999929e+01 -4.261991400000000141e+01 -3.331417199999999923e+01
-1.963870400000000060e+01 -2.129182399999999831e+01 -2.197980199999999940e+01
-9.474811900000000264e+01 -9.578498000000000445e+01 -7.997492300000000398e+01
-1.963674699999999973e+01 -1.717425100000000171e+01 -1.588179700000000061e+01
-1.680664099999999905e+01 -1.568344699999999925e+01 -1.695008500000000140e+01
-2.298768400000000156e+01 -2.029252699999999976e+01 -2.043404100000000057e+01
-1.394330000000000069e+01 -1.519997399999999921e+01 -1.404308100000000081e+01
-2.210672900000000141e+01 -2.359790200000000127e+01 -2.320716900000000038e+01
-8.972810400000000186e+01 -8.928098900000000526e+01 -7.538412999999999897e+01
-6.608076999999999757e+00 -6.545180000000000220e+00 -9.170567000000000135e+00
-3.206741300000000194e+01 -3.792168699999999859e+01 -3.005080999999999847e+01
-2.452427499999999938e+01 -2.351618799999999965e+01 -2.312745999999999924e+01
-1.605970100000000045e+01 -1.609812200000000004e+01 -1.519997399999999921e+01
-7.632996000000000336e+00 -1.077226100000000031e+01 -9.379495999999999611e+00
-1.917308299999999832e+01 -1.873351600000000161e+01 -1.553148200000000045e+01
-7.611495999999999817e+00 -7.470710999999999657e+00 -9.425293999999999173e+00
-5.161442000000000085e+00 -5.098544000000000409e+00 -9.055702999999999392e+00
-2.347531599999999941e+01 -2.266467700000000107e+01 -2.441450499999999835e+01
-2.509289300000000011e+01 -2.328139099999999928e+01 -2.494458699999999851e+01
-5.838366899999999760e+01 -4.934592599999999862e+01 -5.044485800000000353e+01
-2.225221000000000160e+01 -2.829188200000000109e+01 -2.803386799999999823e+01
-1.046240200000000087e+01 -1.109119100000000024e+01 -1.456782800000000044e+01
-2.464380399999999938e+01 -2.525188999999999950e+01 -2.378102399999999861e+01
-1.608253500000000003e+01 -1.396005300000000027e+01 -1.361338699999999946e+01
-1.997632000000000119e+01 -1.901582799999999907e+01 -1.907323699999999889e+01
-2.817746199999999845e+01 -2.704426300000000083e+01 -2.596827299999999994e+01
-5.767656199999999700e+01 -6.770780799999999999e+01 -5.698945599999999700e+01
-1.907242099999999851e+01 -1.588179700000000061e+01 -1.575380600000000086e+01
-5.558692299999999875e+01 -6.607486299999999346e+01 -7.021503199999999367e+01
-9.528019700000000114e+01 -9.550128200000000334e+01 -8.034254699999999616e+01
-1.048823000000000008e+02 -7.960060900000000572e+01 -8.493317799999999806e+01
-1.767677499999999924e+01 -1.622727000000000075e+01 -2.277471900000000105e+01
-1.904785700000000048e+01 -1.797294799999999881e+01 -1.884906600000000054e+01
-4.594473899999999844e+01 -5.545404700000000275e+01 -5.236963200000000285e+01
-3.413231900000000252e+01 -3.517725599999999986e+01 -2.935945800000000006e+01
-1.409058600000000006e+01 -1.526504699999999914e+01 -1.477832199999999929e+01
-1.814930599999999927e+01 -1.694150399999999834e+01 -1.690844099999999983e+01
-1.596914199999999973e+01 -1.492043100000000067e+01 -1.483534399999999920e+01
-2.091156700000000157e+01 -1.789654499999999970e+01 -2.089037099999999825e+01
-2.172305700000000073e+01 -2.744295199999999824e+01 -2.829188200000000109e+01
-3.559096699999999913e+01 -3.186442999999999870e+01 -3.126555799999999863e+01
-2.765792700000000082e+01 -2.581069300000000055e+01 -2.594200400000000073e+01
-1.627996699999999919e+01 -1.634443100000000015e+01 -1.403549300000000066e+01
-5.877422599999999875e+01 -5.153790599999999955e+01 -6.102091200000000271e+01
-5.848221999999999809e+00 -8.901320000000000121e+00 -7.459154999999999980e+00
-4.036941999999999808e+01 -3.132494000000000156e+01 -3.506565100000000257e+01
-9.079672000000000409e+00 -9.033134000000000441e+00 -1.073331400000000002e+01
-1.451542099999999991e+01 -1.504205499999999951e+01 -1.569896100000000061e+01
-3.251032899999999870e+01 -3.413231900000000252e+01 -2.859147799999999862e+01
-4.249272799999999961e+01 -3.823557699999999926e+01 -4.593229300000000137e+01
-2.619720900000000086e+01 -2.510884000000000071e+01 -2.514858500000000063e+01
-7.189142000000000365e+00 -7.048357000000000205e+00 -8.440946999999999534e+00
-2.280949599999999933e+01 -2.407128600000000063e+01 -3.233337900000000076e+01
-6.206294400000000167e+01 -5.189922200000000174e+01 -5.057666700000000048e+01
-1.405729900000000043e+01 -1.527138199999999912e+01 -1.447330599999999912e+01
-1.394330000000000069e+01 -1.515339700000000001e+01 -1.519997399999999921e+01
-1.052018999999999949e+01 -1.189579900000000023e+01 -1.214714500000000008e+01
-3.372261100000000056e+01 -3.330987400000000065e+01 -4.172029200000000060e+01
-1.569896100000000061e+01 -1.630668400000000062e+01 -1.687327099999999902e+01
-9.392703299999999444e+01 -9.653764999999999930e+01 -7.952547699999999509e+01
-2.468992899999999935e+01 -2.594200400000000073e+01 -2.443057100000000048e+01
-3.792168699999999859e+01 -3.548794099999999929e+01 -3.005080999999999847e+01
-1.812823399999999907e+01 -1.807385700000000028e+01 -1.759050500000000028e+01
-1.492068699999999914e+01 -1.768833899999999915e+01 -1.804631099999999932e+01
-5.296482799999999713e+01 -4.589809600000000245e+01 -4.910837300000000027e+01
-5.853310999999999709e+00 -5.790414000000000172e+00 -7.789826999999999835e+00
-1.563718399999999953e+01 -1.628190400000000082e+01 -1.652741500000000130e+01
-1.610194999999999865e+01 -1.580294699999999963e+01 -1.843280599999999936e+01
-1.681849300000000014e+01 -1.963870400000000060e+01 -1.794799799999999834e+01
-6.238179000000000229e+01 -5.096221400000000301e+01 -5.905468700000000126e+01
-2.507867900000000105e+01 -2.528336900000000043e+01 -2.639153299999999902e+01
-8.493317799999999806e+01 -6.497730099999999709e+01 -6.870804400000000101e+01
-6.953275800000000118e+01 -6.102328599999999881e+01 -7.658176500000000431e+01
-4.072061099999999811e+01 -4.606150999999999840e+01 -4.735899100000000317e+01
-2.620420100000000119e+01 -2.331110500000000130e+01 -2.302325700000000097e+01
-1.920831300000000041e+01 -2.337674000000000163e+01 -1.965449900000000127e+01
-2.000365499999999841e+01 -1.534869400000000006e+01 -2.124622099999999847e+01
-1.877964599999999962e+01 -1.861212700000000098e+01 -1.803129300000000157e+01
-1.477832199999999929e+01 -1.527138199999999912e+01 -1.405729900000000043e+01
-7.603560199999999725e+01 -6.812244400000000155e+01 -6.238179000000000229e+01
-2.971079399999999993e+01 -3.546717199999999792e+01 -3.175272400000000061e+01
-2.080567299999999875e+01 -2.038536500000000018e+01 -2.177391300000000030e+01
-1.492068699999999914e+01 -1.289640600000000070e+01 -1.239793399999999934e+01
-2.558445400000000092e+01 -2.543079099999999926e+01 -2.706494199999999850e+01
-4.064649099999999748e+01 -3.823557699999999926e+01 -3.433448899999999782e+01
-3.414706499999999778e+01 -3.456804400000000044e+01 -3.750125200000000092e+01
-3.635356500000000324e+01 -3.441095099999999718e+01 -3.866115500000000083e+01
-3.692095499999999930e+01 -4.051175200000000132e+01 -4.285176899999999733e+01
-2.109362199999999987e+01 -2.152333600000000047e+01 -2.254822300000000013e+01
-4.951443799999999840e+01 -5.993747499999999917e+01 -5.850500300000000209e+01
-5.922909899999999794e+01 -6.794747200000000475e+01 -5.838366899999999760e+01
-1.605361399999999961e+01 -1.385881200000000035e+01 -1.627337500000000148e+01
-1.273687199999999997e+01 -1.409058600000000006e+01 -1.349827100000000080e+01
-2.582966300000000004e+01 -2.594481299999999990e+01 -2.313453799999999916e+01
-2.453971999999999909e+01 -2.056499799999999922e+01 -2.460332100000000111e+01
-6.607486299999999346e+01 -5.352722399999999681e+01 -6.508599300000000198e+01
-5.400561700000000087e+01 -6.609477200000000607e+01 -5.598580400000000168e+01
-1.492043100000000067e+01 -1.334137800000000063e+01 -1.357718000000000025e+01
-3.737843399999999860e+01 -3.696033299999999855e+01 -4.099364200000000125e+01
-1.864339899999999872e+01 -1.947212299999999985e+01 -1.990291300000000163e+01
-5.158600400000000263e+01 -4.073406099999999697e+01 -4.745169700000000290e+01
-3.087071600000000160e+01 -3.172382100000000094e+01 -3.524034000000000333e+01
-3.777132100000000037e+01 -3.642387099999999833e+01 -3.033317800000000020e+01
-3.013561800000000090e+01 -3.101599500000000020e+01 -2.670883900000000111e+01
-2.525188999999999950e+01 -2.556931600000000060e+01 -2.417521599999999893e+01
-3.516248300000000171e+01 -3.820031699999999830e+01 -4.051175200000000132e+01
-2.162098699999999951e+01 -2.011877799999999894e+01 -2.017910799999999938e+01
-5.675972900000000010e+01 -6.747909699999999589e+01 -5.644718300000000255e+01
-2.597963499999999826e+01 -2.510884000000000071e+01 -2.619720900000000086e+01
-2.225221000000000160e+01 -2.172305700000000073e+01 -2.829188200000000109e+01
-5.100927000000000078e+01 -6.240176499999999749e+01 -5.400561700000000087e+01
-1.167635199999999962e+01 -1.069129399999999919e+01 -1.448881500000000067e+01
-2.101264600000000016e+01 -2.316935700000000153e+01 -2.100871700000000075e+01
-2.378102399999999861e+01 -2.417521599999999893e+01 -2.249426300000000012e+01
-1.075742999999999938e+01 -1.490505399999999980e+01 -1.277819900000000075e+01
-1.242644800000000060e+01 -1.235698200000000035e+01 -1.394330000000000069e+01
-2.169773800000000108e+01 -2.006815900000000141e+01 -2.167151000000000138e+01
-7.769408199999999454e+01 -6.974126800000000515e+01 -8.334283200000000136e+01
-1.345185299999999984e+01 -1.383306800000000081e+01 -1.852376299999999887e+01
-4.249272799999999961e+01 -4.593229300000000137e+01 -5.160346499999999992e+01
-1.593694400000000044e+01 -1.489709000000000039e+01 -1.625054199999999938e+01
-5.601721999999999646e+00 -5.538825000000000109e+00 -9.880784000000000233e+00
-2.696901499999999885e+01 -2.981528600000000040e+01 -3.067078300000000013e+01
-5.339376500000000192e+01 -5.698713399999999751e+01 -4.735899100000000317e+01
-3.692802499999999810e+01 -3.248822200000000038e+01 -4.143208099999999661e+01
-7.281391800000000103e+01 -5.567630400000000179e+01 -6.005599699999999785e+01
-2.901882799999999918e+01 -3.070355699999999999e+01 -2.451531500000000108e+01
-4.088138299999999958e+01 -4.318699000000000154e+01 -3.511373600000000295e+01
-4.195640099999999961e+01 -4.746872499999999917e+01 -4.143045599999999951e+01
-4.179682700000000040e+01 -4.667930199999999985e+01 -5.032055499999999881e+01
-1.258304099999999970e+01 -1.242644800000000060e+01 -1.404308100000000081e+01
-1.792435700000000054e+01 -1.580294699999999963e+01 -1.532546199999999992e+01
-3.555993699999999791e+01 -3.901751399999999848e+01 -4.179682700000000040e+01
-1.290619200000000077e+01 -1.350734899999999961e+01 -1.436318200000000012e+01
-1.608253500000000003e+01 -1.860404799999999881e+01 -1.627337500000000148e+01
-5.731132900000000063e+01 -5.319239600000000223e+01 -6.486993599999999560e+01
-2.807842700000000136e+01 -2.888178800000000024e+01 -3.172382100000000094e+01
-2.842147900000000149e+01 -3.003860099999999989e+01 -2.846935099999999963e+01
-5.385955299999999824e+01 -4.305969000000000335e+01 -5.110216799999999893e+01
-3.554061800000000204e+01 -3.484370200000000040e+01 -4.285884899999999931e+01
-1.963674699999999973e+01 -1.588179700000000061e+01 -1.907242099999999851e+01
-2.675384299999999982e+01 -2.556931600000000060e+01 -2.525188999999999950e+01
-4.550874199999999803e+01 -5.361164600000000036e+01 -5.063146400000000114e+01
-4.412430899999999667e+01 -5.218409100000000223e+01 -5.277174800000000232e+01
-8.741296300000000485e+01 -8.493317799999999806e+01 -6.870804400000000101e+01
-1.034422099999999922e+01 -1.270471000000000039e+01 -1.122129499999999958e+01
-4.982792400000000299e+01 -5.920624000000000109e+01 -5.938732499999999703e+01
-9.588411999999999580e+01 -7.769408199999999454e+01 -8.334283200000000136e+01
-5.586401699999999693e+01 -6.520108199999999954e+01 -5.494188400000000172e+01
-5.922909899999999794e+01 -5.838366899999999760e+01 -5.044485800000000353e+01
-4.374648999999999788e+00 -5.472008999999999901e+00 -4.138812999999999853e+00
-7.048357000000000205e+00 -7.912484000000000073e+00 -8.440946999999999534e+00
-1.901582799999999907e+01 -1.798016000000000147e+01 -1.808502100000000112e+01
-4.776044100000000014e+01 -5.644718300000000255e+01 -4.765394700000000228e+01
-2.045850599999999986e+01 -1.768833899999999915e+01 -1.755870799999999932e+01
-3.185162300000000002e+01 -2.996156200000000069e+01 -3.198381900000000044e+01
-2.050705400000000012e+01 -2.145679700000000167e+01 -1.687838599999999900e+01
-3.547471800000000286e+01 -3.574017500000000069e+01 -3.922097500000000281e+01
-4.056445999999999685e+01 -3.807412699999999717e+01 -3.601777599999999779e+01
-6.210340099999999808e+01 -5.346916000000000224e+01 -5.032055499999999881e+01
-4.541399100000000288e+01 -5.675759500000000202e+01 -4.734920100000000076e+01
-2.475225000000000009e+01 -3.005080999999999847e+01 -2.326943999999999946e+01
-3.355572099999999836e+01 -3.555993699999999791e+01 -3.085842600000000147e+01
-1.210315100000000044e+01 -1.402093699999999998e+01 -1.385634399999999999e+01
-2.061614700000000155e+01 -1.503416600000000081e+01 -1.744454199999999844e+01
-1.165164200000000072e+01 -1.385634399999999999e+01 -1.288652599999999993e+01
-1.903134599999999921e+01 -1.634443100000000015e+01 -1.627996699999999919e+01
-1.866905699999999868e+01 -1.838109599999999944e+01 -1.605361399999999961e+01
-3.222193399999999741e+01 -3.392050400000000110e+01 -2.928177300000000116e+01
-3.525955499999999887e+01 -3.440724000000000160e+01 -4.039072199999999668e+01
-1.437450800000000051e+01 -1.767677499999999924e+01 -1.835724199999999939e+01
-6.870804400000000101e+01 -5.441298900000000316e+01 -5.703632199999999841e+01
-3.484370200000000040e+01 -3.495840599999999654e+01 -4.216110199999999963e+01
-1.080401299999999942e+01 -9.257443000000000310e+00 -1.065432400000000079e+01
-5.580997399999999686e+01 -5.389433700000000016e+01 -4.762310599999999994e+01
-1.736688300000000140e+01 -1.716590199999999911e+01 -1.625054199999999938e+01
-7.015527500000000316e+01 -6.870804400000000101e+01 -5.703632199999999841e+01
-1.122129499999999958e+01 -1.270471000000000039e+01 -1.361338699999999946e+01
-2.000365499999999841e+01 -2.124622099999999847e+01 -2.704361600000000010e+01
-1.817034999999999911e+01 -1.812823399999999907e+01 -1.761051099999999892e+01
-1.849065699999999879e+01 -1.758926999999999907e+01 -1.715843500000000077e+01
-1.527138199999999912e+01 -1.563718399999999953e+01 -1.447330599999999912e+01
-1.337947499999999934e+01 -1.290738900000000022e+01 -1.065778300000000023e+01
-2.056499799999999922e+01 -1.671726500000000115e+01 -1.745603699999999847e+01
-9.646694000000000102e+00 -9.257443000000000310e+00 -1.080401299999999942e+01
-2.797621600000000086e+01 -3.468906199999999984e+01 -2.901882799999999918e+01
-3.967932999999999932e+00 -5.848221999999999809e+00 -5.065445000000000420e+00
-2.597963499999999826e+01 -2.464380399999999938e+01 -2.510884000000000071e+01
-5.675972900000000010e+01 -5.644718300000000255e+01 -4.776044100000000014e+01
-1.775782999999999845e+01 -1.540340499999999935e+01 -1.781858799999999832e+01
-1.904785700000000048e+01 -1.815811800000000176e+01 -1.797294799999999881e+01
-2.724185400000000001e+01 -2.868042799999999914e+01 -2.975425699999999907e+01
-8.323748799999999903e+01 -8.835174899999999809e+01 -7.724224599999999441e+01
-2.765792700000000082e+01 -2.807842700000000136e+01 -3.087071600000000160e+01
-3.320524900000000201e+01 -2.981528600000000040e+01 -2.860287599999999841e+01
-1.394330000000000069e+01 -1.235698200000000035e+01 -1.385813300000000048e+01
-2.162098699999999951e+01 -2.164788100000000171e+01 -2.321317900000000023e+01
-2.284280499999999847e+01 -2.158466400000000007e+01 -2.469479400000000169e+01
-3.546717199999999792e+01 -4.175342100000000300e+01 -3.716517300000000290e+01
-3.295967999999999876e+01 -3.160843900000000062e+01 -3.580931199999999848e+01
-4.018794799999999867e+01 -3.611208700000000249e+01 -4.338295399999999802e+01
-6.733871999999999858e+00 -6.670974000000000181e+00 -8.310510000000000730e+00
-1.852376299999999887e+01 -1.383306800000000081e+01 -1.858889599999999831e+01
-1.113900800000000046e+01 -9.409952000000000538e+00 -1.029929399999999973e+01
-3.820031699999999830e+01 -3.594764500000000140e+01 -4.189996099999999757e+01
-5.877422599999999875e+01 -7.179784300000000030e+01 -6.680473999999999535e+01
-2.157356800000000163e+01 -2.143363199999999935e+01 -2.010480499999999893e+01
-5.413030000000000008e+00 -5.350132999999999583e+00 -9.079672000000000409e+00
-8.970825899999999820e+01 -9.113514200000000187e+01 -7.852741299999999569e+01
-1.290738900000000022e+01 -1.568303599999999953e+01 -1.290637399999999957e+01
-3.696033299999999855e+01 -3.414706499999999778e+01 -3.750125200000000092e+01
-9.246634999999999494e+00 -9.037368000000000734e+00 -7.491969000000000101e+00
-3.635356500000000324e+01 -3.385392600000000130e+01 -3.199520300000000006e+01
-8.141516799999999421e+01 -7.766077099999999689e+01 -9.603365700000000516e+01
-2.842147900000000149e+01 -2.707969800000000049e+01 -2.706494199999999850e+01
-2.407128600000000063e+01 -2.518402899999999889e+01 -3.288961100000000215e+01
-6.727379100000000278e+01 -5.965252900000000125e+01 -5.698713399999999751e+01
-5.630309700000000106e+01 -4.937812399999999968e+01 -6.102328599999999881e+01
-3.083080400000000054e+01 -2.861341200000000029e+01 -2.894666099999999886e+01
-2.815488200000000063e+01 -2.318557500000000005e+01 -2.918635199999999941e+01
-4.051175200000000132e+01 -4.454526700000000261e+01 -4.757359499999999741e+01
-9.788111999999999924e+00 -9.880784000000000233e+00 -1.210315100000000044e+01
-1.610194999999999865e+01 -1.878743499999999855e+01 -1.627996699999999919e+01
-7.929366699999999923e+01 -6.620155699999999399e+01 -6.686209800000000314e+01
-4.582009599999999949e+01 -5.668937199999999876e+01 -4.745169700000000290e+01
-9.658511999999999986e+00 -9.805984000000000478e+00 -1.164046199999999942e+01
-1.481475499999999990e+01 -1.504679400000000022e+01 -1.370403199999999977e+01
-2.772321700000000178e+01 -2.834840399999999860e+01 -2.562402700000000166e+01
-1.322085599999999950e+01 -1.123630600000000079e+01 -1.328031299999999959e+01
-1.361028899999999986e+01 -1.385881200000000035e+01 -1.605361399999999961e+01
-1.987165800000000004e+01 -1.861212700000000098e+01 -1.877964599999999962e+01
-5.654936800000000119e+01 -4.870097200000000015e+01 -4.900505299999999664e+01
-8.493317799999999806e+01 -7.960060900000000572e+01 -6.497730099999999709e+01
-1.622727000000000075e+01 -1.950402100000000161e+01 -2.277471900000000105e+01
-2.453971999999999909e+01 -2.414121799999999851e+01 -1.996149799999999885e+01
-1.580294699999999963e+01 -1.340118599999999915e+01 -1.532546199999999992e+01
-2.080567299999999875e+01 -1.945139100000000099e+01 -2.038536500000000018e+01
-1.242644800000000060e+01 -1.394330000000000069e+01 -1.404308100000000081e+01
-2.201915400000000034e+01 -2.711274600000000135e+01 -2.245102899999999835e+01
-7.484588499999999556e+01 -8.541922900000000141e+01 -9.392703299999999444e+01
-7.657629500000000178e+01 -6.179169699999999921e+01 -6.605408300000000565e+01
-2.316935700000000153e+01 -2.270716399999999879e+01 -2.468984400000000079e+01
-4.471982200000000063e+01 -3.924665000000000248e+01 -4.735899100000000317e+01
-1.912190000000000012e+01 -2.341546800000000061e+01 -1.907242099999999851e+01
-5.163799600000000112e+01 -4.225104699999999980e+01 -4.554056800000000038e+01
-9.123058999999999585e+00 -9.658438999999999552e+00 -1.066969899999999960e+01
-1.626338399999999851e+01 -1.534931599999999996e+01 -1.477904700000000027e+01
-4.900505299999999664e+01 -4.870097200000000015e+01 -4.401942499999999825e+01
-4.589809600000000245e+01 -4.383066800000000285e+01 -4.910837300000000027e+01
-1.173111800000000038e+01 -9.604547999999999419e+00 -1.122129499999999958e+01
-9.289987999999999246e+00 -1.025614200000000054e+01 -1.098617400000000011e+01
-1.635702699999999865e+01 -1.526504699999999914e+01 -1.569896100000000061e+01
-2.480721600000000038e+01 -2.696901499999999885e+01 -2.772321700000000178e+01
-1.289527099999999926e+01 -1.210828500000000041e+01 -1.639777099999999876e+01
-1.633531199999999828e+01 -1.689934900000000084e+01 -1.568266900000000064e+01
-6.279742499999999694e+01 -6.727379100000000278e+01 -5.698713399999999751e+01
-2.704361600000000010e+01 -2.964176399999999845e+01 -3.594412700000000171e+01
-9.033134000000000441e+00 -1.067908300000000033e+01 -1.073331400000000002e+01
-1.048823000000000008e+02 -9.753368799999999794e+01 -7.960060900000000572e+01
-7.997202000000000055e+01 -7.802594700000000216e+01 -6.574666200000000060e+01
-1.269546000000000063e+01 -1.161115700000000039e+01 -1.366823199999999972e+01
-4.704775999999999847e+00 -5.027404999999999902e+00 -6.235481000000000051e+00
-1.716457799999999878e+01 -1.639777099999999876e+01 -2.172305700000000073e+01
-1.320003099999999918e+01 -1.322085599999999950e+01 -1.538634700000000066e+01
-5.938732499999999703e+01 -7.129256700000000535e+01 -7.092221399999999676e+01
-1.526583300000000065e+01 -1.608253500000000003e+01 -1.361338699999999946e+01
-1.210315100000000044e+01 -1.187611500000000042e+01 -1.402093699999999998e+01
-2.894666099999999886e+01 -2.680136200000000102e+01 -2.695343499999999892e+01
-5.668937199999999876e+01 -5.558692299999999875e+01 -7.021503199999999367e+01
-5.148411999999999722e+01 -4.271716299999999933e+01 -4.447227300000000128e+01
-9.826674999999999827e+00 -1.182604800000000012e+01 -1.184447199999999967e+01
-3.222193399999999741e+01 -3.555993699999999791e+01 -3.754207099999999997e+01
-5.257939799999999764e+01 -5.163799600000000112e+01 -4.554056800000000038e+01
-7.417171000000000447e+01 -8.902874699999999564e+01 -7.196420100000000275e+01
-4.780009799999999842e+01 -5.698945599999999700e+01 -4.757591800000000148e+01
-2.006988600000000034e+01 -1.915573699999999846e+01 -1.901502899999999840e+01
-1.477832199999999929e+01 -1.405729900000000043e+01 -1.349827100000000080e+01
-8.847541200000000572e+01 -8.741296300000000485e+01 -7.015527500000000316e+01
-2.158466400000000007e+01 -2.305819299999999927e+01 -2.469479400000000169e+01
-2.514858500000000063e+01 -2.419222399999999951e+01 -2.403072900000000089e+01
-6.356275999999999726e+01 -7.803354699999999866e+01 -7.157011500000000126e+01
-1.997632000000000119e+01 -1.907323699999999889e+01 -2.012872600000000034e+01
-1.239599300000000071e+01 -1.111003200000000035e+01 -1.122102899999999970e+01
-8.858805000000000263e+00 -9.170567000000000135e+00 -1.091019799999999940e+01
-1.590057599999999915e+01 -1.603066199999999952e+01 -1.504679400000000022e+01
-1.118237120000000004e+02 -9.083042000000000371e+01 -9.377029000000000281e+01
-6.985459999999999781e+00 -6.922563000000000244e+00 -7.386188999999999893e+00
-1.758926999999999907e+01 -1.630668400000000062e+01 -1.715843500000000077e+01
-2.359511399999999881e+01 -2.526266000000000034e+01 -2.538314300000000046e+01
-1.525422599999999917e+01 -1.553148200000000045e+01 -1.297039900000000046e+01
-8.141516799999999421e+01 -9.603365700000000516e+01 -9.963631800000000283e+01
-1.328031299999999959e+01 -1.340496599999999994e+01 -1.552217699999999923e+01
-2.477949200000000118e+01 -2.424265700000000123e+01 -2.651113700000000151e+01
-7.861916499999999530e+01 -7.872813899999999876e+01 -7.029897699999999361e+01
-3.559096699999999913e+01 -3.126555799999999863e+01 -3.508917999999999893e+01
-2.720919900000000169e+01 -2.580865100000000112e+01 -2.887323200000000156e+01
-1.164046199999999942e+01 -9.805984000000000478e+00 -1.180011999999999972e+01
-5.720448499999999825e+01 -5.218409100000000223e+01 -4.803800999999999988e+01
-2.452427499999999938e+01 -2.516801800000000000e+01 -2.351618799999999965e+01
-4.172029200000000060e+01 -4.073406099999999697e+01 -5.158600400000000263e+01
-1.340496599999999994e+01 -1.574822799999999923e+01 -1.552217699999999923e+01
-2.607264199999999832e+01 -2.694900700000000171e+01 -2.516801800000000000e+01
-1.887966499999999925e+01 -2.035122600000000048e+01 -1.619629300000000072e+01
-1.295974000000000004e+01 -1.622727000000000075e+01 -1.767677499999999924e+01
-5.350132999999999583e+00 -5.287236000000000047e+00 -9.033134000000000441e+00
-5.385152200000000278e+01 -4.683469000000000193e+01 -4.662167500000000331e+01
-1.320003099999999918e+01 -1.538634700000000066e+01 -1.541183099999999939e+01
-1.492043100000000067e+01 -1.464599899999999977e+01 -1.334137800000000063e+01
-1.737848999999999933e+01 -1.887966499999999925e+01 -1.490505399999999980e+01
-2.042871699999999890e+01 -1.963307299999999955e+01 -1.874016100000000051e+01
-2.337674000000000163e+01 -2.451531500000000108e+01 -1.965449900000000127e+01
-4.757359499999999741e+01 -5.319239600000000223e+01 -5.731132900000000063e+01
-2.172305700000000073e+01 -2.061614700000000155e+01 -2.744295199999999824e+01
-3.083080400000000054e+01 -3.027632499999999993e+01 -2.861341200000000029e+01
-1.200639900000000004e+01 -8.623770000000000380e+00 -9.379495999999999611e+00
-6.574666200000000060e+01 -6.315240299999999962e+01 -5.218409100000000223e+01
-1.690844099999999983e+01 -1.596914199999999973e+01 -1.566003599999999985e+01
-4.225104699999999980e+01 -3.820254400000000317e+01 -4.554056800000000038e+01
-2.321317900000000023e+01 -2.496666700000000105e+01 -2.494458699999999851e+01
-5.938732499999999703e+01 -7.092221399999999676e+01 -6.206294400000000167e+01
-1.132371000000000016e+01 -1.340496599999999994e+01 -1.328031299999999959e+01
-6.812244400000000155e+01 -7.179784300000000030e+01 -6.102091200000000271e+01
-2.791177599999999970e+01 -2.694900700000000171e+01 -2.607264199999999832e+01
-2.246008000000000138e+01 -2.078369899999999859e+01 -2.254477599999999882e+01
-1.976904000000000039e+01 -1.947212299999999985e+01 -1.867961499999999830e+01
-3.517725599999999986e+01 -4.196679100000000062e+01 -3.535788500000000312e+01
-1.682221200000000039e+01 -1.635702699999999865e+01 -1.732795000000000130e+01
-1.587719700000000067e+01 -1.635702699999999865e+01 -1.682221200000000039e+01
-2.100871700000000075e+01 -2.326790400000000147e+01 -2.073086699999999993e+01
-1.609812200000000004e+01 -1.633531199999999828e+01 -1.532249400000000072e+01
-1.999493299999999962e+01 -2.701587100000000063e+01 -2.475225000000000009e+01
-5.701711199999999735e+01 -5.675972900000000010e+01 -4.808950600000000009e+01
-2.815488200000000063e+01 -2.146853700000000131e+01 -2.318557500000000005e+01
-1.797505599999999859e+01 -1.915573699999999846e+01 -1.815436000000000050e+01
-3.716517300000000290e+01 -4.175342100000000300e+01 -4.293788500000000141e+01
-6.761590400000000045e+01 -6.609477200000000607e+01 -7.997492300000000398e+01
-4.662167500000000331e+01 -4.134774800000000283e+01 -4.137827899999999914e+01
-5.908499400000000179e+01 -5.806737300000000346e+01 -5.296482799999999713e+01
-8.174633999999999290e+00 -1.009849499999999978e+01 -1.047823799999999927e+01
-2.316935700000000153e+01 -2.543467100000000158e+01 -2.326790400000000147e+01
-2.580865100000000112e+01 -2.378908900000000060e+01 -2.467653699999999972e+01
-7.837892499999999529e+01 -9.272919899999999416e+01 -7.657629500000000178e+01
-1.837648799999999838e+01 -1.757900800000000174e+01 -1.874016100000000051e+01
-2.012872600000000034e+01 -1.922028200000000098e+01 -2.055414199999999880e+01
-1.630668400000000062e+01 -1.583659300000000059e+01 -1.715843500000000077e+01
-2.390356200000000086e+01 -2.598510399999999976e+01 -2.696901499999999885e+01
-1.197045600000000043e+01 -1.349827100000000080e+01 -1.261917299999999997e+01
-2.889784399999999920e+01 -3.199520300000000006e+01 -2.983087400000000144e+01
-2.698518999999999934e+01 -3.175272400000000061e+01 -2.860287599999999841e+01
-4.554056800000000038e+01 -3.820254400000000317e+01 -4.471982200000000063e+01
-2.210672900000000141e+01 -2.090207600000000099e+01 -2.109362199999999987e+01
-2.464380399999999938e+01 -2.316441100000000120e+01 -2.390808699999999831e+01
-8.946765499999999349e+01 -8.972810400000000186e+01 -7.548551600000000406e+01
-3.265442399999999878e+01 -3.027632499999999993e+01 -3.083080400000000054e+01
-2.011877799999999894e+01 -1.889372300000000138e+01 -1.895232700000000037e+01
-2.981528600000000040e+01 -2.598510399999999976e+01 -2.860287599999999841e+01
-9.160448000000000590e+00 -7.329926999999999637e+00 -8.848147000000000872e+00
-1.025614200000000054e+01 -9.409952000000000538e+00 -1.113900800000000046e+01
-2.477949200000000118e+01 -2.314998399999999990e+01 -2.284366599999999892e+01
-2.839688699999999955e+01 -2.912578900000000104e+01 -2.582966300000000004e+01
-4.432792100000000346e+01 -3.554061800000000204e+01 -4.285884899999999931e+01
-2.724185400000000001e+01 -2.975425699999999907e+01 -2.757955899999999971e+01
-1.067272799999999933e+01 -1.064235299999999995e+01 -1.228629399999999983e+01
-4.165904299999999694e+01 -4.128200400000000059e+01 -4.951443799999999840e+01
-2.949345399999999984e+01 -3.325935499999999934e+01 -3.391427900000000051e+01
-2.234384199999999865e+01 -2.347531599999999941e+01 -2.424265700000000123e+01
-5.965252900000000125e+01 -5.191103799999999779e+01 -5.698713399999999751e+01
-1.744454199999999844e+01 -1.375435200000000080e+01 -1.687838599999999900e+01
-9.618769999999999598e+00 -1.296462299999999956e+01 -9.246634999999999494e+00
-2.651113700000000151e+01 -2.885500800000000154e+01 -2.698045700000000124e+01
-2.888178800000000024e+01 -2.728921899999999923e+01 -3.034396699999999925e+01
-1.804641200000000012e+01 -2.073086699999999993e+01 -2.043404100000000057e+01
-4.687988299999999953e+01 -4.535578499999999735e+01 -5.371955200000000019e+01
-3.440724000000000160e+01 -3.391427900000000051e+01 -3.946702599999999705e+01
-1.197655800000000070e+01 -1.116017199999999931e+01 -1.336223000000000027e+01
-2.694310199999999966e+01 -2.857170500000000146e+01 -2.687333999999999889e+01
-3.261226700000000278e+01 -3.614117099999999994e+01 -3.110684399999999883e+01
-2.953216899999999967e+01 -3.535788500000000312e+01 -2.916780199999999823e+01
-1.963870400000000060e+01 -1.870814000000000021e+01 -2.129182399999999831e+01
-6.761590400000000045e+01 -6.574666200000000060e+01 -5.720448499999999825e+01
-4.587229999999999919e+00 -7.143053000000000097e+00 -5.848221999999999809e+00
-9.246634999999999494e+00 -7.491969000000000101e+00 -7.316097000000000072e+00
-2.815866199999999964e+01 -2.557804900000000004e+01 -2.757955899999999971e+01
-9.033134000000000441e+00 -9.057181999999999178e+00 -1.067908300000000033e+01
-1.689934900000000084e+01 -1.759469599999999900e+01 -1.626338399999999851e+01
-3.456804400000000044e+01 -3.265442399999999878e+01 -3.547471800000000286e+01
-9.046794099999999617e+01 -8.946765499999999349e+01 -7.561166199999999549e+01
-9.086866999999999805e+00 -9.055702999999999392e+00 -1.064235299999999995e+01
-4.683469000000000193e+01 -4.466993699999999734e+01 -4.122737800000000163e+01
-2.201915400000000034e+01 -2.245102899999999835e+01 -1.878743499999999855e+01
-2.807842700000000136e+01 -2.637814200000000042e+01 -2.888178800000000024e+01
-5.352722399999999681e+01 -4.432792100000000346e+01 -4.285884899999999931e+01
-1.705909400000000176e+01 -1.628190400000000082e+01 -1.682221200000000039e+01
-3.099455800000000139e+01 -3.309123900000000162e+01 -2.887323200000000156e+01
-1.716457799999999878e+01 -2.172305700000000073e+01 -2.225221000000000160e+01
-7.143053000000000097e+00 -1.125436099999999939e+01 -8.901320000000000121e+00
-5.654936800000000119e+01 -6.620155699999999399e+01 -5.586401699999999693e+01
-1.531389099999999992e+01 -1.789654499999999970e+01 -1.489533400000000007e+01
-2.971079399999999993e+01 -2.688614899999999963e+01 -3.293565000000000254e+01
-3.924665000000000248e+01 -3.330082800000000276e+01 -3.487999400000000350e+01
-2.581069300000000055e+01 -2.607264199999999832e+01 -2.452427499999999938e+01
-9.323733999999999966e+00 -9.407648000000000010e+00 -1.123630600000000079e+01
-5.044485800000000353e+01 -4.934592599999999862e+01 -4.338295399999999802e+01
-1.736744099999999946e+01 -1.687164100000000033e+01 -1.775952699999999851e+01
-5.385955299999999824e+01 -6.179169699999999921e+01 -5.164470000000000027e+01
-3.175272400000000061e+01 -3.320524900000000201e+01 -2.860287599999999841e+01
-1.404308100000000081e+01 -1.532249400000000072e+01 -1.428745100000000079e+01
-1.477832199999999929e+01 -1.526504699999999914e+01 -1.587719700000000067e+01
-3.198381900000000044e+01 -2.996156200000000069e+01 -3.027632499999999993e+01
-2.704426300000000083e+01 -2.869921400000000133e+01 -2.639153299999999902e+01
-7.813708400000000154e+01 -7.852741299999999569e+01 -6.794747200000000475e+01
-1.796927600000000069e+01 -1.785198099999999855e+01 -2.064833900000000000e+01
-2.200714400000000026e+01 -2.099190400000000167e+01 -1.855386000000000024e+01
-1.401594000000000051e+01 -1.289640600000000070e+01 -1.567055000000000042e+01
-1.785198099999999855e+01 -1.538634700000000066e+01 -1.775782999999999845e+01
-9.083042000000000371e+01 -7.766077099999999689e+01 -7.157011500000000126e+01
-7.603560199999999725e+01 -9.197640099999999563e+01 -8.191858700000000226e+01
-2.528336900000000043e+01 -2.704426300000000083e+01 -2.639153299999999902e+01
-3.574017500000000069e+01 -3.457047000000000025e+01 -3.807412699999999717e+01
-6.167797000000000196e+00 -9.849740999999999858e+00 -9.805984000000000478e+00
-2.150946700000000078e+01 -2.169773800000000108e+01 -2.367005999999999943e+01
-1.276397099999999973e+01 -1.410405199999999937e+01 -1.204340099999999936e+01
-1.996149799999999885e+01 -2.414121799999999851e+01 -1.941185000000000116e+01
-1.214714500000000008e+01 -1.189579900000000023e+01 -1.344156599999999990e+01
-6.032037199999999899e+01 -6.279742499999999694e+01 -5.339376500000000192e+01
-1.071246999999999971e+01 -1.046325700000000047e+01 -1.290637399999999957e+01
-6.974126800000000515e+01 -6.486993599999999560e+01 -7.952547699999999509e+01
-4.746872499999999917e+01 -5.586401699999999693e+01 -5.494188400000000172e+01
-1.456763399999999997e+01 -1.197655800000000070e+01 -1.336223000000000027e+01
-3.924665000000000248e+01 -3.487999400000000350e+01 -4.072061099999999811e+01
-5.160346499999999992e+01 -6.356275999999999726e+01 -5.729722799999999694e+01
-8.869606199999999774e+01 -8.885421599999999387e+01 -7.872813899999999876e+01
-2.972718899999999920e+01 -3.013561800000000090e+01 -2.620420100000000119e+01
-3.325694500000000176e+01 -3.083080400000000054e+01 -3.122154099999999843e+01
-2.952811499999999967e+01 -3.682384600000000319e+01 -3.067872300000000152e+01
-7.538412999999999897e+01 -8.928098900000000526e+01 -7.496835500000000252e+01
-3.369609799999999922e+01 -4.018794799999999867e+01 -3.430473400000000339e+01
-2.880895699999999948e+01 -3.484370200000000040e+01 -3.554061800000000204e+01
-2.202836599999999834e+01 -1.993703899999999862e+01 -2.144484999999999886e+01
-1.182604800000000012e+01 -9.693272000000000332e+00 -1.163711100000000087e+01
-2.889784399999999920e+01 -2.983087400000000144e+01 -2.718710599999999999e+01
-1.363862999999999914e+01 -1.716457799999999878e+01 -1.802101100000000145e+01
-4.808242800000000017e+01 -5.511377300000000190e+01 -4.907689700000000244e+01
-1.385881200000000035e+01 -1.164046199999999942e+01 -1.180011999999999972e+01
-2.277090899999999962e+01 -2.087124599999999930e+01 -2.066149100000000161e+01
-2.711274600000000135e+01 -3.372261100000000056e+01 -2.748476499999999945e+01
-2.481703299999999857e+01 -2.099190400000000167e+01 -2.200714400000000026e+01
-7.561166199999999549e+01 -6.390910199999999719e+01 -6.430567700000000286e+01
-9.333410000000000650e+00 -1.013552199999999992e+01 -8.918879000000000445e+00
-4.244369199999999864e+01 -3.635356500000000324e+01 -3.866115500000000083e+01
-6.804445400000000177e+01 -7.861916499999999530e+01 -7.029897699999999361e+01
-5.664619000000000071e+00 -5.601721999999999646e+00 -9.788111999999999924e+00
-1.540340499999999935e+01 -1.322085599999999950e+01 -1.328031299999999959e+01
-3.506565100000000257e+01 -3.132494000000000156e+01 -2.803386799999999823e+01
-2.894356099999999898e+01 -2.791177599999999970e+01 -3.054614000000000118e+01
-4.985358300000000042e+01 -3.983028000000000191e+01 -4.335445500000000152e+01
-1.428745100000000079e+01 -1.568266900000000064e+01 -1.477904700000000027e+01
-4.318699000000000154e+01 -5.026984300000000161e+01 -4.036941999999999808e+01
-4.195640099999999961e+01 -4.143045599999999951e+01 -3.750125200000000092e+01
-6.240176499999999749e+01 -7.769408199999999454e+01 -6.609477200000000607e+01
-1.903134599999999921e+01 -2.278932700000000011e+01 -1.920831300000000041e+01
-1.167101399999999956e+01 -1.534869400000000006e+01 -1.215918800000000033e+01
-1.375435200000000080e+01 -1.330676300000000012e+01 -1.687838599999999900e+01
-1.072127640000000071e+02 -1.021538129999999995e+02 -8.827259599999999296e+01
-5.825362000000000151e+00 -7.347045999999999744e+00 -7.316097000000000072e+00
-3.198381900000000044e+01 -3.027632499999999993e+01 -3.265442399999999878e+01
-2.326790400000000147e+01 -2.543467100000000158e+01 -2.582966300000000004e+01
-5.511377300000000190e+01 -4.808242800000000017e+01 -5.253120899999999693e+01
-3.251032899999999870e+01 -2.859147799999999862e+01 -2.756810799999999873e+01
-1.383306800000000081e+01 -9.974503999999999593e+00 -1.046240200000000087e+01
-2.336945599999999956e+01 -2.480721600000000038e+01 -2.562402700000000166e+01
-1.471456099999999978e+01 -1.239793399999999934e+01 -1.269546000000000063e+01
-2.100871700000000075e+01 -1.838109599999999944e+01 -1.866905699999999868e+01
-1.616809999999999903e+01 -1.626976200000000006e+01 -1.304671899999999951e+01
-1.405729900000000043e+01 -1.308313200000000087e+01 -1.261917299999999997e+01
-3.580931199999999848e+01 -4.056445999999999685e+01 -3.601777599999999779e+01
-1.863383200000000173e+01 -1.775952699999999851e+01 -1.879486800000000102e+01
-3.067872300000000152e+01 -3.682384600000000319e+01 -3.842510999999999655e+01
-6.765426700000000437e+01 -5.675972900000000010e+01 -5.701711199999999735e+01
-2.298768400000000156e+01 -2.599664500000000089e+01 -2.302325700000000097e+01
-6.497367699999999502e+01 -7.579527899999999363e+01 -6.157391499999999951e+01
-3.185162300000000002e+01 -3.414706499999999778e+01 -3.421763700000000341e+01
-3.548794099999999929e+01 -3.331417199999999923e+01 -2.630090500000000020e+01
-9.826674999999999827e+00 -9.693272000000000332e+00 -1.182604800000000012e+01
-2.953216899999999967e+01 -2.453971999999999909e+01 -2.935945800000000006e+01
-3.413231900000000252e+01 -4.088900100000000037e+01 -3.517725599999999986e+01
-2.857170500000000146e+01 -2.889784399999999920e+01 -2.687333999999999889e+01
-3.716517300000000290e+01 -3.320524900000000201e+01 -3.175272400000000061e+01
-1.401594000000000051e+01 -1.681849300000000014e+01 -1.526583300000000065e+01
-6.315240299999999962e+01 -7.802594700000000216e+01 -7.417171000000000447e+01
-6.686209800000000314e+01 -6.620155699999999399e+01 -5.654936800000000119e+01
-1.820026700000000019e+01 -1.907323699999999889e+01 -1.808502100000000112e+01
-1.204340099999999936e+01 -9.658438999999999552e+00 -1.050504600000000011e+01
-1.619629300000000072e+01 -1.267224500000000020e+01 -1.277819900000000075e+01
-4.244369199999999864e+01 -3.866115500000000083e+01 -4.466993699999999734e+01
-2.191733800000000087e+01 -2.090207600000000099e+01 -2.210672900000000141e+01
-3.922097500000000281e+01 -3.807412699999999717e+01 -4.242707899999999910e+01
-3.390164200000000250e+01 -4.128200400000000059e+01 -4.165904299999999694e+01
-1.759469599999999900e+01 -1.906005899999999897e+01 -1.799937900000000113e+01
-1.689934900000000084e+01 -1.626338399999999851e+01 -1.568266900000000064e+01
-1.073331400000000002e+01 -1.067908300000000033e+01 -1.242644800000000060e+01
-2.378195300000000145e+01 -2.428610799999999870e+01 -2.089037099999999825e+01
-9.804406000000000176e+01 -9.270127700000000459e+01 -7.962577400000000694e+01
-6.042002000000000095e+00 -5.979104999999999670e+00 -9.008971999999999980e+00
-8.858805000000000263e+00 -1.091019799999999940e+01 -1.037902000000000058e+01
-1.134960899999999917e+01 -1.374253399999999914e+01 -1.163711100000000087e+01
-5.652485200000000276e+01 -4.900505299999999664e+01 -4.765394700000000228e+01
-4.053393499999999960e+01 -3.559096699999999913e+01 -4.026420600000000150e+01
-6.167797000000000196e+00 -6.104899999999999771e+00 -9.849740999999999858e+00
-3.168556600000000145e+01 -2.817746199999999845e+01 -2.983087400000000144e+01
-1.504205499999999951e+01 -1.459679700000000047e+01 -1.583659300000000059e+01
-3.291383100000000184e+01 -3.848971300000000184e+01 -3.487999400000000350e+01
-7.803354699999999866e+01 -8.514337100000000191e+01 -9.377029000000000281e+01
-2.091156700000000157e+01 -2.428610799999999870e+01 -2.460332100000000111e+01
-5.457446800000000309e+01 -4.713160799999999995e+01 -4.699257800000000174e+01
-1.962216600000000000e+01 -1.906005899999999897e+01 -2.072741999999999862e+01
-3.198381900000000044e+01 -3.265442399999999878e+01 -3.456804400000000044e+01
-3.224540300000000315e+01 -3.074026399999999981e+01 -3.516248300000000171e+01
-7.829835199999999418e+01 -8.076792000000000371e+01 -6.897492099999999482e+01
-2.347531599999999941e+01 -2.177391300000000030e+01 -2.266467700000000107e+01
-3.101599500000000020e+01 -3.672198699999999860e+01 -3.251032899999999870e+01
-6.497367699999999502e+01 -5.158600400000000263e+01 -5.702747399999999800e+01
-1.347130699999999948e+01 -1.332627500000000076e+01 -1.208444800000000008e+01
-3.777132100000000037e+01 -3.033317800000000020e+01 -3.132494000000000156e+01
-2.156052899999999894e+01 -2.014899899999999988e+01 -2.123975000000000080e+01
-2.389938899999999933e+01 -2.246008000000000138e+01 -2.254477599999999882e+01
-8.004970000000000141e+01 -6.686209800000000314e+01 -6.725588100000000225e+01
-2.647494100000000117e+01 -3.330987400000000065e+01 -2.711274600000000135e+01
-9.198565999999999576e+00 -9.788111999999999924e+00 -1.165164200000000072e+01
-7.724224599999999441e+01 -7.759384900000000584e+01 -6.727379100000000278e+01
-1.071246999999999971e+01 -8.596393000000000839e+00 -1.046325700000000047e+01
-9.469256500000000187e+01 -8.027659300000000542e+01 -7.998633200000000443e+01
-2.419222399999999951e+01 -2.510884000000000071e+01 -2.390808699999999831e+01
-1.759469599999999900e+01 -1.821089100000000016e+01 -1.906005899999999897e+01
-4.594473899999999844e+01 -3.834663299999999708e+01 -4.083333100000000115e+01
-4.593229300000000137e+01 -3.823557699999999926e+01 -4.064649099999999748e+01
-1.013223999999999947e+01 -1.289527099999999926e+01 -1.363862999999999914e+01
-1.074066099999999935e+01 -9.455771000000000370e+00 -9.110887999999999209e+00
-2.351618799999999965e+01 -2.208319300000000140e+01 -2.312745999999999924e+01
-4.285884899999999931e+01 -4.216110199999999963e+01 -5.189922200000000174e+01
-6.963590899999999806e+01 -8.141516799999999421e+01 -8.541922900000000141e+01
-1.289527099999999926e+01 -9.683128999999999209e+00 -1.210828500000000041e+01
-2.704361600000000010e+01 -2.124622099999999847e+01 -2.964176399999999845e+01
-5.630309700000000106e+01 -6.356275999999999726e+01 -5.160346499999999992e+01
-3.823557699999999926e+01 -3.596310799999999830e+01 -3.291911999999999949e+01
-1.210315100000000044e+01 -9.880784000000000233e+00 -1.187611500000000042e+01
-2.428610799999999870e+01 -2.091156700000000157e+01 -2.089037099999999825e+01
-1.610194999999999865e+01 -1.843280599999999936e+01 -1.878743499999999855e+01
-5.806737300000000346e+01 -5.148995000000000033e+01 -5.296482799999999713e+01
-9.425293999999999173e+00 -1.134960899999999917e+01 -1.163711100000000087e+01
-2.145679700000000167e+01 -1.744454199999999844e+01 -1.687838599999999900e+01
-2.601591700000000174e+01 -2.815866199999999964e+01 -2.928177300000000116e+01
-1.445921399999999934e+01 -1.460135999999999967e+01 -1.568344699999999925e+01
-1.797294799999999881e+01 -1.815811800000000176e+01 -1.732795000000000130e+01
-2.720919900000000169e+01 -2.468984400000000079e+01 -2.580865100000000112e+01
-1.204340099999999936e+01 -1.218266999999999989e+01 -1.066969899999999960e+01
-1.734420899999999932e+01 -1.671549900000000122e+01 -1.720257099999999895e+01
-2.124622099999999847e+01 -1.581596399999999925e+01 -2.280949599999999933e+01
-1.681849300000000014e+01 -1.567055000000000042e+01 -1.870814000000000021e+01
-5.545404700000000275e+01 -5.877422599999999875e+01 -6.680473999999999535e+01
-3.047456400000000087e+01 -2.894356099999999898e+01 -3.160843900000000062e+01
-6.974126800000000515e+01 -5.731132900000000063e+01 -6.486993599999999560e+01
-3.642387099999999833e+01 -2.918635199999999941e+01 -3.033317800000000020e+01
-2.797621600000000086e+01 -3.390164200000000250e+01 -3.468906199999999984e+01
-2.888178800000000024e+01 -3.034396699999999925e+01 -3.330082800000000276e+01
-2.266467700000000107e+01 -2.124110200000000148e+01 -2.208319300000000140e+01
-1.767287599999999870e+01 -1.993703899999999862e+01 -2.019660899999999870e+01
-2.647494100000000117e+01 -2.201915400000000034e+01 -2.141487599999999958e+01
-1.329615699999999912e+01 -1.451542099999999991e+01 -1.409058600000000006e+01
-5.730544799999999839e+01 -5.148995000000000033e+01 -5.806737300000000346e+01
-7.920521499999999548e+01 -7.966066100000000461e+01 -6.508599300000000198e+01
-7.129256700000000535e+01 -5.920624000000000109e+01 -7.196420100000000275e+01
-3.441095099999999718e+01 -3.099860200000000177e+01 -3.320741199999999793e+01
-4.195640099999999961e+01 -3.750125200000000092e+01 -3.762014800000000037e+01
-2.038888499999999837e+01 -1.775782999999999845e+01 -2.029252699999999976e+01
-3.320741199999999793e+01 -3.486295700000000153e+01 -3.693387599999999793e+01
-1.901502899999999840e+01 -1.797505599999999859e+01 -1.798016000000000147e+01
-1.879193100000000172e+01 -1.345185299999999984e+01 -1.852376299999999887e+01
-5.096221400000000301e+01 -4.466993699999999734e+01 -5.084622499999999690e+01
-4.985358300000000042e+01 -5.361164600000000036e+01 -4.550874199999999803e+01
-1.276397099999999973e+01 -1.204340099999999936e+01 -1.050504600000000011e+01
-1.715862299999999863e+01 -1.664823600000000070e+01 -1.714079900000000123e+01
-6.179169699999999921e+01 -5.385955299999999824e+01 -6.605408300000000565e+01
-1.745603699999999847e+01 -1.671726500000000115e+01 -1.415788399999999925e+01
-6.687295899999999449e+01 -7.092446300000000292e+01 -5.905468700000000126e+01
-1.714079900000000123e+01 -1.705909400000000176e+01 -1.761051099999999892e+01
-1.134820099999999954e+01 -1.092877700000000019e+01 -1.294800299999999993e+01
-4.663515400000000000e+01 -5.400561700000000087e+01 -5.598580400000000168e+01
-2.006815900000000141e+01 -1.987165800000000004e+01 -1.877964599999999962e+01
-9.867568999999999591e+00 -9.289987999999999246e+00 -1.098617400000000011e+01
-2.797621600000000086e+01 -2.901882799999999918e+01 -2.337674000000000163e+01
-2.274746199999999874e+01 -2.066149100000000161e+01 -2.045850599999999986e+01
-5.117062599999999861e+01 -5.005819100000000077e+01 -4.570085900000000123e+01
-4.293788500000000141e+01 -4.175342100000000300e+01 -4.808242800000000017e+01
-2.129182399999999831e+01 -2.277757499999999879e+01 -2.308036799999999999e+01
-5.838421999999999557e+00 -4.704775999999999847e+00 -6.235481000000000051e+00
-1.410405199999999937e+01 -1.567014400000000052e+01 -1.527854199999999985e+01
-3.248822200000000038e+01 -3.594412700000000171e+01 -4.143208099999999661e+01
-3.546717199999999792e+01 -3.293565000000000254e+01 -3.982845700000000022e+01
-2.056499799999999922e+01 -1.745603699999999847e+01 -2.091156700000000157e+01
-6.482282999999999795e+00 -6.419386000000000259e+00 -9.323733999999999966e+00
-5.005819100000000077e+01 -5.810002099999999814e+01 -5.329733499999999680e+01
-3.693387599999999793e+01 -4.134774800000000283e+01 -4.122737800000000163e+01
-4.165904299999999694e+01 -4.951443799999999840e+01 -5.110216799999999893e+01
-6.520108199999999954e+01 -6.430567700000000286e+01 -5.494188400000000172e+01
-3.027632499999999993e+01 -2.996156200000000069e+01 -2.844748399999999933e+01
-6.050593200000000138e+01 -6.804445400000000177e+01 -7.029897699999999361e+01
-7.347045999999999744e+00 -5.825362000000000151e+00 -5.684237999999999680e+00
-4.073406099999999697e+01 -3.842510999999999655e+01 -4.745169700000000290e+01
-4.225104699999999980e+01 -5.044485800000000353e+01 -4.338295399999999802e+01
-1.583659300000000059e+01 -1.686465199999999953e+01 -1.715843500000000077e+01
-4.762310599999999994e+01 -4.137827899999999914e+01 -4.204569000000000045e+01
-4.039072199999999668e+01 -4.663515400000000000e+01 -4.803800999999999988e+01
-1.950402100000000161e+01 -1.802101100000000145e+01 -2.358152899999999974e+01
-1.343168200000000034e+01 -1.459679700000000047e+01 -1.384367100000000050e+01
-1.538634700000000066e+01 -1.540340499999999935e+01 -1.775782999999999845e+01
-9.909856000000000620e+01 -9.683821799999999769e+01 -7.920521499999999548e+01
-3.367647300000000143e+01 -3.940831599999999924e+01 -4.088138299999999958e+01
-2.748476499999999945e+01 -3.372261100000000056e+01 -3.390164200000000250e+01
-1.945139100000000099e+01 -1.849065699999999879e+01 -1.815436000000000050e+01
-1.734420899999999932e+01 -1.720257099999999895e+01 -1.767971400000000060e+01
-4.412430899999999667e+01 -3.672198699999999860e+01 -4.221303300000000291e+01
-1.492068699999999914e+01 -1.471456099999999978e+01 -1.768833899999999915e+01
-2.953813500000000047e+01 -2.868042799999999914e+01 -2.744503200000000120e+01
-1.799937900000000113e+01 -1.962216600000000000e+01 -1.793696399999999969e+01
-5.698713399999999751e+01 -5.191103799999999779e+01 -4.735899100000000317e+01
-1.489533400000000007e+01 -1.745603699999999847e+01 -1.415788399999999925e+01
-1.497051699999999919e+01 -1.607714800000000110e+01 -1.660913499999999843e+01
-8.885421599999999387e+01 -7.813708400000000154e+01 -7.872813899999999876e+01
-1.879193100000000172e+01 -2.630090500000000020e+01 -2.518402899999999889e+01
-6.897492099999999482e+01 -7.223030699999999626e+01 -6.279742499999999694e+01
-3.054614000000000118e+01 -3.004388600000000054e+01 -3.430473400000000339e+01
-7.196420100000000275e+01 -8.902874699999999564e+01 -8.672854399999999941e+01
-6.497367699999999502e+01 -6.157391499999999951e+01 -5.158600400000000263e+01
-4.541399100000000288e+01 -4.383897199999999827e+01 -5.164470000000000027e+01
-4.221303300000000291e+01 -3.525955499999999887e+01 -4.039072199999999668e+01
-9.113514200000000187e+01 -9.259233199999999897e+01 -7.905955099999999902e+01
-2.844748399999999933e+01 -2.842147900000000149e+01 -2.706494199999999850e+01
-2.599664500000000089e+01 -2.620420100000000119e+01 -2.302325700000000097e+01
-2.123975000000000080e+01 -2.080567299999999875e+01 -2.234384199999999865e+01
-2.129182399999999831e+01 -1.870814000000000021e+01 -2.087124599999999930e+01
-5.644718300000000255e+01 -6.725588100000000225e+01 -5.652485200000000276e+01
-3.033317800000000020e+01 -2.277471900000000105e+01 -2.517566700000000068e+01
-9.269693999999999434e+00 -1.092877700000000019e+01 -1.134820099999999954e+01
-2.150946700000000078e+01 -1.961575799999999958e+01 -1.987165800000000004e+01
-9.693272000000000332e+00 -9.425293999999999173e+00 -1.163711100000000087e+01
-1.679119999999999990e+01 -1.757900800000000174e+01 -1.654649200000000064e+01
-8.076792000000000371e+01 -8.323748799999999903e+01 -7.223030699999999626e+01
-8.076792000000000371e+01 -7.223030699999999626e+01 -6.897492099999999482e+01
-6.238179000000000229e+01 -6.812244400000000155e+01 -5.585810000000000031e+01
-8.930296999999999485e+00 -1.127729099999999995e+01 -1.065778300000000023e+01
-4.083333100000000115e+01 -3.834663299999999708e+01 -3.454186599999999885e+01
-3.959198700000000315e+01 -3.754207099999999997e+01 -4.427208100000000002e+01
-2.480721600000000038e+01 -2.772321700000000178e+01 -2.562402700000000166e+01
-2.514858500000000063e+01 -2.403072900000000089e+01 -2.507867900000000105e+01
-5.904053100000000143e+01 -7.417171000000000447e+01 -7.196420100000000275e+01
-1.122102899999999970e+01 -1.001885700000000057e+01 -1.013552199999999992e+01
-8.737066000000000443e+00 -8.315417999999999310e+00 -1.071330200000000055e+01
-1.553148200000000045e+01 -1.873351600000000161e+01 -1.607714800000000110e+01
-1.567055000000000042e+01 -1.492068699999999914e+01 -1.804631099999999932e+01
-2.841233799999999832e+01 -2.781605100000000164e+01 -2.639236599999999910e+01
-1.091019799999999940e+01 -1.113350299999999926e+01 -1.311182400000000037e+01
-1.581596399999999925e+01 -1.661494700000000080e+01 -2.280949599999999933e+01
-2.543079099999999926e+01 -2.351772499999999866e+01 -2.509289300000000011e+01
-2.411179699999999926e+01 -2.277090899999999962e+01 -2.424590200000000095e+01
-4.266075200000000223e+01 -5.005819100000000077e+01 -4.606150999999999840e+01
-2.581069300000000055e+01 -2.452427499999999938e+01 -2.443057100000000048e+01
-3.126555799999999863e+01 -2.772321700000000178e+01 -3.067078300000000013e+01
-5.148995000000000033e+01 -4.563054799999999744e+01 -4.589809600000000245e+01
-2.949345399999999984e+01 -3.391427900000000051e+01 -2.972718899999999920e+01
-6.206294400000000167e+01 -7.092221399999999676e+01 -7.920521499999999548e+01
-1.497051699999999919e+01 -1.660913499999999843e+01 -1.566003599999999985e+01
-2.208319300000000140e+01 -2.191733800000000087e+01 -2.312745999999999924e+01
-4.305969000000000335e+01 -3.468906199999999984e+01 -4.165904299999999694e+01
-4.582009599999999949e+01 -5.558692299999999875e+01 -5.668937199999999876e+01
-7.966066100000000461e+01 -6.607486299999999346e+01 -6.508599300000000198e+01
-4.677147200000000282e+01 -4.244369199999999864e+01 -5.096221400000000301e+01
-2.904992800000000130e+01 -2.638780399999999915e+01 -2.834840399999999860e+01
-9.230070000000000618e+01 -9.046794099999999617e+01 -7.666138899999999978e+01
-9.031017699999999593e+01 -1.093664650000000051e+02 -8.847541200000000572e+01
-2.557624600000000115e+01 -2.424590200000000095e+01 -2.556931600000000060e+01
-1.526504699999999914e+01 -1.451542099999999991e+01 -1.569896100000000061e+01
-2.698045700000000124e+01 -2.917740300000000175e+01 -2.695343499999999892e+01
-2.146853700000000131e+01 -1.569920499999999919e+01 -1.835724199999999939e+01
-6.963590899999999806e+01 -5.664309599999999989e+01 -6.598160400000000436e+01
-3.186442999999999870e+01 -2.904992800000000130e+01 -2.834840399999999860e+01
-5.664619000000000071e+00 -9.788111999999999924e+00 -9.198565999999999576e+00
-3.668890000000000207e+00 -3.274525999999999826e+00 -3.967932999999999932e+00
-6.747909699999999589e+01 -8.034254699999999616e+01 -6.725588100000000225e+01
-2.202836599999999834e+01 -2.378102399999999861e+01 -2.249426300000000012e+01
-4.051175200000000132e+01 -3.820031699999999830e+01 -4.454526700000000261e+01
-3.433448899999999782e+01 -3.014431000000000083e+01 -3.110684399999999883e+01
-1.118832399999999971e+01 -9.323733999999999966e+00 -1.123630600000000079e+01
-2.904992800000000130e+01 -2.728921899999999923e+01 -2.638780399999999915e+01
-8.027659300000000542e+01 -6.747909699999999589e+01 -6.765426700000000437e+01
-3.946702599999999705e+01 -3.391427900000000051e+01 -3.836516499999999752e+01
-6.953275800000000118e+01 -7.658176500000000431e+01 -8.514337100000000191e+01
-3.325935499999999934e+01 -3.692095499999999930e+01 -3.836516499999999752e+01
-1.963307299999999955e+01 -1.922028200000000098e+01 -1.837648799999999838e+01
-2.288266199999999984e+01 -2.419222399999999951e+01 -2.297218300000000113e+01
-7.496835500000000252e+01 -7.505690199999999379e+01 -6.314309099999999830e+01
-6.783307200000000137e+01 -6.770780799999999999e+01 -5.767656199999999700e+01
-4.713160799999999995e+01 -4.762310599999999994e+01 -4.204569000000000045e+01
-4.137827899999999914e+01 -3.737843399999999860e+01 -4.204569000000000045e+01
-2.638780399999999915e+01 -2.728921899999999923e+01 -2.526837599999999995e+01
-3.004388600000000054e+01 -3.039553400000000138e+01 -3.369609799999999922e+01
-3.842510999999999655e+01 -4.582009599999999949e+01 -4.745169700000000290e+01
-5.825362000000000151e+00 -7.316097000000000072e+00 -6.287751000000000090e+00
-1.808502100000000112e+01 -1.798016000000000147e+01 -1.695008500000000140e+01
-4.907689700000000244e+01 -5.450798900000000202e+01 -4.910837300000000027e+01
-1.261772200000000055e+01 -1.190503400000000056e+01 -1.122096999999999944e+01
-8.335184999999999178e+00 -7.809616000000000113e+00 -9.455771000000000370e+00
-1.410405199999999937e+01 -1.369606100000000026e+01 -1.204340099999999936e+01
-4.271716299999999933e+01 -3.564353700000000202e+01 -3.642387099999999833e+01
-1.273687199999999997e+01 -1.197045600000000043e+01 -1.113900800000000046e+01
-1.603066199999999952e+01 -1.605970100000000045e+01 -1.515339700000000001e+01
-7.548551600000000406e+01 -7.538412999999999897e+01 -6.439454899999999782e+01
-1.671726500000000115e+01 -1.602252400000000065e+01 -1.337947499999999934e+01
-8.365985000000000227e+00 -9.198565999999999576e+00 -1.061256099999999947e+01
-4.667930199999999985e+01 -4.249272799999999961e+01 -5.160346499999999992e+01
-2.006988600000000034e+01 -1.994415899999999908e+01 -2.092302700000000115e+01
-2.772321700000000178e+01 -2.696901499999999885e+01 -3.067078300000000013e+01
-4.677665499999999810e+01 -4.971076399999999751e+01 -4.189996099999999757e+01
-1.046325700000000047e+01 -1.290738900000000022e+01 -1.290637399999999957e+01
-7.632996000000000336e+00 -6.022490999999999595e+00 -8.710119999999999862e+00
-4.138812999999999853e+00 -5.472008999999999901e+00 -5.027404999999999902e+00
-1.134820099999999954e+01 -1.294800299999999993e+01 -1.353892500000000076e+01
-2.724185400000000001e+01 -2.556931600000000060e+01 -2.675384299999999982e+01
-7.603560199999999725e+01 -8.191858700000000226e+01 -6.812244400000000155e+01
-2.164788100000000171e+01 -2.156052899999999894e+01 -2.314998399999999990e+01
-1.548935999999999957e+01 -1.402093699999999998e+01 -1.534931599999999996e+01
-6.820196799999999371e+01 -5.922909899999999794e+01 -6.050593200000000138e+01
-1.332627500000000076e+01 -1.445921399999999934e+01 -1.343168200000000034e+01
-1.187611500000000042e+01 -1.134820099999999954e+01 -1.353892500000000076e+01
-2.152333600000000047e+01 -2.055414199999999880e+01 -2.241176899999999961e+01
-9.160448000000000590e+00 -8.848147000000000872e+00 -1.097232699999999994e+01
-2.045850599999999986e+01 -1.755870799999999932e+01 -2.019660899999999870e+01
-4.687988299999999953e+01 -3.982845700000000022e+01 -4.535578499999999735e+01
-2.367005999999999943e+01 -2.351772499999999866e+01 -2.543079099999999926e+01
-2.156052899999999894e+01 -2.025120400000000132e+01 -2.014899899999999988e+01
-5.385152200000000278e+01 -5.606645499999999771e+01 -4.683469000000000193e+01
-5.606645499999999771e+01 -6.687295899999999449e+01 -5.905468700000000126e+01
-2.246008000000000138e+01 -2.109261899999999912e+01 -2.078369899999999859e+01
-1.235698200000000035e+01 -1.228629399999999983e+01 -1.385813300000000048e+01
-2.245102899999999835e+01 -2.278932700000000011e+01 -1.903134599999999921e+01
-4.757359499999999741e+01 -4.454526700000000261e+01 -5.319239600000000223e+01
-2.551680899999999852e+01 -3.067872300000000152e+01 -3.219569899999999762e+01
-1.775952699999999851e+01 -1.799162700000000115e+01 -1.879486800000000102e+01
-1.994415899999999908e+01 -1.901582799999999907e+01 -1.997632000000000119e+01
-3.834563500000000147e+01 -4.293788500000000141e+01 -4.383066800000000285e+01
-9.683821799999999769e+01 -9.567969800000000191e+01 -7.966066100000000461e+01
-1.046240200000000087e+01 -7.546377999999999808e+00 -7.954011000000000386e+00
-1.366823199999999972e+01 -1.288652599999999993e+01 -1.483165900000000015e+01
-4.535578499999999735e+01 -4.143208099999999661e+01 -5.063146400000000114e+01
-1.436318200000000012e+01 -1.497051699999999919e+01 -1.566003599999999985e+01
-3.251032899999999870e+01 -3.892088799999999793e+01 -3.413231900000000252e+01
-4.208009500000000003e+01 -4.982792400000000299e+01 -5.057666700000000048e+01
-3.680454100000000039e+01 -3.385392600000000130e+01 -3.947797899999999771e+01
-6.922563000000000244e+00 -6.859665999999999819e+00 -7.115803999999999796e+00
-9.753368799999999794e+01 -7.281391800000000103e+01 -7.960060900000000572e+01
-2.149829099999999826e+01 -2.396785900000000069e+01 -1.887966499999999925e+01
-3.517725599999999986e+01 -4.088900100000000037e+01 -4.196679100000000062e+01
-2.038536500000000018e+01 -1.945139100000000099e+01 -1.915573699999999846e+01
-1.602252400000000065e+01 -1.996149799999999885e+01 -1.941185000000000116e+01
-2.647494100000000117e+01 -2.711274600000000135e+01 -2.201915400000000034e+01
-1.716590199999999911e+01 -1.593694400000000044e+01 -1.625054199999999938e+01
-1.654649200000000064e+01 -1.757900800000000174e+01 -1.736688300000000140e+01
-2.327278799999999848e+01 -1.917308299999999832e+01 -2.493953499999999934e+01
-2.351772499999999866e+01 -2.167151000000000138e+01 -2.328139099999999928e+01
-1.532546199999999992e+01 -1.340118599999999915e+01 -1.285231699999999933e+01
-1.799937900000000113e+01 -1.906005899999999897e+01 -1.962216600000000000e+01
-5.908499400000000179e+01 -5.296482799999999713e+01 -5.450798900000000202e+01
-7.223030699999999626e+01 -7.724224599999999441e+01 -6.727379100000000278e+01
-8.541922900000000141e+01 -9.963631800000000283e+01 -1.031480600000000010e+02
-1.046240200000000087e+01 -7.954011000000000386e+00 -1.109119100000000024e+01
-1.489709000000000039e+01 -1.527854199999999985e+01 -1.625054199999999938e+01
-9.037368000000000734e+00 -8.019265000000000754e+00 -7.491969000000000101e+00
-1.917308299999999832e+01 -2.000365499999999841e+01 -2.493953499999999934e+01
-9.270127700000000459e+01 -1.072127640000000071e+02 -8.827259599999999296e+01
-1.594736299999999929e+01 -1.679119999999999990e+01 -1.567014400000000052e+01
-9.567969800000000191e+01 -8.993810999999999467e+01 -7.946572399999999448e+01
-1.189579900000000023e+01 -1.152029800000000037e+01 -1.308313200000000087e+01
-5.644718300000000255e+01 -6.747909699999999589e+01 -6.725588100000000225e+01
-1.580294699999999963e+01 -1.792435700000000054e+01 -1.843280599999999936e+01
-2.403072900000000089e+01 -2.419222399999999951e+01 -2.288266199999999984e+01
-2.014899899999999988e+01 -1.904785700000000048e+01 -1.884906600000000054e+01
-5.287236000000000047e+00 -5.224338999999999622e+00 -9.057181999999999178e+00
-4.285176899999999733e+01 -5.100927000000000078e+01 -4.500838999999999857e+01
-2.162098699999999951e+01 -2.321317900000000023e+01 -2.328139099999999928e+01
-1.046240200000000087e+01 -9.974503999999999593e+00 -7.546377999999999808e+00
-9.880784000000000233e+00 -9.604314999999999714e+00 -1.187611500000000042e+01
-2.718710599999999999e+01 -2.817746199999999845e+01 -2.596827299999999994e+01
-4.003410000000000224e+01 -3.580931199999999848e+01 -3.447478600000000171e+01
-9.257443000000000310e+00 -9.123058999999999585e+00 -1.065432400000000079e+01
-1.561763499999999993e+01 -1.680664099999999905e+01 -1.686465199999999953e+01
-8.858805000000000263e+00 -6.608076999999999757e+00 -9.170567000000000135e+00
-1.344156599999999990e+01 -1.447330599999999912e+01 -1.481475499999999990e+01
-4.982792400000000299e+01 -5.938732499999999703e+01 -5.057666700000000048e+01
-5.558692299999999875e+01 -5.352722399999999681e+01 -6.607486299999999346e+01
-6.147491099999999875e+01 -5.511377300000000190e+01 -5.794748100000000335e+01
-2.403072900000000089e+01 -2.246008000000000138e+01 -2.389938899999999933e+01
-4.677147200000000282e+01 -5.585810000000000031e+01 -5.153790599999999955e+01
-1.402093699999999998e+01 -1.353892500000000076e+01 -1.534931599999999996e+01
-1.726853499999999997e+01 -1.475518100000000032e+01 -1.267224500000000020e+01
-9.213255399999999895e+01 -1.088186170000000033e+02 -8.902874699999999564e+01
-2.413266700000000142e+01 -2.601591700000000174e+01 -2.467653699999999972e+01
-1.311182400000000037e+01 -1.541183099999999939e+01 -1.531389099999999992e+01
-5.158600400000000263e+01 -6.157391499999999951e+01 -5.042966100000000296e+01
-6.794747200000000475e+01 -6.783307200000000137e+01 -5.838366899999999760e+01
-4.383066800000000285e+01 -4.907689700000000244e+01 -4.910837300000000027e+01
-5.100927000000000078e+01 -5.731132900000000063e+01 -6.240176499999999749e+01
-1.504205499999999951e+01 -1.583659300000000059e+01 -1.630668400000000062e+01
-9.880784000000000233e+00 -5.538825000000000109e+00 -9.604314999999999714e+00
-2.617644900000000163e+01 -2.507867900000000105e+01 -2.639153299999999902e+01
-3.866115500000000083e+01 -3.693387599999999793e+01 -4.122737800000000163e+01
-1.214412300000000045e+01 -9.037368000000000734e+00 -9.246634999999999494e+00
-9.849740999999999858e+00 -1.173111800000000038e+01 -1.180011999999999972e+01
-2.639236599999999910e+01 -2.781605100000000164e+01 -2.555498300000000000e+01
-2.580865100000000112e+01 -2.468984400000000079e+01 -2.378908900000000060e+01
-5.163799600000000112e+01 -5.044485800000000353e+01 -4.225104699999999980e+01
-1.622727000000000075e+01 -1.167635199999999962e+01 -1.448881500000000067e+01
-3.291911999999999949e+01 -2.953813500000000047e+01 -3.014431000000000083e+01
-4.734920100000000076e+01 -5.703632199999999841e+01 -4.806997400000000198e+01
-1.340118599999999915e+01 -1.097232699999999994e+01 -1.285231699999999933e+01
-3.234137900000000343e+01 -3.940831599999999924e+01 -3.367647300000000143e+01
-1.460135999999999967e+01 -1.489709000000000039e+01 -1.593694400000000044e+01
-2.390356200000000086e+01 -2.696901499999999885e+01 -2.480721600000000038e+01
-1.117236600000000024e+01 -1.276397099999999973e+01 -1.050504600000000011e+01
-1.334137800000000063e+01 -1.276397099999999973e+01 -1.117236600000000024e+01
