6.090251500000000107e+01 6.073190900000000170e+01 6.099331600000000009e+01
6.113160599999999789e+01 6.095624500000000268e+01 6.122630300000000148e+01
5.781293000000000148e+01 5.798679500000000075e+01 5.772135999999999711e+01
6.225442600000000226e+01 6.236173699999999798e+01 6.209492000000000189e+01
6.205180099999999754e+01 6.178883499999999884e+01 6.187925500000000056e+01
6.267337700000000211e+01 6.250048000000000314e+01 6.275775500000000306e+01
6.136091799999999807e+01 6.162892200000000287e+01 6.153610499999999917e+01
6.034038100000000071e+01 6.059864900000000176e+01 6.052320499999999726e+01
5.652717499999999973e+01 5.679306799999999811e+01 5.669828900000000260e+01
6.165601499999999646e+01 6.178981199999999774e+01 6.155461499999999830e+01
5.746732099999999832e+01 5.755809099999999745e+01 5.773574500000000143e+01
6.283016899999999794e+01 6.299819800000000214e+01 6.273947799999999830e+01
5.766040399999999977e+01 5.749135600000000323e+01 5.779675999999999902e+01
5.744985100000000244e+01 5.727457299999999663e+01 5.753994200000000347e+01
6.064087800000000072e+01 6.047087100000000248e+01 6.073190900000000170e+01
6.022276000000000096e+01 6.013196400000000352e+01 5.996303999999999945e+01
5.655169099999999816e+01 5.645999199999999973e+01 5.627468700000000013e+01
5.662448200000000043e+01 5.645696600000000132e+01 5.634327199999999891e+01
5.646672399999999925e+01 5.665433399999999864e+01 5.638626200000000210e+01
5.601818600000000004e+01 5.628133100000000155e+01 5.618666300000000291e+01
6.149301100000000275e+01 6.132330400000000026e+01 6.159205500000000200e+01
5.931933200000000284e+01 5.922782399999999825e+01 5.905585599999999857e+01
5.637754799999999733e+01 5.664803599999999761e+01 5.656773900000000310e+01
5.908623399999999748e+01 5.917954100000000039e+01 5.934863399999999700e+01
6.088345799999999741e+01 6.079879999999999995e+01 6.062359599999999915e+01
6.273457200000000000e+01 6.286747100000000188e+01 6.260733599999999655e+01
6.027321500000000043e+01 6.036202699999999766e+01 6.053649899999999917e+01
5.927534899999999851e+01 5.900505600000000328e+01 5.910320699999999761e+01
6.240000100000000316e+01 6.210260600000000153e+01 6.219453399999999732e+01
5.993861700000000070e+01 6.011070099999999883e+01 5.984257800000000316e+01
5.557822699999999827e+01 5.540996700000000175e+01 5.567998800000000159e+01
5.584843099999999794e+01 5.556748900000000191e+01 5.574825799999999987e+01
6.232194100000000248e+01 6.204973100000000130e+01 6.220275000000000176e+01
6.158672700000000333e+01 6.186093600000000237e+01 6.175682100000000219e+01
5.682889800000000236e+01 5.700121500000000196e+01 5.673490100000000069e+01
5.656944399999999717e+01 5.666579699999999775e+01 5.683787300000000187e+01
5.919564799999999849e+01 5.893400599999999656e+01 5.902528999999999826e+01
6.204973100000000130e+01 6.215788400000000280e+01 6.188642300000000063e+01
5.527167899999999889e+01 5.519126200000000182e+01 5.502259000000000100e+01
6.044781799999999805e+01 6.062272300000000058e+01 6.035672499999999729e+01
5.976509399999999772e+01 5.950288900000000325e+01 5.959494800000000225e+01
5.424504199999999798e+01 5.428657900000000325e+01 5.449153199999999941e+01
5.433492199999999883e+01 5.432035700000000134e+01 5.454221400000000131e+01
5.953302599999999956e+01 5.927989399999999875e+01 5.934376900000000177e+01
6.056192500000000223e+01 6.030127399999999938e+01 6.039213399999999865e+01
5.751483000000000345e+01 5.734742399999999662e+01 5.723135700000000270e+01
6.250721300000000014e+01 6.233401599999999831e+01 6.259385000000000332e+01
5.675561100000000181e+01 5.687107100000000059e+01 5.661932999999999794e+01
6.157235399999999714e+01 6.130339800000000139e+01 6.140325399999999689e+01
5.500445299999999804e+01 5.488702899999999829e+01 5.475595400000000268e+01
6.243269099999999838e+01 6.226538099999999787e+01 6.215788400000000280e+01
5.692508999999999730e+01 5.720306000000000068e+01 5.710045399999999916e+01
6.115607099999999718e+01 6.088901899999999756e+01 6.097639999999999816e+01
6.207016800000000245e+01 6.224748600000000209e+01 6.198083799999999854e+01
5.730673199999999667e+01 5.747765799999999814e+01 5.721255399999999725e+01
5.665053100000000086e+01 5.682634600000000091e+01 5.655169099999999816e+01
5.550308299999999662e+01 5.540769399999999933e+01 5.524163000000000068e+01
6.113938799999999674e+01 6.135407399999999711e+01 6.106175000000000352e+01
6.321268299999999840e+01 6.295429599999999937e+01 6.298822700000000196e+01
5.491174800000000289e+01 5.496725200000000200e+01 5.517624699999999649e+01
5.552412799999999748e+01 5.526920899999999648e+01 5.541439900000000307e+01
6.069274699999999712e+01 6.095220100000000230e+01 6.085538300000000334e+01
5.691992199999999968e+01 5.718820699999999846e+01 5.709764599999999746e+01
5.506278199999999856e+01 5.515912999999999755e+01 5.533402399999999943e+01
5.865426899999999932e+01 5.839138100000000264e+01 5.848563000000000045e+01
6.122630300000000148e+01 6.132330400000000026e+01 6.149301100000000275e+01
6.310908700000000238e+01 6.337326099999999940e+01 6.328541200000000089e+01
6.267542900000000117e+01 6.257019999999999982e+01 6.238419799999999782e+01
6.286747100000000188e+01 6.314203299999999786e+01 6.298822700000000196e+01
5.479270600000000258e+01 5.506278199999999856e+01 5.496437999999999846e+01
6.106435799999999858e+01 6.079663500000000198e+01 6.088901899999999756e+01
5.685416699999999679e+01 5.702752999999999872e+01 5.676153099999999796e+01
5.825197299999999956e+01 5.851661299999999954e+01 5.842537200000000297e+01
6.001658900000000330e+01 5.984482899999999717e+01 6.010674600000000112e+01
5.676214999999999833e+01 5.702834000000000003e+01 5.693293400000000304e+01
6.055402899999999988e+01 6.046036999999999750e+01 6.028422199999999975e+01
6.189141599999999954e+01 6.198083799999999854e+01 6.216362199999999660e+01
5.858111999999999853e+01 5.884755400000000236e+01 5.875513099999999866e+01
5.893847999999999843e+01 5.911349299999999829e+01 5.884755400000000236e+01
5.776503600000000205e+01 5.786035600000000301e+01 5.803219500000000153e+01
6.105126400000000331e+01 6.133451300000000117e+01 6.120519000000000176e+01
6.020712400000000031e+01 6.030337000000000103e+01 6.047587299999999999e+01
5.964309899999999942e+01 5.946714099999999803e+01 5.972967299999999824e+01
5.477930800000000033e+01 5.504069700000000154e+01 5.496725200000000200e+01
6.120544499999999744e+01 6.147267899999999941e+01 6.137816600000000022e+01
5.637673800000000313e+01 5.664957199999999915e+01 5.655734400000000051e+01
5.845214200000000204e+01 5.835792299999999955e+01 5.818391600000000352e+01
6.079879999999999995e+01 6.053649899999999917e+01 6.062359599999999915e+01
5.753263100000000208e+01 5.766040399999999977e+01 5.780439799999999906e+01
5.922782399999999825e+01 5.913638300000000214e+01 5.896400500000000022e+01
5.655169099999999816e+01 5.682634600000000091e+01 5.673277800000000326e+01
6.123017099999999857e+01 6.105086399999999713e+01 6.131696600000000075e+01
5.768713600000000241e+01 5.767640099999999848e+01 5.790637999999999863e+01
5.801194300000000226e+01 5.827973899999999929e+01 5.818391600000000352e+01
6.117596000000000345e+01 6.099847700000000117e+01 6.126418699999999973e+01
6.232212499999999977e+01 6.258837900000000332e+01 6.255158200000000335e+01
6.177859500000000281e+01 6.161299900000000207e+01 6.156033599999999950e+01
5.432354800000000239e+01 5.451389000000000351e+01 5.428277700000000294e+01
6.056192500000000223e+01 6.039213399999999865e+01 6.065222399999999681e+01
6.116470199999999835e+01 6.099331600000000009e+01 6.125485499999999917e+01
5.942510899999999907e+01 5.959494800000000225e+01 5.933251800000000031e+01
5.627468700000000013e+01 5.618498900000000162e+01 5.599143200000000320e+01
5.823433500000000151e+01 5.840754499999999894e+01 5.814183799999999991e+01
6.149000000000000199e+01 6.121860000000000213e+01 6.137563699999999756e+01
5.616714900000000199e+01 5.590164999999999651e+01 5.599682200000000165e+01
6.256960399999999822e+01 6.273241600000000062e+01 6.248834300000000042e+01
5.655734400000000051e+01 5.664957199999999915e+01 5.682909899999999936e+01
5.872963800000000134e+01 5.846621999999999986e+01 5.856024599999999936e+01
5.734475199999999973e+01 5.724997100000000216e+01 5.707835699999999690e+01
6.053649899999999917e+01 6.036202699999999766e+01 6.062359599999999915e+01
5.993861700000000070e+01 6.020712400000000031e+01 6.011070099999999883e+01
5.937506900000000343e+01 5.928644800000000004e+01 5.911449400000000054e+01
6.293847000000000236e+01 6.267542900000000117e+01 6.278269199999999728e+01
5.563628500000000088e+01 5.546717799999999698e+01 5.573194500000000318e+01
6.186646900000000215e+01 6.169154000000000337e+01 6.195830999999999733e+01
5.579136100000000198e+01 5.562973000000000212e+01 5.552412799999999748e+01
6.167846600000000024e+01 6.149301100000000275e+01 6.174916499999999786e+01
5.814183799999999991e+01 5.840754499999999894e+01 5.831497300000000195e+01
6.158059899999999942e+01 6.164242200000000338e+01 6.135407399999999711e+01
5.831497300000000195e+01 5.840754499999999894e+01 5.858111999999999853e+01
5.410000000000000142e+01 5.410000000000000142e+01 5.432354800000000239e+01
6.174220499999999845e+01 6.198722899999999925e+01 6.182802199999999715e+01
5.779675999999999902e+01 5.756233900000000148e+01 5.779407599999999690e+01
5.685416699999999679e+01 5.668171399999999949e+01 5.694713600000000042e+01
5.801194300000000226e+01 5.810817200000000327e+01 5.827973899999999929e+01
6.162205300000000108e+01 6.135391299999999859e+01 6.144457200000000086e+01
5.748472100000000040e+01 5.757984799999999836e+01 5.774942800000000176e+01
6.248834300000000042e+01 6.236173699999999798e+01 6.225442600000000226e+01
6.036202699999999766e+01 6.009942600000000112e+01 6.018886899999999684e+01
5.700402400000000114e+01 5.710045399999999916e+01 5.727244699999999966e+01
5.729260800000000131e+01 5.720268300000000039e+01 5.702752999999999872e+01
6.100290900000000249e+01 6.108904700000000076e+01 6.126382399999999961e+01
5.912683700000000186e+01 5.886287500000000250e+01 5.895390700000000095e+01
5.698334200000000038e+01 5.671688199999999824e+01 5.681194800000000100e+01
6.184079100000000295e+01 6.210326500000000038e+01 6.199197999999999809e+01
5.504069700000000154e+01 5.486711999999999989e+01 5.513443600000000089e+01
5.925560099999999863e+01 5.934863399999999700e+01 5.951777400000000284e+01
6.268217400000000339e+01 6.247773200000000315e+01 6.270905700000000138e+01
5.433380700000000019e+01 5.433758900000000125e+01 5.456593300000000113e+01
6.187252999999999759e+01 6.178193900000000127e+01 6.161010199999999770e+01
6.164777099999999876e+01 6.175682100000000219e+01 6.188478099999999671e+01
5.456593300000000113e+01 5.477073399999999737e+01 5.454618700000000331e+01
5.664957199999999915e+01 5.691992199999999968e+01 5.682909899999999936e+01
5.662448200000000043e+01 5.634327199999999891e+01 5.653037700000000143e+01
6.184376999999999924e+01 6.164777099999999876e+01 6.188478099999999671e+01
6.214240199999999703e+01 6.221957799999999850e+01 6.240144599999999997e+01
6.049396800000000241e+01 6.062335699999999861e+01 6.035646299999999798e+01
6.120519000000000176e+01 6.130243300000000062e+01 6.107946199999999948e+01
5.743870900000000290e+01 5.734475199999999973e+01 5.717305199999999843e+01
6.147267899999999941e+01 6.173685900000000260e+01 6.164685399999999760e+01
5.525469199999999859e+01 5.508176600000000178e+01 5.535000800000000254e+01
6.308910900000000055e+01 6.325478499999999826e+01 6.299819800000000214e+01
6.008644000000000318e+01 5.990573400000000248e+01 6.016386700000000332e+01
5.765487699999999904e+01 5.774942800000000176e+01 5.791986500000000149e+01
5.873750100000000174e+01 5.856633200000000272e+01 5.883399599999999907e+01
5.973568499999999659e+01 5.990747900000000215e+01 5.964495600000000053e+01
5.832595500000000044e+01 5.815260700000000327e+01 5.841708700000000221e+01
5.718564599999999842e+01 5.700402400000000114e+01 5.727244699999999966e+01
6.131696600000000075e+01 6.114078700000000310e+01 6.141531299999999760e+01
5.724391500000000121e+01 5.750720700000000107e+01 5.741138099999999866e+01
6.050865900000000153e+01 6.068556199999999734e+01 6.041508699999999976e+01
6.098049999999999926e+01 6.123420500000000288e+01 6.113938799999999674e+01
5.460277800000000070e+01 5.487491899999999845e+01 5.481181500000000284e+01
5.831772099999999881e+01 5.841169800000000123e+01 5.857950300000000254e+01
5.866370700000000227e+01 5.838699100000000186e+01 5.856758099999999700e+01
6.227743099999999998e+01 6.204992800000000130e+01 6.231370199999999926e+01
5.968712899999999877e+01 5.985681600000000202e+01 5.959494800000000225e+01
5.621101699999999823e+01 5.646672399999999925e+01 5.638626200000000210e+01
5.574825799999999987e+01 5.546429400000000243e+01 5.568421800000000133e+01
5.899277699999999669e+01 5.925560099999999863e+01 5.916247700000000265e+01
5.693580899999999900e+01 5.711273400000000322e+01 5.684305299999999761e+01
6.239833399999999841e+01 6.231309499999999701e+01 6.214695499999999839e+01
5.911876600000000082e+01 5.920906699999999745e+01 5.938212800000000158e+01
5.633823000000000292e+01 5.616714900000000199e+01 5.643256999999999834e+01
6.115607099999999718e+01 6.097639999999999816e+01 6.123490900000000181e+01
5.880616799999999955e+01 5.889944299999999799e+01 5.906960200000000327e+01
6.101364600000000138e+01 6.118688699999999869e+01 6.091812900000000042e+01
5.806286899999999918e+01 5.816677899999999823e+01 5.790637999999999863e+01
6.266377200000000158e+01 6.250670399999999916e+01 6.275408800000000298e+01
5.583388200000000268e+01 5.557822699999999827e+01 5.567998800000000159e+01
6.148981799999999964e+01 6.158672700000000333e+01 6.175682100000000219e+01
6.079123599999999783e+01 6.062363100000000316e+01 6.088233600000000223e+01
6.062335699999999861e+01 6.048127600000000115e+01 6.035646299999999798e+01
6.078835200000000327e+01 6.062335699999999861e+01 6.049396800000000241e+01
5.816067499999999768e+01 5.833438100000000048e+01 5.806977599999999740e+01
5.603280399999999872e+01 5.611482600000000076e+01 5.627682800000000185e+01
5.880616799999999955e+01 5.906960200000000327e+01 5.897685899999999748e+01
5.763030899999999690e+01 5.789569999999999794e+01 5.780497499999999889e+01
5.917954100000000039e+01 5.927260400000000118e+01 5.944154100000000085e+01
5.718818600000000174e+01 5.692083600000000132e+01 5.709462899999999763e+01
6.020729399999999742e+01 6.030364699999999800e+01 6.046277299999999855e+01
5.884142899999999798e+01 5.874808800000000275e+01 5.857950300000000254e+01
5.705120900000000006e+01 5.731552700000000300e+01 5.721974999999999767e+01
5.876429799999999659e+01 5.885488200000000347e+01 5.902867899999999679e+01
5.738465599999999966e+01 5.755809099999999745e+01 5.729260800000000131e+01
5.656773900000000310e+01 5.664803599999999761e+01 5.683883300000000105e+01
6.337326099999999940e+01 6.354625699999999711e+01 6.328541200000000089e+01
5.854373900000000219e+01 5.845214200000000204e+01 5.827973899999999929e+01
5.509178500000000156e+01 5.497149300000000238e+01 5.483431999999999817e+01
6.145533799999999758e+01 6.128257700000000341e+01 6.155199900000000213e+01
5.729260800000000131e+01 5.755809099999999745e+01 5.746732099999999832e+01
5.665053100000000086e+01 5.692508999999999730e+01 5.682634600000000091e+01
6.088233600000000223e+01 6.113938799999999674e+01 6.106175000000000352e+01
6.178883499999999884e+01 6.196205900000000355e+01 6.169932200000000222e+01
6.096140799999999871e+01 6.078835200000000327e+01 6.070977700000000254e+01
5.844905099999999720e+01 5.818459200000000209e+01 5.827832099999999826e+01
5.780439799999999906e+01 5.794006100000000004e+01 5.806286899999999918e+01
6.091244999999999976e+01 6.065061299999999989e+01 6.073361200000000082e+01
5.848563000000000045e+01 5.831772099999999881e+01 5.857950300000000254e+01
5.460025799999999663e+01 5.442484199999999817e+01 5.467754699999999701e+01
6.308910900000000055e+01 6.299819800000000214e+01 6.283016899999999794e+01
6.091682899999999989e+01 6.065807199999999710e+01 6.074351999999999663e+01
6.070977700000000254e+01 6.049396800000000241e+01 6.052320499999999726e+01
5.941102599999999967e+01 5.958234499999999656e+01 5.931933200000000284e+01
5.949121999999999844e+01 5.940010699999999844e+01 5.922782399999999825e+01
5.594147499999999695e+01 5.583388200000000268e+01 5.567998800000000159e+01
5.610994099999999918e+01 5.630215100000000206e+01 5.604322400000000215e+01
6.066829599999999800e+01 6.057215099999999808e+01 6.039948400000000106e+01
5.979439699999999647e+01 5.996303999999999945e+01 5.970270200000000216e+01
6.068951599999999758e+01 6.087092299999999767e+01 6.060289199999999710e+01
5.571205799999999897e+01 5.554077199999999692e+01 5.580671799999999649e+01
5.859873100000000079e+01 5.842537200000000297e+01 5.868970900000000057e+01
5.926876599999999939e+01 5.908106699999999734e+01 5.903026799999999952e+01
5.475753799999999671e+01 5.456507100000000321e+01 5.455532399999999882e+01
5.972426999999999708e+01 5.944391300000000200e+01 5.954939699999999903e+01
6.233401599999999831e+01 6.242957299999999776e+01 6.259385000000000332e+01
5.757984799999999836e+01 5.784414999999999907e+01 5.774942800000000176e+01
5.838699100000000186e+01 5.821791600000000244e+01 5.809998199999999713e+01
5.906960200000000327e+01 5.916247700000000265e+01 5.933251800000000031e+01
6.126791000000000054e+01 6.136091799999999807e+01 6.153610499999999917e+01
5.674804100000000062e+01 5.665053100000000086e+01 5.647709300000000354e+01
5.679158999999999935e+01 5.662448200000000043e+01 5.653037700000000143e+01
5.627682800000000185e+01 5.635785599999999818e+01 5.649327399999999955e+01
6.079973499999999831e+01 6.097071400000000096e+01 6.071090999999999838e+01
6.153610499999999917e+01 6.162892200000000287e+01 6.180374400000000179e+01
6.332734099999999700e+01 6.309926999999999708e+01 6.310886699999999649e+01
6.019722500000000309e+01 6.028821200000000147e+01 6.045845500000000072e+01
5.804886299999999721e+01 5.831497300000000195e+01 5.822146800000000155e+01
5.911349299999999829e+01 5.937868199999999774e+01 5.928965699999999828e+01
5.820374900000000196e+01 5.837455599999999833e+01 5.810817200000000327e+01
6.272066399999999931e+01 6.300811600000000112e+01 6.285657499999999942e+01
5.802203800000000200e+01 5.779675999999999902e+01 5.779407599999999690e+01
5.718818600000000174e+01 5.702610800000000069e+01 5.692083600000000132e+01
6.198083799999999854e+01 6.224748600000000209e+01 6.216362199999999660e+01
6.152594899999999711e+01 6.135167100000000318e+01 6.161524500000000160e+01
5.911449400000000054e+01 5.894315199999999777e+01 5.920024599999999992e+01
6.069274699999999712e+01 6.079123599999999783e+01 6.095220100000000230e+01
6.169057600000000008e+01 6.177859500000000281e+01 6.156033599999999950e+01
5.889944299999999799e+01 5.899277699999999669e+01 5.916247700000000265e+01
6.010674600000000112e+01 6.019722500000000309e+01 6.036798399999999987e+01
5.795500400000000241e+01 5.804886299999999721e+01 5.822146800000000155e+01
6.232194100000000248e+01 6.243269099999999838e+01 6.215788400000000280e+01
5.700121500000000196e+01 5.726674599999999771e+01 5.717305199999999843e+01
6.160468300000000141e+01 6.177820499999999981e+01 6.151660300000000348e+01
5.826301200000000335e+01 5.852773400000000237e+01 5.843540699999999788e+01
5.972426999999999708e+01 5.954939699999999903e+01 5.982386499999999785e+01
5.885488200000000347e+01 5.868136400000000208e+01 5.894542599999999766e+01
6.204465400000000130e+01 6.195226600000000161e+01 6.178193900000000127e+01
5.778279500000000013e+01 5.787625799999999998e+01 5.804886299999999721e+01
5.496725200000000200e+01 5.504069700000000154e+01 5.521833500000000328e+01
5.410000000000000142e+01 5.410000000000000142e+01 5.433758900000000125e+01
6.126418699999999973e+01 6.153068199999999877e+01 6.144047199999999975e+01
5.812856200000000229e+01 5.839138100000000264e+01 5.829703299999999899e+01
6.011070099999999883e+01 6.001458000000000226e+01 5.984257800000000316e+01
5.688807800000000015e+01 5.679306799999999811e+01 5.662199499999999830e+01
5.615349599999999697e+01 5.642430600000000140e+01 5.633729900000000157e+01
6.329921699999999873e+01 6.314203299999999786e+01 6.302692199999999900e+01
5.496437999999999846e+01 5.506278199999999856e+01 5.523674299999999704e+01
6.371600399999999809e+01 6.362378999999999962e+01 6.345538700000000176e+01
5.781293000000000148e+01 5.772135999999999711e+01 5.754684900000000169e+01
5.640163700000000091e+01 5.649548200000000264e+01 5.666846499999999764e+01
6.320146100000000189e+01 6.310908700000000238e+01 6.292902500000000288e+01
5.837455599999999833e+01 5.854373900000000219e+01 5.827973899999999929e+01
5.727457299999999663e+01 5.700829300000000188e+01 5.709764599999999746e+01
6.191699299999999795e+01 6.173685900000000260e+01 6.199197999999999809e+01
5.879195299999999946e+01 5.888428100000000143e+01 5.905585599999999857e+01
6.178883499999999884e+01 6.161524500000000160e+01 6.187925500000000056e+01
5.737538200000000188e+01 5.749135600000000323e+01 5.766040399999999977e+01
5.888428100000000143e+01 5.914788300000000021e+01 5.905585599999999857e+01
6.071243199999999973e+01 6.053649899999999917e+01 6.079879999999999995e+01
5.550308299999999662e+01 5.576556599999999975e+01 5.567362299999999919e+01
5.515298099999999692e+01 5.506778200000000112e+01 5.487491899999999845e+01
5.939059300000000263e+01 5.921780499999999847e+01 5.948163600000000173e+01
6.196205900000000355e+01 6.187252999999999759e+01 6.169932200000000222e+01
5.610994099999999918e+01 5.604322400000000215e+01 5.585197000000000145e+01
5.945968599999999782e+01 5.937506900000000343e+01 5.920024599999999992e+01
5.974545200000000023e+01 6.000936099999999840e+01 5.991853900000000266e+01
6.103421900000000022e+01 6.085538300000000334e+01 6.110423300000000069e+01
5.872963800000000134e+01 5.899277699999999669e+01 5.889944299999999799e+01
5.907187100000000157e+01 5.923750499999999874e+01 5.897169399999999939e+01
6.018886899999999684e+01 6.027822299999999700e+01 6.045040900000000050e+01
6.215788400000000280e+01 6.226538099999999787e+01 6.199248999999999654e+01
5.460025799999999663e+01 5.483431999999999817e+01 5.466660600000000159e+01
6.223664500000000288e+01 6.214330900000000213e+01 6.197122699999999895e+01
6.236173699999999798e+01 6.220275000000000176e+01 6.209492000000000189e+01
5.957267499999999671e+01 5.983617399999999975e+01 5.974545200000000023e+01
5.988396800000000297e+01 6.013487800000000050e+01 6.005723400000000112e+01
5.618666300000000291e+01 5.645127200000000300e+01 5.635642299999999949e+01
5.773249899999999712e+01 5.756049800000000261e+01 5.782607699999999795e+01
6.161010199999999770e+01 6.178193900000000127e+01 6.152109200000000300e+01
6.135407399999999711e+01 6.113938799999999674e+01 6.136637300000000295e+01
6.123490900000000181e+01 6.131994600000000162e+01 6.150276499999999658e+01
6.286520300000000105e+01 6.294726399999999700e+01 6.270905700000000138e+01
5.666879099999999880e+01 5.694724500000000234e+01 5.684462599999999810e+01
5.561765199999999965e+01 5.571205799999999897e+01 5.588443800000000294e+01
6.087264799999999809e+01 6.069943099999999703e+01 6.096154500000000098e+01
5.476264900000000324e+01 5.451389000000000351e+01 5.459283800000000042e+01
5.526920899999999648e+01 5.502192600000000056e+01 5.514824699999999780e+01
5.717305199999999843e+01 5.707835699999999690e+01 5.690676599999999752e+01
6.295429599999999937e+01 6.267337700000000211e+01 6.275775500000000306e+01
6.108915900000000221e+01 6.134915800000000274e+01 6.126090700000000311e+01
6.132330400000000026e+01 6.105189899999999881e+01 6.114775999999999812e+01
5.502192600000000056e+01 5.491081100000000248e+01 5.476264900000000324e+01
6.337531100000000350e+01 6.340107100000000173e+01 6.314279400000000209e+01
6.267142599999999675e+01 6.285014699999999976e+01 6.258837900000000332e+01
5.959801000000000215e+01 5.944391300000000200e+01 5.972426999999999708e+01
5.788808999999999827e+01 5.771442299999999648e+01 5.797907500000000169e+01
5.947887999999999664e+01 5.959801000000000215e+01 5.974282199999999676e+01
5.829547699999999821e+01 5.838699100000000186e+01 5.809998199999999713e+01
6.290869399999999700e+01 6.282038299999999964e+01 6.265342100000000158e+01
5.475863400000000070e+01 5.500445299999999804e+01 5.475595400000000268e+01
5.533147400000000005e+01 5.524163000000000068e+01 5.506778200000000112e+01
5.734475199999999973e+01 5.751651999999999987e+01 5.724997100000000216e+01
5.975417999999999807e+01 5.966349300000000255e+01 5.949121999999999844e+01
6.137820099999999712e+01 6.165601499999999646e+01 6.155461499999999830e+01
6.141531299999999760e+01 6.170569400000000115e+01 6.157515500000000230e+01
5.910344599999999815e+01 5.936513000000000062e+01 5.927260400000000118e+01
5.761494499999999874e+01 5.744923299999999955e+01 5.734742399999999662e+01
6.303839500000000129e+01 6.292902500000000288e+01 6.275329299999999932e+01
5.955549500000000052e+01 5.929253099999999677e+01 5.938212800000000158e+01
6.209492000000000189e+01 6.185472399999999737e+01 6.204560299999999984e+01
6.157235399999999714e+01 6.140325399999999689e+01 6.167846600000000024e+01
6.157921499999999781e+01 6.139764399999999966e+01 6.164777099999999876e+01
5.950288900000000325e+01 5.941102599999999967e+01 5.924015200000000192e+01
6.125945899999999966e+01 6.152973000000000070e+01 6.137760300000000058e+01
5.496437999999999846e+01 5.523674299999999704e+01 5.513443600000000089e+01
6.000936099999999840e+01 6.018301000000000300e+01 5.991853900000000266e+01
5.709764599999999746e+01 5.718820699999999846e+01 5.736439899999999881e+01
5.702035500000000212e+01 5.692508999999999730e+01 5.674804100000000062e+01
6.074351999999999663e+01 6.065807199999999710e+01 6.048555799999999749e+01
5.945662599999999998e+01 5.936513000000000062e+01 5.919564799999999849e+01
5.897685899999999748e+01 5.906960200000000327e+01 5.924015200000000192e+01
6.005723400000000112e+01 6.022929899999999748e+01 5.997325699999999671e+01
5.851661299999999954e+01 5.878098500000000115e+01 5.868970900000000057e+01
5.552260100000000165e+01 5.569227899999999920e+01 5.542447599999999852e+01
6.216362199999999660e+01 6.233666600000000102e+01 6.206650799999999890e+01
5.577631900000000087e+01 5.550880500000000239e+01 5.560376699999999772e+01
5.880722699999999747e+01 5.864026199999999989e+01 5.890635300000000285e+01
5.983617399999999975e+01 5.992650600000000338e+01 6.009942600000000112e+01
5.925246800000000036e+01 5.954439800000000105e+01 5.934376900000000177e+01
6.055242499999999950e+01 6.073361200000000082e+01 6.047034899999999880e+01
5.988496500000000111e+01 5.971593200000000223e+01 5.997325699999999671e+01
5.718564599999999842e+01 5.744945599999999786e+01 5.738536400000000270e+01
5.976509399999999772e+01 5.993569200000000308e+01 5.967362800000000078e+01
6.106012499999999932e+01 6.079973499999999831e+01 6.088977400000000273e+01
6.354625699999999711e+01 6.345538700000000176e+01 6.328541200000000089e+01
6.034125399999999928e+01 6.025031700000000257e+01 6.007892400000000066e+01
5.977939599999999842e+01 5.994870000000000232e+01 5.968712899999999877e+01
6.240224500000000063e+01 6.267537200000000297e+01 6.257597700000000174e+01
5.579028699999999930e+01 5.595587299999999686e+01 5.569227899999999920e+01
5.621725599999999901e+01 5.633729900000000157e+01 5.648761799999999766e+01
5.982174899999999695e+01 5.990573400000000248e+01 6.008644000000000318e+01
5.798679500000000075e+01 5.825197299999999956e+01 5.816067499999999768e+01
6.184890599999999949e+01 6.212415500000000179e+01 6.197543100000000038e+01
5.944391300000000200e+01 5.917251999999999867e+01 5.927534899999999851e+01
5.774391800000000075e+01 5.784056100000000100e+01 5.801194300000000226e+01
5.815260700000000327e+01 5.806124400000000207e+01 5.788808999999999827e+01
6.123420500000000288e+01 6.137760300000000058e+01 6.150077999999999889e+01
6.167557699999999699e+01 6.150654500000000269e+01 6.176805000000000234e+01
6.150077999999999889e+01 6.158059899999999942e+01 6.136637300000000295e+01
5.837218599999999924e+01 5.810824600000000117e+01 5.820259399999999772e+01
6.096264099999999786e+01 6.087397299999999944e+01 6.069265200000000249e+01
5.940924700000000058e+01 5.947887999999999664e+01 5.963244900000000115e+01
5.799799399999999849e+01 5.817063000000000272e+01 5.790526799999999952e+01
6.007607800000000253e+01 6.019308099999999939e+01 6.035646299999999798e+01
6.133612399999999809e+01 6.150654500000000269e+01 6.124342099999999789e+01
5.671853899999999982e+01 5.680363899999999688e+01 5.651246499999999884e+01
5.649548200000000264e+01 5.622958599999999763e+01 5.632293700000000314e+01
5.565632699999999744e+01 5.585197000000000145e+01 5.559263500000000136e+01
6.343951100000000309e+01 6.318103200000000186e+01 6.327293900000000093e+01
6.009867100000000306e+01 6.036968799999999646e+01 6.028626400000000274e+01
5.882334099999999921e+01 5.899277699999999669e+01 5.872963800000000134e+01
5.569750700000000165e+01 5.552345100000000144e+01 5.579085500000000053e+01
5.665433399999999864e+01 5.674023799999999795e+01 5.692003600000000318e+01
6.238779699999999906e+01 6.247773200000000315e+01 6.268217400000000339e+01
6.063919200000000131e+01 6.090784699999999674e+01 6.081925700000000035e+01
6.082251200000000324e+01 6.091225399999999723e+01 6.108325399999999661e+01
6.265342100000000158e+01 6.239833399999999841e+01 6.247579400000000049e+01
5.655169099999999816e+01 5.627468700000000013e+01 5.637704800000000205e+01
5.542911399999999844e+01 5.552345100000000144e+01 5.569750700000000165e+01
6.108333300000000321e+01 6.085637700000000194e+01 6.107946199999999948e+01
5.609171400000000318e+01 5.618666300000000291e+01 5.635642299999999949e+01
5.766921399999999664e+01 5.784056100000000100e+01 5.757315400000000238e+01
6.329921699999999873e+01 6.338851199999999864e+01 6.314203299999999786e+01
6.158059899999999942e+01 6.182802199999999715e+01 6.164242200000000338e+01
6.018301000000000300e+01 6.035672499999999729e+01 6.009149299999999982e+01
5.982445599999999786e+01 6.002153799999999961e+01 5.976221100000000064e+01
6.065061299999999989e+01 6.039098700000000264e+01 6.047034899999999880e+01
5.976509399999999772e+01 5.967362800000000078e+01 5.950288900000000325e+01
6.113938799999999674e+01 6.123420500000000288e+01 6.136637300000000295e+01
5.593609699999999663e+01 5.603280399999999872e+01 5.622429999999999950e+01
5.484260199999999941e+01 5.458431800000000322e+01 5.456507100000000321e+01
5.506336799999999698e+01 5.512210400000000021e+01 5.532741899999999902e+01
5.957267499999999671e+01 5.930899399999999844e+01 5.940010699999999844e+01
5.781293000000000148e+01 5.754684900000000169e+01 5.763936700000000002e+01
6.078010400000000146e+01 6.068556199999999734e+01 6.050865900000000153e+01
6.226538099999999787e+01 6.209807200000000194e+01 6.199248999999999654e+01
6.153068199999999877e+01 6.135391299999999859e+01 6.162205300000000108e+01
5.523674299999999704e+01 5.533402399999999943e+01 5.550880500000000239e+01
5.891707499999999698e+01 5.908623399999999748e+01 5.882334099999999921e+01
6.036202699999999766e+01 6.018886899999999684e+01 6.045040900000000050e+01
5.793662900000000349e+01 5.820374900000000196e+01 5.810817200000000327e+01
6.155199900000000213e+01 6.128257700000000341e+01 6.137816600000000022e+01
5.474547100000000199e+01 5.492673899999999776e+01 5.467754699999999701e+01
6.224748600000000209e+01 6.250721300000000014e+01 6.244241099999999989e+01
6.088977400000000273e+01 6.071965600000000052e+01 6.098118699999999848e+01
6.232212499999999977e+01 6.214240199999999703e+01 6.240144599999999997e+01
6.117627600000000143e+01 6.099917200000000150e+01 6.126791000000000054e+01
6.212321099999999774e+01 6.186416499999999985e+01 6.195226600000000161e+01
5.563628500000000088e+01 5.573194500000000318e+01 5.590164999999999651e+01
5.746638599999999997e+01 5.729448899999999867e+01 5.756049800000000261e+01
5.999924599999999941e+01 6.017047000000000168e+01 5.990747900000000215e+01
5.629926600000000292e+01 5.614164999999999850e+01 5.638626200000000210e+01
5.613571900000000170e+01 5.630621699999999663e+01 5.604042199999999951e+01
6.182613099999999662e+01 6.155749200000000343e+01 6.172239499999999879e+01
6.110962299999999914e+01 6.093716700000000230e+01 6.120544499999999744e+01
5.822146800000000155e+01 5.831497300000000195e+01 5.848809200000000175e+01
6.175682100000000219e+01 6.204992800000000130e+01 6.188478099999999671e+01
5.956328899999999749e+01 5.939059300000000263e+01 5.965446800000000138e+01
5.692003600000000318e+01 5.700829300000000188e+01 5.718512199999999979e+01
5.439639900000000239e+01 5.419669499999999829e+01 5.442484199999999817e+01
5.832595500000000044e+01 5.806124400000000207e+01 5.815260700000000327e+01
6.314203299999999786e+01 6.338851199999999864e+01 6.321268299999999840e+01
5.938212800000000158e+01 5.947240299999999991e+01 5.964495600000000053e+01
6.262134900000000215e+01 6.236173699999999798e+01 6.248834300000000042e+01
6.141311499999999768e+01 6.115101400000000353e+01 6.124342099999999789e+01
6.328541200000000089e+01 6.319634400000000340e+01 6.303008700000000175e+01
6.378171999999999997e+01 6.376341399999999737e+01 6.355542400000000214e+01
6.216269199999999984e+01 6.199073400000000333e+01 6.225374300000000005e+01
5.839138100000000264e+01 5.856024599999999936e+01 5.829703299999999899e+01
5.920320600000000155e+01 5.929253099999999677e+01 5.946714099999999803e+01
5.992650600000000338e+01 5.975417999999999807e+01 6.001658900000000330e+01
6.148436300000000188e+01 6.156122100000000330e+01 6.133626600000000195e+01
5.718820699999999846e+01 5.728004099999999710e+01 5.745514500000000169e+01
5.763030899999999690e+01 5.753994200000000347e+01 5.736439899999999881e+01
5.839095999999999975e+01 5.814590400000000159e+01 5.825492899999999707e+01
5.624412699999999887e+01 5.633823000000000292e+01 5.650980100000000306e+01
5.682909899999999936e+01 5.691992199999999968e+01 5.709764599999999746e+01
5.530050299999999908e+01 5.557822699999999827e+01 5.545010899999999765e+01
5.841708700000000221e+01 5.815260700000000327e+01 5.824352199999999868e+01
6.126791000000000054e+01 6.099917200000000150e+01 6.109238200000000063e+01
5.851661299999999954e+01 5.834351800000000310e+01 5.860810599999999937e+01
6.082977000000000345e+01 6.108915900000000221e+01 6.100108399999999875e+01
5.552139300000000333e+01 5.570558299999999718e+01 5.544293600000000311e+01
5.715476999999999919e+01 5.705946200000000346e+01 5.688807800000000015e+01
6.193534499999999809e+01 6.171642599999999845e+01 6.170613699999999824e+01
5.816677899999999823e+01 5.798449099999999845e+01 5.790637999999999863e+01
6.365163100000000185e+01 6.352081900000000303e+01 6.376654400000000322e+01
5.546429400000000243e+01 5.550864599999999882e+01 5.568421800000000133e+01
5.902255399999999952e+01 5.919824299999999795e+01 5.892936999999999870e+01
6.106012499999999932e+01 6.097071400000000096e+01 6.079973499999999831e+01
5.586037300000000272e+01 5.595587299999999686e+01 5.611482600000000076e+01
5.565988399999999814e+01 5.575623699999999872e+01 5.592302099999999854e+01
5.787625799999999998e+01 5.796907300000000163e+01 5.814183799999999991e+01
6.123017099999999857e+01 6.096264099999999786e+01 6.105086399999999713e+01
6.108333300000000321e+01 6.096140799999999871e+01 6.079959099999999950e+01
6.071965600000000052e+01 6.081098800000000182e+01 6.098118699999999848e+01
5.964577200000000090e+01 5.991243200000000257e+01 5.982386499999999785e+01
5.588450799999999674e+01 5.615349599999999697e+01 5.605904799999999710e+01
5.871312600000000259e+01 5.880616799999999955e+01 5.897685899999999748e+01
5.707835699999999690e+01 5.724997100000000216e+01 5.698334200000000038e+01
6.267542900000000117e+01 6.238419799999999782e+01 6.255158200000000335e+01
6.223664500000000288e+01 6.240692899999999810e+01 6.214330900000000213e+01
6.209807200000000194e+01 6.182613099999999662e+01 6.199248999999999654e+01
5.807852700000000112e+01 5.798679500000000075e+01 5.781293000000000148e+01
6.220275000000000176e+01 6.193068999999999846e+01 6.209492000000000189e+01
5.957267499999999671e+01 5.966349300000000255e+01 5.983617399999999975e+01
6.294726399999999700e+01 6.268217400000000339e+01 6.270905700000000138e+01
6.233666600000000102e+01 6.223664500000000288e+01 6.206650799999999890e+01
6.192481200000000285e+01 6.203307300000000168e+01 6.215567699999999718e+01
5.686952399999999841e+01 5.669828900000000260e+01 5.696431400000000167e+01
5.720306000000000068e+01 5.737538200000000188e+01 5.710045399999999916e+01
5.721974999999999767e+01 5.731552700000000300e+01 5.748472100000000040e+01
6.085538300000000334e+01 6.095220100000000230e+01 6.110423300000000069e+01
6.392924399999999707e+01 6.420000000000000284e+01 6.403829000000000349e+01
6.199248999999999654e+01 6.182613099999999662e+01 6.172239499999999879e+01
6.081098800000000182e+01 6.064087800000000072e+01 6.090251500000000107e+01
6.004046600000000211e+01 6.020978099999999955e+01 5.994870000000000232e+01
5.674328100000000319e+01 5.701229099999999761e+01 5.691992199999999968e+01
5.584843099999999794e+01 5.595733500000000049e+01 5.568096400000000301e+01
5.751483000000000345e+01 5.723135700000000270e+01 5.744975800000000277e+01
6.121917299999999784e+01 6.095417799999999886e+01 6.103421900000000022e+01
5.724997100000000216e+01 5.715476999999999919e+01 5.698334200000000038e+01
5.437807999999999709e+01 5.439639900000000239e+01 5.466660600000000159e+01
5.643256999999999834e+01 5.652717499999999973e+01 5.669828900000000260e+01
6.115607099999999718e+01 6.123490900000000181e+01 6.140497299999999825e+01
5.977939599999999842e+01 5.951777400000000284e+01 5.961032699999999807e+01
5.971593200000000223e+01 5.980292899999999889e+01 5.997325699999999671e+01
5.646672399999999925e+01 5.628038399999999797e+01 5.655734400000000051e+01
6.065061299999999989e+01 6.056846399999999875e+01 6.039098700000000264e+01
6.142741600000000091e+01 6.133612399999999809e+01 6.116470199999999835e+01
6.068082499999999868e+01 6.051169000000000153e+01 6.077559800000000223e+01
5.584843099999999794e+01 5.574825799999999987e+01 5.602130999999999972e+01
5.808397000000000077e+01 5.825492899999999707e+01 5.798161600000000249e+01
5.722740499999999741e+01 5.697327200000000147e+01 5.713047000000000253e+01
5.647309099999999660e+01 5.674328100000000319e+01 5.664957199999999915e+01
5.595733500000000049e+01 5.579136100000000198e+01 5.568096400000000301e+01
6.148436300000000188e+01 6.133626600000000195e+01 6.121605699999999928e+01
6.078010400000000146e+01 6.095624500000000268e+01 6.068556199999999734e+01
6.141311499999999768e+01 6.132150699999999688e+01 6.115101400000000353e+01
6.165447699999999998e+01 6.149000000000000199e+01 6.137563699999999756e+01
5.554077199999999692e+01 5.563628500000000088e+01 5.580671799999999649e+01
6.176805000000000234e+01 6.159971800000000286e+01 6.186646900000000215e+01
5.913638300000000214e+01 5.904506299999999896e+01 5.887236000000000047e+01
5.410000000000000142e+01 5.410000000000000142e+01 5.428277700000000294e+01
5.514824699999999780e+01 5.529682400000000086e+01 5.541439900000000307e+01
6.003477199999999669e+01 6.020712400000000031e+01 5.993861700000000070e+01
5.454554300000000211e+01 5.433082600000000184e+01 5.459205899999999900e+01
6.079123599999999783e+01 6.088233600000000223e+01 6.106175000000000352e+01
5.887236000000000047e+01 5.878098500000000115e+01 5.860810599999999937e+01
5.580671799999999649e+01 5.607251600000000025e+01 5.597826299999999833e+01
6.117652499999999804e+01 6.100290900000000249e+01 6.126382399999999961e+01
5.740210400000000135e+01 5.730673199999999667e+01 5.713554700000000253e+01
5.933251800000000031e+01 5.950288900000000325e+01 5.924015200000000192e+01
6.013196400000000352e+01 5.987141799999999847e+01 5.996303999999999945e+01
5.700121500000000196e+01 5.717305199999999843e+01 5.690676599999999752e+01
5.537082500000000351e+01 5.546717799999999698e+01 5.563628500000000088e+01
6.059079100000000295e+01 6.032110699999999781e+01 6.041508699999999976e+01
6.140497299999999825e+01 6.169057600000000008e+01 6.156033599999999950e+01
6.178981199999999774e+01 6.161721500000000162e+01 6.155461499999999830e+01
6.099917200000000150e+01 6.090784699999999674e+01 6.073009100000000160e+01
5.839138100000000264e+01 5.822325500000000176e+01 5.848563000000000045e+01
6.401582899999999654e+01 6.376341399999999737e+01 6.378171999999999997e+01
6.390073000000000292e+01 6.363678500000000327e+01 6.372858699999999743e+01
6.211835899999999810e+01 6.238419799999999782e+01 6.231370199999999926e+01
5.486711999999999989e+01 5.496437999999999846e+01 5.513443600000000089e+01
5.707835699999999690e+01 5.698334200000000038e+01 5.681194800000000100e+01
5.579028699999999930e+01 5.552260100000000165e+01 5.561880500000000183e+01
5.654600700000000302e+01 5.664061000000000234e+01 5.681194800000000100e+01
6.025031700000000257e+01 5.999018600000000134e+01 6.007892400000000066e+01
5.904506299999999896e+01 5.921780499999999847e+01 5.895390700000000095e+01
6.108333300000000321e+01 6.121860000000000213e+01 6.096140799999999871e+01
6.088233600000000223e+01 6.062363100000000316e+01 6.072053700000000021e+01
5.963214399999999671e+01 5.937506900000000343e+01 5.945968599999999782e+01
6.090784699999999674e+01 6.108639900000000011e+01 6.081925700000000035e+01
5.963214399999999671e+01 5.988396800000000297e+01 5.980292899999999889e+01
6.257510099999999653e+01 6.267337700000000211e+01 6.284389800000000292e+01
6.231077700000000164e+01 6.204465400000000130e+01 6.213681900000000269e+01
6.360135900000000220e+01 6.340107100000000173e+01 6.337531100000000350e+01
5.594147499999999695e+01 5.610425999999999647e+01 5.583388200000000268e+01
6.172342600000000346e+01 6.155199900000000213e+01 6.182346100000000177e+01
5.701229099999999761e+01 5.683787300000000187e+01 5.710585400000000078e+01
6.244241099999999989e+01 6.250721300000000014e+01 6.273457200000000000e+01
5.569501400000000046e+01 5.544198200000000298e+01 5.545010899999999765e+01
5.790526799999999952e+01 5.781293000000000148e+01 5.763936700000000002e+01
6.066829599999999800e+01 6.084086599999999834e+01 6.057215099999999808e+01
6.211421599999999899e+01 6.204992800000000130e+01 6.227743099999999998e+01
6.040042400000000100e+01 6.031241700000000350e+01 6.014305000000000234e+01
5.951777400000000284e+01 5.934863399999999700e+01 5.961032699999999807e+01
5.817063000000000272e+01 5.807852700000000112e+01 5.790526799999999952e+01
6.062890800000000269e+01 6.071965600000000052e+01 6.088977400000000273e+01
5.941102599999999967e+01 5.931933200000000284e+01 5.914788300000000021e+01
6.247773200000000315e+01 6.231077700000000164e+01 6.257597700000000174e+01
6.172342600000000346e+01 6.145533799999999758e+01 6.155199900000000213e+01
6.204973100000000130e+01 6.193068999999999846e+01 6.220275000000000176e+01
5.761072200000000265e+01 5.787625799999999998e+01 5.778279500000000013e+01
6.173685900000000260e+01 6.184079100000000295e+01 6.199197999999999809e+01
5.442484199999999817e+01 5.424504199999999798e+01 5.449153199999999941e+01
5.927989399999999875e+01 5.911355799999999761e+01 5.934376900000000177e+01
5.854373900000000219e+01 5.870956900000000189e+01 5.845214200000000204e+01
6.114775999999999812e+01 6.105189899999999881e+01 6.087397299999999944e+01
5.721255399999999725e+01 5.711942700000000173e+01 5.694713600000000042e+01
6.117596000000000345e+01 6.091244999999999976e+01 6.099847700000000117e+01
5.695485599999999948e+01 5.705120900000000006e+01 5.721974999999999767e+01
5.618666300000000291e+01 5.628133100000000155e+01 5.645127200000000300e+01
5.588443800000000294e+01 5.615053100000000086e+01 5.605711000000000155e+01
6.105086399999999713e+01 6.096264099999999786e+01 6.078228099999999756e+01
5.833438100000000048e+01 5.824352199999999868e+01 5.806977599999999740e+01
6.145533799999999758e+01 6.118688699999999869e+01 6.128257700000000341e+01
6.215788400000000280e+01 6.199248999999999654e+01 6.188642300000000063e+01
5.526920899999999648e+01 5.514824699999999780e+01 5.541439900000000307e+01
5.634327199999999891e+01 5.645696600000000132e+01 5.618439699999999704e+01
5.847053799999999768e+01 5.829920200000000108e+01 5.856633200000000272e+01
6.052985999999999933e+01 6.036687899999999729e+01 6.062363100000000316e+01
6.184890599999999949e+01 6.197543100000000038e+01 6.174916499999999786e+01
5.765487699999999904e+01 5.791986500000000149e+01 5.782607699999999795e+01
6.140497299999999825e+01 6.123490900000000181e+01 6.150276499999999658e+01
6.027825399999999689e+01 6.034038100000000071e+01 6.052320499999999726e+01
6.238779699999999906e+01 6.268217400000000339e+01 6.252109300000000047e+01
5.796907300000000163e+01 5.823433500000000151e+01 5.814183799999999991e+01
5.584843099999999794e+01 5.568096400000000301e+01 5.556748900000000191e+01
6.078228099999999756e+01 6.096264099999999786e+01 6.069265200000000249e+01
5.513443600000000089e+01 5.523674299999999704e+01 5.540996700000000175e+01
6.338851199999999864e+01 6.349637400000000298e+01 6.321268299999999840e+01
6.228518600000000305e+01 6.252109300000000047e+01 6.248360499999999718e+01
6.108904700000000076e+01 6.135167100000000318e+01 6.126382399999999961e+01
6.316242199999999940e+01 6.290869399999999700e+01 6.299819800000000214e+01
5.892936999999999870e+01 5.919824299999999795e+01 5.910320699999999761e+01
5.433773000000000053e+01 5.437807999999999709e+01 5.460277800000000070e+01
5.880259099999999961e+01 5.890358599999999711e+01 5.864992199999999656e+01
6.128257700000000341e+01 6.118688699999999869e+01 6.101364600000000138e+01
6.136091799999999807e+01 6.145533799999999758e+01 6.162892200000000287e+01
6.355542400000000214e+01 6.332734099999999700e+01 6.334095700000000306e+01
5.492673899999999776e+01 5.509178500000000156e+01 5.483431999999999817e+01
6.100108399999999875e+01 6.108915900000000221e+01 6.126090700000000311e+01
5.559263500000000136e+01 5.578312799999999783e+01 5.552139300000000333e+01
6.221347500000000252e+01 6.204465400000000130e+01 6.231077700000000164e+01
6.203521400000000341e+01 6.186416499999999985e+01 6.212321099999999774e+01
5.656773900000000310e+01 5.675579599999999658e+01 5.648887599999999765e+01
6.121605699999999928e+01 6.095220100000000230e+01 6.106175000000000352e+01
6.093716700000000230e+01 6.066829599999999800e+01 6.076466200000000129e+01
6.110080800000000067e+01 6.137760300000000058e+01 6.123420500000000288e+01
5.509178500000000156e+01 5.525168000000000035e+01 5.497149300000000238e+01
5.854238900000000001e+01 5.880616799999999955e+01 5.871312600000000259e+01
5.540769399999999933e+01 5.532608100000000206e+01 5.513643600000000333e+01
6.170569400000000115e+01 6.141531299999999760e+01 6.148092499999999916e+01
6.121605699999999928e+01 6.133626600000000195e+01 6.110423300000000069e+01
5.774942800000000176e+01 5.801396900000000301e+01 5.791986500000000149e+01
6.051169000000000153e+01 6.060509900000000272e+01 6.077559800000000223e+01
5.920906699999999745e+01 5.947240299999999991e+01 5.938212800000000158e+01
6.155199900000000213e+01 6.164685399999999760e+01 6.182346100000000177e+01
5.991853900000000266e+01 6.018301000000000300e+01 6.009149299999999982e+01
6.372858699999999743e+01 6.346457300000000146e+01 6.355853199999999958e+01
5.754684900000000169e+01 5.737295900000000159e+01 5.763936700000000002e+01
5.764296499999999668e+01 5.773574500000000143e+01 5.792645600000000172e+01
5.757315400000000238e+01 5.747765799999999814e+01 5.730673199999999667e+01
5.506336799999999698e+01 5.532741899999999902e+01 5.525898800000000222e+01
6.126418699999999973e+01 6.099847700000000117e+01 6.108639900000000011e+01
5.731552700000000300e+01 5.714756200000000064e+01 5.741138099999999866e+01
6.020729399999999742e+01 6.046277299999999855e+01 6.036687899999999729e+01
5.954939699999999903e+01 5.964577200000000090e+01 5.982386499999999785e+01
5.869986300000000057e+01 5.887236000000000047e+01 5.860810599999999937e+01
6.179999999999999716e+01 6.189361499999999694e+01 6.164568100000000328e+01
5.793894600000000139e+01 5.777044099999999816e+01 5.803372399999999942e+01
5.594147499999999695e+01 5.620793199999999956e+01 5.610425999999999647e+01
5.567362299999999919e+01 5.576556599999999975e+01 5.593609699999999663e+01
5.486711999999999989e+01 5.469635300000000200e+01 5.496437999999999846e+01
5.459205899999999900e+01 5.464722100000000182e+01 5.485653200000000140e+01
5.709462899999999763e+01 5.692083600000000132e+01 5.684462599999999810e+01
5.485653200000000140e+01 5.491174800000000289e+01 5.512210400000000021e+01
5.728227700000000056e+01 5.756143900000000002e+01 5.744975800000000277e+01
5.833030200000000320e+01 5.816677899999999823e+01 5.806286899999999918e+01
6.018301000000000300e+01 6.044781799999999805e+01 6.035672499999999729e+01
5.771442299999999648e+01 5.753994200000000347e+01 5.780497499999999889e+01
6.274991899999999845e+01 6.260000000000000142e+01 6.247910699999999906e+01
5.792645600000000172e+01 5.773574500000000143e+01 5.798161600000000249e+01
6.043443899999999758e+01 6.017047000000000168e+01 6.026374299999999806e+01
6.088901899999999756e+01 6.079663500000000198e+01 6.062272300000000058e+01
5.907187100000000157e+01 5.933184299999999922e+01 5.923750499999999874e+01
5.894542599999999766e+01 5.920906699999999745e+01 5.911876600000000082e+01
5.929964300000000321e+01 5.903601900000000313e+01 5.912683700000000186e+01
5.497149300000000238e+01 5.525168000000000035e+01 5.515298099999999692e+01
5.484260199999999941e+01 5.475753799999999671e+01 5.498760699999999702e+01
5.623263200000000239e+01 5.630215100000000206e+01 5.648887599999999765e+01
5.687107100000000059e+01 5.671853899999999982e+01 5.661932999999999794e+01
5.937506900000000343e+01 5.911449400000000054e+01 5.920024599999999992e+01
5.779675999999999902e+01 5.749135600000000323e+01 5.756233900000000148e+01
5.977939599999999842e+01 5.968712899999999877e+01 5.951777400000000284e+01
5.991844700000000046e+01 5.982445599999999786e+01 5.964760900000000277e+01
5.827832099999999826e+01 5.818459200000000209e+01 5.801396900000000301e+01
6.256960399999999822e+01 6.248834300000000042e+01 6.231309499999999701e+01
6.262134900000000215e+01 6.247910699999999906e+01 6.236173699999999798e+01
5.751651999999999987e+01 5.761072200000000265e+01 5.778279500000000013e+01
6.352081900000000303e+01 6.340635900000000191e+01 6.324396000000000129e+01
5.410000000000000142e+01 5.410000000000000142e+01 5.433380700000000019e+01
5.734475199999999973e+01 5.707835699999999690e+01 5.717305199999999843e+01
5.707314600000000127e+01 5.693870900000000290e+01 5.680363899999999688e+01
5.693580899999999900e+01 5.684305299999999761e+01 5.666846499999999764e+01
6.299819800000000214e+01 6.290869399999999700e+01 6.273947799999999830e+01
6.109238200000000063e+01 6.099917200000000150e+01 6.082336999999999705e+01
6.212321099999999774e+01 6.221347500000000252e+01 6.238779699999999906e+01
5.947240299999999991e+01 5.973568499999999659e+01 5.964495600000000053e+01
6.108904700000000076e+01 6.082779000000000025e+01 6.091244999999999976e+01
5.840754499999999894e+01 5.849946099999999660e+01 5.867324700000000348e+01
6.318103200000000186e+01 6.308910900000000055e+01 6.292179300000000097e+01
5.487491899999999845e+01 5.506778200000000112e+01 5.481181500000000284e+01
5.759331900000000104e+01 5.786035600000000301e+01 5.776503600000000205e+01
5.651246499999999884e+01 5.627682800000000185e+01 5.649327399999999955e+01
5.496725200000000200e+01 5.521833500000000328e+01 5.517624699999999649e+01
5.823433500000000151e+01 5.832595500000000044e+01 5.849946099999999660e+01
5.942510899999999907e+01 5.925560099999999863e+01 5.951777400000000284e+01
6.097639999999999816e+01 6.071243199999999973e+01 6.079879999999999995e+01
5.577631900000000087e+01 5.604042199999999951e+01 5.594147499999999695e+01
5.767640099999999848e+01 5.780439799999999906e+01 5.790637999999999863e+01
5.671688199999999824e+01 5.688807800000000015e+01 5.662199499999999830e+01
6.068556199999999734e+01 6.086093199999999825e+01 6.059079100000000295e+01
5.410000000000000142e+01 5.414834700000000112e+01 5.437807999999999709e+01
6.156122100000000330e+01 6.148092499999999916e+01 6.129726399999999842e+01
6.016386700000000332e+01 6.025031700000000257e+01 6.042206699999999842e+01
5.737295900000000159e+01 5.746638599999999997e+01 5.763936700000000002e+01
5.796907300000000163e+01 5.806124400000000207e+01 5.823433500000000151e+01
6.302692199999999900e+01 6.314203299999999786e+01 6.286747100000000188e+01
5.513513499999999823e+01 5.502192600000000056e+01 5.526920899999999648e+01
5.498541199999999662e+01 5.508176600000000178e+01 5.525469199999999859e+01
5.582756499999999988e+01 5.609171400000000318e+01 5.599682200000000165e+01
6.098049999999999926e+01 6.088233600000000223e+01 6.072053700000000021e+01
5.648761799999999766e+01 5.675561100000000181e+01 5.661932999999999794e+01
6.352081900000000303e+01 6.324396000000000129e+01 6.332734099999999700e+01
6.213681900000000269e+01 6.204465400000000130e+01 6.187252999999999759e+01
5.705946200000000346e+01 5.732627200000000300e+01 5.723077599999999876e+01
5.561765199999999965e+01 5.588443800000000294e+01 5.579085500000000053e+01
5.970935899999999918e+01 5.995349399999999918e+01 5.988396800000000297e+01
5.954939699999999903e+01 5.944391300000000200e+01 5.927534899999999851e+01
5.796100700000000217e+01 5.812856200000000229e+01 5.786574900000000099e+01
5.500445299999999804e+01 5.475863400000000070e+01 5.495391399999999749e+01
5.460277800000000070e+01 5.437807999999999709e+01 5.466660600000000159e+01
5.485653200000000140e+01 5.512210400000000021e+01 5.506336799999999698e+01
6.060509900000000272e+01 6.043443899999999758e+01 6.069943099999999703e+01
5.983617399999999975e+01 6.009942600000000112e+01 6.000936099999999840e+01
6.153068199999999877e+01 6.170569299999999657e+01 6.144047199999999975e+01
6.046036999999999750e+01 6.036968799999999646e+01 6.018971100000000263e+01
5.904506299999999896e+01 5.895390700000000095e+01 5.878098500000000115e+01
6.203307300000000168e+01 6.232212499999999977e+01 6.215567699999999718e+01
6.278269199999999728e+01 6.267542900000000117e+01 6.255158200000000335e+01
5.862504700000000213e+01 5.870956900000000189e+01 5.887003599999999892e+01
5.704099200000000280e+01 5.677536500000000075e+01 5.686952399999999841e+01
5.955571199999999976e+01 5.937868199999999774e+01 5.964309899999999942e+01
5.444556899999999899e+01 5.451453300000000013e+01 5.470737599999999645e+01
5.474547100000000199e+01 5.480264799999999781e+01 5.499978600000000029e+01
5.702752999999999872e+01 5.693580899999999900e+01 5.676153099999999796e+01
6.103421900000000022e+01 6.095417799999999886e+01 6.077370799999999917e+01
5.624412699999999887e+01 5.641618299999999664e+01 5.615053100000000086e+01
6.211835899999999810e+01 6.192481200000000285e+01 6.215567699999999718e+01
5.850792799999999971e+01 5.868136400000000208e+01 5.841708700000000221e+01
6.285657499999999942e+01 6.295219699999999818e+01 6.272985599999999806e+01
5.902528999999999826e+01 5.893400599999999656e+01 5.876478099999999927e+01
5.747765799999999814e+01 5.764815800000000223e+01 5.738465599999999966e+01
5.432963600000000071e+01 5.433773000000000053e+01 5.455532399999999882e+01
6.159971800000000286e+01 6.133612399999999809e+01 6.142741600000000091e+01
6.122630300000000148e+01 6.105189899999999881e+01 6.132330400000000026e+01
5.859696799999999683e+01 5.868766399999999805e+01 5.885517899999999969e+01
5.637754799999999733e+01 5.610994099999999918e+01 5.618498900000000162e+01
5.976221100000000064e+01 6.002153799999999961e+01 5.995349399999999918e+01
6.384844100000000111e+01 6.367757799999999690e+01 6.360135900000000220e+01
5.556353099999999756e+01 5.565988399999999814e+01 5.582756499999999988e+01
5.677536500000000075e+01 5.650980100000000306e+01 5.660382299999999844e+01
5.803219500000000153e+01 5.786035600000000301e+01 5.812724000000000046e+01
5.646943600000000174e+01 5.656222700000000003e+01 5.673490100000000069e+01
6.159205500000000200e+01 6.184890599999999949e+01 6.174916499999999786e+01
5.869986300000000057e+01 5.852773400000000237e+01 5.879195299999999946e+01
5.839412000000000091e+01 5.812724000000000046e+01 5.822146800000000155e+01
5.637704800000000205e+01 5.627468700000000013e+01 5.610425999999999647e+01
6.105189899999999881e+01 6.095624500000000268e+01 6.078010400000000146e+01
6.365163100000000185e+01 6.382103500000000196e+01 6.355853199999999958e+01
6.036202699999999766e+01 6.045040900000000050e+01 6.062359599999999915e+01
5.502259000000000100e+01 5.519126200000000182e+01 5.495391399999999749e+01
6.123490900000000181e+01 6.097639999999999816e+01 6.105871799999999894e+01
6.142741600000000091e+01 6.116470199999999835e+01 6.125485499999999917e+01
5.753263100000000208e+01 5.744945599999999786e+01 5.727244699999999966e+01
5.929964300000000321e+01 5.956328899999999749e+01 5.947240299999999991e+01
6.291991800000000268e+01 6.300811600000000112e+01 6.272066399999999931e+01
5.487491899999999845e+01 5.460277800000000070e+01 5.466660600000000159e+01
5.779675999999999902e+01 5.802203800000000200e+01 5.809998199999999713e+01
5.841169800000000123e+01 5.850491600000000147e+01 5.867270500000000055e+01
6.002153799999999961e+01 6.009867100000000306e+01 6.028626400000000274e+01
5.772135999999999711e+01 5.745514500000000169e+01 5.754684900000000169e+01
6.117234299999999791e+01 6.126090700000000311e+01 6.143253099999999733e+01
5.910344599999999815e+01 5.901048600000000022e+01 5.884142899999999798e+01
6.248569700000000182e+01 6.222446000000000055e+01 6.231454599999999999e+01
6.171642599999999845e+01 6.148820099999999655e+01 6.170613699999999824e+01
6.137820099999999712e+01 6.120800299999999794e+01 6.143938399999999689e+01
6.087092299999999767e+01 6.105086399999999713e+01 6.078228099999999756e+01
5.920906699999999745e+01 5.929964300000000321e+01 5.947240299999999991e+01
5.763030899999999690e+01 5.736439899999999881e+01 5.745514500000000169e+01
5.686952399999999841e+01 5.660382299999999844e+01 5.669828900000000260e+01
6.363678500000000327e+01 6.354625699999999711e+01 6.337326099999999940e+01
6.292179300000000097e+01 6.266377200000000158e+01 6.275408800000000298e+01
6.231309499999999701e+01 6.225442600000000226e+01 6.204560299999999984e+01
6.284231599999999673e+01 6.275408800000000298e+01 6.257019999999999982e+01
6.167557699999999699e+01 6.176805000000000234e+01 6.192481200000000285e+01
5.428657900000000325e+01 5.454554300000000211e+01 5.449153199999999941e+01
5.856633200000000272e+01 5.839412000000000091e+01 5.866130900000000281e+01
6.126418699999999973e+01 6.135391299999999859e+01 6.153068199999999877e+01
5.540769399999999933e+01 5.567362299999999919e+01 5.558601900000000029e+01
6.286520300000000105e+01 6.292748300000000228e+01 6.310886699999999649e+01
5.748472100000000040e+01 5.731552700000000300e+01 5.757984799999999836e+01
6.117627600000000143e+01 6.108639900000000011e+01 6.090784699999999674e+01
5.491174800000000289e+01 5.470737599999999645e+01 5.496725200000000200e+01
6.018971100000000263e+01 5.991844700000000046e+01 6.001458000000000226e+01
6.267337700000000211e+01 6.240692899999999810e+01 6.250048000000000314e+01
6.081098800000000182e+01 6.107318999999999676e+01 6.098118699999999848e+01
5.992650600000000338e+01 5.966349300000000255e+01 5.975417999999999807e+01
5.438383000000000322e+01 5.464722100000000182e+01 5.459205899999999900e+01
5.673277800000000326e+01 5.700402400000000114e+01 5.691692700000000116e+01
6.362378999999999962e+01 6.353187400000000196e+01 6.336404000000000281e+01
5.620793199999999956e+01 5.637704800000000205e+01 5.610425999999999647e+01
5.694724500000000234e+01 5.709462899999999763e+01 5.684462599999999810e+01
5.544198200000000298e+01 5.565632699999999744e+01 5.539004099999999653e+01
6.185472399999999737e+01 6.177859500000000281e+01 6.204560299999999984e+01
5.923750499999999874e+01 5.940924700000000058e+01 5.914058800000000105e+01
5.692003600000000318e+01 5.709424500000000080e+01 5.682889800000000236e+01
6.189361499999999694e+01 6.174220499999999845e+01 6.164568100000000328e+01
6.131994600000000162e+01 6.139764399999999966e+01 6.157921499999999781e+01
5.930899399999999844e+01 5.904506299999999896e+01 5.913638300000000214e+01
5.761072200000000265e+01 5.770404200000000117e+01 5.787625799999999998e+01
5.907187100000000157e+01 5.917251999999999867e+01 5.933184299999999922e+01
6.367757799999999690e+01 6.392924399999999707e+01 6.378171999999999997e+01
5.821791600000000244e+01 5.833030200000000320e+01 5.806286899999999918e+01
5.762349100000000135e+01 5.771442299999999648e+01 5.788808999999999827e+01
6.022929899999999748e+01 6.040042400000000100e+01 6.014305000000000234e+01
6.282038299999999964e+01 6.273241600000000062e+01 6.256960399999999822e+01
6.018971100000000263e+01 6.009867100000000306e+01 5.991844700000000046e+01
5.945662599999999998e+01 5.971593200000000223e+01 5.962575100000000106e+01
5.766921399999999664e+01 5.757315400000000238e+01 5.740210400000000135e+01
6.068082499999999868e+01 6.077559800000000223e+01 6.093567699999999832e+01
6.022635300000000314e+01 6.032110699999999781e+01 6.049532899999999813e+01
5.945662599999999998e+01 5.962575100000000106e+01 5.936513000000000062e+01
6.053919299999999737e+01 6.062890800000000269e+01 6.079973499999999831e+01
5.559601299999999924e+01 5.586037300000000272e+01 5.576556599999999975e+01
5.580671799999999649e+01 5.590164999999999651e+01 5.607251600000000025e+01
6.345538700000000176e+01 6.319634400000000340e+01 6.328541200000000089e+01
6.392150699999999830e+01 6.382103500000000196e+01 6.365163100000000185e+01
6.099847700000000117e+01 6.073361200000000082e+01 6.081925700000000035e+01
6.148981799999999964e+01 6.132150699999999688e+01 6.158672700000000333e+01
5.676153099999999796e+01 5.693580899999999900e+01 5.666846499999999764e+01
5.517811900000000236e+01 5.544533500000000004e+01 5.535000800000000254e+01
5.506336799999999698e+01 5.525898800000000222e+01 5.499978600000000029e+01
5.902528999999999826e+01 5.876478099999999927e+01 5.885517899999999969e+01
5.559263500000000136e+01 5.585197000000000145e+01 5.578312799999999783e+01
6.182613099999999662e+01 6.193076200000000142e+01 6.165447699999999998e+01
6.266377200000000158e+01 6.256718000000000046e+01 6.240206899999999735e+01
6.057215099999999808e+01 6.084086599999999834e+01 6.074486999999999881e+01
6.115101400000000353e+01 6.106012499999999932e+01 6.088977400000000273e+01
5.565632699999999744e+01 5.559263500000000136e+01 5.539004099999999653e+01
6.049396800000000241e+01 6.027825399999999689e+01 6.052320499999999726e+01
6.248569700000000182e+01 6.257510099999999653e+01 6.273312700000000319e+01
6.065807199999999710e+01 6.057099900000000048e+01 6.040042400000000100e+01
6.286747100000000188e+01 6.275775500000000306e+01 6.260733599999999655e+01
5.410000000000000142e+01 5.410000000000000142e+01 5.432963600000000071e+01
5.533147400000000005e+01 5.550308299999999662e+01 5.524163000000000068e+01
5.829920200000000108e+01 5.803219500000000153e+01 5.812724000000000046e+01
5.859873100000000079e+01 5.850792799999999971e+01 5.833438100000000048e+01
5.805610399999999771e+01 5.815087599999999668e+01 5.831772099999999881e+01
5.682634600000000091e+01 5.692508999999999730e+01 5.710045399999999916e+01
5.967362800000000078e+01 5.941102599999999967e+01 5.950288900000000325e+01
6.346457300000000146e+01 6.320146100000000189e+01 6.330011100000000113e+01
6.232194100000000248e+01 6.215788400000000280e+01 6.204973100000000130e+01
6.135391299999999859e+01 6.108639900000000011e+01 6.117627600000000143e+01
5.651246499999999884e+01 5.622429999999999950e+01 5.627682800000000185e+01
5.872963800000000134e+01 5.889944299999999799e+01 5.863596799999999831e+01
5.562973000000000212e+01 5.535945900000000108e+01 5.552412799999999748e+01
5.705946200000000346e+01 5.723077599999999876e+01 5.696431400000000167e+01
5.849946099999999660e+01 5.859063499999999891e+01 5.876429799999999659e+01
5.882334099999999921e+01 5.872963800000000134e+01 5.856024599999999936e+01
5.477930800000000033e+01 5.486711999999999989e+01 5.504069700000000154e+01
6.087092299999999767e+01 6.078228099999999756e+01 6.060289199999999710e+01
5.843540699999999788e+01 5.869986300000000057e+01 5.860810599999999937e+01
5.693870900000000290e+01 5.679158999999999935e+01 5.667660999999999660e+01
5.637754799999999733e+01 5.630215100000000206e+01 5.610994099999999918e+01
5.944154100000000085e+01 5.953400700000000256e+01 5.970270200000000216e+01
6.266956600000000321e+01 6.272066399999999931e+01 6.249575300000000055e+01
6.236173699999999798e+01 6.247910699999999906e+01 6.220275000000000176e+01
5.604322400000000215e+01 5.623263200000000239e+01 5.596917799999999943e+01
6.161299900000000207e+01 6.165601499999999646e+01 6.143938399999999689e+01
5.734742399999999662e+01 5.718818600000000174e+01 5.709462899999999763e+01
5.886287500000000250e+01 5.859873100000000079e+01 5.868970900000000057e+01
6.108904700000000076e+01 6.117596000000000345e+01 6.135167100000000318e+01
5.930899399999999844e+01 5.921780499999999847e+01 5.904506299999999896e+01
5.621101699999999823e+01 5.628038399999999797e+01 5.646672399999999925e+01
5.756049800000000261e+01 5.765487699999999904e+01 5.782607699999999795e+01
5.768839400000000239e+01 5.751651999999999987e+01 5.778279500000000013e+01
6.275329299999999932e+01 6.267142599999999675e+01 6.248360499999999718e+01
5.595587299999999686e+01 5.605904799999999710e+01 5.621725599999999901e+01
5.767517399999999839e+01 5.777044099999999816e+01 5.793894600000000139e+01
5.579085500000000053e+01 5.588443800000000294e+01 5.605711000000000155e+01
6.014305000000000234e+01 6.031241700000000350e+01 6.005374900000000338e+01
6.159971800000000286e+01 6.150654500000000269e+01 6.133612399999999809e+01
6.161299900000000207e+01 6.134453500000000048e+01 6.156033599999999950e+01
6.239833399999999841e+01 6.256960399999999822e+01 6.231309499999999701e+01
5.880722699999999747e+01 5.890635300000000285e+01 5.907187100000000157e+01
6.268217400000000339e+01 6.275329299999999932e+01 6.252109300000000047e+01
5.718512199999999979e+01 5.700829300000000188e+01 5.727457299999999663e+01
5.525168000000000035e+01 5.552260100000000165e+01 5.542447599999999852e+01
6.212321099999999774e+01 6.195226600000000161e+01 6.221347500000000252e+01
6.089714200000000233e+01 6.078835200000000327e+01 6.106136300000000006e+01
6.086093199999999825e+01 6.076466200000000129e+01 6.059079100000000295e+01
5.720268300000000039e+01 5.746732099999999832e+01 5.738101300000000293e+01
6.065222399999999681e+01 6.039213399999999865e+01 6.048211100000000329e+01
6.192481200000000285e+01 6.176805000000000234e+01 6.203307300000000168e+01
6.152973000000000070e+01 6.164568100000000328e+01 6.137760300000000058e+01
5.891707499999999698e+01 5.917954100000000039e+01 5.908623399999999748e+01
6.067027000000000214e+01 6.082856499999999755e+01 6.056180400000000219e+01
5.884755400000000236e+01 5.902255399999999952e+01 5.875513099999999866e+01
5.843540699999999788e+01 5.852773400000000237e+01 5.869986300000000057e+01
6.132330400000000026e+01 6.142568899999999843e+01 6.159205500000000200e+01
5.734742399999999662e+01 5.744923299999999955e+01 5.718818600000000174e+01
5.711273400000000322e+01 5.738101300000000293e+01 5.729369599999999707e+01
5.844905099999999720e+01 5.871312600000000259e+01 5.862027100000000246e+01
6.020978099999999955e+01 6.011833800000000139e+01 5.994870000000000232e+01
6.200997000000000270e+01 6.171642599999999845e+01 6.193534499999999809e+01
6.177820499999999981e+01 6.169154000000000337e+01 6.151660300000000348e+01
6.073009100000000160e+01 6.055402899999999988e+01 6.082336999999999705e+01
5.606730900000000162e+01 5.589999999999999858e+01 5.579136100000000198e+01
6.122630300000000148e+01 6.095624500000000268e+01 6.105189899999999881e+01
6.113160599999999789e+01 6.086093199999999825e+01 6.095624500000000268e+01
6.176805000000000234e+01 6.150654500000000269e+01 6.159971800000000286e+01
6.082779000000000025e+01 6.074351999999999663e+01 6.056846399999999875e+01
5.610994099999999918e+01 5.585197000000000145e+01 5.591016199999999969e+01
6.300811600000000112e+01 6.311364900000000233e+01 6.285657499999999942e+01
6.017047000000000168e+01 6.034125399999999928e+01 6.007892400000000066e+01
5.663112600000000185e+01 5.666879099999999880e+01 5.684462599999999810e+01
5.964577200000000090e+01 5.954939699999999903e+01 5.937423600000000334e+01
6.216269199999999984e+01 6.225374300000000005e+01 6.242957299999999776e+01
6.382103500000000196e+01 6.399309199999999720e+01 6.372858699999999743e+01
6.126418699999999973e+01 6.108639900000000011e+01 6.135391299999999859e+01
5.770404200000000117e+01 5.779639600000000144e+01 5.796907300000000163e+01
6.132330400000000026e+01 6.114775999999999812e+01 6.142568899999999843e+01
6.087264799999999809e+01 6.096154500000000098e+01 6.113804100000000119e+01
5.723077599999999876e+01 5.713554700000000253e+01 5.696431400000000167e+01
5.779639600000000144e+01 5.753169700000000120e+01 5.762349100000000135e+01
5.459283800000000042e+01 5.454221400000000131e+01 5.475595400000000268e+01
6.143736799999999931e+01 6.152594899999999711e+01 6.169932200000000222e+01
6.030337000000000103e+01 6.057215099999999808e+01 6.047587299999999999e+01
5.965446800000000138e+01 5.974545200000000023e+01 5.991853900000000266e+01
5.790526799999999952e+01 5.763936700000000002e+01 5.773249899999999712e+01
6.114225199999999916e+01 6.088345799999999741e+01 6.097071400000000096e+01
5.432035700000000134e+01 5.433380700000000019e+01 5.454618700000000331e+01
5.894542599999999766e+01 5.868136400000000208e+01 5.877208100000000002e+01
6.185472399999999737e+01 6.165601499999999646e+01 6.161299900000000207e+01
6.088901899999999756e+01 6.062272300000000058e+01 6.071243199999999973e+01
6.056192500000000223e+01 6.082251200000000324e+01 6.073190900000000170e+01
5.948163600000000173e+01 5.921780499999999847e+01 5.930899399999999844e+01
6.336404000000000281e+01 6.327293900000000093e+01 6.310464400000000040e+01
5.530050299999999908e+01 5.540996700000000175e+01 5.557822699999999827e+01
5.859063499999999891e+01 5.832595500000000044e+01 5.841708700000000221e+01
5.835590599999999739e+01 5.852773400000000237e+01 5.826301200000000335e+01
5.559601299999999924e+01 5.533147400000000005e+01 5.542447599999999852e+01
5.734475199999999973e+01 5.761072200000000265e+01 5.751651999999999987e+01
5.846621999999999986e+01 5.863596799999999831e+01 5.837218599999999924e+01
5.588450799999999674e+01 5.579028699999999930e+01 5.561880500000000183e+01
6.117234299999999791e+01 6.091225399999999723e+01 6.100108399999999875e+01
6.209807200000000194e+01 6.193076200000000142e+01 6.182613099999999662e+01
5.697327200000000147e+01 5.707314600000000127e+01 5.680363899999999688e+01
6.140497299999999825e+01 6.150276499999999658e+01 6.169057600000000008e+01
6.000936099999999840e+01 6.009942600000000112e+01 6.027321500000000043e+01
6.178883499999999884e+01 6.152594899999999711e+01 6.161524500000000160e+01
5.856758099999999700e+01 5.829547699999999821e+01 5.847732799999999997e+01
6.091682899999999989e+01 6.100290900000000249e+01 6.117652499999999804e+01
5.470737599999999645e+01 5.477930800000000033e+01 5.496725200000000200e+01
6.037948099999999840e+01 6.020978099999999955e+01 6.047087100000000248e+01
5.992650600000000338e+01 6.001658900000000330e+01 6.018886899999999684e+01
5.718820699999999846e+01 5.701229099999999761e+01 5.728004099999999710e+01
6.055242499999999950e+01 6.063919200000000131e+01 6.081925700000000035e+01
5.693293400000000304e+01 5.719986699999999757e+01 5.710585400000000078e+01
5.627468700000000013e+01 5.645999199999999973e+01 5.618498900000000162e+01
5.550308299999999662e+01 5.567362299999999919e+01 5.540769399999999933e+01
6.121917299999999784e+01 6.103421900000000022e+01 6.129726399999999842e+01
5.700402400000000114e+01 5.682634600000000091e+01 5.710045399999999916e+01
6.320146100000000189e+01 6.292902500000000288e+01 6.303839500000000129e+01
6.062363100000000316e+01 6.046277299999999855e+01 6.072053700000000021e+01
5.615349599999999697e+01 5.623263200000000239e+01 5.642430600000000140e+01
5.497149300000000238e+01 5.515298099999999692e+01 5.487491899999999845e+01
6.105871799999999894e+01 6.097639999999999816e+01 6.079879999999999995e+01
5.753994200000000347e+01 5.763030899999999690e+01 5.780497499999999889e+01
5.481363699999999994e+01 5.458431800000000322e+01 5.484260199999999941e+01
6.117596000000000345e+01 6.126418699999999973e+01 6.144047199999999975e+01
5.410000000000000142e+01 5.432963600000000071e+01 5.433250900000000172e+01
6.123017099999999857e+01 6.114775999999999812e+01 6.096264099999999786e+01
6.195830999999999733e+01 6.177820499999999981e+01 6.203521400000000341e+01
6.301376400000000189e+01 6.292179300000000097e+01 6.275408800000000298e+01
6.057099900000000048e+01 6.048211100000000329e+01 6.031241700000000350e+01
6.073361200000000082e+01 6.065061299999999989e+01 6.047034899999999880e+01
5.640192799999999806e+01 5.623461900000000213e+01 5.612554200000000293e+01
6.171642599999999845e+01 6.142568899999999843e+01 6.148820099999999655e+01
5.695485599999999948e+01 5.721974999999999767e+01 5.712402600000000064e+01
6.076466200000000129e+01 6.066829599999999800e+01 6.049532899999999813e+01
6.167846600000000024e+01 6.174916499999999786e+01 6.196888599999999769e+01
5.991844700000000046e+01 6.009867100000000306e+01 5.982445599999999786e+01
5.846621999999999986e+01 5.837218599999999924e+01 5.820259399999999772e+01
6.336404000000000281e+01 6.353187400000000196e+01 6.327293900000000093e+01
6.128257700000000341e+01 6.101364600000000138e+01 6.110962299999999914e+01
5.588443800000000294e+01 5.571205799999999897e+01 5.597826299999999833e+01
5.593609699999999663e+01 5.622429999999999950e+01 5.606911900000000060e+01
5.756233900000000148e+01 5.764296499999999668e+01 5.779407599999999690e+01
6.051169000000000153e+01 6.034125399999999928e+01 6.060509900000000272e+01
6.046036999999999750e+01 6.018971100000000263e+01 6.028422199999999975e+01
5.569501400000000046e+01 5.565632699999999744e+01 5.544198200000000298e+01
5.713047000000000253e+01 5.697327200000000147e+01 5.687107100000000059e+01
6.186646900000000215e+01 6.159971800000000286e+01 6.169154000000000337e+01
5.627669699999999864e+01 5.634327199999999891e+01 5.606218499999999949e+01
5.488905900000000315e+01 5.498541199999999662e+01 5.515912999999999755e+01
5.451389000000000351e+01 5.437026999999999788e+01 5.428277700000000294e+01
6.135167100000000318e+01 6.144047199999999975e+01 6.161524500000000160e+01
6.109238200000000063e+01 6.082336999999999705e+01 6.091812900000000042e+01
5.738465599999999966e+01 5.764815800000000223e+01 5.755809099999999745e+01
5.527167899999999889e+01 5.546429400000000243e+01 5.519126200000000182e+01
6.106012499999999932e+01 6.122977300000000156e+01 6.097071400000000096e+01
6.054946999999999946e+01 6.037948099999999840e+01 6.064087800000000072e+01
6.099331600000000009e+01 6.108325399999999661e+01 6.125485499999999917e+01
5.552345100000000144e+01 5.561765199999999965e+01 5.579085500000000053e+01
5.561880500000000183e+01 5.535450699999999813e+01 5.544293600000000311e+01
5.954623099999999880e+01 5.980292899999999889e+01 5.971593200000000223e+01
5.835792299999999955e+01 5.862504700000000213e+01 5.852547599999999761e+01
6.082336999999999705e+01 6.055402899999999988e+01 6.064901700000000062e+01
5.784056100000000100e+01 5.793662900000000349e+01 5.810817200000000327e+01
6.354625699999999711e+01 6.371600399999999809e+01 6.345538700000000176e+01
6.162892200000000287e+01 6.172342600000000346e+01 6.189630600000000271e+01
5.765487699999999904e+01 5.748472100000000040e+01 5.774942800000000176e+01
6.265342100000000158e+01 6.256960399999999822e+01 6.239833399999999841e+01
5.985681600000000202e+01 5.976509399999999772e+01 5.959494800000000225e+01
6.004046600000000211e+01 5.994870000000000232e+01 5.977939599999999842e+01
6.363678500000000327e+01 6.380836699999999695e+01 6.354625699999999711e+01
6.052958199999999778e+01 6.026374299999999806e+01 6.035672499999999729e+01
5.856758099999999700e+01 5.847732799999999997e+01 5.874002300000000076e+01
5.559601299999999924e+01 5.576556599999999975e+01 5.550308299999999662e+01
5.607251600000000025e+01 5.590164999999999651e+01 5.616714900000000199e+01
6.169154000000000337e+01 6.159971800000000286e+01 6.142741600000000091e+01
6.113160599999999789e+01 6.103403699999999787e+01 6.086093199999999825e+01
5.856633200000000272e+01 5.866130900000000281e+01 5.883399599999999907e+01
6.070977700000000254e+01 6.052320499999999726e+01 6.079959099999999950e+01
5.773574500000000143e+01 5.781722899999999754e+01 5.798161600000000249e+01
5.839412000000000091e+01 5.822146800000000155e+01 5.848809200000000175e+01
5.513443600000000089e+01 5.540996700000000175e+01 5.530050299999999908e+01
6.257510099999999653e+01 6.231454599999999999e+01 6.240692899999999810e+01
5.862027100000000246e+01 5.871312600000000259e+01 5.888428100000000143e+01
5.544293600000000311e+01 5.535450699999999813e+01 5.518241400000000141e+01
5.629926600000000292e+01 5.638626200000000210e+01 5.656222700000000003e+01
5.753169700000000120e+01 5.735903799999999819e+01 5.762349100000000135e+01
5.728004099999999710e+01 5.737295900000000159e+01 5.754684900000000169e+01
6.320146100000000189e+01 6.303839500000000129e+01 6.330011100000000113e+01
6.182613099999999662e+01 6.165447699999999998e+01 6.155749200000000343e+01
6.039948400000000106e+01 6.013079599999999658e+01 6.022635300000000314e+01
6.011070099999999883e+01 6.020712400000000031e+01 6.037985100000000216e+01
6.250048000000000314e+01 6.233666600000000102e+01 6.260733599999999655e+01
5.588443800000000294e+01 5.597826299999999833e+01 5.615053100000000086e+01
5.999018600000000134e+01 5.990573400000000248e+01 5.972967299999999824e+01
5.916247700000000265e+01 5.942510899999999907e+01 5.933251800000000031e+01
5.621725599999999901e+01 5.605904799999999710e+01 5.633729900000000157e+01
5.776503600000000205e+01 5.803219500000000153e+01 5.793662900000000349e+01
5.651246499999999884e+01 5.667660999999999660e+01 5.643982900000000313e+01
5.579085500000000053e+01 5.605711000000000155e+01 5.596395799999999809e+01
5.645999199999999973e+01 5.637754799999999733e+01 5.618498900000000162e+01
5.587062000000000239e+01 5.604042199999999951e+01 5.577631900000000087e+01
5.491081100000000248e+01 5.464054099999999892e+01 5.476264900000000324e+01
6.022276000000000096e+01 6.039213399999999865e+01 6.013196400000000352e+01
5.513643600000000333e+01 5.484260199999999941e+01 5.498760699999999702e+01
6.340107100000000173e+01 6.367757799999999690e+01 6.350536999999999921e+01
5.537082500000000351e+01 5.563628500000000088e+01 5.554077199999999692e+01
5.456507100000000321e+01 5.432963600000000071e+01 5.455532399999999882e+01
6.144457200000000086e+01 6.126791000000000054e+01 6.153610499999999917e+01
6.428546699999999703e+01 6.401582899999999654e+01 6.403829000000000349e+01
6.077370799999999917e+01 6.060009800000000268e+01 6.085538300000000334e+01
6.285014699999999976e+01 6.310908700000000238e+01 6.303008700000000175e+01
6.077559800000000223e+01 6.105126400000000331e+01 6.093567699999999832e+01
5.834351800000000310e+01 5.843540699999999788e+01 5.860810599999999937e+01
6.048211100000000329e+01 6.039213399999999865e+01 6.022276000000000096e+01
5.656773900000000310e+01 5.683883300000000105e+01 5.675579599999999658e+01
6.078835200000000327e+01 6.049396800000000241e+01 6.070977700000000254e+01
6.131696600000000075e+01 6.141531299999999760e+01 6.157515500000000230e+01
5.862027100000000246e+01 5.888428100000000143e+01 5.879195299999999946e+01
6.108915900000000221e+01 6.117652499999999804e+01 6.134915800000000274e+01
5.582756499999999988e+01 5.565988399999999814e+01 5.592302099999999854e+01
6.195619200000000149e+01 6.214695499999999839e+01 6.191956299999999658e+01
5.504069700000000154e+01 5.513443600000000089e+01 5.530050299999999908e+01
6.091812900000000042e+01 6.082336999999999705e+01 6.064901700000000062e+01
5.929253099999999677e+01 5.911876600000000082e+01 5.938212800000000158e+01
6.171642599999999845e+01 6.184890599999999949e+01 6.159205500000000200e+01
5.454618700000000331e+01 5.477073399999999737e+01 5.475863400000000070e+01
6.244241099999999989e+01 6.233666600000000102e+01 6.216362199999999660e+01
6.064901700000000062e+01 6.055402899999999988e+01 6.037985100000000216e+01
5.729448899999999867e+01 5.712402600000000064e+01 5.738953099999999807e+01
5.917251999999999867e+01 5.890635300000000285e+01 5.900505600000000328e+01
5.587062000000000239e+01 5.569750700000000165e+01 5.596395799999999809e+01
5.610425999999999647e+01 5.599143200000000320e+01 5.583388200000000268e+01
5.796100700000000217e+01 5.805610399999999771e+01 5.822325500000000176e+01
5.680363899999999688e+01 5.667660999999999660e+01 5.651246499999999884e+01
6.026374299999999806e+01 6.017047000000000168e+01 5.999924599999999941e+01
6.257510099999999653e+01 6.240692899999999810e+01 6.267337700000000211e+01
6.178193900000000127e+01 6.169245300000000043e+01 6.152109200000000300e+01
6.324396000000000129e+01 6.340635900000000191e+01 6.314471300000000298e+01
5.766040399999999977e+01 5.779675999999999902e+01 5.794006100000000004e+01
6.268217400000000339e+01 6.294726399999999700e+01 6.291559300000000121e+01
5.419669499999999829e+01 5.424504199999999798e+01 5.442484199999999817e+01
5.791429600000000022e+01 5.818391600000000352e+01 5.808397000000000077e+01
5.981741900000000101e+01 5.955549500000000052e+01 5.964495600000000053e+01
6.108915900000000221e+01 6.091682899999999989e+01 6.117652499999999804e+01
5.582756499999999988e+01 5.592302099999999854e+01 5.609171400000000318e+01
6.314279400000000209e+01 6.340107100000000173e+01 6.321060899999999805e+01
5.628038399999999797e+01 5.637673800000000313e+01 5.655734400000000051e+01
6.248834300000000042e+01 6.225442600000000226e+01 6.231309499999999701e+01
5.923750499999999874e+01 5.933184299999999922e+01 5.947887999999999664e+01
5.591016199999999969e+01 5.585197000000000145e+01 5.565632699999999744e+01
5.606218499999999949e+01 5.584643499999999960e+01 5.606911900000000060e+01
6.184079100000000295e+01 6.157235399999999714e+01 6.167846600000000024e+01
5.711942700000000173e+01 5.702752999999999872e+01 5.685416699999999679e+01
5.958234499999999656e+01 5.975417999999999807e+01 5.949121999999999844e+01
5.550864599999999882e+01 5.558601900000000029e+01 5.578081699999999898e+01
5.550864599999999882e+01 5.578081699999999898e+01 5.568421800000000133e+01
6.133612399999999809e+01 6.124342099999999789e+01 6.107318999999999676e+01
6.133626600000000195e+01 6.129726399999999842e+01 6.110423300000000069e+01
5.990747900000000215e+01 5.981741900000000101e+01 5.964495600000000053e+01
5.919564799999999849e+01 5.910344599999999815e+01 5.893400599999999656e+01
6.267142599999999675e+01 6.240144599999999997e+01 6.248360499999999718e+01
5.893400599999999656e+01 5.884142899999999798e+01 5.867270500000000055e+01
5.945662599999999998e+01 5.919564799999999849e+01 5.928644800000000004e+01
5.701229099999999761e+01 5.710585400000000078e+01 5.728004099999999710e+01
5.428657900000000325e+01 5.433082600000000184e+01 5.454554300000000211e+01
5.498541199999999662e+01 5.525469199999999859e+01 5.515912999999999755e+01
6.087264799999999809e+01 6.105126400000000331e+01 6.077559800000000223e+01
5.506862300000000232e+01 5.527167899999999889e+01 5.502259000000000100e+01
5.728887499999999733e+01 5.702610800000000069e+01 5.718818600000000174e+01
5.814590400000000159e+01 5.820404899999999770e+01 5.792645600000000172e+01
6.060509900000000272e+01 6.087264799999999809e+01 6.077559800000000223e+01
6.365163100000000185e+01 6.355853199999999958e+01 6.340635900000000191e+01
5.911449400000000054e+01 5.902528999999999826e+01 5.885517899999999969e+01
6.292748300000000228e+01 6.297214600000000218e+01 6.321060899999999805e+01
5.622429999999999950e+01 5.651246499999999884e+01 5.643982900000000313e+01
6.099917200000000150e+01 6.073009100000000160e+01 6.082336999999999705e+01
5.606218499999999949e+01 5.592945699999999931e+01 5.578081699999999898e+01
6.222446000000000055e+01 6.213681900000000269e+01 6.196205900000000355e+01
5.968712899999999877e+01 5.994870000000000232e+01 5.985681600000000202e+01
6.292902500000000288e+01 6.267142599999999675e+01 6.275329299999999932e+01
5.604529699999999792e+01 5.614164999999999850e+01 5.629926600000000292e+01
5.532608100000000206e+01 5.527167899999999889e+01 5.506862300000000232e+01
6.096140799999999871e+01 6.070977700000000254e+01 6.079959099999999950e+01
6.121860000000000213e+01 6.106136300000000006e+01 6.096140799999999871e+01
6.110080800000000067e+01 6.125945899999999966e+01 6.137760300000000058e+01
5.546429400000000243e+01 5.529682400000000086e+01 5.519126200000000182e+01
5.533402399999999943e+01 5.542911399999999844e+01 5.560376699999999772e+01
6.091225399999999723e+01 6.074152699999999783e+01 6.100108399999999875e+01
5.521833500000000328e+01 5.544198200000000298e+01 5.517624699999999649e+01
6.295219699999999818e+01 6.302692199999999900e+01 6.273457200000000000e+01
6.106136300000000006e+01 6.078835200000000327e+01 6.096140799999999871e+01
5.846621999999999986e+01 5.820259399999999772e+01 5.829703299999999899e+01
5.852547599999999761e+01 5.839095999999999975e+01 5.825492899999999707e+01
5.852547599999999761e+01 5.880259099999999961e+01 5.864992199999999656e+01
6.272066399999999931e+01 6.285657499999999942e+01 6.259385000000000332e+01
5.734026899999999927e+01 5.743662199999999984e+01 5.760305999999999926e+01
6.170569400000000115e+01 6.184280100000000147e+01 6.157515500000000230e+01
6.011833800000000139e+01 6.002682800000000185e+01 5.985681600000000202e+01
5.410000000000000142e+01 5.410000000000000142e+01 5.433492199999999883e+01
5.818459200000000209e+01 5.835590599999999739e+01 5.809112999999999971e+01
5.601818600000000004e+01 5.585258999999999929e+01 5.611313499999999976e+01
5.863596799999999831e+01 5.889944299999999799e+01 5.880616799999999955e+01
5.847732799999999997e+01 5.839095999999999975e+01 5.864992199999999656e+01
5.759331900000000104e+01 5.776503600000000205e+01 5.749777100000000019e+01
6.310908700000000238e+01 6.328541200000000089e+01 6.303008700000000175e+01
5.865426899999999932e+01 5.882334099999999921e+01 5.856024599999999936e+01
5.675561100000000181e+01 5.702610800000000069e+01 5.687107100000000059e+01
6.186416499999999985e+01 6.160468300000000141e+01 6.169245300000000043e+01
6.073009100000000160e+01 6.090784699999999674e+01 6.063919200000000131e+01
5.521833500000000328e+01 5.504069700000000154e+01 5.530050299999999908e+01
6.225374300000000005e+01 6.240000100000000316e+01 6.249575300000000055e+01
5.661932999999999794e+01 5.671853899999999982e+01 5.649327399999999955e+01
6.401582899999999654e+01 6.424412700000000598e+01 6.399200700000000097e+01
5.724997100000000216e+01 5.751651999999999987e+01 5.742156599999999855e+01
5.525898800000000222e+01 5.518241400000000141e+01 5.499978600000000029e+01
5.946716700000000344e+01 5.973441100000000148e+01 5.964577200000000090e+01
5.757315400000000238e+01 5.730673199999999667e+01 5.740210400000000135e+01
5.606218499999999949e+01 5.634327199999999891e+01 5.618439699999999704e+01
5.842537200000000297e+01 5.851661299999999954e+01 5.868970900000000057e+01
6.334714799999999713e+01 6.325478499999999826e+01 6.308910900000000055e+01
6.267142599999999675e+01 6.258837900000000332e+01 6.240144599999999997e+01
6.042206699999999842e+01 6.051169000000000153e+01 6.068082499999999868e+01
6.189141599999999954e+01 6.216362199999999660e+01 6.206650799999999890e+01
5.928965699999999828e+01 5.937868199999999774e+01 5.955571199999999976e+01
5.820374900000000196e+01 5.803219500000000153e+01 5.829920200000000108e+01
6.143736799999999931e+01 6.126382399999999961e+01 6.152594899999999711e+01
5.653037700000000143e+01 5.634327199999999891e+01 5.627669699999999864e+01
5.685850299999999891e+01 5.695485599999999948e+01 5.712402600000000064e+01
6.148820099999999655e+01 6.157515500000000230e+01 6.170613699999999824e+01
5.723135700000000270e+01 5.728227700000000056e+01 5.744975800000000277e+01
5.874808800000000275e+01 5.865426899999999932e+01 5.848563000000000045e+01
5.767517399999999839e+01 5.793894600000000139e+01 5.784414999999999907e+01
6.103403699999999787e+01 6.093716700000000230e+01 6.076466200000000129e+01
5.558601900000000029e+01 5.584643499999999960e+01 5.578081699999999898e+01
6.073009100000000160e+01 6.063919200000000131e+01 6.046036999999999750e+01
5.432035700000000134e+01 5.410000000000000142e+01 5.433380700000000019e+01
6.240000100000000316e+01 6.266956600000000321e+01 6.249575300000000055e+01
5.442484199999999817e+01 5.449153199999999941e+01 5.467754699999999701e+01
6.095417799999999886e+01 6.068951599999999758e+01 6.077370799999999917e+01
6.052985999999999933e+01 6.079123599999999783e+01 6.069274699999999712e+01
5.627669699999999864e+01 5.606218499999999949e+01 5.606911900000000060e+01
6.052320499999999726e+01 6.059864900000000176e+01 6.079959099999999950e+01
5.711942700000000173e+01 5.685416699999999679e+01 5.694713600000000042e+01
5.690385700000000213e+01 5.662448200000000043e+01 5.679158999999999935e+01
5.822325500000000176e+01 5.805610399999999771e+01 5.831772099999999881e+01
6.204992800000000130e+01 6.211421599999999899e+01 6.188478099999999671e+01
5.887236000000000047e+01 5.869986300000000057e+01 5.896400500000000022e+01
5.592945699999999931e+01 5.574825799999999987e+01 5.568421800000000133e+01
5.575623699999999872e+01 5.601818600000000004e+01 5.592302099999999854e+01
5.637565399999999727e+01 5.646943600000000174e+01 5.664061000000000234e+01
5.693870900000000290e+01 5.667660999999999660e+01 5.680363899999999688e+01
5.764815800000000223e+01 5.791429600000000022e+01 5.781722899999999754e+01
5.712402600000000064e+01 5.721974999999999767e+01 5.738953099999999807e+01
6.090251500000000107e+01 6.116470199999999835e+01 6.107318999999999676e+01
6.096154500000000098e+01 6.079663500000000198e+01 6.106435799999999858e+01
6.174220499999999845e+01 6.158059899999999942e+01 6.150077999999999889e+01
6.095417799999999886e+01 6.087092299999999767e+01 6.068951599999999758e+01
6.161721500000000162e+01 6.133451300000000117e+01 6.155461499999999830e+01
5.524163000000000068e+01 5.513643600000000333e+01 5.498760699999999702e+01
6.363678500000000327e+01 6.337326099999999940e+01 6.346457300000000146e+01
6.081098800000000182e+01 6.090251500000000107e+01 6.107318999999999676e+01
5.458431800000000322e+01 5.433250900000000172e+01 5.456507100000000321e+01
5.610994099999999918e+01 5.591016199999999969e+01 5.618498900000000162e+01
6.013487800000000050e+01 6.039098700000000264e+01 6.031151799999999952e+01
5.732627200000000300e+01 5.749777100000000019e+01 5.723077599999999876e+01
5.674804100000000062e+01 5.647709300000000354e+01 5.657400599999999713e+01
6.203390799999999672e+01 6.229298399999999702e+01 6.221523200000000031e+01
6.018301000000000300e+01 6.027321500000000043e+01 6.044781799999999805e+01
5.787625799999999998e+01 5.814183799999999991e+01 5.804886299999999721e+01
5.982174899999999695e+01 6.000502199999999675e+01 5.973441100000000148e+01
5.928965699999999828e+01 5.946716700000000344e+01 5.919824299999999795e+01
5.671853899999999982e+01 5.651246499999999884e+01 5.649327399999999955e+01
5.796907300000000163e+01 5.779639600000000144e+01 5.806124400000000207e+01
5.962575100000000106e+01 5.979439699999999647e+01 5.953400700000000256e+01
6.130243300000000062e+01 6.137563699999999756e+01 6.108333300000000321e+01
5.750720700000000107e+01 5.760305999999999926e+01 5.777044099999999816e+01
5.914788300000000021e+01 5.931933200000000284e+01 5.905585599999999857e+01
6.401582899999999654e+01 6.399200700000000097e+01 6.376341399999999737e+01
5.982174899999999695e+01 6.008644000000000318e+01 6.000502199999999675e+01
5.972426999999999708e+01 6.001464899999999858e+01 5.987298299999999784e+01
5.579028699999999930e+01 5.569227899999999920e+01 5.552260100000000165e+01
5.723135700000000270e+01 5.734742399999999662e+01 5.709462899999999763e+01
5.955549500000000052e+01 5.938212800000000158e+01 5.964495600000000053e+01
5.454221400000000131e+01 5.432035700000000134e+01 5.454618700000000331e+01
5.976221100000000064e+01 5.953302599999999956e+01 5.954439800000000105e+01
6.258837900000000332e+01 6.278269199999999728e+01 6.255158200000000335e+01
6.214695499999999839e+01 6.231309499999999701e+01 6.204560299999999984e+01
5.460025799999999663e+01 5.467754699999999701e+01 5.483431999999999817e+01
5.953302599999999956e+01 5.970935899999999918e+01 5.945968599999999782e+01
6.066829599999999800e+01 6.039948400000000106e+01 6.049532899999999813e+01
6.089714200000000233e+01 6.062335699999999861e+01 6.078835200000000327e+01
6.060509900000000272e+01 6.034125399999999928e+01 6.043443899999999758e+01
6.134915800000000274e+01 6.143736799999999931e+01 6.161010199999999770e+01
6.327293900000000093e+01 6.318103200000000186e+01 6.301376400000000189e+01
5.772135999999999711e+01 5.763030899999999690e+01 5.745514500000000169e+01
5.574825799999999987e+01 5.556748900000000191e+01 5.546429400000000243e+01
6.030127399999999938e+01 6.020978099999999955e+01 6.004046600000000211e+01
5.529682400000000086e+01 5.556748900000000191e+01 5.541439900000000307e+01
5.769877400000000023e+01 5.796100700000000217e+01 5.786574900000000099e+01
5.864026199999999989e+01 5.847053799999999768e+01 5.873750100000000174e+01
6.176412899999999695e+01 6.203390799999999672e+01 6.195619200000000149e+01
6.303839500000000129e+01 6.275329299999999932e+01 6.291559300000000121e+01
5.761494499999999874e+01 5.734742399999999662e+01 5.751483000000000345e+01
6.093567699999999832e+01 6.120519000000000176e+01 6.107946199999999948e+01
6.002682800000000185e+01 5.993569200000000308e+01 5.976509399999999772e+01
6.186646900000000215e+01 6.214240199999999703e+01 6.203307300000000168e+01
5.709424500000000080e+01 5.735903799999999819e+01 5.726674599999999771e+01
6.204973100000000130e+01 6.188642300000000063e+01 6.178981199999999774e+01
6.141531299999999760e+01 6.121917299999999784e+01 6.148092499999999916e+01
5.983617399999999975e+01 6.000936099999999840e+01 5.974545200000000023e+01
6.158672700000000333e+01 6.141311499999999768e+01 6.167557699999999699e+01
5.738101300000000293e+01 5.764296499999999668e+01 5.756233900000000148e+01
5.867270500000000055e+01 5.850491600000000147e+01 5.876478099999999927e+01
5.742156599999999855e+01 5.768839400000000239e+01 5.759331900000000104e+01
5.611313499999999976e+01 5.620708100000000229e+01 5.637565399999999727e+01
6.334095700000000306e+01 6.332734099999999700e+01 6.310886699999999649e+01
6.060009800000000268e+01 6.069274699999999712e+01 6.085538300000000334e+01
5.919564799999999849e+01 5.902528999999999826e+01 5.928644800000000004e+01
5.709424500000000080e+01 5.700121500000000196e+01 5.682889800000000236e+01
5.645127200000000300e+01 5.671688199999999824e+01 5.662199499999999830e+01
5.849946099999999660e+01 5.876429799999999659e+01 5.867324700000000348e+01
5.480264799999999781e+01 5.506336799999999698e+01 5.499978600000000029e+01
6.031241700000000350e+01 6.022276000000000096e+01 6.005374900000000338e+01
6.284389800000000292e+01 6.295429599999999937e+01 6.314279400000000209e+01
5.878098500000000115e+01 5.851661299999999954e+01 5.860810599999999937e+01
6.117627600000000143e+01 6.090784699999999674e+01 6.099917200000000150e+01
5.766921399999999664e+01 5.793662900000000349e+01 5.784056100000000100e+01
5.937423600000000334e+01 5.927534899999999851e+01 5.910320699999999761e+01
6.258837900000000332e+01 6.285014699999999976e+01 6.278269199999999728e+01
5.740210400000000135e+01 5.713554700000000253e+01 5.723077599999999876e+01
5.782908900000000330e+01 5.756143900000000002e+01 5.768713600000000241e+01
6.028821200000000147e+01 6.011833800000000139e+01 6.037948099999999840e+01
6.009942600000000112e+01 5.992650600000000338e+01 6.018886899999999684e+01
5.911349299999999829e+01 5.920320600000000155e+01 5.937868199999999774e+01
5.815260700000000327e+01 5.797907500000000169e+01 5.824352199999999868e+01
5.613571900000000170e+01 5.587062000000000239e+01 5.596395799999999809e+01
6.048555799999999749e+01 6.022929899999999748e+01 6.031151799999999952e+01
5.694713600000000042e+01 5.677536500000000075e+01 5.704099200000000280e+01
6.144457200000000086e+01 6.153610499999999917e+01 6.171279299999999779e+01
5.949121999999999844e+01 5.922782399999999825e+01 5.931933200000000284e+01
5.820374900000000196e+01 5.829920200000000108e+01 5.847053799999999768e+01
5.772135999999999711e+01 5.798679500000000075e+01 5.789569999999999794e+01
6.035646299999999798e+01 6.048127600000000115e+01 6.023702800000000224e+01
6.424412700000000598e+01 6.417201300000000685e+01 6.399200700000000097e+01
5.702035500000000212e+01 5.674804100000000062e+01 5.684305299999999761e+01
6.135407399999999711e+01 6.121605699999999928e+01 6.106175000000000352e+01
6.203521400000000341e+01 6.212321099999999774e+01 6.228518600000000305e+01
6.193068999999999846e+01 6.185472399999999737e+01 6.209492000000000189e+01
5.887003599999999892e+01 5.914058800000000105e+01 5.903026799999999952e+01
6.297214600000000218e+01 6.284389800000000292e+01 6.314279400000000209e+01
6.054946999999999946e+01 6.064087800000000072e+01 6.081098800000000182e+01
6.135407399999999711e+01 6.148436300000000188e+01 6.121605699999999928e+01
5.592302099999999854e+01 5.601818600000000004e+01 5.618666300000000291e+01
5.499978600000000029e+01 5.518241400000000141e+01 5.492673899999999776e+01
6.224748600000000209e+01 6.244241099999999989e+01 6.216362199999999660e+01
6.027822299999999700e+01 6.010674600000000112e+01 6.036798399999999987e+01
6.136091799999999807e+01 6.118688699999999869e+01 6.145533799999999758e+01
5.902867899999999679e+01 5.885488200000000347e+01 5.911876600000000082e+01
6.037948099999999840e+01 6.011833800000000139e+01 6.020978099999999955e+01
5.994870000000000232e+01 6.011833800000000139e+01 5.985681600000000202e+01
5.946714099999999803e+01 5.955549500000000052e+01 5.972967299999999824e+01
6.325478499999999826e+01 6.316242199999999940e+01 6.299819800000000214e+01
6.290869399999999700e+01 6.307005900000000054e+01 6.282038299999999964e+01
6.036687899999999729e+01 6.046277299999999855e+01 6.062363100000000316e+01
6.134398399999999896e+01 6.151660300000000348e+01 6.125485499999999917e+01
6.085637700000000194e+01 6.068082499999999868e+01 6.093567699999999832e+01
5.958234499999999656e+01 5.949121999999999844e+01 5.931933200000000284e+01
6.069265200000000249e+01 6.060173600000000249e+01 6.042221599999999881e+01
5.749777100000000019e+01 5.766921399999999664e+01 5.740210400000000135e+01
6.133626600000000195e+01 6.156122100000000330e+01 6.129726399999999842e+01
6.186093600000000237e+01 6.167557699999999699e+01 6.192481200000000285e+01
5.624412699999999887e+01 5.650980100000000306e+01 5.641618299999999664e+01
5.569750700000000165e+01 5.587062000000000239e+01 5.560376699999999772e+01
5.657400599999999713e+01 5.630621699999999663e+01 5.640163700000000091e+01
5.937868199999999774e+01 5.920320600000000155e+01 5.946714099999999803e+01
6.349637400000000298e+01 6.360135900000000220e+01 6.337531100000000350e+01
6.126791000000000054e+01 6.109238200000000063e+01 6.136091799999999807e+01
5.632293700000000314e+01 5.622958599999999763e+01 5.605711000000000155e+01
6.257597700000000174e+01 6.267537200000000297e+01 6.286520300000000105e+01
5.928965699999999828e+01 5.955571199999999976e+01 5.946716700000000344e+01
5.920320600000000155e+01 5.902867899999999679e+01 5.929253099999999677e+01
5.643256999999999834e+01 5.626173699999999656e+01 5.652717499999999973e+01
6.110962299999999914e+01 6.084086599999999834e+01 6.093716700000000230e+01
6.150276499999999658e+01 6.176412899999999695e+01 6.169057600000000008e+01
6.147267899999999941e+01 6.164685399999999760e+01 6.137816600000000022e+01
5.944154100000000085e+01 5.970270200000000216e+01 5.961032699999999807e+01
6.013079599999999658e+01 6.030337000000000103e+01 6.003477199999999669e+01
6.334095700000000306e+01 6.310886699999999649e+01 6.321060899999999805e+01
5.825492899999999707e+01 5.814590400000000159e+01 5.798161600000000249e+01
6.173685900000000260e+01 6.157235399999999714e+01 6.184079100000000295e+01
5.744945599999999786e+01 5.768713600000000241e+01 5.738536400000000270e+01
5.976221100000000064e+01 5.970935899999999918e+01 5.953302599999999956e+01
5.906960200000000327e+01 5.933251800000000031e+01 5.924015200000000192e+01
6.203521400000000341e+01 6.228518600000000305e+01 6.221957799999999850e+01
5.556353099999999756e+01 5.582756499999999988e+01 5.573194500000000318e+01
5.439639900000000239e+01 5.460025799999999663e+01 5.466660600000000159e+01
6.207016800000000245e+01 6.233401599999999831e+01 6.224748600000000209e+01
6.242957299999999776e+01 6.225374300000000005e+01 6.249575300000000055e+01
6.134453500000000048e+01 6.140497299999999825e+01 6.156033599999999950e+01
6.005723400000000112e+01 6.013487800000000050e+01 6.031151799999999952e+01
5.727457299999999663e+01 5.709764599999999746e+01 5.736439899999999881e+01
6.027321500000000043e+01 6.009942600000000112e+01 6.036202699999999766e+01
6.221523200000000031e+01 6.214695499999999839e+01 6.195619200000000149e+01
5.585258999999999929e+01 5.594894299999999987e+01 5.611313499999999976e+01
6.238419799999999782e+01 6.232212499999999977e+01 6.255158200000000335e+01
6.428546699999999703e+01 6.424412700000000598e+01 6.401582899999999654e+01
5.862504700000000213e+01 5.887003599999999892e+01 5.880259099999999961e+01
5.618498900000000162e+01 5.591016199999999969e+01 5.599143200000000320e+01
6.019722500000000309e+01 6.002682800000000185e+01 6.028821200000000147e+01
6.018971100000000263e+01 6.001458000000000226e+01 6.028422199999999975e+01
5.665433399999999864e+01 5.692003600000000318e+01 5.682889800000000236e+01
6.210260600000000153e+01 6.182346100000000177e+01 6.191699299999999795e+01
5.594147499999999695e+01 5.604042199999999951e+01 5.620793199999999956e+01
6.101364600000000138e+01 6.091812900000000042e+01 6.074486999999999881e+01
6.019722500000000309e+01 5.993569200000000308e+01 6.002682800000000185e+01
6.345538700000000176e+01 6.336404000000000281e+01 6.319634400000000340e+01
5.664061000000000234e+01 5.646943600000000174e+01 5.673490100000000069e+01
6.016386700000000332e+01 5.999018600000000134e+01 6.025031700000000257e+01
6.248569700000000182e+01 6.231454599999999999e+01 6.257510099999999653e+01
5.756143900000000002e+01 5.769288999999999845e+01 5.744975800000000277e+01
6.260000000000000142e+01 6.232194100000000248e+01 6.247910699999999906e+01
6.214330900000000213e+01 6.205180099999999754e+01 6.187925500000000056e+01
5.779639600000000144e+01 5.762349100000000135e+01 5.788808999999999827e+01
5.568096400000000301e+01 5.552412799999999748e+01 5.541439900000000307e+01
6.292902500000000288e+01 6.285014699999999976e+01 6.267142599999999675e+01
5.703210299999999933e+01 5.683883300000000105e+01 5.710638200000000353e+01
5.454221400000000131e+01 5.475863400000000070e+01 5.475595400000000268e+01
5.940010699999999844e+01 5.930899399999999844e+01 5.913638300000000214e+01
5.901048600000000022e+01 5.917954100000000039e+01 5.891707499999999698e+01
5.780497499999999889e+01 5.789569999999999794e+01 5.806977599999999740e+01
6.392150699999999830e+01 6.365163100000000185e+01 6.376654400000000322e+01
5.552412799999999748e+01 5.535945900000000108e+01 5.526920899999999648e+01
5.996303999999999945e+01 5.987141799999999847e+01 5.970270200000000216e+01
5.655169099999999816e+01 5.673277800000000326e+01 5.645999199999999973e+01
6.043443899999999758e+01 6.034125399999999928e+01 6.017047000000000168e+01
6.046036999999999750e+01 6.063919200000000131e+01 6.036968799999999646e+01
5.738465599999999966e+01 5.711942700000000173e+01 5.721255399999999725e+01
6.130339800000000139e+01 6.103403699999999787e+01 6.113160599999999789e+01
5.476264900000000324e+01 5.459283800000000042e+01 5.488702899999999829e+01
5.525469199999999859e+01 5.552345100000000144e+01 5.542911399999999844e+01
6.286520300000000105e+01 6.267537200000000297e+01 6.292748300000000228e+01
5.880722699999999747e+01 5.907187100000000157e+01 5.897169399999999939e+01
6.069943099999999703e+01 6.043443899999999758e+01 6.052958199999999778e+01
6.082977000000000345e+01 6.065807199999999710e+01 6.091682899999999989e+01
5.982705399999999685e+01 5.965446800000000138e+01 5.991853900000000266e+01
6.203390799999999672e+01 6.221523200000000031e+01 6.195619200000000149e+01
5.694724500000000234e+01 5.723135700000000270e+01 5.709462899999999763e+01
6.133451300000000117e+01 6.113804100000000119e+01 6.137820099999999712e+01
5.719986699999999757e+01 5.737295900000000159e+01 5.710585400000000078e+01
6.195830999999999733e+01 6.169154000000000337e+01 6.177820499999999981e+01
6.355542400000000214e+01 6.352081900000000303e+01 6.332734099999999700e+01
6.285014699999999976e+01 6.303008700000000175e+01 6.278269199999999728e+01
5.629228299999999763e+01 5.640192799999999806e+01 5.612554200000000293e+01
6.282038299999999964e+01 6.297769600000000167e+01 6.273241600000000062e+01
5.552345100000000144e+01 5.535000800000000254e+01 5.561765199999999965e+01
5.433773000000000053e+01 5.410000000000000142e+01 5.437807999999999709e+01
6.079663500000000198e+01 6.069943099999999703e+01 6.052958199999999778e+01
5.990747900000000215e+01 6.017047000000000168e+01 6.007892400000000066e+01
6.095270299999999963e+01 6.110080800000000067e+01 6.082856499999999755e+01
5.980292899999999889e+01 6.005723400000000112e+01 5.997325699999999671e+01
5.818391600000000352e+01 5.835792299999999955e+01 5.808397000000000077e+01
5.767517399999999839e+01 5.750720700000000107e+01 5.777044099999999816e+01
5.638626200000000210e+01 5.665433399999999864e+01 5.656222700000000003e+01
6.247579400000000049e+01 6.239833399999999841e+01 6.221523200000000031e+01
5.963214399999999671e+01 5.954623099999999880e+01 5.937506900000000343e+01
5.982705399999999685e+01 5.991853900000000266e+01 6.009149299999999982e+01
5.900505600000000328e+01 5.873750100000000174e+01 5.883399599999999907e+01
5.722740499999999741e+01 5.707314600000000127e+01 5.697327200000000147e+01
6.260000000000000142e+01 6.243269099999999838e+01 6.232194100000000248e+01
5.854238900000000001e+01 5.871312600000000259e+01 5.844905099999999720e+01
5.664061000000000234e+01 5.690676599999999752e+01 5.681194800000000100e+01
5.877208100000000002e+01 5.850792799999999971e+01 5.859873100000000079e+01
5.720306000000000068e+01 5.749135600000000323e+01 5.737538200000000188e+01
6.321268299999999840e+01 6.337531100000000350e+01 6.314279400000000209e+01
5.656923799999999858e+01 5.629228299999999763e+01 5.645696600000000132e+01
6.137760300000000058e+01 6.164568100000000328e+01 6.150077999999999889e+01
5.523674299999999704e+01 5.506278199999999856e+01 5.533402399999999943e+01
5.844905099999999720e+01 5.862027100000000246e+01 5.835590599999999739e+01
5.914058800000000105e+01 5.926876599999999939e+01 5.903026799999999952e+01
5.647309099999999660e+01 5.656944399999999717e+01 5.674328100000000319e+01
5.777044099999999816e+01 5.760305999999999926e+01 5.786574900000000099e+01
5.841169800000000123e+01 5.867270500000000055e+01 5.857950300000000254e+01
6.120800299999999794e+01 6.106435799999999858e+01 6.134453500000000048e+01
5.868766399999999805e+01 5.894315199999999777e+01 5.885517899999999969e+01
6.016386700000000332e+01 5.990573400000000248e+01 5.999018600000000134e+01
6.027321500000000043e+01 6.053649899999999917e+01 6.044781799999999805e+01
5.620708100000000229e+01 5.604529699999999792e+01 5.629926600000000292e+01
5.606218499999999949e+01 5.618439699999999704e+01 5.592945699999999931e+01
6.098049999999999926e+01 6.110080800000000067e+01 6.123420500000000288e+01
6.295429599999999937e+01 6.275775500000000306e+01 6.298822700000000196e+01
5.818459200000000209e+01 5.809112999999999971e+01 5.791986500000000149e+01
5.778283100000000161e+01 5.751483000000000345e+01 5.769288999999999845e+01
6.046277299999999855e+01 6.056180400000000219e+01 6.072053700000000021e+01
5.439639900000000239e+01 5.442484199999999817e+01 5.460025799999999663e+01
6.343951100000000309e+01 6.334714799999999713e+01 6.318103200000000186e+01
6.169932200000000222e+01 6.187252999999999759e+01 6.161010199999999770e+01
5.576556599999999975e+01 5.586037300000000272e+01 5.603280399999999872e+01
5.711942700000000173e+01 5.729260800000000131e+01 5.702752999999999872e+01
5.837218599999999924e+01 5.854238900000000001e+01 5.827832099999999826e+01
5.911349299999999829e+01 5.928965699999999828e+01 5.902255399999999952e+01
5.633729900000000157e+01 5.663112600000000185e+01 5.648761799999999766e+01
6.267537200000000297e+01 6.248569700000000182e+01 6.273312700000000319e+01
5.535450699999999813e+01 5.525168000000000035e+01 5.509178500000000156e+01
6.199073400000000333e+01 6.172342600000000346e+01 6.182346100000000177e+01
6.001464899999999858e+01 6.007607800000000253e+01 6.023702800000000224e+01
6.098049999999999926e+01 6.113938799999999674e+01 6.088233600000000223e+01
6.036968799999999646e+01 6.063919200000000131e+01 6.055242499999999950e+01
5.792645600000000172e+01 5.802203800000000200e+01 5.779407599999999690e+01
5.702610800000000069e+01 5.713047000000000253e+01 5.687107100000000059e+01
6.238779699999999906e+01 6.221347500000000252e+01 6.247773200000000315e+01
5.890635300000000285e+01 5.864026199999999989e+01 5.873750100000000174e+01
5.556748900000000191e+01 5.568096400000000301e+01 5.541439900000000307e+01
6.210260600000000153e+01 6.199073400000000333e+01 6.182346100000000177e+01
5.907187100000000157e+01 5.890635300000000285e+01 5.917251999999999867e+01
6.062890800000000269e+01 6.036798399999999987e+01 6.045845500000000072e+01
5.451389000000000351e+01 5.432354800000000239e+01 5.459283800000000042e+01
5.558601900000000029e+01 5.567362299999999919e+01 5.584643499999999960e+01
6.417201300000000685e+01 6.392150699999999830e+01 6.399200700000000097e+01
5.540769399999999933e+01 5.513643600000000333e+01 5.524163000000000068e+01
5.589999999999999858e+01 5.562973000000000212e+01 5.579136100000000198e+01
5.946716700000000344e+01 5.964577200000000090e+01 5.937423600000000334e+01
5.517811900000000236e+01 5.527447200000000294e+01 5.544533500000000004e+01
6.240224500000000063e+01 6.213681900000000269e+01 6.222446000000000055e+01
5.863596799999999831e+01 5.880616799999999955e+01 5.854238900000000001e+01
5.983617399999999975e+01 5.966349300000000255e+01 5.992650600000000338e+01
6.103421900000000022e+01 6.077370799999999917e+01 6.085538300000000334e+01
6.074152699999999783e+01 6.082977000000000345e+01 6.100108399999999875e+01
6.039098700000000264e+01 6.056846399999999875e+01 6.031151799999999952e+01
6.027822299999999700e+01 6.053919299999999737e+01 6.045040900000000050e+01
6.124342099999999789e+01 6.115101400000000353e+01 6.098118699999999848e+01
6.134398399999999896e+01 6.117234299999999791e+01 6.143253099999999733e+01
5.781722899999999754e+01 5.791429600000000022e+01 5.808397000000000077e+01
5.729369599999999707e+01 5.738101300000000293e+01 5.756233900000000148e+01
5.856758099999999700e+01 5.838699100000000186e+01 5.829547699999999821e+01
6.042206699999999842e+01 6.068082499999999868e+01 6.059864900000000176e+01
6.039948400000000106e+01 6.057215099999999808e+01 6.030337000000000103e+01
6.172239499999999879e+01 6.145470300000000208e+01 6.161721500000000162e+01
6.000502199999999675e+01 6.027825399999999689e+01 6.019308099999999939e+01
5.700829300000000188e+01 5.682909899999999936e+01 5.709764599999999746e+01
5.684305299999999761e+01 5.657400599999999713e+01 5.666846499999999764e+01
5.664957199999999915e+01 5.674328100000000319e+01 5.691992199999999968e+01
6.164685399999999760e+01 6.155199900000000213e+01 6.137816600000000022e+01
5.620708100000000229e+01 5.629926600000000292e+01 5.646943600000000174e+01
6.028626400000000274e+01 6.047034899999999880e+01 6.020933600000000041e+01
6.158672700000000333e+01 6.167557699999999699e+01 6.186093600000000237e+01
6.142568899999999843e+01 6.114775999999999812e+01 6.123017099999999857e+01
5.803372399999999942e+01 5.812856200000000229e+01 5.829703299999999899e+01
6.176805000000000234e+01 6.186646900000000215e+01 6.203307300000000168e+01
5.772135999999999711e+01 5.789569999999999794e+01 5.763030899999999690e+01
5.550880500000000239e+01 5.533402399999999943e+01 5.560376699999999772e+01
5.786574900000000099e+01 5.812856200000000229e+01 5.803372399999999942e+01
6.244241099999999989e+01 6.273457200000000000e+01 6.260733599999999655e+01
6.002153799999999961e+01 6.028626400000000274e+01 6.020933600000000041e+01
6.184280100000000147e+01 6.200156799999999890e+01 6.210505700000000218e+01
6.257597700000000174e+01 6.286520300000000105e+01 6.270905700000000138e+01
5.968712899999999877e+01 5.942510899999999907e+01 5.951777400000000284e+01
6.073190900000000170e+01 6.082251200000000324e+01 6.099331600000000009e+01
6.152973000000000070e+01 6.179999999999999716e+01 6.164568100000000328e+01
5.691992199999999968e+01 5.701229099999999761e+01 5.718820699999999846e+01
6.284389800000000292e+01 6.267337700000000211e+01 6.295429599999999937e+01
5.894315199999999777e+01 5.911449400000000054e+01 5.885517899999999969e+01
6.179802800000000218e+01 6.162205300000000108e+01 6.189141599999999954e+01
6.087264799999999809e+01 6.113804100000000119e+01 6.105126400000000331e+01
6.184079100000000295e+01 6.167846600000000024e+01 6.196888599999999769e+01
5.826301200000000335e+01 5.843540699999999788e+01 5.817063000000000272e+01
6.053919299999999737e+01 6.079973499999999831e+01 6.071090999999999838e+01
5.668171399999999949e+01 5.650980100000000306e+01 5.677536500000000075e+01
6.408545499999999606e+01 6.399309199999999720e+01 6.382103500000000196e+01
5.807852700000000112e+01 5.781293000000000148e+01 5.790526799999999952e+01
5.576556599999999975e+01 5.603280399999999872e+01 5.593609699999999663e+01
5.645999199999999973e+01 5.664803599999999761e+01 5.637754799999999733e+01
5.976221100000000064e+01 5.995349399999999918e+01 5.970935899999999918e+01
6.028422199999999975e+01 6.011070099999999883e+01 6.037985100000000216e+01
5.917251999999999867e+01 5.900505600000000328e+01 5.927534899999999851e+01
6.082856499999999755e+01 6.098049999999999926e+01 6.072053700000000021e+01
6.240206899999999735e+01 6.211421599999999899e+01 6.227743099999999998e+01
5.641618299999999664e+01 5.632293700000000314e+01 5.615053100000000086e+01
6.174916499999999786e+01 6.197543100000000038e+01 6.196888599999999769e+01
5.816067499999999768e+01 5.825197299999999956e+01 5.842537200000000297e+01
6.095624500000000268e+01 6.086093199999999825e+01 6.068556199999999734e+01
5.675579599999999658e+01 5.683883300000000105e+01 5.703210299999999933e+01
5.726674599999999771e+01 5.753169700000000120e+01 5.743870900000000290e+01
6.204973100000000130e+01 6.178981199999999774e+01 6.193068999999999846e+01
5.645127200000000300e+01 5.628133100000000155e+01 5.654600700000000302e+01
5.999924599999999941e+01 5.982705399999999685e+01 6.009149299999999982e+01
5.897685899999999748e+01 5.924015200000000192e+01 5.914788300000000021e+01
5.563628500000000088e+01 5.590164999999999651e+01 5.580671799999999649e+01
5.460000000000000142e+01 5.469635300000000200e+01 5.486711999999999989e+01
6.229298399999999702e+01 6.247579400000000049e+01 6.221523200000000031e+01
6.108325399999999661e+01 6.134398399999999896e+01 6.125485499999999917e+01
5.905585599999999857e+01 5.922782399999999825e+01 5.896400500000000022e+01
5.629228299999999763e+01 5.602130999999999972e+01 5.618439699999999704e+01
5.735903799999999819e+01 5.718512199999999979e+01 5.744985100000000244e+01
6.039948400000000106e+01 6.030337000000000103e+01 6.013079599999999658e+01
6.238419799999999782e+01 6.257019999999999982e+01 6.231370199999999926e+01
5.900505600000000328e+01 5.883399599999999907e+01 5.910320699999999761e+01
5.874002300000000076e+01 5.847732799999999997e+01 5.864992199999999656e+01
5.647709300000000354e+01 5.665053100000000086e+01 5.637704800000000205e+01
6.157515500000000230e+01 6.184280100000000147e+01 6.170613699999999824e+01
6.001658900000000330e+01 6.027822299999999700e+01 6.018886899999999684e+01
5.692003600000000318e+01 5.674023799999999795e+01 5.700829300000000188e+01
6.189630600000000271e+01 6.207016800000000245e+01 6.180374400000000179e+01
6.257019999999999982e+01 6.250670399999999916e+01 6.231370199999999926e+01
5.858111999999999853e+01 5.875513099999999866e+01 5.848809200000000175e+01
5.954623099999999880e+01 5.945662599999999998e+01 5.928644800000000004e+01
5.856633200000000272e+01 5.829920200000000108e+01 5.839412000000000091e+01
5.599682200000000165e+01 5.609171400000000318e+01 5.626173699999999656e+01
5.647709300000000354e+01 5.637704800000000205e+01 5.620793199999999956e+01
5.646672399999999925e+01 5.674023799999999795e+01 5.665433399999999864e+01
5.584643499999999960e+01 5.567362299999999919e+01 5.593609699999999663e+01
5.780439799999999906e+01 5.806286899999999918e+01 5.790637999999999863e+01
5.515912999999999755e+01 5.525469199999999859e+01 5.542911399999999844e+01
6.123490900000000181e+01 6.105871799999999894e+01 6.131994600000000162e+01
5.824352199999999868e+01 5.797907500000000169e+01 5.806977599999999740e+01
5.668171399999999949e+01 5.685416699999999679e+01 5.658854199999999679e+01
5.433250900000000172e+01 5.432963600000000071e+01 5.456507100000000321e+01
6.184280100000000147e+01 6.210505700000000218e+01 6.193534499999999809e+01
5.607251600000000025e+01 5.624412699999999887e+01 5.597826299999999833e+01
5.990747900000000215e+01 6.007892400000000066e+01 5.981741900000000101e+01
6.162205300000000108e+01 6.144457200000000086e+01 6.171279299999999779e+01
6.057215099999999808e+01 6.074486999999999881e+01 6.047587299999999999e+01
5.720306000000000068e+01 5.729369599999999707e+01 5.749135600000000323e+01
6.114225199999999916e+01 6.105871799999999894e+01 6.088345799999999741e+01
6.048555799999999749e+01 6.040042400000000100e+01 6.022929899999999748e+01
6.380836699999999695e+01 6.371600399999999809e+01 6.354625699999999711e+01
6.191699299999999795e+01 6.199197999999999809e+01 6.219453399999999732e+01
5.710638200000000353e+01 5.718564599999999842e+01 5.738536400000000270e+01
5.750720700000000107e+01 5.734026899999999927e+01 5.760305999999999926e+01
5.668171399999999949e+01 5.677536500000000075e+01 5.694713600000000042e+01
6.319634400000000340e+01 6.310464400000000040e+01 6.293847000000000236e+01
5.609171400000000318e+01 5.592302099999999854e+01 5.618666300000000291e+01
6.273312700000000319e+01 6.284389800000000292e+01 6.297214600000000218e+01
6.160468300000000141e+01 6.134398399999999896e+01 6.143253099999999733e+01
6.334714799999999713e+01 6.308910900000000055e+01 6.318103200000000186e+01
5.506778200000000112e+01 5.524163000000000068e+01 5.498760699999999702e+01
6.045845500000000072e+01 6.054946999999999946e+01 6.071965600000000052e+01
5.878098500000000115e+01 5.895390700000000095e+01 5.868970900000000057e+01
6.039213399999999865e+01 6.030127399999999938e+01 6.013196400000000352e+01
5.970270200000000216e+01 5.987141799999999847e+01 5.961032699999999807e+01
6.121860000000000213e+01 6.132724900000000190e+01 6.106136300000000006e+01
6.240144599999999997e+01 6.221957799999999850e+01 6.248360499999999718e+01
5.743870900000000290e+01 5.761072200000000265e+01 5.734475199999999973e+01
5.569750700000000165e+01 5.579085500000000053e+01 5.596395799999999809e+01
6.240206899999999735e+01 6.229298399999999702e+01 6.211421599999999899e+01
5.913638300000000214e+01 5.887236000000000047e+01 5.896400500000000022e+01
5.812724000000000046e+01 5.795500400000000241e+01 5.822146800000000155e+01
5.747765799999999814e+01 5.774391800000000075e+01 5.764815800000000223e+01
6.213681900000000269e+01 6.187252999999999759e+01 6.196205900000000355e+01
5.575623699999999872e+01 5.585258999999999929e+01 5.601818600000000004e+01
5.662199499999999830e+01 5.679306799999999811e+01 5.652717499999999973e+01
5.713554700000000253e+01 5.704099200000000280e+01 5.686952399999999841e+01
5.485653200000000140e+01 5.464722100000000182e+01 5.491174800000000289e+01
5.759331900000000104e+01 5.768839400000000239e+01 5.786035600000000301e+01
5.669828900000000260e+01 5.679306799999999811e+01 5.696431400000000167e+01
5.484260199999999941e+01 5.513643600000000333e+01 5.506862300000000232e+01
5.697327200000000147e+01 5.680363899999999688e+01 5.671853899999999982e+01
6.212321099999999774e+01 6.238779699999999906e+01 6.228518600000000305e+01
6.079973499999999831e+01 6.062890800000000269e+01 6.088977400000000273e+01
5.451453300000000013e+01 5.477930800000000033e+01 5.470737599999999645e+01
5.933184299999999922e+01 5.944391300000000200e+01 5.959801000000000215e+01
5.791429600000000022e+01 5.801194300000000226e+01 5.818391600000000352e+01
5.585197000000000145e+01 5.604322400000000215e+01 5.578312799999999783e+01
5.514824699999999780e+01 5.500445299999999804e+01 5.529682400000000086e+01
5.903601900000000313e+01 5.877208100000000002e+01 5.886287500000000250e+01
6.372858699999999743e+01 6.363678500000000327e+01 6.346457300000000146e+01
5.506278199999999856e+01 5.488905900000000315e+01 5.515912999999999755e+01
6.008644000000000318e+01 6.016386700000000332e+01 6.034038100000000071e+01
5.715476999999999919e+01 5.742156599999999855e+01 5.732627200000000300e+01
5.604322400000000215e+01 5.596917799999999943e+01 5.578312799999999783e+01
5.799799399999999849e+01 5.790526799999999952e+01 5.773249899999999712e+01
6.250670399999999916e+01 6.227743099999999998e+01 6.231370199999999926e+01
6.169057600000000008e+01 6.195619200000000149e+01 6.191956299999999658e+01
5.953302599999999956e+01 5.945968599999999782e+01 5.927989399999999875e+01
5.919824299999999795e+01 5.937423600000000334e+01 5.910320699999999761e+01
5.438383000000000322e+01 5.444556899999999899e+01 5.464722100000000182e+01
5.433758900000000125e+01 5.458431800000000322e+01 5.456593300000000113e+01
5.641618299999999664e+01 5.668171399999999949e+01 5.658854199999999679e+01
5.945968599999999782e+01 5.920024599999999992e+01 5.927989399999999875e+01
5.820259399999999772e+01 5.803372399999999942e+01 5.829703299999999899e+01
5.467754699999999701e+01 5.492673899999999776e+01 5.483431999999999817e+01
6.155749200000000343e+01 6.145470300000000208e+01 6.172239499999999879e+01
5.532608100000000206e+01 5.550864599999999882e+01 5.527167899999999889e+01
5.692003600000000318e+01 5.718512199999999979e+01 5.709424500000000080e+01
5.557822699999999827e+01 5.569501400000000046e+01 5.545010899999999765e+01
5.728887499999999733e+01 5.713047000000000253e+01 5.702610800000000069e+01
6.074486999999999881e+01 6.091812900000000042e+01 6.064901700000000062e+01
5.533147400000000005e+01 5.506778200000000112e+01 5.515298099999999692e+01
5.654600700000000302e+01 5.637565399999999727e+01 5.664061000000000234e+01
5.642430600000000140e+01 5.623263200000000239e+01 5.648887599999999765e+01
5.665053100000000086e+01 5.655169099999999816e+01 5.637704800000000205e+01
5.820404899999999770e+01 5.829547699999999821e+01 5.802203800000000200e+01
5.984482899999999717e+01 5.975417999999999807e+01 5.958234499999999656e+01
5.866130900000000281e+01 5.839412000000000091e+01 5.848809200000000175e+01
6.189630600000000271e+01 6.199073400000000333e+01 6.216269199999999984e+01
5.858111999999999853e+01 5.867324700000000348e+01 5.884755400000000236e+01
6.010674600000000112e+01 5.984482899999999717e+01 5.993569200000000308e+01
5.835590599999999739e+01 5.862027100000000246e+01 5.852773400000000237e+01
5.883399599999999907e+01 5.866130900000000281e+01 5.892936999999999870e+01
5.688807800000000015e+01 5.705946200000000346e+01 5.679306799999999811e+01
5.557822699999999827e+01 5.583388200000000268e+01 5.569501400000000046e+01
5.895390700000000095e+01 5.886287500000000250e+01 5.868970900000000057e+01
5.885488200000000347e+01 5.894542599999999766e+01 5.911876600000000082e+01
6.030364699999999800e+01 6.039999999999999858e+01 6.056180400000000219e+01
6.137563699999999756e+01 6.121860000000000213e+01 6.108333300000000321e+01
5.667660999999999660e+01 5.653037700000000143e+01 5.643982900000000313e+01
6.355542400000000214e+01 6.376341399999999737e+01 6.352081900000000303e+01
5.991243200000000257e+01 6.019308099999999939e+01 6.007607800000000253e+01
5.710638200000000353e+01 5.691692700000000116e+01 5.718564599999999842e+01
5.988496500000000111e+01 5.997325699999999671e+01 6.014305000000000234e+01
6.288069999999999737e+01 6.262134900000000215e+01 6.273241600000000062e+01
6.076466200000000129e+01 6.049532899999999813e+01 6.059079100000000295e+01
6.256718000000000046e+01 6.283016899999999794e+01 6.273947799999999830e+01
5.697327200000000147e+01 5.671853899999999982e+01 5.687107100000000059e+01
6.052985999999999933e+01 6.062363100000000316e+01 6.079123599999999783e+01
5.544198200000000298e+01 5.539004099999999653e+01 5.517624699999999649e+01
5.483431999999999817e+01 5.497149300000000238e+01 5.466660600000000159e+01
6.198722899999999925e+01 6.208084399999999903e+01 6.182802199999999715e+01
6.214240199999999703e+01 6.195830999999999733e+01 6.221957799999999850e+01
5.867324700000000348e+01 5.893847999999999843e+01 5.884755400000000236e+01
6.120544499999999744e+01 6.093716700000000230e+01 6.103403699999999787e+01
6.133451300000000117e+01 6.145470300000000208e+01 6.120519000000000176e+01
5.640163700000000091e+01 5.630621699999999663e+01 5.613571900000000170e+01
5.866130900000000281e+01 5.875513099999999866e+01 5.892936999999999870e+01
5.635785599999999818e+01 5.648761799999999766e+01 5.661932999999999794e+01
6.273947799999999830e+01 6.290869399999999700e+01 6.265342100000000158e+01
6.007607800000000253e+01 6.001464899999999858e+01 5.982386499999999785e+01
6.074152699999999783e+01 6.057099900000000048e+01 6.082977000000000345e+01
5.525469199999999859e+01 5.535000800000000254e+01 5.552345100000000144e+01
6.199248999999999654e+01 6.172239499999999879e+01 6.188642300000000063e+01
5.749135600000000323e+01 5.729369599999999707e+01 5.756233900000000148e+01
5.414834700000000112e+01 5.419669499999999829e+01 5.439639900000000239e+01
6.091244999999999976e+01 6.082779000000000025e+01 6.065061299999999989e+01
5.515912999999999755e+01 5.542911399999999844e+01 5.533402399999999943e+01
5.738101300000000293e+01 5.746732099999999832e+01 5.764296499999999668e+01
5.956328899999999749e+01 5.965446800000000138e+01 5.982705399999999685e+01
6.016386700000000332e+01 6.042206699999999842e+01 6.034038100000000071e+01
5.823433500000000151e+01 5.849946099999999660e+01 5.840754499999999894e+01
6.082251200000000324e+01 6.065222399999999681e+01 6.091225399999999723e+01
5.674023799999999795e+01 5.655734400000000051e+01 5.682909899999999936e+01
5.970935899999999918e+01 5.988396800000000297e+01 5.963214399999999671e+01
5.410000000000000142e+01 5.433773000000000053e+01 5.432963600000000071e+01
5.789569999999999794e+01 5.798679500000000075e+01 5.816067499999999768e+01
6.240206899999999735e+01 6.256718000000000046e+01 6.229298399999999702e+01
5.957267499999999671e+01 5.940010699999999844e+01 5.966349300000000255e+01
6.131994600000000162e+01 6.105871799999999894e+01 6.114225199999999916e+01
6.059864900000000176e+01 6.068082499999999868e+01 6.085637700000000194e+01
6.167557699999999699e+01 6.141311499999999768e+01 6.150654500000000269e+01
5.809112999999999971e+01 5.799799399999999849e+01 5.782607699999999795e+01
6.150276499999999658e+01 6.157921499999999781e+01 6.176412899999999695e+01
5.513643600000000333e+01 5.532608100000000206e+01 5.506862300000000232e+01
6.039999999999999858e+01 6.067027000000000214e+01 6.056180400000000219e+01
5.632293700000000314e+01 5.641618299999999664e+01 5.658854199999999679e+01
6.106435799999999858e+01 6.115607099999999718e+01 6.134453500000000048e+01
6.233666600000000102e+01 6.244241099999999989e+01 6.260733599999999655e+01
6.205180099999999754e+01 6.196205900000000355e+01 6.178883499999999884e+01
5.776503600000000205e+01 5.793662900000000349e+01 5.766921399999999664e+01
5.410000000000000142e+01 5.410000000000000142e+01 5.433250900000000172e+01
5.635785599999999818e+01 5.621725599999999901e+01 5.648761799999999766e+01
5.899277699999999669e+01 5.908623399999999748e+01 5.925560099999999863e+01
5.859873100000000079e+01 5.833438100000000048e+01 5.842537200000000297e+01
5.596917799999999943e+01 5.623263200000000239e+01 5.615349599999999697e+01
6.144047199999999975e+01 6.170569299999999657e+01 6.161524500000000160e+01
5.475863400000000070e+01 5.477073399999999737e+01 5.495391399999999749e+01
6.160468300000000141e+01 6.151660300000000348e+01 6.134398399999999896e+01
5.847732799999999997e+01 5.820404899999999770e+01 5.839095999999999975e+01
5.674328100000000319e+01 5.656944399999999717e+01 5.683787300000000187e+01
5.897169399999999939e+01 5.923750499999999874e+01 5.914058800000000105e+01
5.433773000000000053e+01 5.460277800000000070e+01 5.455532399999999882e+01
5.535000800000000254e+01 5.544533500000000004e+01 5.561765199999999965e+01
6.027825399999999689e+01 6.008644000000000318e+01 6.034038100000000071e+01
5.635642299999999949e+01 5.645127200000000300e+01 5.662199499999999830e+01
6.275775500000000306e+01 6.286747100000000188e+01 6.298822700000000196e+01
5.893847999999999843e+01 5.902867899999999679e+01 5.920320600000000155e+01
6.148092499999999916e+01 6.121917299999999784e+01 6.129726399999999842e+01
6.203390799999999672e+01 6.176412899999999695e+01 6.184376999999999924e+01
5.924015200000000192e+01 5.941102599999999967e+01 5.914788300000000021e+01
5.893847999999999843e+01 5.920320600000000155e+01 5.911349299999999829e+01
5.908106699999999734e+01 5.890358599999999711e+01 5.880259099999999961e+01
5.815087599999999668e+01 5.841169800000000123e+01 5.831772099999999881e+01
6.097639999999999816e+01 6.088901899999999756e+01 6.071243199999999973e+01
5.743662199999999984e+01 5.769877400000000023e+01 5.760305999999999926e+01
5.937506900000000343e+01 5.954623099999999880e+01 5.928644800000000004e+01
6.062359599999999915e+01 6.045040900000000050e+01 6.071090999999999838e+01
6.150654500000000269e+01 6.141311499999999768e+01 6.124342099999999789e+01
5.474547100000000199e+01 5.499978600000000029e+01 5.492673899999999776e+01
5.999018600000000134e+01 5.972967299999999824e+01 5.981741900000000101e+01
5.991844700000000046e+01 5.964760900000000277e+01 5.974613699999999739e+01
6.152594899999999711e+01 6.178883499999999884e+01 6.169932200000000222e+01
6.122630300000000148e+01 6.149301100000000275e+01 6.140325399999999689e+01
5.578312799999999783e+01 5.570558299999999718e+01 5.552139300000000333e+01
5.798449099999999845e+01 5.768713600000000241e+01 5.790637999999999863e+01
6.186093600000000237e+01 6.211835899999999810e+01 6.204992800000000130e+01
6.000502199999999675e+01 6.019308099999999939e+01 5.991243200000000257e+01
6.134915800000000274e+01 6.161010199999999770e+01 6.152109200000000300e+01
6.047087100000000248e+01 6.056192500000000223e+01 6.073190900000000170e+01
6.200997000000000270e+01 6.212415500000000179e+01 6.184890599999999949e+01
5.743870900000000290e+01 5.770404200000000117e+01 5.761072200000000265e+01
5.890358599999999711e+01 5.874002300000000076e+01 5.864992199999999656e+01
5.591016199999999969e+01 5.565632699999999744e+01 5.569501400000000046e+01
6.022929899999999748e+01 6.005723400000000112e+01 6.031151799999999952e+01
5.713554700000000253e+01 5.686952399999999841e+01 5.696431400000000167e+01
5.810824600000000117e+01 5.827832099999999826e+01 5.801396900000000301e+01
6.143736799999999931e+01 6.169932200000000222e+01 6.161010199999999770e+01
6.288069999999999737e+01 6.274991899999999845e+01 6.262134900000000215e+01
5.527447200000000294e+01 5.537082500000000351e+01 5.554077199999999692e+01
6.210505700000000218e+01 6.219888100000000009e+01 6.193534499999999809e+01
6.169245300000000043e+01 6.143253099999999733e+01 6.152109200000000300e+01
5.854238900000000001e+01 5.844905099999999720e+01 5.827832099999999826e+01
6.095220100000000230e+01 6.121605699999999928e+01 6.110423300000000069e+01
6.110962299999999914e+01 6.101364600000000138e+01 6.084086599999999834e+01
5.433082600000000184e+01 5.438383000000000322e+01 5.459205899999999900e+01
5.743662199999999984e+01 5.753297500000000042e+01 5.769877400000000023e+01
6.108325399999999661e+01 6.117234299999999791e+01 6.134398399999999896e+01
6.062890800000000269e+01 6.045845500000000072e+01 6.071965600000000052e+01
6.330011100000000113e+01 6.303839500000000129e+01 6.314471300000000298e+01
5.477073399999999737e+01 5.502259000000000100e+01 5.495391399999999749e+01
6.114078700000000310e+01 6.121917299999999784e+01 6.141531299999999760e+01
5.877208100000000002e+01 5.868136400000000208e+01 5.850792799999999971e+01
5.690676599999999752e+01 5.664061000000000234e+01 5.673490100000000069e+01
6.100290900000000249e+01 6.074351999999999663e+01 6.082779000000000025e+01
6.026374299999999806e+01 5.999924599999999941e+01 6.009149299999999982e+01
6.320146100000000189e+01 6.337326099999999940e+01 6.310908700000000238e+01
5.599143200000000320e+01 5.569501400000000046e+01 5.583388200000000268e+01
5.703210299999999933e+01 5.728227700000000056e+01 5.723135700000000270e+01
6.353187400000000196e+01 6.343951100000000309e+01 6.327293900000000093e+01
5.623461900000000213e+01 5.595733500000000049e+01 5.612554200000000293e+01
5.432354800000000239e+01 5.433492199999999883e+01 5.459283800000000042e+01
6.004046600000000211e+01 5.987141799999999847e+01 6.013196400000000352e+01
6.042206699999999842e+01 6.059864900000000176e+01 6.034038100000000071e+01
5.711273400000000322e+01 5.702035500000000212e+01 5.684305299999999761e+01
5.910344599999999815e+01 5.927260400000000118e+01 5.901048600000000022e+01
6.073009100000000160e+01 6.046036999999999750e+01 6.055402899999999988e+01
6.028422199999999975e+01 6.001458000000000226e+01 6.011070099999999883e+01
5.649548200000000264e+01 5.632293700000000314e+01 5.658854199999999679e+01
5.481363699999999994e+01 5.506862300000000232e+01 5.502259000000000100e+01
6.250048000000000314e+01 6.240692899999999810e+01 6.223664500000000288e+01
6.221347500000000252e+01 6.195226600000000161e+01 6.204465400000000130e+01
5.518241400000000141e+01 5.509178500000000156e+01 5.492673899999999776e+01
6.085637700000000194e+01 6.093567699999999832e+01 6.107946199999999948e+01
6.082856499999999755e+01 6.110080800000000067e+01 6.098049999999999926e+01
5.529682400000000086e+01 5.500445299999999804e+01 5.519126200000000182e+01
5.731552700000000300e+01 5.741138099999999866e+01 5.757984799999999836e+01
5.936513000000000062e+01 5.962575100000000106e+01 5.953400700000000256e+01
5.720268300000000039e+01 5.711273400000000322e+01 5.693580899999999900e+01
5.955571199999999976e+01 5.964309899999999942e+01 5.982174899999999695e+01
5.920906699999999745e+01 5.903601900000000313e+01 5.929964300000000321e+01
5.451453300000000013e+01 5.460000000000000142e+01 5.477930800000000033e+01
6.140325399999999689e+01 6.149301100000000275e+01 6.167846600000000024e+01
5.744945599999999786e+01 5.718564599999999842e+01 5.727244699999999966e+01
5.874808800000000275e+01 5.891707499999999698e+01 5.865426899999999932e+01
5.810824600000000117e+01 5.837218599999999924e+01 5.827832099999999826e+01
5.796100700000000217e+01 5.822325500000000176e+01 5.812856200000000229e+01
5.605904799999999710e+01 5.615349599999999697e+01 5.633729900000000157e+01
5.953400700000000256e+01 5.979439699999999647e+01 5.970270200000000216e+01
5.940924700000000058e+01 5.926876599999999939e+01 5.914058800000000105e+01
6.187252999999999759e+01 6.204465400000000130e+01 6.178193900000000127e+01
6.219888100000000009e+01 6.200997000000000270e+01 6.193534499999999809e+01
5.959494800000000225e+01 5.950288900000000325e+01 5.933251800000000031e+01
5.744985100000000244e+01 5.771442299999999648e+01 5.762349100000000135e+01
6.295219699999999818e+01 6.273457200000000000e+01 6.272985599999999806e+01
5.637673800000000313e+01 5.647309099999999660e+01 5.664957199999999915e+01
5.882334099999999921e+01 5.908623399999999748e+01 5.899277699999999669e+01
5.525898800000000222e+01 5.532741899999999902e+01 5.552139300000000333e+01
5.726674599999999771e+01 5.743870900000000290e+01 5.717305199999999843e+01
6.145470300000000208e+01 6.133451300000000117e+01 6.161721500000000162e+01
5.956328899999999749e+01 5.982705399999999685e+01 5.973568499999999659e+01
5.612554200000000293e+01 5.584843099999999794e+01 5.602130999999999972e+01
6.019308099999999939e+01 6.027825399999999689e+01 6.049396800000000241e+01
6.297214600000000218e+01 6.314279400000000209e+01 6.321060899999999805e+01
5.721255399999999725e+01 5.694713600000000042e+01 5.704099200000000280e+01
5.525168000000000035e+01 5.542447599999999852e+01 5.515298099999999692e+01
6.120544499999999744e+01 6.103403699999999787e+01 6.130339800000000139e+01
5.967362800000000078e+01 5.958234499999999656e+01 5.941102599999999967e+01
5.901048600000000022e+01 5.891707499999999698e+01 5.874808800000000275e+01
6.155749200000000343e+01 6.130243300000000062e+01 6.145470300000000208e+01
6.162892200000000287e+01 6.189630600000000271e+01 6.180374400000000179e+01
6.065222399999999681e+01 6.074152699999999783e+01 6.091225399999999723e+01
5.744985100000000244e+01 5.718512199999999979e+01 5.727457299999999663e+01
6.045040900000000050e+01 6.053919299999999737e+01 6.071090999999999838e+01
5.990573400000000248e+01 5.964309899999999942e+01 5.972967299999999824e+01
6.157921499999999781e+01 6.164777099999999876e+01 6.184376999999999924e+01
6.096154500000000098e+01 6.106435799999999858e+01 6.120800299999999794e+01
5.810817200000000327e+01 5.837455599999999833e+01 5.827973899999999929e+01
6.126382399999999961e+01 6.135167100000000318e+01 6.152594899999999711e+01
5.635785599999999818e+01 5.661932999999999794e+01 5.649327399999999955e+01
6.340635900000000191e+01 6.355853199999999958e+01 6.330011100000000113e+01
5.671688199999999824e+01 5.654600700000000302e+01 5.681194800000000100e+01
5.893400599999999656e+01 5.910344599999999815e+01 5.884142899999999798e+01
5.749777100000000019e+01 5.740210400000000135e+01 5.723077599999999876e+01
5.657400599999999713e+01 5.640163700000000091e+01 5.666846499999999764e+01
5.728227700000000056e+01 5.710638200000000353e+01 5.738536400000000270e+01
5.835792299999999955e+01 5.852547599999999761e+01 5.825492899999999707e+01
6.001458000000000226e+01 5.974613699999999739e+01 5.984257800000000316e+01
6.169057600000000008e+01 6.176412899999999695e+01 6.195619200000000149e+01
5.922782399999999825e+01 5.940010699999999844e+01 5.913638300000000214e+01
5.663112600000000185e+01 5.642430600000000140e+01 5.666879099999999880e+01
6.247773200000000315e+01 6.257597700000000174e+01 6.270905700000000138e+01
5.514824699999999780e+01 5.502192600000000056e+01 5.488702899999999829e+01
5.738465599999999966e+01 5.729260800000000131e+01 5.711942700000000173e+01
5.868136400000000208e+01 5.859063499999999891e+01 5.841708700000000221e+01
5.820374900000000196e+01 5.847053799999999768e+01 5.837455599999999833e+01
6.028821200000000147e+01 6.002682800000000185e+01 6.011833800000000139e+01
6.293847000000000236e+01 6.310464400000000040e+01 6.284231599999999673e+01
5.894542599999999766e+01 5.903601900000000313e+01 5.920906699999999745e+01
5.477073399999999737e+01 5.481363699999999994e+01 5.502259000000000100e+01
5.845214200000000204e+01 5.862504700000000213e+01 5.835792299999999955e+01
5.410000000000000142e+01 5.410000000000000142e+01 5.432035700000000134e+01
5.724997100000000216e+01 5.742156599999999855e+01 5.715476999999999919e+01
5.850792799999999971e+01 5.841708700000000221e+01 5.824352199999999868e+01
6.123420500000000288e+01 6.150077999999999889e+01 6.136637300000000295e+01
5.784414999999999907e+01 5.793894600000000139e+01 5.810824600000000117e+01
6.010674600000000112e+01 5.993569200000000308e+01 6.019722500000000309e+01
5.880259099999999961e+01 5.887003599999999892e+01 5.903026799999999952e+01
6.123017099999999857e+01 6.131696600000000075e+01 6.148820099999999655e+01
5.955571199999999976e+01 5.982174899999999695e+01 5.973441100000000148e+01
6.013487800000000050e+01 5.995349399999999918e+01 6.020933600000000041e+01
5.676214999999999833e+01 5.685850299999999891e+01 5.702834000000000003e+01
6.179802800000000218e+01 6.189141599999999954e+01 6.206650799999999890e+01
6.340107100000000173e+01 6.350536999999999921e+01 6.321060899999999805e+01
6.182346100000000177e+01 6.164685399999999760e+01 6.191699299999999795e+01
5.579136100000000198e+01 5.552412799999999748e+01 5.568096400000000301e+01
5.559601299999999924e+01 5.550308299999999662e+01 5.533147400000000005e+01
5.550864599999999882e+01 5.546429400000000243e+01 5.527167899999999889e+01
6.211421599999999899e+01 6.229298399999999702e+01 6.203390799999999672e+01
5.919824299999999795e+01 5.946716700000000344e+01 5.937423600000000334e+01
5.774942800000000176e+01 5.784414999999999907e+01 5.801396900000000301e+01
5.559263500000000136e+01 5.532741899999999902e+01 5.539004099999999653e+01
5.902255399999999952e+01 5.928965699999999828e+01 5.919824299999999795e+01
6.003477199999999669e+01 6.030337000000000103e+01 6.020712400000000031e+01
5.690676599999999752e+01 5.707835699999999690e+01 5.681194800000000100e+01
5.870956900000000189e+01 5.880722699999999747e+01 5.897169399999999939e+01
6.231077700000000164e+01 6.240224500000000063e+01 6.257597700000000174e+01
6.088345799999999741e+01 6.105871799999999894e+01 6.079879999999999995e+01
5.622429999999999950e+01 5.603280399999999872e+01 5.627682800000000185e+01
5.664803599999999761e+01 5.673277800000000326e+01 5.691692700000000116e+01
5.591016199999999969e+01 5.569501400000000046e+01 5.599143200000000320e+01
5.885488200000000347e+01 5.859063499999999891e+01 5.868136400000000208e+01
6.199197999999999809e+01 6.222839599999999649e+01 6.219453399999999732e+01
5.764296499999999668e+01 5.792645600000000172e+01 5.779407599999999690e+01
5.629228299999999763e+01 5.612554200000000293e+01 5.602130999999999972e+01
5.665433399999999864e+01 5.682889800000000236e+01 5.656222700000000003e+01
5.737538200000000188e+01 5.766040399999999977e+01 5.753263100000000208e+01
5.908106699999999734e+01 5.880259099999999961e+01 5.903026799999999952e+01
6.256718000000000046e+01 6.273947799999999830e+01 6.247579400000000049e+01
6.340635900000000191e+01 6.330011100000000113e+01 6.314471300000000298e+01
6.052985999999999933e+01 6.069274699999999712e+01 6.043476400000000126e+01
5.460000000000000142e+01 5.486711999999999989e+01 5.477930800000000033e+01
6.074351999999999663e+01 6.048555799999999749e+01 6.056846399999999875e+01
6.267542900000000117e+01 6.284231599999999673e+01 6.257019999999999982e+01
5.797907500000000169e+01 5.771442299999999648e+01 5.780497499999999889e+01
6.131994600000000162e+01 6.114225199999999916e+01 6.139764399999999966e+01
5.506778200000000112e+01 5.498760699999999702e+01 5.481181500000000284e+01
6.175682100000000219e+01 6.186093600000000237e+01 6.204992800000000130e+01
6.238419799999999782e+01 6.211835899999999810e+01 6.215567699999999718e+01
5.954939699999999903e+01 5.927534899999999851e+01 5.937423600000000334e+01
5.584643499999999960e+01 5.606218499999999949e+01 5.578081699999999898e+01
6.184280100000000147e+01 6.193534499999999809e+01 6.170613699999999824e+01
5.911349299999999829e+01 5.902255399999999952e+01 5.884755400000000236e+01
5.719986699999999757e+01 5.746638599999999997e+01 5.737295900000000159e+01
5.484260199999999941e+01 5.456507100000000321e+01 5.475753799999999671e+01
5.710585400000000078e+01 5.737295900000000159e+01 5.728004099999999710e+01
5.535450699999999813e+01 5.509178500000000156e+01 5.518241400000000141e+01
5.698334200000000038e+01 5.688807800000000015e+01 5.671688199999999824e+01
5.875513099999999866e+01 5.866130900000000281e+01 5.848809200000000175e+01
5.755809099999999745e+01 5.764815800000000223e+01 5.781722899999999754e+01
5.410000000000000142e+01 5.432354800000000239e+01 5.428277700000000294e+01
5.602130999999999972e+01 5.574825799999999987e+01 5.592945699999999931e+01
5.673277800000000326e+01 5.682634600000000091e+01 5.700402400000000114e+01
5.920024599999999992e+01 5.902834699999999657e+01 5.927989399999999875e+01
6.225442600000000226e+01 6.209492000000000189e+01 6.204560299999999984e+01
6.047034899999999880e+01 6.039098700000000264e+01 6.020933600000000041e+01
5.618439699999999704e+01 5.602130999999999972e+01 5.592945699999999931e+01
5.656222700000000003e+01 5.682889800000000236e+01 5.673490100000000069e+01
6.120544499999999744e+01 6.130339800000000139e+01 6.147267899999999941e+01
5.968712899999999877e+01 5.959494800000000225e+01 5.942510899999999907e+01
6.022276000000000096e+01 5.996303999999999945e+01 6.005374900000000338e+01
5.891707499999999698e+01 5.882334099999999921e+01 5.865426899999999932e+01
5.587062000000000239e+01 5.577631900000000087e+01 5.560376699999999772e+01
5.640163700000000091e+01 5.613571900000000170e+01 5.622958599999999763e+01
5.894315199999999777e+01 5.902834699999999657e+01 5.920024599999999992e+01
5.569227899999999920e+01 5.586037300000000272e+01 5.559601299999999924e+01
6.056180400000000219e+01 6.082856499999999755e+01 6.072053700000000021e+01
5.894542599999999766e+01 5.877208100000000002e+01 5.903601900000000313e+01
6.293847000000000236e+01 6.284231599999999673e+01 6.267542900000000117e+01
5.660382299999999844e+01 5.643256999999999834e+01 5.669828900000000260e+01
6.004046600000000211e+01 5.977939599999999842e+01 5.987141799999999847e+01
5.876429799999999659e+01 5.902867899999999679e+01 5.893847999999999843e+01
6.420000000000000284e+01 6.428546699999999703e+01 6.403829000000000349e+01
6.221347500000000252e+01 6.231077700000000164e+01 6.247773200000000315e+01
6.198083799999999854e+01 6.189141599999999954e+01 6.171279299999999779e+01
5.810824600000000117e+01 5.793894600000000139e+01 5.820259399999999772e+01
6.028821200000000147e+01 6.037948099999999840e+01 6.054946999999999946e+01
6.135391299999999859e+01 6.117627600000000143e+01 6.144457200000000086e+01
6.189630600000000271e+01 6.216269199999999984e+01 6.207016800000000245e+01
6.203307300000000168e+01 6.214240199999999703e+01 6.232212499999999977e+01
6.275329299999999932e+01 6.268217400000000339e+01 6.291559300000000121e+01
5.508176600000000178e+01 5.517811900000000236e+01 5.535000800000000254e+01
6.148820099999999655e+01 6.131696600000000075e+01 6.157515500000000230e+01
5.876478099999999927e+01 5.859696799999999683e+01 5.885517899999999969e+01
5.847053799999999768e+01 5.856633200000000272e+01 5.873750100000000174e+01
6.085637700000000194e+01 6.108333300000000321e+01 6.079959099999999950e+01
5.904506299999999896e+01 5.878098500000000115e+01 5.887236000000000047e+01
5.705120900000000006e+01 5.714756200000000064e+01 5.731552700000000300e+01
6.399309199999999720e+01 6.390073000000000292e+01 6.372858699999999743e+01
5.577631900000000087e+01 5.594147499999999695e+01 5.567998800000000159e+01
6.176412899999999695e+01 6.157921499999999781e+01 6.184376999999999924e+01
6.087397299999999944e+01 6.078010400000000146e+01 6.060173600000000249e+01
6.096154500000000098e+01 6.069943099999999703e+01 6.079663500000000198e+01
5.959801000000000215e+01 5.972426999999999708e+01 5.987298299999999784e+01
6.088345799999999741e+01 6.062359599999999915e+01 6.071090999999999838e+01
6.149301100000000275e+01 6.159205500000000200e+01 6.174916499999999786e+01
6.378171999999999997e+01 6.355542400000000214e+01 6.350536999999999921e+01
6.000502199999999675e+01 6.008644000000000318e+01 6.027825399999999689e+01
6.132150699999999688e+01 6.106012499999999932e+01 6.115101400000000353e+01
5.464054099999999892e+01 5.451389000000000351e+01 5.476264900000000324e+01
5.837455599999999833e+01 5.864026199999999989e+01 5.854373900000000219e+01
5.693293400000000304e+01 5.702834000000000003e+01 5.719986699999999757e+01
5.525898800000000222e+01 5.544293600000000311e+01 5.518241400000000141e+01
6.308910900000000055e+01 6.283016899999999794e+01 6.292179300000000097e+01
5.675579599999999658e+01 5.694724500000000234e+01 5.666879099999999880e+01
5.601818600000000004e+01 5.611313499999999976e+01 5.628133100000000155e+01
5.856024599999999936e+01 5.846621999999999986e+01 5.829703299999999899e+01
6.197122699999999895e+01 6.214330900000000213e+01 6.187925500000000056e+01
5.616714900000000199e+01 5.599682200000000165e+01 5.626173699999999656e+01
5.645127200000000300e+01 5.654600700000000302e+01 5.671688199999999824e+01
5.984482899999999717e+01 5.958234499999999656e+01 5.967362800000000078e+01
6.266377200000000158e+01 6.240206899999999735e+01 6.250670399999999916e+01
5.612554200000000293e+01 5.595733500000000049e+01 5.584843099999999794e+01
5.433492199999999883e+01 5.454221400000000131e+01 5.459283800000000042e+01
5.657400599999999713e+01 5.647709300000000354e+01 5.630621699999999663e+01
5.532741899999999902e+01 5.512210400000000021e+01 5.539004099999999653e+01
6.065222399999999681e+01 6.048211100000000329e+01 6.074152699999999783e+01
5.784414999999999907e+01 5.810824600000000117e+01 5.801396900000000301e+01
5.570558299999999718e+01 5.588450799999999674e+01 5.561880500000000183e+01
5.923750499999999874e+01 5.947887999999999664e+01 5.940924700000000058e+01
5.653037700000000143e+01 5.627669699999999864e+01 5.643982900000000313e+01
5.742156599999999855e+01 5.751651999999999987e+01 5.768839400000000239e+01
6.310886699999999649e+01 6.292748300000000228e+01 6.321060899999999805e+01
5.610425999999999647e+01 5.627468700000000013e+01 5.599143200000000320e+01
6.324396000000000129e+01 6.294726399999999700e+01 6.309926999999999708e+01
5.911355799999999761e+01 5.925246800000000036e+01 5.934376900000000177e+01
5.799799399999999849e+01 5.773249899999999712e+01 5.782607699999999795e+01
6.250670399999999916e+01 6.240206899999999735e+01 6.227743099999999998e+01
6.273457200000000000e+01 6.250721300000000014e+01 6.272985599999999806e+01
5.646943600000000174e+01 5.629926600000000292e+01 5.656222700000000003e+01
5.824523599999999846e+01 5.850491600000000147e+01 5.841169800000000123e+01
5.944154100000000085e+01 5.927260400000000118e+01 5.953400700000000256e+01
6.170569299999999657e+01 6.179802800000000218e+01 6.197122699999999895e+01
5.433758900000000125e+01 5.433250900000000172e+01 5.458431800000000322e+01
5.835590599999999739e+01 5.826301200000000335e+01 5.809112999999999971e+01
6.367757799999999690e+01 6.378171999999999997e+01 6.350536999999999921e+01
6.147267899999999941e+01 6.157235399999999714e+01 6.173685900000000260e+01
5.741138099999999866e+01 5.767517399999999839e+01 5.757984799999999836e+01
5.623461900000000213e+01 5.606730900000000162e+01 5.595733500000000049e+01
5.847732799999999997e+01 5.829547699999999821e+01 5.820404899999999770e+01
5.736439899999999881e+01 5.718820699999999846e+01 5.745514500000000169e+01
6.051296599999999870e+01 6.060009800000000268e+01 6.077370799999999917e+01
5.456593300000000113e+01 5.458431800000000322e+01 5.481363699999999994e+01
5.607251600000000025e+01 5.616714900000000199e+01 5.633823000000000292e+01
5.753263100000000208e+01 5.780439799999999906e+01 5.767640099999999848e+01
5.700121500000000196e+01 5.690676599999999752e+01 5.673490100000000069e+01
5.719986699999999757e+01 5.729448899999999867e+01 5.746638599999999997e+01
6.115101400000000353e+01 6.088977400000000273e+01 6.098118699999999848e+01
5.694724500000000234e+01 5.703210299999999933e+01 5.723135700000000270e+01
5.535945900000000108e+01 5.513513499999999823e+01 5.526920899999999648e+01
5.449153199999999941e+01 5.474547100000000199e+01 5.467754699999999701e+01
5.875513099999999866e+01 5.902255399999999952e+01 5.892936999999999870e+01
6.332734099999999700e+01 6.324396000000000129e+01 6.309926999999999708e+01
5.809998199999999713e+01 5.821791600000000244e+01 5.794006100000000004e+01
6.292902500000000288e+01 6.310908700000000238e+01 6.285014699999999976e+01
6.082977000000000345e+01 6.057099900000000048e+01 6.065807199999999710e+01
5.901048600000000022e+01 5.874808800000000275e+01 5.884142899999999798e+01
5.645696600000000132e+01 5.629228299999999763e+01 5.618439699999999704e+01
6.117627600000000143e+01 6.126791000000000054e+01 6.144457200000000086e+01
5.929964300000000321e+01 5.912683700000000186e+01 5.939059300000000263e+01
5.991243200000000257e+01 6.007607800000000253e+01 5.982386499999999785e+01
6.100290900000000249e+01 6.082779000000000025e+01 6.108904700000000076e+01
6.039948400000000106e+01 6.022635300000000314e+01 6.049532899999999813e+01
5.544533500000000004e+01 5.554077199999999692e+01 5.571205799999999897e+01
5.872963800000000134e+01 5.863596799999999831e+01 5.846621999999999986e+01
6.030008300000000077e+01 6.001464899999999858e+01 6.023702800000000224e+01
5.469635300000000200e+01 5.479270600000000258e+01 5.496437999999999846e+01
5.996303999999999945e+01 5.979439699999999647e+01 6.005374900000000338e+01
6.000936099999999840e+01 6.027321500000000043e+01 6.018301000000000300e+01
6.093716700000000230e+01 6.084086599999999834e+01 6.066829599999999800e+01
5.959801000000000215e+01 5.987298299999999784e+01 5.974282199999999676e+01
5.626173699999999656e+01 5.635642299999999949e+01 5.652717499999999973e+01
6.090251500000000107e+01 6.099331600000000009e+01 6.116470199999999835e+01
6.399200700000000097e+01 6.392150699999999830e+01 6.376654400000000322e+01
6.250048000000000314e+01 6.223664500000000288e+01 6.233666600000000102e+01
5.786035600000000301e+01 5.795500400000000241e+01 5.812724000000000046e+01
5.628133100000000155e+01 5.611313499999999976e+01 5.637565399999999727e+01
5.814590400000000159e+01 5.792645600000000172e+01 5.798161600000000249e+01
6.169245300000000043e+01 6.160468300000000141e+01 6.143253099999999733e+01
5.633729900000000157e+01 5.642430600000000140e+01 5.663112600000000185e+01
5.635642299999999949e+01 5.662199499999999830e+01 5.652717499999999973e+01
6.186416499999999985e+01 6.177820499999999981e+01 6.160468300000000141e+01
6.174220499999999845e+01 6.182802199999999715e+01 6.158059899999999942e+01
5.410000000000000142e+01 5.433492199999999883e+01 5.432354800000000239e+01
5.714756200000000064e+01 5.724391500000000121e+01 5.741138099999999866e+01
6.193068999999999846e+01 6.165601499999999646e+01 6.185472399999999737e+01
5.607251600000000025e+01 5.633823000000000292e+01 5.624412699999999887e+01
6.001458000000000226e+01 5.991844700000000046e+01 5.974613699999999739e+01
6.164568100000000328e+01 6.174220499999999845e+01 6.150077999999999889e+01
6.108639900000000011e+01 6.099847700000000117e+01 6.081925700000000035e+01
5.542447599999999852e+01 5.533147400000000005e+01 5.515298099999999692e+01
5.854373900000000219e+01 5.880722699999999747e+01 5.870956900000000189e+01
5.481363699999999994e+01 5.484260199999999941e+01 5.506862300000000232e+01
6.132150699999999688e+01 6.122977300000000156e+01 6.106012499999999932e+01
6.129726399999999842e+01 6.103421900000000022e+01 6.110423300000000069e+01
5.820404899999999770e+01 5.802203800000000200e+01 5.792645600000000172e+01
6.055402899999999988e+01 6.028422199999999975e+01 6.037985100000000216e+01
6.294726399999999700e+01 6.286520300000000105e+01 6.309926999999999708e+01
6.054946999999999946e+01 6.081098800000000182e+01 6.071965600000000052e+01
5.753263100000000208e+01 5.767640099999999848e+01 5.744945599999999786e+01
5.609171400000000318e+01 5.635642299999999949e+01 5.626173699999999656e+01
6.130243300000000062e+01 6.108333300000000321e+01 6.107946199999999948e+01
6.203521400000000341e+01 6.177820499999999981e+01 6.186416499999999985e+01
5.948163600000000173e+01 5.957267499999999671e+01 5.974545200000000023e+01
5.966349300000000255e+01 5.940010699999999844e+01 5.949121999999999844e+01
5.702035500000000212e+01 5.720306000000000068e+01 5.692508999999999730e+01
5.934863399999999700e+01 5.944154100000000085e+01 5.961032699999999807e+01
5.917954100000000039e+01 5.944154100000000085e+01 5.934863399999999700e+01
5.715476999999999919e+01 5.732627200000000300e+01 5.705946200000000346e+01
5.844905099999999720e+01 5.835590599999999739e+01 5.818459200000000209e+01
6.170569400000000115e+01 6.200156799999999890e+01 6.184280100000000147e+01
6.303008700000000175e+01 6.293847000000000236e+01 6.278269199999999728e+01
5.464054099999999892e+01 5.437026999999999788e+01 5.451389000000000351e+01
6.040042400000000100e+01 6.057099900000000048e+01 6.031241700000000350e+01
6.207016800000000245e+01 6.216269199999999984e+01 6.233401599999999831e+01
5.839095999999999975e+01 5.852547599999999761e+01 5.864992199999999656e+01
6.185472399999999737e+01 6.161299900000000207e+01 6.177859500000000281e+01
6.311364900000000233e+01 6.320870500000000192e+01 6.295219699999999818e+01
5.414834700000000112e+01 5.439639900000000239e+01 5.437807999999999709e+01
5.742156599999999855e+01 5.759331900000000104e+01 5.732627200000000300e+01
5.795500400000000241e+01 5.778279500000000013e+01 5.804886299999999721e+01
5.667660999999999660e+01 5.679158999999999935e+01 5.653037700000000143e+01
6.073361200000000082e+01 6.055242499999999950e+01 6.081925700000000035e+01
6.108904700000000076e+01 6.091244999999999976e+01 6.117596000000000345e+01
5.979439699999999647e+01 5.988496500000000111e+01 6.005374900000000338e+01
6.153068199999999877e+01 6.162205300000000108e+01 6.179802800000000218e+01
5.867270500000000055e+01 5.884142899999999798e+01 5.857950300000000254e+01
6.062272300000000058e+01 6.079663500000000198e+01 6.052958199999999778e+01
6.153610499999999917e+01 6.180374400000000179e+01 6.171279299999999779e+01
6.309926999999999708e+01 6.286520300000000105e+01 6.310886699999999649e+01
6.143736799999999931e+01 6.117652499999999804e+01 6.126382399999999961e+01
5.877208100000000002e+01 5.859873100000000079e+01 5.886287500000000250e+01
6.297769600000000167e+01 6.288069999999999737e+01 6.273241600000000062e+01
6.148981799999999964e+01 6.122977300000000156e+01 6.132150699999999688e+01
6.002682800000000185e+01 5.976509399999999772e+01 5.985681600000000202e+01
6.189141599999999954e+01 6.162205300000000108e+01 6.171279299999999779e+01
5.464722100000000182e+01 5.444556899999999899e+01 5.470737599999999645e+01
5.850491600000000147e+01 5.859696799999999683e+01 5.876478099999999927e+01
6.090251500000000107e+01 6.064087800000000072e+01 6.073190900000000170e+01
5.776503600000000205e+01 5.766921399999999664e+01 5.749777100000000019e+01
5.683883300000000105e+01 5.664803599999999761e+01 5.691692700000000116e+01
5.876429799999999659e+01 5.893847999999999843e+01 5.867324700000000348e+01
5.777044099999999816e+01 5.786574900000000099e+01 5.803372399999999942e+01
5.611482600000000076e+01 5.621725599999999901e+01 5.635785599999999818e+01
5.757315400000000238e+01 5.784056100000000100e+01 5.774391800000000075e+01
6.082251200000000324e+01 6.108325399999999661e+01 6.099331600000000009e+01
6.355542400000000214e+01 6.334095700000000306e+01 6.350536999999999921e+01
5.475753799999999671e+01 5.455532399999999882e+01 5.481181500000000284e+01
6.096264099999999786e+01 6.114775999999999812e+01 6.087397299999999944e+01
6.116470199999999835e+01 6.133612399999999809e+01 6.107318999999999676e+01
6.240224500000000063e+01 6.222446000000000055e+01 6.248569700000000182e+01
5.679306799999999811e+01 5.705946200000000346e+01 5.696431400000000167e+01
6.225374300000000005e+01 6.210260600000000153e+01 6.240000100000000316e+01
5.764815800000000223e+01 5.774391800000000075e+01 5.791429600000000022e+01
5.521833500000000328e+01 5.530050299999999908e+01 5.545010899999999765e+01
6.053649899999999917e+01 6.071243199999999973e+01 6.044781799999999805e+01
6.007892400000000066e+01 5.999018600000000134e+01 5.981741900000000101e+01
5.674804100000000062e+01 5.692508999999999730e+01 5.665053100000000086e+01
5.743870900000000290e+01 5.753169700000000120e+01 5.770404200000000117e+01
5.839095999999999975e+01 5.820404899999999770e+01 5.814590400000000159e+01
6.067027000000000214e+01 6.095270299999999963e+01 6.082856499999999755e+01
6.087397299999999944e+01 6.060173600000000249e+01 6.069265200000000249e+01
5.858111999999999853e+01 5.840754499999999894e+01 5.867324700000000348e+01
5.741138099999999866e+01 5.750720700000000107e+01 5.767517399999999839e+01
5.826301200000000335e+01 5.817063000000000272e+01 5.799799399999999849e+01
6.164777099999999876e+01 6.148981799999999964e+01 6.175682100000000219e+01
6.307005900000000054e+01 6.297769600000000167e+01 6.282038299999999964e+01
5.760305999999999926e+01 5.769877400000000023e+01 5.786574900000000099e+01
6.165601499999999646e+01 6.137820099999999712e+01 6.143938399999999689e+01
5.570558299999999718e+01 5.561880500000000183e+01 5.544293600000000311e+01
6.231077700000000164e+01 6.213681900000000269e+01 6.240224500000000063e+01
5.710638200000000353e+01 5.683883300000000105e+01 5.691692700000000116e+01
5.925560099999999863e+01 5.908623399999999748e+01 5.934863399999999700e+01
5.839412000000000091e+01 5.829920200000000108e+01 5.812724000000000046e+01
5.456593300000000113e+01 5.481363699999999994e+01 5.477073399999999737e+01
6.095270299999999963e+01 6.125945899999999966e+01 6.110080800000000067e+01
6.266377200000000158e+01 6.283016899999999794e+01 6.256718000000000046e+01
5.615053100000000086e+01 5.632293700000000314e+01 5.605711000000000155e+01
6.162892200000000287e+01 6.145533799999999758e+01 6.172342600000000346e+01
6.292748300000000228e+01 6.267537200000000297e+01 6.273312700000000319e+01
6.195226600000000161e+01 6.186416499999999985e+01 6.169245300000000043e+01
5.573194500000000318e+01 5.582756499999999988e+01 5.599682200000000165e+01
6.314471300000000298e+01 6.303839500000000129e+01 6.291559300000000121e+01
5.852773400000000237e+01 5.862027100000000246e+01 5.879195299999999946e+01
5.622429999999999950e+01 5.627669699999999864e+01 5.606911900000000060e+01
6.180374400000000179e+01 6.198083799999999854e+01 6.171279299999999779e+01
5.801396900000000301e+01 5.818459200000000209e+01 5.791986500000000149e+01
5.901048600000000022e+01 5.927260400000000118e+01 5.917954100000000039e+01
6.139764399999999966e+01 6.114225199999999916e+01 6.122977300000000156e+01
5.999924599999999941e+01 5.990747900000000215e+01 5.973568499999999659e+01
6.382103500000000196e+01 6.372858699999999743e+01 6.355853199999999958e+01
5.641618299999999664e+01 5.650980100000000306e+01 5.668171399999999949e+01
6.118688699999999869e+01 6.109238200000000063e+01 6.091812900000000042e+01
5.709424500000000080e+01 5.718512199999999979e+01 5.735903799999999819e+01
5.650980100000000306e+01 5.633823000000000292e+01 5.660382299999999844e+01
6.001464899999999858e+01 5.972426999999999708e+01 5.982386499999999785e+01
6.155749200000000343e+01 6.165447699999999998e+01 6.137563699999999756e+01
5.982705399999999685e+01 5.999924599999999941e+01 5.973568499999999659e+01
6.186093600000000237e+01 6.192481200000000285e+01 6.211835899999999810e+01
5.594894299999999987e+01 5.620708100000000229e+01 5.611313499999999976e+01
6.001658900000000330e+01 6.010674600000000112e+01 6.027822299999999700e+01
5.964760900000000277e+01 5.982445599999999786e+01 5.954439800000000105e+01
5.630621699999999663e+01 5.647709300000000354e+01 5.620793199999999956e+01
5.812856200000000229e+01 5.822325500000000176e+01 5.839138100000000264e+01
6.360135900000000220e+01 6.367757799999999690e+01 6.340107100000000173e+01
5.540996700000000175e+01 5.550880500000000239e+01 5.567998800000000159e+01
5.887003599999999892e+01 5.897169399999999939e+01 5.914058800000000105e+01
6.229298399999999702e+01 6.256718000000000046e+01 6.247579400000000049e+01
5.544198200000000298e+01 5.521833500000000328e+01 5.545010899999999765e+01
6.292748300000000228e+01 6.273312700000000319e+01 6.297214600000000218e+01
5.973441100000000148e+01 5.991243200000000257e+01 5.964577200000000090e+01
6.417201300000000685e+01 6.408545499999999606e+01 6.392150699999999830e+01
5.747765799999999814e+01 5.738465599999999966e+01 5.721255399999999725e+01
6.158672700000000333e+01 6.132150699999999688e+01 6.141311499999999768e+01
5.637754799999999733e+01 5.656773900000000310e+01 5.630215100000000206e+01
6.262134900000000215e+01 6.274991899999999845e+01 6.247910699999999906e+01
6.252109300000000047e+01 6.275329299999999932e+01 6.248360499999999718e+01
5.645999199999999973e+01 5.673277800000000326e+01 5.664803599999999761e+01
5.833438100000000048e+01 5.816067499999999768e+01 5.842537200000000297e+01
5.474547100000000199e+01 5.454554300000000211e+01 5.480264799999999781e+01
6.062272300000000058e+01 6.052958199999999778e+01 6.035672499999999729e+01
5.433380700000000019e+01 5.456593300000000113e+01 5.454618700000000331e+01
6.242957299999999776e+01 6.272066399999999931e+01 6.259385000000000332e+01
5.654600700000000302e+01 5.628133100000000155e+01 5.637565399999999727e+01
5.806124400000000207e+01 5.779639600000000144e+01 5.788808999999999827e+01
5.588450799999999674e+01 5.605904799999999710e+01 5.579028699999999930e+01
6.136091799999999807e+01 6.109238200000000063e+01 6.118688699999999869e+01
6.282038299999999964e+01 6.256960399999999822e+01 6.265342100000000158e+01
6.068556199999999734e+01 6.059079100000000295e+01 6.041508699999999976e+01
6.113804100000000119e+01 6.096154500000000098e+01 6.120800299999999794e+01
6.376341399999999737e+01 6.399200700000000097e+01 6.376654400000000322e+01
5.666579699999999775e+01 5.676214999999999833e+01 5.693293400000000304e+01
5.643256999999999834e+01 5.616714900000000199e+01 5.626173699999999656e+01
5.519126200000000182e+01 5.500445299999999804e+01 5.495391399999999749e+01
6.195830999999999733e+01 6.203521400000000341e+01 6.221957799999999850e+01
6.210326500000000038e+01 6.184079100000000295e+01 6.196888599999999769e+01
5.791986500000000149e+01 5.809112999999999971e+01 5.782607699999999795e+01
5.546429400000000243e+01 5.556748900000000191e+01 5.529682400000000086e+01
6.211421599999999899e+01 6.203390799999999672e+01 6.184376999999999924e+01
5.862504700000000213e+01 5.880259099999999961e+01 5.852547599999999761e+01
5.535450699999999813e+01 5.552260100000000165e+01 5.525168000000000035e+01
6.086093199999999825e+01 6.103403699999999787e+01 6.076466200000000129e+01
5.455532399999999882e+01 5.460277800000000070e+01 5.481181500000000284e+01
5.738632499999999936e+01 5.722740499999999741e+01 5.713047000000000253e+01
6.051312899999999928e+01 6.078228099999999756e+01 6.069265200000000249e+01
6.139764399999999966e+01 6.122977300000000156e+01 6.148981799999999964e+01
5.732627200000000300e+01 5.759331900000000104e+01 5.749777100000000019e+01
6.272066399999999931e+01 6.242957299999999776e+01 6.249575300000000055e+01
5.720268300000000039e+01 5.693580899999999900e+01 5.702752999999999872e+01
6.131696600000000075e+01 6.105086399999999713e+01 6.114078700000000310e+01
6.161524500000000160e+01 6.170569299999999657e+01 6.187925500000000056e+01
5.753994200000000347e+01 5.727457299999999663e+01 5.736439899999999881e+01
5.715476999999999919e+01 5.688807800000000015e+01 5.698334200000000038e+01
5.497149300000000238e+01 5.487491899999999845e+01 5.466660600000000159e+01
5.874808800000000275e+01 5.848563000000000045e+01 5.857950300000000254e+01
6.232212499999999977e+01 6.238419799999999782e+01 6.215567699999999718e+01
5.869986300000000057e+01 5.879195299999999946e+01 5.896400500000000022e+01
5.630215100000000206e+01 5.656773900000000310e+01 5.648887599999999765e+01
6.319634400000000340e+01 6.293847000000000236e+01 6.303008700000000175e+01
5.713554700000000253e+01 5.730673199999999667e+01 5.704099200000000280e+01
5.692083600000000132e+01 5.702610800000000069e+01 5.675561100000000181e+01
6.131994600000000162e+01 6.157921499999999781e+01 6.150276499999999658e+01
6.200997000000000270e+01 6.184890599999999949e+01 6.171642599999999845e+01
5.449153199999999941e+01 5.454554300000000211e+01 5.474547100000000199e+01
5.674804100000000062e+01 5.657400599999999713e+01 5.684305299999999761e+01
5.711273400000000322e+01 5.729369599999999707e+01 5.702035500000000212e+01
6.071243199999999973e+01 6.062272300000000058e+01 6.044781799999999805e+01
6.207016800000000245e+01 6.198083799999999854e+01 6.180374400000000179e+01
5.709424500000000080e+01 5.726674599999999771e+01 5.700121500000000196e+01
5.802203800000000200e+01 5.829547699999999821e+01 5.809998199999999713e+01
6.292179300000000097e+01 6.283016899999999794e+01 6.266377200000000158e+01
6.065061299999999989e+01 6.082779000000000025e+01 6.056846399999999875e+01
5.954439800000000105e+01 5.925246800000000036e+01 5.938344599999999929e+01
6.158059899999999942e+01 6.135407399999999711e+01 6.136637300000000295e+01
6.113804100000000119e+01 6.120800299999999794e+01 6.137820099999999712e+01
6.134915800000000274e+01 6.117652499999999804e+01 6.143736799999999931e+01
6.204992800000000130e+01 6.211835899999999810e+01 6.231370199999999926e+01
5.595587299999999686e+01 5.621725599999999901e+01 5.611482600000000076e+01
5.817063000000000272e+01 5.834351800000000310e+01 5.807852700000000112e+01
5.826301200000000335e+01 5.799799399999999849e+01 5.809112999999999971e+01
5.757984799999999836e+01 5.767517399999999839e+01 5.784414999999999907e+01
5.685416699999999679e+01 5.676153099999999796e+01 5.658854199999999679e+01
5.744923299999999955e+01 5.728887499999999733e+01 5.718818600000000174e+01
5.614164999999999850e+01 5.621101699999999823e+01 5.638626200000000210e+01
5.544533500000000004e+01 5.571205799999999897e+01 5.561765199999999965e+01
5.485653200000000140e+01 5.506336799999999698e+01 5.480264799999999781e+01
6.275408800000000298e+01 6.250670399999999916e+01 6.257019999999999982e+01
6.275775500000000306e+01 6.250048000000000314e+01 6.260733599999999655e+01
5.594894299999999987e+01 5.604529699999999792e+01 5.620708100000000229e+01
6.043443899999999758e+01 6.026374299999999806e+01 6.052958199999999778e+01
5.962575100000000106e+01 5.971593200000000223e+01 5.988496500000000111e+01
6.257510099999999653e+01 6.284389800000000292e+01 6.273312700000000319e+01
6.007607800000000253e+01 6.035646299999999798e+01 6.023702800000000224e+01
5.649548200000000264e+01 5.676153099999999796e+01 5.666846499999999764e+01
6.239833399999999841e+01 6.214695499999999839e+01 6.221523200000000031e+01
5.825197299999999956e+01 5.834351800000000310e+01 5.851661299999999954e+01
6.139764399999999966e+01 6.148981799999999964e+01 6.164777099999999876e+01
5.793662900000000349e+01 5.803219500000000153e+01 5.820374900000000196e+01
6.401277100000000075e+01 6.410638500000000306e+01 6.384844100000000111e+01
6.108325399999999661e+01 6.091225399999999723e+01 6.117234299999999791e+01
5.729260800000000131e+01 5.746732099999999832e+01 5.720268300000000039e+01
5.692083600000000132e+01 5.663112600000000185e+01 5.684462599999999810e+01
5.970935899999999918e+01 5.963214399999999671e+01 5.945968599999999782e+01
5.514824699999999780e+01 5.488702899999999829e+01 5.500445299999999804e+01
6.047087100000000248e+01 6.030127399999999938e+01 6.056192500000000223e+01
5.965446800000000138e+01 5.948163600000000173e+01 5.974545200000000023e+01
6.318103200000000186e+01 6.292179300000000097e+01 6.301376400000000189e+01
5.596917799999999943e+01 5.615349599999999697e+01 5.588450799999999674e+01
5.683787300000000187e+01 5.693293400000000304e+01 5.710585400000000078e+01
6.403829000000000349e+01 6.401582899999999654e+01 6.378171999999999997e+01
5.540996700000000175e+01 5.523674299999999704e+01 5.550880500000000239e+01
6.362378999999999962e+01 6.336404000000000281e+01 6.345538700000000176e+01
5.912683700000000186e+01 5.903601900000000313e+01 5.886287500000000250e+01
5.817063000000000272e+01 5.843540699999999788e+01 5.834351800000000310e+01
6.042206699999999842e+01 6.025031700000000257e+01 6.051169000000000153e+01
5.982174899999999695e+01 5.964309899999999942e+01 5.990573400000000248e+01
5.410000000000000142e+01 5.433758900000000125e+01 5.433380700000000019e+01
5.700829300000000188e+01 5.674023799999999795e+01 5.682909899999999936e+01
6.143253099999999733e+01 6.126090700000000311e+01 6.152109200000000300e+01
5.691692700000000116e+01 5.700402400000000114e+01 5.718564599999999842e+01
5.933184299999999922e+01 5.959801000000000215e+01 5.947887999999999664e+01
5.433758900000000125e+01 5.410000000000000142e+01 5.433250900000000172e+01
6.147267899999999941e+01 6.130339800000000139e+01 6.157235399999999714e+01
6.000502199999999675e+01 5.991243200000000257e+01 5.973441100000000148e+01
5.964309899999999942e+01 5.937868199999999774e+01 5.946714099999999803e+01
5.719986699999999757e+01 5.702834000000000003e+01 5.729448899999999867e+01
5.676153099999999796e+01 5.649548200000000264e+01 5.658854199999999679e+01
5.525898800000000222e+01 5.552139300000000333e+01 5.544293600000000311e+01
6.320870500000000192e+01 6.302692199999999900e+01 6.295219699999999818e+01
5.459205899999999900e+01 5.485653200000000140e+01 5.480264799999999781e+01
5.498760699999999702e+01 5.475753799999999671e+01 5.481181500000000284e+01
5.831497300000000195e+01 5.858111999999999853e+01 5.848809200000000175e+01
5.980292899999999889e+01 5.988396800000000297e+01 6.005723400000000112e+01
5.987141799999999847e+01 5.977939599999999842e+01 5.961032699999999807e+01
5.786035600000000301e+01 5.768839400000000239e+01 5.795500400000000241e+01
5.954439800000000105e+01 5.953302599999999956e+01 5.934376900000000177e+01
5.888428100000000143e+01 5.871312600000000259e+01 5.897685899999999748e+01
6.130339800000000139e+01 6.113160599999999789e+01 6.140325399999999689e+01
5.726674599999999771e+01 5.735903799999999819e+01 5.753169700000000120e+01
6.059864900000000176e+01 6.085637700000000194e+01 6.079959099999999950e+01
6.186646900000000215e+01 6.195830999999999733e+01 6.214240199999999703e+01
5.887003599999999892e+01 5.870956900000000189e+01 5.897169399999999939e+01
5.502192600000000056e+01 5.476264900000000324e+01 5.488702899999999829e+01
5.569227899999999920e+01 5.595587299999999686e+01 5.586037300000000272e+01
6.240224500000000063e+01 6.248569700000000182e+01 6.267537200000000297e+01
6.117234299999999791e+01 6.100108399999999875e+01 6.126090700000000311e+01
5.789569999999999794e+01 5.816067499999999768e+01 5.806977599999999740e+01
5.596917799999999943e+01 5.570558299999999718e+01 5.578312799999999783e+01
5.919564799999999849e+01 5.936513000000000062e+01 5.910344599999999815e+01
6.329921699999999873e+01 6.302692199999999900e+01 6.320870500000000192e+01
5.768713600000000241e+01 5.756143900000000002e+01 5.738536400000000270e+01
5.780439799999999906e+01 5.766040399999999977e+01 5.794006100000000004e+01
6.106435799999999858e+01 6.088901899999999756e+01 6.115607099999999718e+01
6.211421599999999899e+01 6.184376999999999924e+01 6.188478099999999671e+01
5.677536500000000075e+01 5.660382299999999844e+01 5.686952399999999841e+01
6.115607099999999718e+01 6.140497299999999825e+01 6.134453500000000048e+01
6.065807199999999710e+01 6.040042400000000100e+01 6.048555799999999749e+01
6.142568899999999843e+01 6.123017099999999857e+01 6.148820099999999655e+01
6.133451300000000117e+01 6.137820099999999712e+01 6.155461499999999830e+01
6.210326500000000038e+01 6.222839599999999649e+01 6.199197999999999809e+01
5.964760900000000277e+01 5.954439800000000105e+01 5.938344599999999929e+01
5.906960200000000327e+01 5.889944299999999799e+01 5.916247700000000265e+01
5.627669699999999864e+01 5.622429999999999950e+01 5.643982900000000313e+01
5.622958599999999763e+01 5.613571900000000170e+01 5.596395799999999809e+01
6.188642300000000063e+01 6.172239499999999879e+01 6.161721500000000162e+01
5.916247700000000265e+01 5.925560099999999863e+01 5.942510899999999907e+01
5.738953099999999807e+01 5.748472100000000040e+01 5.765487699999999904e+01
5.808397000000000077e+01 5.835792299999999955e+01 5.825492899999999707e+01
5.993569200000000308e+01 5.984482899999999717e+01 5.967362800000000078e+01
5.815087599999999668e+01 5.824523599999999846e+01 5.841169800000000123e+01
5.569227899999999920e+01 5.559601299999999924e+01 5.542447599999999852e+01
5.815260700000000327e+01 5.788808999999999827e+01 5.797907500000000169e+01
6.314203299999999786e+01 6.321268299999999840e+01 6.298822700000000196e+01
6.233401599999999831e+01 6.216269199999999984e+01 6.242957299999999776e+01
5.770404200000000117e+01 5.796907300000000163e+01 5.787625799999999998e+01
6.068951599999999758e+01 6.051296599999999870e+01 6.077370799999999917e+01
5.982445599999999786e+01 6.009867100000000306e+01 6.002153799999999961e+01
6.164685399999999760e+01 6.173685900000000260e+01 6.191699299999999795e+01
6.189630600000000271e+01 6.172342600000000346e+01 6.199073400000000333e+01
5.640163700000000091e+01 5.622958599999999763e+01 5.649548200000000264e+01
5.546717799999999698e+01 5.556353099999999756e+01 5.573194500000000318e+01
6.321268299999999840e+01 6.349637400000000298e+01 6.337531100000000350e+01
6.134453500000000048e+01 6.161299900000000207e+01 6.143938399999999689e+01
5.611482600000000076e+01 5.635785599999999818e+01 5.627682800000000185e+01
6.273947799999999830e+01 6.265342100000000158e+01 6.247579400000000049e+01
6.122977300000000156e+01 6.114225199999999916e+01 6.097071400000000096e+01
6.352081900000000303e+01 6.376341399999999737e+01 6.376654400000000322e+01
6.078228099999999756e+01 6.051312899999999928e+01 6.060289199999999710e+01
5.642430600000000140e+01 5.648887599999999765e+01 5.666879099999999880e+01
6.294726399999999700e+01 6.314471300000000298e+01 6.291559300000000121e+01
5.988496500000000111e+01 6.014305000000000234e+01 6.005374900000000338e+01
6.204560299999999984e+01 6.177859500000000281e+01 6.191956299999999658e+01
5.781722899999999754e+01 5.808397000000000077e+01 5.798161600000000249e+01
5.454221400000000131e+01 5.454618700000000331e+01 5.475863400000000070e+01
5.954623099999999880e+01 5.971593200000000223e+01 5.945662599999999998e+01
5.633823000000000292e+01 5.643256999999999834e+01 5.660382299999999844e+01
5.798449099999999845e+01 5.782908900000000330e+01 5.768713600000000241e+01
5.532608100000000206e+01 5.558601900000000029e+01 5.550864599999999882e+01
5.579028699999999930e+01 5.605904799999999710e+01 5.595587299999999686e+01
6.048211100000000329e+01 6.022276000000000096e+01 6.031241700000000350e+01
5.888428100000000143e+01 5.897685899999999748e+01 5.914788300000000021e+01
5.764296499999999668e+01 5.746732099999999832e+01 5.773574500000000143e+01
5.744985100000000244e+01 5.753994200000000347e+01 5.771442299999999648e+01
5.929253099999999677e+01 5.902867899999999679e+01 5.911876600000000082e+01
5.807852700000000112e+01 5.825197299999999956e+01 5.798679500000000075e+01
6.350536999999999921e+01 6.334095700000000306e+01 6.321060899999999805e+01
5.605711000000000155e+01 5.622958599999999763e+01 5.596395799999999809e+01
6.047587299999999999e+01 6.074486999999999881e+01 6.064901700000000062e+01
6.408545499999999606e+01 6.382103500000000196e+01 6.392150699999999830e+01
6.142568899999999843e+01 6.171642599999999845e+01 6.159205500000000200e+01
6.384844100000000111e+01 6.392924399999999707e+01 6.367757799999999690e+01
6.221957799999999850e+01 6.228518600000000305e+01 6.248360499999999718e+01
5.794006100000000004e+01 5.821791600000000244e+01 5.806286899999999918e+01
5.692083600000000132e+01 5.675561100000000181e+01 5.663112600000000185e+01
5.584643499999999960e+01 5.593609699999999663e+01 5.606911900000000060e+01
5.773574500000000143e+01 5.755809099999999745e+01 5.781722899999999754e+01
6.390073000000000292e+01 6.380836699999999695e+01 6.363678500000000327e+01
6.097071400000000096e+01 6.088345799999999741e+01 6.071090999999999838e+01
5.730673199999999667e+01 5.721255399999999725e+01 5.704099200000000280e+01
6.056192500000000223e+01 6.065222399999999681e+01 6.082251200000000324e+01
5.770404200000000117e+01 5.753169700000000120e+01 5.779639600000000144e+01
6.284231599999999673e+01 6.301376400000000189e+01 6.275408800000000298e+01
5.488702899999999829e+01 5.459283800000000042e+01 5.475595400000000268e+01
5.721974999999999767e+01 5.748472100000000040e+01 5.738953099999999807e+01
6.001658900000000330e+01 5.975417999999999807e+01 5.984482899999999717e+01
5.454554300000000211e+01 5.459205899999999900e+01 5.480264799999999781e+01
6.036968799999999646e+01 6.055242499999999950e+01 6.028626400000000274e+01
6.410638500000000306e+01 6.420000000000000284e+01 6.392924399999999707e+01
6.410638500000000306e+01 6.392924399999999707e+01 6.384844100000000111e+01
6.145470300000000208e+01 6.130243300000000062e+01 6.120519000000000176e+01
5.542911399999999844e+01 5.569750700000000165e+01 5.560376699999999772e+01
6.051169000000000153e+01 6.025031700000000257e+01 6.034125399999999928e+01
5.883399599999999907e+01 5.892936999999999870e+01 5.910320699999999761e+01
6.170569299999999657e+01 6.197122699999999895e+01 6.187925500000000056e+01
5.929964300000000321e+01 5.939059300000000263e+01 5.956328899999999749e+01
5.779675999999999902e+01 5.809998199999999713e+01 5.794006100000000004e+01
6.049532899999999813e+01 6.032110699999999781e+01 6.059079100000000295e+01
5.410000000000000142e+01 5.410000000000000142e+01 5.433773000000000053e+01
6.084086599999999834e+01 6.101364600000000138e+01 6.074486999999999881e+01
5.735903799999999819e+01 5.744985100000000244e+01 5.762349100000000135e+01
6.169154000000000337e+01 6.142741600000000091e+01 6.151660300000000348e+01
5.571205799999999897e+01 5.580671799999999649e+01 5.597826299999999833e+01
6.113160599999999789e+01 6.122630300000000148e+01 6.140325399999999689e+01
6.053919299999999737e+01 6.036798399999999987e+01 6.062890800000000269e+01
5.823433500000000151e+01 5.806124400000000207e+01 5.832595500000000044e+01
6.295429599999999937e+01 6.321268299999999840e+01 6.314279400000000209e+01
6.195226600000000161e+01 6.169245300000000043e+01 6.178193900000000127e+01
6.223664500000000288e+01 6.197122699999999895e+01 6.206650799999999890e+01
6.302692199999999900e+01 6.286747100000000188e+01 6.273457200000000000e+01
5.757315400000000238e+01 5.774391800000000075e+01 5.747765799999999814e+01
5.744945599999999786e+01 5.767640099999999848e+01 5.768713600000000241e+01
6.047587299999999999e+01 6.064901700000000062e+01 6.037985100000000216e+01
6.126090700000000311e+01 6.134915800000000274e+01 6.152109200000000300e+01
5.603280399999999872e+01 5.586037300000000272e+01 5.611482600000000076e+01
5.675579599999999658e+01 5.703210299999999933e+01 5.694724500000000234e+01
5.756143900000000002e+01 5.728227700000000056e+01 5.738536400000000270e+01
6.105126400000000331e+01 6.113804100000000119e+01 6.133451300000000117e+01
6.231454599999999999e+01 6.205180099999999754e+01 6.214330900000000213e+01
6.316242199999999940e+01 6.307005900000000054e+01 6.290869399999999700e+01
5.662448200000000043e+01 5.673654700000000162e+01 5.645696600000000132e+01
5.849946099999999660e+01 5.832595500000000044e+01 5.859063499999999891e+01
5.927260400000000118e+01 5.936513000000000062e+01 5.953400700000000256e+01
6.107318999999999676e+01 6.124342099999999789e+01 6.098118699999999848e+01
5.437026999999999788e+01 5.410000000000000142e+01 5.428277700000000294e+01
5.933184299999999922e+01 5.917251999999999867e+01 5.944391300000000200e+01
6.240692899999999810e+01 6.231454599999999999e+01 6.214330900000000213e+01
5.666579699999999775e+01 5.693293400000000304e+01 5.683787300000000187e+01
6.046277299999999855e+01 6.030364699999999800e+01 6.056180400000000219e+01
6.310464400000000040e+01 6.327293900000000093e+01 6.301376400000000189e+01
5.833438100000000048e+01 5.850792799999999971e+01 5.824352199999999868e+01
5.837455599999999833e+01 5.847053799999999768e+01 5.864026199999999989e+01
5.972967299999999824e+01 5.955549500000000052e+01 5.981741900000000101e+01
5.590164999999999651e+01 5.573194500000000318e+01 5.599682200000000165e+01
6.231454599999999999e+01 6.222446000000000055e+01 6.205180099999999754e+01
6.336404000000000281e+01 6.310464400000000040e+01 6.319634400000000340e+01
5.791429600000000022e+01 5.774391800000000075e+01 5.801194300000000226e+01
6.019308099999999939e+01 6.049396800000000241e+01 6.035646299999999798e+01
5.784056100000000100e+01 5.810817200000000327e+01 5.801194300000000226e+01
6.099847700000000117e+01 6.091244999999999976e+01 6.073361200000000082e+01
5.921780499999999847e+01 5.912683700000000186e+01 5.895390700000000095e+01
6.247910699999999906e+01 6.232194100000000248e+01 6.220275000000000176e+01
6.346457300000000146e+01 6.337326099999999940e+01 6.320146100000000189e+01
6.214695499999999839e+01 6.204560299999999984e+01 6.191956299999999658e+01
6.177859500000000281e+01 6.169057600000000008e+01 6.191956299999999658e+01
6.205180099999999754e+01 6.222446000000000055e+01 6.196205900000000355e+01
6.228518600000000305e+01 6.238779699999999906e+01 6.252109300000000047e+01
5.648887599999999765e+01 5.675579599999999658e+01 5.666879099999999880e+01
6.051312899999999928e+01 6.069265200000000249e+01 6.042221599999999881e+01
6.056846399999999875e+01 6.048555799999999749e+01 6.031151799999999952e+01
6.259385000000000332e+01 6.285657499999999942e+01 6.272985599999999806e+01
5.928644800000000004e+01 5.902528999999999826e+01 5.911449400000000054e+01
5.646672399999999925e+01 5.655734400000000051e+01 5.674023799999999795e+01
5.982445599999999786e+01 5.976221100000000064e+01 5.954439800000000105e+01
5.513513499999999823e+01 5.491081100000000248e+01 5.502192600000000056e+01
5.893400599999999656e+01 5.867270500000000055e+01 5.876478099999999927e+01
5.863596799999999831e+01 5.854238900000000001e+01 5.837218599999999924e+01
6.273241600000000062e+01 6.262134900000000215e+01 6.248834300000000042e+01
5.613571900000000170e+01 5.604042199999999951e+01 5.587062000000000239e+01
5.674328100000000319e+01 5.683787300000000187e+01 5.701229099999999761e+01
5.946716700000000344e+01 5.955571199999999976e+01 5.973441100000000148e+01
6.082977000000000345e+01 6.091682899999999989e+01 6.108915900000000221e+01
6.197122699999999895e+01 6.179802800000000218e+01 6.206650799999999890e+01
5.900505600000000328e+01 5.890635300000000285e+01 5.873750100000000174e+01
5.550880500000000239e+01 5.577631900000000087e+01 5.567998800000000159e+01
6.095220100000000230e+01 6.079123599999999783e+01 6.106175000000000352e+01
6.043476400000000126e+01 6.069274699999999712e+01 6.060009800000000268e+01
5.738953099999999807e+01 5.765487699999999904e+01 5.756049800000000261e+01
5.876429799999999659e+01 5.859063499999999891e+01 5.885488200000000347e+01
6.155749200000000343e+01 6.137563699999999756e+01 6.130243300000000062e+01
6.037948099999999840e+01 6.047087100000000248e+01 6.064087800000000072e+01
5.763936700000000002e+01 5.746638599999999997e+01 5.773249899999999712e+01
6.365163100000000185e+01 6.340635900000000191e+01 6.352081900000000303e+01
5.963214399999999671e+01 5.980292899999999889e+01 5.954623099999999880e+01
5.729448899999999867e+01 5.738953099999999807e+01 5.756049800000000261e+01
6.135167100000000318e+01 6.117596000000000345e+01 6.144047199999999975e+01
5.464722100000000182e+01 5.470737599999999645e+01 5.491174800000000289e+01
5.797907500000000169e+01 5.780497499999999889e+01 5.806977599999999740e+01
6.225374300000000005e+01 6.199073400000000333e+01 6.210260600000000153e+01
6.027822299999999700e+01 6.036798399999999987e+01 6.053919299999999737e+01
6.047087100000000248e+01 6.020978099999999955e+01 6.030127399999999938e+01
6.193068999999999846e+01 6.178981199999999774e+01 6.165601499999999646e+01
6.178981199999999774e+01 6.188642300000000063e+01 6.161721500000000162e+01
5.948163600000000173e+01 5.930899399999999844e+01 5.957267499999999671e+01
5.793894600000000139e+01 5.803372399999999942e+01 5.820259399999999772e+01
5.561880500000000183e+01 5.552260100000000165e+01 5.535450699999999813e+01
5.854373900000000219e+01 5.864026199999999989e+01 5.880722699999999747e+01
5.604322400000000215e+01 5.630215100000000206e+01 5.623263200000000239e+01
5.879195299999999946e+01 5.905585599999999857e+01 5.896400500000000022e+01
6.091682899999999989e+01 6.074351999999999663e+01 6.100290900000000249e+01
6.224748600000000209e+01 6.233401599999999831e+01 6.250721300000000014e+01
5.782908900000000330e+01 5.769288999999999845e+01 5.756143900000000002e+01
6.114078700000000310e+01 6.087092299999999767e+01 6.095417799999999886e+01
5.745514500000000169e+01 5.728004099999999710e+01 5.754684900000000169e+01
6.210260600000000153e+01 6.191699299999999795e+01 6.219453399999999732e+01
6.020712400000000031e+01 6.047587299999999999e+01 6.037985100000000216e+01
5.720268300000000039e+01 5.738101300000000293e+01 5.711273400000000322e+01
5.710045399999999916e+01 5.737538200000000188e+01 5.727244699999999966e+01
6.060509900000000272e+01 6.069943099999999703e+01 6.087264799999999809e+01
5.479270600000000258e+01 5.488905900000000315e+01 5.506278199999999856e+01
5.606730900000000162e+01 5.579136100000000198e+01 5.595733500000000049e+01
6.189361499999999694e+01 6.198722899999999925e+01 6.174220499999999845e+01
5.702035500000000212e+01 5.729369599999999707e+01 5.720306000000000068e+01
6.074152699999999783e+01 6.048211100000000329e+01 6.057099900000000048e+01
5.604042199999999951e+01 5.630621699999999663e+01 5.620793199999999956e+01
5.596917799999999943e+01 5.588450799999999674e+01 5.570558299999999718e+01
6.039098700000000264e+01 6.013487800000000050e+01 6.020933600000000041e+01
6.028626400000000274e+01 6.055242499999999950e+01 6.047034899999999880e+01
6.128257700000000341e+01 6.110962299999999914e+01 6.137816600000000022e+01
6.036798399999999987e+01 6.019722500000000309e+01 6.045845500000000072e+01
5.539004099999999653e+01 5.512210400000000021e+01 5.517624699999999649e+01
5.807852700000000112e+01 5.834351800000000310e+01 5.825197299999999956e+01
6.311364900000000233e+01 6.295219699999999818e+01 6.285657499999999942e+01
6.392924399999999707e+01 6.403829000000000349e+01 6.378171999999999997e+01
5.947887999999999664e+01 5.974282199999999676e+01 5.963244900000000115e+01
6.114078700000000310e+01 6.095417799999999886e+01 6.121917299999999784e+01
5.995349399999999918e+01 6.002153799999999961e+01 6.020933600000000041e+01
6.078010400000000146e+01 6.050865900000000153e+01 6.060173600000000249e+01
6.110962299999999914e+01 6.120544499999999744e+01 6.137816600000000022e+01
5.728887499999999733e+01 5.738632499999999936e+01 5.713047000000000253e+01
6.018971100000000263e+01 6.036968799999999646e+01 6.009867100000000306e+01
5.769288999999999845e+01 5.751483000000000345e+01 5.744975800000000277e+01
5.822325500000000176e+01 5.831772099999999881e+01 5.848563000000000045e+01
6.284231599999999673e+01 6.310464400000000040e+01 6.301376400000000189e+01
5.532741899999999902e+01 5.559263500000000136e+01 5.552139300000000333e+01
5.939059300000000263e+01 5.912683700000000186e+01 5.921780499999999847e+01
6.030127399999999938e+01 6.004046600000000211e+01 6.013196400000000352e+01
5.724391500000000121e+01 5.734026899999999927e+01 5.750720700000000107e+01
5.827973899999999929e+01 5.845214200000000204e+01 5.818391600000000352e+01
6.028821200000000147e+01 6.054946999999999946e+01 6.045845500000000072e+01
6.114078700000000310e+01 6.105086399999999713e+01 6.087092299999999767e+01
5.702834000000000003e+01 5.712402600000000064e+01 5.729448899999999867e+01
6.035672499999999729e+01 6.026374299999999806e+01 6.009149299999999982e+01
6.258837900000000332e+01 6.232212499999999977e+01 6.240144599999999997e+01
5.902834699999999657e+01 5.911355799999999761e+01 5.927989399999999875e+01
5.997325699999999671e+01 6.022929899999999748e+01 6.014305000000000234e+01
5.544533500000000004e+01 5.527447200000000294e+01 5.554077199999999692e+01
5.839138100000000264e+01 5.865426899999999932e+01 5.856024599999999936e+01
5.737538200000000188e+01 5.753263100000000208e+01 5.727244699999999966e+01
5.703210299999999933e+01 5.710638200000000353e+01 5.728227700000000056e+01
6.291991800000000268e+01 6.272066399999999931e+01 6.266956600000000321e+01
5.939059300000000263e+01 5.948163600000000173e+01 5.965446800000000138e+01
6.105126400000000331e+01 6.120519000000000176e+01 6.093567699999999832e+01
5.746638599999999997e+01 5.756049800000000261e+01 5.773249899999999712e+01
6.164242200000000338e+01 6.148436300000000188e+01 6.135407399999999711e+01
5.838699100000000186e+01 5.849407899999999927e+01 5.821791600000000244e+01
5.814183799999999991e+01 5.831497300000000195e+01 5.804886299999999721e+01
5.597826299999999833e+01 5.624412699999999887e+01 5.615053100000000086e+01
5.663112600000000185e+01 5.675561100000000181e+01 5.648761799999999766e+01
6.355853199999999958e+01 6.346457300000000146e+01 6.330011100000000113e+01
6.250721300000000014e+01 6.259385000000000332e+01 6.272985599999999806e+01
5.845214200000000204e+01 5.870956900000000189e+01 5.862504700000000213e+01
5.962575100000000106e+01 5.988496500000000111e+01 5.979439699999999647e+01
5.702834000000000003e+01 5.685850299999999891e+01 5.712402600000000064e+01
5.947240299999999991e+01 5.956328899999999749e+01 5.973568499999999659e+01
6.120800299999999794e+01 6.134453500000000048e+01 6.143938399999999689e+01
6.105189899999999881e+01 6.078010400000000146e+01 6.087397299999999944e+01
5.620708100000000229e+01 5.646943600000000174e+01 5.637565399999999727e+01
6.151660300000000348e+01 6.142741600000000091e+01 6.125485499999999917e+01
5.795500400000000241e+01 5.768839400000000239e+01 5.778279500000000013e+01
6.324396000000000129e+01 6.314471300000000298e+01 6.294726399999999700e+01
5.433492199999999883e+01 5.410000000000000142e+01 5.432035700000000134e+01
5.946714099999999803e+01 5.929253099999999677e+01 5.955549500000000052e+01
5.578081699999999898e+01 5.592945699999999931e+01 5.568421800000000133e+01
5.512210400000000021e+01 5.491174800000000289e+01 5.517624699999999649e+01
5.540769399999999933e+01 5.558601900000000029e+01 5.532608100000000206e+01
5.988396800000000297e+01 5.995349399999999918e+01 6.013487800000000050e+01
6.153068199999999877e+01 6.179802800000000218e+01 6.170569299999999657e+01
5.948104099999999761e+01 5.964760900000000277e+01 5.938344599999999929e+01
5.974613699999999739e+01 5.964760900000000277e+01 5.948104099999999761e+01
