2.118014113333333341e+02 6.087591333333332955e+01 -2.395527166666666474e+01
2.166076766666666629e+02 6.110471799999999831e+01 -1.468800199999999911e+01
2.097151063333333241e+02 5.784036166666666645e+01 -1.675944600000000051e+01
2.091246490000000051e+02 6.223702766666666975e+01 -5.791435699999999542e+01
2.135877339999999833e+02 6.190663033333333232e+01 -2.544525899999999652e+01
2.140221063333333404e+02 6.264387066666666470e+01 -3.755716866666666931e+01
2.150142799999999852e+02 6.150864833333333337e+01 -2.717100566666666950e+01
2.079270900000000211e+02 6.048741166666666658e+01 -5.713254766666666029e+01
2.070357149999999820e+02 5.667284399999999778e+01 -1.712905900000000159e+01
2.087905023333333645e+02 6.166681399999999513e+01 -5.124912333333332981e+01
2.056628046666666307e+02 5.758705233333333240e+01 -3.806485833333332636e+01
2.100855403333333413e+02 6.285594833333333753e+01 -6.982275466666665409e+01
2.048012469999999894e+02 5.764950666666666734e+01 -5.587157066666666339e+01
2.090177056666666431e+02 5.742145533333333418e+01 -1.401106066666666550e+01
2.117487776666666832e+02 6.061455266666666830e+01 -2.251805966666666947e+01
2.123568256666666514e+02 6.010592133333333464e+01 -1.830966433333333399e+01
2.043666973333333488e+02 5.642878999999999934e+01 -2.698143433333333618e+01
2.013284133333333159e+02 5.647490666666666215e+01 -8.359465433333333806e+01
2.088068163333333302e+02 5.650244000000000000e+01 -9.229459333333332793e+00
2.076909053333332906e+02 5.616206000000000387e+01 -1.091897699999999993e+01
2.169106470000000115e+02 6.146945666666666597e+01 -2.232372133333333508e+01
2.105186599999999828e+02 5.920100400000000462e+01 -1.825009400000000070e+01
2.039019690000000082e+02 5.653110766666666365e+01 -3.396419300000000163e+01
2.120877126666666754e+02 5.920480299999999829e+01 -1.632710433333333455e+01
2.101132486666666637e+02 6.076861799999999647e+01 -2.799017600000000172e+01
2.144325310000000115e+02 6.273645966666666851e+01 -4.393094999999999573e+01
2.099590226666666695e+02 6.039058033333333242e+01 -2.588075433333333208e+01
2.071110260000000096e+02 5.912787066666666647e+01 -4.817263200000000012e+01
2.157493200000000115e+02 6.223238033333333874e+01 -4.990226699999999482e+01
2.151595683333333398e+02 5.996396533333333423e+01 -1.394649766666666579e+01
2.047649910000000091e+02 5.555606066666666720e+01 -1.229045399999999866e+01
2.008736026666666703e+02 5.572139266666666657e+01 -5.655337766666666965e+01
2.087061686666666844e+02 6.219147399999999948e+01 -6.748974766666665914e+01
2.107960153333333437e+02 6.173482800000000026e+01 -3.482394599999999940e+01
2.083895523333333415e+02 5.685500466666667307e+01 -1.386130999999999780e+01
2.099636480000000063e+02 5.669103799999999893e+01 -6.863566999999999751e+00
2.129896423333333360e+02 5.905164800000000014e+01 -1.264602099999999929e+01
2.085037749999999903e+02 6.203134600000000631e+01 -6.929259733333333315e+01
2.012360413333333327e+02 5.516184366666666961e+01 -3.282375633333333553e+01
2.095002899999999784e+02 6.047575533333332487e+01 -2.765276333333333625e+01
2.112309673333333251e+02 5.962097700000000344e+01 -1.836527133333333239e+01
2.032965826666666942e+02 5.434105100000000022e+01 -8.490673333333333517e+00
2.008697866666666414e+02 5.439916433333333856e+01 -1.674003533333333493e+01
2.139831843333333552e+02 5.938556299999999766e+01 -1.116889766666666617e+01
2.121047743333333528e+02 6.041844433333333342e+01 -2.040602033333333409e+01
2.032385060000000010e+02 5.736453700000000566e+01 -8.133137533333332669e+01
2.149471829999999954e+02 6.247835966666666963e+01 -4.528181666666666416e+01
2.025657929999999851e+02 5.674867066666666915e+01 -6.470185266666666735e+01
2.163435073333333492e+02 6.142633533333333418e+01 -2.456582699999999875e+01
2.007251863333333404e+02 5.488247866666666397e+01 -2.894459500000000318e+01
2.083251579999999876e+02 6.228531866666666161e+01 -8.593385600000000579e+01
2.047140369999999905e+02 5.707620133333333712e+01 -3.980159033333333696e+01
2.095988319999999874e+02 6.100716333333332386e+01 -3.154645899999999870e+01
2.147960769999999968e+02 6.209949733333333910e+01 -3.623868566666666879e+01
2.063391376666666872e+02 5.733231466666666165e+01 -2.730934499999999687e+01
2.045671810000000050e+02 5.667618933333333331e+01 -3.094869533333332967e+01
2.019953166666666675e+02 5.538413566666665844e+01 -2.966523733333333723e+01
2.190956223333333526e+02 6.118507066666666105e+01 -1.030441666666666656e+01
2.140127139999999883e+02 6.305173533333333324e+01 -4.613993400000000378e+01
2.041667626666666422e+02 5.501841566666666949e+01 -1.141386566666666624e+01
2.004290099999999768e+02 5.540257866666667041e+01 -4.910241199999999395e+01
2.186785463333333155e+02 6.083344366666667469e+01 -6.636200333333333923e+00
2.094208233333333453e+02 5.706859166666666283e+01 -1.064344366666666808e+01
2.053451996666666730e+02 5.518531200000000325e+01 -7.630827333333333407e+00
2.121823839999999848e+02 5.851042666666666037e+01 -1.366600133333333389e+01
2.168076736666666591e+02 6.134753933333333720e+01 -1.946736066666666787e+01
2.116529676666666546e+02 6.325592000000000326e+01 -6.412141133333334153e+01
2.110446633333333182e+02 6.254327566666666627e+01 -4.532628266666666406e+01
2.142642540000000224e+02 6.299924366666666486e+01 -4.750067766666666813e+01
2.051536393333333308e+02 5.493995600000000223e+01 -7.141518666666667237e+00
2.093441243333333261e+02 6.091667066666666841e+01 -3.246825199999999967e+01
2.057915206666666563e+02 5.688107600000000019e+01 -2.521205633333333296e+01
2.096605223333333470e+02 5.839798600000000306e+01 -2.059814533333333486e+01
2.106730149999999924e+02 5.998938799999999816e+01 -2.102628766666666493e+01
2.103169376666666892e+02 5.690780800000000994e+01 -8.423539333333332380e+00
2.148355709999999874e+02 6.043287366666666571e+01 -1.660636233333333323e+01
2.145476663333333534e+02 6.201195866666666490e+01 -3.245368300000000517e+01
2.078282183333333251e+02 5.872793500000000222e+01 -3.041300733333333639e+01
2.080274023333332991e+02 5.896650900000000206e+01 -3.138946800000000437e+01
2.071350833333333412e+02 5.788586233333333553e+01 -2.878211666666666702e+01
2.085005640000000255e+02 6.119698900000000208e+01 -5.119726200000000205e+01
2.154544029999999850e+02 6.032878900000000044e+01 -1.428034933333333356e+01
2.082231286666666676e+02 5.961330433333333190e+01 -3.516306199999999649e+01
2.044582706666666638e+02 5.492908566666667269e+01 -9.527895666666665875e+00
2.159352003333333414e+02 6.135209666666666095e+01 -2.399560200000000165e+01
2.093170123333333379e+02 5.652788466666666523e+01 -7.150917999999999886e+00
2.061065403333333279e+02 5.833132700000000881e+01 -5.000775900000000007e+01
2.100100759999999980e+02 6.065296499999999469e+01 -2.749738366666666778e+01
2.044964313333333337e+02 5.766581099999999793e+01 -6.329537733333333449e+01
2.102652573333333237e+02 5.910940400000000494e+01 -1.911372666666666831e+01
2.044132850000000019e+02 5.670360500000000314e+01 -3.284066200000000180e+01
2.175727920000000211e+02 6.119933366666666785e+01 -1.241980833333333401e+01
2.041123419999999840e+02 5.775663900000000694e+01 -7.836718500000000631e+01
2.063156813333333446e+02 5.815853266666667309e+01 -4.207510800000000017e+01
2.140072843333333310e+02 6.114620800000000145e+01 -2.054507033333333155e+01
2.114406096666666599e+02 6.248736199999999741e+01 -3.919611566666666391e+01
2.093635416666666913e+02 6.165064333333333479e+01 -4.020110900000000242e+01
2.003674026666666634e+02 5.437340499999999821e+01 -1.973986400000000074e+01
2.122081033333333551e+02 6.053542766666666353e+01 -2.062491166666666587e+01
2.118537553333333108e+02 6.113762433333332780e+01 -2.543625899999999618e+01
2.114326163333333000e+02 5.945085833333333625e+01 -1.777641666666666609e+01
2.043222423333333211e+02 5.615036933333333735e+01 -2.206177066666667130e+01
2.081413890000000038e+02 5.826123933333332872e+01 -2.460750433333333476e+01
2.076802500000000009e+02 6.136141233333333389e+01 -9.050842299999999341e+01
2.068765086666666377e+02 5.602187366666666435e+01 -1.188182866666666548e+01
2.093510016666666615e+02 6.259678766666667116e+01 -6.792972233333334486e+01
2.092734136666666700e+02 5.667867166666667345e+01 -8.236777000000000015e+00
2.117295903333333342e+02 5.858536799999999545e+01 -1.525404166666666583e+01
2.078171566666666479e+02 5.722435999999999723e+01 -2.004817866666666504e+01
2.100612006666666787e+02 6.050737399999999866e+01 -2.648643366666667021e+01
2.152577389999999866e+02 6.008548066666666188e+01 -1.420849833333333301e+01
2.133442986666666457e+02 5.925867033333333467e+01 -1.201474066666666651e+01
2.112362279999999828e+02 6.279886366666666930e+01 -5.086989200000000011e+01
2.069089686666666523e+02 5.561180266666666938e+01 -8.359787333333335013e+00
2.117552680000000009e+02 6.183877300000000332e+01 -2.927682099999999821e+01
2.002570609999999931e+02 5.564840633333333386e+01 -6.503574566666667067e+01
2.166929873333333489e+02 6.164021400000000739e+01 -2.976475866666666548e+01
2.079886026666666794e+02 5.828811866666666930e+01 -2.524221100000000106e+01
2.190732709999999770e+02 6.152569833333333094e+01 -1.537902433333333363e+01
2.079350766666666459e+02 5.843454600000000454e+01 -2.658420933333333380e+01
2.005039983333333282e+02 5.417451600000000411e+01 -1.500367433333333445e+01
2.193309426666666297e+02 6.185248533333333398e+01 -2.106625000000000014e+01
2.050501746666666634e+02 5.771772500000000150e+01 -5.295266433333333111e+01
2.061032193333333282e+02 5.682767233333333223e+01 -2.258046566666666877e+01
2.064681963333333385e+02 5.813328466666666827e+01 -3.937929633333333612e+01
2.144581426666666459e+02 6.147351266666666447e+01 -2.450756766666667019e+01
2.110730303333333495e+02 5.760466566666666921e+01 -1.141504399999999997e+01
2.091840066666666473e+02 6.236816866666666215e+01 -6.141442766666667552e+01
2.101632666666666864e+02 6.021677400000000802e+01 -2.411791266666666544e+01
2.044093433333333394e+02 5.712564166666666665e+01 -4.493928799999999768e+01
2.056766820000000280e+02 5.717427366666667155e+01 -3.036481066666666706e+01
2.134443716666666830e+02 6.111859333333333666e+01 -2.039955600000000047e+01
2.094539193333333458e+02 5.898120633333333984e+01 -2.369083133333333535e+01
2.076869660000000124e+02 5.683739066666666417e+01 -1.699868199999999874e+01
2.162577336666666667e+02 6.197867866666666714e+01 -4.506420166666666915e+01
2.047077143333333424e+02 5.501408433333332937e+01 -8.891506999999998939e+00
2.118877346666666597e+02 5.937400299999999476e+01 -1.714594200000000157e+01
2.126105799999999988e+02 6.262298766666666694e+01 -3.407438100000000247e+01
2.013783959999999809e+02 5.441244299999999612e+01 -1.456615966666666573e+01
2.129277199999999937e+02 6.175485699999999412e+01 -2.410922300000000007e+01
2.105035573333333332e+02 6.176312433333333729e+01 -3.588763666666667262e+01
2.012456666666666649e+02 5.462761800000000534e+01 -1.914593299999999942e+01
2.093716833333333227e+02 5.679953100000000177e+01 -8.821842999999999435e+00
2.014686336666667046e+02 5.649937700000000262e+01 -7.962828199999999867e+01
2.103596136666666609e+02 6.179210733333332684e+01 -3.656314800000000531e+01
2.117605016666666700e+02 6.225447533333332473e+01 -3.220978833333333569e+01
2.073293850000000020e+02 6.049126266666666396e+01 -8.589853000000000804e+01
2.081916106666666622e+02 6.119569500000000062e+01 -6.166715200000000863e+01
2.080652913333333345e+02 5.731883766666666702e+01 -1.937151466666666622e+01
2.159757056666666415e+02 6.161879733333333320e+01 -3.182532166666666740e+01
2.059022609999999815e+02 5.522882200000000097e+01 -7.580356333333333474e+00
2.101300896666666631e+02 6.311403066666667172e+01 -8.380922099999999375e+01
2.080665420000000267e+02 6.005201366666667440e+01 -4.440762599999999338e+01
2.108716173333333188e+02 5.777472333333332699e+01 -1.327283166666666681e+01
2.071176603333333333e+02 5.871260966666667258e+01 -3.914653100000000308e+01
2.088902579999999887e+02 5.976270666666666642e+01 -2.767244066666667024e+01
2.086991686666666794e+02 5.829854966666667337e+01 -2.372285999999999717e+01
2.042561770000000081e+02 5.715403900000000448e+01 -4.821233033333334106e+01
2.178307670000000087e+02 6.129102199999999812e+01 -1.295443266666666737e+01
2.115778743333333125e+02 5.738750100000000742e+01 -7.792517333333333518e+00
2.166725933333333387e+02 6.053643600000000191e+01 -8.757184666666667283e+00
2.193936666666666895e+02 6.111803100000000200e+01 -9.249156666666666027e+00
2.023528749999999548e+02 5.476317066666666733e+01 -1.548497033333333128e+01
2.126346663333333424e+02 5.843630733333333183e+01 -1.170854833333333467e+01
2.048561476666666579e+02 5.853942633333333134e+01 -9.975975966666665329e+01
2.106897666666667135e+02 6.221368700000000018e+01 -4.188915966666666435e+01
2.114858313333333228e+02 5.971296433333333198e+01 -1.841697033333333167e+01
2.088652210000000196e+02 5.635466766666667127e+01 -7.774420666666666868e+00
2.011140803333333622e+02 5.563225666666667024e+01 -4.855665100000000933e+01
2.116828953333333345e+02 5.913695166666666836e+01 -1.690910266666666928e+01
2.053249623333333318e+02 5.696386533333333091e+01 -3.069441833333333491e+01
2.096010603333333222e+02 6.228612799999999794e+01 -5.204757566666666690e+01
2.087899493333333396e+02 5.923665366666666188e+01 -2.709738333333332960e+01
2.067518083333333436e+02 5.631264966666666538e+01 -1.467020266666666650e+01
2.097046750000000372e+02 6.112245999999999668e+01 -3.195812033333332991e+01
2.113276773333333267e+02 5.892507100000000264e+01 -1.683084766666666710e+01
2.153319436666666604e+02 6.103955400000000253e+01 -1.976484000000000307e+01
2.042239109999999584e+02 5.804534266666667008e+01 -9.153829366666667511e+01
2.105884286666666583e+02 6.264152133333333694e+01 -5.402642433333333116e+01
2.046868770000000097e+02 5.569736566666666278e+01 -1.397089933333333356e+01
2.106978426666666735e+02 6.161112200000000172e+01 -3.379536233333333684e+01
2.191346436666666762e+02 6.076573433333333440e+01 -5.758136666666666237e+00
2.071724073333333251e+02 6.048703199999999924e+01 -9.564676766666666197e+01
2.073836729999999591e+02 6.063522566666666336e+01 -8.722400466666665864e+01
2.093086063333333584e+02 5.818827733333333185e+01 -2.072067133333333189e+01
2.022794533333333220e+02 5.614148599999999334e+01 -4.527363366666666167e+01
2.111761896666666871e+02 5.895087633333333343e+01 -1.701562600000000103e+01
2.093134123333333321e+02 5.777699466666666694e+01 -1.676085099999999883e+01
2.123416433333333089e+02 5.929789533333333651e+01 -1.583309033333333105e+01
2.029668176666666568e+02 5.706788366666666690e+01 -7.101220966666666357e+01
2.194880246666666608e+02 6.032457133333333132e+01 -3.426946333333333428e+00
2.125350846666666769e+02 5.872300666666666302e+01 -1.339158100000000218e+01
2.110731946666666374e+02 5.719549533333333358e+01 -7.920798666666667209e+00
2.084873983333333172e+02 5.888261966666666325e+01 -2.755870833333333181e+01
2.058743313333333163e+02 5.741178500000000184e+01 -3.213705600000000118e+01
2.038485636666666778e+02 5.668486933333333155e+01 -3.889746166666666483e+01
2.116002793333333329e+02 6.340164333333333246e+01 -7.164539833333333263e+01
2.063563696666666658e+02 5.842520666666666784e+01 -4.714487799999999851e+01
2.028380746666666710e+02 5.496586599999999834e+01 -1.548537333333333343e+01
2.154738533333333237e+02 6.142997133333333437e+01 -2.652607566666666727e+01
2.057198833333333141e+02 5.743933999999999429e+01 -3.433251233333333374e+01
2.046671629999999880e+02 5.680065566666667110e+01 -3.316136433333333144e+01
2.191573750000000018e+02 6.102782466666667460e+01 -8.283151000000000153e+00
2.133342886666666800e+02 6.181673866666667294e+01 -2.439674133333333472e+01
2.075690116666666825e+02 6.081984566666667291e+01 -8.172404899999999373e+01
2.109726846666666518e+02 5.830398800000000392e+01 -1.554019666666666666e+01
2.044841656666666552e+02 5.793577600000000416e+01 -7.666177066666666917e+01
2.138592073333333303e+02 6.076555833333333112e+01 -1.859901233333333437e+01
2.124839173333333235e+02 5.846095133333333393e+01 -1.240753433333333611e+01
2.029956406666666737e+02 5.456754899999999253e+01 -1.111502800000000057e+01
2.101835200000000157e+02 6.297249200000000968e+01 -7.452028299999999206e+01
2.131363286666666284e+02 6.077280700000000024e+01 -1.932500533333333337e+01
2.076362129999999979e+02 6.057564999999999600e+01 -7.165842766666666819e+01
2.107220116666666456e+02 5.943756766666666636e+01 -1.825289200000000278e+01
2.103157989999999984e+02 5.937305033333333171e+01 -1.893171233333333348e+01
2.047691173333333552e+02 5.581844833333332900e+01 -1.478107199999999999e+01
2.037473546666666664e+02 5.615177200000000113e+01 -2.688022999999999740e+01
2.158059973333333517e+02 6.054664366666666098e+01 -1.311807633333333456e+01
2.124537970000000087e+02 5.982004633333333032e+01 -1.692307500000000076e+01
2.178765306666666675e+02 6.072111033333333552e+01 -6.356345999999999385e+00
2.064369933333333336e+02 5.568651599999999036e+01 -1.040475599999999901e+01
2.094568229999999858e+02 5.857127066666666337e+01 -2.234315566666667152e+01
2.057862540000000138e+02 5.912670033333333208e+01 -9.192153399999999408e+01
2.019945040000000063e+02 5.462597766666666388e+01 -1.541101999999999883e+01
2.069486056666666798e+02 5.957252666666666840e+01 -6.858192533333333074e+01
2.150974736666666729e+02 6.245247966666666883e+01 -4.669907000000000608e+01
2.111738483333333534e+02 5.772447533333333780e+01 -1.191426766666666737e+01
2.047481706666666526e+02 5.823496299999999337e+01 -8.511100366666666162e+01
2.113798873333333006e+02 5.918819899999999734e+01 -1.729664233333333456e+01
2.149159153333333450e+02 6.138831099999999452e+01 -2.495347200000000143e+01
2.048759683333333612e+02 5.662522166666666834e+01 -2.761372966666666784e+01
2.015241476666666642e+02 5.664881633333333610e+01 -8.653855700000001150e+01
2.023385733333333292e+02 5.637598599999999038e+01 -5.304053633333332840e+01
2.105250383333333275e+02 6.082711966666666825e+01 -2.746490566666666666e+01
2.149596246666666559e+02 6.165625700000000364e+01 -2.948290266666666426e+01
2.129497983333333195e+02 6.317849266666666352e+01 -4.761326266666666385e+01
2.111344073333333426e+02 6.031463066666666606e+01 -2.219129599999999769e+01
2.077366113333333431e+02 5.819510133333333357e+01 -2.594636033333333103e+01
2.079205550000000073e+02 5.926061066666667188e+01 -3.617878099999999364e+01
2.067198536666666371e+02 5.822882566666666548e+01 -3.753173000000000314e+01
2.152183926666666594e+02 6.286178499999999758e+01 -5.657914333333334156e+01
2.050504493333333187e+02 5.787095800000000168e+01 -5.832156066666667016e+01
2.028142433333333372e+02 5.704504333333333221e+01 -7.346490999999998905e+01
2.146449033333333318e+02 6.213064866666666575e+01 -3.529713266666666271e+01
2.135937133333333406e+02 6.149762166666666729e+01 -2.248033833333333220e+01
2.135357023333333473e+02 5.908596399999999704e+01 -1.055722566666666573e+01
2.188313943333333498e+02 6.081206133333333241e+01 -6.375831999999999944e+00
2.095165283333333264e+02 6.167650233333333176e+01 -3.887800433333332961e+01
2.115808926666666991e+02 5.901823233333333718e+01 -1.677214999999999989e+01
2.108784703333333255e+02 6.022398499999999899e+01 -2.229565766666666704e+01
2.076376810000000148e+02 5.807511166666666469e+01 -2.587727166666666889e+01
2.084726596666666580e+02 6.230417200000000122e+01 -8.038929366666667420e+01
2.082739339999999686e+02 5.714700433333333507e+01 -1.667744133333333423e+01
2.121094669999999951e+02 6.163316366666666823e+01 -2.616979699999999909e+01
2.103674936666666611e+02 5.840871766666666787e+01 -1.749256033333333349e+01
2.070437150000000202e+02 5.969917733333333132e+01 -7.044476233333334392e+01
2.087938176666666550e+02 5.882722400000000107e+01 -2.599512266666666349e+01
2.127237746666666283e+02 6.192628633333333710e+01 -2.539442266666666725e+01
2.078445763333333218e+02 5.790263866666666814e+01 -2.384866466666666440e+01
2.044122186666666892e+02 5.507542799999999517e+01 -1.070643266666666626e+01
2.014906690000000253e+02 5.417919633333332996e+01 -1.090354666666666539e+01
2.140537689999999884e+02 6.141178033333333275e+01 -2.258777566666666914e+01
2.119805146666666644e+02 5.827232533333333464e+01 -1.309758099999999992e+01
2.150027460000000019e+02 5.998928633333333238e+01 -1.444431833333333337e+01
2.072850873333333368e+02 5.676771366666665841e+01 -1.739191200000000137e+01
2.031112783333333311e+02 5.630503366666666665e+01 -3.858807566666666844e+01
2.144548393333333536e+02 6.315605733333332950e+01 -5.332200800000000385e+01
2.051001323333333346e+02 5.508796833333332899e+01 -7.699461999999999584e+00
2.112433266666666896e+02 6.359839366666667360e+01 -8.949030199999999979e+01
2.097662629999999808e+02 5.769371300000000247e+01 -1.572434433333333459e+01
2.055002163333333556e+02 5.652186133333333373e+01 -2.202662866666666730e+01
2.118582989999999882e+02 6.307985766666666905e+01 -5.415537199999999984e+01
2.065113669999999786e+02 5.839934466666667134e+01 -4.364570533333333202e+01
2.091231623333333403e+02 5.712683733333333436e+01 -1.129765166666666687e+01
2.160094610000000159e+02 6.188194399999999717e+01 -4.096164999999999878e+01
2.106197673333333285e+02 5.891069666666666649e+01 -1.769845433333333418e+01
2.136409620000000302e+02 6.176111166666666463e+01 -2.443914300000000139e+01
2.047072246666666615e+02 5.750904733333333496e+01 -5.280070166666666864e+01
2.107211079999999868e+02 5.902933999999999770e+01 -1.767184999999999917e+01
2.098563946666666595e+02 6.068257700000000199e+01 -2.799471933333333595e+01
2.020443763333333607e+02 5.564742400000000089e+01 -3.479427299999999690e+01
2.024042136666666636e+02 5.503189400000000120e+01 -1.881043833333333382e+01
2.096048140000000046e+02 5.936334466666666998e+01 -2.312449033333333759e+01
2.131812916666666808e+02 6.184463699999999875e+01 -2.451873566666666804e+01
2.037983883333333495e+02 5.600171166666666522e+01 -2.352994200000000191e+01
2.135965103333333275e+02 5.934500033333333135e+01 -1.169799699999999909e+01
2.097055159999999887e+02 5.989111733333333376e+01 -2.348382733333333405e+01
2.184683813333333546e+02 6.099794499999999431e+01 -8.268953999999999027e+00
2.116303563333333386e+02 5.887395266666666771e+01 -1.635874233333333549e+01
2.063919436666666627e+02 5.909369000000000227e+01 -6.673701033333333044e+01
2.104189313333333473e+02 6.030583366666666478e+01 -2.426466666666667038e+01
2.082640696666666429e+02 6.213858499999999907e+01 -8.289369466666666142e+01
2.027988206666666713e+02 5.470039466666666073e+01 -1.289784166666666465e+01
2.139406579999999849e+02 6.211706033333333465e+01 -2.911239300000000085e+01
2.089919806666666773e+02 6.221980233333332677e+01 -6.035872933333333634e+01
2.099091503333333151e+02 5.971810033333333223e+01 -2.162742099999999823e+01
2.135424556666666831e+02 6.002535999999999916e+01 -1.540725033333333194e+01
2.074702089999999828e+02 5.633145266666667084e+01 -1.282440400000000125e+01
2.104691153333333205e+02 5.770635800000000160e+01 -1.455576266666666641e+01
2.128261050000000125e+02 6.163771100000000303e+01 -2.358839999999999648e+01
2.191871846666666670e+02 6.128661166666666560e+01 -1.166044300000000078e+01
2.099222450000000038e+02 6.135253999999999763e+01 -3.276761533333333887e+01
2.127654283333333467e+02 6.284050799999999981e+01 -3.856464366666666876e+01
2.032526066666666793e+02 5.682022066666667115e+01 -5.372284766666666656e+01
2.061235143333333326e+02 5.573804933333334333e+01 -1.135123099999999852e+01
2.089334703333333039e+02 6.084454133333333203e+01 -3.656182333333333645e+01
2.004129823333333604e+02 5.462312566666667379e+01 -2.504888200000000253e+01
2.004358503333333203e+02 5.514646066666666258e+01 -3.955582166666666666e+01
2.080273059999999816e+02 5.705272500000000235e+01 -1.754486033333333239e+01
2.139592923333333374e+02 6.279514266666666344e+01 -3.991376366666666797e+01
2.128267916666666508e+02 6.123307466666667409e+01 -2.164118600000000470e+01
2.170148053333333280e+02 6.117432099999999906e+01 -1.427486500000000014e+01
2.002634746666666672e+02 5.489846200000000209e+01 -3.375125333333333089e+01
2.136803040000000067e+02 6.330639200000000955e+01 -5.091753666666667044e+01
2.116865909999999928e+02 6.270331733333333091e+01 -4.254311299999999818e+01
2.067975343333333456e+02 5.958873099999999567e+01 -7.501918100000000322e+01
2.088583779999999877e+02 5.786052933333332504e+01 -1.960277866666666569e+01
2.064938276666666752e+02 5.960657066666666282e+01 -8.882357166666666615e+01
2.048972956666666505e+02 5.826081666666666337e+01 -8.144340366666666853e+01
2.096870826666666687e+02 6.279416599999999704e+01 -7.219290933333333271e+01
2.008631266666666590e+02 5.483968033333334091e+01 -2.669404533333333518e+01
2.022007583333333116e+02 5.521362866666666491e+01 -2.365771499999999961e+01
2.077603336666666962e+02 5.737041433333333629e+01 -2.141588400000000192e+01
2.103667226666666465e+02 5.963629766666667109e+01 -1.935480433333333394e+01
2.088453013333333672e+02 6.152961033333332352e+01 -4.745028400000000346e+01
2.178959246666666729e+02 6.156538733333332658e+01 -1.771721900000000005e+01
2.126430866666666759e+02 5.924705999999999761e+01 -1.462368466666666755e+01
2.029794223333333321e+02 5.747053399999999357e+01 -9.548146333333333757e+01
2.120670546666666780e+02 6.290690433333332976e+01 -4.577799066666666050e+01
2.085839740000000120e+02 5.941005133333333532e+01 -2.911078466666667097e+01
2.092020086666666714e+02 6.199841566666666637e+01 -4.937970599999999877e+01
2.164417170000000112e+02 6.155135799999999335e+01 -2.826154633333333166e+01
2.102908520000000010e+02 6.154154333333332971e+01 -3.356630933333332933e+01
2.110263643333333619e+02 5.938468900000000161e+01 -1.789786600000000050e+01
2.198296956666666802e+02 6.138893066666665987e+01 -1.327843699999999849e+01
2.049520929999999908e+02 5.511185299999999643e+01 -8.339610666666667171e+00
2.096543960000000197e+02 6.003697000000000372e+01 -2.442994966666666912e+01
2.093701646666666818e+02 5.721675066666666254e+01 -1.168699233333333432e+01
2.049193713333333164e+02 5.689782866666666905e+01 -3.335576999999999970e+01
2.131877183333333505e+02 6.062904999999999944e+01 -1.867033899999999846e+01
2.128970160000000078e+02 5.933913466666666636e+01 -1.388508299999999984e+01
2.111262710000000027e+02 5.909553766666666519e+01 -1.731654733333333240e+01
2.132312713333333249e+02 6.008659666666665800e+01 -1.603590766666666667e+01
2.097094823333333409e+02 5.866243566666665998e+01 -2.152708599999999706e+01
2.026511356666666472e+02 5.554645199999999505e+01 -2.471409433333333538e+01
2.143446003333333465e+02 6.218893200000000121e+01 -3.336682566666666361e+01
2.051588613333333342e+02 5.562963033333333129e+01 -1.134280966666666757e+01
2.066566899999999976e+02 5.878461399999999770e+01 -4.914947566666666035e+01
2.101123359999999991e+02 5.995403533333333712e+01 -2.207558500000000024e+01
2.142289140000000032e+02 5.938021166666666772e+01 -1.079051299999999891e+01
2.140667689999999936e+02 6.058546199999999970e+01 -1.777412633333333147e+01
2.130170090000000016e+02 5.985805133333332861e+01 -1.535034166666666700e+01
2.040525753333332943e+02 5.734015533333333536e+01 -5.968271966666666373e+01
2.110286676666666779e+02 5.979147133333333386e+01 -1.924717599999999962e+01
2.107823586666666813e+02 6.091654466666667389e+01 -2.743235500000000116e+01
2.114481586666666715e+02 6.342901866666667132e+01 -7.573823966666667218e+01
2.085847423333333381e+02 6.022349833333333891e+01 -3.516692199999999957e+01
2.117409693333333109e+02 5.980507499999999510e+01 -1.845359000000000194e+01
2.130693783333333329e+02 6.255119799999999941e+01 -3.130214566666667153e+01
2.027045853333333127e+02 5.581281300000000556e+01 -2.978754100000000449e+01
2.028022929999999917e+02 5.634739099999999468e+01 -4.447731900000000138e+01
2.079630233333333251e+02 5.993797433333333657e+01 -4.531896933333333521e+01
2.096120766666666668e+02 5.813314766666666600e+01 -1.916538966666666610e+01
2.169723346666666828e+02 6.198283066666666485e+01 -3.883905633333333896e+01
2.069057549999999992e+02 5.929726066666666640e+01 -5.869795333333333787e+01
2.064257386666666605e+02 5.786547400000000607e+01 -3.517959966666666105e+01
2.086528703333333397e+02 5.803398033333333927e+01 -2.205995400000000117e+01
2.195477913333333220e+02 6.137086266666666035e+01 -1.288693166666666734e+01
2.112480506666666713e+02 6.165005733333333637e+01 -3.209576200000000057e+01
2.193235933333333207e+02 6.148258400000000279e+01 -1.462651533333333553e+01
2.114262076666666417e+02 5.822767533333333745e+01 -1.431827666666666765e+01
2.172704976666666710e+02 6.084308866666666660e+01 -8.727167333333332166e+00
2.062368046666666714e+02 5.950685866666666612e+01 -9.416477400000000841e+01
2.102171449999999879e+02 5.802463066666666691e+01 -1.685100999999999871e+01
2.073092283333333228e+02 6.020854066666666426e+01 -7.756989199999999585e+01
2.113473470000000134e+02 6.136203000000000429e+01 -2.968635500000000249e+01
2.021085333333333267e+02 5.667821433333332948e+01 -7.141831733333333432e+01
2.057177613333333284e+02 5.634933499999999640e+01 -1.875471633333333443e+01
2.038907636666666576e+02 5.570031066666666675e+01 -1.857548900000000103e+01
2.106355113333333122e+02 6.329782733333333766e+01 -8.529784300000000030e+01
2.143267120000000148e+02 6.025154099999999602e+01 -1.633594533333333132e+01
2.117815036666666799e+02 5.884858533333332531e+01 -1.602172499999999999e+01
2.057172290000000032e+02 5.567060433333332981e+01 -1.099808266666666690e+01
2.088377063333333297e+02 5.677153599999999756e+01 -1.044730899999999885e+01
2.125127773333333323e+02 6.251590100000000660e+01 -3.245944566666666731e+01
2.144209596666666755e+02 6.078876533333333754e+01 -1.863931566666666484e+01
2.122103696666666508e+02 6.093933999999999429e+01 -2.253102366666666967e+01
2.097988420000000076e+02 6.250918300000000016e+01 -5.794067633333332878e+01
2.045216783333333694e+02 5.640114200000000011e+01 -2.526842200000000105e+01
2.056242670000000032e+02 5.555002400000000051e+01 -9.945870666666666082e+00
2.080387690000000021e+02 6.100639066666666821e+01 -6.386432700000000295e+01
2.073773489999999811e+02 5.621160000000000423e+01 -1.206221099999999957e+01
2.066335253333333242e+02 5.769430966666666194e+01 -3.062619933333333222e+01
2.143509096666666665e+02 6.327658733333333174e+01 -5.512225233333333563e+01
2.191188753333333352e+02 6.168368099999999998e+01 -1.793868466666666706e+01
2.094506816666666964e+02 6.021040933333333811e+01 -2.617950733333333346e+01
2.141725756666666882e+02 5.986940166666666840e+01 -1.435955166666666649e+01
2.138099296666666760e+02 6.050398300000000518e+01 -1.757768400000000142e+01
2.110786623333333409e+02 5.964720366666666251e+01 -1.858240866666666591e+01
2.193359250000000031e+02 6.124665533333333656e+01 -1.102217133333333265e+01
2.020245133333333172e+02 5.606440033333333162e+01 -4.691940500000000469e+01
2.017443076666666855e+02 5.466399699999999484e+01 -1.734936133333333430e+01
2.037407986666666773e+02 5.517096366666666540e+01 -1.431555566666666657e+01
2.100111126666666621e+02 5.942725866666665979e+01 -2.044948033333333015e+01
2.099169289999999819e+02 5.766638199999999870e+01 -1.561783699999999975e+01
2.167703663333333282e+02 6.065810833333333107e+01 -8.796681000000001305e+00
2.081143949999999734e+02 6.211864766666666782e+01 -8.934602533333332985e+01
2.143057586666666339e+02 6.150221599999999711e+01 -2.424382366666666755e+01
2.051339246666666440e+02 5.535985733333333059e+01 -9.199367333333333008e+00
2.120342333333333329e+02 5.894221666666666692e+01 -1.573015666666666590e+01
2.102656003333333103e+02 6.033376833333333167e+01 -2.485348033333333362e+01
2.067744433333333234e+02 5.808285000000000053e+01 -3.477628033333333946e+01
2.156273243333333482e+02 6.140424733333333052e+01 -2.587720433333332792e+01
2.031880210000000204e+02 5.478325233333333699e+01 -1.256867100000000015e+01
2.146910606666666581e+02 6.239903666666666737e+01 -4.060151433333333415e+01
2.110880509999999788e+02 6.086353900000000294e+01 -2.623312799999999712e+01
2.115994273333333240e+02 6.228865766666666559e+01 -3.396417900000000145e+01
2.147186583333333374e+02 6.114778599999999642e+01 -2.158019733333333434e+01
2.124188299999999856e+02 6.197988066666666640e+01 -2.648716866666666547e+01
2.068455676666666534e+02 5.575662666666666922e+01 -9.928467666666668023e+00
2.104188996666666753e+02 5.744045766666666708e+01 -1.314532566666666646e+01
2.089417696666666870e+02 6.002573166666666538e+01 -2.857273600000000258e+01
2.086555366666666771e+02 5.627572599999999881e+01 -8.218507333333333165e+00
2.052112326666666604e+02 5.616078600000000165e+01 -1.756709566666667044e+01
2.080921509999999728e+02 6.170200600000000435e+01 -7.747184966666667094e+01
2.158924773333333178e+02 6.108407833333333059e+01 -1.814365466666666293e+01
2.076829463333333479e+02 5.834151099999999701e+01 -2.748143899999999817e+01
2.105955573333333462e+02 6.189717666666666673e+01 -3.743861366666666868e+01
2.094008083333333161e+02 5.953611666666666480e+01 -2.433626566666666591e+01
2.088774676666666892e+02 5.703781699999999688e+01 -1.172633399999999959e+01
2.029035820000000001e+02 5.433931200000000672e+01 -9.309912999999999883e+00
2.085996103333333167e+02 5.817993533333333289e+01 -2.325475766666666644e+01
2.141854419999999948e+02 6.324774266666666023e+01 -5.270649999999999835e+01
2.088395596666666734e+02 5.949982900000000541e+01 -2.725097766666666743e+01
2.091170583333333468e+02 6.249047633333333351e+01 -6.793914633333332631e+01
2.110929350000000113e+02 6.126918333333333067e+01 -2.978186833333333183e+01
2.113981226666666373e+02 6.317061433333333298e+01 -6.411278299999999319e+01
2.130614343333333238e+02 6.370018599999999509e+01 -6.499025799999999720e+01
2.153530090000000143e+02 6.213572300000000581e+01 -4.282058699999999618e+01
2.119304519999999741e+02 5.841622000000000270e+01 -1.398678433333333260e+01
2.083286586666666835e+02 5.932095933333332738e+01 -3.133620133333333158e+01
2.104179120000000012e+02 5.989909166666667062e+01 -2.080681366666666676e+01
2.186193909999999789e+02 6.146061666666667378e+01 -1.447239900000000112e+01
2.096184033333333048e+02 5.730779766666665864e+01 -1.272197166666666668e+01
2.092666916666666737e+02 5.751154999999999973e+01 -1.415366333333333237e+01
2.055756656666666515e+02 5.826393100000000658e+01 -6.026873100000000250e+01
2.064393979999999829e+02 5.636405266666667302e+01 -1.621671966666666620e+01
2.093228149999999914e+02 5.694888900000000120e+01 -9.810020666666666500e+00
2.045494843333333392e+02 5.544294633333333167e+01 -1.259163999999999817e+01
2.088518013333333272e+02 5.827107200000000375e+01 -2.313898033333333260e+01
2.148716899999999725e+02 6.111982133333333422e+01 -2.138261066666666821e+01
2.099127416666666761e+02 5.848941233333332690e+01 -1.984874833333333299e+01
2.127753539999999930e+02 6.097333766666667287e+01 -2.074467166666666529e+01
2.033632373333333305e+02 5.555663733333333454e+01 -1.974646500000000060e+01
2.073205016666666722e+02 5.703410333333334137e+01 -2.004022666666666552e+01
2.174428049999999928e+02 6.178596933333333396e+01 -2.654038500000000056e+01
2.040679873333333489e+02 5.801921666666666511e+01 -9.566163233333332983e+01
2.126445993333333320e+02 6.364633133333333603e+01 -6.633562566666665816e+01
2.012382470000000012e+02 5.555238599999999138e+01 -4.404611566666667244e+01
2.075683139999999867e+02 5.905005566666667249e+01 -3.829961166666666372e+01
2.106291369999999858e+02 6.094352466666666857e+01 -2.798106233333333037e+01
2.024965166666666789e+02 5.597702400000000011e+01 -3.674991566666666643e+01
2.075712170000000185e+02 5.577971400000000557e+01 -7.390413666666667325e+00
2.080960019999999986e+02 5.799572299999999814e+01 -2.333020333333333340e+01
2.174696373333333383e+02 6.108122533333332882e+01 -1.101504233333333183e+01
2.077965776666666500e+02 6.094811066666667188e+01 -7.327846033333332798e+01
2.112407869999999832e+02 6.083727700000000027e+01 -2.562156299999999831e+01
2.072984519999999975e+02 5.979402300000000281e+01 -6.414336766666666279e+01
2.030653803333333371e+02 5.603235066666666597e+01 -3.138174366666666515e+01
2.110746733333333225e+02 5.883205099999999987e+01 -1.686791799999999952e+01
2.077219989999999825e+02 5.710388999999999982e+01 -1.942858366666666470e+01
2.111869470000000035e+02 6.253706966666666744e+01 -4.335661200000000548e+01
2.138871046666666587e+02 6.226229433333332963e+01 -3.049279733333333198e+01
2.080543509999999969e+02 6.197223100000000073e+01 -8.726765699999999981e+01
2.098148863333333338e+02 5.795941733333333445e+01 -1.748961166666666500e+01
2.089447676666666496e+02 6.207612000000000307e+01 -5.696298333333333375e+01
2.100616670000000283e+02 5.969078066666666160e+01 -2.070217566666666542e+01
2.126004046666666625e+02 6.277949833333332919e+01 -3.786782466666667091e+01
2.141931033333333119e+02 6.221327299999999383e+01 -3.234184033333333019e+01
2.112556126666666785e+02 6.203785400000000294e+01 -3.451597533333332990e+01
2.068210020000000213e+02 5.684404233333333423e+01 -1.951505200000000073e+01
2.046629736666666588e+02 5.722629866666667198e+01 -4.462493666666666314e+01
2.110226386666666656e+02 5.733999933333333843e+01 -9.759380999999999418e+00
2.186203726666666682e+02 6.097060566666667114e+01 -7.938696000000000197e+00
2.133673510000000135e+02 6.405584466666665833e+01 -7.757001366666666797e+01
2.081473213333333376e+02 6.184700533333332828e+01 -7.887828633333333528e+01
2.115460339999999917e+02 6.078479366666666550e+01 -2.429871433333333641e+01
2.117949273333333622e+02 6.006631566666666799e+01 -1.944378766666666891e+01
2.096184103333333439e+02 5.689183133333333586e+01 -9.514453333333333873e+00
2.006336680000000285e+02 5.582891000000000759e+01 -6.821130233333333592e+01
2.033745859999999936e+02 5.739864833333333394e+01 -7.987295533333333708e+01
2.181698683333333122e+02 6.106918999999999897e+01 -9.222990666666666115e+00
2.075690223333333222e+02 5.712936099999999584e+01 -2.023014000000000223e+01
2.026382710000000031e+02 5.448036166666665991e+01 -1.120781733333333285e+01
2.069409966666666776e+02 5.655267799999999312e+01 -1.624805666666666681e+01
2.096612033333333329e+02 6.126531766666666812e+01 -3.343465166666666732e+01
2.119420623333333253e+02 5.963583233333332601e+01 -1.768086266666666617e+01
2.131700926666666476e+02 5.983070599999999928e+01 -1.489121533333333325e+01
2.090743256666666809e+02 5.643481733333333494e+01 -7.353669666666665883e+00
2.136544596666666678e+02 6.053668799999999806e+01 -1.781706333333333347e+01
2.116514333333333298e+02 6.130941400000000385e+01 -2.772739866666666941e+01
2.084358969999999829e+02 6.065603766666666985e+01 -4.437999933333333047e+01
2.009316576666666663e+02 5.587266633333333488e+01 -6.269944466666666472e+01
2.057709190000000206e+02 5.810683833333333581e+01 -5.021965600000000762e+01
2.022603293333333170e+02 5.711038233333332670e+01 -9.162035900000000765e+01
2.095646473333333404e+02 5.662198133333333772e+01 -7.315408666666666448e+00
2.004830790000000036e+02 5.580988666666667086e+01 -7.082350800000000390e+01
2.187270839999999907e+02 6.134556200000000104e+01 -1.268129666666666822e+01
2.167158553333333657e+02 6.080730366666666242e+01 -1.000129100000000015e+01
2.109413736666666637e+02 6.129521199999999936e+01 -3.033300200000000402e+01
2.077339173333333520e+02 6.150670466666665703e+01 -9.138810266666666848e+01
2.065940576666666573e+02 5.566125833333332906e+01 -9.859138333333334003e+00
2.115040286666666418e+02 6.174474566666666675e+01 -3.085786699999999882e+01
2.100120266666666851e+02 5.901793533333333386e+01 -2.052709533333333525e+01
2.002508000000000266e+02 5.416092566666666386e+01 -1.614365166666666696e+01
2.006790356666666639e+02 5.528648999999999347e+01 -4.176646666666666619e+01
2.154135606666666547e+02 6.006017099999999687e+01 -1.356544766666666568e+01
2.036366126666666787e+02 5.448947600000000335e+01 -8.910020666666666145e+00
2.190721956666666586e+02 6.091177400000000119e+01 -7.113686333333333778e+00
2.099622086666666689e+02 5.875381699999999796e+01 -2.043240100000000226e+01
2.064686820000000296e+02 5.595249899999999599e+01 -1.248178599999999960e+01
2.132899276666666708e+02 6.114775266666666909e+01 -2.065733933333333638e+01
2.066474960000000181e+02 5.728146100000000018e+01 -2.497638066666666745e+01
2.111783993333333456e+02 5.935851966666666613e+01 -1.775093666666666437e+01
2.122528549999999825e+02 5.998880733333333382e+01 -1.813709466666666614e+01
2.081794089999999926e+02 5.702701099999999457e+01 -1.643212199999999967e+01
2.068146719999999732e+02 5.549142933333333616e+01 -7.433602666666668135e+00
2.164218813333333173e+02 6.044232833333333588e+01 -9.691086000000000311e+00
2.095883089999999811e+02 6.155196166666667068e+01 -3.670623033333333041e+01
2.086335980000000063e+02 6.165388066666665878e+01 -5.532245566666666292e+01
2.146735733333333371e+02 6.087903666666667135e+01 -1.919197300000000084e+01
2.122323516666666592e+02 5.836675533333333732e+01 -1.280683233333333249e+01
2.130532326666666734e+02 6.385365433333333129e+01 -7.097069800000001294e+01
2.119000290000000177e+02 6.375536733333333927e+01 -8.290736866666667026e+01
2.109634653333333461e+02 6.227208633333333410e+01 -4.035522199999999771e+01
2.048558133333333444e+02 5.498864533333333071e+01 -8.111641000000000545e+00
2.077806280000000072e+02 5.695788233333333750e+01 -1.784882666666666751e+01
2.029063900000000160e+02 5.564389766666666759e+01 -2.424170700000000167e+01
2.079016016666666644e+02 5.666618833333333782e+01 -1.469741333333333522e+01
2.084812090000000069e+02 6.010647566666667529e+01 -3.570002366666666660e+01
2.097074633333333225e+02 5.907225833333333043e+01 -2.247613766666666990e+01
2.077208036666666828e+02 6.108778033333333468e+01 -8.078933433333332914e+01
2.192877660000000049e+02 6.074216799999999949e+01 -5.439121333333333475e+00
2.135578610000000026e+02 5.948896633333333739e+01 -1.253875099999999954e+01
2.143673980000000086e+02 6.093783433333333477e+01 -1.949925199999999847e+01
2.134768499999999847e+02 5.977301366666666382e+01 -1.412894966666666541e+01
2.137245570000000043e+02 6.269745866666666956e+01 -3.598338266666667096e+01
2.129241843333333293e+02 6.216408333333333758e+01 -2.679952433333333417e+01
2.136989066666666588e+02 6.345924700000000485e+01 -5.567049066666666590e+01
2.046987890000000050e+02 5.595987233333332966e+01 -1.685291399999999840e+01
2.155160563333333528e+02 6.169962866666667622e+01 -3.309432166666666575e+01
2.098672179999999798e+02 5.698533933333333579e+01 -1.048758966666666659e+01
2.146438550000000305e+02 6.256139866666666194e+01 -4.311900133333333685e+01
2.043194956666666542e+02 5.552903500000000037e+01 -1.460388700000000028e+01
2.100168290000000013e+02 5.778585499999999797e+01 -1.623893399999999687e+01
2.157502956666666876e+02 6.069377099999999814e+01 -1.416323933333333507e+01
2.105347726666666404e+02 6.214719166666666439e+01 -4.173226700000000022e+01
2.128732633333333126e+02 6.028529699999999281e+01 -1.766468933333333169e+01
2.119907146666666904e+02 5.949224500000000404e+01 -1.723556066666666808e+01
2.100660203333333129e+02 5.805147500000000349e+01 -1.742967499999999959e+01
2.109848063333332959e+02 6.074611266666666864e+01 -2.561294733333333440e+01
2.107723553333333655e+02 5.929274699999999854e+01 -1.794208766666666577e+01
2.128188826666666671e+02 6.245482866666666411e+01 -3.022432133333333582e+01
2.154185906666666597e+02 6.157692099999999868e+01 -2.974702966666666626e+01
2.087995659999999987e+02 6.206105700000000525e+01 -6.042128766666667161e+01
2.078990346666666653e+02 5.775659166666667232e+01 -2.294975300000000118e+01
2.161668046666667067e+02 6.185654333333334165e+01 -4.042771633333332915e+01
2.031621573333333401e+02 5.438713866666666519e+01 -9.172378333333334410e+00
2.140186989999999980e+02 5.924574033333333745e+01 -1.014902733333333451e+01
2.063004589999999610e+02 5.856848333333334011e+01 -5.196473133333333294e+01
2.170666459999999915e+02 6.102454399999999879e+01 -1.145179366666666709e+01
2.061427096666666614e+02 5.709303899999999743e+01 -2.540804833333333690e+01
2.139069640000000163e+02 6.102896233333333953e+01 -1.980249899999999741e+01
2.109723303333333604e+02 5.707527166666667284e+01 -6.719550666666665784e+00
2.076263006666666513e+02 5.630642199999999775e+01 -1.223623599999999989e+01
2.059985513333333529e+02 5.603069300000000652e+01 -1.432456666666666756e+01
2.175211343333333218e+02 6.093192866666666418e+01 -8.980106666666666015e+00
2.091565433333333601e+02 5.821589299999999412e+01 -2.157307933333332883e+01
2.153756400000000042e+02 6.130826733333333323e+01 -2.405536033333332924e+01
2.083547929999999724e+02 6.201226566666667139e+01 -7.462115133333333006e+01
2.005168369999999811e+02 5.527728499999999912e+01 -4.313408433333333392e+01
2.012744336666666811e+02 5.632821166666666812e+01 -7.687635366666667380e+01
2.070714713333333350e+02 5.844535733333333383e+01 -3.574640033333333378e+01
2.191080699999999979e+02 6.050679000000000229e+01 -4.185152333333333807e+00
2.168917536666666592e+02 6.185783399999999688e+01 -3.559562199999999876e+01
2.107206043333333128e+02 5.780027300000000423e+01 -1.400483366666666818e+01
2.097721396666666749e+02 6.138088233333333932e+01 -3.377139333333332871e+01
2.078168123333333313e+02 6.038061333333333636e+01 -5.898896066666666371e+01
2.123700800000000015e+02 6.253035466666667475e+01 -3.340123966666666888e+01
2.081949730000000045e+02 5.811508200000000102e+01 -2.367401299999999864e+01
2.007256396666666660e+02 5.569896133333332955e+01 -5.843438033333333692e+01
2.174219590000000153e+02 6.081252466666666834e+01 -8.093970999999999805e+00
2.048955296666666754e+02 5.526038199999999989e+01 -9.448370999999999853e+00
2.140863726666666480e+02 6.336585633333333334e+01 -5.501629833333333153e+01
2.121306083333333561e+02 6.242996133333333120e+01 -3.268157266666666771e+01
2.135458406666666633e+02 6.123484733333333452e+01 -2.091522799999999904e+01
2.098785080000000107e+02 6.302310466666666144e+01 -8.234257133333333911e+01
2.074157766666666305e+02 5.907694000000000045e+01 -4.120365966666666679e+01
2.023886246666666864e+02 5.443952933333333277e+01 -1.149943433333333331e+01
2.055610673333333125e+02 5.878536633333333583e+01 -8.413904133333333846e+01
2.154307023333333291e+02 6.116103666666666783e+01 -2.133781600000000367e+01
2.151673346666666475e+02 6.148172600000000187e+01 -2.713799199999999701e+01
2.130338543333333234e+02 6.340790733333333407e+01 -5.471432166666667030e+01
2.029871760000000052e+02 5.495094800000000390e+01 -1.477450433333333457e+01
2.127240383333333114e+02 6.111705000000000609e+01 -2.141577399999999898e+01
2.036240659999999991e+02 5.563238533333333180e+01 -1.925734633333333434e+01
2.127731039999999894e+02 6.218963533333333515e+01 -2.722611933333333312e+01
2.122653316666666399e+02 6.200753000000000270e+01 -2.718752966666666637e+01
2.035912050000000306e+02 5.660413700000000148e+01 -4.035635066666666404e+01
2.188650433333333467e+02 6.107666933333333503e+01 -9.038458999999999577e+00
2.160031566666666549e+02 6.079004166666666720e+01 -1.346127100000000176e+01
2.196216739999999845e+02 6.123753866666666568e+01 -1.088568699999999900e+01
2.027919616666666514e+02 5.510498600000000380e+01 -1.724028133333333201e+01
2.111247493333333125e+02 5.868722766666667212e+01 -1.648696133333333336e+01
2.017423763333333397e+02 5.529007033333333965e+01 -3.089564599999999928e+01
2.180454676666666671e+02 6.153397733333332553e+01 -1.655586200000000119e+01
2.186555396666666695e+02 6.121885199999999827e+01 -1.088940166666666620e+01
2.109723756666666361e+02 5.789442066666666875e+01 -1.363785766666666710e+01
2.085872109999999964e+02 6.063079566666667120e+01 -4.037688933333333097e+01
2.088913673333333634e+02 5.935453266666666394e+01 -2.667452233333333922e+01
2.156687359999999956e+02 6.167410466666666480e+01 -3.294517899999999599e+01
2.095018463333333330e+02 6.006434733333333043e+01 -2.522100266666666712e+01
2.121002863333333153e+02 6.358389733333333282e+01 -7.143598566666666727e+01
2.099675079999999809e+02 5.751972500000000110e+01 -1.472578766666666716e+01
2.054490426666666565e+02 5.776838866666665950e+01 -4.617381100000000060e+01
2.064375123333333306e+02 5.745251466666667284e+01 -2.840576266666666427e+01
2.035963626666666642e+02 5.521659166666665897e+01 -1.521581033333333188e+01
2.141606426666666891e+02 6.111635433333333367e+01 -2.050326199999999943e+01
2.113255029999999977e+02 5.729149000000000314e+01 -7.820979666666666219e+00
2.193296030000000201e+02 6.034564866666666916e+01 -3.514549999999999841e+00
2.071968006666666895e+02 5.967301133333332785e+01 -6.365691466666666543e+01
2.101141390000000229e+02 5.872677633333333347e+01 -1.949913433333333401e+01
2.197414129999999943e+02 6.177976533333333009e+01 -1.963730400000000031e+01
2.116780176666667046e+02 5.791437033333333062e+01 -1.177200133333333376e+01
2.047961956666666481e+02 5.608455566666666670e+01 -1.807226199999999849e+01
2.019941216666666435e+02 5.579176199999999852e+01 -3.917274466666666655e+01
2.049043556666666746e+02 5.484261766666666205e+01 -7.428044333333332361e+00
2.038568163333333416e+02 5.469860400000001022e+01 -9.978450333333332978e+00
2.030512779999999964e+02 5.695336366666666805e+01 -6.347944300000000339e+01
2.039226603333333117e+02 5.496346133333333484e+01 -1.190770733333333453e+01
2.036228813333333392e+02 5.743115800000000348e+01 -7.506708266666666418e+01
2.042837370000000021e+02 5.818665000000000731e+01 -9.843558799999999565e+01
2.095518926666666459e+02 6.032918433333333041e+01 -2.648119633333333311e+01
2.090631246666666812e+02 5.768644666666667575e+01 -1.665386933333333275e+01
2.087493336666666721e+02 6.260967533333333535e+01 -8.445458733333333612e+01
2.055519239999999854e+02 5.788127233333333521e+01 -4.747837799999999930e+01
2.089930073333333382e+02 6.028955066666666340e+01 -2.994591966666666849e+01
2.093962679999999921e+02 6.076945900000000478e+01 -3.063054966666666701e+01
2.064942556666666462e+02 5.921373966666666888e+01 -6.832566800000000740e+01
2.088421793333333483e+02 5.909108633333332961e+01 -2.654062533333333462e+01
2.092494846666666888e+02 5.915416633333333607e+01 -2.481654966666666340e+01
2.026451773333333222e+02 5.512538466666666181e+01 -1.834363733333333357e+01
2.019122896666666520e+02 5.486258233333332868e+01 -1.983916199999999819e+01
2.035353943333333291e+02 5.634121966666666737e+01 -3.376651066666666878e+01
2.024091536666666400e+02 5.673631333333332805e+01 -6.747161666666666235e+01
2.134905566666666630e+02 5.922993633333333463e+01 -1.141017099999999829e+01
2.049487743333333185e+02 5.761681833333333458e+01 -5.181806199999999762e+01
2.117900580000000161e+02 5.966143299999999527e+01 -1.796166266666666544e+01
2.144855703333333565e+02 5.979683733333333606e+01 -1.383800733333333177e+01
2.110229419999999720e+02 5.815896066666666542e+01 -1.485518300000000202e+01
2.094102756666666494e+02 6.245701399999999381e+01 -6.091343399999999519e+01
2.089697323333333259e+02 6.248739766666667350e+01 -7.146374833333332788e+01
2.078013303333333397e+02 5.763667899999999378e+01 -2.282535166666666626e+01
2.126261566666666738e+02 6.339037933333332830e+01 -5.712434233333332401e+01
2.012755043333333163e+02 5.417793566666666294e+01 -1.148738800000000104e+01
2.079696206666666569e+02 5.719872033333333405e+01 -1.902662933333333228e+01
2.019219353333333231e+02 5.693849800000000272e+01 -9.101926233333334437e+01
2.053825540000000274e+02 5.681577566666666712e+01 -2.751808566666666778e+01
2.099342799999999727e+02 6.288212333333333248e+01 -7.330936533333333216e+01
2.149259836666666672e+02 6.097164133333333069e+01 -1.982865833333333683e+01
2.124732559999999921e+02 6.224149433333332837e+01 -2.854387733333333088e+01
2.089415123333333213e+02 5.961768133333333708e+01 -2.683151900000000012e+01
2.136516709999999932e+02 6.094309566666666456e+01 -1.947408166666666673e+01
2.081873763333333329e+02 5.852675099999999730e+01 -2.624461800000000267e+01
2.104350403333333190e+02 6.306397799999999876e+01 -7.540182166666666319e+01
2.023100596666666604e+02 5.491817199999999843e+01 -1.788506733333333187e+01
2.071901723333333791e+02 5.773957033333334010e+01 -2.701358566666667116e+01
2.021908233333333271e+02 5.642752233333333578e+01 -5.799641599999998931e+01
2.042670863333333671e+02 5.512061133333332918e+01 -1.174860933333333435e+01
2.083935863333333316e+02 5.835325033333333522e+01 -2.464464833333333260e+01
2.117361423333333335e+02 5.939949466666666922e+01 -1.740870833333333323e+01
2.098049606666666875e+02 6.082921066666666121e+01 -2.915813966666666701e+01
2.050222543333333363e+02 5.591940533333333718e+01 -1.487098300000000073e+01
2.042661206666666658e+02 5.779572633333333442e+01 -7.572963566666668100e+01
2.074394800000000032e+02 5.674231833333333697e+01 -1.672764599999999646e+01
2.164644120000000100e+02 6.071242833333332811e+01 -1.037998200000000004e+01
2.025273493333333192e+02 5.420880899999999514e+01 -8.989429999999998699e+00
2.183495153333333292e+02 6.144646999999999792e+01 -1.441893066666666812e+01
2.082776326666666762e+02 6.027875033333333477e+01 -4.249654499999999757e+01
2.101178936666666459e+02 5.749290400000000290e+01 -1.445554700000000103e+01
2.083476643333333413e+02 5.808821733333333981e+01 -2.322009366666666708e+01
2.144053056666666635e+02 6.301214200000000432e+01 -4.943037466666666546e+01
2.002678956666666465e+02 5.514208999999999605e+01 -4.120443566666666158e+01
2.058065560000000005e+02 5.510728999999999900e+01 -7.075776000000000288e+00
2.071906826666666745e+02 5.597203366666666824e+01 -1.065588799999999914e+01
2.193746220000000164e+02 6.086112433333332916e+01 -6.377682666666667721e+00
2.026577816666666649e+02 5.662085300000000387e+01 -5.731368366666666958e+01
2.127723450000000014e+02 6.336403999999999570e+01 -5.490777533333332627e+01
2.129765380000000050e+02 6.201800100000000526e+01 -2.567002499999999898e+01
2.071089416666666523e+02 5.720550333333333271e+01 -2.237776966666666567e+01
2.059670143333333669e+02 5.576431500000000341e+01 -1.174347600000000114e+01
2.137446656666666911e+02 5.984894033333333141e+01 -1.432325233333333436e+01
2.070039036666666732e+02 5.942288633333333792e+01 -6.051805500000000393e+01
2.120814113333333353e+02 5.798510600000000181e+01 -1.110322933333333317e+01
2.009719686666666405e+02 5.490566699999999400e+01 -2.764677899999999866e+01
2.025141116666666505e+02 5.454915466666667356e+01 -1.227724000000000082e+01
2.037802636666666558e+02 5.501400133333333287e+01 -1.283110966666666464e+01
2.088898976666666840e+02 6.057965633333333244e+01 -3.411467766666666535e+01
2.099596540000000005e+02 5.998165366666665932e+01 -2.284221766666666653e+01
2.140004689999999812e+02 6.155894900000000547e+01 -2.370751566666666577e+01
2.145813870000000350e+02 6.033992299999999886e+01 -1.656002233333333251e+01
2.097588080000000161e+02 5.892665166666666465e+01 -2.199312766666666619e+01
2.113489403333333314e+02 6.217029166666666384e+01 -3.492892266666666501e+01
2.112806486666666785e+02 6.266990100000000297e+01 -4.586496066666666138e+01
2.060859083333333217e+02 5.873488400000000098e+01 -6.315145400000000109e+01
2.065109653333333597e+02 5.689529366666666732e+01 -2.123488966666666755e+01
2.079678033333333360e+02 5.952583100000000371e+01 -3.889713766666667283e+01
2.042923570000000097e+02 5.455582600000000326e+01 -7.789071999999999996e+00
2.034325936666666621e+02 5.484930166666666906e+01 -1.247135033333333354e+01
2.056357756666666603e+02 5.690828999999999382e+01 -2.681523133333333320e+01
2.182213560000000143e+02 6.092070166666666609e+01 -7.604420666666666939e+00
2.061879700000000355e+02 5.627028033333332502e+01 -1.623166600000000059e+01
2.111047586666666973e+02 6.206628266666666605e+01 -3.622079099999999841e+01
2.088989960000000110e+02 5.853545966666666800e+01 -2.440270999999999901e+01
2.149080800000000124e+02 6.284620933333334136e+01 -5.219372999999999507e+01
2.130373646666666616e+02 5.890802566666666706e+01 -1.192697133333333248e+01
2.061293689999999970e+02 5.750349066666666431e+01 -3.142334900000000175e+01
2.021317739999999787e+02 5.440756333333333572e+01 -1.193870800000000010e+01
2.116020340000000033e+02 6.145441933333333395e+01 -2.888665466666666859e+01
2.168615966666666566e+02 6.120050200000000018e+01 -1.549163966666666603e+01
2.133869683333333285e+02 5.871327033333332679e+01 -9.450829999999999842e+00
2.040103606666666565e+02 5.622415933333333982e+01 -2.589023199999999747e+01
2.140162806666666881e+02 5.991241433333333788e+01 -1.462389766666666624e+01
2.136430983333333415e+02 6.370912599999999770e+01 -6.403090600000000165e+01
2.073191133333333482e+02 5.568365999999999616e+01 -7.394507333333333321e+00
2.064741033333333462e+02 5.662966300000000075e+01 -1.866623199999999727e+01
2.072333353333333434e+02 5.800659699999999930e+01 -2.894089833333333672e+01
2.083609886666666853e+02 5.658885466666666986e+01 -1.218859999999999921e+01
2.169514606666666623e+02 6.173004199999999742e+01 -3.046260399999999890e+01
2.104175989999999956e+02 5.867318333333333413e+01 -1.792026666666666657e+01
2.074309330000000102e+02 5.824760933333333668e+01 -2.900480566666666604e+01
2.045779546666666704e+02 5.625199833333332577e+01 -2.206909600000000182e+01
2.168147890000000189e+02 6.092941600000000335e+01 -1.093819533333333460e+01
2.123457616666666752e+02 6.367706600000000350e+01 -7.142884133333332386e+01
2.102147383333333437e+02 6.047867733333333007e+01 -2.603355099999999922e+01
2.011562516666666625e+02 5.505592200000000247e+01 -3.046380033333333515e+01
2.098608953333333318e+02 6.109000900000000200e+01 -3.090184999999999960e+01
2.118036773333333258e+02 6.128232433333332807e+01 -2.662739033333333438e+01
2.043061396666666667e+02 5.741817800000000460e+01 -5.734231199999999262e+01
2.091462823333332892e+02 5.944511166666666213e+01 -2.546790433333333681e+01
2.153670280000000048e+02 6.288289933333333437e+01 -5.890145066666666906e+01
2.024946803333333207e+02 5.471476766666666691e+01 -1.420774800000000049e+01
2.049465163333333351e+02 5.797292666666666605e+01 -6.545488133333333280e+01
2.128856723333333321e+02 5.852977300000000582e+01 -1.107092399999999977e+01
2.142250976666666702e+02 6.013549100000000180e+01 -1.583172600000000152e+01
2.096667579999999873e+02 5.757445133333333587e+01 -1.476959100000000014e+01
2.125187376666666523e+02 6.128859366666666375e+01 -2.275468600000000308e+01
2.125880473333333214e+02 5.898512033333333449e+01 -1.412239300000000064e+01
2.134257479999999987e+02 6.234156766666666982e+01 -2.889437133333332852e+01
2.174342609999999922e+02 6.163692133333332634e+01 -2.269803600000000188e+01
2.090093229999999949e+02 6.134186266666666398e+01 -4.151948999999999756e+01
2.176723930000000280e+02 6.090135599999999982e+01 -8.289309333333333640e+00
2.090447403333333511e+02 5.932703766666666212e+01 -2.584074766666666889e+01
2.094172543333333181e+02 5.748328433333333720e+01 -1.380488699999999902e+01
2.067253053333333526e+02 5.672387866666665701e+01 -1.862298166666666432e+01
2.116999076666666895e+02 6.351876766666666896e+01 -7.544292533333333495e+01
2.105382973333333041e+02 6.277988433333333518e+01 -5.997877266666666429e+01
2.093583606666666412e+02 6.220437466666666637e+01 -5.262324366666666720e+01
2.108415916666666590e+02 6.272220133333333791e+01 -5.354199400000000963e+01
2.111982863333333569e+02 6.178947966666666503e+01 -3.327703400000000045e+01
2.033990873333333127e+02 5.444121799999999922e+01 -9.090742333333333036e+00
2.073238453333333382e+02 5.854058699999999504e+01 -3.362090233333333344e+01
2.142066556666667054e+02 6.138292733333332762e+01 -2.273145433333333543e+01
2.017922549999999831e+02 5.555577866666666864e+01 -3.648971566666666888e+01
2.130946600000000046e+02 6.296718433333333564e+01 -4.072300533333333306e+01
2.111234649999999817e+02 5.746003200000000533e+01 -1.024725433333333235e+01
2.144667273333333242e+02 6.105684066666666610e+01 -2.044741966666666499e+01
2.042087619999999788e+02 5.486212533333333141e+01 -1.007914233333333343e+01
2.146893313333333424e+02 6.004091266666666371e+01 -1.517126433333333324e+01
2.139300586666666675e+02 6.252692866666667015e+01 -3.466733366666667138e+01
2.113437016666666750e+02 6.095512166666666332e+01 -2.630018633333333256e+01
2.103159306666666453e+02 5.978139300000000134e+01 -2.022667133333333211e+01
2.038897580000000005e+02 5.454103666666666328e+01 -8.685484333333333140e+00
2.042069100000000219e+02 5.688457633333333519e+01 -3.995455100000000215e+01
2.109898869999999818e+02 6.350656799999999436e+01 -9.008311833333333141e+01
2.047352033333333168e+02 5.622974666666666366e+01 -2.073455666666666630e+01
2.031994329999999991e+02 5.696216666666666839e+01 -6.071800799999999754e+01
2.040648893333333262e+02 5.549611666666666565e+01 -1.568911566666666779e+01
2.093088639999999998e+02 6.189297400000000238e+01 -4.520768666666666746e+01
2.061755396666666513e+02 5.926244666666666916e+01 -8.276613166666666643e+01
2.086329369999999983e+02 5.694772633333334255e+01 -1.275419500000000106e+01
2.195836316666666619e+02 6.176050033333333289e+01 -1.925214866666666680e+01
2.101827080000000194e+02 6.143226833333333303e+01 -3.266083566666666371e+01
2.099609083333333217e+02 5.916347999999999985e+01 -2.085636666666666983e+01
2.080517296666666596e+02 5.773034066666667030e+01 -2.211733133333332901e+01
2.066514016666666578e+02 5.919207800000000219e+01 -6.225807166666666603e+01
2.133820929999999692e+02 6.379618066666666465e+01 -6.743384099999998682e+01
2.044404063333333568e+02 5.820369566666666827e+01 -9.380776666666666586e+01
2.087595980000000111e+02 5.774200133333332730e+01 -1.879871366666666788e+01
2.130279373333333126e+02 6.025759099999999790e+01 -1.721544966666666454e+01
2.094405086666666591e+02 6.270746766666666616e+01 -7.166875999999999181e+01
2.145339466666666794e+02 6.006894300000001152e+01 -1.542116866666666652e+01
2.129564856666666799e+02 5.959943633333333679e+01 -1.449417433333333349e+01
2.066889773333333267e+02 5.754815733333333583e+01 -2.818801866666666456e+01
2.083871813333333023e+02 6.079736666666666878e+01 -4.794819100000000134e+01
2.161706080000000156e+02 6.034759633333333539e+01 -1.078330600000000139e+01
2.128510506666666515e+02 5.948250233333333625e+01 -1.446704899999999760e+01
2.107283133333333751e+02 6.065594533333333516e+01 -2.580199166666666599e+01
2.022960053333333406e+02 5.574065066666667434e+01 -3.322256666666666547e+01
2.066255276666666703e+02 5.592696133333333108e+01 -1.184061933333333094e+01
2.113469993333333150e+02 6.331238100000000912e+01 -7.176918966666666222e+01
2.124390343333333249e+02 6.379805766666666500e+01 -7.502239699999999800e+01
2.141141543333333175e+02 6.085044866666666508e+01 -1.891657400000000067e+01
2.107433526666666523e+02 6.146601733333333328e+01 -3.224739100000000036e+01
2.055381836666666686e+02 5.678860166666666487e+01 -2.582696900000000184e+01
2.061534540000000106e+02 5.532448733333333735e+01 -7.946763000000000687e+00
2.034920743333333348e+02 5.510738066666666413e+01 -1.459845866666666581e+01
2.131868026666666935e+02 5.888175000000000381e+01 -1.111444533333333418e+01
2.037350213333333215e+02 5.574257766666666924e+01 -1.998903066666666817e+01
2.078449153333333470e+02 6.180378999999999223e+01 -9.337543233333333603e+01
2.103340906666666399e+02 6.254434033333333076e+01 -5.370478566666667319e+01
2.155960646666666491e+02 6.071929566666666034e+01 -1.519882233333333410e+01
2.108861470000000224e+02 6.103363766666666379e+01 -2.812047833333333458e+01
2.039252536666666629e+02 5.554633433333333414e+01 -1.680802333333333465e+01
2.076570059999999955e+02 6.043180899999999411e+01 -6.705967166666665946e+01
2.134736076666666520e+02 6.259797499999999815e+01 -3.271259733333333486e+01
2.129282149999999945e+02 6.054316500000000900e+01 -1.871527399999999730e+01
2.142690939999999955e+02 6.274418733333333620e+01 -4.214289633333333285e+01
2.019961613333333332e+02 5.417654533333333688e+01 -9.757369666666667385e+00
2.021476563333333161e+02 5.535872900000000385e+01 -2.705654933333333645e+01
2.071791163333333259e+02 5.815287900000000576e+01 -3.090157833333333315e+01
2.092041983333333519e+02 5.848034666666666936e+01 -2.299126700000000412e+01
2.125850263333333316e+02 5.817490033333333344e+01 -1.055214833333333324e+01
2.046142763333333221e+02 5.695062999999999676e+01 -3.746546200000000226e+01
2.109763349999999775e+02 5.952918100000000123e+01 -1.829493200000000286e+01
2.120567650000000128e+02 6.332204833333332772e+01 -6.129776766666666532e+01
2.085605533333333312e+02 6.217651866666667360e+01 -7.202057833333333292e+01
2.144130086666666557e+02 6.120552933333333812e+01 -2.161872866666666582e+01
2.020740929999999764e+02 5.633786433333332866e+01 -5.644793266666666653e+01
2.115287426666666590e+02 5.875501633333333729e+01 -1.619315800000000038e+01
2.001801276666666638e+02 5.550443899999999786e+01 -5.792581300000000510e+01
2.070128086666667002e+02 5.708485066666666086e+01 -2.143314866666666418e+01
2.084401639999999816e+02 5.861813133333333070e+01 -2.612913866666666607e+01
2.118309769999999901e+02 5.870440833333333330e+01 -1.545083833333333168e+01
2.046067090000000235e+02 5.489570833333333866e+01 -8.693072666666667558e+00
2.177250616666666474e+02 6.075203199999999271e+01 -6.859220666666666411e+00
2.101651150000000143e+02 5.858112533333332550e+01 -1.886782966666666894e+01
2.017312510000000145e+02 5.680230299999999488e+01 -8.872184633333331760e+01
2.038529496666666603e+02 5.626321333333333286e+01 -2.821733199999999897e+01
2.123973969999999838e+02 5.955941666666666379e+01 -1.630975300000000061e+01
2.154589546666666422e+02 6.262866100000000102e+01 -5.519748766666666739e+01
2.089040123333333270e+02 6.234786466666667337e+01 -6.738340200000000380e+01
2.034802230000000236e+02 5.608167800000000369e+01 -2.806248300000000029e+01
2.090925363333333280e+02 6.156946599999999847e+01 -4.313660533333333547e+01
2.030267859999999871e+02 5.721007966666666533e+01 -7.730131200000001002e+01
2.094049919999999929e+02 5.871710500000000366e+01 -2.316423466666666897e+01
2.136998343333333423e+02 6.120555933333333343e+01 -2.073540133333333202e+01
2.098085759999999880e+02 5.919062066666666766e+01 -2.184961633333332998e+01
2.089896916666666584e+02 5.631937500000000085e+01 -6.743499333333332402e+00
2.106199713333332966e+02 5.768048399999999987e+01 -1.375532499999999914e+01
2.076486260000000073e+02 5.766256966666666273e+01 -2.372869900000000243e+01
2.119871709999999894e+02 6.263610800000000012e+01 -3.817066766666666666e+01
2.027580250000000035e+02 5.607739233333332862e+01 -3.630208566666667025e+01
2.115772023333333038e+02 5.779485366666667545e+01 -1.123626433333333274e+01
2.059044389999999964e+02 5.591080099999999931e+01 -1.324891399999999919e+01
2.127682196666666812e+02 6.016973866666666737e+01 -1.739248233333333360e+01
2.114500236666666524e+02 6.148079566666666551e+01 -2.995685566666666588e+01
2.093382149999999911e+02 6.150595666666666972e+01 -3.871964133333332825e+01
2.095563403333333383e+02 6.242701100000000025e+01 -5.764007366666666599e+01
2.066024139999999818e+02 5.892848366666667204e+01 -5.446612333333333567e+01
2.122720366666666507e+02 6.265218666666666536e+01 -3.666537766666667153e+01
2.089735160000000178e+02 5.715599599999999469e+01 -1.201166700000000098e+01
2.026991206666666585e+02 5.539958566666666684e+01 -2.179146000000000072e+01
2.125213983333333090e+02 6.209631733333333159e+01 -2.701559699999999964e+01
2.073383149999999659e+02 6.091561899999999952e+01 -9.906043466666665154e+01
2.163109773333333123e+02 6.073879500000000320e+01 -1.132190800000000053e+01
2.054654163333333372e+02 5.735033899999999818e+01 -3.605106799999999367e+01
2.123615746666666837e+02 6.050882299999999958e+01 -2.002879199999999926e+01
2.113037486666666780e+02 6.190864499999999992e+01 -3.321342733333332831e+01
2.197556219999999882e+02 6.151767133333333248e+01 -1.531981333333333417e+01
2.121363083333333179e+02 5.906094999999999828e+01 -1.581016099999999902e+01
2.197487173333333601e+02 6.068687966666666966e+01 -4.801128333333333664e+00
2.077747046666666790e+02 5.887507966666666448e+01 -3.288009900000000130e+01
2.103167396666666491e+02 5.855433466666666931e+01 -1.807072133333333497e+01
2.170663143333333380e+02 6.144701599999999786e+01 -2.056393633333333071e+01
2.029278393333333099e+02 5.732828100000000404e+01 -8.717027266666666208e+01
2.052116489999999942e+02 5.726248100000000107e+01 -3.798073600000000027e+01
2.108721576666666806e+02 5.859414933333332698e+01 -1.656175399999999698e+01
2.116422636666667074e+02 6.009227299999999872e+01 -1.982087133333333284e+01
2.173475996666666958e+02 6.188724700000000212e+01 -3.061321866666666480e+01
2.119570710000000133e+02 6.166211600000000459e+01 -2.725123699999999971e+01
2.148809320000000014e+02 6.070249666666666144e+01 -1.781802766666666571e+01
2.002476860000000158e+02 5.591955666666666502e+01 -8.631806533333333675e+01
2.167610693333333529e+02 6.107814899999999625e+01 -1.346405500000000188e+01
2.165084659999999985e+02 6.098292766666666154e+01 -1.304002433333333499e+01
2.114011866666666890e+02 6.162477100000000263e+01 -3.104189700000000229e+01
2.134468306666666706e+02 6.071325799999999617e+01 -1.872469533333333302e+01
2.039596449999999948e+02 5.595735766666666677e+01 -2.156992133333333683e+01
2.151178439999999910e+02 6.299278000000000333e+01 -5.790288366666666775e+01
2.087379789999999957e+02 6.019688266666666010e+01 -3.237628799999999529e+01
2.031296473333333381e+02 5.671484766666666388e+01 -5.202172500000000355e+01
2.072532029999999850e+02 5.952313499999999635e+01 -5.657372799999999557e+01
2.152973286666666581e+02 6.228200266666667062e+01 -4.557191066666666757e+01
2.121496160000000089e+02 6.384757133333332746e+01 -8.212425199999999847e+01
2.142601566666666884e+02 6.123483300000000185e+01 -2.157317266666666455e+01
2.083026336666666793e+02 5.782317033333333711e+01 -2.164688166666666191e+01
2.171165496666666570e+02 6.129891766666666086e+01 -1.649080100000000115e+01
2.088736633333333259e+02 6.099074466666667149e+01 -3.942507866666667127e+01
2.068587533333333397e+02 5.711021233333332958e+01 -2.218542100000000161e+01
2.085090943333333371e+02 5.765052800000000133e+01 -1.920856566666666865e+01
2.007320079999999791e+02 5.463033533333333480e+01 -2.248480233333333445e+01
2.132864543333333529e+02 6.155421299999999718e+01 -2.275095133333333308e+01
2.155529753333333076e+02 6.045046466666666873e+01 -1.415523433333333259e+01
2.096039710000000014e+02 5.977281966666667046e+01 -2.358525233333333304e+01
2.101675869999999975e+02 5.775904466666666082e+01 -1.584454199999999879e+01
2.103219129999999950e+02 6.099880799999999681e+01 -2.894350833333333739e+01
2.011292949999999848e+02 5.440011700000000161e+01 -1.538281866666666708e+01
2.089468413333333672e+02 5.879962366666666185e+01 -2.529177633333333119e+01
2.091137616666666474e+02 6.170791266666666530e+01 -4.493470433333333602e+01
2.095495603333333463e+02 6.074139133333333262e+01 -2.948938366666666866e+01
2.120046280000000252e+02 6.070544866666667616e+01 -2.214241933333333279e+01
2.097573593333333122e+02 5.933614500000000902e+01 -2.214512033333333463e+01
2.109397996666666586e+02 6.324720766666666805e+01 -7.603274566666667056e+01
2.046869533333333493e+02 5.542956566666666873e+01 -1.170838666666666761e+01
2.086461596666666765e+02 5.844455899999999815e+01 -2.466347799999999779e+01
2.105188789999999983e+02 5.838221733333333674e+01 -1.686736733333333405e+01
2.023994676666667090e+02 5.545065433333333971e+01 -2.563696099999999944e+01
2.078568470000000161e+02 5.749066466666666742e+01 -2.173826933333333500e+01
2.114772436666666806e+02 5.849145800000000150e+01 -1.541028433333333147e+01
2.030110796666666602e+02 5.576453333333333262e+01 -2.568284666666666638e+01
2.124670236666666767e+02 6.102856033333333130e+01 -2.189323066666666762e+01
2.079031810000000178e+02 6.195165499999999525e+01 -9.474749033333334580e+01
2.020640270000000100e+02 5.695001899999999750e+01 -8.747834666666666692e+01
2.097297476666666682e+02 6.153277133333332927e+01 -3.548634266666666548e+01
2.099085023333333311e+02 6.012733399999999762e+01 -2.407850833333333185e+01
2.135406573333333426e+02 6.164334299999999445e+01 -2.341387500000000088e+01
2.051033103333333258e+02 5.844679533333333410e+01 -8.432964633333334348e+01
2.131875609999999881e+02 6.103208766666666207e+01 -2.027418499999999923e+01
2.043551376666666783e+02 5.481797866666666863e+01 -9.235348999999999364e+00
2.116957466666666789e+02 6.035337766666666681e+01 -2.115320466666666732e+01
2.103671659999999974e+02 6.004398799999999170e+01 -2.211472299999999791e+01
2.096686403333333431e+02 5.716017966666666439e+01 -1.170341466666666541e+01
2.143211320000000057e+02 6.067029133333333135e+01 -1.805602566666666675e+01
2.101173250000000223e+02 5.707955166666666713e+01 -1.118096833333333429e+01
2.042668566666666550e+02 5.630655600000000049e+01 -2.530728266666666570e+01
2.019436486666666895e+02 5.552813333333332935e+01 -3.358812933333333461e+01
2.182684976666666898e+02 6.118355199999999883e+01 -1.057378666666666867e+01
2.044614326666666386e+02 5.697694133333333610e+01 -3.973320100000000110e+01
2.120080986666666547e+02 6.305629366666666868e+01 -5.160752866666666705e+01
2.193544036666666841e+02 6.060231366666666730e+01 -4.459268666666666547e+00
2.032672703333333573e+02 5.627014466666665982e+01 -3.541321133333332938e+01
2.025493046666666714e+02 5.499979766666666592e+01 -1.736412033333333227e+01
2.099088116666666792e+02 6.094463933333332761e+01 -2.964710499999999982e+01
2.092144576666666751e+02 5.765840866666667353e+01 -1.577474599999999860e+01
2.016192866666666532e+02 5.474685233333332945e+01 -1.957899166666666702e+01
2.139539116666666985e+02 6.129353966666666764e+01 -2.147130233333333038e+01
2.018663899999999956e+02 5.425404833333333698e+01 -1.088110933333333463e+01
2.173181799999999839e+02 6.111352399999999108e+01 -1.201174866666666752e+01
2.120076256666666552e+02 6.192390966666666685e+01 -2.793478133333333346e+01
2.106390623333333281e+02 6.289654833333333528e+01 -6.354761033333333131e+01
2.126692749999999990e+02 6.045517566666666909e+01 -1.892049599999999998e+01
2.139122599999999750e+02 6.061819133333333554e+01 -1.798121266666666784e+01
2.006737109999999973e+02 5.625402966666666771e+01 -9.956815699999999936e+01
2.173250743333333048e+02 6.154343866666666685e+01 -2.120553300000000263e+01
2.108209553333333588e+02 5.709954400000000163e+01 -8.116645666666665093e+00
2.160586663333333490e+02 6.064276233333333721e+01 -1.211687200000000075e+01
2.166364746666666576e+02 6.179883899999999386e+01 -3.619248166666667288e+01
2.144316676666666410e+02 5.994719133333333616e+01 -1.480673166666666596e+01
2.115272439999999960e+02 5.834700000000000131e+01 -1.468610799999999905e+01
2.108890503333333299e+02 6.338961766666667330e+01 -8.529977900000000091e+01
2.155844403333333332e+02 6.113528199999999657e+01 -2.039312899999999829e+01
2.062176446666666436e+02 5.585825299999999771e+01 -1.226216566666666630e+01
2.018802319999999781e+02 5.607650533333332987e+01 -4.978107499999999419e+01
2.052052886666666609e+02 5.766646000000000072e+01 -4.798059033333333190e+01
2.086373089999999877e+02 6.048601433333333688e+01 -3.739324599999999776e+01
2.147354960000000119e+02 6.031143433333333093e+01 -1.628600299999999734e+01
2.041943483333333234e+02 5.559777433333332652e+01 -1.587456066666666743e+01
2.023636883333333287e+02 5.699160433333333486e+01 -8.176714400000000182e+01
2.116549200000000326e+02 6.171924233333334087e+01 -2.962526900000000296e+01
2.015237766666666630e+02 5.622738466666666568e+01 -6.351588866666667599e+01
2.055552920000000086e+02 5.501120033333333481e+01 -6.964887000000000050e+00
2.002336746666666443e+02 5.438897900000000618e+01 -2.100378466666666455e+01
2.137472273333333135e+02 6.146912933333334195e+01 -2.243485366666666891e+01
2.150793703333333440e+02 6.094462699999999700e+01 -1.931403333333333450e+01
2.059741910000000189e+02 5.753030166666666645e+01 -3.326747100000000046e+01
2.011638763333333202e+02 5.530907833333333201e+01 -3.778879233333333332e+01
2.105806949999999915e+02 6.108687066666666254e+01 -2.911240700000000103e+01
2.114931403333333435e+02 6.052327633333333523e+01 -2.267034800000000061e+01
2.120065879999999936e+02 6.111047500000000099e+01 -2.442431866666666451e+01
2.058732873333333373e+02 5.564398600000000528e+01 -1.069865900000000103e+01
2.031049250000000086e+02 5.547208266666666532e+01 -2.008993666666666300e+01
2.132148553333333041e+02 5.968836399999999998e+01 -1.416256433333333398e+01
2.058882159999999715e+02 5.850281533333333073e+01 -6.083405133333334192e+01
2.150346700000000055e+02 6.067547199999999208e+01 -1.730463733333333209e+01
2.066762533333333067e+02 5.796178733333334065e+01 -3.414190433333333630e+01
2.113959539999999890e+02 6.357254933333333469e+01 -8.444658600000001059e+01
2.152106080000000077e+02 6.174955133333333634e+01 -3.270453866666667153e+01
2.109219150000000127e+02 5.762967533333333137e+01 -1.215327366666666542e+01
2.096502893333333475e+02 6.254045300000000651e+01 -6.092974899999999394e+01
2.113335626666666940e+02 5.973895266666666970e+01 -1.865809466666666694e+01
2.118441733333333161e+02 5.992285400000000095e+01 -1.874609233333333336e+01
2.116486069999999984e+02 6.366380300000000148e+01 -8.373776666666667268e+01
2.092468489999999974e+02 6.038335000000000008e+01 -2.839848066666666782e+01
2.051651146666666534e+02 5.859497733333333258e+01 -9.024932400000000143e+01
2.021964930000000038e+02 5.562155400000000327e+01 -3.189406499999999767e+01
2.067196963333333315e+02 5.604710499999999485e+01 -1.253640366666666495e+01
2.117040883333333170e+02 6.157289133333333098e+01 -2.873909799999999848e+01
2.163549036666666723e+02 6.100885833333332897e+01 -1.427855733333333355e+01
2.072705993333333083e+02 5.868721233333334197e+01 -3.648671200000000425e+01
2.077575920000000167e+02 6.067752433333333073e+01 -6.839941933333334134e+01
2.057144903333333161e+02 5.784486333333333619e+01 -4.354725500000000693e+01
2.075301139999999975e+02 5.836789333333333474e+01 -2.914098599999999806e+01
2.047514999999999930e+02 5.528163533333333390e+01 -1.030296399999999934e+01
2.136800746666666555e+02 6.243219199999999347e+01 -3.127606300000000417e+01
2.108218480000000170e+02 5.873922600000000216e+01 -1.697711633333333481e+01
2.031504253333333452e+02 5.532661900000000088e+01 -1.803291600000000017e+01
2.085795463333333544e+02 5.641591833333333739e+01 -9.944938333333332992e+00
2.085633203333333370e+02 5.750474200000000025e+01 -1.747500033333333036e+01
2.098677183333333289e+02 5.739994966666666443e+01 -1.385817633333333276e+01
2.121079793333333328e+02 6.317998899999999907e+01 -5.513538566666667151e+01
2.079409149999999897e+02 6.167936666666665957e+01 -8.448916233333333992e+01
2.159187636666666776e+02 6.025221100000000973e+01 -1.186668233333333511e+01
2.152005680000000041e+02 6.023255866666666947e+01 -1.495285400000000031e+01
2.142390806666666379e+02 6.248149399999999787e+01 -3.698145099999999985e+01
2.061552570000000060e+02 5.600441066666667211e+01 -1.373006333333333373e+01
2.082733156666666616e+02 5.987519766666667209e+01 -3.704071700000000078e+01
2.114820519999999817e+02 5.930670133333333638e+01 -1.744727166666666918e+01
2.028595203333333359e+02 5.620453433333333493e+01 -3.890830233333333155e+01
2.069821803333333321e+02 5.791128666666667613e+01 -3.046085133333333417e+01
2.018985263333333648e+02 5.654296800000000189e+01 -6.960502833333333683e+01
2.057476703333333319e+02 5.593730766666666909e+01 -1.371338366666666708e+01
2.041117460000000108e+02 5.634084299999999956e+01 -2.734483166666666420e+01
2.051823126666666610e+02 5.589578700000000566e+01 -1.410312933333333341e+01
2.001804769999999962e+02 5.477133366666667058e+01 -3.099492366666666499e+01
2.123076253333333341e+02 6.024895266666666771e+01 -1.905634500000000031e+01
2.018463649999999916e+02 5.498888166666666422e+01 -2.291401000000000110e+01
2.134494443333333322e+02 6.352800633333333735e+01 -5.772610800000000353e+01
2.066570073333333255e+02 5.551596066666667184e+01 -8.329697333333333731e+00
2.019972036666666781e+02 5.448334366666667705e+01 -1.337899600000000078e+01
2.147630920000000003e+02 6.141619566666665975e+01 -2.491272566666667032e+01
2.131375756666666632e+02 6.411319533333333709e+01 -8.106261466666667559e+01
2.184294056666666677e+02 6.074306300000000647e+01 -6.022160666666667161e+00
2.116013590000000022e+02 6.299644033333333937e+01 -5.386082866666666291e+01
2.084827203333333330e+02 6.092084633333333699e+01 -4.726739133333333598e+01
2.100644396666666580e+02 5.846234366666666915e+01 -1.900990533333333232e+01
2.124114263333333383e+02 6.036566833333333193e+01 -1.925712000000000046e+01
2.036948469999999816e+02 5.672078933333333595e+01 -4.232395433333334012e+01
2.075177759999999978e+02 6.066403233333333134e+01 -8.017370466666666573e+01
2.177884043333333466e+02 6.143581133333333355e+01 -1.566326399999999985e+01
2.106702669999999955e+02 5.876550166666666541e+01 -1.732512566666666842e+01
2.129810846666666748e+02 6.120494733333333670e+01 -2.124748033333333197e+01
2.074127029999999934e+02 5.580349000000000359e+01 -8.428432666666667572e+00
2.096803566666666541e+02 6.200757000000000829e+01 -4.339031333333333151e+01
2.046599643333333063e+02 5.515854533333333620e+01 -9.974069666666666834e+00
2.151339400000000239e+02 6.079683866666666603e+01 -1.785311033333333341e+01
2.086363376666666625e+02 5.926447499999999735e+01 -2.821102533333333540e+01
2.171172093333333351e+02 6.171912900000000235e+01 -2.826636866666666492e+01
2.011149196666666512e+02 5.469185166666667186e+01 -2.128491666666667115e+01
2.144435976666666477e+02 6.231423300000000154e+01 -3.635264466666667005e+01
2.150894026666666434e+02 6.052763233333333659e+01 -1.639253733333333329e+01
2.106196960000000047e+02 5.726934866666666579e+01 -1.094287700000000108e+01
2.068582853333333276e+02 5.902797633333333494e+01 -5.104350500000000324e+01
2.054973589999999888e+02 5.584402833333333405e+01 -1.293821666666666736e+01
2.045382013333333191e+02 5.597652466666666982e+01 -1.798270899999999983e+01
2.123333350000000053e+02 5.808012199999999581e+01 -1.089485566666666649e+01
2.019643119999999783e+02 5.666423799999999034e+01 -7.425022333333332369e+01
2.090439546666666502e+02 6.014448633333333305e+01 -2.839881866666666710e+01
2.137775876666666761e+02 6.255180233333333462e+01 -3.377495499999999851e+01
2.126725969999999961e+02 6.166516133333333727e+01 -2.402743533333333303e+01
2.125174793333333128e+02 6.326501066666666162e+01 -5.377065100000000797e+01
2.047308870000000240e+02 5.779907499999999487e+01 -6.340365733333333509e+01
2.124798763333333227e+02 6.284834366666666483e+01 -4.058202933333333107e+01
2.030508213333333458e+02 5.428885966666666718e+01 -8.574769666666666623e+00
2.060681133333333435e+02 5.806072733333333957e+01 -4.370352333333332950e+01
2.086340549999999894e+02 5.967262333333334112e+01 -2.972590966666666645e+01
2.130328829999999982e+02 6.106083766666666435e+01 -2.058975400000000278e+01
2.073481860000000268e+02 5.594743333333332913e+01 -1.008417333333333232e+01
2.135345220000000097e+02 6.325149133333334106e+01 -4.893808866666666546e+01
2.092119740000000263e+02 5.640482200000000290e+01 -6.526378333333333615e+00
2.093252700000000175e+02 6.235195466666667130e+01 -5.821372466666665701e+01
2.064420676666666452e+02 5.934940933333333390e+01 -7.663367433333333167e+01
2.040061326666666446e+02 5.580615300000000190e+01 -1.914628566666666742e+01
2.016373993333333203e+02 5.599257966666666420e+01 -5.127209533333333269e+01
2.163851716666666505e+02 6.169720366666666678e+01 -3.393514099999999445e+01
2.058893060000000048e+02 5.700037466666666575e+01 -2.601963333333333139e+01
2.105192076666666878e+02 5.960924833333333339e+01 -1.896916666666666629e+01
2.014952703333333375e+02 5.562516066666665893e+01 -4.254630000000000223e+01
2.013599480000000028e+02 5.565789366666666638e+01 -4.543351933333332937e+01
2.113969223333333503e+02 6.121757833333333565e+01 -2.833762266666666463e+01
2.185077599999999904e+02 6.124592100000000272e+01 -1.130078100000000063e+01
2.087365823333333310e+02 5.978995133333333456e+01 -2.924421099999999640e+01
2.128402700000000038e+02 5.907769999999999300e+01 -1.337453833333333364e+01
2.118497773333333498e+02 6.251882566666665753e+01 -3.626628033333333434e+01
2.127864553333333504e+02 5.881604666666666503e+01 -1.273519966666666647e+01
2.130467613333333645e+02 5.931290733333333520e+01 -1.325251666666666672e+01
2.098179883333333464e+02 5.713272866666667227e+01 -1.171690966666666611e+01
2.035285206666666511e+02 5.438764933333333573e+01 -8.352349333333334513e+00
2.056518016666666711e+02 5.513307800000000469e+01 -7.243894000000000055e+00
2.086297080000000221e+02 6.089983666666666551e+01 -4.324741566666666159e+01
2.013951046666666969e+02 5.512096400000000784e+01 -3.028285666666666387e+01
2.027181806666666546e+02 5.716772300000000229e+01 -8.270744333333333032e+01
2.053902920000000165e+02 5.809213633333333604e+01 -5.837841266666666229e+01
2.086854830000000049e+02 6.075111499999999864e+01 -3.992510533333333456e+01
2.124048983333333354e+02 6.353884066666666541e+01 -6.512617966666665836e+01
2.132873779999999897e+02 5.899832099999999713e+01 -1.114176599999999873e+01
2.133642879999999877e+02 6.303674600000000083e+01 -4.244208400000000125e+01
2.019419103333333396e+02 5.639219800000000049e+01 -6.143190433333332834e+01
2.148268153333333430e+02 6.085087766666666909e+01 -1.888112566666666581e+01
2.013909113333333210e+02 5.592415299999999689e+01 -5.371437266666666233e+01
2.132281910000000096e+02 6.210777933333333323e+01 -2.631191233333333557e+01
2.115886833333333641e+02 5.983088166666667007e+01 -1.871832633333333362e+01
2.119617986666666809e+02 6.278458133333333535e+01 -4.266912233333332694e+01
2.085746433333333414e+02 5.616207100000000452e+01 -7.250483333333332503e+00
2.014895816666666803e+02 5.522212766666666539e+01 -3.207772033333333184e+01
2.077125213333333420e+02 6.082359199999999788e+01 -7.428569733333331726e+01
2.075578533333333269e+02 6.108045700000000267e+01 -8.987947066666667695e+01
2.197607876666666868e+02 6.124595666666666460e+01 -1.105133066666666686e+01
2.010021066666666627e+02 5.531746000000000407e+01 -3.954068699999999836e+01
2.053774313333333339e+02 5.545563500000000090e+01 -9.375510666666665216e+00
2.125179030000000182e+02 6.088495499999999794e+01 -2.113345999999999947e+01
2.042288993333333167e+02 5.527885466666666758e+01 -1.313216966666666785e+01
2.146515223333333324e+02 6.290456366666666099e+01 -5.011762466666667137e+01
2.074901176666666345e+02 6.093704100000000068e+01 -8.980694833333332383e+01
2.116783646666666527e+02 5.832194899999999649e+01 -1.420298633333333349e+01
2.056509180000000185e+02 5.839045500000000288e+01 -6.323216000000000037e+01
2.056538056666666705e+02 5.865932966666667170e+01 -7.458792566666666346e+01
2.151481949999999870e+02 6.272369633333332928e+01 -5.289955300000000449e+01
2.119820516666667061e+02 5.745998366666666612e+01 -6.490882666666666800e+00
2.178361346666666805e+02 6.170788333333333497e+01 -2.111202633333333267e+01
2.113866963333333615e+02 6.000066066666666842e+01 -1.975007100000000193e+01
2.007651873333333299e+02 5.417830733333332915e+01 -1.362112066666666443e+01
2.107206153333333134e+02 5.821054266666666877e+01 -1.578015833333333262e+01
2.079150126666666836e+02 5.599463700000000443e+01 -8.565063333333332807e+00
2.113774863333333371e+02 5.878052633333333432e+01 -1.645486066666666503e+01
2.054146343333333391e+02 5.850607000000000113e+01 -7.585428233333333026e+01
2.070926749999999856e+02 5.761870866666667013e+01 -2.655374033333333372e+01
2.115519703333333439e+02 6.314152866666666597e+01 -6.055784600000000495e+01
2.119819286666666756e+02 5.867928533333333263e+01 -1.497508166666666618e+01
2.026177206666666564e+02 5.688426333333333673e+01 -6.998778733333332980e+01
2.123655823333333501e+02 6.172043366666667197e+01 -2.525497833333333020e+01
2.145741523333333589e+02 6.075904333333333085e+01 -1.844236400000000131e+01
2.045129070000000127e+02 5.518651166666666796e+01 -1.095417233333333229e+01
2.155389236666666477e+02 6.238316566666666318e+01 -5.104354799999999415e+01
2.023541563333333215e+02 5.661038099999999673e+01 -6.277522833333333807e+01
2.128941160000000252e+02 6.408398766666665836e+01 -8.168396599999999808e+01
2.076076453333333518e+02 5.739601900000000256e+01 -2.229638900000000135e+01
2.033446556666666822e+02 5.514706266666667034e+01 -1.544426966666666523e+01
2.075062920000000020e+02 5.961578333333333291e+01 -5.185999833333332987e+01
2.065912479999999789e+02 5.742733000000000487e+01 -2.714497066666666569e+01
2.013733849999999848e+02 5.619661800000000085e+01 -6.630374799999999880e+01
2.096089643333333186e+02 5.854389800000000577e+01 -2.153082533333333615e+01
2.102294113333333314e+02 6.323034733333333435e+01 -8.951042866666666953e+01
2.117105416666666713e+02 6.255375033333333334e+01 -3.817606900000000536e+01
2.083331610000000182e+02 6.053819399999999717e+01 -4.519731366666666617e+01
2.143968153333333646e+02 6.204051533333333168e+01 -3.160886100000000098e+01
2.078672200000000032e+02 5.940801700000000096e+01 -3.915778333333333450e+01
2.070261566666666511e+02 5.817838199999999915e+01 -3.299799533333333557e+01
2.133390846666666505e+02 6.140904699999999394e+01 -2.191619133333333025e+01
2.015650456666666912e+02 5.638344866666667343e+01 -7.012212200000000450e+01
2.107199723333333168e+02 5.697912833333333538e+01 -6.873022666666666503e+00
2.175883829999999932e+02 6.158983100000000377e+01 -2.012736633333333103e+01
2.035024690000000192e+02 5.732113066666666867e+01 -7.191853966666666054e+01
2.122834450000000004e+02 5.862932900000000558e+01 -1.387124566666666681e+01
2.114259023333333118e+02 5.781942333333333295e+01 -1.182083766666666769e+01
2.161020053333333237e+02 6.091195533333333145e+01 -1.425403599999999926e+01
2.015950289999999825e+02 5.573775700000000910e+01 -4.405716933333332719e+01
2.146278256666666948e+02 6.060988433333333347e+01 -1.764657266666666757e+01
2.011499433333333400e+02 5.425138799999999861e+01 -1.293957966666666692e+01
2.155878890000000183e+02 6.252177333333333564e+01 -5.473274733333332875e+01
2.031275839999999846e+02 5.453130699999999820e+01 -1.048951399999999978e+01
2.181247253333333447e+02 6.080580066666666283e+01 -6.675971333333333035e+00
2.188911850000000356e+02 6.067128100000000046e+01 -5.289716333333333687e+00
2.016318796666666913e+02 5.613600033333333528e+01 -5.673133066666667190e+01
2.078886626666666473e+02 6.064048166666666617e+01 -6.194425033333332209e+01
2.060449323333333496e+02 5.697357666666666631e+01 -2.460063233333333343e+01
2.014476016666666567e+02 5.677330966666666967e+01 -9.770178766666667514e+01
2.124338123333333215e+02 5.819902666666666846e+01 -1.122822500000000012e+01
2.104974789999999985e+02 6.201630833333333470e+01 -3.959917466666666996e+01
2.102150533333333442e+02 5.884540933333332902e+01 -1.917783499999999819e+01
2.011628369999999961e+02 5.578731100000000964e+01 -5.317309499999999645e+01
2.076641646666666929e+02 5.589914799999999673e+01 -8.491088333333333793e+00
2.081188083333333054e+02 5.649523333333333852e+01 -1.249709700000000190e+01
2.018752226666666729e+02 5.680631933333333450e+01 -8.447533599999999865e+01
2.060221703333333210e+02 5.779322766666666666e+01 -3.808832933333333415e+01
2.107706433333333678e+02 5.724443566666666783e+01 -1.007407000000000075e+01
2.115987719999999683e+02 6.104680233333332495e+01 -2.609036199999999894e+01
2.091886020000000315e+02 6.094084600000000052e+01 -3.425323966666666564e+01
2.193703189999999950e+02 6.160786133333332515e+01 -1.666033733333333444e+01
2.179736639999999852e+02 6.083820566666665997e+01 -7.112936999999999621e+00
2.085946243333333712e+02 6.150211433333333844e+01 -5.362104199999999565e+01
2.019467489999999827e+02 5.512189100000000508e+01 -2.469221966666667001e+01
2.118511813333333293e+02 6.349153966666667515e+01 -7.153347700000000486e+01
2.114961726666666664e+02 6.092889766666667128e+01 -2.557553866666667020e+01
2.017423720000000174e+02 5.449396600000000035e+01 -1.451340733333333333e+01
2.040660223333333363e+02 5.606836400000000253e+01 -2.259310933333333082e+01
2.136014246666666452e+02 6.027912766666667466e+01 -1.668431033333333247e+01
2.070518676666666806e+02 5.735160633333333635e+01 -2.407736833333332882e+01
2.050312503333333325e+02 5.659971333333333376e+01 -2.607103566666666339e+01
2.100387719999999945e+02 6.218070800000000276e+01 -4.529725300000000487e+01
2.097044873333333328e+02 6.030134766666666479e+01 -2.583971433333333323e+01
2.079432603333333134e+02 5.802231966666666807e+01 -2.396319066666666586e+01
2.077087523333333365e+02 5.985372733333333173e+01 -5.127961833333333175e+01
2.076136509999999760e+02 5.931835566666666182e+01 -4.249788099999999957e+01
2.022021556666666413e+02 5.657475933333333273e+01 -6.425676233333332732e+01
2.084013139999999851e+02 5.794223766666666364e+01 -2.213991000000000042e+01
2.126533166666666830e+02 5.965138500000000477e+01 -1.568256666666666810e+01
2.079351453333333382e+02 6.125380100000000283e+01 -7.394629133333333471e+01
2.117793146666666644e+02 5.762690266666666616e+01 -9.605592333333332178e+00
2.106706893333333426e+02 5.917435700000000764e+01 -1.792886566666666681e+01
2.129125253333333205e+02 6.392375000000000540e+01 -7.475248933333332957e+01
2.078093060000000207e+02 5.997107033333332993e+01 -5.053783800000000070e+01
2.068281899999999780e+02 5.987063399999999547e+01 -8.817494933333334473e+01
2.027539603333333389e+02 5.566838899999999768e+01 -2.608343600000000251e+01
2.031894853333333231e+02 5.722446999999999662e+01 -7.416439800000000560e+01
2.086857780000000275e+02 5.952752633333333421e+01 -2.857359800000000050e+01
2.009947620000000086e+02 5.446958599999999961e+01 -1.733794900000000183e+01
2.141027356666666890e+02 5.961321166666666471e+01 -1.264071066666666887e+01
2.114276773333333495e+02 6.264088433333333228e+01 -4.328951366666666445e+01
2.094880863333333139e+02 6.216855100000000078e+01 -4.973045499999999919e+01
2.029492706666666493e+02 5.470404166666666157e+01 -1.249709266666666529e+01
2.138213243333333367e+02 5.956735699999999412e+01 -1.257947500000000041e+01
2.159602803333333441e+02 6.052103633333333477e+01 -1.219580700000000029e+01
2.072831060000000036e+02 6.076961700000000377e+01 -9.802783533333332855e+01
2.087894636666666486e+02 6.046026399999999512e+01 -3.434399099999999549e+01
2.130313876666666602e+02 6.146554266666667132e+01 -2.241041199999999733e+01
2.106870333333333463e+02 6.315591166666666822e+01 -7.588270933333332380e+01
2.095161883333333606e+02 5.760227133333332716e+01 -1.484269433333333232e+01
2.009764103333333480e+02 5.559334700000000140e+01 -4.928994066666666640e+01
2.118981756666666740e+02 6.018384033333333605e+01 -1.981602000000000174e+01
2.007519563333333110e+02 5.542623733333334002e+01 -4.593264066666666423e+01
2.121322306666666861e+02 5.784184333333333683e+01 -1.007274866666666746e+01
2.068645533333333333e+02 5.861610033333332836e+01 -4.154851500000000186e+01
2.099544276666666747e+02 6.191807633333333882e+01 -3.979481033333333784e+01
2.122157890000000009e+02 6.290242699999999587e+01 -4.430560933333333651e+01
2.031273896666666587e+02 5.749239966666666390e+01 -9.277947999999999240e+01
2.082774199999999780e+02 6.107344299999999748e+01 -5.613897266666666752e+01
2.111312973333333503e+02 5.990920466666667465e+01 -1.969355333333333391e+01
2.115551493333333326e+02 6.201398133333333362e+01 -3.168089433333333815e+01
2.085212290000000337e+02 5.724000966666667267e+01 -1.550166099999999858e+01
2.085985186666666777e+02 6.190865533333333559e+01 -6.240288799999999014e+01
2.180856250000000216e+02 6.137180366666666487e+01 -1.358794799999999903e+01
2.098580976666666800e+02 5.986366233333333042e+01 -2.256455933333333519e+01
2.109945129999999835e+02 6.155847299999999933e+01 -3.254299533333333017e+01
2.052551216666666676e+02 5.752877233333333606e+01 -4.336363700000000421e+01
2.129859063333333324e+02 5.864746733333333850e+01 -1.112186866666666596e+01
2.073986270000000047e+02 5.756775966666666733e+01 -2.443129066666666560e+01
2.080959986666666737e+02 5.623195666666666881e+01 -1.048528166666666728e+01
2.130491640000000189e+02 6.325905499999999648e+01 -4.973675266666666062e+01
2.185832969999999875e+02 6.071607600000000815e+01 -5.767669999999999852e+00
2.130923449999999946e+02 5.916912866666666559e+01 -1.260630433333333400e+01
2.084823793333333413e+02 5.697478600000000171e+01 -1.399549433333333326e+01
2.075005793333333486e+02 5.659671633333332608e+01 -1.513737699999999897e+01
2.082871010000000069e+02 5.864566866666666556e+01 -2.679921966666666933e+01
2.035343163333333507e+02 5.495526733333333169e+01 -1.311017900000000047e+01
2.126144369999999810e+02 6.019630866666667401e+01 -1.793448399999999765e+01
2.137523043333333419e+02 6.298032933333333716e+01 -4.240399166666666275e+01
2.098614866666666785e+02 5.863523466666666195e+01 -2.063993933333333430e+01
2.146197099999999693e+02 6.102776500000000937e+01 -2.033709233333333444e+01
2.067313489999999945e+02 5.781546800000000275e+01 -3.154351566666666784e+01
2.072097483333333230e+02 5.925093066666666886e+01 -4.935393200000000746e+01
2.115364560000000154e+02 6.274040600000000012e+01 -4.523317466666666320e+01
2.068014383333333228e+02 5.725614233333333658e+01 -2.402234500000000139e+01
2.037975396666666654e+02 5.769255466666666621e+01 -8.523469799999999452e+01
2.114399576666666860e+02 6.026201033333333612e+01 -2.114932533333333353e+01
2.102142243333333624e+02 6.007160033333334326e+01 -2.273748433333333097e+01
2.080741943333333381e+02 5.923179366666666823e+01 -3.369005933333333047e+01
2.089046443333333229e+02 5.812506799999999885e+01 -2.190007699999999957e+01
2.054333589999999958e+02 5.599009899999999362e+01 -1.475154133333333384e+01
2.132890909999999849e+02 6.034212500000000290e+01 -1.724562866666666494e+01
2.063557656666666560e+02 5.692116433333332992e+01 -2.224108233333333473e+01
2.147088726666666787e+02 6.156448999999999927e+01 -2.676095333333333315e+01
2.104680683333333491e+02 5.934612533333333317e+01 -1.847942333333333309e+01
2.069721499999999708e+02 5.832449633333333594e+01 -3.548467966666667195e+01
2.095639933333333147e+02 5.786795166666667001e+01 -1.713957399999999964e+01
2.071080496666666875e+02 6.035825566666667186e+01 -9.491337966666667114e+01
2.127589179999999942e+02 6.413604899999999986e+01 -8.538470366666666678e+01
2.050728476666666609e+02 5.687048300000000012e+01 -3.135629433333333438e+01
2.189526963333333640e+02 6.121062700000000945e+01 -1.071820866666666738e+01
2.122167919999999697e+02 6.214787033333333710e+01 -2.851127766666666830e+01
2.090466110000000128e+02 6.196011133333333731e+01 -5.145584466666667112e+01
2.059975980000000106e+02 5.901363066666667123e+01 -7.753652566666666246e+01
2.136139163333333499e+02 6.298627933333333573e+01 -4.175727799999999945e+01
2.114432676666666850e+02 6.066711200000000304e+01 -2.377661000000000158e+01
2.188746713333333389e+02 6.135149799999999942e+01 -1.273322899999999969e+01
2.075987476666666680e+02 5.604262333333333146e+01 -1.021254366666666691e+01
2.032406763333333402e+02 5.503631299999999982e+01 -1.475545066666666649e+01
2.145930496666666443e+02 6.228450633333333286e+01 -3.743812966666666142e+01
2.107253719999999930e+02 6.025098433333332792e+01 -2.296184100000000328e+01
2.152222183333333305e+02 6.133438100000000048e+01 -2.457010866666666615e+01
2.085879733333333377e+02 5.900077566666666939e+01 -2.762643433333333221e+01
2.115926986666666778e+02 6.023586666666665934e+01 -2.069273099999999843e+01
2.115392236666666861e+02 5.997461799999999954e+01 -1.938791233333333253e+01
2.083774879999999996e+02 5.958410299999999893e+01 -3.246597299999999819e+01
2.099763380000000268e+02 6.313846833333332853e+01 -8.814489866666667695e+01
2.096278183333333516e+02 6.293304533333333239e+01 -8.091366399999999715e+01
2.192643226666666578e+02 6.048442766666666870e+01 -3.949899333333333207e+00
2.120584716666666907e+02 6.137181400000000053e+01 -2.545395133333333249e+01
2.082359239999999829e+02 6.082429300000000438e+01 -5.304200099999999907e+01
2.105697539999999890e+02 5.946429900000000401e+01 -1.846899933333333266e+01
2.172267576666666571e+02 6.057220133333333223e+01 -7.031939000000000384e+00
2.068422066666666694e+02 5.752302966666666606e+01 -2.696675500000000270e+01
2.184823253333333639e+02 6.139825033333332982e+01 -1.355613833333333496e+01
2.110434633333333352e+02 6.182044166666666030e+01 -3.448704833333333397e+01
2.062830963333333330e+02 5.639003699999999952e+01 -1.707769599999999954e+01
2.054052306666666539e+02 5.572396466666666726e+01 -1.177151633333333258e+01
2.052463933333333443e+02 5.642728666666666726e+01 -2.168873866666666572e+01
2.081747840000000167e+02 5.934967633333332770e+01 -3.347785899999999515e+01
2.138500656666666657e+02 6.349101466666667193e+01 -5.723924266666666227e+01
2.149704136666666727e+02 6.124040333333332597e+01 -2.295570999999999984e+01
2.057794440000000122e+02 5.620321100000000314e+01 -1.674930533333333216e+01
2.130099639999999965e+02 6.270551733333333999e+01 -3.440906433333334036e+01
2.077134529999999870e+02 5.943751200000000523e+01 -4.272984800000000405e+01
2.083815833333333387e+02 5.917480533333333170e+01 -2.992330399999999813e+01
2.070023003333333236e+02 5.640716066666666251e+01 -1.473529833333333272e+01
2.157936809999999923e+02 6.096255199999999519e+01 -1.665293033333333383e+01
2.098434203333333414e+02 6.165249000000000024e+01 -3.618546800000000019e+01
2.158786013333333358e+02 6.149923299999999671e+01 -2.815712433333333209e+01
2.122457909999999686e+02 5.958485666666666702e+01 -1.685274933333333180e+01
2.156664493333333610e+02 6.015631266666667187e+01 -1.283585433333333548e+01
2.132006596666666667e+02 6.322014433333333727e+01 -4.799661699999999342e+01
2.056333276666666734e+02 5.812748300000000512e+01 -5.374276633333332853e+01
2.162294516666666766e+02 6.171666799999999853e+01 -3.513872366666667091e+01
2.040057319999999947e+02 5.750731866666667003e+01 -6.878471733333333304e+01
2.139417019999999923e+02 5.966819866666666172e+01 -1.311667933333333202e+01
2.112281759999999906e+02 5.921409066666666376e+01 -1.744585866666666618e+01
2.120639539999999954e+02 6.217999266666667069e+01 -2.950060066666666714e+01
2.071608986666666681e+02 5.570768033333333591e+01 -8.383589333333333116e+00
2.027562253333333331e+02 5.455442099999999783e+01 -1.161614366666666776e+01
2.148942603333333352e+02 6.221722333333332955e+01 -3.948289766666666623e+01
2.153846249999999998e+02 6.239302299999999946e+01 -4.916450666666666081e+01
2.094695546666666814e+02 6.143661466666666371e+01 -3.655804433333332781e+01
2.134947186666666710e+02 6.016787666666667178e+01 -1.619015866666666525e+01
2.092205473333333430e+02 5.724553933333333333e+01 -1.194925133333333100e+01
2.100102266666666537e+02 6.024488933333333307e+01 -2.469230399999999648e+01
2.097827749999999867e+02 6.210612633333332866e+01 -4.503927600000000098e+01
2.080745766666666441e+02 5.597155599999999964e+01 -7.401491666666667690e+00
2.112864453333333188e+02 6.241930166666666224e+01 -3.937290233333333589e+01
2.130139133333333348e+02 6.418180766666667125e+01 -8.492816066666667041e+01
2.059174633333333020e+02 5.876589133333333592e+01 -6.994570499999998958e+01
2.042227933333333283e+02 5.602886100000000624e+01 -2.080219699999999960e+01
2.111842809999999702e+02 6.017075500000000687e+01 -2.113709166666666661e+01
2.147901460000000213e+02 6.016283766666666821e+01 -1.561231200000000108e+01
2.086896403333333581e+02 5.680108933333332999e+01 -1.153028866666666552e+01
2.157082406666666827e+02 6.194768666666666945e+01 -4.123863033333332595e+01
2.049561609999999803e+02 5.606327633333333438e+01 -1.703913666666666771e+01
2.153868386666666481e+02 6.089221500000000020e+01 -1.778817466666666647e+01
2.110813919999999655e+02 6.005324833333333601e+01 -2.061948233333333391e+01
2.111939863333333278e+02 6.333859033333333599e+01 -7.597239733333333334e+01
2.082085523333333583e+02 5.661498233333333729e+01 -1.310151933333333396e+01
2.083269333333333577e+02 6.013479000000000241e+01 -3.922868899999999570e+01
2.135256643333333386e+02 6.245844799999999708e+01 -3.076924200000000198e+01
2.035654093333333492e+02 5.756802900000000278e+01 -8.493536100000000033e+01
2.086803703333333431e+02 6.246701600000000099e+01 -7.971322499999999422e+01
2.136876773333333404e+02 6.202478833333333341e+01 -2.678674499999999981e+01
2.086074453333333167e+02 5.776932566666666702e+01 -1.985968266666666793e+01
2.005013539999999921e+02 5.553983033333333452e+01 -5.429698666666666895e+01
2.118004543333333629e+02 6.281686600000000453e+01 -4.513177899999999454e+01
2.037454176666666683e+02 5.699243933333332990e+01 -5.114735600000000204e+01
2.008674563333333651e+02 5.468560066666666586e+01 -2.275373899999999949e+01
2.100620999999999867e+02 5.928182799999999730e+01 -2.015588499999999783e+01
2.122870953333333546e+02 5.903570066666666349e+01 -1.530896700000000088e+01
2.092612279999999885e+02 5.792348366666666237e+01 -1.847606433333332987e+01
2.125720553333333100e+02 6.377989400000000586e+01 -7.240969466666666676e+01
2.002650256666666735e+02 5.538426533333333168e+01 -5.054423233333333343e+01
2.123014463333333595e+02 5.984572000000000003e+01 -1.747849633333333585e+01
2.043127060000000199e+02 5.658148700000000275e+01 -3.079084566666666589e+01
2.088403133333333415e+02 6.031538766666665907e+01 -3.206738766666666152e+01
2.145279243333333170e+02 6.048974999999999369e+01 -1.719387066666666897e+01
2.060857049999999902e+02 5.723887899999999718e+01 -2.768288599999999988e+01
2.162999833333333299e+02 6.115634700000000379e+01 -1.747029300000000163e+01
2.004970663333333505e+02 5.474750533333334346e+01 -2.743141633333333473e+01
2.056861890000000130e+02 5.540241900000000186e+01 -8.752335999999999672e+00
2.131179823333333445e+02 6.282268600000000447e+01 -3.691667400000000754e+01
2.064477706666666563e+02 5.895026400000000422e+01 -5.951918066666667073e+01
2.090421203333333153e+02 6.055448400000000220e+01 -3.179012199999999666e+01
2.129813303333333181e+02 6.080155700000000252e+01 -1.967635799999999691e+01
2.094513230000000021e+02 5.980002033333332889e+01 -2.449811666666666454e+01
2.099302709999999763e+02 6.206844399999999951e+01 -4.313889199999999846e+01
2.032776720000000239e+02 5.709107700000000563e+01 -6.511386066666666750e+01
2.087500226666666379e+02 6.128358499999999509e+01 -4.602528099999999966e+01
2.100677436666666438e+02 5.722622666666666191e+01 -1.253704566666666587e+01
2.119058436666666694e+02 6.180935166666666447e+01 -2.810163533333333064e+01
2.129013653333333593e+02 6.346786133333333169e+01 -5.757928633333333579e+01
2.114957676666666657e+02 6.288764199999999960e+01 -5.089417866666666868e+01
2.008236833333333209e+02 5.627325099999999480e+01 -9.374504466666667213e+01
2.093776913333333312e+02 6.284349833333333635e+01 -8.018827766666667856e+01
2.059354656666666870e+02 5.549703699999999884e+01 -9.439851333333333372e+00
2.023941126666666435e+02 5.427193666666666871e+01 -9.835652666666666377e+00
2.091423879999999826e+02 6.067521599999999893e+01 -3.189333433333333190e+01
2.087884880000000010e+02 6.005229100000000386e+01 -3.042873733333333419e+01
2.197572936666666692e+02 6.096069199999999455e+01 -7.297531666666666972e+00
2.132780486666666491e+02 5.994447333333332750e+01 -1.525343199999999833e+01
2.060127296666666723e+02 5.820860300000000365e+01 -4.854972033333333314e+01
2.116278116666666449e+02 5.765094066666666350e+01 -1.013633100000000020e+01
2.086631099999999890e+02 5.653427433333333596e+01 -1.019149599999999900e+01
2.098475180000000080e+02 6.236312000000000211e+01 -5.216964333333334025e+01
2.134087636666666583e+02 5.951781466666665921e+01 -1.298782899999999962e+01
2.094003183333333311e+02 5.994569533333333311e+01 -2.518774466666666356e+01
2.070645633333333535e+02 5.885885099999999426e+01 -4.275620099999999724e+01
2.021092876666666598e+02 5.709127433333333101e+01 -9.486639499999999714e+01
2.085352433333333408e+02 6.245154400000000550e+01 -8.451557200000000591e+01
2.110235300000000223e+02 5.856818866666666423e+01 -1.629110733333333272e+01
2.079935966666666616e+02 5.678644133333333599e+01 -1.543865433333333392e+01
2.091519713333333357e+02 5.862624666666666684e+01 -2.386307966666666402e+01
2.047607326666666552e+02 5.735659933333332816e+01 -4.705421866666666375e+01
2.138330103333333057e+02 6.324359600000000370e+01 -4.980567866666666532e+01
2.010353313333333460e+02 5.643949566666666584e+01 -9.517630666666667594e+01
2.196128313333333324e+02 6.150802133333333899e+01 -1.509395166666666732e+01
2.051939353333333429e+02 5.521118299999999834e+01 -8.083549666666666411e+00
2.107711026666666783e+02 5.847507600000000139e+01 -1.643502499999999955e+01
2.059374066666666749e+02 5.914654066666667376e+01 -8.646865300000000332e+01
2.097121206666666637e+02 5.659527199999999425e+01 -6.627971666666667261e+00
2.118800346666666883e+02 5.774641666666666850e+01 -1.013398266666666636e+01
2.127350769999999613e+02 5.855463533333333004e+01 -1.185860100000000017e+01
2.092332513333333281e+02 6.120563200000000137e+01 -3.666866066666666057e+01
2.134861983333333626e+02 5.882866500000000087e+01 -9.529743999999999104e+00
2.082223683333333213e+02 6.001992899999999764e+01 -3.999530833333333391e+01
2.098059596666666948e+02 6.041917733333333018e+01 -2.635970066666666867e+01
2.084122946666666678e+02 5.618388133333333911e+01 -8.519729666666664869e+00
2.013120993333333217e+02 5.605867966666667002e+01 -6.131639733333332742e+01
2.195452129999999897e+02 6.110517100000000568e+01 -9.039301666666666790e+00
2.140457580000000064e+02 6.290009266666666576e+01 -4.296518199999999865e+01
2.107709853333333285e+02 5.806519566666666066e+01 -1.509753800000000012e+01
2.033283253333333107e+02 5.766351700000000591e+01 -9.879149199999999098e+01
2.195105406666666568e+02 6.058170466666666698e+01 -4.234089333333333371e+00
2.028829746666666551e+02 5.447383299999999196e+01 -1.053303566666666846e+01
2.104827600000000132e+02 6.332256366666666736e+01 -9.024007666666666694e+01
2.130807123333333095e+02 6.172731800000000391e+01 -2.383166666666666700e+01
2.022391883333333169e+02 5.588624766666666943e+01 -3.790285399999999782e+01
2.058321393333333162e+02 5.714652166666667199e+01 -2.843098066666666668e+01
2.112249170000000049e+02 5.839763199999999443e+01 -1.547102399999999989e+01
2.078206270000000302e+02 5.914190133333332966e+01 -3.604439066666666491e+01
2.028938583333333554e+02 5.648534766666666229e+01 -4.791198566666667347e+01
2.133186206666666749e+02 6.263139866666666222e+01 -3.284159633333333517e+01
2.028949606666666625e+02 5.523265733333332861e+01 -1.819469666666666896e+01
2.154611253333333423e+02 6.184587366666666952e+01 -3.656404399999999555e+01
2.070561656666666295e+02 6.010925166666666541e+01 -8.754475233333333506e+01
2.193066790000000310e+02 6.100074133333333748e+01 -7.866162666666666858e+00
2.143744233333333398e+02 6.052043499999999909e+01 -1.740637200000000107e+01
2.052125389999999925e+02 5.791418999999999784e+01 -5.603608066666667042e+01
2.025146143333333555e+02 5.700921633333333460e+01 -7.888734766666665621e+01
2.125705013333333397e+02 6.235966799999999921e+01 -2.964139233333333223e+01
2.068108456666666655e+02 5.876137200000000149e+01 -4.538533066666666826e+01
2.006621016666666719e+02 5.555428400000000266e+01 -5.249483299999999986e+01
2.155583326666666437e+02 6.197226700000000932e+01 -4.070408900000000330e+01
2.067037329999999713e+02 5.905024800000000340e+01 -5.561635666666666111e+01
2.109314833333333183e+02 6.048511566666667250e+01 -2.396400300000000172e+01
2.004662333333333208e+02 5.447675866666666167e+01 -2.121235633333333226e+01
2.017404549999999972e+02 5.570202566666666399e+01 -4.084725300000000203e+01
2.126434083333333547e+02 6.402850899999999967e+01 -8.201445533333333060e+01
2.018945293333333382e+02 5.526191999999999638e+01 -2.832041366666666704e+01
2.001769333333333236e+02 5.577369699999999852e+01 -7.601250766666666436e+01
2.074062343333333445e+02 5.949572500000000019e+01 -5.143236166666665810e+01
2.063102606666666361e+02 5.529930866666666844e+01 -7.379285333333332808e+00
2.131753666666666902e+02 6.225450799999999418e+01 -2.751638300000000115e+01
2.112760746666666591e+02 5.866150833333333736e+01 -1.625868233333333635e+01
2.101632963333333066e+02 5.980872433333333760e+01 -2.087268133333333253e+01
2.183726636666666536e+02 6.088777000000001038e+01 -7.220949000000000062e+00
2.126721286666666799e+02 6.085746033333333571e+01 -2.056545099999999948e+01
2.135504153333333477e+02 6.042365633333333363e+01 -1.740033599999999936e+01
2.105218003333333456e+02 6.042260833333332926e+01 -2.489510166666666535e+01
2.111420120000000225e+02 6.112520733333332856e+01 -2.835916633333333436e+01
2.123650379999999984e+02 6.131628599999999096e+01 -2.353179000000000087e+01
2.059700553333333346e+02 5.793849833333333521e+01 -4.216430066666666221e+01
2.051540726666666785e+02 5.741234933333333856e+01 -4.228520100000000070e+01
2.049509286666666696e+02 5.841668299999999903e+01 -8.838315766666666207e+01
2.081818693333333385e+02 6.056718033333333295e+01 -5.007088566666666907e+01
2.157075653333333491e+02 6.042500166666666672e+01 -1.329705966666666761e+01
2.083437596666666707e+02 6.159810433333333179e+01 -6.412031333333332839e+01
2.076051943333333440e+02 6.015878566666666671e+01 -6.228638033333333368e+01
2.091747713333333252e+02 5.697834599999999483e+01 -1.020196966666666505e+01
2.052848693333333756e+02 5.669517466666666650e+01 -2.616749966666666793e+01
2.095186133333333203e+02 5.677092499999999831e+01 -8.573542000000001551e+00
2.157247413333333270e+02 6.152567300000000472e+01 -2.894901566666666781e+01
2.083405970000000025e+02 5.632526100000000469e+01 -1.039513566666666655e+01
2.140178613333333431e+02 6.032198299999999591e+01 -1.672130566666666596e+01
2.109426273333333484e+02 6.170774666666667230e+01 -3.404920666666666307e+01
2.172683546666666814e+02 6.126787333333333407e+01 -1.506946899999999978e+01
2.118796676666666770e+02 5.815310633333333357e+01 -1.271249033333333323e+01
2.114563550000000021e+02 6.188919733333333539e+01 -3.184812533333333207e+01
2.094645803333333163e+02 5.774912299999999732e+01 -1.617757566666666591e+01
2.052238416666666581e+02 5.548219866666666888e+01 -9.886497333333332804e+00
2.119300913333333085e+02 5.800934500000000327e+01 -1.169193066666666603e+01
2.144940793333333033e+02 6.259477300000000355e+01 -4.193018066666666499e+01
2.140703286666666827e+02 6.017237933333333899e+01 -1.602519200000000055e+01
2.178122826666666754e+02 6.198314200000000795e+01 -2.794517799999999852e+01
2.128627066666666678e+02 6.271674566666666806e+01 -3.505556833333333344e+01
2.116871180000000265e+02 5.954333733333333356e+01 -1.777912699999999901e+01
2.119543333333333237e+02 6.084924566666666834e+01 -2.314338833333333056e+01
2.198259263333333422e+02 6.165847033333333371e+01 -1.766542000000000101e+01
2.095694886666666719e+02 5.704014000000000095e+01 -1.059617733333333156e+01
2.138142139999999927e+02 6.282385700000000384e+01 -3.923235633333333539e+01
2.134361796666666748e+02 5.897094166666666837e+01 -1.038898599999999917e+01
2.143511919999999975e+02 6.177049900000000093e+01 -2.758980166666666989e+01
2.087204329999999857e+02 6.102065100000000797e+01 -4.289771433333334016e+01
2.164837093333333371e+02 6.182938100000000503e+01 -3.850603799999999666e+01
2.102668510000000026e+02 5.828968300000000369e+01 -1.756831200000000237e+01
2.105748536666666553e+02 6.068327933333333135e+01 -2.645934133333333094e+01
2.063182880000000239e+02 5.665562666666667013e+01 -1.962973500000000016e+01
2.122534263333333229e+02 6.396652733333332463e+01 -8.556651966666667875e+01
2.099659430000000100e+02 5.793224166666666974e+01 -1.707560700000000153e+01
2.020894213333333482e+02 5.591148899999999600e+01 -4.095282399999999967e+01
2.040570780000000184e+02 5.649519199999999586e+01 -3.129256333333333373e+01
2.139040649999999744e+02 5.980835466666666633e+01 -1.402148600000000123e+01
2.150453133333333255e+02 6.025825800000000498e+01 -1.548817399999999900e+01
2.069585443333333217e+02 5.915097499999999542e+01 -5.229630366666666674e+01
2.195269250000000056e+02 6.084320066666666804e+01 -6.124273999999999774e+00
2.104365369999999587e+02 6.226457199999999403e+01 -4.489226600000000644e+01
2.060313213333332953e+02 5.629655033333333591e+01 -1.705990399999999951e+01
2.167356623333333516e+02 6.189782733333333198e+01 -3.894238299999999953e+01
2.095603686666666761e+02 5.827933999999999770e+01 -2.033468499999999679e+01
2.165629250000000354e+02 6.083424633333333276e+01 -1.087917299999999976e+01
2.036420856666666452e+02 5.687557733333333232e+01 -4.857831333333333390e+01
2.083139933333333431e+02 5.741238399999999586e+01 -1.838844566666666935e+01
2.087486943333333329e+02 6.192341099999999443e+01 -5.806240900000000238e+01
2.077182589999999891e+02 5.642620333333334059e+01 -1.303652100000000047e+01
2.092476323333333710e+02 5.997259766666667247e+01 -2.609863500000000158e+01
2.109745143333333317e+02 5.912163133333333320e+01 -1.749024433333333306e+01
2.066883213333333345e+02 5.578155100000000033e+01 -1.053172399999999875e+01
2.048027250000000095e+02 5.472115766666667014e+01 -7.315433666666666390e+00
2.099951086666666527e+02 6.232800333333333498e+01 -4.980106233333333421e+01
2.121091283333333024e+02 6.122736433333332684e+01 -2.448160133333333377e+01
2.104172829999999976e+02 5.908256166666666331e+01 -1.847663133333333363e+01
2.010636273333333293e+02 5.616599666666666479e+01 -7.542542733333334581e+01
2.087692126666666752e+02 5.733133699999999777e+01 -1.449588099999999891e+01
2.157641366666666727e+02 6.027788333333333526e+01 -1.266578800000000093e+01
2.109428629999999885e+02 6.242269999999999897e+01 -4.354849533333333511e+01
2.071642083333333346e+02 5.898075299999999999e+01 -4.354690766666666235e+01
2.053255133333333333e+02 5.862242433333333480e+01 -8.524397433333332685e+01
2.047768396666666604e+02 5.650155733333333075e+01 -2.565964666666666361e+01
2.176848209999999710e+02 6.170803100000000541e+01 -2.220352866666666714e+01
2.104695393333333584e+02 6.016122699999999668e+01 -2.290633766666666915e+01
2.089309709999999995e+02 5.688952233333333197e+01 -1.057945566666666615e+01
2.150031513333333351e+02 6.192340599999999995e+01 -3.479502300000000048e+01
2.107859106666666378e+02 6.246353533333333274e+01 -4.636202633333332557e+01
2.077288216666666756e+02 5.860811433333333298e+01 -2.988745633333333274e+01
2.131519153333333350e+02 5.942976833333333531e+01 -1.329769166666666713e+01
2.072244509999999593e+02 5.841988466666666824e+01 -3.334448066666666222e+01
2.071272526666666636e+02 5.611675766666667187e+01 -1.194677633333333233e+01
2.048341836666666893e+02 5.635402433333333505e+01 -2.240766266666666695e+01
2.088913139999999942e+02 5.662043200000000098e+01 -9.378392333333332331e+00
2.018415939999999864e+02 5.581871833333332944e+01 -4.232413833333333031e+01
2.043230173333332971e+02 5.792454899999999185e+01 -8.099841233333334856e+01
2.055923663333333309e+02 5.528097866666666960e+01 -7.955069999999999197e+00
2.099675290000000132e+02 6.120452433333333175e+01 -3.137460333333333651e+01
2.090568993333333481e+02 5.809745766666666356e+01 -2.104979266666666504e+01
2.060063470000000052e+02 5.670814099999999058e+01 -2.177355433333333323e+01
2.018674003333333360e+02 5.440907200000000188e+01 -1.283030699999999946e+01
2.176568403333333492e+02 6.196106766666665777e+01 -2.895682433333333350e+01
2.064063960000000009e+02 5.609830199999999678e+01 -1.390789533333333416e+01
2.086856326666666916e+02 5.993460733333333224e+01 -3.080610833333333076e+01
2.145565903333333324e+02 6.159313933333333324e+01 -2.642759133333333565e+01
2.154971763333333286e+02 6.059763133333333229e+01 -1.501183400000000034e+01
2.049088199999999915e+02 5.732937066666666936e+01 -4.407457766666666998e+01
2.101681670000000111e+02 6.102814266666666754e+01 -2.947388066666666973e+01
2.131334450000000231e+02 6.037176033333332725e+01 -1.758728566666666637e+01
2.114967739999999878e+02 6.369020933333333545e+01 -8.864858600000000877e+01
2.159487203333333127e+02 6.203450233333333586e+01 -4.585742899999999622e+01
2.039539706666666916e+02 5.722579733333333252e+01 -5.683747966666666684e+01
2.118302640000000281e+02 5.748351199999999750e+01 -7.789462666666665314e+00
2.062589346666666472e+02 5.680140499999999548e+01 -2.144944299999999870e+01
2.111413066666666509e+02 6.307981933333334013e+01 -6.396436433333332872e+01
2.074412829999999985e+02 5.606713266666667295e+01 -1.076760966666666697e+01
2.135262563333333219e+02 6.284972366666666943e+01 -3.803010599999999641e+01
2.123139223333333518e+02 6.146039933333332783e+01 -2.436623699999999815e+01
2.103825133333333213e+02 6.320576299999999748e+01 -8.483753833333334171e+01
2.021006383333333360e+02 5.509900633333333531e+01 -2.263820899999999980e+01
2.111875283333333471e+02 6.057586033333333120e+01 -2.381305233333333149e+01
2.096579733333333024e+02 5.880820033333333186e+01 -2.227534033333333241e+01
2.121544446666666772e+02 6.027512400000000525e+01 -1.960912566666666734e+01
2.121975720000000081e+02 5.972814899999999483e+01 -1.739138966666666519e+01
2.074663736666666409e+02 6.120240400000000136e+01 -9.952055533333333415e+01
2.118736490000000003e+02 6.236820966666666521e+01 -3.310855333333333306e+01
2.080093406666666453e+02 5.746472766666666843e+01 -2.071544933333333205e+01
2.056541873333333399e+02 5.581743999999999772e+01 -1.250736933333333489e+01
2.102948526666666567e+02 6.226975633333333349e+01 -4.604203266666667105e+01
2.101641106666666872e+02 5.899091600000000568e+01 -1.960086199999999934e+01
2.074848350000000039e+02 5.810123733333333718e+01 -2.727616999999999692e+01
2.062288939999999968e+02 5.762324466666666467e+01 -3.268290266666667065e+01
2.131286326666666753e+02 6.199046933333332987e+01 -2.544548233333333442e+01
2.078230863333333502e+02 5.587567099999998987e+01 -7.394265666666666625e+00
2.071907629999999756e+02 5.664741266666666775e+01 -1.643893900000000130e+01
2.066076500000000067e+02 5.701535433333333458e+01 -2.210115600000000313e+01
2.039615763333333405e+02 5.480516700000000441e+01 -1.049412799999999990e+01
2.073430243333333465e+02 5.771402299999999741e+01 -2.577790466666666802e+01
2.069758296666666695e+02 5.681855699999999842e+01 -1.876634699999999967e+01
2.016969583333333276e+02 5.501588699999999932e+01 -2.490939499999999995e+01
2.021615356666666514e+02 5.683181666666666843e+01 -7.810251433333333182e+01
2.123221479999999985e+02 6.226539800000000469e+01 -2.933919700000000219e+01
2.108317196666666860e+02 6.077280566666667028e+01 -2.625884866666666539e+01
2.043995546666666598e+02 5.466707233333332994e+01 -8.159412000000001441e+00
2.067002420000000029e+02 5.945792199999999639e+01 -7.234422700000000361e+01
2.062187893333333477e+02 5.803671833333334007e+01 -4.094686033333332631e+01
2.036891336666666632e+02 5.589277400000000284e+01 -2.251984799999999609e+01
2.007629543333333402e+02 5.514984133333333460e+01 -3.648856033333333215e+01
2.092003980000000354e+02 5.889032499999999715e+01 -2.455357700000000065e+01
2.119500686666666525e+02 6.360998166666666975e+01 -7.514001199999999869e+01
2.054022776666666630e+02 5.503699033333333546e+01 -7.071231999999999296e+00
2.080173069999999882e+02 6.019689600000000240e+01 -4.831533966666666657e+01
2.073584509999999739e+02 5.730086933333333121e+01 -2.248199266666666674e+01
2.035314763333333303e+02 5.593184333333334024e+01 -2.446887533333332954e+01
2.102678256666666528e+02 5.787858700000000312e+01 -1.610254999999999725e+01
2.106777496666666991e+02 6.236594566666666850e+01 -4.515051899999999563e+01
2.096975566666666566e+02 6.185544366666666605e+01 -4.013925533333333107e+01
2.138509856666666735e+02 5.942420200000000108e+01 -1.164048066666666692e+01
2.073619426666666641e+02 5.922522866666665919e+01 -4.546315433333332834e+01
2.040336959999999920e+02 5.449220666666666801e+01 -7.987028666666667220e+00
2.014997003333333225e+02 5.449594666666666853e+01 -1.548587333333333227e+01
2.060661396666666860e+02 5.656214633333332387e+01 -1.983599533333333298e+01
2.137384633333333284e+02 5.931327533333332980e+01 -1.118092833333333402e+01
2.117285183333333407e+02 5.817778366666666301e+01 -1.328281966666666669e+01
2.030384930000000168e+02 5.481286866666666668e+01 -1.327451800000000048e+01
2.081944049999999891e+02 6.157819666666666336e+01 -6.978061833333333652e+01
2.014352099999999837e+02 5.536880199999999519e+01 -3.655719733333333465e+01
2.087274996666666596e+02 5.706646766666667503e+01 -1.281809366666666783e+01
2.044586483333333433e+02 5.557444999999999169e+01 -1.416551499999999919e+01
2.025654736666666906e+02 5.714848433333332878e+01 -8.558971733333332566e+01
2.152877896666666686e+02 6.077067199999999758e+01 -1.708004766666666896e+01
2.023515359999999816e+02 5.518407899999999700e+01 -2.155895599999999845e+01
2.079645356666666487e+02 5.652075700000000325e+01 -1.320632833333333345e+01
2.033732363333333524e+02 5.638193799999999811e+01 -3.711828999999999468e+01
2.046215830000000153e+02 5.652642333333333369e+01 -2.718586666666666929e+01
2.051408783333333474e+02 5.817385466666667071e+01 -6.897500399999999843e+01
2.106212010000000134e+02 5.972711799999999727e+01 -1.936651433333333117e+01
2.074766646666666645e+02 5.851450700000000182e+01 -3.139894500000000122e+01
2.152542949999999848e+02 6.201657733333333766e+01 -3.901634999999999565e+01
2.079810609999999826e+02 5.870064033333333242e+01 -2.886554899999999790e+01
2.108258476666666468e+02 5.996242233333333616e+01 -2.054585166666666751e+01
2.106197076666666419e+02 5.850130366666667214e+01 -1.685813133333333269e+01
2.073700586666666652e+02 5.880822500000000019e+01 -3.701818733333333711e+01
2.072254236666666714e+02 5.691353600000000057e+01 -1.905279166666666768e+01
2.045180033333333540e+02 5.570237433333333144e+01 -1.496270699999999998e+01
2.095056243333333441e+02 5.883549700000000371e+01 -2.310015866666666895e+01
2.087412906666666856e+02 5.897302466666666731e+01 -2.672616999999999976e+01
2.197383450000000096e+02 6.042181699999999722e+01 -3.484696000000000016e+00
2.077836173333333534e+02 6.122585666666666526e+01 -8.101793066666665766e+01
2.017485010000000045e+02 5.654893866666666469e+01 -7.366976766666665810e+01
2.129085286666666832e+02 6.361321899999999374e+01 -6.273430500000000620e+01
2.073572493333333284e+02 6.006053033333333246e+01 -7.037635500000000377e+01
2.040027213333333691e+02 5.706965166666666534e+01 -4.942843166666666122e+01
2.129701756666666768e+02 6.000042400000000242e+01 -1.610629333333333335e+01
2.091311473333333595e+02 6.274482166666666672e+01 -8.019925000000000637e+01
2.162125643333333471e+02 6.061692733333333649e+01 -1.117191300000000176e+01
2.101374319999999898e+02 6.271227566666666320e+01 -6.242221866666667296e+01
2.023101553333333129e+02 5.685429400000000300e+01 -7.563734766666667042e+01
2.190450286666666670e+02 6.064824233333333581e+01 -5.013536999999999466e+00
2.040908376666666584e+02 5.533608999999999156e+01 -1.424847100000000033e+01
2.027389416666666477e+02 5.482413966666666738e+01 -1.438613599999999870e+01
2.192351843333333363e+02 6.196536499999999847e+01 -2.358550400000000025e+01
2.118049666666666724e+02 6.210676333333333332e+01 -3.036604666666666574e+01
2.080807419999999865e+02 5.881976033333333476e+01 -2.939741399999999771e+01
2.160467139999999802e+02 6.105888300000000157e+01 -1.686885833333333196e+01
2.084108463333333248e+02 6.133146866666667307e+01 -5.640070133333333757e+01
2.053071946666666463e+02 5.628119099999999975e+01 -1.908125366666666523e+01
2.075227046666666695e+02 5.878193666666666672e+01 -3.456150299999999476e+01
2.025823929999999962e+02 5.648826799999999793e+01 -5.329385800000000017e+01
2.098388676666666868e+02 6.276719766666666800e+01 -6.872271600000000547e+01
2.070880039999999838e+02 5.997153066666666632e+01 -8.014469400000000121e+01
2.127229643333333513e+02 6.071409866666666488e+01 -1.987032933333333062e+01
2.058413293333333343e+02 5.537605033333333182e+01 -8.545740333333334604e+00
2.082980886666666720e+02 6.186710266666666058e+01 -7.268411133333331975e+01
2.050028393333333270e+02 5.744913033333333630e+01 -4.576755200000000201e+01
2.027845823333333328e+02 5.424714700000000533e+01 -8.768992666666667546e+00
2.137045406666666452e+02 6.079695099999999996e+01 -1.883126199999999884e+01
2.054387786666666500e+02 5.530742266666666751e+01 -8.235658333333333303e+00
2.054120553333333419e+02 5.749709966666666361e+01 -3.992239466666666914e+01
2.093496546666666802e+02 5.968160366666666761e+01 -2.475381233333333242e+01
2.081238326666666580e+02 6.030877166666667222e+01 -4.717087799999999476e+01
2.082407523333333472e+02 5.838044700000000375e+01 -2.508869733333333230e+01
2.122609526666666682e+02 6.079566333333333006e+01 -2.164114266666666708e+01
2.091284023333333550e+02 5.670889366666667541e+01 -8.792091666666665972e+00
2.136311310000000105e+02 5.974182366666666866e+01 -1.379964733333333271e+01
2.021317420000000027e+02 5.425578866666666755e+01 -1.026627933333333509e+01
2.095123146666666401e+02 5.801438999999999879e+01 -1.851562633333333352e+01
2.102374706666666668e+02 6.242074433333332451e+01 -5.067790466666667015e+01
2.101125783333333459e+02 5.954542500000000160e+01 -2.000828733333333176e+01
2.101201939999999979e+02 6.117363866666666894e+01 -3.061726200000000020e+01
2.081333479999999838e+02 6.071195033333333413e+01 -5.434738133333333820e+01
2.111451133333333416e+02 6.153174566666666578e+01 -3.179956500000000119e+01
2.105192383333333055e+02 5.797173366666666539e+01 -1.557503333333333195e+01
2.099945586666666770e+02 6.161536966666665904e+01 -3.510834499999999281e+01
2.016451893333333203e+02 5.517704666666666213e+01 -2.926283700000000110e+01
2.198225156666666464e+02 6.054402466666666527e+01 -3.922264000000000195e+00
2.059702220000000068e+02 5.644255400000000122e+01 -1.891873066666666503e+01
2.093897439999999790e+02 6.118832133333333445e+01 -3.485074633333332628e+01
2.143918329999999912e+02 6.246213766666667055e+01 -3.832720866666667092e+01
2.134344766666666828e+02 6.193423166666666901e+01 -2.532670866666666498e+01
2.068842466666666553e+02 5.779029299999999836e+01 -2.992269299999999888e+01
2.017296880000000101e+02 5.417750300000000152e+01 -1.032599566666666568e+01
2.026483343333333380e+02 5.635424333333332925e+01 -4.707536766666666495e+01
2.118341586666666387e+02 5.911153733333333093e+01 -1.662280433333333463e+01
2.093565079999999909e+02 5.845282800000000378e+01 -2.221254233333333161e+01
2.033228046666666842e+02 5.611843533333333056e+01 -3.066017133333333433e+01
2.138474036666666791e+02 6.158713666666667308e+01 -2.352948033333333555e+01
2.011042843333333394e+02 5.482776066666666992e+01 -2.462253566666666416e+01
2.121606779999999901e+02 6.148842333333333698e+01 -2.532496299999999678e+01
2.053455566666666527e+02 5.835744566666667055e+01 -7.111152866666667194e+01
2.098144680000000051e+02 5.671686600000000311e+01 -7.764022333333333137e+00
2.062399883333333435e+02 5.911659566666666166e+01 -7.308043266666666682e+01
2.022598543333333225e+02 5.449861066666667142e+01 -1.259147233333333382e+01
2.060915886666666665e+02 5.547099833333333407e+01 -9.182778333333333265e+00
2.078601929999999811e+02 6.023502500000000026e+01 -5.425701399999999808e+01
2.074074263333333477e+02 5.647656333333333123e+01 -1.425449433333333360e+01
2.141997760000000142e+02 6.287115099999999757e+01 -4.395511400000000179e+01
2.082809753333333447e+02 5.905678833333333699e+01 -2.999534466666666788e+01
2.182277446666666663e+02 6.133245400000000558e+01 -1.273413833333333400e+01
2.100882123333333311e+02 6.188060233333333571e+01 -3.863068033333333773e+01
2.109243843333333359e+02 5.926635366666666727e+01 -1.776648500000000297e+01
2.081274610000000109e+02 5.908505966666666609e+01 -3.162044233333332954e+01
2.056105766666666739e+02 5.892908133333332898e+01 -8.944210700000000713e+01
2.126852649999999869e+02 5.829343166666666320e+01 -1.079134700000000180e+01
2.096512013333333471e+02 6.085928366666666989e+01 -3.000122333333333202e+01
2.120826660000000174e+02 5.757948533333333074e+01 -7.768004000000000353e+00
2.133011549999999943e+02 5.940258266666666742e+01 -1.275164466666666563e+01
2.103177366666666614e+02 6.059497166666667312e+01 -2.657636466666666664e+01
2.111955726666666635e+02 6.138769366666665661e+01 -3.047519933333333242e+01
2.032863723333333326e+02 5.489066533333333808e+01 -1.327081100000000013e+01
2.084282620000000179e+02 5.984575933333334063e+01 -3.386083466666666908e+01
2.146440939999999955e+02 5.977073100000000494e+01 -1.358378266666666612e+01
2.133872413333333498e+02 6.167136866666666606e+01 -2.349002366666666930e+01
2.166526886666666485e+02 6.137418933333333371e+01 -2.116524300000000025e+01
2.034710726666666858e+02 5.567003466666667322e+01 -2.062227866666666642e+01
2.040133150000000057e+02 5.785933566666667360e+01 -8.775930033333332858e+01
2.108398300000000063e+02 6.200974099999999822e+01 -3.767842566666666926e+01
2.075067080000000033e+02 6.003684499999999957e+01 -6.313287166666666650e+01
2.128775626666666767e+02 6.149345066666666781e+01 -2.275065566666667038e+01
2.119017240000000299e+02 6.058823499999999740e+01 -2.188131500000000074e+01
2.171138053333333175e+02 6.199434366666667273e+01 -3.714067566666666664e+01
2.081065190000000200e+02 5.758449100000000698e+01 -2.097010999999999825e+01
2.053910063333333653e+02 5.876451033333333385e+01 -9.016934066666665615e+01
2.041700816666666469e+02 5.575383433333333727e+01 -1.756426499999999891e+01
2.133383726666666860e+02 6.019935033333333507e+01 -1.648005766666666716e+01
2.067623310000000174e+02 5.698979499999999376e+01 -2.123808400000000063e+01
2.111740943333333291e+02 5.813351199999999608e+01 -1.439545166666666631e+01
2.131329223333333402e+02 6.158226400000000211e+01 -2.297060000000000102e+01
2.089775110000000211e+02 6.275065599999999932e+01 -8.479774100000000203e+01
2.065624279999999828e+02 5.539535633333333209e+01 -7.441274666666667592e+00
2.175579823333333422e+02 6.207976099999999775e+01 -3.334663666666666870e+01
2.125701053333333448e+02 6.154869199999999552e+01 -2.372264099999999942e+01
2.110737009999999998e+02 5.842325366666666042e+01 -1.578593233333333323e+01
2.187154740000000004e+02 6.109083033333333645e+01 -9.261584333333333419e+00
2.156396600000000205e+02 6.098804499999999962e+01 -1.781269366666666443e+01
2.037745810000000120e+02 5.443557166666666802e+01 -8.169166999999999845e+00
2.122345193333333100e+02 5.755612366666665736e+01 -6.438562999999999370e+00
2.122624503333333053e+02 6.119986033333333353e+01 -2.351816599999999724e+01
2.110345790000000079e+02 6.060233966666667271e+01 -2.443962366666666597e+01
2.122631876666666813e+02 6.316107299999999469e+01 -5.272481766666666658e+01
2.012117903333333118e+02 5.491574599999999151e+01 -2.619265333333333601e+01
2.179784446666666611e+02 6.125842433333333048e+01 -1.204047366666666541e+01
2.089992560000000310e+02 5.865379100000000534e+01 -2.455890599999999679e+01
2.081462746666666419e+02 5.676075900000000019e+01 -1.455199166666666599e+01
2.133946229999999957e+02 6.085807299999999742e+01 -1.935512833333333305e+01
2.091966926666666495e+02 6.011816066666667524e+01 -2.706333266666666759e+01
2.118047446666666644e+02 6.322793633333333219e+01 -6.079127533333332423e+01
2.044396560000000136e+02 5.584010933333333782e+01 -1.690267466666666607e+01
2.035338326666666546e+02 5.718191233333333656e+01 -6.395893933333332626e+01
2.107364073333333181e+02 6.341477466666666629e+01 -9.037467533333331460e+01
2.006103563333333568e+02 5.610583199999999948e+01 -8.980536233333333485e+01
2.006080053333333524e+02 5.441710266666666485e+01 -1.889292133333333368e+01
2.121001803333333271e+02 6.001461599999999663e+01 -1.862329033333333328e+01
2.080769963333333408e+02 6.045369900000000030e+01 -5.125613933333332994e+01
2.051706733333333261e+02 5.699204733333333905e+01 -3.288967766666666392e+01
2.125401106666666635e+02 5.912884533333332371e+01 -1.471131833333333283e+01
2.147813633333333598e+02 6.058149666666665922e+01 -1.733308366666666700e+01
2.149456619999999987e+02 6.013650100000000265e+01 -1.524163899999999927e+01
2.058136013333333096e+02 5.646898699999999849e+01 -1.989949433333333317e+01
2.014487139999999954e+02 5.496828333333333916e+01 -2.581929700000000238e+01
2.139861100000000249e+02 6.238135133333333471e+01 -3.290698499999999882e+01
2.126730276666666839e+02 6.207013166666666848e+01 -2.647020799999999952e+01
2.030910079999999880e+02 5.506697933333333594e+01 -1.555329700000000059e+01
2.081883593333333522e+02 6.095717200000000702e+01 -5.711101466666666937e+01
2.196105283333333489e+02 6.096995766666666583e+01 -7.402899000000000562e+00
2.009196796666666387e+02 5.516417966666666217e+01 -3.558667033333333762e+01
2.112748010000000249e+02 5.743558533333333571e+01 -9.615373333333332440e+00
2.127001176666666709e+02 5.950829600000000141e+01 -1.508547900000000119e+01
2.054229200000000048e+02 5.708374200000000087e+01 -3.174470866666666780e+01
2.079147379999999714e+02 5.967351999999999634e+01 -4.222019933333333341e+01
2.090965126666666549e+02 5.918157633333333933e+01 -2.548487799999999837e+01
2.045491560000000106e+02 5.463128033333333633e+01 -7.559482000000000035e+00
2.165967673333333323e+02 6.152491033333333093e+01 -2.640472033333333002e+01
2.042027500000000089e+02 5.730251633333332961e+01 -5.484627766666667270e+01
2.122340603333333320e+02 5.877314400000000205e+01 -1.460066233333333230e+01
2.112750529999999856e+02 5.825291766666666859e+01 -1.476555699999999938e+01
2.121820459999999855e+02 5.810427466666666874e+01 -1.152104466666666660e+01
2.030128110000000277e+02 5.618328100000000092e+01 -3.625092566666666727e+01
2.125015286666666725e+02 5.967703533333334320e+01 -1.629297200000000245e+01
2.060157823333333056e+02 5.927286699999999797e+01 -8.999671999999998206e+01
2.128762046666666663e+02 6.189970766666666435e+01 -2.502083466666666922e+01
2.174075883333333365e+02 6.204806533333334073e+01 -3.448681266666666545e+01
2.112806749999999738e+02 5.947678499999999957e+01 -1.793086533333333321e+01
2.088130710000000363e+02 5.759592166666666913e+01 -1.688511233333333550e+01
2.147516846666666481e+02 6.280554166666667015e+01 -4.932376566666666662e+01
2.094613159999999823e+02 5.649980033333333296e+01 -6.477850666666665980e+00
2.118833033333333162e+02 5.896745066666665736e+01 -1.614883433333333684e+01
2.035555759999999736e+02 5.536926666666666819e+01 -1.677923433333333136e+01
2.082175016666666636e+02 5.729283566666666871e+01 -1.813506500000000088e+01
2.084562339999999949e+02 6.146881033333333022e+01 -5.746623033333333552e+01
2.091967323333333297e+02 5.970867599999999698e+01 -2.558452699999999780e+01
2.008463996666666844e+02 5.599842766666666449e+01 -7.287284100000000819e+01
2.075498703333333594e+02 6.032176766666666623e+01 -6.904593633333333003e+01
2.135107563333333474e+02 6.310851633333333410e+01 -4.471370399999999989e+01
2.062978276666666488e+02 5.706689399999999779e+01 -2.417952100000000470e+01
2.025983470000000182e+02 5.527637899999999860e+01 -2.074651733333333326e+01
2.161457163333333256e+02 6.118095999999999890e+01 -1.886618999999999957e+01
2.108240113333333454e+02 5.955566633333333471e+01 -1.847435533333333524e+01
2.123356953333333479e+02 5.889188299999999998e+01 -1.470233433333333295e+01
2.081410296666666682e+02 6.143820933333333301e+01 -6.884661200000000747e+01
2.150577936666666403e+02 6.177632399999999535e+01 -3.231022999999999712e+01
2.124147023333333379e+02 6.076866833333333062e+01 -2.098831699999999856e+01
2.089201936666666768e+02 5.730318199999999962e+01 -1.340500899999999973e+01
2.104714676666666548e+02 6.056683733333333208e+01 -2.602672899999999956e+01
2.081704713333333530e+02 5.975950199999999768e+01 -3.773885233333333389e+01
2.102536313333333453e+02 6.169025199999999387e+01 -3.540545366666666638e+01
2.091330323333333183e+02 6.107796866666666347e+01 -3.647522366666666471e+01
2.065663283333333311e+02 5.825415566666666933e+01 -4.009482533333332555e+01
2.134929276666666738e+02 6.138048133333333567e+01 -2.172172699999999779e+01
2.024354069999999695e+02 5.649015333333333189e+01 -5.598563866666665945e+01
2.123113529999999685e+02 6.342166733333332473e+01 -6.185341333333332869e+01
2.077478140000000337e+02 5.669161233333333172e+01 -1.539526699999999870e+01
2.127380659999999750e+02 5.895962700000000467e+01 -1.344190966666666753e+01
2.068984196666666833e+02 5.737688366666666440e+01 -2.496967133333333422e+01
2.053436146666666673e+02 5.654803599999999619e+01 -2.323601299999999981e+01
2.038041686666666692e+02 5.725800766666666419e+01 -6.156269333333332838e+01
2.058039380000000165e+02 5.837944266666666948e+01 -5.869539766666667191e+01
2.149034746666666535e+02 5.986776499999999857e+01 -1.394632966666666540e+01
2.098241316666666592e+02 6.180363233333332573e+01 -3.844413633333332569e+01
2.102143650000000150e+02 5.925477133333333057e+01 -1.933947833333333222e+01
2.031575206666666702e+02 5.657474099999999595e+01 -4.659058733333333180e+01
2.127684666666666544e+02 6.258758866666666876e+01 -3.261162566666666862e+01
2.005080010000000073e+02 5.501906733333333932e+01 -3.484279000000000082e+01
2.059307609999999897e+02 5.726556366666667230e+01 -2.928681733333333170e+01
2.087461523333333560e+02 5.856302866666666773e+01 -2.499880733333333183e+01
2.068188763333333497e+02 5.834961433333332792e+01 -3.795818399999999571e+01
2.113369953333333342e+02 6.014445933333333727e+01 -2.063962433333333379e+01
2.110388466666666716e+02 6.296180999999999273e+01 -6.022866966666666144e+01
2.089953696666666474e+02 5.906350400000000178e+01 -2.576189466666666661e+01
2.013451893333333373e+02 5.486898700000000417e+01 -2.408904966666666780e+01
2.060443656666666641e+02 5.847837066666667027e+01 -5.580555066666666875e+01
2.010334480000000212e+02 5.417345233333332999e+01 -1.228548700000000160e+01
2.075114916666666431e+02 5.727543566666665953e+01 -2.173023999999999845e+01
2.089516360000000077e+02 5.838951233333333590e+01 -2.348350100000000040e+01
2.194135886666666693e+02 6.136711933333333491e+01 -1.281356099999999998e+01
2.113755276666666703e+02 5.796378066666667195e+01 -1.290891000000000055e+01
2.109285340000000133e+02 6.007988766666667146e+01 -2.114580233333333581e+01
2.058800003333333279e+02 5.890096500000000646e+01 -7.692606066666667175e+01
2.175228756666666641e+02 6.134511266666666529e+01 -1.526956133333333376e+01
2.077612023333333298e+02 5.970395733333333510e+01 -4.667616199999999793e+01
2.138087669999999889e+02 6.009923599999999766e+01 -1.569485866666666674e+01
2.104676973333333478e+02 5.688299766666667523e+01 -7.007110333333333330e+00
2.142982603333333316e+02 6.191865066666667161e+01 -2.915169466666666764e+01
2.134092246666666597e+02 6.337235000000000440e+01 -5.257996333333333183e+01
2.157637129999999672e+02 6.179576933333333244e+01 -3.694944266666666266e+01
2.004143030000000181e+02 5.566548433333333179e+01 -6.284873966666666689e+01
2.022481050000000096e+02 5.547685666666666293e+01 -2.807923333333333460e+01
2.012685679999999877e+02 5.541487300000000005e+01 -3.972736966666666802e+01
2.101947820000000036e+02 6.214703599999999284e+01 -4.361852733333333276e+01
2.074606409999999812e+02 5.934654866666667061e+01 -4.626556133333333065e+01
2.111234913333333623e+02 5.786918233333333461e+01 -1.301752333333333489e+01
2.038101130000000012e+02 5.543669833333333230e+01 -1.635092200000000062e+01
2.076674899999999582e+02 5.917015133333332955e+01 -3.879142600000000130e+01
2.155113056666666580e+02 6.018175533333333505e+01 -1.359224100000000135e+01
2.079334710000000257e+02 5.693235699999999611e+01 -1.698665266666666795e+01
2.063466626666666741e+02 5.882949666666667099e+01 -5.845788699999999949e+01
2.129725369999999884e+02 6.242966633333332993e+01 -2.956134533333333536e+01
2.100634183333333169e+02 6.091365866666666307e+01 -2.897647700000000270e+01
2.021157616666666570e+02 5.617797733333333099e+01 -4.934047033333333587e+01
2.041052630000000079e+02 5.676591366666666971e+01 -3.774772300000000058e+01
2.042803649999999891e+02 5.586553599999999875e+01 -1.819698833333333354e+01
2.086933886666666638e+02 5.870896033333333008e+01 -2.585834966666666901e+01
2.160382623333333356e+02 6.213830333333333300e+01 -4.991728399999999510e+01
2.053008489999999711e+02 5.778783233333333413e+01 -4.969338266666667181e+01
2.009103553333333423e+02 5.614637833333333106e+01 -8.035139499999999657e+01
2.085995416666666813e+02 5.668181966666666227e+01 -1.142340866666666699e+01
2.045596890000000201e+02 5.752280566666667028e+01 -5.614049633333333844e+01
2.057476029999999980e+02 5.897130866666666549e+01 -8.564034466666664969e+01
2.100413733333333255e+02 6.259415066666667116e+01 -5.866899433333333036e+01
2.123684923333333643e+02 6.328372766666666394e+01 -5.601920866666666399e+01
2.187979863333333412e+02 6.055245700000000397e+01 -4.661823666666666810e+00
2.046531773333333319e+02 5.474880933333332678e+01 -7.800595999999999641e+00
2.133431793333333246e+02 6.059918066666666192e+01 -1.836033633333333270e+01
2.109876486666666722e+02 6.269598166666666117e+01 -5.062052366666667780e+01
2.090103243333333296e+02 5.783282433333332762e+01 -1.856851766666666492e+01
2.102266266666666752e+02 6.128661400000000725e+01 -3.126566800000000157e+01
2.021572620000000313e+02 5.495573466666666462e+01 -1.961407900000000026e+01
2.107386096666666617e+02 6.188922833333333529e+01 -3.681195600000000212e+01
2.110914523333333364e+02 6.221941133333333340e+01 -3.821878766666666394e+01
2.071554153333333090e+02 5.939966066666666933e+01 -5.529770533333334015e+01
2.015409550000000252e+02 5.589647899999999936e+01 -4.984026233333333522e+01
2.176016516666666973e+02 6.182809433333333260e+01 -2.602416666666666956e+01
2.078742076666666492e+02 5.899453366666666199e+01 -3.332469466666666591e+01
2.101680123333333086e+02 5.734640399999999971e+01 -1.332681066666666680e+01
2.018666363333333322e+02 5.472173699999999741e+01 -1.769828500000000204e+01
2.099178353333333291e+02 5.725295133333332842e+01 -1.279817066666666925e+01
2.030449056666666650e+02 5.520956866666666230e+01 -1.721858133333333285e+01
2.075333729999999832e+02 5.686276733333333055e+01 -1.770125566666666472e+01
2.075760646666666673e+02 5.863484399999999397e+01 -3.180807033333333322e+01
2.059209359999999833e+02 5.767449266666667285e+01 -3.668583900000000142e+01
2.003845279999999605e+02 5.423544166666667365e+01 -1.680284166666666579e+01
2.010832219999999779e+02 5.589967500000000200e+01 -6.005245166666666279e+01
2.043604233333333298e+02 5.685438266666667317e+01 -3.732106999999999886e+01
2.137806153333333441e+02 5.916949566666666982e+01 -1.023859333333333410e+01
2.092328336666666644e+02 6.213164966666666800e+01 -5.244247233333333469e+01
2.138624360000000024e+02 6.035689066666666491e+01 -1.692777566666666544e+01
2.011512360000000115e+02 5.604505466666665825e+01 -6.529988033333331998e+01
2.084500113333333502e+02 5.670867533333333199e+01 -1.251313066666666707e+01
2.160898150000000157e+02 6.132717399999999230e+01 -2.276449733333333469e+01
2.115351773333333369e+02 5.956906200000000240e+01 -1.796969833333333000e+01
2.125099733333333631e+02 6.007984966666666793e+01 -1.774612066666666621e+01
2.120833853333333252e+02 5.879822833333332710e+01 -1.512729066666666711e+01
2.052485846666666873e+02 5.575023533333333603e+01 -1.231488233333333504e+01
2.054649219999999730e+02 5.625564733333333578e+01 -1.824609999999999843e+01
2.136838079999999991e+02 5.905724833333332668e+01 -9.902716666666664835e+00
2.024481826666666677e+02 5.571622166666666232e+01 -3.056136866666666663e+01
2.195962060000000236e+02 6.070363533333333095e+01 -4.960533333333333239e+00
2.090475046666666685e+02 5.891784200000000027e+01 -2.524409300000000300e+01
2.110855116666666618e+02 6.281873833333333579e+01 -5.365578433333333663e+01
2.067854146666666395e+02 5.657822733333333787e+01 -1.699327433333333204e+01
2.119966316666666728e+02 5.989709333333333774e+01 -1.839297433333333132e+01
2.083340673333333370e+02 5.891048566666665920e+01 -2.855884633333333156e+01
2.132636983333333376e+02 6.417458566666665831e+01 -8.294382766666666384e+01
2.127187199999999905e+02 6.233399466666666200e+01 -2.886902333333333459e+01
2.146008983333333617e+02 6.186168233333333433e+01 -3.054113700000000264e+01
2.114764226666666502e+02 5.808326199999999773e+01 -1.338613833333333503e+01
2.113902213333333293e+02 6.040572099999999978e+01 -2.216068233333333026e+01
2.145118916666666564e+02 6.132492033333333126e+01 -2.304075433333333578e+01
2.151014866666666876e+02 6.204305533333333500e+01 -3.812858866666667268e+01
2.114958706666666615e+02 6.216586666666666616e+01 -3.345914366666666950e+01
2.123137043333333338e+02 6.278368666666667508e+01 -3.989432966666667113e+01
2.060582626666666783e+02 5.520329766666666416e+01 -7.238451999999999664e+00
2.176321763333333195e+02 6.146010733333333320e+01 -1.698190899999999814e+01
2.132363743333333730e+02 5.873897600000000097e+01 -1.028275133333333358e+01
2.070179266666666535e+02 5.859145699999999835e+01 -3.868264099999999672e+01
2.079430333333333465e+02 6.091310033333333962e+01 -6.579226966666665533e+01
2.099110389999999882e+02 5.889946933333333590e+01 -2.103733499999999879e+01
2.112247230000000116e+02 5.717143266666666790e+01 -6.614278333333333926e+00
2.120021940000000029e+02 6.387413633333333252e+01 -8.645693799999999385e+01
2.049326173333333543e+02 5.579926066666666884e+01 -1.383226633333333133e+01
2.101090546666666512e+02 6.172903800000000274e+01 -3.620288333333332531e+01
2.170206330000000037e+02 6.075193766666666306e+01 -8.591990666666665888e+00
2.090876206666666803e+02 6.081920366666667377e+01 -3.406756466666666938e+01
2.067382153333333292e+02 5.973175433333333473e+01 -8.503653200000000822e+01
2.102673716666666621e+02 6.073932133333332928e+01 -2.752203966666666801e+01
2.168518820000000176e+02 6.161141033333333894e+01 -2.738164199999999937e+01
2.131877693333333355e+02 6.361417133333333140e+01 -6.130448466666666718e+01
2.077557106666666584e+02 6.012323866666667271e+01 -5.556816899999999038e+01
2.108378449999999873e+02 6.117754866666666658e+01 -2.946362566666666183e+01
2.002534416666666459e+02 5.463902666666666619e+01 -2.684226966666666669e+01
2.066108403333333570e+02 5.851951900000000251e+01 -4.421020466666666238e+01
2.102674520000000200e+02 5.705371366666665978e+01 -1.059068233333333353e+01
2.033005070000000103e+02 5.529477933333333795e+01 -1.705645066666666665e+01
2.103353686666666817e+02 6.294702366666666649e+01 -7.078577400000000353e+01
2.033916643333333241e+02 5.679061066666665880e+01 -4.998705499999999802e+01
2.078482486666666773e+02 5.613755066666666949e+01 -1.036831933333333389e+01
2.117794513333333271e+02 5.844116633333333510e+01 -1.452186033333333448e+01
2.138408433333333107e+02 6.199793033333332914e+01 -2.723188266666666735e+01
2.069704773333333208e+02 5.614190266666665963e+01 -1.257915833333333389e+01
2.076553203333333784e+02 5.657138699999999432e+01 -1.450757166666666897e+01
2.107737469999999860e+02 5.970026733333332913e+01 -1.908781033333333355e+01
2.104841789999999548e+02 6.252418166666666366e+01 -5.141846433333333266e+01
2.006963729999999941e+02 5.597710266666666712e+01 -7.650369600000000503e+01
2.007265099999999904e+02 5.448999133333333589e+01 -1.950200333333333447e+01
2.050894463333333135e+02 5.645243866666666577e+01 -2.288081200000000237e+01
2.038454573333333428e+02 5.527985466666666525e+01 -1.484319833333333349e+01
2.124651383333333285e+02 6.062528733333332553e+01 -2.021414299999999997e+01
2.112243540000000337e+02 5.798878833333333205e+01 -1.347094300000000011e+01
2.031642643333333353e+02 5.573629866666666999e+01 -2.386097633333333690e+01
2.062753069999999980e+02 5.937521066666666769e+01 -8.473071566666665433e+01
2.016987456666666674e+02 5.641563433333333677e+01 -6.814069166666666888e+01
2.075514543333333393e+02 5.754216000000000264e+01 -2.352212166666666349e+01
2.132347096666666459e+02 6.308231966666667034e+01 -4.377515433333334016e+01
2.044783593333333158e+02 5.612345966666666897e+01 -2.053659633333333190e+01
2.127124990000000082e+02 6.309683133333333416e+01 -4.647653700000000043e+01
2.141653626666666526e+02 5.923659833333334035e+01 -9.817065666666666246e+00
2.104187246666666624e+02 5.785219000000000023e+01 -1.546391566666666506e+01
2.105292433333333122e+02 6.239540133333333216e+01 -4.724181666666666501e+01
2.147480676666666568e+02 6.265721366666665659e+01 -4.627904566666666852e+01
2.084269553333333249e+02 5.644364300000000156e+01 -1.085232033333333312e+01
2.129364089999999976e+02 5.838728333333333609e+01 -1.017743466666666485e+01
2.124450096666666639e+02 5.941605066666667057e+01 -1.577367833333333103e+01
2.140468889999999931e+02 6.182498266666666353e+01 -2.649981599999999915e+01
2.016207696666666891e+02 5.441813866666666399e+01 -1.380044233333333104e+01
2.105694306666666762e+02 5.823668266666666682e+01 -1.630577666666667014e+01
2.133341546666666773e+02 6.365488933333332966e+01 -6.235278333333332768e+01
2.161309909999999945e+02 6.159396399999999971e+01 -3.087650233333333105e+01
2.113756036666667057e+02 5.755546766666666514e+01 -1.014851033333333419e+01
2.004611619999999732e+02 5.608642100000000141e+01 -9.400553233333333480e+01
2.051946313333333194e+02 5.832561799999999863e+01 -7.458154300000001058e+01
2.094685929999999701e+02 5.733591699999999491e+01 -1.265828300000000262e+01
2.183338676666666913e+02 6.062892400000000492e+01 -5.322554000000000229e+00
2.014962816666666470e+02 5.465462933333333240e+01 -1.842846866666666372e+01
2.066573846666666725e+02 5.619263166666667075e+01 -1.393574466666666645e+01
2.043500933333333478e+02 5.767114333333333320e+01 -6.720070199999999261e+01
2.082382519999999886e+02 5.688096066666667383e+01 -1.498725166666666553e+01
2.103183890000000247e+02 5.732024733333332733e+01 -1.266673433333333243e+01
2.110387526666666815e+02 6.100732500000000158e+01 -2.756715266666666864e+01
2.034328930000000071e+02 5.707023500000000382e+01 -6.083044233333333750e+01
2.001848979999999756e+02 5.525460100000000097e+01 -4.622451866666666120e+01
2.032307419999999922e+02 5.463818333333333044e+01 -1.116573166666666772e+01
2.076219480000000033e+02 5.890235166666666800e+01 -3.510798066666666273e+01
2.128054683333333514e+02 6.322352366666666512e+01 -4.991932066666666401e+01
2.046963453333333121e+02 5.808598633333333083e+01 -7.838821933333333902e+01
2.117559106666666651e+02 6.296275299999999930e+01 -5.078849066666666801e+01
2.128776143333333266e+02 6.068628033333333605e+01 -1.941355066666666573e+01
2.124861366666666527e+02 5.886666766666667172e+01 -1.411129733333333292e+01
2.011255393333333359e+02 5.631121533333332962e+01 -8.201454999999999984e+01
2.146645586666666929e+02 6.129625266666666761e+01 -2.311255033333333131e+01
2.093507363333333160e+02 5.927235766666666450e+01 -2.445717933333333249e+01
2.072507520000000056e+02 5.993745833333333195e+01 -7.105547400000000380e+01
2.134970459999999832e+02 6.097324866666667020e+01 -1.972609433333333229e+01
2.160164753333333465e+02 6.037372200000000788e+01 -1.157568466666666751e+01
2.063426226666666707e+02 5.556605500000000575e+01 -9.646523333333334449e+00
2.115785033333333160e+02 5.861060866666667124e+01 -1.565934399999999904e+01
2.069264173333333474e+02 6.018392000000000053e+01 -9.880814066666665951e+01
2.050541423333333739e+02 5.481781300000000101e+01 -7.098070666666667528e+00
2.125583533333333435e+02 5.993706199999999740e+01 -1.701812966666666682e+01
2.097558259999999848e+02 6.015519533333333158e+01 -2.474697233333333202e+01
2.158490689999999859e+02 6.081544299999999481e+01 -1.458536900000000003e+01
2.065884596666666368e+02 5.973793833333332515e+01 -9.236171433333333880e+01
2.071582583333333503e+02 5.638177833333332956e+01 -1.406915200000000077e+01
2.117512849999999673e+02 6.102017766666666176e+01 -2.517776200000000131e+01
2.126691739999999982e+02 6.389335266666666513e+01 -7.588209366666666256e+01
2.141393483333333450e+02 6.235793033333333568e+01 -3.398190166666666556e+01
2.073862103333333380e+02 5.798086666666666389e+01 -2.729702733333333597e+01
2.079390716666666776e+02 5.625670666666666619e+01 -1.108218866666666713e+01
2.055191559999999811e+02 5.801799199999999956e+01 -5.247552866666666205e+01
2.124164060000000234e+02 6.157655566666667113e+01 -2.440282700000000204e+01
2.030495529999999746e+02 5.646424366666666828e+01 -4.468011899999999770e+01
2.072520026666666979e+02 5.650186433333333724e+01 -1.489179033333333280e+01
2.122118876666666836e+02 6.174901766666666703e+01 -2.606322233333333216e+01
2.192708599999999990e+02 6.171694199999999597e+01 -1.847572800000000015e+01
2.006286450000000059e+02 5.425282333333333185e+01 -1.562126166666666727e+01
2.114771503333333555e+02 5.726761933333333587e+01 -6.556834333333333653e+00
2.090035159999999905e+02 6.181380966666666410e+01 -4.910262900000000741e+01
2.065009300000000110e+02 5.621829100000000068e+01 -1.466606966666666700e+01
2.147455759999999998e+02 5.989305466666667144e+01 -1.430260266666666702e+01
2.195253543333333255e+02 6.162955533333333591e+01 -1.705440300000000065e+01
2.142141653333333409e+02 6.096804433333333151e+01 -1.960065033333333417e+01
2.024497966666666855e+02 5.530297699999999850e+01 -2.251551800000000014e+01
2.064010296666666591e+02 5.868684500000000526e+01 -5.269243999999999772e+01
2.015949600000000146e+02 5.490828733333333389e+01 -2.326071866666666565e+01
2.106856146666666518e+02 6.120380166666666355e+01 -2.990684699999999907e+01
2.184157030000000077e+02 6.114523866666666407e+01 -1.000322166666666668e+01
2.052535599999999931e+02 5.805084766666666951e+01 -6.036105200000000082e+01
2.149898723333333237e+02 6.040603399999999823e+01 -1.617920633333333313e+01
2.128076353333333373e+02 6.297057899999999364e+01 -4.199805299999999875e+01
2.112904916666666679e+02 6.069337133333332446e+01 -2.437481099999999756e+01
2.042581436666666548e+02 5.755282933333333517e+01 -6.412416100000000085e+01
2.072208219999999983e+02 5.623662466666667115e+01 -1.266966299999999990e+01
2.080382106666666857e+02 6.115507600000000110e+01 -6.698039966666667056e+01
2.121612736666666876e+02 6.189252800000000576e+01 -2.697780833333333206e+01
2.098076533333333202e+02 5.959992099999999482e+01 -2.192951833333333411e+01
2.102649996666666539e+02 5.951827333333333314e+01 -1.930692600000000070e+01
2.048656013333333306e+02 5.704950166666666433e+01 -3.750064400000000120e+01
2.121423033333333024e+02 5.946683400000000574e+01 -1.683572966666666559e+01
2.121905430000000194e+02 5.932323866666666845e+01 -1.635214533333333264e+01
2.072624250000000075e+02 5.718016800000000188e+01 -2.166916266666666857e+01
2.108214586666666719e+02 5.832984966666666793e+01 -1.591864266666666516e+01
2.179084076666666761e+02 6.185002099999999814e+01 -2.392101800000000011e+01
2.113425683333333325e+02 6.291708299999999809e+01 -5.395544899999999444e+01
2.001729646666666724e+02 5.450823366666666203e+01 -2.426966466666666733e+01
2.128236653333333379e+02 6.042794666666666359e+01 -1.842838433333333015e+01
2.150471380000000181e+02 6.218895866666667160e+01 -4.061882633333333814e+01
2.055728656666666723e+02 5.852211933333333604e+01 -7.122853300000001298e+01
2.092637120000000266e+02 6.174877266666666742e+01 -4.311590066666666843e+01
2.148575853333333328e+02 6.309151700000000318e+01 -5.670573166666665799e+01
2.026460206666666579e+02 5.430760866666665976e+01 -9.583788999999997671e+00
2.073017773333333480e+02 5.744705233333333894e+01 -2.395731066666666820e+01
2.076918306666666467e+02 5.792888733333332851e+01 -2.475809233333333381e+01
2.016703149999999880e+02 5.666619233333333483e+01 -8.256147299999999234e+01
2.141675593333333438e+02 6.070176466666666215e+01 -1.823188566666666688e+01
2.137529903333333152e+02 6.105915233333333703e+01 -1.996771666666666434e+01
2.127111846666666679e+02 5.991103700000000032e+01 -1.643390399999999829e+01
2.142524193333333358e+02 6.165025433333332927e+01 -2.561922699999999864e+01
2.126853846666666641e+02 5.869787900000000036e+01 -1.269596666666666884e+01
2.092955129999999997e+02 6.064964666666666204e+01 -3.024130699999999550e+01
2.148070406666666656e+02 6.168421399999999721e+01 -2.911359666666666612e+01
2.129612443333333260e+02 6.302444666666666961e+01 -4.282097799999999665e+01
2.132375536666666846e+02 6.129257233333333232e+01 -2.136747566666666742e+01
2.092524500000000387e+02 5.874456233333333444e+01 -2.390543399999999963e+01
2.092202839999999924e+02 6.286360400000000226e+01 -8.489375833333333787e+01
2.106390850000000228e+02 6.134703266666667076e+01 -3.125385099999999738e+01
2.112838873333333538e+02 5.988291266666666957e+01 -1.932160933333333119e+01
2.145029790000000105e+02 6.174208733333333043e+01 -2.813442200000000071e+01
2.041443776666666565e+02 5.460005533333333005e+01 -8.446174000000000959e+00
2.131364609999999686e+02 5.862222166666666823e+01 -1.026836733333333385e+01
2.116987596666666605e+02 6.075843400000000116e+01 -2.359104733333333570e+01
2.069396523333333278e+02 5.764400699999999489e+01 -2.778411300000000139e+01
2.039507383333333337e+02 5.680126533333333327e+01 -4.090912933333333257e+01
2.082338926666666623e+02 5.879200833333333520e+01 -2.819189000000000078e+01
2.118293470000000127e+02 5.788997133333333522e+01 -1.120045833333333185e+01
2.025483096666666825e+02 5.622997933333332554e+01 -4.415182833333333434e+01
2.064806366666666690e+02 5.771921100000000138e+01 -3.222236266666666893e+01
2.120570396666666682e+02 6.096636066666666665e+01 -2.335393833333333191e+01
2.131673526666666874e+02 6.346725033333333243e+01 -5.618356700000000359e+01
2.021127559999999903e+02 5.470822566666666376e+01 -1.602576000000000178e+01
2.172182156666666515e+02 6.099479133333333181e+01 -1.061000933333333229e+01
2.115489983333333157e+02 6.119133866666665966e+01 -2.744886733333333595e+01
2.132734159999999974e+02 6.237080066666666767e+01 -2.883832466666666505e+01
2.070712140000000261e+02 5.693894800000000345e+01 -1.973710666666666569e+01
2.156033136666666508e+02 6.225211666666666588e+01 -4.865173999999999666e+01
2.061749503333333280e+02 5.776879066666666773e+01 -3.592951500000000209e+01
2.044669736666666324e+02 5.532298233333333570e+01 -1.216631999999999891e+01
2.097544563333333372e+02 6.056558300000000372e+01 -2.746271566666666786e+01
2.085315903333333551e+02 5.996217633333333197e+01 -3.328676066666666600e+01
2.048206936666666707e+02 5.677455400000000196e+01 -3.135261866666666819e+01
2.082589613333333318e+02 5.755814933333332561e+01 -1.987955600000000089e+01
2.054285356666666758e+02 5.824697100000000205e+01 -6.352235033333334258e+01
2.198262016666666625e+02 6.081717933333333548e+01 -5.859501666666666608e+00
2.171724040000000002e+02 6.072278700000000384e+01 -8.018233666666665371e+00
2.080344870000000128e+02 5.855397066666666461e+01 -2.710542333333333431e+01
2.115270296666666638e+02 5.753125399999999701e+01 -9.589799666666666056e+00
2.103175826666666524e+02 5.814387866666666582e+01 -1.691914300000000182e+01
2.105484370000000069e+02 6.163147000000000020e+01 -3.423239533333332929e+01
2.094716499999999826e+02 6.295604599999999351e+01 -8.518241933333332838e+01
2.120315983333333349e+02 5.772252766666667156e+01 -9.594974333333333050e+00
2.089698563333333539e+02 6.149119999999999209e+01 -4.424400166666666934e+01
2.032111050000000034e+02 5.558910800000000307e+01 -2.108587266666666338e+01
2.130234546666666802e+02 6.228328033333333025e+01 -2.777945233333333519e+01
2.039003536666666605e+02 5.695404733333333525e+01 -4.690466466666666179e+01
2.119364930000000129e+02 5.923015633333333341e+01 -1.672107000000000099e+01
2.072780893333333267e+02 5.827352066666666275e+01 -3.098634300000000152e+01
2.013684303333333503e+02 5.471676800000000185e+01 -2.037994833333333489e+01
2.198310920000000124e+02 6.110432333333333332e+01 -9.099577999999999278e+00
2.102864153333333377e+02 6.268704033333333570e+01 -5.953831399999999263e+01
2.059363833333333389e+02 5.617685933333333281e+01 -1.603525666666666538e+01
2.152654936666666856e+02 6.160256199999999893e+01 -2.984419766666666263e+01
2.132776720000000239e+02 6.277866066666666711e+01 -3.580915733333333861e+01
2.124684666666666715e+02 6.183629466666666730e+01 -2.546920333333333630e+01
2.070969849999999894e+02 5.585211066666666824e+01 -9.989229333333334182e+00
2.123120413333333545e+02 6.303290033333333753e+01 -4.772457933333333813e+01
2.105691816666666512e+02 5.864665266666667520e+01 -1.733286966666666373e+01
2.017888360000000318e+02 5.619003866666665914e+01 -5.576531666666667064e+01
2.147526776666666990e+02 6.183245833333333508e+01 -3.118694966666666701e+01
2.109220860000000357e+02 5.803947533333333553e+01 -1.455100866666666626e+01
2.123895999999999731e+02 5.915421033333333156e+01 -1.530685533333333304e+01
2.103799086666666653e+02 6.125655633333332872e+01 -3.074056866666666465e+01
2.089925899999999785e+02 5.988080333333332561e+01 -2.737833666666666588e+01
2.121976686666666865e+02 6.370271800000000439e+01 -7.487065633333332926e+01
2.062223653333333289e+02 5.653589933333333306e+01 -1.882319866666666641e+01
2.151783250000000010e+02 6.106579933333333088e+01 -2.051763599999999954e+01
2.086725669999999866e+02 5.721280166666667100e+01 -1.419429866666666662e+01
2.065344823333333295e+02 5.648395133333333007e+01 -1.699871933333333018e+01
2.069826183333333347e+02 5.985426133333333354e+01 -8.002043533333333869e+01
2.078867176666666694e+02 6.152920199999999795e+01 -8.331019666666666978e+01
2.091457146666666631e+02 5.985399499999999762e+01 -2.623972166666666794e+01
2.109980716666666467e+02 6.196803566666667251e+01 -3.612825733333333034e+01
2.081647396666666339e+02 5.608971966666666731e+01 -8.607840666666668028e+00
2.106226030000000264e+02 6.013385266666666240e+01 -2.229242166666666591e+01
2.143794796666666969e+02 5.967215433333333152e+01 -1.297047466666666615e+01
2.049915083333333712e+02 5.633041399999999754e+01 -2.117152199999999951e+01
2.121315730000000030e+02 5.824773266666667126e+01 -1.249483666666666615e+01
2.135933443333333344e+02 6.356000266666666221e+01 -5.883718733333333262e+01
2.049175663333333262e+02 5.553291999999999717e+01 -1.136070033333333384e+01
2.061404223333333050e+02 5.899410599999999505e+01 -7.137889366666665580e+01
2.100937366666666719e+02 6.244531933333333740e+01 -5.275820866666666831e+01
2.043280983333333154e+02 5.537014200000000841e+01 -1.330214066666666817e+01
2.133839279999999974e+02 6.287758533333333588e+01 -3.828241833333333233e+01
2.074549120000000073e+02 5.976420500000000402e+01 -5.748781766666666471e+01
2.125020070000000203e+02 6.405965833333333137e+01 -8.542613899999999205e+01
2.061844533333333231e+02 5.735828933333332458e+01 -2.868900266666666710e+01
2.108934109999999862e+02 6.144044966666666596e+01 -3.176976333333333358e+01
2.037992260000000044e+02 5.641581266666667460e+01 -3.234356133333333361e+01
2.088980853333333414e+02 6.261679166666666418e+01 -7.987782466666666892e+01
2.121184286666666594e+02 6.258599699999999899e+01 -3.606292666666666946e+01
2.041581973333333337e+02 5.661360199999999310e+01 -3.306442566666666494e+01
2.094084956666666528e+02 5.830680933333334082e+01 -2.113675166666666527e+01
2.034713203333333240e+02 5.469788733333333397e+01 -1.105214366666666592e+01
2.093477139999999963e+02 6.050300999999999618e+01 -2.863860800000000140e+01
2.012522136666666768e+02 5.448197566666667058e+01 -1.627473966666666527e+01
2.152051840000000027e+02 6.258136233333333820e+01 -5.075769933333333483e+01
2.078736866666666856e+02 5.640099733333332921e+01 -1.243313133333333376e+01
2.085538239999999917e+02 5.791524333333333630e+01 -2.143454866666666803e+01
2.029625083333333180e+02 5.591128100000000245e+01 -2.944004066666666475e+01
2.151236619999999959e+02 6.121339566666666343e+01 -2.260536033333333350e+01
2.095937316666666845e+02 6.268113600000000218e+01 -6.794214699999999141e+01
2.165195693333333509e+02 6.056381333333333572e+01 -9.462603666666668190e+00
2.089722440000000176e+02 6.110252966666666907e+01 -3.915280400000000327e+01
2.128030929999999898e+02 6.384065499999999815e+01 -7.232086533333331602e+01
2.102155643333333330e+02 5.678696033333333304e+01 -7.018151000000000472e+00
2.069080886666666572e+02 5.628715199999999186e+01 -1.396819133333333163e+01
2.010016596666666544e+02 5.504987633333333719e+01 -3.147481966666666509e+01
2.119588456666666616e+02 6.207103399999999738e+01 -2.913382566666666662e+01
2.164189183333333233e+02 6.197098066666666227e+01 -4.434610599999999891e+01
2.106702620000000081e+02 5.794569066666667112e+01 -1.491638900000000056e+01
2.009183020000000113e+02 5.544286900000000173e+01 -4.460875100000000515e+01
2.102200656666666418e+02 6.199729800000000068e+01 -4.029603633333332624e+01
2.058161360000000002e+02 5.865103799999999978e+01 -6.873020633333332796e+01
2.028489499999999737e+02 5.537626266666666197e+01 -2.034299533333333443e+01
2.162559280000000115e+02 6.088654366666666107e+01 -1.305963200000000057e+01
2.022435360000000344e+02 5.465663900000000552e+01 -1.464650033333333390e+01
2.023094686666666746e+02 5.724806666666666644e+01 -9.921305766666667125e+01
2.174758300000000020e+02 6.066268733333333785e+01 -6.829501666666666360e+00
2.104868519999999990e+02 6.137241166666666459e+01 -3.163818933333333305e+01
2.071486773333333247e+02 5.747245399999999904e+01 -2.484407933333333673e+01
2.153392726666666874e+02 6.254866333333333728e+01 -5.190913666666666160e+01
2.055781036666666353e+02 5.705534066666666604e+01 -2.955663833333332846e+01
2.177244553333333386e+02 6.116953900000000743e+01 -1.142332466666666768e+01
2.137941943333333654e+02 6.173339766666666861e+01 -2.460023299999999935e+01
2.091684129999999868e+02 5.739297133333332823e+01 -1.326931833333333266e+01
2.074740583333333177e+02 5.700872999999999280e+01 -1.935295666666666747e+01
2.025969559999999774e+02 5.483767266666666274e+01 -1.516152699999999776e+01
2.124340279999999836e+02 5.860440700000000191e+01 -1.325320133333333139e+01
2.112484463333333622e+02 6.228733333333332922e+01 -3.746384933333333578e+01
2.103668886666666822e+02 5.881860700000000719e+01 -1.839607566666666827e+01
2.036421786666666947e+02 5.645292200000000093e+01 -3.530922633333333494e+01
2.112943119999999908e+02 6.305496700000000487e+01 -6.047703599999999824e+01
2.065501299999999958e+02 5.716109033333333400e+01 -2.400252866666666662e+01
2.027646426666666457e+02 5.690085166666667504e+01 -6.744762366666667219e+01
2.100309913333333327e+02 6.146730866666666770e+01 -3.340544166666666825e+01
2.171989730000000236e+02 6.185843400000000969e+01 -3.170100599999999602e+01
2.033678200000000231e+02 5.459418199999999644e+01 -1.044866500000000009e+01
2.051294520000000148e+02 5.672169999999999845e+01 -2.781044900000000197e+01
2.051142210000000148e+02 5.714226166666666273e+01 -3.673285866666666521e+01
2.096013813333333076e+02 6.059432433333333279e+01 -2.811429633333333200e+01
2.148506193333333556e+02 6.195158333333333189e+01 -3.404104866666666851e+01
2.084256039999999928e+02 5.712073533333333586e+01 -1.536675533333333554e+01
2.049959243333333063e+02 5.813916566666666341e+01 -7.178335333333332358e+01
2.103863723333332985e+02 6.280524466666665973e+01 -6.320434099999999944e+01
2.136021233333333385e+02 6.068228899999999726e+01 -1.845284166666666792e+01
2.143704576666666526e+02 5.939343733333333120e+01 -1.073562866666666515e+01
2.191785299999999950e+02 6.143368200000000456e+01 -1.388224566666666782e+01
2.089155506666666327e+02 6.124141499999999638e+01 -4.192492800000000130e+01
2.130833886666666785e+02 6.132101700000000477e+01 -2.164204766666666657e+01
2.108185300000000097e+02 6.216066299999999956e+01 -3.990739366666667109e+01
2.026007730000000038e+02 5.609598499999999177e+01 -3.894756300000000238e+01
2.100150286666666659e+02 5.819755833333334039e+01 -1.821804466666666755e+01
2.104687769999999603e+02 5.811737866666666719e+01 -1.628180066666666903e+01
2.113250856666666380e+02 5.769972400000000334e+01 -1.127961499999999972e+01
2.058502746666666781e+02 5.673474666666666621e+01 -2.298614399999999947e+01
2.027718083333333254e+02 5.730876466666666147e+01 -9.012370366666668531e+01
2.087975050000000010e+02 5.624630966666666154e+01 -7.010026333333333248e+00
2.061859103333333394e+02 5.559168166666666622e+01 -1.004934100000000008e+01
2.036780696666666870e+02 5.490751599999999399e+01 -1.224308466666666639e+01
2.107416540000000111e+02 6.261033066666666969e+01 -5.106128400000000056e+01
2.141778900000000192e+02 6.262185700000000566e+01 -3.879636933333333104e+01
2.083253250000000207e+02 5.606710700000000003e+01 -7.374146000000000534e+00
2.090943803333333335e+02 6.040925466666666921e+01 -2.989796733333333734e+01
2.129106523333333314e+02 5.974221600000000620e+01 -1.515848166666666685e+01
2.135749873333333255e+02 6.271737533333333658e+01 -3.542784600000000950e+01
2.071708926666666741e+02 6.022318966666666284e+01 -8.564906933333332972e+01
2.055971006666667051e+02 5.664182600000000178e+01 -2.326699866666666594e+01
2.097436853333333318e+02 6.225350699999999193e+01 -4.956621799999999922e+01
2.098122953333333101e+02 5.837070133333333644e+01 -1.980321499999999801e+01
2.104417140000000188e+02 6.151174433333333269e+01 -3.306876233333333204e+01
2.069274726666666595e+02 5.805752433333333329e+01 -3.271605000000000274e+01
2.137540263333333144e+02 6.398919900000000638e+01 -7.601373099999999283e+01
2.123132399999999791e+02 6.105595033333332822e+01 -2.263796866666666574e+01
2.056208556666666425e+02 5.732087066666667141e+01 -3.341610366666666465e+01
2.030042826666666542e+02 5.679886266666667183e+01 -5.786238499999999618e+01
2.136701526666666666e+02 5.960039633333332887e+01 -1.296067666666666618e+01
2.006729063333333158e+02 5.501324299999999567e+01 -3.314314633333333404e+01
2.119516843333333327e+02 6.044469000000000136e+01 -2.098309266666666772e+01
2.096550556666666978e+02 5.962718533333332971e+01 -2.296808166666666651e+01
2.105868089999999881e+02 6.303886299999999920e+01 -7.138922633333334034e+01
2.032193819999999960e+02 5.600239400000000245e+01 -2.896585366666666417e+01
2.100166463333333411e+02 5.695888700000000426e+01 -1.021277333333333281e+01
2.131584856666666781e+02 6.394527966666667140e+01 -7.403662866666667242e+01
2.049835583333333489e+02 5.538517166666667180e+01 -9.924039999999999750e+00
2.111425183333333280e+02 6.348107233333333710e+01 -8.498516333333333250e+01
2.093012349999999913e+02 5.900857700000000250e+01 -2.440305033333332929e+01
2.101154216666666628e+02 5.831651833333333457e+01 -1.828854866666666723e+01
2.083820879999999818e+02 6.039469133333333417e+01 -4.170823433333332986e+01
2.080160053333333110e+02 5.979019399999999251e+01 -4.160478699999999463e+01
2.013810383333333220e+02 5.425713200000000569e+01 -1.222204699999999811e+01
2.090786283333333415e+02 5.685920999999999736e+01 -9.769106666666667493e+00
2.126213213333333272e+02 6.140484333333333211e+01 -2.290894700000000128e+01
2.041547530000000279e+02 5.703553233333332884e+01 -4.563972433333333356e+01
2.065462909999999965e+02 5.946957766666667311e+01 -7.882343533333333596e+01
2.016090959999999939e+02 5.425669933333333717e+01 -1.156222833333333178e+01
2.161885013333333347e+02 6.144947700000000168e+01 -2.597720033333333234e+01
2.075566706666666903e+02 5.988395499999999316e+01 -5.715644066666666845e+01
2.081217279999999903e+02 5.949630733333333410e+01 -3.570593500000000375e+01
2.103682473333333292e+02 5.717423199999999639e+01 -1.128668333333333429e+01
2.057534466666666901e+02 5.661518499999999676e+01 -2.202934866666666736e+01
2.034071390000000008e+02 5.540777233333333385e+01 -1.777406366666666671e+01
2.147044369999999844e+02 6.306260799999999023e+01 -5.417405033333333364e+01
2.037157063333333156e+02 5.475041300000000177e+01 -1.080400466666666581e+01
2.020692973333333100e+02 5.485231999999999886e+01 -1.859324166666666756e+01
2.077822539999999947e+02 5.846139500000000311e+01 -2.781878400000000440e+01
2.134328870000000222e+02 5.991471033333333907e+01 -1.491467366666666550e+01
2.120454319999999768e+02 5.975371366666666972e+01 -1.781967200000000062e+01
2.074408103333333599e+02 5.783458466666667164e+01 -2.590256466666666668e+01
2.141145566666666582e+02 5.947373100000000790e+01 -1.163192333333333295e+01
2.109231443333333118e+02 5.885808866666666717e+01 -1.708742633333333316e+01
2.163990880000000061e+02 6.127941933333332969e+01 -1.995722699999999961e+01
2.084660506666666606e+02 5.738582699999999903e+01 -1.706572766666666752e+01
2.079900476666666691e+02 6.075153900000000107e+01 -6.034433766666666088e+01
2.117031709999999975e+02 6.198906033333333454e+01 -3.034218800000000371e+01
2.061912696666666704e+02 5.885043300000000244e+01 -6.397417766666666239e+01
2.004205233333333354e+02 5.489053466666666736e+01 -3.198113366666666479e+01
2.025499103333333153e+02 5.583617499999999723e+01 -3.218897333333333677e+01
2.132183453333333318e+02 6.252110466666667321e+01 -3.084219433333333527e+01
2.125699336666666568e+02 6.114477800000000229e+01 -2.199632400000000132e+01
2.093607173333333265e+02 5.804205033333332864e+01 -1.926884133333333082e+01
2.034243706666667038e+02 5.581929633333333385e+01 -2.330299033333333725e+01
2.127932273333333342e+02 5.922140799999999672e+01 -1.396738799999999969e+01
2.146067130000000134e+02 6.317828133333333085e+01 -5.562092366666666976e+01
2.038633890000000122e+02 5.754464633333333268e+01 -7.465062300000001017e+01
2.045736070000000097e+02 5.780162099999999015e+01 -6.748766933333332929e+01
2.094450473333333491e+02 6.103648266666666444e+01 -3.287232166666666444e+01
2.103468903333333344e+02 6.194758900000000068e+01 -3.902593366666666697e+01
2.065699496666667017e+02 5.674957066666667060e+01 -1.947974733333333219e+01
2.095000569999999982e+02 6.130185966666666531e+01 -3.500141500000000150e+01
2.130833206666666513e+02 6.051468466666666046e+01 -1.832341499999999712e+01
2.173698956666666220e+02 6.138135366666666215e+01 -1.692251566666666918e+01
2.087192399999999850e+02 6.142244300000000834e+01 -4.882612533333333005e+01
2.161899319999999989e+02 6.210788033333333402e+01 -4.965799033333333767e+01
2.144457429999999931e+02 5.952515100000000103e+01 -1.177080600000000032e+01
2.114294700000000091e+02 5.904384066666666087e+01 -1.698255266666666685e+01
2.018144330000000082e+02 5.631360866666667420e+01 -6.056844433333333200e+01
2.055273603333333483e+02 5.610975433333333484e+01 -1.611039533333333296e+01
2.083922730000000172e+02 6.174201099999999798e+01 -6.561736966666666149e+01
2.116336373333333256e+02 5.928106233333333108e+01 -1.727013466666666730e+01
2.108211733333333484e+02 5.750970966666667294e+01 -1.174166033333333381e+01
2.058662769999999966e+02 5.823227399999999676e+01 -5.220885833333333181e+01
2.108760760000000118e+02 5.981804966666666701e+01 -1.957315433333333488e+01
2.128364123333333282e+02 5.826926999999999879e+01 -1.004791033333333239e+01
2.025000330000000304e+02 5.557092266666666092e+01 -2.679059466666666722e+01
2.088052716666666981e+02 5.800659066666666064e+01 -2.128915299999999888e+01
2.141483200000000124e+02 6.311431433333333274e+01 -4.897655866666666924e+01
2.151442660000000160e+02 6.230876033333333197e+01 -4.425791133333333249e+01
2.081500129999999729e+02 5.784979100000000329e+01 -2.238325566666666688e+01
2.181804949999999792e+02 6.065872999999999848e+01 -5.592893000000000114e+00
2.142767589999999984e+02 5.998155499999999307e+01 -1.501757933333333206e+01
2.159168226666666612e+02 6.176690199999999464e+01 -3.662147666666666623e+01
2.153087739999999997e+02 6.187015533333333650e+01 -3.607709299999999786e+01
2.055607223333333025e+02 5.637556833333334083e+01 -1.964420066666666642e+01
2.070669010000000014e+02 5.558755133333333021e+01 -7.408467666666666673e+00
2.139393573333333336e+02 6.336145600000000400e+01 -5.381851566666666287e+01
2.092171600000000069e+02 6.146563933333333551e+01 -3.983633400000000080e+01
2.023855346666666719e+02 5.624983666666665982e+01 -4.742521633333333142e+01
2.098940693333333058e+02 6.262289766666666679e+01 -6.148288099999999901e+01
2.104272220000000004e+02 6.111424633333333389e+01 -2.956179033333333450e+01
2.127908946666666452e+02 6.368359233333333691e+01 -6.628312099999999418e+01
2.176276739999999847e+02 6.063276733333333368e+01 -6.285548666666667117e+00
2.033252119999999934e+02 5.652732433333333262e+01 -4.220362266666666073e+01
2.124705649999999935e+02 6.300252333333332899e+01 -4.535961966666667422e+01
2.128165873333333309e+02 6.002725466666667131e+01 -1.661989333333333363e+01
2.094520653333333087e+02 6.191458700000000448e+01 -4.368235833333333318e+01
2.058193136666666589e+02 5.796093833333333123e+01 -4.502129533333333455e+01
2.009869336666666584e+02 5.461567833333333510e+01 -2.036885366666666641e+01
2.131076050000000066e+02 5.957292966666667411e+01 -1.395738333333333436e+01
2.066904380000000003e+02 5.645820766666667367e+01 -1.618252733333333282e+01
2.038627493333333405e+02 5.783357200000000375e+01 -9.171399766666667119e+01
2.015402113333333318e+02 5.547358200000000039e+01 -3.798872399999999772e+01
2.028084436666666761e+02 5.593506933333333109e+01 -3.170300599999999847e+01
2.125650903333333588e+02 6.033909600000000495e+01 -1.869880266666666557e+01
2.108729039999999770e+02 5.900300766666666874e+01 -1.740883133333333532e+01
2.055104159999999922e+02 5.761534366666666784e+01 -4.101977633333333273e+01
2.089646513333333360e+02 5.756807200000000080e+01 -1.577452899999999936e+01
2.085352503333333516e+02 5.914665866666666716e+01 -2.855453166666666576e+01
2.097635353333333512e+02 5.810576499999999811e+01 -1.851950300000000027e+01
2.132735183333333282e+02 6.335231200000000484e+01 -5.208572099999999949e+01
2.056848433333333332e+02 5.608355133333333242e+01 -1.550308499999999867e+01
2.153428796666666756e+02 6.062325333333333077e+01 -1.588560000000000194e+01
2.123947516666666786e+02 6.394266566666666307e+01 -8.190647966666666946e+01
2.171732980000000168e+02 6.157805666666666866e+01 -2.342562166666666812e+01
2.135471366666666597e+02 6.381842100000000073e+01 -6.800088433333333171e+01
2.120232223333333366e+02 6.232945633333332580e+01 -3.163158666666666718e+01
2.045417286666666712e+02 5.807361533333332915e+01 -8.257383066666666593e+01
2.028702216666666516e+02 5.676919099999999929e+01 -5.937786533333333949e+01
2.017926123333333237e+02 5.595055033333333228e+01 -4.696588766666666714e+01
2.057639976666666826e+02 5.770368833333333214e+01 -3.928777000000000186e+01
2.117498409999999751e+02 6.378196066666667008e+01 -8.759567499999998574e+01
2.103712873333332993e+02 6.085502733333333936e+01 -2.797796833333333311e+01
2.063955073333333132e+02 5.718675933333332750e+01 -2.507470100000000102e+01
2.121579173333333586e+02 6.067888699999999602e+01 -2.146308833333333155e+01
2.083567926666666779e+02 5.767737833333332986e+01 -2.029040333333333379e+01
2.107891313333333301e+02 6.287005599999999816e+01 -6.007597200000000726e+01
2.006368240000000185e+02 5.474527366666666239e+01 -2.609452133333333279e+01
2.108714623333333691e+02 5.736466733333332968e+01 -1.051555733333333187e+01
2.105706973333333281e+02 5.987186600000000425e+01 -2.033229433333333347e+01
2.036106796666666696e+02 5.464674999999999727e+01 -1.025189233333333405e+01
2.142739456666666626e+02 6.040279233333333053e+01 -1.697223333333333528e+01
2.135026990000000069e+02 6.407854300000001047e+01 -7.874523833333331879e+01
2.136031856666666897e+02 6.396135666666666708e+01 -7.399104933333332212e+01
2.082449966666666512e+02 6.132077533333333719e+01 -6.212077800000000138e+01
2.054690970000000050e+02 5.557679600000000164e+01 -1.028845700000000107e+01
2.085349219999999661e+02 6.036775366666666542e+01 -3.790727666666666806e+01
2.073167646666666712e+02 5.895552433333332942e+01 -4.046871300000000105e+01
2.138941323333333457e+02 6.185205833333333203e+01 -2.605148666666666557e+01
2.092993063333333339e+02 5.941784166666666778e+01 -2.475266433333333183e+01
2.047960623333333388e+02 5.794560099999998926e+01 -6.839214733333334095e+01
2.162683110000000113e+02 6.046907566666666867e+01 -1.045846933333333340e+01
2.022653103333333320e+02 5.417924333333333919e+01 -9.255262000000000100e+00
2.155408169999999757e+02 6.086646066666666144e+01 -1.678071533333333676e+01
2.087151443333333418e+02 5.747746000000000066e+01 -1.621251599999999726e+01
2.118556636666666861e+02 6.154518633333333355e+01 -2.754025166666666635e+01
2.063744113333333416e+02 5.583234633333333363e+01 -1.171850833333333242e+01
2.165532189999999844e+02 6.125372100000000586e+01 -1.841346900000000275e+01
2.107783043333332955e+02 6.051202833333332620e+01 -2.468046966666666719e+01
2.084469143333333250e+02 5.820717799999999897e+01 -2.370953599999999994e+01
2.138643386666666686e+02 6.310325766666667135e+01 -4.626015100000000047e+01
2.126217820000000245e+02 6.180888600000000110e+01 -2.492184633333333466e+01
2.140934183333333465e+02 6.209146000000000498e+01 -2.988651933333333588e+01
2.145042646666666712e+02 6.287632166666666222e+01 -4.767286466666666911e+01
2.063823529999999948e+02 5.759824333333332902e+01 -3.104497399999999985e+01
2.041079106666666405e+02 5.760433100000000195e+01 -7.073012433333333604e+01
2.152437626666666404e+02 6.050158033333332952e+01 -1.574656266666666404e+01
2.127752706666666711e+02 6.137705233333333155e+01 -2.237599700000000169e+01
2.023379720000000077e+02 5.600266766666666740e+01 -3.980259833333332864e+01
2.034937116666666554e+02 5.691171466666666134e+01 -5.269879699999999190e+01
2.037604303333333462e+02 5.740969333333333680e+01 -7.027383899999999528e+01
2.086534856666666826e+02 6.117460600000000426e+01 -4.672579266666667053e+01
2.136339276666666649e+02 6.216988533333333322e+01 -2.792871200000000087e+01
2.097238313333333224e+02 6.304705833333333231e+01 -8.647667666666666264e+01
2.012418046666666669e+02 5.660599833333333208e+01 -9.605068466666666893e+01
2.084932733333333488e+02 5.847201699999999391e+01 -2.513048799999999972e+01
2.125959423333333405e+02 5.939058033333333242e+01 -1.515980966666666596e+01
2.112942250000000115e+02 6.109926600000000008e+01 -2.770376500000000064e+01
2.001607099999999946e+02 5.425101566666666741e+01 -1.850832800000000233e+01
2.067531646666666632e+02 5.931609199999999760e+01 -6.408686966666665796e+01
2.137335403333333090e+02 6.228826133333333104e+01 -2.975425399999999954e+01
2.100653999999999826e+02 5.681220133333332711e+01 -8.217098999999999265e+00
2.195788813333333565e+02 6.044274133333333765e+01 -3.637116333333333174e+00
2.108386786666666524e+02 6.313044899999999870e+01 -7.169250833333332196e+01
2.091041229999999871e+02 5.836194366666666156e+01 -2.276788433333333117e+01
2.067648243333333369e+02 5.849511866666666293e+01 -4.108577866666666978e+01
2.084797770000000128e+02 5.970086233333333325e+01 -3.186188099999999679e+01
2.069395863333333239e+02 5.587680566666666238e+01 -1.058278800000000075e+01
2.134805456666666714e+02 6.219693566666666129e+01 -2.757565033333333204e+01
2.110921043333333103e+02 6.322167600000000220e+01 -7.180331900000000189e+01
2.062735113333333175e+02 5.789005233333333678e+01 -3.724882333333332696e+01
2.074033630000000130e+02 6.034783733333333089e+01 -7.708596466666666913e+01
2.065235316666666847e+02 5.798689200000000454e+01 -3.618182499999999635e+01
2.139603113333333511e+02 6.088151300000000532e+01 -1.907661433333333534e+01
2.095549236666666673e+02 5.909951633333332666e+01 -2.334902299999999897e+01
2.087634020000000135e+02 6.233459933333333680e+01 -7.105611600000000294e+01
2.119033300000000111e+02 6.334643166666666758e+01 -6.440581400000000656e+01
2.095282929999999908e+02 6.203737366666666730e+01 -4.560013466666666915e+01
2.095598999999999705e+02 6.179624466666666649e+01 -4.026746766666666844e+01
2.133810379999999896e+02 6.207944000000000528e+01 -2.631513299999999944e+01
2.122766960000000154e+02 6.239802533333332946e+01 -3.137850599999999801e+01
2.034363963333333061e+02 5.663782099999999531e+01 -4.389896766666666394e+01
2.173787223333333429e+02 6.054266566666666449e+01 -6.476403333333333734e+00
2.133944276666666440e+02 6.045518000000000569e+01 -1.767175533333333348e+01
2.149946603333333144e+02 6.272676033333332413e+01 -5.089775300000000158e+01
2.132406426666666448e+02 5.914207733333333294e+01 -1.191457533333333352e+01
2.090343526666666776e+02 5.658810199999999924e+01 -8.533523999999999887e+00
2.142213936666666712e+02 5.971035499999999985e+01 -1.328117133333333300e+01
2.001829976666666653e+02 5.502262400000000042e+01 -3.826152366666666893e+01
2.129363816666666480e+02 5.879049733333332739e+01 -1.194877866666666755e+01
2.113260713333333172e+02 5.851684766666667059e+01 -1.574791999999999881e+01
2.091990476666666439e+02 6.261403599999999869e+01 -7.175473166666665747e+01
2.052749586666666630e+02 5.601558700000000357e+01 -1.537308800000000097e+01
2.097667916666666770e+02 5.686448166666666992e+01 -9.392370666666666423e+00
2.076605006666666497e+02 5.958576333333333963e+01 -4.692516499999999979e+01
2.129299056666666559e+02 6.094525266666666852e+01 -2.031235733333333471e+01
2.141463603333333197e+02 6.194525433333333098e+01 -2.845433833333333595e+01
2.069111220000000060e+02 5.888297000000000025e+01 -4.612912666666665729e+01
2.050029523333333543e+02 5.565503733333333258e+01 -1.209234000000000009e+01
2.189227899999999920e+02 6.093506233333332744e+01 -7.455202333333333264e+00
2.186429463333332990e+02 6.057586966666666939e+01 -4.879408999999999885e+00
2.106702426666666668e+02 5.753496866666666421e+01 -1.261170966666666793e+01
2.085402866666666739e+02 5.873660499999999729e+01 -2.652167100000000133e+01
2.079845783333333031e+02 6.141185400000000527e+01 -7.535887766666665755e+01
2.116459246666666729e+02 6.049707666666666483e+01 -2.211946466666666922e+01
2.102180726666666715e+02 5.761275066666666334e+01 -1.495320433333333376e+01
2.125707149999999785e+02 6.352626966666667130e+01 -6.264566633333333101e+01
2.133667743333332965e+02 5.966043466666666717e+01 -1.373905700000000074e+01
2.105695843333333244e+02 5.741483933333333312e+01 -1.225441366666666632e+01
2.138004353333333256e+02 6.132270100000000213e+01 -2.149641566666666748e+01
2.041051996666666639e+02 5.475544833333333372e+01 -9.660307333333333801e+00
2.091094729999999799e+02 5.795127533333333503e+01 -1.940460766666666359e+01
2.155046953333333306e+02 6.211569433333333023e+01 -4.402137499999999903e+01
2.106751773333333233e+02 6.039513333333334089e+01 -2.420619199999999793e+01
2.118485599999999920e+02 6.032730866666667424e+01 -2.065357733333333456e+01
2.088508009999999615e+02 6.179217233333332615e+01 -5.225088900000000081e+01
2.085437210000000050e+02 6.176448333333333807e+01 -6.066470033333333589e+01
2.098587043333333213e+02 5.945443499999999659e+01 -2.144546599999999970e+01
2.116276126666666642e+02 5.805842133333333521e+01 -1.283380300000000140e+01
2.029533946666666679e+02 5.549863766666666720e+01 -2.142390066666666826e+01
2.065564136666666855e+02 5.866374266666665704e+01 -4.843708600000000075e+01
2.035868466666666734e+02 5.619266900000000220e+01 -2.946374366666666944e+01
2.104679716666666707e+02 5.893727133333333512e+01 -1.818200733333333474e+01
2.132395820000000128e+02 6.088775266666666397e+01 -1.964543566666666763e+01
2.148410976666666556e+02 6.236290500000000492e+01 -4.170472933333333998e+01
2.036371090000000095e+02 5.769447266666666252e+01 -9.072619233333334421e+01
2.179223613333333560e+02 6.098862933333333558e+01 -8.654263666666667021e+00
2.097176343333333364e+02 5.742734500000000253e+01 -1.379547233333333445e+01
2.158006096666666735e+02 6.207137766666667034e+01 -4.580644333333333407e+01
2.152994869999999992e+02 6.035428266666666985e+01 -1.499791166666666697e+01
2.053660590000000354e+02 5.723214333333334025e+01 -3.518784533333333542e+01
2.045111236666666628e+02 5.724942766666666927e+01 -4.749489533333333924e+01
2.088360150000000033e+02 6.072572600000000165e+01 -3.671214866666667120e+01
2.053045203333333291e+02 5.491484900000000380e+01 -6.966011000000000841e+00
2.003965896666666424e+02 5.593866833333333943e+01 -8.331607166666667297e+01
2.194886790000000190e+02 6.187434966666666014e+01 -2.144860500000000059e+01
2.049626253333333352e+02 5.717237033333333329e+01 -3.934434933333333362e+01
2.126191746666666802e+02 6.059821233333332913e+01 -1.966416433333333202e+01
2.050524933333333593e+02 5.618485700000000094e+01 -1.846529066666666452e+01
2.032696946666666520e+02 5.585308966666666919e+01 -2.520228033333333428e+01
2.137579753333333485e+02 6.024506700000000592e+01 -1.645112933333333061e+01
2.141198640000000069e+02 6.043634599999999324e+01 -1.716412766666666911e+01
2.156828490000000045e+02 6.125678866666666522e+01 -2.246180199999999516e+01
2.109814546666666786e+02 6.034122133333332982e+01 -2.282354199999999977e+01
2.039865463333333082e+02 5.522946400000000011e+01 -1.385965499999999828e+01
2.098636003333333520e+02 5.822467266666666319e+01 -1.889386800000000122e+01
2.149610659999999882e+02 6.297414033333333094e+01 -5.551927033333333839e+01
2.133027939999999774e+02 6.391641800000000018e+01 -7.224878133333334063e+01
2.063511019999999974e+02 5.961805033333333625e+01 -9.606786899999998752e+01
2.180219349999999849e+02 6.110471266666667134e+01 -9.835867999999999611e+00
2.139656950000000109e+02 6.006145599999999973e+01 -1.547539133333333439e+01
2.169227759999999989e+02 6.063016633333333516e+01 -8.182867333333334159e+00
2.158368649999999889e+02 6.123107799999999656e+01 -2.137209100000000106e+01
2.024636870000000215e+02 5.726855666666666167e+01 -9.606221233333333487e+01
2.144806523333333246e+02 6.021935666666666975e+01 -1.613623566666666775e+01
2.034150816666666799e+02 5.755249266666666585e+01 -8.836117733333333035e+01
2.123833019999999863e+02 5.834220200000000744e+01 -1.216640966666666657e+01
2.108885233333333247e+02 6.298690799999999967e+01 -6.372738700000000023e+01
2.036646676666666735e+02 5.548048233333332746e+01 -1.738670333333333318e+01
2.095034909999999684e+02 5.924507833333333195e+01 -2.370187166666666556e+01
2.120509703333333391e+02 6.015790133333333500e+01 -1.934864066666666460e+01
2.117296056666666573e+02 5.736379699999999815e+01 -6.522918999999999023e+00
2.062588159999999959e+02 5.830526566666666355e+01 -4.628980966666666319e+01
2.112373853333333500e+02 6.043204566666666011e+01 -2.270518566666666516e+01
2.177725593333333336e+02 6.102085800000000404e+01 -9.327761333333333127e+00
2.105188696666666601e+02 5.714895166666666881e+01 -1.045373799999999953e+01
2.092982140000000015e+02 6.023732033333332225e+01 -2.711094699999999946e+01
2.115733390000000043e+02 6.243731666666666769e+01 -3.677273266666666274e+01
2.139286523333333037e+02 5.914059966666666668e+01 -9.678275333333333563e+00
2.130764819999999702e+02 6.011520199999998937e+01 -1.642964266666666617e+01
2.064051076666666802e+02 5.542019300000000470e+01 -8.212483000000000644e+00
2.120315426666666383e+02 5.853529866666666948e+01 -1.424320900000000023e+01
2.044613470000000177e+02 5.739348666666666787e+01 -5.326397200000000254e+01
2.036979833333333261e+02 5.714025399999999877e+01 -5.839633666666666301e+01
2.154766056666666429e+02 6.277004933333333270e+01 -5.817872166666666800e+01
2.095535613333333060e+02 5.950889900000000665e+01 -2.346339933333333150e+01
2.084205236666666679e+02 6.106404366666667016e+01 -5.138915933333333186e+01
2.103687019999999848e+02 5.758646099999999279e+01 -1.430305933333333535e+01
2.189282856666666532e+02 6.149361966666666746e+01 -1.489865366666666624e+01
2.046489279999999837e+02 5.836632866666666786e+01 -9.665997266666666121e+01
2.078894450000000234e+02 5.816855799999999732e+01 -2.494170699999999741e+01
2.062497376666666753e+02 5.612430699999999462e+01 -1.461251533333333263e+01
2.028152883333333421e+02 5.662478500000000281e+01 -5.452986000000000644e+01
2.121548340000000223e+02 6.344107199999999835e+01 -6.472140433333333931e+01
2.149013586666666527e+02 6.261030633333333384e+01 -4.733864600000000422e+01
2.061407306666666557e+02 5.859558599999999728e+01 -5.690745466666666630e+01
2.127584163333333436e+02 5.976837100000000191e+01 -1.572844400000000142e+01
2.105688340000000096e+02 5.700362300000000459e+01 -8.341307999999999723e+00
2.090948620000000062e+02 5.959045900000000273e+01 -2.588222033333333272e+01
2.091662353333333328e+02 6.133064066666666037e+01 -3.894080300000000250e+01
2.169671570000000145e+02 6.090199199999999990e+01 -1.014270866666666571e+01
2.081848863333333384e+02 5.635072366666665999e+01 -1.112699299999999880e+01
2.119058533333333401e+02 6.139962466666666074e+01 -2.658779999999999788e+01
2.075935846666666578e+02 5.780873100000000164e+01 -2.476252800000000320e+01
2.125706983333333255e+02 6.311197899999999805e+01 -4.811130033333333245e+01
2.008878243333333558e+02 5.425175966666666483e+01 -1.413081233333333309e+01
2.084299620000000175e+02 5.943838900000000081e+01 -3.086718833333333478e+01
2.013096630000000005e+02 5.579816400000000698e+01 -5.081849900000000275e+01
2.040242843333333269e+02 5.507003299999999513e+01 -1.240861000000000125e+01
2.016917699999999911e+02 5.543993133333333390e+01 -3.514205600000000373e+01
2.136999533333333545e+02 5.999078000000000088e+01 -1.514513133333333350e+01
2.141000163333333148e+02 6.167813433333333251e+01 -2.522659766666666670e+01
2.146145813333333479e+02 5.950403199999999515e+01 -1.148046100000000003e+01
2.147068416666666906e+02 5.962492900000000162e+01 -1.242590500000000020e+01
