2.116486969999999985e+02 2.118515700000000095e+02 2.119039669999999944e+02
2.164540839999999946e+02 2.166617180000000076e+02 2.167072279999999864e+02
2.098660759999999925e+02 2.096637299999999868e+02 2.096155129999999929e+02
2.092470999999999890e+02 2.090398189999999943e+02 2.090870280000000037e+02
2.135344680000000039e+02 2.134876610000000028e+02 2.137410730000000001e+02
2.138723630000000071e+02 2.140845070000000021e+02 2.141094490000000121e+02
2.150689700000000073e+02 2.151124560000000088e+02 2.148614139999999963e+02
2.079700300000000084e+02 2.080317100000000039e+02 2.077795299999999941e+02
2.070963849999999979e+02 2.071303639999999859e+02 2.068803959999999904e+02
2.089577429999999936e+02 2.086964800000000082e+02 2.087172840000000065e+02
2.055659239999999954e+02 2.058180429999999888e+02 2.056044469999999933e+02
2.102359510000000000e+02 2.100316929999999900e+02 2.099889770000000055e+02
2.046525410000000136e+02 2.048556649999999877e+02 2.048955349999999953e+02
2.088665890000000047e+02 2.090706549999999879e+02 2.091158729999999935e+02
2.115960120000000018e+02 2.117987510000000100e+02 2.118515700000000095e+02
2.124609930000000020e+02 2.122038619999999867e+02 2.124056219999999939e+02
2.044667120000000011e+02 2.042120459999999866e+02 2.044213340000000017e+02
2.013815960000000018e+02 2.011825269999999932e+02 2.014211170000000095e+02
2.089433329999999955e+02 2.087467619999999897e+02 2.087303540000000055e+02
2.077564700000000073e+02 2.077823579999999879e+02 2.075338879999999904e+02
2.167524929999999870e+02 2.169633000000000038e+02 2.170161479999999870e+02
2.106202360000000056e+02 2.103665440000000046e+02 2.105691999999999950e+02
2.039560020000000122e+02 2.040031859999999995e+02 2.037467190000000130e+02
2.119852469999999869e+02 2.122387180000000058e+02 2.120391730000000052e+02
2.102171710000000076e+02 2.099588019999999915e+02 2.101637729999999920e+02
2.145997600000000034e+02 2.143581189999999879e+02 2.143397139999999865e+02
2.098572389999999928e+02 2.101121760000000052e+02 2.099076530000000105e+02
2.070579439999999920e+02 2.070116710000000069e+02 2.072634630000000016e+02
2.157028090000000020e+02 2.156550689999999975e+02 2.158900820000000067e+02
2.153159540000000050e+02 2.151014720000000011e+02 2.150612790000000132e+02
2.046132450000000063e+02 2.048352020000000095e+02 2.048465260000000114e+02
2.007825670000000002e+02 2.008226260000000138e+02 2.010156149999999968e+02
2.086179879999999969e+02 2.086514229999999941e+02 2.088490950000000055e+02
2.108459009999999978e+02 2.108883960000000002e+02 2.106537490000000048e+02
2.085396489999999972e+02 2.083308370000000025e+02 2.082981709999999964e+02
2.098613009999999974e+02 2.101138119999999958e+02 2.099158309999999972e+02
2.129428959999999904e+02 2.128876640000000009e+02 2.131383669999999881e+02
2.086514229999999941e+02 2.084122490000000028e+02 2.084476530000000025e+02
2.013265989999999874e+02 2.010740399999999966e+02 2.013074850000000140e+02
2.096529869999999960e+02 2.094484280000000069e+02 2.093994549999999890e+02
2.111811800000000119e+02 2.111285719999999912e+02 2.113831500000000005e+02
2.031977320000000020e+02 2.034261860000000013e+02 2.032658299999999940e+02
2.007442100000000096e+02 2.010084520000000055e+02 2.008566979999999944e+02
2.139721130000000073e+02 2.138751939999999934e+02 2.141022460000000081e+02
2.120548510000000135e+02 2.120014510000000030e+02 2.122580210000000136e+02
2.032698340000000030e+02 2.030861040000000060e+02 2.033595799999999940e+02
2.147890409999999974e+02 2.149928749999999980e+02 2.150596329999999909e+02
2.027226799999999969e+02 2.024654329999999902e+02 2.025092659999999967e+02
2.162873419999999953e+02 2.162448349999999948e+02 2.164983450000000005e+02
2.008437089999999898e+02 2.005711459999999988e+02 2.007607040000000040e+02
2.083877420000000029e+02 2.081754830000000140e+02 2.084122490000000028e+02
2.047666580000000067e+02 2.048130649999999946e+02 2.045623879999999986e+02
2.095456210000000112e+02 2.094975239999999985e+02 2.097533510000000092e+02
2.149485290000000077e+02 2.147413770000000000e+02 2.146983250000000112e+02
2.064933210000000088e+02 2.062835770000000082e+02 2.062405149999999878e+02
2.047210479999999961e+02 2.045137829999999894e+02 2.044667120000000011e+02
2.020957840000000090e+02 2.018427910000000054e+02 2.020473749999999882e+02
2.192386370000000113e+02 2.190364380000000040e+02 2.190117920000000140e+02
2.140103169999999864e+02 2.138960649999999930e+02 2.141317600000000141e+02
2.040647419999999954e+02 2.043103480000000047e+02 2.041251980000000117e+02
2.003403830000000028e+02 2.003546939999999950e+02 2.005919529999999895e+02
2.187376050000000021e+02 2.187734790000000089e+02 2.185245549999999923e+02
2.094706869999999981e+02 2.095195070000000044e+02 2.092722760000000051e+02
2.052510029999999972e+02 2.054982950000000130e+02 2.052863010000000088e+02
2.121327029999999922e+02 2.120813349999999957e+02 2.123331139999999948e+02
2.167072279999999864e+02 2.169633000000000038e+02 2.167524929999999870e+02
2.117063689999999951e+02 2.117519100000000094e+02 2.115006239999999877e+02
2.111298969999999997e+02 2.108956029999999942e+02 2.111084899999999891e+02
2.143581189999999879e+02 2.143028830000000085e+02 2.141317600000000141e+02
2.052050230000000113e+02 2.052510029999999972e+02 2.050048920000000123e+02
2.092919970000000092e+02 2.092428519999999992e+02 2.094975239999999985e+02
2.059471829999999954e+02 2.057334030000000098e+02 2.056939759999999922e+02
2.097120229999999879e+02 2.097609380000000101e+02 2.095086059999999861e+02
2.105200900000000104e+02 2.107234050000000138e+02 2.107755500000000097e+02
2.103663239999999917e+02 2.104179320000000075e+02 2.101665570000000116e+02
2.149351489999999956e+02 2.146815369999999916e+02 2.148900270000000035e+02
2.144496660000000077e+02 2.146983250000000112e+02 2.144950080000000128e+02
2.078816160000000082e+02 2.079276099999999872e+02 2.076754290000000083e+02
2.081806589999999915e+02 2.079739380000000040e+02 2.079276099999999872e+02
2.070371210000000133e+02 2.072878190000000131e+02 2.070803099999999972e+02
2.085712660000000085e+02 2.085795589999999891e+02 2.083508669999999938e+02
2.153557910000000106e+02 2.156091889999999864e+02 2.153982289999999864e+02
2.080686179999999865e+02 2.082757070000000112e+02 2.083250610000000052e+02
2.045038690000000088e+02 2.045605950000000064e+02 2.043103480000000047e+02
2.159912830000000099e+02 2.160333270000000141e+02 2.157809910000000002e+02
2.093562780000000032e+02 2.094188809999999989e+02 2.091758780000000115e+02
2.062003489999999886e+02 2.059555949999999882e+02 2.061636770000000070e+02
2.099588019999999915e+02 2.099076530000000105e+02 2.101637729999999920e+02
2.044130580000000066e+02 2.046525410000000136e+02 2.044236950000000093e+02
2.103665440000000046e+02 2.101131230000000016e+02 2.103161049999999932e+02
2.044667120000000011e+02 2.045137829999999894e+02 2.042593599999999867e+02
2.174187149999999917e+02 2.176212260000000072e+02 2.176784350000000074e+02
2.039623589999999922e+02 2.042135269999999991e+02 2.041611399999999890e+02
2.063709450000000061e+02 2.064124219999999923e+02 2.061636770000000070e+02
2.138537760000000105e+02 2.140608190000000093e+02 2.141072580000000016e+02
2.114283920000000023e+02 2.115709830000000125e+02 2.113224539999999934e+02
2.094075939999999889e+02 2.092289169999999956e+02 2.094541140000000041e+02
2.005011839999999950e+02 2.003188940000000002e+02 2.002821299999999951e+02
2.120548510000000135e+02 2.122580210000000136e+02 2.123114380000000097e+02
2.117011909999999943e+02 2.119039669999999944e+02 2.119561080000000004e+02
2.115843959999999981e+02 2.113831500000000005e+02 2.113303029999999865e+02
2.044213340000000017e+02 2.041671900000000051e+02 2.043782030000000134e+02
2.082940849999999955e+02 2.080878879999999924e+02 2.080421939999999950e+02
2.075805650000000071e+02 2.076274260000000140e+02 2.078327590000000100e+02
2.068137499999999989e+02 2.067824009999999930e+02 2.070333750000000066e+02
2.095021169999999984e+02 2.092857869999999991e+02 2.092651009999999872e+02
2.091758780000000115e+02 2.094188809999999989e+02 2.092254819999999995e+02
2.116798479999999927e+02 2.116283329999999978e+02 2.118805900000000122e+02
2.079126919999999927e+02 2.076642500000000098e+02 2.078745279999999980e+02
2.099076530000000105e+02 2.101121760000000052e+02 2.101637729999999920e+02
2.153159540000000050e+02 2.153557910000000106e+02 2.151014720000000011e+02
2.134493349999999907e+02 2.131957720000000052e+02 2.133877889999999979e+02
2.111891919999999914e+02 2.111298969999999997e+02 2.113895950000000141e+02
2.067513189999999952e+02 2.069726039999999898e+02 2.070029830000000004e+02
2.116062279999999873e+02 2.118055390000000102e+02 2.118540370000000053e+02
2.003308000000000106e+02 2.000999999999999943e+02 2.003403830000000028e+02
2.165394640000000095e+02 2.167524929999999870e+02 2.167870049999999935e+02
2.080421939999999950e+02 2.080878879999999924e+02 2.078357259999999940e+02
2.192126729999999952e+02 2.189707019999999886e+02 2.190364380000000040e+02
2.078357259999999940e+02 2.080878879999999924e+02 2.078816160000000082e+02
2.003702700000000050e+02 2.006405410000000131e+02 2.005011839999999950e+02
2.194266560000000084e+02 2.193929210000000012e+02 2.191732509999999934e+02
2.048955349999999953e+02 2.050951230000000010e+02 2.051598659999999938e+02
2.059471829999999954e+02 2.061621930000000020e+02 2.062002819999999872e+02
2.063709450000000061e+02 2.066212219999999888e+02 2.064124219999999923e+02
2.144045669999999859e+02 2.143593610000000069e+02 2.146105000000000018e+02
2.109721910000000094e+02 2.112242640000000051e+02 2.110226360000000057e+02
2.092651009999999872e+02 2.090398189999999943e+02 2.092470999999999890e+02
2.101121760000000052e+02 2.100612649999999917e+02 2.103163590000000056e+02
2.043081270000000131e+02 2.045623879999999986e+02 2.043575150000000065e+02
2.057756829999999866e+02 2.055209600000000023e+02 2.057334030000000098e+02
2.133424219999999991e+02 2.135988979999999913e+02 2.133917950000000019e+02
2.094022339999999929e+02 2.093531130000000076e+02 2.096064110000000085e+02
2.076272189999999966e+02 2.075935420000000136e+02 2.078401369999999986e+02
2.163287090000000035e+02 2.163450909999999965e+02 2.160994010000000003e+02
2.045605950000000064e+02 2.047556629999999984e+02 2.048068849999999941e+02
2.117850589999999897e+02 2.120391730000000052e+02 2.118389720000000125e+02
2.124495139999999935e+02 2.126618650000000059e+02 2.127203609999999969e+02
2.012602970000000084e+02 2.014976829999999950e+02 2.013772079999999960e+02
2.130286700000000053e+02 2.127749269999999910e+02 2.129795630000000131e+02
2.103976839999999982e+02 2.106537490000000048e+02 2.104592389999999966e+02
2.013772079999999960e+02 2.012406560000000013e+02 2.011191359999999975e+02
2.094188809999999989e+02 2.094706869999999981e+02 2.092254819999999995e+02
2.013815960000000018e+02 2.014211170000000095e+02 2.016031879999999887e+02
2.102219179999999881e+02 2.103976839999999982e+02 2.104592389999999966e+02
2.116492480000000000e+02 2.119116150000000118e+02 2.117206419999999980e+02
2.074906110000000012e+02 2.072361889999999960e+02 2.072613550000000089e+02
2.083508669999999938e+02 2.080820099999999968e+02 2.081419549999999958e+02
2.081615400000000022e+02 2.079126919999999927e+02 2.081216420000000085e+02
2.160333270000000141e+02 2.160723040000000026e+02 2.158214859999999931e+02
2.057470639999999946e+02 2.059625580000000014e+02 2.059971610000000055e+02
2.102829160000000002e+02 2.100756599999999992e+02 2.100316929999999900e+02
2.079096720000000005e+02 2.081177350000000104e+02 2.081722190000000126e+02
2.107709179999999947e+02 2.110226360000000057e+02 2.108212980000000130e+02
2.069645280000000014e+02 2.071709620000000029e+02 2.072174909999999954e+02
2.090436009999999953e+02 2.088392780000000073e+02 2.087878949999999918e+02
2.085463900000000024e+02 2.087521729999999991e+02 2.087989430000000084e+02
2.041028890000000047e+02 2.043081270000000131e+02 2.043575150000000065e+02
2.176784350000000074e+02 2.178737050000000011e+02 2.179401609999999891e+02
2.116288820000000044e+02 2.116785419999999931e+02 2.114261989999999969e+02
2.168252510000000086e+02 2.166174609999999916e+02 2.165750679999999875e+02
2.194597039999999879e+02 2.194826590000000124e+02 2.192386370000000113e+02
2.023835359999999923e+02 2.024578429999999969e+02 2.022172459999999887e+02
2.125341860000000054e+02 2.127853609999999946e+02 2.125844519999999989e+02
2.047594159999999874e+02 2.048000609999999995e+02 2.050089659999999867e+02
2.105711200000000076e+02 2.106736840000000086e+02 2.108244960000000106e+02
2.116379860000000122e+02 2.114363580000000127e+02 2.113831500000000005e+02
2.089219760000000008e+02 2.089433329999999955e+02 2.087303540000000055e+02
2.010156149999999968e+02 2.010909900000000050e+02 2.012356359999999995e+02
2.117321699999999964e+02 2.117850589999999897e+02 2.115314569999999890e+02
2.054799480000000074e+02 2.052678520000000049e+02 2.052270870000000116e+02
2.097032949999999971e+02 2.094636089999999911e+02 2.096362770000000069e+02
2.086887869999999907e+02 2.089433180000000050e+02 2.087377429999999947e+02
2.065954659999999876e+02 2.068137499999999989e+02 2.068462089999999876e+02
2.095456210000000112e+02 2.097533510000000092e+02 2.098150530000000060e+02
2.112260789999999986e+02 2.114790509999999983e+02 2.112779020000000116e+02
2.154857649999999865e+02 2.152771070000000009e+02 2.152329589999999939e+02
2.043842170000000067e+02 2.041263759999999934e+02 2.041611399999999890e+02
2.104359269999999924e+02 2.106376329999999939e+02 2.106917259999999885e+02
2.046008600000000115e+02 2.046132450000000063e+02 2.048465260000000114e+02
2.105938779999999895e+02 2.108459009999999978e+02 2.106537490000000048e+02
2.189830990000000099e+02 2.191991360000000100e+02 2.192216960000000086e+02
2.072361889999999960e+02 2.070196779999999990e+02 2.072613550000000089e+02
2.074242189999999937e+02 2.072361889999999960e+02 2.074906110000000012e+02
2.094604769999999974e+02 2.092564040000000034e+02 2.092089379999999892e+02
2.021782699999999977e+02 2.024413250000000062e+02 2.022187649999999906e+02
2.112260789999999986e+02 2.112779020000000116e+02 2.110245879999999943e+02
2.093654909999999916e+02 2.094127369999999928e+02 2.091620090000000118e+02
2.122387180000000058e+02 2.124924739999999872e+02 2.122937379999999905e+02
2.028714819999999861e+02 2.029061989999999867e+02 2.031227719999999977e+02
2.193949770000000115e+02 2.196474880000000098e+02 2.194216089999999895e+02
2.126362839999999892e+02 2.123845180000000141e+02 2.125844519999999989e+02
2.111238590000000102e+02 2.111739399999999875e+02 2.109217849999999999e+02
2.083870619999999860e+02 2.086406519999999887e+02 2.084344810000000052e+02
2.060292680000000018e+02 2.058180429999999888e+02 2.057756829999999866e+02
2.037467190000000130e+02 2.040031859999999995e+02 2.037957859999999926e+02
2.117519100000000094e+02 2.115483040000000017e+02 2.115006239999999877e+02
2.064563379999999881e+02 2.062003489999999886e+02 2.064124219999999923e+02
2.029400609999999858e+02 2.026903629999999907e+02 2.028838000000000079e+02
2.153205780000000118e+02 2.155292349999999999e+02 2.155717469999999878e+02
2.057756829999999866e+02 2.058180429999999888e+02 2.055659239999999954e+02
2.047210479999999961e+02 2.047666580000000067e+02 2.045137829999999894e+02
2.192216960000000086e+02 2.192386370000000113e+02 2.190117920000000140e+02
2.134876610000000028e+02 2.132813010000000133e+02 2.132339039999999954e+02
2.076443179999999984e+02 2.074242189999999937e+02 2.076384979999999985e+02
2.109224210000000141e+02 2.108717670000000055e+02 2.111238659999999925e+02
2.044236950000000093e+02 2.046445850000000064e+02 2.043842170000000067e+02
2.138062970000000007e+02 2.137575070000000039e+02 2.140138179999999863e+02
2.123331139999999948e+02 2.125341860000000054e+02 2.125844519999999989e+02
2.028700000000000045e+02 2.030229099999999960e+02 2.030940119999999922e+02
2.102829160000000002e+02 2.100316929999999900e+02 2.102359510000000000e+02
2.130846950000000106e+02 2.130326619999999878e+02 2.132916290000000004e+02
2.076384979999999985e+02 2.074906110000000012e+02 2.077795299999999941e+02
2.108741980000000069e+02 2.106716010000000097e+02 2.106202360000000056e+02
2.104174250000000086e+02 2.101634280000000103e+02 2.103665440000000046e+02
2.048599659999999858e+02 2.046008600000000115e+02 2.048465260000000114e+02
2.039078900000000090e+02 2.036949569999999881e+02 2.036392170000000021e+02
2.159044849999999940e+02 2.156515080000000069e+02 2.158619989999999973e+02
2.126061329999999998e+02 2.124056219999999939e+02 2.123496360000000038e+02
2.180276130000000023e+02 2.178227469999999926e+02 2.177792320000000075e+02
2.062801259999999957e+02 2.064996099999999899e+02 2.065312439999999867e+02
2.093045140000000117e+02 2.095086059999999861e+02 2.095573489999999879e+02
2.058553080000000080e+02 2.056386899999999969e+02 2.058647640000000081e+02
2.019911960000000022e+02 2.018624900000000082e+02 2.021298260000000084e+02
2.068920500000000118e+02 2.068533030000000110e+02 2.071004639999999881e+02
2.149928749999999980e+02 2.152399130000000014e+02 2.150596329999999909e+02
2.112242640000000051e+02 2.112746449999999925e+02 2.110226360000000057e+02
2.048000609999999995e+02 2.045963840000000005e+02 2.048480669999999861e+02
2.112779020000000116e+02 2.115314569999999890e+02 2.113303029999999865e+02
2.148173620000000028e+02 2.150689700000000073e+02 2.148614139999999963e+02
2.049743750000000091e+02 2.047210479999999961e+02 2.049324819999999931e+02
2.015876590000000022e+02 2.013815960000000018e+02 2.016031879999999887e+02
2.022187649999999906e+02 2.024965139999999906e+02 2.023004410000000064e+02
2.106784240000000068e+02 2.104755199999999888e+02 2.104211709999999869e+02
2.148614139999999963e+02 2.151124560000000088e+02 2.149050039999999910e+02
2.129102469999999983e+02 2.128469819999999970e+02 2.130921659999999918e+02
2.110314639999999997e+02 2.112872549999999876e+02 2.110845030000000122e+02
2.077904149999999959e+02 2.078357259999999940e+02 2.075836930000000109e+02
2.079739380000000040e+02 2.080208590000000015e+02 2.077668679999999881e+02
2.068729979999999955e+02 2.066653410000000122e+02 2.066212219999999888e+02
2.153160059999999874e+02 2.152702260000000081e+02 2.150689460000000111e+02
2.050959469999999953e+02 2.048955349999999953e+02 2.051598659999999938e+02
2.028714819999999861e+02 2.026650490000000104e+02 2.029061989999999867e+02
2.146983250000000112e+02 2.147413770000000000e+02 2.144950080000000128e+02
2.134401589999999942e+02 2.136468289999999968e+02 2.136941520000000025e+02
2.133877889999999979e+02 2.135847719999999867e+02 2.136345460000000003e+02
2.187376050000000021e+02 2.189830990000000099e+02 2.187734790000000089e+02
2.096878769999999861e+02 2.094075939999999889e+02 2.094541140000000041e+02
2.114790509999999983e+02 2.117321699999999964e+02 2.115314569999999890e+02
2.107755500000000097e+02 2.110314639999999997e+02 2.108283969999999954e+02
2.075389350000000093e+02 2.077904149999999959e+02 2.075836930000000109e+02
2.086179879999999969e+02 2.083877420000000029e+02 2.084122490000000028e+02
2.083308370000000025e+02 2.083693230000000085e+02 2.081216420000000085e+02
2.122627270000000124e+02 2.120579549999999927e+02 2.120077190000000087e+02
2.104182130000000086e+02 2.104682359999999903e+02 2.102160320000000127e+02
2.068920500000000118e+02 2.071004639999999881e+02 2.071386310000000037e+02
2.086406519999999887e+02 2.088463680000000124e+02 2.088944329999999923e+02
2.128250170000000026e+02 2.125713800000000049e+02 2.127749269999999910e+02
2.077461419999999919e+02 2.079971720000000062e+02 2.077904149999999959e+02
2.043103480000000047e+02 2.045605950000000064e+02 2.043657129999999995e+02
2.013851349999999911e+02 2.015891890000000046e+02 2.014976829999999950e+02
2.141072580000000016e+02 2.141533479999999940e+02 2.139007009999999980e+02
2.120307779999999980e+02 2.120813349999999957e+02 2.118294309999999996e+02
2.151014720000000011e+02 2.148454869999999914e+02 2.150612790000000132e+02
2.073793579999999963e+02 2.071303639999999859e+02 2.073455399999999997e+02
2.031669620000000123e+02 2.032084830000000011e+02 2.029583900000000085e+02
2.145067200000000014e+02 2.143028830000000085e+02 2.145549149999999941e+02
2.050048920000000123e+02 2.052510029999999972e+02 2.050445019999999943e+02
2.113440099999999973e+02 2.110904219999999896e+02 2.112955479999999966e+02
2.098660759999999925e+02 2.096155129999999929e+02 2.098172000000000139e+02
2.054033230000000003e+02 2.056566990000000033e+02 2.054406270000000063e+02
2.119559549999999888e+02 2.117063689999999951e+02 2.119125730000000090e+02
2.066653410000000122e+02 2.064563379999999881e+02 2.064124219999999923e+02
2.090706549999999879e+02 2.090265559999999994e+02 2.092722760000000051e+02
2.158566779999999881e+02 2.160723040000000026e+02 2.160994010000000003e+02
2.105186099999999954e+02 2.107714919999999950e+02 2.105691999999999950e+02
2.134876610000000028e+02 2.136941520000000025e+02 2.137410730000000001e+02
2.046134680000000117e+02 2.048556649999999877e+02 2.046525410000000136e+02
2.107714919999999950e+02 2.108226319999999987e+02 2.105691999999999950e+02
2.097027290000000050e+02 2.099076530000000105e+02 2.099588019999999915e+02
2.020957840000000090e+02 2.021449739999999906e+02 2.018923709999999971e+02
2.024997079999999983e+02 2.022550899999999956e+02 2.024578429999999969e+02
2.094521129999999971e+02 2.096561260000000004e+02 2.097062029999999879e+02
2.132813010000000133e+02 2.130286700000000053e+02 2.132339039999999954e+02
2.039078900000000090e+02 2.036392170000000021e+02 2.038480580000000089e+02
2.137056499999999915e+02 2.134493349999999907e+02 2.136345460000000003e+02
2.097565960000000018e+02 2.098070030000000088e+02 2.095529490000000123e+02
2.183175050000000113e+02 2.185245549999999923e+02 2.185630840000000035e+02
2.116798479999999927e+02 2.117321699999999964e+02 2.114790509999999983e+02
2.065480139999999949e+02 2.063345799999999883e+02 2.062932370000000049e+02
2.103163590000000056e+02 2.105721690000000024e+02 2.103682660000000055e+02
2.084122490000000028e+02 2.081754830000000140e+02 2.082044769999999971e+02
2.028700000000000045e+02 2.028838000000000079e+02 2.026426620000000014e+02
2.140405169999999941e+02 2.137874909999999886e+02 2.139939660000000003e+02
2.090398189999999943e+02 2.088490950000000055e+02 2.090870280000000037e+02
2.099601609999999994e+02 2.100106940000000009e+02 2.097565960000000018e+02
2.135885849999999948e+02 2.136520730000000015e+02 2.133867089999999962e+02
2.075338879999999904e+02 2.075626560000000040e+02 2.073140830000000108e+02
2.103183500000000095e+02 2.105193989999999928e+02 2.105695969999999875e+02
2.129795630000000131e+02 2.127749269999999910e+02 2.127238250000000050e+02
2.190364380000000040e+02 2.192386370000000113e+02 2.192864790000000141e+02
2.098150530000000060e+02 2.100732519999999965e+02 2.098784300000000087e+02
2.129445849999999893e+02 2.126313389999999970e+02 2.127203609999999969e+02
2.032822930000000099e+02 2.033506639999999948e+02 2.031248630000000048e+02
2.060294729999999959e+02 2.062801259999999957e+02 2.060609440000000063e+02
2.087804010000000119e+02 2.089890530000000126e+02 2.090309570000000008e+02
2.003414310000000000e+02 2.003188940000000002e+02 2.005786219999999958e+02
2.003546939999999950e+02 2.003489930000000072e+02 2.006038639999999873e+02
2.081216420000000085e+02 2.078745279999999980e+02 2.080857479999999953e+02
2.138960649999999930e+02 2.138723630000000071e+02 2.141094490000000121e+02
2.128783880000000011e+02 2.129293000000000120e+02 2.126726869999999963e+02
2.169633000000000038e+02 2.169142620000000079e+02 2.171668540000000007e+02
2.003489930000000072e+02 2.000999999999999943e+02 2.003414310000000000e+02
2.138020799999999895e+02 2.135521980000000042e+02 2.136866339999999980e+02
2.118400000000000034e+02 2.116487899999999911e+02 2.115709830000000125e+02
2.066472500000000139e+02 2.068533030000000110e+02 2.068920500000000118e+02
2.087061699999999860e+02 2.089114920000000097e+02 2.089574719999999957e+02
2.063914499999999919e+02 2.066472500000000139e+02 2.064427829999999915e+02
2.050437589999999943e+02 2.048000609999999995e+02 2.048480669999999861e+02
2.097821700000000078e+02 2.095336220000000083e+02 2.097454559999999901e+02
2.009849670000000117e+02 2.008437089999999898e+02 2.007607040000000040e+02
2.022998100000000079e+02 2.020473749999999882e+02 2.022550899999999956e+02
2.079126919999999927e+02 2.077040590000000009e+02 2.076642500000000098e+02
2.104685969999999884e+02 2.102141459999999995e+02 2.104174250000000086e+02
2.088608769999999879e+02 2.089577429999999936e+02 2.087172840000000065e+02
2.179401609999999891e+02 2.180009959999999865e+02 2.177466169999999863e+02
2.126902499999999918e+02 2.127465359999999919e+02 2.124924739999999872e+02
2.030262309999999957e+02 2.028259319999999946e+02 2.030861040000000060e+02
2.121557679999999948e+02 2.119125730000000090e+02 2.121328230000000019e+02
2.085316960000000108e+02 2.084824830000000020e+02 2.087377429999999947e+02
2.090870280000000037e+02 2.091546250000000100e+02 2.093643730000000005e+02
2.162873419999999953e+02 2.164983450000000005e+02 2.165394640000000095e+02
2.101412919999999929e+02 2.103335800000000120e+02 2.103976839999999982e+02
2.111285719999999912e+02 2.108741980000000069e+02 2.110763230000000021e+02
2.199000000000000057e+02 2.199000000000000057e+02 2.196890870000000007e+02
2.050048920000000123e+02 2.050445019999999943e+02 2.048068849999999941e+02
2.098070030000000088e+02 2.096032360000000097e+02 2.095529490000000123e+02
2.092722760000000051e+02 2.095195070000000044e+02 2.093187110000000075e+02
2.050170809999999904e+02 2.047666580000000067e+02 2.049743750000000091e+02
2.132916290000000004e+02 2.130326619999999878e+02 2.132388640000000066e+02
2.130016160000000127e+02 2.127465359999999919e+02 2.129428959999999904e+02
2.110245879999999943e+02 2.112779020000000116e+02 2.110763230000000021e+02
2.133867089999999962e+02 2.131830349999999896e+02 2.131240699999999890e+02
2.097609380000000101e+02 2.098101599999999962e+02 2.095573489999999879e+02
2.028020290000000045e+02 2.026015060000000005e+02 2.025498719999999935e+02
2.144950080000000128e+02 2.142930210000000102e+02 2.142457719999999881e+02
2.050913600000000088e+02 2.050709709999999859e+02 2.053142530000000079e+02
2.065020609999999976e+02 2.067108420000000137e+02 2.067571670000000097e+02
2.100106940000000009e+02 2.102650490000000048e+02 2.100612649999999917e+02
2.143151850000000138e+02 2.142693109999999876e+02 2.141022460000000081e+02
2.142210340000000031e+02 2.140138179999999863e+02 2.139654549999999915e+02
2.128641159999999957e+02 2.130628409999999917e+02 2.131240699999999890e+02
2.041028890000000047e+02 2.041478459999999870e+02 2.039069910000000050e+02
2.111811800000000119e+02 2.109785880000000020e+02 2.109262349999999913e+02
2.107334669999999903e+02 2.106784240000000068e+02 2.109351849999999899e+02
2.115483040000000017e+02 2.112955479999999966e+02 2.115006239999999877e+02
2.086877509999999916e+02 2.084314300000000060e+02 2.086350459999999885e+02
2.118932159999999953e+02 2.116917060000000106e+02 2.116379860000000122e+02
2.131228279999999984e+02 2.131621330000000114e+02 2.129231739999999888e+02
2.028583460000000116e+02 2.026539040000000114e+02 2.026015060000000005e+02
2.027070899999999938e+02 2.029583900000000085e+02 2.027413990000000013e+02
2.078616629999999930e+02 2.081177350000000104e+02 2.079096720000000005e+02
2.096637299999999868e+02 2.097120229999999879e+02 2.094604769999999974e+02
2.170512290000000064e+02 2.170287480000000073e+02 2.168370270000000062e+02
2.068533030000000110e+02 2.068060179999999946e+02 2.070579439999999920e+02
2.063278430000000014e+02 2.065784280000000024e+02 2.063709450000000061e+02
2.087521729999999991e+02 2.085002680000000055e+02 2.087061699999999860e+02
2.194826590000000124e+02 2.196890870000000007e+02 2.194716280000000097e+02
2.110935849999999903e+02 2.112977019999999868e+02 2.113528650000000084e+02
2.194716280000000097e+02 2.192126729999999952e+02 2.192864790000000141e+02
2.113760690000000011e+02 2.113252239999999915e+02 2.115773299999999892e+02
2.173689709999999877e+02 2.171188219999999944e+02 2.173237000000000023e+02
2.060998910000000137e+02 2.063914499999999919e+02 2.062190730000000087e+02
2.103682269999999903e+02 2.101663079999999866e+02 2.101168999999999869e+02
2.072082069999999874e+02 2.074581230000000005e+02 2.072613550000000089e+02
2.114993760000000123e+02 2.112977019999999868e+02 2.112449630000000127e+02
2.022527619999999899e+02 2.020195740000000058e+02 2.020532640000000129e+02
2.056566990000000033e+02 2.056221449999999891e+02 2.058744399999999928e+02
2.040473529999999869e+02 2.038480580000000089e+02 2.037768800000000056e+02
2.105836559999999906e+02 2.105349659999999972e+02 2.107879120000000057e+02
2.143793330000000026e+02 2.144276999999999873e+02 2.141731029999999976e+02
2.119324929999999938e+02 2.117321699999999964e+02 2.116798479999999927e+02
2.055612979999999936e+02 2.057797630000000026e+02 2.058106260000000134e+02
2.087467619999999897e+02 2.089838469999999973e+02 2.087825100000000020e+02
2.124269529999999975e+02 2.126618650000000059e+02 2.124495139999999935e+02
2.144745360000000005e+02 2.145205170000000123e+02 2.142678260000000137e+02
2.121074629999999956e+02 2.123639569999999992e+02 2.121596889999999860e+02
2.097454559999999901e+02 2.097032949999999971e+02 2.099477750000000071e+02
2.044667120000000011e+02 2.044213340000000017e+02 2.046769889999999918e+02
2.055317400000000134e+02 2.057797630000000026e+02 2.055612979999999936e+02
2.078906670000000076e+02 2.080836850000000027e+02 2.081419549999999958e+02
2.072840759999999989e+02 2.075338879999999904e+02 2.073140830000000108e+02
2.067865089999999952e+02 2.065784280000000024e+02 2.065356390000000033e+02
2.145067200000000014e+02 2.142431259999999895e+02 2.143028830000000085e+02
2.192126729999999952e+02 2.191732509999999934e+02 2.189707019999999886e+02
2.096032360000000097e+02 2.093994549999999890e+02 2.093493540000000053e+02
2.143280870000000107e+02 2.141228570000000104e+02 2.140667829999999867e+02
2.137575070000000039e+02 2.137068270000000041e+02 2.139654549999999915e+02
2.111811800000000119e+02 2.109262349999999913e+02 2.111285719999999912e+02
2.192386370000000113e+02 2.194826590000000124e+02 2.192864790000000141e+02
2.019450199999999995e+02 2.021782699999999977e+02 2.019502500000000111e+02
2.017462229999999863e+02 2.016242100000000050e+02 2.018624900000000082e+02
2.036375519999999995e+02 2.038829130000000021e+02 2.037019310000000019e+02
2.099601609999999994e+02 2.099097490000000050e+02 2.101634280000000103e+02
2.098660759999999925e+02 2.098172000000000139e+02 2.100675109999999961e+02
2.168683870000000127e+02 2.166174609999999916e+02 2.168252510000000086e+02
2.081754830000000140e+02 2.079632249999999942e+02 2.082044769999999971e+02
2.141533479999999940e+02 2.143593610000000069e+02 2.144045669999999859e+02
2.050445019999999943e+02 2.052863010000000088e+02 2.050709709999999859e+02
2.121849599999999896e+02 2.119852469999999869e+02 2.119324929999999938e+02
2.101121760000000052e+02 2.103163590000000056e+02 2.103682660000000055e+02
2.068291099999999858e+02 2.068729979999999955e+02 2.066212219999999888e+02
2.155717469999999878e+02 2.155292349999999999e+02 2.157809910000000002e+02
2.033323839999999905e+02 2.031376669999999933e+02 2.030940119999999922e+02
2.147413770000000000e+02 2.147890409999999974e+02 2.145427640000000054e+02
2.109351849999999899e+02 2.111376840000000072e+02 2.111912839999999960e+02
2.114283920000000023e+02 2.116492480000000000e+02 2.117206419999999980e+02
2.145658139999999889e+02 2.147727989999999920e+02 2.148173620000000028e+02
2.123701289999999915e+02 2.123149809999999889e+02 2.125713800000000049e+02
2.067513189999999952e+02 2.070029830000000004e+02 2.067824009999999930e+02
2.102683570000000088e+02 2.104689429999999959e+02 2.105193989999999928e+02
2.090948909999999898e+02 2.088911400000000071e+02 2.088392780000000073e+02
2.084960710000000006e+02 2.087401849999999968e+02 2.087303540000000055e+02
2.053692979999999864e+02 2.051489630000000091e+02 2.051154369999999858e+02
2.079953509999999994e+02 2.080389659999999878e+02 2.082421359999999879e+02
2.157383210000000133e+02 2.159478279999999870e+02 2.159912830000000099e+02
2.075836930000000109e+02 2.078357259999999940e+02 2.076294200000000103e+02
2.106537490000000048e+02 2.106736840000000086e+02 2.104592389999999966e+02
2.092479439999999897e+02 2.094521129999999971e+02 2.095023679999999899e+02
2.087825100000000020e+02 2.090265559999999994e+02 2.088233370000000093e+02
2.027560139999999933e+02 2.029318220000000110e+02 2.030229099999999960e+02
2.085463900000000024e+02 2.085002680000000055e+02 2.087521729999999991e+02
2.143028830000000085e+02 2.142431259999999895e+02 2.140103169999999864e+02
2.087377429999999947e+02 2.089930410000000052e+02 2.087878949999999918e+02
2.090462550000000022e+02 2.090398189999999943e+02 2.092651009999999872e+02
2.110440529999999910e+02 2.109897890000000018e+02 2.112449630000000127e+02
2.115006239999999877e+02 2.112448259999999891e+02 2.114489179999999919e+02
2.132063290000000109e+02 2.129317369999999983e+02 2.130462369999999908e+02
2.152000099999999918e+02 2.154069540000000131e+02 2.154520630000000097e+02
2.120813349999999957e+02 2.118805900000000122e+02 2.118294309999999996e+02
2.082277860000000089e+02 2.084824830000000020e+02 2.082757070000000112e+02
2.102650490000000048e+02 2.104685969999999884e+02 2.105200900000000104e+02
2.187777169999999956e+02 2.184867800000000102e+02 2.185936759999999879e+02
2.095195070000000044e+02 2.097681420000000116e+02 2.095675610000000120e+02
2.093654909999999916e+02 2.091158729999999935e+02 2.093187110000000075e+02
2.054965349999999944e+02 2.055061430000000087e+02 2.057243190000000084e+02
2.063443859999999859e+02 2.065954659999999876e+02 2.063783420000000035e+02
2.092254819999999995e+02 2.094706869999999981e+02 2.092722760000000051e+02
2.046124130000000036e+02 2.046132450000000063e+02 2.044227950000000078e+02
2.087989430000000084e+02 2.087521729999999991e+02 2.090042880000000025e+02
2.148173620000000028e+02 2.147727989999999920e+02 2.150249090000000081e+02
2.097609380000000101e+02 2.099639249999999890e+02 2.100133620000000008e+02
2.128266340000000127e+02 2.128783880000000011e+02 2.126210399999999936e+02
2.035151920000000132e+02 2.033179000000000087e+02 2.032566199999999981e+02
2.074155979999999886e+02 2.071665490000000034e+02 2.073793579999999963e+02
2.174971089999999947e+02 2.172842510000000118e+02 2.175470550000000003e+02
2.041263759999999934e+02 2.039164460000000076e+02 2.041611399999999890e+02
2.124928510000000017e+02 2.127476120000000037e+02 2.126933349999999905e+02
2.010909900000000050e+02 2.013881149999999991e+02 2.012356359999999995e+02
2.077210750000000132e+02 2.075145269999999869e+02 2.074693399999999883e+02
2.107334669999999903e+02 2.104755199999999888e+02 2.106784240000000068e+02
2.023943209999999908e+02 2.026539040000000114e+02 2.024413250000000062e+02
2.074776270000000125e+02 2.077301390000000083e+02 2.075058850000000064e+02
2.079971720000000062e+02 2.082486399999999946e+02 2.080421939999999950e+02
2.174187149999999917e+02 2.173689709999999877e+02 2.176212260000000072e+02
2.078906670000000076e+02 2.076443179999999984e+02 2.078547480000000007e+02
2.111376840000000072e+02 2.113933930000000032e+02 2.111912839999999960e+02
2.073513069999999914e+02 2.074054179999999974e+02 2.071386310000000037e+02
2.031160979999999938e+02 2.031669620000000123e+02 2.029130810000000054e+02
2.109733530000000030e+02 2.112260789999999986e+02 2.110245879999999943e+02
2.078745279999999980e+02 2.076642500000000098e+02 2.076272189999999966e+02
2.111298969999999997e+02 2.111084899999999891e+02 2.113224539999999934e+02
2.140405169999999941e+02 2.138333059999999932e+02 2.137874909999999886e+02
2.079632249999999942e+02 2.079953509999999994e+02 2.082044769999999971e+02
2.099148529999999937e+02 2.096637299999999868e+02 2.098660759999999925e+02
2.088490950000000055e+02 2.088981799999999964e+02 2.090870280000000037e+02
2.099601609999999994e+02 2.102141459999999995e+02 2.100106940000000009e+02
2.126313389999999970e+02 2.124495139999999935e+02 2.127203609999999969e+02
2.142930210000000102e+02 2.140405169999999941e+02 2.142457719999999881e+02
2.111484089999999867e+02 2.114099720000000104e+02 2.112084570000000099e+02
2.066658810000000130e+02 2.068803959999999904e+02 2.069167290000000037e+02
2.048130649999999946e+02 2.046134680000000117e+02 2.045623879999999986e+02
2.109217849999999999e+02 2.111739399999999875e+02 2.109721910000000094e+02
2.185245549999999923e+02 2.187734790000000089e+02 2.185630840000000035e+02
2.134545569999999941e+02 2.134000000000000057e+02 2.132474960000000124e+02
2.082044769999999971e+02 2.079953509999999994e+02 2.082421359999999879e+02
2.113933930000000032e+02 2.115960120000000018e+02 2.116486969999999985e+02
2.119475979999999993e+02 2.117454779999999914e+02 2.116917060000000106e+02
2.096662719999999922e+02 2.097182720000000131e+02 2.094706869999999981e+02
2.007825670000000002e+02 2.005467109999999877e+02 2.005717260000000124e+02
2.032698340000000030e+02 2.033595799999999940e+02 2.034943440000000123e+02
2.181214679999999930e+02 2.180706319999999891e+02 2.183175050000000113e+02
2.076642500000000098e+02 2.074155979999999886e+02 2.076272189999999966e+02
2.025161369999999863e+02 2.027560139999999933e+02 2.026426620000000014e+02
2.068462089999999876e+02 2.070963849999999979e+02 2.068803959999999904e+02
2.095456210000000112e+02 2.098150530000000060e+02 2.096229360000000099e+02
2.118932159999999953e+02 2.118389720000000125e+02 2.120939989999999966e+02
2.130628409999999917e+02 2.133233669999999904e+02 2.131240699999999890e+02
2.089433329999999955e+02 2.091037660000000074e+02 2.091758780000000115e+02
2.137575070000000039e+02 2.134990449999999953e+02 2.137068270000000041e+02
2.117537330000000111e+02 2.114993760000000123e+02 2.117011909999999943e+02
2.082846490000000017e+02 2.084855849999999862e+02 2.085374569999999892e+02
2.007825670000000002e+02 2.010156149999999968e+02 2.009967910000000018e+02
2.059189169999999933e+02 2.057243190000000084e+02 2.056695210000000031e+02
2.021553560000000118e+02 2.022122709999999870e+02 2.024133610000000090e+02
2.096087890000000016e+02 2.096662719999999922e+02 2.094188809999999989e+02
2.005467109999999877e+02 2.003308000000000106e+02 2.005717260000000124e+02
2.187777169999999956e+02 2.185936759999999879e+02 2.188098589999999888e+02
2.168683870000000127e+02 2.166617180000000076e+02 2.166174609999999916e+02
2.110440529999999910e+02 2.107902789999999982e+02 2.109897890000000018e+02
2.077884280000000103e+02 2.075805650000000071e+02 2.078327590000000100e+02
2.064996099999999899e+02 2.067513189999999952e+02 2.065312439999999867e+02
2.113528650000000084e+02 2.115529929999999865e+02 2.116062279999999873e+02
2.101131230000000016e+02 2.098598529999999869e+02 2.100631040000000098e+02
2.000999999999999943e+02 2.003702700000000050e+02 2.002821299999999951e+02
2.006038639999999873e+02 2.008412899999999865e+02 2.005919529999999895e+02
2.155689370000000054e+02 2.153557910000000106e+02 2.153159540000000050e+02
2.035052459999999996e+02 2.036541300000000092e+02 2.037504619999999989e+02
2.189830990000000099e+02 2.192216960000000086e+02 2.190117920000000140e+02
2.100631040000000098e+02 2.098101599999999962e+02 2.100133620000000008e+02
2.065312439999999867e+02 2.065629380000000026e+02 2.063118640000000141e+02
2.131355660000000114e+02 2.133424219999999991e+02 2.133917950000000019e+02
2.067447840000000099e+02 2.064933210000000088e+02 2.067043830000000071e+02
2.113303029999999865e+02 2.111285719999999912e+02 2.110763230000000021e+02
2.122038619999999867e+02 2.121490809999999954e+02 2.124056219999999939e+02
2.083308370000000025e+02 2.081216420000000085e+02 2.080857479999999953e+02
2.067200929999999914e+02 2.069726039999999898e+02 2.067513189999999952e+02
2.163661789999999883e+02 2.163243970000000047e+02 2.165750679999999875e+02
2.096229360000000099e+02 2.096878769999999861e+02 2.094541140000000041e+02
2.086964800000000082e+02 2.084870300000000043e+02 2.087172840000000065e+02
2.147727989999999920e+02 2.145205170000000123e+02 2.147274040000000070e+02
2.120813349999999957e+02 2.122826059999999870e+02 2.123331139999999948e+02
2.130216320000000110e+02 2.129317369999999983e+02 2.132063290000000109e+02
2.118520059999999887e+02 2.117995090000000005e+02 2.120485720000000072e+02
2.109574100000000101e+02 2.111084899999999891e+02 2.108244960000000106e+02
2.047556629999999984e+02 2.050048920000000123e+02 2.048068849999999941e+02
2.078745279999999980e+02 2.076272189999999966e+02 2.078401369999999986e+02
2.028583460000000116e+02 2.028020290000000045e+02 2.030587950000000035e+02
2.078097630000000038e+02 2.080549049999999909e+02 2.078401369999999986e+02
2.084314300000000060e+02 2.083771509999999978e+02 2.086350459999999885e+02
2.098598529999999869e+02 2.096561260000000004e+02 2.096064110000000085e+02
2.078906670000000076e+02 2.076274260000000140e+02 2.076443179999999984e+02
2.192216960000000086e+02 2.191991360000000100e+02 2.194424659999999960e+02
2.135185979999999972e+02 2.134493349999999907e+02 2.137056499999999915e+02
2.145205170000000123e+02 2.143138509999999997e+02 2.142678260000000137e+02
2.135185979999999972e+02 2.135885849999999948e+02 2.133233669999999904e+02
2.136270939999999996e+02 2.138723630000000071e+02 2.136742140000000063e+02
2.128716090000000065e+02 2.128250170000000026e+02 2.130759270000000072e+02
2.137424420000000111e+02 2.135521980000000042e+02 2.138020799999999895e+02
2.048599659999999858e+02 2.046355409999999893e+02 2.046008600000000115e+02
2.153634470000000078e+02 2.155717469999999878e+02 2.156129750000000058e+02
2.097182720000000131e+02 2.099158309999999972e+02 2.099675509999999861e+02
2.145427640000000054e+02 2.147890409999999974e+02 2.145997600000000034e+02
2.043399049999999875e+02 2.041957869999999957e+02 2.044227950000000078e+02
2.101168999999999869e+02 2.098660759999999925e+02 2.100675109999999961e+02
2.159044849999999940e+02 2.156948940000000050e+02 2.156515080000000069e+02
2.103595139999999901e+02 2.106736840000000086e+02 2.105711200000000076e+02
2.129784359999999879e+02 2.127190129999999897e+02 2.129223409999999888e+02
2.118389720000000125e+02 2.120391730000000052e+02 2.120939989999999966e+02
2.101663079999999866e+02 2.099148529999999937e+02 2.101168999999999869e+02
2.108815500000000043e+02 2.111376840000000072e+02 2.109351849999999899e+02
2.108741980000000069e+02 2.106202360000000056e+02 2.108226319999999987e+02
2.126618650000000059e+02 2.128716090000000065e+02 2.129231739999999888e+02
2.153634470000000078e+02 2.153205780000000118e+02 2.155717469999999878e+02
2.086514229999999941e+02 2.088981799999999964e+02 2.088490950000000055e+02
2.079537899999999979e+02 2.079971720000000062e+02 2.077461419999999919e+02
2.160723040000000026e+02 2.163287090000000035e+02 2.160994010000000003e+02
2.030229099999999960e+02 2.031977320000000020e+02 2.032658299999999940e+02
2.138751939999999934e+02 2.140786569999999926e+02 2.141022460000000081e+02
2.064563379999999881e+02 2.062446899999999914e+02 2.062003489999999886e+02
2.171668540000000007e+02 2.169142620000000079e+02 2.171188219999999944e+02
2.062405149999999878e+02 2.059873320000000092e+02 2.062002819999999872e+02
2.138537760000000105e+02 2.138062970000000007e+02 2.140608190000000093e+02
2.108713469999999859e+02 2.111238590000000102e+02 2.109217849999999999e+02
2.075338879999999904e+02 2.077823579999999879e+02 2.075626560000000040e+02
2.060609440000000063e+02 2.060929629999999975e+02 2.058417469999999980e+02
2.176212260000000072e+02 2.173689709999999877e+02 2.175732059999999990e+02
2.092564040000000034e+02 2.090042880000000025e+02 2.092089379999999892e+02
2.153205780000000118e+02 2.152771070000000009e+02 2.155292349999999999e+02
2.084122490000000028e+02 2.082044769999999971e+02 2.084476530000000025e+02
2.003546939999999950e+02 2.006038639999999873e+02 2.005919529999999895e+02
2.014211170000000095e+02 2.011825269999999932e+02 2.012196570000000122e+02
2.069182900000000132e+02 2.071251619999999889e+02 2.071709620000000029e+02
2.189528510000000097e+02 2.191722230000000025e+02 2.191991360000000100e+02
2.170512290000000064e+02 2.168370270000000062e+02 2.167870049999999935e+02
2.107709179999999947e+02 2.108212980000000130e+02 2.105695969999999875e+02
2.096229360000000099e+02 2.098150530000000060e+02 2.098784300000000087e+02
2.077008769999999913e+02 2.079700300000000084e+02 2.077795299999999941e+02
2.124269529999999975e+02 2.124495139999999935e+02 2.122337730000000136e+02
2.082486399999999946e+02 2.082940849999999955e+02 2.080421939999999950e+02
2.007825670000000002e+02 2.005717260000000124e+02 2.008226260000000138e+02
2.175732059999999990e+02 2.173689709999999877e+02 2.173237000000000023e+02
2.048068849999999941e+02 2.050445019999999943e+02 2.048352020000000095e+02
2.142431259999999895e+02 2.140056749999999965e+02 2.140103169999999864e+02
2.121693620000000067e+02 2.122337730000000136e+02 2.119886899999999912e+02
2.135988979999999913e+02 2.136468289999999968e+02 2.133917950000000019e+02
2.098216610000000060e+02 2.097821700000000078e+02 2.100316929999999900e+02
2.074693399999999883e+02 2.075145269999999869e+02 2.072634630000000016e+02
2.022662009999999952e+02 2.025161369999999863e+02 2.023835359999999923e+02
2.057393549999999891e+02 2.054536850000000072e+02 2.054901619999999980e+02
2.155292349999999999e+02 2.152771070000000009e+02 2.154857649999999865e+02
2.150689700000000073e+02 2.153205780000000118e+02 2.151124560000000088e+02
2.130462369999999908e+02 2.129102469999999983e+02 2.131450790000000097e+02
2.031376669999999933e+02 2.029400609999999858e+02 2.028838000000000079e+02
2.126210399999999936e+02 2.128783880000000011e+02 2.126726869999999963e+02
2.037768800000000056e+02 2.035801260000000070e+02 2.035151920000000132e+02
2.126226859999999874e+02 2.128250170000000026e+02 2.128716090000000065e+02
2.121108849999999961e+02 2.123149809999999889e+02 2.123701289999999915e+02
2.037467190000000130e+02 2.035420359999999960e+02 2.034848599999999976e+02
2.188098589999999888e+02 2.187734790000000089e+02 2.190117920000000140e+02
2.159478279999999870e+02 2.159044849999999940e+02 2.161571570000000122e+02
2.196932759999999973e+02 2.196890870000000007e+02 2.194826590000000124e+02
2.029400609999999858e+02 2.027454610000000059e+02 2.026903629999999907e+02
2.111748159999999928e+02 2.112260789999999986e+02 2.109733530000000030e+02
2.018427910000000054e+02 2.015909159999999929e+02 2.017934219999999925e+02
2.180009959999999865e+02 2.179401609999999891e+02 2.181952459999999974e+02
2.188098589999999888e+02 2.185936759999999879e+02 2.185630840000000035e+02
2.110226360000000057e+02 2.110731930000000034e+02 2.108212980000000130e+02
2.084855849999999862e+02 2.087385910000000138e+02 2.085374569999999892e+02
2.089433180000000050e+02 2.089930410000000052e+02 2.087377429999999947e+02
2.155717469999999878e+02 2.158214859999999931e+02 2.156129750000000058e+02
2.095529490000000123e+02 2.096032360000000097e+02 2.093493540000000053e+02
2.120485720000000072e+02 2.120021250000000066e+02 2.122501619999999889e+02
2.098172000000000139e+02 2.100178129999999896e+02 2.100675109999999961e+02
2.053608769999999879e+02 2.056044469999999933e+02 2.053818039999999883e+02
2.065356390000000033e+02 2.062835770000000082e+02 2.064933210000000088e+02
2.036375519999999995e+02 2.037019310000000019e+02 2.034496049999999912e+02
2.141072580000000016e+02 2.140608190000000093e+02 2.143138509999999997e+02
2.111739399999999875e+02 2.113763700000000085e+02 2.114261989999999969e+02
2.193949770000000115e+02 2.194216089999999895e+02 2.191722230000000025e+02
2.071004639999999881e+02 2.073513069999999914e+02 2.071386310000000037e+02
2.102659510000000012e+02 2.100631040000000098e+02 2.100133620000000008e+02
2.199000000000000057e+02 2.196464599999999905e+02 2.196777789999999868e+02
2.115267139999999984e+02 2.117285449999999969e+02 2.117787940000000049e+02
2.048599659999999858e+02 2.048930799999999977e+02 2.046355409999999893e+02
2.018923709999999971e+02 2.021449739999999906e+02 2.019450199999999995e+02
2.047556629999999984e+02 2.049525120000000129e+02 2.050048920000000123e+02
2.037504619999999989e+02 2.039996610000000032e+02 2.038203259999999943e+02
2.031227719999999977e+02 2.029061989999999867e+02 2.031248630000000048e+02
2.038203259999999943e+02 2.040647419999999954e+02 2.038829130000000021e+02
2.036534829999999943e+02 2.037208170000000109e+02 2.034943440000000123e+02
2.043406180000000063e+02 2.041263759999999934e+02 2.043842170000000067e+02
2.096032360000000097e+02 2.096529869999999960e+02 2.093994549999999890e+02
2.089114920000000097e+02 2.091158729999999935e+02 2.091620090000000118e+02
2.088248780000000124e+02 2.085999999999999943e+02 2.088231230000000096e+02
2.053818039999999883e+02 2.056044469999999933e+02 2.056695210000000031e+02
2.089420489999999972e+02 2.088911400000000071e+02 2.091458330000000103e+02
2.094975239999999985e+02 2.092428519999999992e+02 2.094484280000000069e+02
2.065480139999999949e+02 2.066001730000000123e+02 2.063345799999999883e+02
2.088944329999999923e+02 2.089433180000000050e+02 2.086887869999999907e+02
2.091978619999999864e+02 2.091483580000000018e+02 2.094022339999999929e+02
2.026903629999999907e+02 2.027454610000000059e+02 2.024997079999999983e+02
2.017462229999999863e+02 2.019911960000000022e+02 2.019994499999999960e+02
2.034263660000000016e+02 2.036949569999999881e+02 2.034848599999999976e+02
2.024654329999999902e+02 2.022527619999999899e+02 2.025092659999999967e+02
2.134493349999999907e+02 2.133877889999999979e+02 2.136345460000000003e+02
2.048955349999999953e+02 2.048556649999999877e+02 2.050951230000000010e+02
2.118932159999999953e+02 2.116379860000000122e+02 2.118389720000000125e+02
2.145875829999999951e+02 2.143280870000000107e+02 2.145410410000000070e+02
2.111238659999999925e+02 2.108717670000000055e+02 2.110731930000000034e+02
2.095021169999999984e+02 2.092651009999999872e+02 2.094636089999999911e+02
2.090462550000000022e+02 2.088231230000000096e+02 2.090398189999999943e+02
2.077040590000000009e+02 2.079537899999999979e+02 2.077461419999999919e+02
2.127476120000000037e+02 2.124716819999999871e+02 2.126591760000000022e+02
2.011810810000000060e+02 2.013851349999999911e+02 2.012602970000000084e+02
2.079126919999999927e+02 2.078745279999999980e+02 2.081216420000000085e+02
2.019602360000000090e+02 2.017859960000000115e+02 2.020195740000000058e+02
2.054799480000000074e+02 2.052270870000000116e+02 2.054406270000000063e+02
2.100316929999999900e+02 2.097821700000000078e+02 2.099889770000000055e+02
2.150249090000000081e+02 2.147727989999999920e+02 2.149802430000000015e+02
2.123701289999999915e+02 2.126226859999999874e+02 2.124269529999999975e+02
2.089930410000000052e+02 2.090436009999999953e+02 2.087878949999999918e+02
2.135988979999999913e+02 2.135498179999999877e+02 2.138062970000000007e+02
2.080878879999999924e+02 2.083402839999999969e+02 2.081339570000000094e+02
2.105349659999999972e+02 2.102829160000000002e+02 2.104872389999999882e+02
2.024578429999999969e+02 2.022550899999999956e+02 2.022172459999999887e+02
2.072455769999999973e+02 2.072878190000000131e+02 2.070371210000000133e+02
2.020532640000000129e+02 2.022187649999999906e+02 2.023004410000000064e+02
2.043103480000000047e+02 2.043657129999999995e+02 2.041251980000000117e+02
2.082940849999999955e+02 2.085463900000000024e+02 2.083402839999999969e+02
2.115843959999999981e+02 2.117850589999999897e+02 2.118389720000000125e+02
2.097533510000000092e+02 2.097027290000000050e+02 2.099588019999999915e+02
2.050913600000000088e+02 2.051154369999999858e+02 2.048599659999999858e+02
2.042135269999999991e+02 2.044236950000000093e+02 2.041611399999999890e+02
2.075935420000000136e+02 2.073793579999999963e+02 2.073455399999999997e+02
2.166174609999999916e+02 2.164095959999999934e+02 2.163661789999999883e+02
2.024000000000000057e+02 2.026659109999999941e+02 2.025161369999999863e+02
2.184867800000000102e+02 2.181952459999999974e+02 2.183665200000000084e+02
2.081722190000000126e+02 2.084314300000000060e+02 2.082292490000000100e+02
2.100178129999999896e+02 2.102683570000000088e+02 2.100675109999999961e+02
2.082486399999999946e+02 2.085002680000000055e+02 2.082940849999999955e+02
2.145549149999999941e+02 2.143028830000000085e+02 2.143581189999999879e+02
2.000999999999999943e+02 2.003489930000000072e+02 2.003546939999999950e+02
2.057100460000000055e+02 2.059625580000000014e+02 2.057470639999999946e+02
2.072545969999999897e+02 2.072840759999999989e+02 2.070333750000000066e+02
2.194597039999999879e+02 2.192216960000000086e+02 2.194424659999999960e+02
2.027413990000000013e+02 2.027226799999999969e+02 2.025092659999999967e+02
2.127476120000000037e+02 2.126591760000000022e+02 2.129102469999999983e+02
2.130759270000000072e+02 2.128250170000000026e+02 2.130286700000000053e+02
2.071665490000000034e+02 2.072051280000000020e+02 2.069551480000000083e+02
2.060294729999999959e+02 2.060609440000000063e+02 2.058106260000000134e+02
2.137862100000000112e+02 2.138592020000000105e+02 2.135885849999999948e+02
2.071004639999999881e+02 2.068533030000000110e+02 2.070579439999999920e+02
2.122327539999999999e+02 2.120307779999999980e+02 2.119807020000000080e+02
2.008437089999999898e+02 2.009849670000000117e+02 2.010872300000000052e+02
2.023835359999999923e+02 2.025161369999999863e+02 2.026426620000000014e+02
2.038203259999999943e+02 2.038829130000000021e+02 2.036375519999999995e+02
2.087385910000000138e+02 2.089420489999999972e+02 2.089890530000000126e+02
2.100106940000000009e+02 2.100612649999999917e+02 2.098070030000000088e+02
2.141533479999999940e+02 2.139473580000000084e+02 2.139007009999999980e+02
2.146815369999999916e+02 2.144276999999999873e+02 2.146349240000000123e+02
2.098598529999999869e+02 2.096064110000000085e+02 2.098101599999999962e+02
2.114099720000000104e+02 2.114283920000000023e+02 2.112084570000000099e+02
2.113895950000000141e+02 2.111298969999999997e+02 2.113224539999999934e+02
2.059771529999999871e+02 2.062446899999999914e+02 2.060358819999999866e+02
2.064526859999999999e+02 2.064143290000000093e+02 2.066658810000000130e+02
2.078139329999999916e+02 2.080208590000000015e+02 2.080686179999999865e+02
2.041822760000000017e+02 2.044435990000000061e+02 2.042511959999999931e+02
2.033323839999999905e+02 2.035763310000000104e+02 2.033890660000000139e+02
2.057334030000000098e+02 2.054799480000000074e+02 2.056939759999999922e+02
2.183175050000000113e+02 2.180706319999999891e+02 2.182759310000000141e+02
2.063443859999999859e+02 2.061265610000000095e+02 2.060929629999999975e+02
2.109574100000000101e+02 2.111484089999999867e+02 2.112084570000000099e+02
2.090516770000000122e+02 2.088463680000000124e+02 2.087989430000000084e+02
2.150689460000000111e+02 2.147998919999999998e+02 2.148554019999999980e+02
2.131383669999999881e+02 2.128876640000000009e+02 2.130860629999999958e+02
2.062835770000000082e+02 2.060752620000000093e+02 2.060292680000000018e+02
2.019992949999999894e+02 2.022662009999999952e+02 2.021298260000000084e+02
2.115529929999999865e+02 2.114993760000000123e+02 2.117537330000000111e+02
2.167072279999999864e+02 2.169142620000000079e+02 2.169633000000000038e+02
2.132870819999999981e+02 2.135378450000000043e+02 2.133359780000000114e+02
2.039560020000000122e+02 2.039078900000000090e+02 2.041671900000000051e+02
2.140667829999999867e+02 2.141228570000000104e+02 2.138592020000000105e+02
2.137014599999999973e+02 2.134853929999999878e+02 2.137424420000000111e+02
2.072251160000000141e+02 2.074776270000000125e+02 2.072545969999999897e+02
2.064143290000000093e+02 2.063783420000000035e+02 2.066296389999999974e+02
2.070803099999999972e+02 2.072878190000000131e+02 2.073318769999999915e+02
2.082725810000000024e+02 2.085122140000000002e+02 2.082981709999999964e+02
2.170161479999999870e+02 2.170512290000000064e+02 2.167870049999999935e+02
2.102659510000000012e+02 2.104682359999999903e+02 2.105186099999999954e+02
2.073772289999999998e+02 2.073318769999999915e+02 2.075836930000000109e+02
2.046769889999999918e+02 2.044213340000000017e+02 2.046355409999999893e+02
2.169142620000000079e+02 2.166617180000000076e+02 2.168683870000000127e+02
2.124928510000000017e+02 2.122942720000000065e+02 2.122501619999999889e+02
2.101121760000000052e+02 2.103682660000000055e+02 2.101637729999999920e+02
2.013074850000000140e+02 2.010740399999999966e+02 2.010872300000000052e+02
2.098150530000000060e+02 2.097533510000000092e+02 2.100142820000000086e+02
2.117537330000000111e+02 2.117011909999999943e+02 2.119561080000000004e+02
2.044130580000000066e+02 2.041478459999999870e+02 2.043575150000000065e+02
2.091978619999999864e+02 2.092479439999999897e+02 2.089930410000000052e+02
2.155148519999999905e+02 2.152702260000000081e+02 2.153160059999999874e+02
2.024578429999999969e+02 2.023835359999999923e+02 2.026426620000000014e+02
2.048955349999999953e+02 2.050959469999999953e+02 2.048480669999999861e+02
2.127853609999999946e+02 2.130362379999999973e+02 2.128354180000000042e+02
2.141228570000000104e+02 2.143793330000000026e+02 2.141731029999999976e+02
2.096155129999999929e+02 2.095675610000000120e+02 2.098172000000000139e+02
2.124160740000000089e+02 2.126726869999999963e+02 2.124674520000000086e+02
2.126902499999999918e+02 2.124376080000000115e+02 2.126362839999999892e+02
2.133700750000000141e+02 2.133273450000000082e+02 2.135798240000000021e+02
2.172842510000000118e+02 2.174714769999999930e+02 2.175470550000000003e+02
2.088608769999999879e+02 2.090761430000000018e+02 2.090909489999999948e+02
2.178227469999999926e+02 2.176212260000000072e+02 2.175732059999999990e+02
2.089433180000000050e+02 2.091978619999999864e+02 2.089930410000000052e+02
2.093654909999999916e+02 2.093187110000000075e+02 2.095675610000000120e+02
2.066658810000000130e+02 2.066296389999999974e+02 2.068803959999999904e+02
2.117995090000000005e+02 2.115483040000000017e+02 2.117519100000000094e+02
2.104872389999999882e+02 2.104359269999999924e+02 2.106917259999999885e+02
2.094636089999999911e+02 2.092470999999999890e+02 2.093643730000000005e+02
2.109374459999999942e+02 2.106917259999999885e+02 2.108956029999999942e+02
2.110935849999999903e+02 2.113528650000000084e+02 2.111484089999999867e+02
2.034261860000000013e+02 2.035052459999999996e+02 2.032658299999999940e+02
2.071709620000000029e+02 2.073772289999999998e+02 2.074233450000000119e+02
2.141072580000000016e+02 2.143593610000000069e+02 2.141533479999999940e+02
2.018427910000000054e+02 2.018923709999999971e+02 2.016416030000000035e+02
2.129445849999999893e+02 2.132472290000000044e+02 2.130921659999999918e+02
2.109721910000000094e+02 2.111739399999999875e+02 2.112242640000000051e+02
2.145658139999999889e+02 2.143138509999999997e+02 2.145205170000000123e+02
2.040647419999999954e+02 2.042511959999999931e+02 2.043103480000000047e+02
2.146349240000000123e+02 2.145875829999999951e+02 2.148454869999999914e+02
2.138723630000000071e+02 2.138333059999999932e+02 2.140845070000000021e+02
2.113933930000000032e+02 2.114464279999999974e+02 2.111912839999999960e+02
2.102650490000000048e+02 2.102141459999999995e+02 2.104685969999999884e+02
2.039191509999999994e+02 2.039996610000000032e+02 2.037504619999999989e+02
2.042593599999999867e+02 2.043081270000000131e+02 2.040532430000000090e+02
2.110904219999999896e+02 2.108376539999999864e+02 2.110415849999999978e+02
2.048930799999999977e+02 2.046769889999999918e+02 2.046355409999999893e+02
2.033506639999999948e+02 2.031227719999999977e+02 2.031248630000000048e+02
2.041957869999999957e+02 2.040473529999999869e+02 2.039515279999999962e+02
2.091546250000000100e+02 2.094075939999999889e+02 2.093643730000000005e+02
2.063345799999999883e+02 2.060998910000000137e+02 2.060921480000000088e+02
2.087825100000000020e+02 2.085766519999999957e+02 2.085396489999999972e+02
2.196464599999999905e+02 2.194266560000000084e+02 2.196777789999999868e+02
2.100732519999999965e+02 2.103335800000000120e+02 2.101412919999999929e+02
2.099097490000000050e+02 2.098598529999999869e+02 2.101131230000000016e+02
2.079537899999999979e+02 2.082042270000000030e+02 2.079971720000000062e+02
2.065480139999999949e+02 2.068060179999999946e+02 2.066001730000000123e+02
2.134853929999999878e+02 2.134545569999999941e+02 2.132063290000000109e+02
2.045963840000000005e+02 2.043406180000000063e+02 2.043842170000000067e+02
2.086611320000000092e+02 2.089114920000000097e+02 2.087061699999999860e+02
2.131830349999999896e+02 2.129784359999999879e+02 2.129223409999999888e+02
2.095336220000000083e+02 2.092857869999999991e+02 2.095021169999999984e+02
2.146349240000000123e+02 2.143793330000000026e+02 2.145875829999999951e+02
2.130016160000000127e+02 2.130628409999999917e+02 2.128050000000000068e+02
2.067865089999999952e+02 2.065356390000000033e+02 2.067447840000000099e+02
2.082846490000000017e+02 2.085374569999999892e+02 2.083394380000000012e+02
2.160730700000000013e+02 2.163243970000000047e+02 2.161143570000000125e+02
2.130016160000000127e+02 2.128050000000000068e+02 2.127465359999999919e+02
2.106249660000000006e+02 2.108815500000000043e+02 2.106784240000000068e+02
2.023487210000000118e+02 2.023943209999999908e+02 2.021449739999999906e+02
2.065312439999999867e+02 2.067824009999999930e+02 2.065629380000000026e+02
2.112955479999999966e+02 2.112448259999999891e+02 2.115006239999999877e+02
2.125299799999999948e+02 2.122942720000000065e+02 2.124928510000000017e+02
2.140608190000000093e+02 2.140138179999999863e+02 2.142678260000000137e+02
2.105938779999999895e+02 2.107902789999999982e+02 2.108459009999999978e+02
2.056939759999999922e+02 2.054799480000000074e+02 2.054406270000000063e+02
2.062150689999999997e+02 2.062481319999999982e+02 2.059971610000000055e+02
2.036375519999999995e+02 2.034496049999999912e+02 2.033890660000000139e+02
2.131383669999999881e+02 2.130860629999999958e+02 2.133359780000000114e+02
2.037768800000000056e+02 2.038480580000000089e+02 2.035801260000000070e+02
2.079953509999999994e+02 2.077509670000000028e+02 2.077884280000000103e+02
2.104359269999999924e+02 2.101873679999999922e+02 2.103789769999999919e+02
2.156515080000000069e+02 2.156948940000000050e+02 2.154417919999999924e+02
2.109897890000000018e+02 2.107334669999999903e+02 2.109351849999999899e+02
2.040473529999999869e+02 2.037768800000000056e+02 2.039515279999999962e+02
2.074906110000000012e+02 2.077008769999999913e+02 2.077795299999999941e+02
2.133700750000000141e+02 2.136270939999999996e+02 2.134236539999999991e+02
2.130326619999999878e+02 2.127735470000000078e+02 2.129784359999999879e+02
2.143581189999999879e+02 2.141094490000000121e+02 2.143397139999999865e+02
2.018594589999999869e+02 2.021297299999999950e+02 2.019992949999999894e+02
2.022998100000000079e+02 2.020957840000000090e+02 2.020473749999999882e+02
2.071251619999999889e+02 2.070803099999999972e+02 2.073318769999999915e+02
2.093045140000000117e+02 2.090516770000000122e+02 2.092564040000000034e+02
2.124846450000000004e+02 2.127362479999999891e+02 2.125341860000000054e+02
2.045137829999999894e+02 2.047666580000000067e+02 2.045623879999999986e+02
2.109262349999999913e+02 2.108741980000000069e+02 2.111285719999999912e+02
2.120021250000000066e+02 2.119559549999999888e+02 2.122122149999999863e+02
2.086179879999999969e+02 2.084122490000000028e+02 2.086514229999999941e+02
2.143593610000000069e+02 2.143138509999999997e+02 2.145658139999999889e+02
2.020532640000000129e+02 2.019502500000000111e+02 2.022187649999999906e+02
2.116798479999999927e+02 2.114790509999999983e+02 2.114273289999999861e+02
2.000999999999999943e+02 2.000999999999999943e+02 2.003403830000000028e+02
2.071665490000000034e+02 2.069551480000000083e+02 2.069167290000000037e+02
2.083402839999999969e+02 2.085931459999999902e+02 2.083870619999999860e+02
2.119324929999999938e+02 2.116798479999999927e+02 2.118805900000000122e+02
2.045038690000000088e+02 2.047556629999999984e+02 2.045605950000000064e+02
2.178227469999999926e+02 2.175732059999999990e+02 2.177792320000000075e+02
2.102160320000000127e+02 2.102659510000000012e+02 2.100133620000000008e+02
2.017859960000000115e+02 2.015876590000000022e+02 2.018200980000000015e+02
2.039560020000000122e+02 2.036949569999999881e+02 2.039078900000000090e+02
2.122937379999999905e+02 2.125488170000000139e+02 2.123496360000000038e+02
2.155989590000000078e+02 2.153160059999999874e+02 2.154618989999999883e+02
2.090398189999999943e+02 2.088231230000000096e+02 2.088490950000000055e+02
2.036392170000000021e+02 2.034263660000000016e+02 2.033750860000000102e+02
2.092289169999999956e+02 2.089577429999999936e+02 2.090909489999999948e+02
2.030861040000000060e+02 2.028714819999999861e+02 2.031227719999999977e+02
2.093531130000000076e+02 2.093045140000000117e+02 2.095573489999999879e+02
2.135988979999999913e+02 2.138537760000000105e+02 2.136468289999999968e+02
2.099097490000000050e+02 2.096561260000000004e+02 2.098598529999999869e+02
2.089219760000000008e+02 2.091037660000000074e+02 2.089433329999999955e+02
2.105193989999999928e+02 2.107709179999999947e+02 2.105695969999999875e+02
2.074956770000000006e+02 2.077040590000000009e+02 2.077461419999999919e+02
2.121328230000000019e+02 2.118400000000000034e+02 2.119886899999999912e+02
2.026539040000000114e+02 2.029130810000000054e+02 2.027070899999999938e+02
2.114763480000000015e+02 2.117285449999999969e+02 2.115267139999999984e+02
2.058106260000000134e+02 2.060609440000000063e+02 2.058417469999999980e+02
2.129223409999999888e+02 2.127190129999999897e+02 2.126633050000000082e+02
2.115529929999999865e+02 2.112977019999999868e+02 2.114993760000000123e+02
2.092289169999999956e+02 2.093316140000000019e+02 2.094541140000000041e+02
2.097032949999999971e+02 2.095021169999999984e+02 2.094636089999999911e+02
2.065020609999999976e+02 2.067571670000000097e+02 2.065480139999999949e+02
2.124495139999999935e+02 2.121328230000000019e+02 2.122337730000000136e+02
2.088233370000000093e+02 2.090265559999999994e+02 2.090706549999999879e+02
2.027454610000000059e+02 2.028020290000000045e+02 2.025498719999999935e+02
2.123701289999999915e+02 2.125713800000000049e+02 2.126226859999999874e+02
2.071889099999999928e+02 2.074242189999999937e+02 2.074018159999999966e+02
2.164095959999999934e+02 2.161571570000000122e+02 2.163661789999999883e+02
2.055209600000000023e+02 2.055659239999999954e+02 2.053093650000000139e+02
2.123114380000000097e+02 2.122580210000000136e+02 2.125152649999999994e+02
2.111484089999999867e+02 2.113528650000000084e+02 2.114099720000000104e+02
2.199000000000000057e+02 2.196777789999999868e+02 2.196890870000000007e+02
2.121849599999999896e+02 2.122387180000000058e+02 2.119852469999999869e+02
2.199000000000000057e+02 2.196786050000000046e+02 2.196675470000000132e+02
2.079276099999999872e+02 2.077210750000000132e+02 2.076754290000000083e+02
2.102160320000000127e+02 2.104682359999999903e+02 2.102659510000000012e+02
2.169633000000000038e+02 2.172194949999999949e+02 2.170161479999999870e+02
2.030861040000000060e+02 2.028259319999999946e+02 2.028714819999999861e+02
2.052678520000000049e+02 2.053093650000000139e+02 2.050577299999999923e+02
2.109224210000000141e+02 2.109733530000000030e+02 2.107206989999999962e+02
2.117454779999999914e+02 2.114896070000000066e+02 2.116917060000000106e+02
2.172614389999999958e+02 2.172842510000000118e+02 2.174971089999999947e+02
2.120579549999999927e+02 2.118055390000000102e+02 2.120077190000000087e+02
2.147274040000000070e+02 2.149351489999999956e+02 2.149802430000000015e+02
2.003122580000000141e+02 2.000999999999999943e+02 2.003308000000000106e+02
2.167072279999999864e+02 2.166617180000000076e+02 2.169142620000000079e+02
2.164540839999999946e+02 2.164095959999999934e+02 2.166617180000000076e+02
2.113528650000000084e+02 2.112977019999999868e+02 2.115529929999999865e+02
2.135498179999999877e+02 2.132916290000000004e+02 2.134990449999999953e+02
2.039078900000000090e+02 2.038480580000000089e+02 2.041229869999999949e+02
2.152702260000000081e+02 2.150143600000000106e+02 2.150689460000000111e+02
2.088911400000000071e+02 2.086877509999999916e+02 2.086350459999999885e+02
2.029817859999999996e+02 2.032822930000000099e+02 2.031248630000000048e+02
2.073513069999999914e+02 2.071004639999999881e+02 2.073078380000000038e+02
2.152000099999999918e+02 2.154520630000000097e+02 2.152399130000000014e+02
2.122942720000000065e+02 2.121060040000000129e+02 2.120485720000000072e+02
2.141072580000000016e+02 2.143138509999999997e+02 2.143593610000000069e+02
2.082042270000000030e+02 2.084550340000000119e+02 2.082486399999999946e+02
2.169633000000000038e+02 2.171668540000000007e+02 2.172194949999999949e+02
2.087804010000000119e+02 2.090309570000000008e+02 2.088096319999999935e+02
2.069551480000000083e+02 2.067043830000000071e+02 2.069167290000000037e+02
2.084550340000000119e+02 2.084111169999999902e+02 2.086611320000000092e+02
2.005786219999999958e+02 2.008566979999999944e+02 2.007607040000000040e+02
2.131853000000000122e+02 2.134401589999999942e+02 2.132339039999999954e+02
2.156091889999999864e+02 2.156515080000000069e+02 2.153982289999999864e+02
2.095023679999999899e+02 2.097565960000000018e+02 2.095529490000000123e+02
2.101168999999999869e+02 2.100675109999999961e+02 2.103183500000000095e+02
2.102730479999999886e+02 2.102171710000000076e+02 2.104755199999999888e+02
2.010084520000000055e+02 2.012602970000000084e+02 2.011191359999999975e+02
2.088944329999999923e+02 2.088463680000000124e+02 2.090997230000000116e+02
2.091546250000000100e+02 2.089577429999999936e+02 2.092289169999999956e+02
2.094975239999999985e+02 2.094484280000000069e+02 2.097027290000000050e+02
2.120548510000000135e+02 2.121074629999999956e+02 2.118515700000000095e+02
2.097062029999999879e+02 2.096561260000000004e+02 2.099097490000000050e+02
2.110415849999999978e+02 2.107879120000000057e+02 2.109899020000000007e+02
2.046124130000000036e+02 2.048352020000000095e+02 2.046132450000000063e+02
2.085931459999999902e+02 2.085463900000000024e+02 2.087989430000000084e+02
2.106701879999999960e+02 2.104682359999999903e+02 2.104182130000000086e+02
2.023487210000000118e+02 2.022998100000000079e+02 2.025498719999999935e+02
2.079126919999999927e+02 2.079537899999999979e+02 2.077040590000000009e+02
2.116283329999999978e+02 2.114273289999999861e+02 2.113760690000000011e+02
2.031160979999999938e+02 2.028583460000000116e+02 2.030587950000000035e+02
2.124160740000000089e+02 2.123639569999999992e+02 2.126210399999999936e+02
2.079632249999999942e+02 2.077509670000000028e+02 2.079953509999999994e+02
2.022122709999999870e+02 2.019602360000000090e+02 2.020195740000000058e+02
2.096229360000000099e+02 2.098784300000000087e+02 2.096878769999999861e+02
2.098070030000000088e+02 2.100612649999999917e+02 2.098572389999999928e+02
2.134876610000000028e+02 2.134401589999999942e+02 2.136941520000000025e+02
2.050089659999999867e+02 2.050437589999999943e+02 2.052572059999999965e+02
2.130846950000000106e+02 2.133424219999999991e+02 2.131355660000000114e+02
2.042511959999999931e+02 2.045038690000000088e+02 2.043103480000000047e+02
2.115430110000000070e+02 2.117454779999999914e+02 2.117987510000000100e+02
2.102650490000000048e+02 2.105200900000000104e+02 2.103163590000000056e+02
2.095195070000000044e+02 2.097182720000000131e+02 2.097681420000000116e+02
2.142210340000000031e+02 2.144745360000000005e+02 2.142678260000000137e+02
2.101665570000000116e+02 2.102178670000000125e+02 2.099675509999999861e+02
2.044213340000000017e+02 2.042120459999999866e+02 2.041671900000000051e+02
2.020957840000000090e+02 2.018923709999999971e+02 2.018427910000000054e+02
2.181214679999999930e+02 2.183175050000000113e+02 2.183665200000000084e+02
2.043081270000000131e+02 2.045137829999999894e+02 2.045623879999999986e+02
2.119559549999999888e+02 2.119125730000000090e+02 2.121557679999999948e+02
2.191991360000000100e+02 2.194216089999999895e+02 2.194424659999999960e+02
2.031669620000000123e+02 2.034263660000000016e+02 2.032084830000000011e+02
2.026903629999999907e+02 2.024997079999999983e+02 2.024578429999999969e+02
2.100142820000000086e+02 2.097533510000000092e+02 2.099588019999999915e+02
2.091158729999999935e+02 2.093654909999999916e+02 2.091620090000000118e+02
2.014874269999999967e+02 2.016242100000000050e+02 2.017462229999999863e+02
2.138537760000000105e+02 2.141072580000000016e+02 2.139007009999999980e+02
2.018594589999999869e+02 2.019992949999999894e+02 2.017404160000000104e+02
2.174187149999999917e+02 2.171668540000000007e+02 2.173689709999999877e+02
2.118540370000000053e+02 2.120579549999999927e+02 2.121108849999999961e+02
2.107382220000000075e+02 2.104872389999999882e+02 2.106917259999999885e+02
2.127735470000000078e+02 2.125152649999999994e+02 2.127190129999999897e+02
2.140138179999999863e+02 2.137575070000000039e+02 2.139654549999999915e+02
2.007367749999999944e+02 2.005245170000000030e+02 2.007598409999999944e+02
2.172842510000000118e+02 2.172194949999999949e+02 2.174714769999999930e+02
2.108713469999999859e+02 2.109217849999999999e+02 2.106697340000000054e+02
2.161571570000000122e+02 2.159044849999999940e+02 2.161143570000000125e+02
2.165394640000000095e+02 2.167870049999999935e+02 2.165829549999999983e+02
2.145875829999999951e+02 2.143793330000000026e+02 2.143280870000000107e+02
2.116283329999999978e+02 2.113760690000000011e+02 2.115773299999999892e+02
2.110415849999999978e+02 2.108376539999999864e+02 2.107879120000000057e+02
2.155292349999999999e+02 2.154857649999999865e+02 2.157383210000000133e+02
2.060609440000000063e+02 2.062801259999999957e+02 2.063118640000000141e+02
2.019450199999999995e+02 2.019502500000000111e+02 2.017454260000000090e+02
2.050951230000000010e+02 2.053608769999999879e+02 2.051598659999999938e+02
2.084855849999999862e+02 2.086877509999999916e+02 2.087385910000000138e+02
2.146815369999999916e+02 2.146349240000000123e+02 2.148900270000000035e+02
2.043399049999999875e+02 2.040473529999999869e+02 2.041957869999999957e+02
2.024133610000000090e+02 2.022122709999999870e+02 2.024654329999999902e+02
2.116062279999999873e+02 2.115529929999999865e+02 2.118055390000000102e+02
2.016708319999999901e+02 2.014211170000000095e+02 2.014793809999999894e+02
2.054575350000000071e+02 2.057100460000000055e+02 2.054982950000000130e+02
2.003188940000000002e+02 2.000999999999999943e+02 2.002821299999999951e+02
2.136468289999999968e+02 2.139007009999999980e+02 2.136941520000000025e+02
2.150249090000000081e+02 2.149802430000000015e+02 2.152329589999999939e+02
2.060292680000000018e+02 2.060752620000000093e+02 2.058180429999999888e+02
2.013265989999999874e+02 2.010909900000000050e+02 2.010740399999999966e+02
2.107334669999999903e+02 2.105330979999999954e+02 2.104755199999999888e+02
2.113403979999999933e+02 2.115430110000000070e+02 2.115960120000000018e+02
2.119039669999999944e+02 2.121596889999999860e+02 2.119561080000000004e+02
2.057797630000000026e+02 2.060294729999999959e+02 2.058106260000000134e+02
2.030587950000000035e+02 2.029993599999999958e+02 2.032566199999999981e+02
2.132583579999999870e+02 2.133233669999999904e+02 2.130628409999999917e+02
2.059555949999999882e+02 2.059771529999999871e+02 2.057318999999999960e+02
2.149802430000000015e+02 2.149351489999999956e+02 2.151886179999999911e+02
2.065784280000000024e+02 2.068291099999999858e+02 2.066212219999999888e+02
2.115483040000000017e+02 2.113440099999999973e+02 2.112955479999999966e+02
2.151124560000000088e+02 2.153634470000000078e+02 2.151559210000000064e+02
2.107709179999999947e+02 2.109721910000000094e+02 2.110226360000000057e+02
2.097454559999999901e+02 2.095021169999999984e+02 2.097032949999999971e+02
2.114363580000000127e+02 2.111811800000000119e+02 2.113831500000000005e+02
2.119475979999999993e+02 2.116917060000000106e+02 2.118932159999999953e+02
2.117995090000000005e+02 2.115980079999999930e+02 2.115483040000000017e+02
2.091952589999999930e+02 2.091458330000000103e+02 2.093994549999999890e+02
2.050089659999999867e+02 2.052572059999999965e+02 2.052291720000000055e+02
2.023487210000000118e+02 2.021449739999999906e+02 2.020957840000000090e+02
2.065629380000000026e+02 2.067824009999999930e+02 2.068137499999999989e+02
2.118055390000000102e+02 2.115529929999999865e+02 2.117537330000000111e+02
2.164540839999999946e+02 2.162010310000000004e+02 2.164095959999999934e+02
2.071709620000000029e+02 2.074233450000000119e+02 2.072174909999999954e+02
2.076384979999999985e+02 2.077795299999999941e+02 2.078547480000000007e+02
2.056044469999999933e+02 2.058695030000000088e+02 2.056695210000000031e+02
2.073772289999999998e+02 2.075836930000000109e+02 2.076294200000000103e+02
2.048068849999999941e+02 2.048352020000000095e+02 2.046124130000000036e+02
2.136270939999999996e+02 2.135798240000000021e+02 2.138333059999999932e+02
2.107206989999999962e+02 2.109733530000000030e+02 2.107714919999999950e+02
2.032566199999999981e+02 2.029993599999999958e+02 2.031952960000000132e+02
2.084960710000000006e+02 2.087303540000000055e+02 2.085122140000000002e+02
2.084111169999999902e+02 2.086177120000000116e+02 2.086611320000000092e+02
2.097681420000000116e+02 2.100178129999999896e+02 2.098172000000000139e+02
2.119559549999999888e+02 2.121557679999999948e+02 2.122122149999999863e+02
2.079953509999999994e+02 2.077884280000000103e+02 2.080389659999999878e+02
2.158619989999999973e+02 2.158212220000000059e+02 2.160730700000000013e+02
2.151014720000000011e+02 2.153557910000000106e+02 2.151444410000000005e+02
2.140845070000000021e+02 2.142930210000000102e+02 2.143397139999999865e+02
2.060609440000000063e+02 2.063118640000000141e+02 2.060929629999999975e+02
2.083771509999999978e+02 2.081177350000000104e+02 2.083250610000000052e+02
2.115314569999999890e+02 2.115843959999999981e+02 2.113303029999999865e+02
2.027070899999999938e+02 2.029130810000000054e+02 2.029583900000000085e+02
2.070371210000000133e+02 2.070803099999999972e+02 2.068291099999999858e+02
2.020532640000000129e+02 2.018200980000000015e+02 2.018222169999999949e+02
2.058106260000000134e+02 2.058417469999999980e+02 2.055906380000000127e+02
2.042120459999999866e+02 2.039560020000000122e+02 2.041671900000000051e+02
2.053401409999999885e+02 2.051154369999999858e+02 2.050913600000000088e+02
2.000999999999999943e+02 2.000999999999999943e+02 2.003414310000000000e+02
2.124609930000000020e+02 2.122580210000000136e+02 2.122038619999999867e+02
2.017934219999999925e+02 2.017462229999999863e+02 2.019994499999999960e+02
2.135521980000000042e+02 2.134853929999999878e+02 2.133107420000000047e+02
2.067200929999999914e+02 2.067513189999999952e+02 2.064996099999999899e+02
2.018624900000000082e+02 2.019992949999999894e+02 2.021298260000000084e+02
2.146105000000000018e+02 2.148173620000000028e+02 2.148614139999999963e+02
2.131435989999999947e+02 2.130216320000000110e+02 2.132474960000000124e+02
2.182759310000000141e+02 2.184877309999999966e+02 2.185245549999999923e+02
2.116487899999999911e+02 2.117063689999999951e+02 2.114489179999999919e+02
2.085374569999999892e+02 2.085712660000000085e+02 2.083394380000000012e+02
2.099639249999999890e+02 2.102160320000000127e+02 2.100133620000000008e+02
2.125152649999999994e+02 2.122580210000000136e+02 2.124609930000000020e+02
2.037467190000000130e+02 2.037957859999999926e+02 2.035420359999999960e+02
2.074242189999999937e+02 2.074906110000000012e+02 2.076384979999999985e+02
2.176784350000000074e+02 2.179401609999999891e+02 2.177466169999999863e+02
2.107206989999999962e+02 2.107714919999999950e+02 2.105186099999999954e+02
2.128783880000000011e+02 2.131355660000000114e+02 2.129293000000000120e+02
2.072545969999999897e+02 2.074776270000000125e+02 2.075058850000000064e+02
2.098205639999999903e+02 2.096362770000000069e+02 2.095842289999999934e+02
2.045605950000000064e+02 2.048068849999999941e+02 2.046124130000000036e+02
2.152329589999999939e+02 2.149802430000000015e+02 2.151886179999999911e+02
2.084824830000000020e+02 2.086887869999999907e+02 2.087377429999999947e+02
2.172842510000000118e+02 2.170512290000000064e+02 2.170161479999999870e+02
2.011191359999999975e+02 2.012406560000000013e+02 2.009849670000000117e+02
2.145427640000000054e+02 2.142930210000000102e+02 2.144950080000000128e+02
2.151886179999999911e+02 2.149351489999999956e+02 2.151444410000000005e+02
2.104689429999999959e+02 2.106697340000000054e+02 2.107204110000000128e+02
2.068060179999999946e+02 2.067571670000000097e+02 2.070116710000000069e+02
2.053401409999999885e+02 2.055612979999999936e+02 2.055906380000000127e+02
2.046355409999999893e+02 2.043782030000000134e+02 2.046008600000000115e+02
2.122327539999999999e+02 2.124846450000000004e+02 2.122826059999999870e+02
2.020195740000000058e+02 2.018200980000000015e+02 2.020532640000000129e+02
2.091458330000000103e+02 2.088911400000000071e+02 2.090948909999999898e+02
2.136270939999999996e+02 2.138333059999999932e+02 2.138723630000000071e+02
2.127749269999999910e+02 2.125190389999999923e+02 2.127238250000000050e+02
2.126591760000000022e+02 2.124716819999999871e+02 2.124215800000000058e+02
2.046525410000000136e+02 2.048955349999999953e+02 2.046445850000000064e+02
2.124495139999999935e+02 2.126313389999999970e+02 2.123587760000000060e+02
2.029318220000000110e+02 2.031977320000000020e+02 2.030229099999999960e+02
2.061217460000000017e+02 2.061636770000000070e+02 2.059189169999999933e+02
2.085825739999999939e+02 2.085316960000000108e+02 2.087878949999999918e+02
2.128783880000000011e+02 2.130846950000000106e+02 2.131355660000000114e+02
2.072545969999999897e+02 2.075058850000000064e+02 2.072840759999999989e+02
2.136866339999999980e+02 2.135521980000000042e+02 2.133647339999999986e+02
2.091037660000000074e+02 2.093562780000000032e+02 2.091758780000000115e+02
2.092651009999999872e+02 2.092470999999999890e+02 2.094636089999999911e+02
2.063345799999999883e+02 2.066001730000000123e+02 2.063914499999999919e+02
2.041229869999999949e+02 2.038480580000000089e+02 2.040473529999999869e+02
2.014793809999999894e+02 2.016873909999999910e+02 2.017454260000000090e+02
2.163287090000000035e+02 2.162873419999999953e+02 2.165394640000000095e+02
2.059873320000000092e+02 2.057334030000000098e+02 2.059471829999999954e+02
2.106716010000000097e+02 2.104685969999999884e+02 2.104174250000000086e+02
2.013881149999999991e+02 2.016416030000000035e+02 2.014560930000000099e+02
2.013881149999999991e+02 2.014560930000000099e+02 2.012356359999999995e+02
2.114993760000000123e+02 2.112449630000000127e+02 2.114464279999999974e+02
2.185936759999999879e+02 2.183665200000000084e+02 2.185630840000000035e+02
2.088392780000000073e+02 2.085825739999999939e+02 2.087878949999999918e+02
2.129428959999999904e+02 2.126902499999999918e+02 2.128876640000000009e+02
2.118400000000000034e+02 2.117206419999999980e+02 2.119886899999999912e+02
2.128876640000000009e+02 2.126362839999999892e+02 2.128354180000000042e+02
2.130016160000000127e+02 2.129428959999999904e+02 2.131957720000000052e+02
2.097182720000000131e+02 2.099675509999999861e+02 2.097681420000000116e+02
2.034261860000000013e+02 2.036541300000000092e+02 2.035052459999999996e+02
2.057100460000000055e+02 2.057470639999999946e+02 2.054982950000000130e+02
2.087804010000000119e+02 2.085712660000000085e+02 2.085374569999999892e+02
2.015512300000000039e+02 2.013265989999999874e+02 2.013074850000000140e+02
2.026180109999999956e+02 2.026650490000000104e+02 2.028714819999999861e+02
2.055061430000000087e+02 2.052829289999999958e+02 2.053818039999999883e+02
2.087385910000000138e+02 2.087804010000000119e+02 2.085374569999999892e+02
2.124928510000000017e+02 2.122501619999999889e+02 2.124716819999999871e+02
2.133877889999999979e+02 2.131383669999999881e+02 2.133359780000000114e+02
2.132472290000000044e+02 2.134809009999999887e+02 2.133647339999999986e+02
2.019502500000000111e+02 2.020532640000000129e+02 2.018222169999999949e+02
2.147727989999999920e+02 2.147274040000000070e+02 2.149802430000000015e+02
2.014793809999999894e+02 2.012372599999999920e+02 2.014560930000000099e+02
2.133273450000000082e+02 2.130759270000000072e+02 2.132813010000000133e+02
2.116379860000000122e+02 2.116917060000000106e+02 2.114363580000000127e+02
2.119125730000000090e+02 2.118400000000000034e+02 2.121328230000000019e+02
2.084876739999999984e+02 2.087401849999999968e+02 2.084960710000000006e+02
2.015909159999999929e+02 2.013265989999999874e+02 2.015512300000000039e+02
2.076443179999999984e+02 2.076384979999999985e+02 2.078547480000000007e+02
2.076274260000000140e+02 2.074018159999999966e+02 2.076443179999999984e+02
2.196932759999999973e+02 2.199000000000000057e+02 2.196890870000000007e+02
2.010909900000000050e+02 2.008412899999999865e+02 2.010740399999999966e+02
2.052863010000000088e+02 2.055317400000000134e+02 2.053142530000000079e+02
2.123639569999999992e+02 2.125687120000000050e+02 2.126210399999999936e+02
2.043657129999999995e+02 2.041957869999999957e+02 2.041251980000000117e+02
2.147998919999999998e+02 2.145549149999999941e+02 2.145997600000000034e+02
2.074018159999999966e+02 2.074242189999999937e+02 2.076443179999999984e+02
2.116283329999999978e+02 2.115773299999999892e+02 2.118294309999999996e+02
2.057318999999999960e+02 2.054965349999999944e+02 2.057243190000000084e+02
2.057318999999999960e+02 2.057393549999999891e+02 2.054901619999999980e+02
2.153160059999999874e+02 2.150689460000000111e+02 2.150596329999999909e+02
2.118813930000000028e+02 2.121339049999999986e+02 2.119308570000000032e+02
2.180009959999999865e+02 2.177607910000000118e+02 2.177466169999999863e+02
2.114896070000000066e+02 2.112341240000000084e+02 2.114363580000000127e+02
2.006405410000000131e+02 2.009108109999999954e+02 2.007442100000000096e+02
2.108717670000000055e+02 2.106701879999999960e+02 2.106198909999999955e+02
2.077564700000000073e+02 2.079826500000000067e+02 2.080059180000000083e+02
2.114273289999999861e+02 2.114790509999999983e+02 2.112260789999999986e+02
2.052572059999999965e+02 2.054965349999999944e+02 2.054901619999999980e+02
2.072455769999999973e+02 2.070371210000000133e+02 2.069953270000000032e+02
2.117063689999999951e+02 2.115006239999999877e+02 2.114489179999999919e+02
2.121327029999999922e+02 2.119324929999999938e+02 2.118805900000000122e+02
2.027226799999999969e+02 2.026650490000000104e+02 2.024654329999999902e+02
2.123149809999999889e+02 2.122627270000000124e+02 2.125190389999999923e+02
2.147274040000000070e+02 2.145205170000000123e+02 2.144745360000000005e+02
2.043657129999999995e+02 2.045605950000000064e+02 2.046124130000000036e+02
2.154520630000000097e+02 2.157028090000000020e+02 2.154618989999999883e+02
2.025092659999999967e+02 2.022527619999999899e+02 2.023004410000000064e+02
2.130216320000000110e+02 2.128765089999999987e+02 2.127842070000000092e+02
2.076642500000000098e+02 2.077040590000000009e+02 2.074546269999999879e+02
2.034496049999999912e+02 2.031952960000000132e+02 2.033890660000000139e+02
2.075595580000000098e+02 2.076080110000000047e+02 2.073513069999999914e+02
2.065356390000000033e+02 2.064933210000000088e+02 2.067447840000000099e+02
2.014793809999999894e+02 2.014211170000000095e+02 2.012196570000000122e+02
2.095086059999999861e+02 2.097609380000000101e+02 2.095573489999999879e+02
2.103296579999999949e+02 2.100756599999999992e+02 2.102829160000000002e+02
2.118400000000000034e+02 2.115709830000000125e+02 2.117206419999999980e+02
2.082292490000000100e+02 2.084855849999999862e+02 2.082846490000000017e+02
2.144496660000000077e+02 2.144950080000000128e+02 2.142457719999999881e+02
2.077668679999999881e+02 2.080208590000000015e+02 2.078139329999999916e+02
2.068729979999999955e+02 2.070803099999999972e+02 2.071251619999999889e+02
2.131853000000000122e+02 2.133917950000000019e+02 2.134401589999999942e+02
2.016031879999999887e+02 2.014211170000000095e+02 2.016708319999999901e+02
2.106188359999999875e+02 2.108713469999999859e+02 2.106697340000000054e+02
2.174714769999999930e+02 2.177466169999999863e+02 2.175470550000000003e+02
2.033595799999999940e+02 2.036534829999999943e+02 2.034943440000000123e+02
2.123845180000000141e+02 2.121327029999999922e+02 2.123331139999999948e+02
2.114763480000000015e+02 2.115267139999999984e+02 2.112746449999999925e+02
2.162010310000000004e+02 2.159478279999999870e+02 2.161571570000000122e+02
2.016416030000000035e+02 2.016873909999999910e+02 2.014560930000000099e+02
2.147274040000000070e+02 2.144745360000000005e+02 2.146815369999999916e+02
2.010084520000000055e+02 2.011810810000000060e+02 2.012602970000000084e+02
2.157028090000000020e+02 2.155989590000000078e+02 2.154618989999999883e+02
2.030229099999999960e+02 2.032658299999999940e+02 2.030940119999999922e+02
2.180706319999999891e+02 2.180276130000000023e+02 2.182759310000000141e+02
2.189528510000000097e+02 2.189830990000000099e+02 2.187376050000000021e+02
2.016708319999999901e+02 2.014793809999999894e+02 2.017454260000000090e+02
2.077795299999999941e+02 2.080317100000000039e+02 2.078547480000000007e+02
2.059873320000000092e+02 2.059471829999999954e+02 2.062002819999999872e+02
2.013735499999999945e+02 2.013815960000000018e+02 2.015876590000000022e+02
2.122826059999999870e+02 2.124846450000000004e+02 2.125341860000000054e+02
2.106736840000000086e+02 2.103595139999999901e+02 2.104592389999999966e+02
2.100631040000000098e+02 2.102659510000000012e+02 2.103161049999999932e+02
2.012372599999999920e+02 2.010156149999999968e+02 2.012356359999999995e+02
2.077301390000000083e+02 2.077564700000000073e+02 2.075058850000000064e+02
2.080289390000000083e+02 2.082725810000000024e+02 2.080549049999999909e+02
2.017859960000000115e+02 2.018200980000000015e+02 2.020195740000000058e+02
2.060752620000000093e+02 2.061217460000000017e+02 2.058695030000000088e+02
2.106697340000000054e+02 2.109217849999999999e+02 2.107204110000000128e+02
2.116486969999999985e+02 2.117011909999999943e+02 2.114464279999999974e+02
2.090309570000000008e+02 2.092428519999999992e+02 2.092919970000000092e+02
2.194266560000000084e+02 2.192126729999999952e+02 2.194716280000000097e+02
2.180706319999999891e+02 2.178227469999999926e+02 2.180276130000000023e+02
2.084870300000000043e+02 2.085795589999999891e+02 2.087172840000000065e+02
2.020473749999999882e+02 2.017934219999999925e+02 2.019994499999999960e+02
2.117995090000000005e+02 2.117519100000000094e+02 2.120021250000000066e+02
2.113933930000000032e+02 2.116486969999999985e+02 2.114464279999999974e+02
2.016242100000000050e+02 2.017404160000000104e+02 2.018624900000000082e+02
2.039078900000000090e+02 2.041229869999999949e+02 2.041671900000000051e+02
2.136520730000000015e+02 2.137068270000000041e+02 2.134453739999999868e+02
2.072051280000000020e+02 2.069953270000000032e+02 2.069551480000000083e+02
2.049743750000000091e+02 2.049324819999999931e+02 2.051868939999999952e+02
2.100787650000000042e+02 2.101460669999999880e+02 2.098914839999999913e+02
2.096032360000000097e+02 2.098572389999999928e+02 2.096529869999999960e+02
2.079971720000000062e+02 2.080421939999999950e+02 2.077904149999999959e+02
2.078616629999999930e+02 2.076565830000000119e+02 2.076080110000000047e+02
2.077668679999999881e+02 2.075595580000000098e+02 2.075145269999999869e+02
2.022527619999999899e+02 2.020532640000000129e+02 2.023004410000000064e+02
2.082486399999999946e+02 2.084550340000000119e+02 2.085002680000000055e+02
2.128050000000000068e+02 2.126061329999999998e+02 2.125488170000000139e+02
2.080820099999999968e+02 2.078327590000000100e+02 2.078906670000000076e+02
2.116785419999999931e+02 2.119308570000000032e+02 2.117285449999999969e+02
2.108226319999999987e+02 2.106202360000000056e+02 2.105691999999999950e+02
2.130216320000000110e+02 2.127842070000000092e+02 2.129317369999999983e+02
2.078616629999999930e+02 2.079096720000000005e+02 2.076565830000000119e+02
2.068920500000000118e+02 2.069171739999999886e+02 2.066753459999999905e+02
2.028583460000000116e+02 2.026015060000000005e+02 2.028020290000000045e+02
2.033595799999999940e+02 2.030861040000000060e+02 2.031227719999999977e+02
2.085316960000000108e+02 2.087377429999999947e+02 2.087878949999999918e+02
2.008566979999999944e+02 2.010084520000000055e+02 2.011191359999999975e+02
2.140667829999999867e+02 2.139721130000000073e+02 2.142693109999999876e+02
2.115709830000000125e+02 2.113895950000000141e+02 2.113224539999999934e+02
2.096362770000000069e+02 2.094636089999999911e+02 2.093643730000000005e+02
2.028700000000000045e+02 2.030940119999999922e+02 2.028838000000000079e+02
2.139721130000000073e+02 2.137862100000000112e+02 2.137056499999999915e+02
2.159044849999999940e+02 2.158619989999999973e+02 2.161143570000000125e+02
2.071889099999999928e+02 2.072361889999999960e+02 2.074242189999999937e+02
2.087385910000000138e+02 2.086877509999999916e+02 2.089420489999999972e+02
2.129293000000000120e+02 2.131853000000000122e+02 2.129795630000000131e+02
2.107879120000000057e+02 2.105349659999999972e+02 2.107382220000000075e+02
2.096155129999999929e+02 2.093654909999999916e+02 2.095675610000000120e+02
2.010156149999999968e+02 2.008226260000000138e+02 2.010909900000000050e+02
2.120014510000000030e+02 2.117454779999999914e+02 2.119475979999999993e+02
2.008412899999999865e+02 2.008226260000000138e+02 2.005919529999999895e+02
2.121832359999999937e+02 2.122327539999999999e+02 2.119807020000000080e+02
2.067108420000000137e+02 2.069182900000000132e+02 2.069645280000000014e+02
2.099639540000000011e+02 2.100787650000000042e+02 2.098205639999999903e+02
2.121557679999999948e+02 2.121328230000000019e+02 2.123587760000000060e+02
2.030262309999999957e+02 2.030861040000000060e+02 2.032698340000000030e+02
2.083394380000000012e+02 2.083508669999999938e+02 2.081419549999999958e+02
2.112341240000000084e+02 2.109785880000000020e+02 2.111811800000000119e+02
2.116062279999999873e+02 2.116492480000000000e+02 2.114099720000000104e+02
2.085766519999999957e+02 2.086177120000000116e+02 2.083693230000000085e+02
2.086514229999999941e+02 2.084476530000000025e+02 2.086964800000000082e+02
2.179401609999999891e+02 2.181214679999999930e+02 2.181952459999999974e+02
2.100106940000000009e+02 2.098070030000000088e+02 2.097565960000000018e+02
2.108459009999999978e+02 2.110440529999999910e+02 2.110935849999999903e+02
2.053093650000000139e+02 2.053608769999999879e+02 2.050951230000000010e+02
2.128354180000000042e+02 2.130362379999999973e+02 2.130860629999999958e+02
2.074546269999999879e+02 2.074956770000000006e+02 2.072455769999999973e+02
2.080059180000000083e+02 2.082531390000000044e+02 2.080289390000000083e+02
2.131450790000000097e+02 2.129102469999999983e+02 2.130921659999999918e+02
2.184877309999999966e+02 2.187376050000000021e+02 2.185245549999999923e+02
2.129428959999999904e+02 2.131383669999999881e+02 2.131957720000000052e+02
2.085766519999999957e+02 2.083308370000000025e+02 2.085396489999999972e+02
2.075626560000000040e+02 2.075935420000000136e+02 2.073455399999999997e+02
2.083402839999999969e+02 2.083870619999999860e+02 2.081339570000000094e+02
2.035763310000000104e+02 2.036375519999999995e+02 2.033890660000000139e+02
2.127190129999999897e+02 2.124609930000000020e+02 2.126633050000000082e+02
2.136742140000000063e+02 2.138960649999999930e+02 2.136866339999999980e+02
2.098101599999999962e+02 2.097609380000000101e+02 2.100133620000000008e+02
2.145658139999999889e+02 2.145205170000000123e+02 2.147727989999999920e+02
2.067865089999999952e+02 2.068291099999999858e+02 2.065784280000000024e+02
2.073078380000000038e+02 2.070579439999999920e+02 2.072634630000000016e+02
2.115709830000000125e+02 2.116487899999999911e+02 2.113895950000000141e+02
2.067447840000000099e+02 2.067043830000000071e+02 2.069551480000000083e+02
2.037094429999999932e+02 2.037208170000000109e+02 2.039623589999999922e+02
2.112872549999999876e+02 2.114896070000000066e+02 2.115430110000000070e+02
2.100612649999999917e+02 2.102650490000000048e+02 2.103163590000000056e+02
2.079739380000000040e+02 2.082277860000000089e+02 2.080208590000000015e+02
2.087521729999999991e+02 2.089574719999999957e+02 2.090042880000000025e+02
2.053692979999999864e+02 2.053401409999999885e+02 2.055906380000000127e+02
2.132388640000000066e+02 2.131830349999999896e+02 2.134453739999999868e+02
2.062002819999999872e+02 2.064143290000000093e+02 2.064526859999999999e+02
2.146105000000000018e+02 2.148614139999999963e+02 2.146547040000000095e+02
2.104174250000000086e+02 2.103665440000000046e+02 2.106202360000000056e+02
2.068729979999999955e+02 2.071251619999999889e+02 2.069182900000000132e+02
2.096155129999999929e+02 2.096637299999999868e+02 2.094127369999999928e+02
2.072613550000000089e+02 2.070196779999999990e+02 2.070431159999999977e+02
2.128765089999999987e+02 2.126160380000000032e+02 2.127842070000000092e+02
2.050170809999999904e+02 2.049743750000000091e+02 2.052270870000000116e+02
2.190364380000000040e+02 2.188098589999999888e+02 2.190117920000000140e+02
2.121108849999999961e+02 2.123701289999999915e+02 2.121693620000000067e+02
2.088981799999999964e+02 2.091546250000000100e+02 2.090870280000000037e+02
2.060358819999999866e+02 2.060921480000000088e+02 2.058647640000000081e+02
2.134809009999999887e+02 2.136742140000000063e+02 2.136866339999999980e+02
2.113403979999999933e+02 2.115960120000000018e+02 2.113933930000000032e+02
2.190364380000000040e+02 2.187777169999999956e+02 2.188098589999999888e+02
2.075058850000000064e+02 2.077564700000000073e+02 2.075338879999999904e+02
2.033890660000000139e+02 2.031952960000000132e+02 2.031376669999999933e+02
2.147413770000000000e+02 2.145427640000000054e+02 2.144950080000000128e+02
2.105721690000000024e+02 2.107755500000000097e+02 2.108283969999999954e+02
2.150689700000000073e+02 2.152771070000000009e+02 2.153205780000000118e+02
2.084344810000000052e+02 2.086406519999999887e+02 2.086887869999999907e+02
2.115430110000000070e+02 2.114896070000000066e+02 2.117454779999999914e+02
2.116917060000000106e+02 2.114896070000000066e+02 2.114363580000000127e+02
2.082757070000000112e+02 2.085316960000000108e+02 2.083250610000000052e+02
2.100756599999999992e+02 2.098216610000000060e+02 2.100316929999999900e+02
2.097821700000000078e+02 2.095676630000000102e+02 2.095336220000000083e+02
2.191722230000000025e+02 2.194216089999999895e+02 2.191991360000000100e+02
2.122115880000000061e+02 2.120077190000000087e+02 2.119561080000000004e+02
2.080836850000000027e+02 2.082846490000000017e+02 2.083394380000000012e+02
2.106716010000000097e+02 2.104174250000000086e+02 2.106202360000000056e+02
2.173237000000000023e+02 2.170746900000000039e+02 2.172818829999999934e+02
2.069953270000000032e+02 2.067865089999999952e+02 2.067447840000000099e+02
2.185936759999999879e+02 2.184867800000000102e+02 2.183665200000000084e+02
2.108883960000000002e+02 2.110935849999999903e+02 2.111484089999999867e+02
2.063443859999999859e+02 2.063783420000000035e+02 2.061265610000000095e+02
2.055612979999999936e+02 2.053401409999999885e+02 2.053142530000000079e+02
2.051868939999999952e+02 2.051489630000000091e+02 2.054033230000000003e+02
2.080208590000000015e+02 2.082277860000000089e+02 2.082757070000000112e+02
2.140056749999999965e+02 2.137424420000000111e+02 2.138020799999999895e+02
2.148173620000000028e+02 2.150249090000000081e+02 2.150689700000000073e+02
2.058744399999999928e+02 2.056221449999999891e+02 2.058417469999999980e+02
2.129231739999999888e+02 2.131621330000000114e+02 2.129445849999999893e+02
2.077668679999999881e+02 2.078139329999999916e+02 2.075595580000000098e+02
2.082277860000000089e+02 2.084344810000000052e+02 2.084824830000000020e+02
2.068462089999999876e+02 2.070643070000000137e+02 2.070963849999999979e+02
2.157383210000000133e+02 2.156948940000000050e+02 2.159478279999999870e+02
2.098784300000000087e+02 2.099639540000000011e+02 2.096878769999999861e+02
2.160333270000000141e+02 2.158214859999999931e+02 2.157809910000000002e+02
2.122937379999999905e+02 2.123496360000000038e+02 2.120939989999999966e+02
2.158212220000000059e+02 2.156091889999999864e+02 2.155689370000000054e+02
2.131450790000000097e+02 2.130921659999999918e+02 2.133647339999999986e+02
2.057243190000000084e+02 2.055061430000000087e+02 2.056695210000000031e+02
2.160723040000000026e+02 2.162873419999999953e+02 2.163287090000000035e+02
2.041478459999999870e+02 2.039623589999999922e+02 2.039069910000000050e+02
2.140667829999999867e+02 2.137862100000000112e+02 2.139721130000000073e+02
2.112779020000000116e+02 2.113303029999999865e+02 2.110763230000000021e+02
2.121108849999999961e+02 2.121693620000000067e+02 2.119116150000000118e+02
2.072251160000000141e+02 2.072545969999999897e+02 2.070029830000000004e+02
2.027560139999999933e+02 2.028700000000000045e+02 2.026426620000000014e+02
2.149485290000000077e+02 2.149928749999999980e+02 2.147413770000000000e+02
2.152399130000000014e+02 2.154520630000000097e+02 2.154618989999999883e+02
2.093316140000000019e+02 2.096229360000000099e+02 2.094541140000000041e+02
2.133867089999999962e+02 2.136520730000000015e+02 2.134453739999999868e+02
2.090706549999999879e+02 2.092722760000000051e+02 2.093187110000000075e+02
2.098572389999999928e+02 2.100612649999999917e+02 2.101121760000000052e+02
2.098914839999999913e+02 2.096362770000000069e+02 2.098205639999999903e+02
2.079826500000000067e+02 2.082351620000000025e+02 2.080059180000000083e+02
2.111084899999999891e+02 2.114283920000000023e+02 2.113224539999999934e+02
2.131435989999999947e+02 2.128765089999999987e+02 2.130216320000000110e+02
2.059771529999999871e+02 2.060358819999999866e+02 2.057393549999999891e+02
2.041671900000000051e+02 2.041229869999999949e+02 2.043782030000000134e+02
2.110314639999999997e+02 2.112341240000000084e+02 2.112872549999999876e+02
2.146349240000000123e+02 2.148454869999999914e+02 2.148900270000000035e+02
2.087467619999999897e+02 2.087825100000000020e+02 2.085396489999999972e+02
2.156550689999999975e+02 2.156129750000000058e+02 2.158566779999999881e+02
2.048599659999999858e+02 2.051154369999999858e+02 2.048930799999999977e+02
2.154857649999999865e+02 2.152329589999999939e+02 2.154417919999999924e+02
2.110314639999999997e+02 2.109785880000000020e+02 2.112341240000000084e+02
2.112955479999999966e+02 2.110415849999999978e+02 2.112448259999999891e+02
2.080549049999999909e+02 2.082725810000000024e+02 2.082981709999999964e+02
2.081722190000000126e+02 2.083771509999999978e+02 2.084314300000000060e+02
2.133700750000000141e+02 2.135798240000000021e+02 2.136270939999999996e+02
2.037208170000000109e+02 2.034810669999999959e+02 2.034943440000000123e+02
2.085999999999999943e+02 2.086179879999999969e+02 2.088231230000000096e+02
2.137874909999999886e+02 2.135344680000000039e+02 2.137410730000000001e+02
2.084550340000000119e+02 2.086611320000000092e+02 2.087061699999999860e+02
2.005717260000000124e+02 2.003403830000000028e+02 2.005919529999999895e+02
2.119125730000000090e+02 2.116487899999999911e+02 2.118400000000000034e+02
2.035884350000000040e+02 2.037957859999999926e+02 2.038520320000000083e+02
2.008566979999999944e+02 2.009849670000000117e+02 2.007607040000000040e+02
2.101634280000000103e+02 2.099097490000000050e+02 2.101131230000000016e+02
2.124376080000000115e+02 2.122387180000000058e+02 2.121849599999999896e+02
2.091620090000000118e+02 2.094127369999999928e+02 2.092089379999999892e+02
2.125299799999999948e+02 2.124928510000000017e+02 2.126933349999999905e+02
2.003403830000000028e+02 2.000999999999999943e+02 2.003546939999999950e+02
2.124056219999999939e+02 2.121490809999999954e+02 2.123496360000000038e+02
2.044667120000000011e+02 2.042593599999999867e+02 2.042120459999999866e+02
2.089420489999999972e+02 2.086877509999999916e+02 2.088911400000000071e+02
2.146815369999999916e+02 2.144745360000000005e+02 2.144276999999999873e+02
2.060292680000000018e+02 2.059873320000000092e+02 2.062405149999999878e+02
2.162448349999999948e+02 2.162010310000000004e+02 2.164540839999999946e+02
2.003414310000000000e+02 2.005786219999999958e+02 2.005711459999999988e+02
2.057470639999999946e+02 2.057797630000000026e+02 2.055317400000000134e+02
2.129445849999999893e+02 2.131621330000000114e+02 2.132472290000000044e+02
2.065020609999999976e+02 2.065480139999999949e+02 2.062932370000000049e+02
2.089890530000000126e+02 2.089420489999999972e+02 2.091952589999999930e+02
2.128266340000000127e+02 2.130326619999999878e+02 2.130846950000000106e+02
2.092986520000000041e+02 2.095023679999999899e+02 2.095529490000000123e+02
2.100787650000000042e+02 2.098914839999999913e+02 2.098205639999999903e+02
2.033506639999999948e+02 2.033595799999999940e+02 2.031227719999999977e+02
2.085795589999999891e+02 2.088096319999999935e+02 2.088608769999999879e+02
2.102178670000000125e+02 2.100178129999999896e+02 2.099675509999999861e+02
2.118540370000000053e+02 2.118055390000000102e+02 2.120579549999999927e+02
2.130462369999999908e+02 2.127476120000000037e+02 2.129102469999999983e+02
2.116487899999999911e+02 2.114489179999999919e+02 2.113895950000000141e+02
2.009744340000000022e+02 2.007367749999999944e+02 2.007598409999999944e+02
2.095336220000000083e+02 2.093136649999999861e+02 2.092857869999999991e+02
2.057797630000000026e+02 2.059971610000000055e+02 2.060294729999999959e+02
2.022662009999999952e+02 2.024000000000000057e+02 2.025161369999999863e+02
2.092428519999999992e+02 2.089890530000000126e+02 2.091952589999999930e+02
2.088392780000000073e+02 2.088911400000000071e+02 2.086350459999999885e+02
2.199000000000000057e+02 2.196932759999999973e+02 2.196786050000000046e+02
2.133233669999999904e+02 2.133867089999999962e+02 2.131240699999999890e+02
2.061636770000000070e+02 2.059555949999999882e+02 2.059189169999999933e+02
2.114763480000000015e+02 2.116785419999999931e+02 2.117285449999999969e+02
2.087303540000000055e+02 2.087467619999999897e+02 2.085122140000000002e+02
2.099477750000000071e+02 2.097032949999999971e+02 2.098914839999999913e+02
2.135185979999999972e+02 2.132583579999999870e+02 2.134493349999999907e+02
2.092986520000000041e+02 2.095529490000000123e+02 2.093493540000000053e+02
2.070116710000000069e+02 2.069645280000000014e+02 2.072174909999999954e+02
2.021553560000000118e+02 2.019602360000000090e+02 2.022122709999999870e+02
2.085999999999999943e+02 2.083877420000000029e+02 2.086179879999999969e+02
2.111748159999999928e+02 2.109733530000000030e+02 2.109224210000000141e+02
2.080549049999999909e+02 2.080857479999999953e+02 2.078401369999999986e+02
2.090997230000000116e+02 2.090516770000000122e+02 2.093045140000000117e+02
2.048130649999999946e+02 2.048556649999999877e+02 2.046134680000000117e+02
2.140103169999999864e+02 2.138020799999999895e+02 2.136866339999999980e+02
2.009490329999999858e+02 2.009744340000000022e+02 2.011825269999999932e+02
2.196890870000000007e+02 2.196777789999999868e+02 2.194716280000000097e+02
2.050445019999999943e+02 2.052510029999999972e+02 2.052863010000000088e+02
2.109224210000000141e+02 2.107206989999999962e+02 2.106701879999999960e+02
2.060921480000000088e+02 2.058553080000000080e+02 2.058647640000000081e+02
2.096087890000000016e+02 2.098613009999999974e+02 2.096662719999999922e+02
2.117285449999999969e+02 2.119308570000000032e+02 2.119807020000000080e+02
2.127853609999999946e+02 2.128354180000000042e+02 2.125844519999999989e+02
2.090761430000000018e+02 2.092919970000000092e+02 2.093316140000000019e+02
2.135378450000000043e+02 2.135847719999999867e+02 2.133359780000000114e+02
2.081722190000000126e+02 2.081177350000000104e+02 2.083771509999999978e+02
2.098572389999999928e+02 2.099076530000000105e+02 2.096529869999999960e+02
2.082531390000000044e+02 2.084876739999999984e+02 2.084960710000000006e+02
2.014793809999999894e+02 2.012196570000000122e+02 2.012372599999999920e+02
2.194597039999999879e+02 2.196932759999999973e+02 2.194826590000000124e+02
2.138960649999999930e+02 2.141094490000000121e+02 2.141317600000000141e+02
2.108717670000000055e+02 2.106198909999999955e+02 2.108212980000000130e+02
2.032340749999999900e+02 2.032698340000000030e+02 2.034810669999999959e+02
2.194216089999999895e+02 2.196675470000000132e+02 2.194424659999999960e+02
2.027560139999999933e+02 2.030229099999999960e+02 2.028700000000000045e+02
2.105836559999999906e+02 2.103296579999999949e+02 2.105349659999999972e+02
2.132339039999999954e+02 2.130286700000000053e+02 2.129795630000000131e+02
2.021449739999999906e+02 2.023943209999999908e+02 2.021782699999999977e+02
2.059873320000000092e+02 2.057756829999999866e+02 2.057334030000000098e+02
2.113760690000000011e+02 2.111748159999999928e+02 2.111238659999999925e+02
2.079739380000000040e+02 2.077668679999999881e+02 2.077210750000000132e+02
2.029583900000000085e+02 2.029817859999999996e+02 2.027413990000000013e+02
2.131621330000000114e+02 2.133700750000000141e+02 2.134236539999999991e+02
2.029993599999999958e+02 2.027454610000000059e+02 2.029400609999999858e+02
2.154069540000000131e+02 2.153634470000000078e+02 2.156129750000000058e+02
2.069171739999999886e+02 2.072082069999999874e+02 2.070431159999999977e+02
2.194597039999999879e+02 2.192386370000000113e+02 2.192216960000000086e+02
2.144276999999999873e+02 2.144745360000000005e+02 2.142210340000000031e+02
2.053818039999999883e+02 2.050959469999999953e+02 2.051598659999999938e+02
2.026650490000000104e+02 2.024133610000000090e+02 2.024654329999999902e+02
2.124269529999999975e+02 2.126226859999999874e+02 2.126618650000000059e+02
2.067571670000000097e+02 2.067108420000000137e+02 2.069645280000000014e+02
2.008226260000000138e+02 2.005717260000000124e+02 2.005919529999999895e+02
2.156550689999999975e+02 2.154069540000000131e+02 2.156129750000000058e+02
2.065480139999999949e+02 2.067571670000000097e+02 2.068060179999999946e+02
2.108815500000000043e+02 2.108283969999999954e+02 2.110845030000000122e+02
2.003188940000000002e+02 2.005011839999999950e+02 2.005786219999999958e+02
2.016416030000000035e+02 2.018923709999999971e+02 2.016873909999999910e+02
2.126160380000000032e+02 2.125299799999999948e+02 2.127842070000000092e+02
2.018427910000000054e+02 2.017934219999999925e+02 2.020473749999999882e+02
2.000999999999999943e+02 2.000999999999999943e+02 2.003308000000000106e+02
2.075595580000000098e+02 2.073513069999999914e+02 2.073078380000000038e+02
2.062150689999999997e+02 2.064675809999999956e+02 2.062481319999999982e+02
2.131228279999999984e+02 2.130759270000000072e+02 2.133273450000000082e+02
2.114273289999999861e+02 2.112260789999999986e+02 2.111748159999999928e+02
2.100106940000000009e+02 2.102141459999999995e+02 2.102650490000000048e+02
2.183175050000000113e+02 2.182759310000000141e+02 2.185245549999999923e+02
2.125687120000000050e+02 2.128266340000000127e+02 2.126210399999999936e+02
2.137068270000000041e+02 2.134990449999999953e+02 2.134453739999999868e+02
2.105721690000000024e+02 2.106249660000000006e+02 2.103682660000000055e+02
2.112449630000000127e+02 2.109897890000000018e+02 2.111912839999999960e+02
2.122115880000000061e+02 2.124160740000000089e+02 2.124674520000000086e+02
2.058695030000000088e+02 2.061217460000000017e+02 2.059189169999999933e+02
2.050577299999999923e+02 2.053093650000000139e+02 2.050951230000000010e+02
2.050089659999999867e+02 2.048000609999999995e+02 2.050437589999999943e+02
2.082292490000000100e+02 2.082846490000000017e+02 2.080317100000000039e+02
2.158619989999999973e+02 2.156515080000000069e+02 2.156091889999999864e+02
2.082421359999999879e+02 2.083021129999999914e+02 2.084870300000000043e+02
2.076565830000000119e+02 2.077008769999999913e+02 2.074581230000000005e+02
2.090265559999999994e+02 2.092254819999999995e+02 2.092722760000000051e+02
2.052270870000000116e+02 2.051868939999999952e+02 2.054406270000000063e+02
2.094188809999999989e+02 2.096662719999999922e+02 2.094706869999999981e+02
2.158214859999999931e+02 2.155717469999999878e+02 2.157809910000000002e+02
2.082531390000000044e+02 2.084960710000000006e+02 2.082725810000000024e+02
2.141731029999999976e+02 2.139654549999999915e+02 2.139150260000000117e+02
2.108459009999999978e+02 2.110935849999999903e+02 2.108883960000000002e+02
2.172194949999999949e+02 2.171668540000000007e+02 2.174187149999999917e+02
2.117787940000000049e+02 2.120307779999999980e+02 2.118294309999999996e+02
2.113528650000000084e+02 2.116062279999999873e+02 2.114099720000000104e+02
2.096155129999999929e+02 2.094127369999999928e+02 2.093654909999999916e+02
2.050709709999999859e+02 2.052863010000000088e+02 2.053142530000000079e+02
2.119807020000000080e+02 2.120307779999999980e+02 2.117787940000000049e+02
2.145427640000000054e+02 2.145997600000000034e+02 2.143397139999999865e+02
2.141228570000000104e+02 2.141731029999999976e+02 2.139150260000000117e+02
2.177607910000000118e+02 2.179634360000000015e+02 2.177126210000000128e+02
2.129231739999999888e+02 2.129445849999999893e+02 2.127203609999999969e+02
2.116379860000000122e+02 2.115843959999999981e+02 2.118389720000000125e+02
2.118515700000000095e+02 2.121074629999999956e+02 2.119039669999999944e+02
2.199000000000000057e+02 2.199000000000000057e+02 2.196777789999999868e+02
2.094706869999999981e+02 2.097182720000000131e+02 2.095195070000000044e+02
2.136742140000000063e+02 2.138723630000000071e+02 2.138960649999999930e+02
2.135847719999999867e+02 2.133877889999999979e+02 2.133359780000000114e+02
2.141993429999999989e+02 2.144045669999999859e+02 2.144496660000000077e+02
2.087804010000000119e+02 2.088096319999999935e+02 2.085712660000000085e+02
2.163287090000000035e+02 2.165394640000000095e+02 2.165829549999999983e+02
2.104182130000000086e+02 2.102160320000000127e+02 2.101663079999999866e+02
2.106249660000000006e+02 2.106784240000000068e+02 2.104211709999999869e+02
2.061621930000000020e+02 2.063783420000000035e+02 2.064143290000000093e+02
2.123600030000000061e+02 2.121060040000000129e+02 2.122942720000000065e+02
2.099148529999999937e+02 2.098660759999999925e+02 2.101168999999999869e+02
2.021449739999999906e+02 2.021782699999999977e+02 2.019450199999999995e+02
2.042120459999999866e+02 2.040031859999999995e+02 2.039560020000000122e+02
2.140667829999999867e+02 2.138592020000000105e+02 2.137862100000000112e+02
2.148900270000000035e+02 2.151014720000000011e+02 2.151444410000000005e+02
2.068060179999999946e+02 2.070116710000000069e+02 2.070579439999999920e+02
2.196786050000000046e+02 2.194597039999999879e+02 2.194424659999999960e+02
2.103789769999999919e+02 2.103595139999999901e+02 2.105711200000000076e+02
2.061265610000000095e+02 2.058744399999999928e+02 2.060929629999999975e+02
2.167870049999999935e+02 2.168370270000000062e+02 2.165829549999999983e+02
2.094604769999999974e+02 2.097120229999999879e+02 2.095086059999999861e+02
2.166617180000000076e+02 2.164095959999999934e+02 2.166174609999999916e+02
2.035420359999999960e+02 2.037957859999999926e+02 2.035884350000000040e+02
2.083693230000000085e+02 2.084111169999999902e+02 2.081615400000000022e+02
2.086514229999999941e+02 2.086964800000000082e+02 2.088981799999999964e+02
2.075626560000000040e+02 2.077823579999999879e+02 2.078097630000000038e+02
2.090948909999999898e+02 2.092986520000000041e+02 2.093493540000000053e+02
2.110245879999999943e+02 2.110763230000000021e+02 2.108226319999999987e+02
2.067513189999999952e+02 2.067824009999999930e+02 2.065312439999999867e+02
2.046999999999999886e+02 2.049525120000000129e+02 2.047556629999999984e+02
2.101460669999999880e+02 2.099477750000000071e+02 2.098914839999999913e+02
2.121596889999999860e+02 2.122115880000000061e+02 2.119561080000000004e+02
2.105691999999999950e+02 2.103665440000000046e+02 2.103161049999999932e+02
2.009744340000000022e+02 2.009967910000000018e+02 2.012196570000000122e+02
2.086177120000000116e+02 2.088233370000000093e+02 2.088665890000000047e+02
2.158619989999999973e+02 2.156091889999999864e+02 2.158212220000000059e+02
2.111084899999999891e+02 2.108956029999999942e+02 2.108244960000000106e+02
2.070116710000000069e+02 2.072174909999999954e+02 2.072634630000000016e+02
2.052291720000000055e+02 2.052572059999999965e+02 2.054901619999999980e+02
2.049324819999999931e+02 2.047210479999999961e+02 2.046769889999999918e+02
2.177466169999999863e+02 2.177607910000000118e+02 2.175470550000000003e+02
2.105200900000000104e+02 2.105721690000000024e+02 2.103163590000000056e+02
2.087825100000000020e+02 2.089838469999999973e+02 2.090265559999999994e+02
2.151559210000000064e+02 2.149485290000000077e+02 2.149050039999999910e+02
2.108956029999999942e+02 2.106376329999999939e+02 2.108244960000000106e+02
2.078816160000000082e+02 2.076754290000000083e+02 2.076294200000000103e+02
2.132583579999999870e+02 2.130016160000000127e+02 2.131957720000000052e+02
2.071709620000000029e+02 2.071251619999999889e+02 2.073772289999999998e+02
2.070333750000000066e+02 2.072840759999999989e+02 2.070643070000000137e+02
2.049324819999999931e+02 2.046769889999999918e+02 2.048930799999999977e+02
2.089433329999999955e+02 2.089838469999999973e+02 2.087467619999999897e+02
2.016873909999999910e+02 2.018923709999999971e+02 2.019450199999999995e+02
2.044236950000000093e+02 2.043842170000000067e+02 2.041611399999999890e+02
2.054982950000000130e+02 2.057470639999999946e+02 2.055317400000000134e+02
2.098150530000000060e+02 2.100142820000000086e+02 2.100732519999999965e+02
2.090042880000000025e+02 2.089574719999999957e+02 2.092089379999999892e+02
2.061621930000000020e+02 2.059471829999999954e+02 2.059096649999999897e+02
2.017404160000000104e+02 2.019992949999999894e+02 2.018624900000000082e+02
2.177607910000000118e+02 2.177126210000000128e+02 2.174971089999999947e+02
2.065629380000000026e+02 2.063443859999999859e+02 2.063118640000000141e+02
2.088392780000000073e+02 2.086350459999999885e+02 2.085825739999999939e+02
2.144045669999999859e+02 2.146105000000000018e+02 2.146547040000000095e+02
2.156515080000000069e+02 2.154417919999999924e+02 2.153982289999999864e+02
2.048130649999999946e+02 2.050577299999999923e+02 2.048556649999999877e+02
2.102730479999999886e+02 2.100142820000000086e+02 2.102171710000000076e+02
2.132388640000000066e+02 2.129784359999999879e+02 2.131830349999999896e+02
2.115980079999999930e+02 2.113440099999999973e+02 2.115483040000000017e+02
2.158566779999999881e+02 2.160994010000000003e+02 2.158900820000000067e+02
2.038520320000000083e+02 2.041028890000000047e+02 2.039069910000000050e+02
2.116785419999999931e+02 2.118813930000000028e+02 2.119308570000000032e+02
2.061621930000000020e+02 2.064143290000000093e+02 2.062002819999999872e+02
2.112448259999999891e+02 2.109899020000000007e+02 2.111891919999999914e+02
2.072840759999999989e+02 2.075058850000000064e+02 2.075338879999999904e+02
2.134236539999999991e+02 2.136742140000000063e+02 2.134809009999999887e+02
2.122627270000000124e+02 2.122115880000000061e+02 2.124674520000000086e+02
2.103296579999999949e+02 2.102829160000000002e+02 2.105349659999999972e+02
2.022550899999999956e+02 2.020473749999999882e+02 2.019994499999999960e+02
2.110845030000000122e+02 2.113403979999999933e+02 2.111376840000000072e+02
2.098101599999999962e+02 2.096064110000000085e+02 2.095573489999999879e+02
2.122580210000000136e+02 2.120014510000000030e+02 2.122038619999999867e+02
2.123496360000000038e+02 2.121490809999999954e+02 2.120939989999999966e+02
2.076274260000000140e+02 2.073698789999999974e+02 2.074018159999999966e+02
2.117206419999999980e+02 2.119116150000000118e+02 2.119886899999999912e+02
2.081615400000000022e+02 2.079537899999999979e+02 2.079126919999999927e+02
2.055612979999999936e+02 2.058106260000000134e+02 2.055906380000000127e+02
2.103789769999999919e+02 2.101460669999999880e+02 2.103595139999999901e+02
2.101131230000000016e+02 2.100631040000000098e+02 2.103161049999999932e+02
2.073318769999999915e+02 2.075389350000000093e+02 2.075836930000000109e+02
2.062835770000000082e+02 2.063278430000000014e+02 2.060752620000000093e+02
2.130759270000000072e+02 2.130286700000000053e+02 2.132813010000000133e+02
2.077301390000000083e+02 2.079826500000000067e+02 2.077564700000000073e+02
2.073455399999999997e+02 2.071303639999999859e+02 2.070963849999999979e+02
2.067043830000000071e+02 2.064526859999999999e+02 2.066658810000000130e+02
2.038203259999999943e+02 2.039996610000000032e+02 2.040647419999999954e+02
2.072455769999999973e+02 2.074956770000000006e+02 2.072878190000000131e+02
2.068803959999999904e+02 2.071303639999999859e+02 2.069167290000000037e+02
2.017462229999999863e+02 2.017934219999999925e+02 2.015512300000000039e+02
2.022122709999999870e+02 2.020195740000000058e+02 2.022527619999999899e+02
2.123701289999999915e+02 2.124269529999999975e+02 2.121693620000000067e+02
2.106784240000000068e+02 2.108815500000000043e+02 2.109351849999999899e+02
2.044435990000000061e+02 2.045038690000000088e+02 2.042511959999999931e+02
2.066001730000000123e+02 2.068533030000000110e+02 2.066472500000000139e+02
2.061217460000000017e+02 2.063709450000000061e+02 2.061636770000000070e+02
2.038480580000000089e+02 2.036392170000000021e+02 2.035801260000000070e+02
2.006038639999999873e+02 2.008437089999999898e+02 2.008412899999999865e+02
2.091483580000000018e+02 2.090997230000000116e+02 2.093531130000000076e+02
2.120485720000000072e+02 2.117995090000000005e+02 2.120021250000000066e+02
2.052510029999999972e+02 2.054575350000000071e+02 2.054982950000000130e+02
2.079096720000000005e+02 2.081722190000000126e+02 2.079700300000000084e+02
2.074155979999999886e+02 2.074546269999999879e+02 2.072051280000000020e+02
2.036392170000000021e+02 2.033750860000000102e+02 2.035801260000000070e+02
2.103682269999999903e+02 2.101168999999999869e+02 2.103183500000000095e+02
2.106376329999999939e+02 2.105711200000000076e+02 2.108244960000000106e+02
2.096878769999999861e+02 2.098205639999999903e+02 2.095842289999999934e+02
2.139721130000000073e+02 2.137056499999999915e+02 2.138751939999999934e+02
2.075145269999999869e+02 2.073078380000000038e+02 2.072634630000000016e+02
2.039191509999999994e+02 2.041822760000000017e+02 2.039996610000000032e+02
2.014976829999999950e+02 2.016242100000000050e+02 2.013772079999999960e+02
2.061265610000000095e+02 2.061621930000000020e+02 2.059096649999999897e+02
2.137056499999999915e+02 2.136345460000000003e+02 2.138751939999999934e+02
2.115773299999999892e+02 2.117787940000000049e+02 2.118294309999999996e+02
2.030940119999999922e+02 2.031376669999999933e+02 2.028838000000000079e+02
2.080389659999999878e+02 2.083021129999999914e+02 2.082421359999999879e+02
2.015909159999999929e+02 2.013881149999999991e+02 2.013265989999999874e+02
2.087825100000000020e+02 2.088233370000000093e+02 2.085766519999999957e+02
2.046132450000000063e+02 2.043399049999999875e+02 2.044227950000000078e+02
2.026180109999999956e+02 2.024133610000000090e+02 2.026650490000000104e+02
2.154417919999999924e+02 2.152329589999999939e+02 2.151886179999999911e+02
2.022998100000000079e+02 2.022550899999999956e+02 2.024997079999999983e+02
2.078097630000000038e+02 2.080289390000000083e+02 2.080549049999999909e+02
2.032084830000000011e+02 2.034263660000000016e+02 2.034848599999999976e+02
2.047210479999999961e+02 2.044667120000000011e+02 2.046769889999999918e+02
2.052829289999999958e+02 2.050437589999999943e+02 2.050959469999999953e+02
2.107234050000000138e+02 2.104685969999999884e+02 2.106716010000000097e+02
2.074233450000000119e+02 2.073772289999999998e+02 2.076294200000000103e+02
2.151559210000000064e+02 2.154069540000000131e+02 2.152000099999999918e+02
2.078816160000000082e+02 2.081339570000000094e+02 2.079276099999999872e+02
2.107755500000000097e+02 2.107234050000000138e+02 2.109785880000000020e+02
2.106701879999999960e+02 2.107206989999999962e+02 2.104682359999999903e+02
2.072174909999999954e+02 2.074233450000000119e+02 2.074693399999999883e+02
2.073793579999999963e+02 2.071665490000000034e+02 2.071303639999999859e+02
2.046132450000000063e+02 2.046008600000000115e+02 2.043399049999999875e+02
2.096064110000000085e+02 2.093531130000000076e+02 2.095573489999999879e+02
2.086406519999999887e+02 2.088944329999999923e+02 2.086887869999999907e+02
2.196474880000000098e+02 2.199000000000000057e+02 2.196675470000000132e+02
2.078327590000000100e+02 2.076274260000000140e+02 2.078906670000000076e+02
2.018200980000000015e+02 2.016031879999999887e+02 2.018222169999999949e+02
2.130462369999999908e+02 2.129317369999999983e+02 2.127476120000000037e+02
2.074054179999999974e+02 2.074581230000000005e+02 2.072082069999999874e+02
2.038520320000000083e+02 2.040532430000000090e+02 2.041028890000000047e+02
2.128641159999999957e+02 2.131240699999999890e+02 2.129223409999999888e+02
2.090613999999999919e+02 2.090462550000000022e+02 2.092857869999999991e+02
2.161571570000000122e+02 2.161143570000000125e+02 2.163661789999999883e+02
2.101873679999999922e+02 2.102359510000000000e+02 2.099889770000000055e+02
2.022122709999999870e+02 2.022527619999999899e+02 2.024654329999999902e+02
2.189528510000000097e+02 2.191991360000000100e+02 2.189830990000000099e+02
2.041957869999999957e+02 2.039515279999999962e+02 2.041251980000000117e+02
2.028838000000000079e+02 2.026903629999999907e+02 2.026426620000000014e+02
2.193929210000000012e+02 2.191393809999999860e+02 2.191732509999999934e+02
2.116492480000000000e+02 2.118540370000000053e+02 2.119116150000000118e+02
2.081339570000000094e+02 2.081806589999999915e+02 2.079276099999999872e+02
2.159912830000000099e+02 2.159478279999999870e+02 2.162010310000000004e+02
2.085795589999999891e+02 2.083021129999999914e+02 2.083508669999999938e+02
2.054033230000000003e+02 2.051489630000000091e+02 2.053692979999999864e+02
2.074233450000000119e+02 2.076754290000000083e+02 2.074693399999999883e+02
2.024965139999999906e+02 2.027413990000000013e+02 2.025092659999999967e+02
2.099889770000000055e+02 2.097821700000000078e+02 2.097454559999999901e+02
2.072082069999999874e+02 2.069171739999999886e+02 2.071386310000000037e+02
2.125687120000000050e+02 2.127735470000000078e+02 2.128266340000000127e+02
2.057470639999999946e+02 2.059971610000000055e+02 2.057797630000000026e+02
2.082044769999999971e+02 2.082421359999999879e+02 2.084476530000000025e+02
2.048556649999999877e+02 2.050577299999999923e+02 2.050951230000000010e+02
2.026659109999999941e+02 2.029318220000000110e+02 2.027560139999999933e+02
2.138062970000000007e+02 2.135498179999999877e+02 2.137575070000000039e+02
2.054982950000000130e+02 2.055317400000000134e+02 2.052863010000000088e+02
2.053093650000000139e+02 2.055659239999999954e+02 2.053608769999999879e+02
2.092479439999999897e+02 2.095023679999999899e+02 2.092986520000000041e+02
2.081722190000000126e+02 2.082292490000000100e+02 2.079700300000000084e+02
2.082940849999999955e+02 2.083402839999999969e+02 2.080878879999999924e+02
2.121074629999999956e+02 2.123114380000000097e+02 2.123639569999999992e+02
2.089838469999999973e+02 2.091758780000000115e+02 2.092254819999999995e+02
2.137862100000000112e+02 2.135885849999999948e+02 2.135185979999999972e+02
2.021297299999999950e+02 2.022662009999999952e+02 2.019992949999999894e+02
2.094127369999999928e+02 2.096637299999999868e+02 2.094604769999999974e+02
2.103789769999999919e+02 2.101873679999999922e+02 2.101460669999999880e+02
2.099601609999999994e+02 2.101634280000000103e+02 2.102141459999999995e+02
2.100732519999999965e+02 2.100142820000000086e+02 2.102730479999999886e+02
2.080317100000000039e+02 2.082846490000000017e+02 2.080836850000000027e+02
2.110935849999999903e+02 2.110440529999999910e+02 2.112977019999999868e+02
2.106198909999999955e+02 2.103682269999999903e+02 2.105695969999999875e+02
2.098784300000000087e+02 2.101412919999999929e+02 2.099639540000000011e+02
2.017934219999999925e+02 2.015909159999999929e+02 2.015512300000000039e+02
2.199000000000000057e+02 2.199000000000000057e+02 2.196675470000000132e+02
2.058744399999999928e+02 2.061265610000000095e+02 2.059096649999999897e+02
2.092919970000000092e+02 2.095456210000000112e+02 2.093316140000000019e+02
2.142930210000000102e+02 2.145427640000000054e+02 2.143397139999999865e+02
2.135344680000000039e+02 2.132813010000000133e+02 2.134876610000000028e+02
2.070371210000000133e+02 2.068291099999999858e+02 2.067865089999999952e+02
2.015891890000000046e+02 2.018594589999999869e+02 2.017404160000000104e+02
2.024965139999999906e+02 2.027070899999999938e+02 2.027413990000000013e+02
2.117321699999999964e+02 2.119852469999999869e+02 2.117850589999999897e+02
2.093045140000000117e+02 2.092564040000000034e+02 2.095086059999999861e+02
2.033750860000000102e+02 2.034263660000000016e+02 2.031669620000000123e+02
2.139007009999999980e+02 2.139473580000000084e+02 2.136941520000000025e+02
2.009849670000000117e+02 2.012406560000000013e+02 2.010872300000000052e+02
2.122627270000000124e+02 2.120077190000000087e+02 2.122115880000000061e+02
2.052572059999999965e+02 2.052829289999999958e+02 2.054965349999999944e+02
2.096662719999999922e+02 2.098613009999999974e+02 2.099158309999999972e+02
2.062932370000000049e+02 2.063345799999999883e+02 2.060921480000000088e+02
2.022662009999999952e+02 2.023835359999999923e+02 2.021298260000000084e+02
2.059971610000000055e+02 2.062481319999999982e+02 2.060294729999999959e+02
2.077008769999999913e+02 2.079096720000000005e+02 2.079700300000000084e+02
2.073140830000000108e+02 2.075626560000000040e+02 2.073455399999999997e+02
2.141094490000000121e+02 2.143581189999999879e+02 2.141317600000000141e+02
2.081806589999999915e+02 2.084344810000000052e+02 2.082277860000000089e+02
2.181952459999999974e+02 2.181214679999999930e+02 2.183665200000000084e+02
2.100787650000000042e+02 2.099639540000000011e+02 2.102219179999999881e+02
2.110763230000000021e+02 2.108741980000000069e+02 2.108226319999999987e+02
2.081806589999999915e+02 2.082277860000000089e+02 2.079739380000000040e+02
2.056386899999999969e+02 2.054536850000000072e+02 2.057393549999999891e+02
2.127362479999999891e+02 2.127853609999999946e+02 2.125341860000000054e+02
2.097533510000000092e+02 2.094975239999999985e+02 2.097027290000000050e+02
2.121339049999999986e+02 2.121832359999999937e+02 2.119308570000000032e+02
2.134493349999999907e+02 2.132583579999999870e+02 2.131957720000000052e+02
2.101637729999999920e+02 2.103682660000000055e+02 2.104211709999999869e+02
2.112977019999999868e+02 2.110440529999999910e+02 2.112449630000000127e+02
2.033323839999999905e+02 2.033890660000000139e+02 2.031376669999999933e+02
2.083771509999999978e+02 2.083250610000000052e+02 2.085825739999999939e+02
2.145875829999999951e+02 2.145410410000000070e+02 2.148036580000000129e+02
2.134401589999999942e+02 2.134876610000000028e+02 2.132339039999999954e+02
2.167072279999999864e+02 2.167524929999999870e+02 2.164983450000000005e+02
2.035801260000000070e+02 2.033179000000000087e+02 2.035151920000000132e+02
2.039164460000000076e+02 2.039623589999999922e+02 2.041611399999999890e+02
2.108883960000000002e+02 2.109574100000000101e+02 2.106736840000000086e+02
2.076565830000000119e+02 2.074581230000000005e+02 2.074054179999999974e+02
2.129293000000000120e+02 2.129795630000000131e+02 2.127238250000000050e+02
2.117987510000000100e+02 2.120548510000000135e+02 2.118515700000000095e+02
2.172614389999999958e+02 2.170287480000000073e+02 2.170512290000000064e+02
2.081615400000000022e+02 2.082042270000000030e+02 2.079537899999999979e+02
2.054536850000000072e+02 2.052291720000000055e+02 2.054901619999999980e+02
2.041229869999999949e+02 2.040473529999999869e+02 2.043399049999999875e+02
2.131830349999999896e+02 2.133867089999999962e+02 2.134453739999999868e+02
2.067043830000000071e+02 2.066658810000000130e+02 2.069167290000000037e+02
2.113252239999999915e+02 2.111238659999999925e+02 2.110731930000000034e+02
2.131853000000000122e+02 2.132339039999999954e+02 2.129795630000000131e+02
2.090613999999999919e+02 2.088248780000000124e+02 2.090462550000000022e+02
2.064675809999999956e+02 2.067200929999999914e+02 2.064996099999999899e+02
2.177126210000000128e+02 2.174642169999999908e+02 2.174971089999999947e+02
2.125190389999999923e+02 2.124674520000000086e+02 2.127238250000000050e+02
2.111748159999999928e+02 2.109224210000000141e+02 2.111238659999999925e+02
2.187734790000000089e+02 2.188098589999999888e+02 2.185630840000000035e+02
2.157383210000000133e+02 2.154857649999999865e+02 2.156948940000000050e+02
2.036541300000000092e+02 2.039191509999999994e+02 2.037504619999999989e+02
2.121339049999999986e+02 2.123864169999999945e+02 2.121832359999999937e+02
2.121596889999999860e+02 2.124160740000000089e+02 2.122115880000000061e+02
2.108815500000000043e+02 2.110845030000000122e+02 2.111376840000000072e+02
2.122122149999999863e+02 2.121557679999999948e+02 2.124215800000000058e+02
2.012406560000000013e+02 2.013074850000000140e+02 2.010872300000000052e+02
2.178737050000000011e+02 2.181214679999999930e+02 2.179401609999999891e+02
2.090997230000000116e+02 2.088463680000000124e+02 2.090516770000000122e+02
2.080857479999999953e+02 2.080549049999999909e+02 2.082981709999999964e+02
2.133424219999999991e+02 2.132916290000000004e+02 2.135498179999999877e+02
2.091458330000000103e+02 2.090948909999999898e+02 2.093493540000000053e+02
2.119559549999999888e+02 2.117519100000000094e+02 2.117063689999999951e+02
2.043782030000000134e+02 2.043399049999999875e+02 2.046008600000000115e+02
2.035884350000000040e+02 2.036534829999999943e+02 2.033595799999999940e+02
2.108376539999999864e+02 2.105836559999999906e+02 2.107879120000000057e+02
2.005245170000000030e+02 2.005467109999999877e+02 2.007598409999999944e+02
2.005011839999999950e+02 2.007442100000000096e+02 2.005786219999999958e+02
2.119475979999999993e+02 2.121490809999999954e+02 2.122038619999999867e+02
2.082292490000000100e+02 2.080317100000000039e+02 2.079700300000000084e+02
2.052678520000000049e+02 2.050170809999999904e+02 2.052270870000000116e+02
2.126902499999999918e+02 2.124924739999999872e+02 2.124376080000000115e+02
2.147274040000000070e+02 2.146815369999999916e+02 2.149351489999999956e+02
2.148900270000000035e+02 2.148454869999999914e+02 2.151014720000000011e+02
2.056566990000000033e+02 2.058744399999999928e+02 2.059096649999999897e+02
2.014874269999999967e+02 2.015512300000000039e+02 2.013074850000000140e+02
2.140845070000000021e+02 2.138333059999999932e+02 2.140405169999999941e+02
2.126226859999999874e+02 2.125713800000000049e+02 2.128250170000000026e+02
2.031952960000000132e+02 2.029400609999999858e+02 2.031376669999999933e+02
2.080836850000000027e+02 2.083394380000000012e+02 2.081419549999999958e+02
2.196786050000000046e+02 2.196932759999999973e+02 2.194597039999999879e+02
2.008412899999999865e+02 2.008437089999999898e+02 2.010740399999999966e+02
2.111739399999999875e+02 2.114261989999999969e+02 2.112242640000000051e+02
2.127465359999999919e+02 2.128050000000000068e+02 2.125488170000000139e+02
2.055209600000000023e+02 2.052678520000000049e+02 2.054799480000000074e+02
2.078139329999999916e+02 2.080686179999999865e+02 2.078616629999999930e+02
2.089433180000000050e+02 2.091483580000000018e+02 2.091978619999999864e+02
2.044435990000000061e+02 2.046999999999999886e+02 2.045038690000000088e+02
2.164983450000000005e+02 2.167524929999999870e+02 2.165394640000000095e+02
2.041478459999999870e+02 2.041028890000000047e+02 2.043575150000000065e+02
2.123845180000000141e+02 2.121849599999999896e+02 2.121327029999999922e+02
2.113252239999999915e+02 2.113760690000000011e+02 2.111238659999999925e+02
2.122327539999999999e+02 2.122826059999999870e+02 2.120307779999999980e+02
2.029130810000000054e+02 2.031669620000000123e+02 2.029583900000000085e+02
2.125488170000000139e+02 2.126061329999999998e+02 2.123496360000000038e+02
2.060998910000000137e+02 2.058553080000000080e+02 2.060921480000000088e+02
2.130286700000000053e+02 2.128250170000000026e+02 2.127749269999999910e+02
2.174642169999999908e+02 2.172614389999999958e+02 2.174971089999999947e+02
2.113831500000000005e+02 2.111285719999999912e+02 2.113303029999999865e+02
2.088665890000000047e+02 2.089114920000000097e+02 2.086611320000000092e+02
2.147998919999999998e+02 2.145997600000000034e+02 2.148554019999999980e+02
2.093562780000000032e+02 2.096087890000000016e+02 2.094188809999999989e+02
2.119324929999999938e+02 2.119852469999999869e+02 2.117321699999999964e+02
2.034496049999999912e+02 2.037019310000000019e+02 2.035151920000000132e+02
2.083693230000000085e+02 2.081615400000000022e+02 2.081216420000000085e+02
2.083021129999999914e+02 2.085795589999999891e+02 2.084870300000000043e+02
2.092479439999999897e+02 2.092986520000000041e+02 2.090436009999999953e+02
2.007598409999999944e+02 2.007825670000000002e+02 2.009967910000000018e+02
2.074581230000000005e+02 2.077008769999999913e+02 2.074906110000000012e+02
2.134809009999999887e+02 2.136866339999999980e+02 2.133647339999999986e+02
2.062405149999999878e+02 2.062002819999999872e+02 2.064526859999999999e+02
2.027454610000000059e+02 2.025498719999999935e+02 2.024997079999999983e+02
2.159912830000000099e+02 2.162010310000000004e+02 2.162448349999999948e+02
2.109262349999999913e+02 2.106716010000000097e+02 2.108741980000000069e+02
2.124376080000000115e+02 2.121849599999999896e+02 2.123845180000000141e+02
2.080389659999999878e+02 2.080820099999999968e+02 2.083021129999999914e+02
2.151124560000000088e+02 2.151559210000000064e+02 2.149050039999999910e+02
2.123114380000000097e+02 2.125687120000000050e+02 2.123639569999999992e+02
2.088665890000000047e+02 2.088233370000000093e+02 2.090706549999999879e+02
2.103682660000000055e+02 2.106249660000000006e+02 2.104211709999999869e+02
2.081177350000000104e+02 2.080686179999999865e+02 2.083250610000000052e+02
2.101412919999999929e+02 2.103976839999999982e+02 2.102219179999999881e+02
2.090309570000000008e+02 2.092919970000000092e+02 2.090761430000000018e+02
2.066212219999999888e+02 2.066653410000000122e+02 2.064124219999999923e+02
2.133917950000000019e+02 2.136468289999999968e+02 2.134401589999999942e+02
2.024965139999999906e+02 2.025092659999999967e+02 2.023004410000000064e+02
2.124716819999999871e+02 2.122501619999999889e+02 2.122122149999999863e+02
2.075935420000000136e+02 2.078097630000000038e+02 2.078401369999999986e+02
2.128876640000000009e+02 2.126902499999999918e+02 2.126362839999999892e+02
2.069953270000000032e+02 2.067447840000000099e+02 2.069551480000000083e+02
2.051868939999999952e+02 2.054033230000000003e+02 2.054406270000000063e+02
2.036534829999999943e+02 2.038520320000000083e+02 2.039069910000000050e+02
2.059555949999999882e+02 2.057318999999999960e+02 2.057243190000000084e+02
2.148454869999999914e+02 2.148036580000000129e+02 2.150612790000000132e+02
2.096878769999999861e+02 2.099639540000000011e+02 2.098205639999999903e+02
2.103665440000000046e+02 2.101634280000000103e+02 2.101131230000000016e+02
2.029817859999999996e+02 2.032084830000000011e+02 2.032822930000000099e+02
2.126618650000000059e+02 2.129231739999999888e+02 2.127203609999999969e+02
2.006038639999999873e+02 2.003489930000000072e+02 2.005711459999999988e+02
2.060292680000000018e+02 2.057756829999999866e+02 2.059873320000000092e+02
2.088463680000000124e+02 2.085931459999999902e+02 2.087989430000000084e+02
2.068729979999999955e+02 2.069182900000000132e+02 2.066653410000000122e+02
2.112872549999999876e+02 2.112341240000000084e+02 2.114896070000000066e+02
2.111891919999999914e+02 2.109899020000000007e+02 2.109374459999999942e+02
2.088944329999999923e+02 2.091483580000000018e+02 2.089433180000000050e+02
2.012406560000000013e+02 2.014874269999999967e+02 2.013074850000000140e+02
2.062003489999999886e+02 2.059771529999999871e+02 2.059555949999999882e+02
2.009108109999999954e+02 2.011810810000000060e+02 2.010084520000000055e+02
2.076642500000000098e+02 2.074546269999999879e+02 2.074155979999999886e+02
2.090516770000000122e+02 2.087989430000000084e+02 2.090042880000000025e+02
2.194826590000000124e+02 2.194716280000000097e+02 2.192864790000000141e+02
2.112746449999999925e+02 2.115267139999999984e+02 2.113252239999999915e+02
2.107755500000000097e+02 2.109785880000000020e+02 2.110314639999999997e+02
2.057393549999999891e+02 2.060358819999999866e+02 2.058647640000000081e+02
2.174187149999999917e+02 2.176784350000000074e+02 2.174714769999999930e+02
2.078139329999999916e+02 2.078616629999999930e+02 2.076080110000000047e+02
2.136520730000000015e+02 2.138592020000000105e+02 2.139150260000000117e+02
2.103663239999999917e+02 2.106188359999999875e+02 2.104179320000000075e+02
2.141993429999999989e+02 2.144496660000000077e+02 2.142457719999999881e+02
2.135521980000000042e+02 2.133107420000000047e+02 2.133647339999999986e+02
2.156129750000000058e+02 2.158214859999999931e+02 2.158566779999999881e+02
2.003308000000000106e+02 2.003403830000000028e+02 2.005717260000000124e+02
2.023487210000000118e+02 2.020957840000000090e+02 2.022998100000000079e+02
2.013881149999999991e+02 2.010909900000000050e+02 2.013265989999999874e+02
2.103595139999999901e+02 2.101460669999999880e+02 2.100787650000000042e+02
2.075145269999999869e+02 2.075595580000000098e+02 2.073078380000000038e+02
2.110226360000000057e+02 2.112746449999999925e+02 2.110731930000000034e+02
2.037768800000000056e+02 2.037019310000000019e+02 2.039515279999999962e+02
2.077210750000000132e+02 2.077668679999999881e+02 2.075145269999999869e+02
2.155689370000000054e+02 2.156091889999999864e+02 2.153557910000000106e+02
2.080857479999999953e+02 2.078745279999999980e+02 2.078401369999999986e+02
2.062446899999999914e+02 2.065020609999999976e+02 2.062932370000000049e+02
2.128716090000000065e+02 2.131228279999999984e+02 2.129231739999999888e+02
2.102171710000000076e+02 2.100142820000000086e+02 2.099588019999999915e+02
2.019502500000000111e+02 2.021782699999999977e+02 2.022187649999999906e+02
2.040031859999999995e+02 2.042593599999999867e+02 2.040532430000000090e+02
2.041229869999999949e+02 2.043399049999999875e+02 2.043782030000000134e+02
2.086406519999999887e+02 2.085931459999999902e+02 2.088463680000000124e+02
2.160994010000000003e+02 2.161253039999999999e+02 2.158900820000000067e+02
2.053608769999999879e+02 2.053818039999999883e+02 2.051598659999999938e+02
2.009744340000000022e+02 2.007598409999999944e+02 2.009967910000000018e+02
2.087467619999999897e+02 2.085396489999999972e+02 2.085122140000000002e+02
2.046134680000000117e+02 2.046525410000000136e+02 2.044130580000000066e+02
2.056386899999999969e+02 2.057393549999999891e+02 2.058647640000000081e+02
2.101873679999999922e+02 2.099889770000000055e+02 2.099477750000000071e+02
2.124716819999999871e+02 2.122122149999999863e+02 2.124215800000000058e+02
2.189528510000000097e+02 2.187376050000000021e+02 2.187035030000000120e+02
2.046999999999999886e+02 2.047556629999999984e+02 2.045038690000000088e+02
2.132916290000000004e+02 2.132388640000000066e+02 2.134990449999999953e+02
2.111298969999999997e+02 2.109374459999999942e+02 2.108956029999999942e+02
2.089574719999999957e+02 2.089114920000000097e+02 2.091620090000000118e+02
2.100732519999999965e+02 2.102730479999999886e+02 2.103335800000000120e+02
2.022550899999999956e+02 2.019994499999999960e+02 2.022172459999999887e+02
2.106537490000000048e+02 2.108883960000000002e+02 2.106736840000000086e+02
2.111084899999999891e+02 2.109574100000000101e+02 2.112084570000000099e+02
2.071004639999999881e+02 2.070579439999999920e+02 2.073078380000000038e+02
2.016873909999999910e+02 2.014793809999999894e+02 2.014560930000000099e+02
2.177607910000000118e+02 2.174971089999999947e+02 2.175470550000000003e+02
2.079739380000000040e+02 2.077210750000000132e+02 2.079276099999999872e+02
2.102178670000000125e+02 2.102683570000000088e+02 2.100178129999999896e+02
2.017462229999999863e+02 2.018624900000000082e+02 2.019911960000000022e+02
2.099675509999999861e+02 2.100178129999999896e+02 2.097681420000000116e+02
2.029993599999999958e+02 2.029400609999999858e+02 2.031952960000000132e+02
2.076272189999999966e+02 2.073793579999999963e+02 2.075935420000000136e+02
2.076754290000000083e+02 2.074233450000000119e+02 2.076294200000000103e+02
2.058180429999999888e+02 2.060752620000000093e+02 2.058695030000000088e+02
2.003702700000000050e+02 2.005011839999999950e+02 2.002821299999999951e+02
2.009967910000000018e+02 2.010156149999999968e+02 2.012372599999999920e+02
2.042593599999999867e+02 2.045137829999999894e+02 2.043081270000000131e+02
2.136345460000000003e+02 2.138321060000000102e+02 2.138751939999999934e+02
2.092470999999999890e+02 2.090870280000000037e+02 2.093643730000000005e+02
2.139654549999999915e+02 2.137068270000000041e+02 2.139150260000000117e+02
2.012196570000000122e+02 2.009967910000000018e+02 2.012372599999999920e+02
2.085122140000000002e+02 2.085396489999999972e+02 2.082981709999999964e+02
2.159912830000000099e+02 2.162448349999999948e+02 2.160333270000000141e+02
2.116379860000000122e+02 2.113831500000000005e+02 2.115843959999999981e+02
2.124609930000000020e+02 2.124056219999999939e+02 2.126633050000000082e+02
2.121849599999999896e+02 2.119324929999999938e+02 2.121327029999999922e+02
2.053401409999999885e+02 2.050913600000000088e+02 2.053142530000000079e+02
2.054033230000000003e+02 2.053692979999999864e+02 2.056221449999999891e+02
2.135847719999999867e+02 2.138321060000000102e+02 2.136345460000000003e+02
2.026015060000000005e+02 2.023943209999999908e+02 2.023487210000000118e+02
2.196675470000000132e+02 2.196786050000000046e+02 2.194424659999999960e+02
2.088944329999999923e+02 2.090997230000000116e+02 2.091483580000000018e+02
2.111891919999999914e+02 2.109374459999999942e+02 2.111298969999999997e+02
2.066296389999999974e+02 2.068462089999999876e+02 2.068803959999999904e+02
2.119475979999999993e+02 2.118932159999999953e+02 2.121490809999999954e+02
2.083870619999999860e+02 2.084344810000000052e+02 2.081806589999999915e+02
2.134000000000000057e+02 2.131435989999999947e+02 2.132474960000000124e+02
2.126226859999999874e+02 2.128716090000000065e+02 2.126618650000000059e+02
2.146983250000000112e+02 2.144496660000000077e+02 2.146547040000000095e+02
2.113252239999999915e+02 2.115267139999999984e+02 2.115773299999999892e+02
2.112872549999999876e+02 2.115430110000000070e+02 2.113403979999999933e+02
2.143593610000000069e+02 2.145658139999999889e+02 2.146105000000000018e+02
2.151559210000000064e+02 2.152000099999999918e+02 2.149485290000000077e+02
2.114099720000000104e+02 2.116492480000000000e+02 2.114283920000000023e+02
2.121328230000000019e+02 2.124495139999999935e+02 2.123587760000000060e+02
2.059625580000000014e+02 2.062150689999999997e+02 2.059971610000000055e+02
2.174714769999999930e+02 2.176784350000000074e+02 2.177466169999999863e+02
2.130860629999999958e+02 2.132870819999999981e+02 2.133359780000000114e+02
2.069182900000000132e+02 2.071709620000000029e+02 2.069645280000000014e+02
2.080836850000000027e+02 2.078906670000000076e+02 2.078547480000000007e+02
2.098598529999999869e+02 2.098101599999999962e+02 2.100631040000000098e+02
2.111238590000000102e+02 2.113763700000000085e+02 2.111739399999999875e+02
2.121060040000000129e+02 2.118520059999999887e+02 2.120485720000000072e+02
2.050913600000000088e+02 2.048599659999999858e+02 2.048465260000000114e+02
2.099639540000000011e+02 2.101412919999999929e+02 2.102219179999999881e+02
2.171188219999999944e+02 2.168683870000000127e+02 2.170746900000000039e+02
2.090309570000000008e+02 2.089890530000000126e+02 2.092428519999999992e+02
2.066472500000000139e+02 2.068920500000000118e+02 2.066753459999999905e+02
2.102171710000000076e+02 2.101637729999999920e+02 2.104211709999999869e+02
2.167524929999999870e+02 2.170161479999999870e+02 2.167870049999999935e+02
2.132063290000000109e+02 2.130462369999999908e+02 2.133107420000000047e+02
2.076565830000000119e+02 2.079096720000000005e+02 2.077008769999999913e+02
2.107902789999999982e+02 2.107334669999999903e+02 2.109897890000000018e+02
2.000999999999999943e+02 2.003188940000000002e+02 2.003414310000000000e+02
2.066653410000000122e+02 2.067108420000000137e+02 2.064563379999999881e+02
2.101665570000000116e+02 2.104179320000000075e+02 2.102178670000000125e+02
2.034496049999999912e+02 2.032566199999999981e+02 2.031952960000000132e+02
2.102829160000000002e+02 2.102359510000000000e+02 2.104872389999999882e+02
2.035420359999999960e+02 2.033506639999999948e+02 2.032822930000000099e+02
2.077564700000000073e+02 2.080059180000000083e+02 2.077823579999999879e+02
2.118805900000000122e+02 2.116283329999999978e+02 2.118294309999999996e+02
2.139939660000000003e+02 2.137874909999999886e+02 2.137410730000000001e+02
2.068137499999999989e+02 2.070333750000000066e+02 2.070643070000000137e+02
2.075626560000000040e+02 2.078097630000000038e+02 2.075935420000000136e+02
2.107234050000000138e+02 2.106716010000000097e+02 2.109262349999999913e+02
2.104359269999999924e+02 2.103789769999999919e+02 2.106376329999999939e+02
2.007598409999999944e+02 2.005467109999999877e+02 2.007825670000000002e+02
2.007442100000000096e+02 2.008566979999999944e+02 2.005786219999999958e+02
2.051868939999999952e+02 2.049324819999999931e+02 2.051489630000000091e+02
2.037019310000000019e+02 2.038829130000000021e+02 2.039515279999999962e+02
2.123114380000000097e+02 2.125152649999999994e+02 2.125687120000000050e+02
2.112746449999999925e+02 2.113252239999999915e+02 2.110731930000000034e+02
2.033179000000000087e+02 2.031160979999999938e+02 2.030587950000000035e+02
2.063345799999999883e+02 2.063914499999999919e+02 2.060998910000000137e+02
2.016031879999999887e+02 2.016708319999999901e+02 2.018222169999999949e+02
2.074546269999999879e+02 2.077040590000000009e+02 2.074956770000000006e+02
2.130921659999999918e+02 2.132472290000000044e+02 2.133647339999999986e+02
2.046355409999999893e+02 2.044213340000000017e+02 2.043782030000000134e+02
2.126591760000000022e+02 2.126313389999999970e+02 2.128469819999999970e+02
2.140786569999999926e+02 2.143151850000000138e+02 2.141022460000000081e+02
2.103682269999999903e+02 2.103183500000000095e+02 2.105695969999999875e+02
2.106376329999999939e+02 2.103789769999999919e+02 2.105711200000000076e+02
2.145997600000000034e+02 2.147890409999999974e+02 2.148554019999999980e+02
2.082725810000000024e+02 2.084960710000000006e+02 2.085122140000000002e+02
2.129876280000000008e+02 2.130362379999999973e+02 2.127853609999999946e+02
2.122937379999999905e+02 2.124924739999999872e+02 2.125488170000000139e+02
2.139473580000000084e+02 2.141993429999999989e+02 2.139939660000000003e+02
2.014976829999999950e+02 2.017404160000000104e+02 2.016242100000000050e+02
2.106701879999999960e+02 2.104182130000000086e+02 2.106198909999999955e+02
2.134853929999999878e+02 2.132063290000000109e+02 2.133107420000000047e+02
2.160333270000000141e+02 2.162873419999999953e+02 2.160723040000000026e+02
2.114261989999999969e+02 2.114763480000000015e+02 2.112242640000000051e+02
2.005245170000000030e+02 2.003122580000000141e+02 2.005467109999999877e+02
2.052572059999999965e+02 2.050437589999999943e+02 2.052829289999999958e+02
2.093187110000000075e+02 2.095195070000000044e+02 2.095675610000000120e+02
2.182379410000000064e+02 2.184877309999999966e+02 2.182759310000000141e+02
2.013772079999999960e+02 2.016242100000000050e+02 2.014874269999999967e+02
2.065629380000000026e+02 2.068137499999999989e+02 2.065954659999999876e+02
2.044130580000000066e+02 2.044236950000000093e+02 2.042135269999999991e+02
2.083308370000000025e+02 2.080857479999999953e+02 2.082981709999999964e+02
2.102178670000000125e+02 2.104689429999999959e+02 2.102683570000000088e+02
2.109897890000000018e+02 2.109351849999999899e+02 2.111912839999999960e+02
2.033506639999999948e+02 2.035884350000000040e+02 2.033595799999999940e+02
2.000999999999999943e+02 2.000999999999999943e+02 2.003546939999999950e+02
2.032658299999999940e+02 2.033323839999999905e+02 2.030940119999999922e+02
2.076754290000000083e+02 2.077210750000000132e+02 2.074693399999999883e+02
2.129102469999999983e+02 2.126591760000000022e+02 2.128469819999999970e+02
2.048480669999999861e+02 2.045963840000000005e+02 2.046445850000000064e+02
2.119125730000000090e+02 2.117063689999999951e+02 2.116487899999999911e+02
2.128266340000000127e+02 2.127735470000000078e+02 2.130326619999999878e+02
2.124376080000000115e+02 2.123845180000000141e+02 2.126362839999999892e+02
2.011825269999999932e+02 2.009744340000000022e+02 2.012196570000000122e+02
2.145658139999999889e+02 2.148173620000000028e+02 2.146105000000000018e+02
2.091978619999999864e+02 2.094022339999999929e+02 2.094521129999999971e+02
2.074054179999999974e+02 2.072082069999999874e+02 2.071386310000000037e+02
2.133424219999999991e+02 2.135498179999999877e+02 2.135988979999999913e+02
2.158619989999999973e+02 2.160730700000000013e+02 2.161143570000000125e+02
2.062481319999999982e+02 2.064996099999999899e+02 2.062801259999999957e+02
2.116798479999999927e+02 2.114273289999999861e+02 2.116283329999999978e+02
2.068189619999999991e+02 2.069171739999999886e+02 2.070431159999999977e+02
2.049525120000000129e+02 2.052050230000000113e+02 2.050048920000000123e+02
2.124056219999999939e+02 2.126061329999999998e+02 2.126633050000000082e+02
2.098070030000000088e+02 2.098572389999999928e+02 2.096032360000000097e+02
2.159478279999999870e+02 2.156948940000000050e+02 2.159044849999999940e+02
2.066472500000000139e+02 2.066753459999999905e+02 2.064427829999999915e+02
2.070643070000000137e+02 2.073140830000000108e+02 2.070963849999999979e+02
2.116486969999999985e+02 2.119039669999999944e+02 2.117011909999999943e+02
2.127842070000000092e+02 2.125299799999999948e+02 2.126933349999999905e+02
2.140845070000000021e+02 2.140405169999999941e+02 2.142930210000000102e+02
2.072878190000000131e+02 2.075389350000000093e+02 2.073318769999999915e+02
2.077823579999999879e+02 2.080059180000000083e+02 2.080289390000000083e+02
2.055061430000000087e+02 2.053818039999999883e+02 2.056695210000000031e+02
2.125190389999999923e+02 2.122627270000000124e+02 2.124674520000000086e+02
2.029583900000000085e+02 2.032084830000000011e+02 2.029817859999999996e+02
2.073140830000000108e+02 2.073455399999999997e+02 2.070963849999999979e+02
2.123149809999999889e+02 2.120579549999999927e+02 2.122627270000000124e+02
2.194266560000000084e+02 2.191732509999999934e+02 2.192126729999999952e+02
2.006405410000000131e+02 2.007442100000000096e+02 2.005011839999999950e+02
2.113763700000000085e+02 2.116288820000000044e+02 2.114261989999999969e+02
2.088981799999999964e+02 2.089577429999999936e+02 2.091546250000000100e+02
2.065629380000000026e+02 2.065954659999999876e+02 2.063443859999999859e+02
2.148454869999999914e+02 2.145875829999999951e+02 2.148036580000000129e+02
2.196777789999999868e+02 2.194266560000000084e+02 2.194716280000000097e+02
2.143138509999999997e+02 2.140608190000000093e+02 2.142678260000000137e+02
2.025498719999999935e+02 2.022998100000000079e+02 2.024997079999999983e+02
2.064563379999999881e+02 2.065020609999999976e+02 2.062446899999999914e+02
2.014874269999999967e+02 2.017462229999999863e+02 2.015512300000000039e+02
2.107902789999999982e+02 2.105330979999999954e+02 2.107334669999999903e+02
2.183665200000000084e+02 2.183175050000000113e+02 2.185630840000000035e+02
2.052829289999999958e+02 2.050959469999999953e+02 2.053818039999999883e+02
2.149351489999999956e+02 2.148900270000000035e+02 2.151444410000000005e+02
2.126313389999999970e+02 2.129445849999999893e+02 2.128469819999999970e+02
2.113403979999999933e+02 2.113933930000000032e+02 2.111376840000000072e+02
2.044130580000000066e+02 2.042135269999999991e+02 2.041478459999999870e+02
2.072840759999999989e+02 2.073140830000000108e+02 2.070643070000000137e+02
2.080820099999999968e+02 2.078906670000000076e+02 2.081419549999999958e+02
2.121108849999999961e+02 2.120579549999999927e+02 2.123149809999999889e+02
2.097062029999999879e+02 2.099601609999999994e+02 2.097565960000000018e+02
2.102141459999999995e+02 2.101634280000000103e+02 2.104174250000000086e+02
2.050170809999999904e+02 2.048130649999999946e+02 2.047666580000000067e+02
2.120391730000000052e+02 2.122937379999999905e+02 2.120939989999999966e+02
2.122387180000000058e+02 2.122937379999999905e+02 2.120391730000000052e+02
2.074155979999999886e+02 2.072051280000000020e+02 2.071665490000000034e+02
2.109224210000000141e+02 2.106701879999999960e+02 2.108717670000000055e+02
2.180009959999999865e+02 2.179634360000000015e+02 2.177607910000000118e+02
2.114489179999999919e+02 2.111891919999999914e+02 2.113895950000000141e+02
2.000999999999999943e+02 2.000999999999999943e+02 2.003188940000000002e+02
2.129784359999999879e+02 2.127735470000000078e+02 2.127190129999999897e+02
2.149485290000000077e+02 2.152000099999999918e+02 2.149928749999999980e+02
2.054965349999999944e+02 2.057318999999999960e+02 2.054901619999999980e+02
2.091546250000000100e+02 2.092289169999999956e+02 2.094075939999999889e+02
2.150143600000000106e+02 2.147585039999999879e+02 2.147998919999999998e+02
2.026659109999999941e+02 2.027560139999999933e+02 2.025161369999999863e+02
2.074546269999999879e+02 2.072455769999999973e+02 2.072051280000000020e+02
2.075389350000000093e+02 2.077461419999999919e+02 2.077904149999999959e+02
2.018200980000000015e+02 2.015876590000000022e+02 2.016031879999999887e+02
2.140138179999999863e+02 2.142210340000000031e+02 2.142678260000000137e+02
2.135988979999999913e+02 2.138062970000000007e+02 2.138537760000000105e+02
2.126061329999999998e+02 2.128641159999999957e+02 2.126633050000000082e+02
2.141533479999999940e+02 2.144045669999999859e+02 2.141993429999999989e+02
2.128354180000000042e+02 2.126362839999999892e+02 2.125844519999999989e+02
2.094484280000000069e+02 2.092428519999999992e+02 2.091952589999999930e+02
2.148614139999999963e+02 2.149050039999999910e+02 2.146547040000000095e+02
2.128469819999999970e+02 2.129445849999999893e+02 2.130921659999999918e+02
2.131853000000000122e+02 2.131355660000000114e+02 2.133917950000000019e+02
2.090997230000000116e+02 2.093045140000000117e+02 2.093531130000000076e+02
2.093136649999999861e+02 2.090613999999999919e+02 2.092857869999999991e+02
2.105938779999999895e+02 2.105330979999999954e+02 2.107902789999999982e+02
2.112341240000000084e+02 2.111811800000000119e+02 2.114363580000000127e+02
2.144496660000000077e+02 2.144045669999999859e+02 2.146547040000000095e+02
2.039996610000000032e+02 2.041822760000000017e+02 2.042511959999999931e+02
2.130362379999999973e+02 2.132870819999999981e+02 2.130860629999999958e+02
2.116486969999999985e+02 2.115960120000000018e+02 2.118515700000000095e+02
2.070371210000000133e+02 2.067865089999999952e+02 2.069953270000000032e+02
2.037957859999999926e+02 2.040031859999999995e+02 2.040532430000000090e+02
2.083870619999999860e+02 2.081806589999999915e+02 2.081339570000000094e+02
2.117285449999999969e+02 2.119807020000000080e+02 2.117787940000000049e+02
2.024413250000000062e+02 2.027070899999999938e+02 2.024965139999999906e+02
2.065356390000000033e+02 2.065784280000000024e+02 2.063278430000000014e+02
2.121074629999999956e+02 2.121596889999999860e+02 2.119039669999999944e+02
2.130462369999999908e+02 2.131450790000000097e+02 2.133107420000000047e+02
2.019911960000000022e+02 2.021298260000000084e+02 2.022172459999999887e+02
2.173689709999999877e+02 2.171668540000000007e+02 2.171188219999999944e+02
2.117011909999999943e+02 2.114993760000000123e+02 2.114464279999999974e+02
2.131228279999999984e+02 2.133273450000000082e+02 2.133700750000000141e+02
2.071303639999999859e+02 2.071665490000000034e+02 2.069167290000000037e+02
2.154520630000000097e+02 2.156550689999999975e+02 2.157028090000000020e+02
2.060752620000000093e+02 2.063278430000000014e+02 2.061217460000000017e+02
2.043657129999999995e+02 2.046124130000000036e+02 2.044227950000000078e+02
2.099076530000000105e+02 2.097027290000000050e+02 2.096529869999999960e+02
2.086350459999999885e+02 2.083771509999999978e+02 2.085825739999999939e+02
2.049743750000000091e+02 2.047666580000000067e+02 2.047210479999999961e+02
2.081615400000000022e+02 2.084111169999999902e+02 2.082042270000000030e+02
2.054965349999999944e+02 2.052829289999999958e+02 2.055061430000000087e+02
2.199000000000000057e+02 2.199000000000000057e+02 2.196786050000000046e+02
2.171188219999999944e+02 2.170746900000000039e+02 2.173237000000000023e+02
2.078816160000000082e+02 2.080878879999999924e+02 2.081339570000000094e+02
2.114261989999999969e+02 2.116785419999999931e+02 2.114763480000000015e+02
2.104182130000000086e+02 2.101663079999999866e+02 2.103682269999999903e+02
2.103976839999999982e+02 2.105938779999999895e+02 2.106537490000000048e+02
2.095676630000000102e+02 2.093136649999999861e+02 2.095336220000000083e+02
2.119308570000000032e+02 2.121832359999999937e+02 2.119807020000000080e+02
2.089577429999999936e+02 2.088608769999999879e+02 2.090909489999999948e+02
2.033179000000000087e+02 2.030587950000000035e+02 2.032566199999999981e+02
2.128716090000000065e+02 2.130759270000000072e+02 2.131228279999999984e+02
2.038520320000000083e+02 2.037957859999999926e+02 2.040532430000000090e+02
2.117850589999999897e+02 2.119852469999999869e+02 2.120391730000000052e+02
2.073772289999999998e+02 2.071251619999999889e+02 2.073318769999999915e+02
2.013772079999999960e+02 2.014874269999999967e+02 2.012406560000000013e+02
2.199000000000000057e+02 2.199000000000000057e+02 2.196932759999999973e+02
2.104359269999999924e+02 2.102359510000000000e+02 2.101873679999999922e+02
2.060929629999999975e+02 2.058744399999999928e+02 2.058417469999999980e+02
2.151124560000000088e+02 2.153205780000000118e+02 2.153634470000000078e+02
2.132472290000000044e+02 2.131621330000000114e+02 2.134236539999999991e+02
2.125713800000000049e+02 2.123149809999999889e+02 2.125190389999999923e+02
2.070029830000000004e+02 2.072545969999999897e+02 2.070333750000000066e+02
2.124215800000000058e+02 2.121557679999999948e+02 2.123587760000000060e+02
2.104682359999999903e+02 2.107206989999999962e+02 2.105186099999999954e+02
2.019502500000000111e+02 2.016708319999999901e+02 2.017454260000000090e+02
2.149050039999999910e+02 2.146983250000000112e+02 2.146547040000000095e+02
2.110731930000000034e+02 2.108717670000000055e+02 2.108212980000000130e+02
2.124376080000000115e+02 2.124924739999999872e+02 2.122387180000000058e+02
2.103335800000000120e+02 2.102730479999999886e+02 2.105330979999999954e+02
2.090948909999999898e+02 2.088392780000000073e+02 2.090436009999999953e+02
2.122942720000000065e+02 2.120485720000000072e+02 2.122501619999999889e+02
2.061265610000000095e+02 2.063783420000000035e+02 2.061621930000000020e+02
2.152771070000000009e+02 2.150249090000000081e+02 2.152329589999999939e+02
2.085766519999999957e+02 2.088233370000000093e+02 2.086177120000000116e+02
2.063783420000000035e+02 2.065954659999999876e+02 2.066296389999999974e+02
2.069171739999999886e+02 2.068920500000000118e+02 2.071386310000000037e+02
2.080389659999999878e+02 2.077884280000000103e+02 2.078327590000000100e+02
2.092986520000000041e+02 2.090948909999999898e+02 2.090436009999999953e+02
2.108883960000000002e+02 2.111484089999999867e+02 2.109574100000000101e+02
2.082351620000000025e+02 2.082531390000000044e+02 2.080059180000000083e+02
2.105200900000000104e+02 2.107755500000000097e+02 2.105721690000000024e+02
2.145410410000000070e+02 2.143280870000000107e+02 2.142693109999999876e+02
2.051489630000000091e+02 2.049324819999999931e+02 2.048930799999999977e+02
2.120307779999999980e+02 2.122826059999999870e+02 2.120813349999999957e+02
2.137424420000000111e+02 2.134853929999999878e+02 2.135521980000000042e+02
2.048352020000000095e+02 2.050709709999999859e+02 2.048465260000000114e+02
2.060358819999999866e+02 2.062932370000000049e+02 2.060921480000000088e+02
2.101460669999999880e+02 2.101873679999999922e+02 2.099477750000000071e+02
2.041957869999999957e+02 2.043657129999999995e+02 2.044227950000000078e+02
2.132472290000000044e+02 2.134236539999999991e+02 2.134809009999999887e+02
2.076080110000000047e+02 2.074054179999999974e+02 2.073513069999999914e+02
2.126160380000000032e+02 2.123600030000000061e+02 2.125299799999999948e+02
2.062835770000000082e+02 2.060292680000000018e+02 2.062405149999999878e+02
2.108459009999999978e+02 2.107902789999999982e+02 2.110440529999999910e+02
2.039560020000000122e+02 2.037467190000000130e+02 2.036949569999999881e+02
2.090462550000000022e+02 2.088248780000000124e+02 2.088231230000000096e+02
2.122337730000000136e+02 2.121328230000000019e+02 2.119886899999999912e+02
2.042120459999999866e+02 2.042593599999999867e+02 2.040031859999999995e+02
2.092564040000000034e+02 2.094604769999999974e+02 2.095086059999999861e+02
2.033323839999999905e+02 2.035052459999999996e+02 2.035763310000000104e+02
2.094484280000000069e+02 2.091952589999999930e+02 2.093994549999999890e+02
2.012602970000000084e+02 2.013772079999999960e+02 2.011191359999999975e+02
2.152399130000000014e+02 2.153160059999999874e+02 2.150596329999999909e+02
2.078097630000000038e+02 2.077823579999999879e+02 2.080289390000000083e+02
2.085002680000000055e+02 2.084550340000000119e+02 2.087061699999999860e+02
2.031160979999999938e+02 2.029130810000000054e+02 2.028583460000000116e+02
2.150689700000000073e+02 2.150249090000000081e+02 2.152771070000000009e+02
2.095336220000000083e+02 2.095021169999999984e+02 2.097454559999999901e+02
2.166174609999999916e+02 2.163661789999999883e+02 2.165750679999999875e+02
2.088096319999999935e+02 2.090309570000000008e+02 2.090761430000000018e+02
2.129317369999999983e+02 2.127842070000000092e+02 2.126933349999999905e+02
2.101138119999999958e+02 2.103663239999999917e+02 2.101665570000000116e+02
2.068462089999999876e+02 2.068137499999999989e+02 2.070643070000000137e+02
2.010740399999999966e+02 2.008437089999999898e+02 2.010872300000000052e+02
2.118540370000000053e+02 2.121108849999999961e+02 2.119116150000000118e+02
2.163450909999999965e+02 2.163287090000000035e+02 2.165829549999999983e+02
2.108212980000000130e+02 2.106198909999999955e+02 2.105695969999999875e+02
2.010909900000000050e+02 2.008226260000000138e+02 2.008412899999999865e+02
2.103595139999999901e+02 2.100787650000000042e+02 2.102219179999999881e+02
2.059771529999999871e+02 2.057393549999999891e+02 2.057318999999999960e+02
2.029993599999999958e+02 2.028020290000000045e+02 2.027454610000000059e+02
2.164095959999999934e+02 2.162010310000000004e+02 2.161571570000000122e+02
2.021298260000000084e+02 2.023835359999999923e+02 2.022172459999999887e+02
2.023596890000000030e+02 2.021553560000000118e+02 2.024133610000000090e+02
2.175305840000000046e+02 2.175732059999999990e+02 2.173237000000000023e+02
2.103335800000000120e+02 2.105330979999999954e+02 2.105938779999999895e+02
2.072051280000000020e+02 2.072455769999999973e+02 2.069953270000000032e+02
2.153160059999999874e+02 2.152399130000000014e+02 2.154618989999999883e+02
2.055209600000000023e+02 2.054799480000000074e+02 2.057334030000000098e+02
2.176784350000000074e+02 2.176212260000000072e+02 2.178737050000000011e+02
2.136941520000000025e+02 2.139473580000000084e+02 2.137410730000000001e+02
2.091158729999999935e+02 2.090706549999999879e+02 2.093187110000000075e+02
2.074155979999999886e+02 2.073793579999999963e+02 2.076272189999999966e+02
2.026903629999999907e+02 2.024578429999999969e+02 2.026426620000000014e+02
2.123845180000000141e+02 2.123331139999999948e+02 2.125844519999999989e+02
2.114283920000000023e+02 2.111084899999999891e+02 2.112084570000000099e+02
2.102659510000000012e+02 2.105186099999999954e+02 2.103161049999999932e+02
2.036949569999999881e+02 2.037467190000000130e+02 2.034848599999999976e+02
2.112448259999999891e+02 2.111891919999999914e+02 2.114489179999999919e+02
2.067043830000000071e+02 2.064933210000000088e+02 2.064526859999999999e+02
2.029061989999999867e+02 2.026650490000000104e+02 2.027226799999999969e+02
2.100732519999999965e+02 2.101412919999999929e+02 2.098784300000000087e+02
2.172614389999999958e+02 2.170512290000000064e+02 2.172842510000000118e+02
2.032658299999999940e+02 2.035052459999999996e+02 2.033323839999999905e+02
2.049743750000000091e+02 2.051868939999999952e+02 2.052270870000000116e+02
2.052678520000000049e+02 2.050577299999999923e+02 2.050170809999999904e+02
2.097027290000000050e+02 2.094484280000000069e+02 2.096529869999999960e+02
2.149485290000000077e+02 2.146983250000000112e+02 2.149050039999999910e+02
2.085766519999999957e+02 2.083693230000000085e+02 2.083308370000000025e+02
2.050959469999999953e+02 2.050437589999999943e+02 2.048480669999999861e+02
2.104872389999999882e+02 2.102359510000000000e+02 2.104359269999999924e+02
2.137575070000000039e+02 2.135498179999999877e+02 2.134990449999999953e+02
2.142693109999999876e+02 2.143151850000000138e+02 2.145268770000000131e+02
2.192126729999999952e+02 2.190364380000000040e+02 2.192864790000000141e+02
2.088096319999999935e+02 2.090761430000000018e+02 2.088608769999999879e+02
2.129293000000000120e+02 2.131355660000000114e+02 2.131853000000000122e+02
2.106736840000000086e+02 2.109574100000000101e+02 2.108244960000000106e+02
2.026539040000000114e+02 2.027070899999999938e+02 2.024413250000000062e+02
2.101663079999999866e+02 2.099639249999999890e+02 2.099148529999999937e+02
2.104182130000000086e+02 2.103682269999999903e+02 2.106198909999999955e+02
2.112242640000000051e+02 2.114763480000000015e+02 2.112746449999999925e+02
2.059471829999999954e+02 2.056939759999999922e+02 2.059096649999999897e+02
2.028259319999999946e+02 2.026180109999999956e+02 2.028714819999999861e+02
2.087401849999999968e+02 2.089219760000000008e+02 2.087303540000000055e+02
2.062481319999999982e+02 2.062801259999999957e+02 2.060294729999999959e+02
2.038203259999999943e+02 2.036375519999999995e+02 2.035763310000000104e+02
2.106917259999999885e+02 2.106376329999999939e+02 2.108956029999999942e+02
2.141094490000000121e+02 2.140845070000000021e+02 2.143397139999999865e+02
2.082351620000000025e+02 2.084876739999999984e+02 2.082531390000000044e+02
2.089420489999999972e+02 2.091458330000000103e+02 2.091952589999999930e+02
2.128050000000000068e+02 2.130628409999999917e+02 2.128641159999999957e+02
2.136270939999999996e+02 2.136742140000000063e+02 2.134236539999999991e+02
2.072082069999999874e+02 2.072613550000000089e+02 2.070431159999999977e+02
2.056566990000000033e+02 2.056939759999999922e+02 2.054406270000000063e+02
2.097032949999999971e+02 2.096362770000000069e+02 2.098914839999999913e+02
2.097120229999999879e+02 2.099639249999999890e+02 2.097609380000000101e+02
2.103335800000000120e+02 2.105938779999999895e+02 2.103976839999999982e+02
2.068291099999999858e+02 2.070803099999999972e+02 2.068729979999999955e+02
2.139070790000000102e+02 2.136535399999999925e+02 2.137014599999999973e+02
2.121596889999999860e+02 2.123639569999999992e+02 2.124160740000000089e+02
2.057756829999999866e+02 2.055659239999999954e+02 2.055209600000000023e+02
2.029061989999999867e+02 2.029817859999999996e+02 2.031248630000000048e+02
2.137862100000000112e+02 2.135185979999999972e+02 2.137056499999999915e+02
2.006038639999999873e+02 2.005711459999999988e+02 2.008437089999999898e+02
2.117987510000000100e+02 2.120014510000000030e+02 2.120548510000000135e+02
2.095023679999999899e+02 2.097062029999999879e+02 2.097565960000000018e+02
2.105349659999999972e+02 2.104872389999999882e+02 2.107382220000000075e+02
2.033750860000000102e+02 2.031669620000000123e+02 2.031160979999999938e+02
2.099158309999999972e+02 2.101665570000000116e+02 2.099675509999999861e+02
2.132474960000000124e+02 2.130216320000000110e+02 2.132063290000000109e+02
2.048352020000000095e+02 2.050445019999999943e+02 2.050709709999999859e+02
2.110904219999999896e+02 2.110415849999999978e+02 2.112955479999999966e+02
2.094022339999999929e+02 2.091483580000000018e+02 2.093531130000000076e+02
2.101663079999999866e+02 2.102160320000000127e+02 2.099639249999999890e+02
2.082292490000000100e+02 2.084314300000000060e+02 2.084855849999999862e+02
2.078616629999999930e+02 2.080686179999999865e+02 2.081177350000000104e+02
2.013851349999999911e+02 2.014976829999999950e+02 2.012602970000000084e+02
2.090265559999999994e+02 2.089838469999999973e+02 2.092254819999999995e+02
2.124674520000000086e+02 2.126726869999999963e+02 2.127238250000000050e+02
2.040532430000000090e+02 2.043081270000000131e+02 2.041028890000000047e+02
2.066001730000000123e+02 2.066472500000000139e+02 2.063914499999999919e+02
2.014976829999999950e+02 2.015891890000000046e+02 2.017404160000000104e+02
2.160333270000000141e+02 2.162448349999999948e+02 2.162873419999999953e+02
2.076565830000000119e+02 2.074054179999999974e+02 2.076080110000000047e+02
2.080686179999999865e+02 2.080208590000000015e+02 2.082757070000000112e+02
2.102178670000000125e+02 2.104179320000000075e+02 2.104689429999999959e+02
2.056939759999999922e+02 2.056566990000000033e+02 2.059096649999999897e+02
2.034496049999999912e+02 2.035151920000000132e+02 2.032566199999999981e+02
2.147585039999999879e+02 2.145549149999999941e+02 2.147998919999999998e+02
2.037504619999999989e+02 2.038203259999999943e+02 2.035763310000000104e+02
2.019994499999999960e+02 2.019911960000000022e+02 2.022172459999999887e+02
2.078357259999999940e+02 2.078816160000000082e+02 2.076294200000000103e+02
2.133233669999999904e+02 2.135885849999999948e+02 2.133867089999999962e+02
2.121490809999999954e+02 2.118932159999999953e+02 2.120939989999999966e+02
2.072878190000000131e+02 2.074956770000000006e+02 2.075389350000000093e+02
2.142693109999999876e+02 2.139721130000000073e+02 2.141022460000000081e+02
2.107714919999999950e+02 2.109733530000000030e+02 2.110245879999999943e+02
2.162448349999999948e+02 2.164540839999999946e+02 2.164983450000000005e+02
2.083693230000000085e+02 2.086177120000000116e+02 2.084111169999999902e+02
2.080317100000000039e+02 2.080836850000000027e+02 2.078547480000000007e+02
2.116062279999999873e+02 2.118540370000000053e+02 2.116492480000000000e+02
2.060358819999999866e+02 2.062446899999999914e+02 2.062932370000000049e+02
2.003489930000000072e+02 2.003414310000000000e+02 2.005711459999999988e+02
2.026015060000000005e+02 2.026539040000000114e+02 2.023943209999999908e+02
2.131228279999999984e+02 2.133700750000000141e+02 2.131621330000000114e+02
2.124160740000000089e+02 2.126210399999999936e+02 2.126726869999999963e+02
2.094127369999999928e+02 2.094604769999999974e+02 2.092089379999999892e+02
2.033750860000000102e+02 2.033179000000000087e+02 2.035801260000000070e+02
2.129428959999999904e+02 2.127465359999999919e+02 2.126902499999999918e+02
2.145067200000000014e+02 2.145549149999999941e+02 2.147585039999999879e+02
2.039623589999999922e+02 2.037208170000000109e+02 2.039069910000000050e+02
2.044236950000000093e+02 2.046525410000000136e+02 2.046445850000000064e+02
2.092919970000000092e+02 2.094975239999999985e+02 2.095456210000000112e+02
2.103595139999999901e+02 2.102219179999999881e+02 2.104592389999999966e+02
2.064143290000000093e+02 2.066296389999999974e+02 2.066658810000000130e+02
2.095456210000000112e+02 2.096229360000000099e+02 2.093316140000000019e+02
2.130326619999999878e+02 2.129784359999999879e+02 2.132388640000000066e+02
2.172194949999999949e+02 2.174187149999999917e+02 2.174714769999999930e+02
2.085795589999999891e+02 2.088608769999999879e+02 2.087172840000000065e+02
2.163450909999999965e+02 2.161253039999999999e+02 2.160994010000000003e+02
2.145410410000000070e+02 2.142693109999999876e+02 2.145268770000000131e+02
2.112779020000000116e+02 2.114790509999999983e+02 2.115314569999999890e+02
2.016708319999999901e+02 2.019502500000000111e+02 2.018222169999999949e+02
2.056221449999999891e+02 2.053692979999999864e+02 2.055906380000000127e+02
2.084476530000000025e+02 2.082421359999999879e+02 2.084870300000000043e+02
2.115314569999999890e+02 2.117850589999999897e+02 2.115843959999999981e+02
2.107204110000000128e+02 2.109721910000000094e+02 2.107709179999999947e+02
2.059189169999999933e+02 2.059555949999999882e+02 2.057243190000000084e+02
2.109785880000000020e+02 2.107234050000000138e+02 2.109262349999999913e+02
2.127362479999999891e+02 2.129876280000000008e+02 2.127853609999999946e+02
2.026015060000000005e+02 2.023487210000000118e+02 2.025498719999999935e+02
2.087521729999999991e+02 2.087061699999999860e+02 2.089574719999999957e+02
2.143028830000000085e+02 2.140103169999999864e+02 2.141317600000000141e+02
2.149928749999999980e+02 2.152000099999999918e+02 2.152399130000000014e+02
2.082042270000000030e+02 2.082486399999999946e+02 2.079971720000000062e+02
2.180276130000000023e+02 2.182379410000000064e+02 2.182759310000000141e+02
2.143280870000000107e+02 2.143793330000000026e+02 2.141228570000000104e+02
2.158214859999999931e+02 2.160723040000000026e+02 2.158566779999999881e+02
2.151559210000000064e+02 2.153634470000000078e+02 2.154069540000000131e+02
2.054033230000000003e+02 2.056221449999999891e+02 2.056566990000000033e+02
2.069726039999999898e+02 2.072251160000000141e+02 2.070029830000000004e+02
2.140103169999999864e+02 2.140056749999999965e+02 2.138020799999999895e+02
2.093316140000000019e+02 2.092289169999999956e+02 2.090909489999999948e+02
2.024413250000000062e+02 2.024965139999999906e+02 2.022187649999999906e+02
2.099889770000000055e+02 2.097454559999999901e+02 2.099477750000000071e+02
2.105330979999999954e+02 2.102730479999999886e+02 2.104755199999999888e+02
2.127476120000000037e+02 2.129317369999999983e+02 2.126933349999999905e+02
2.175732059999999990e+02 2.175305840000000046e+02 2.177792320000000075e+02
2.032084830000000011e+02 2.034848599999999976e+02 2.032822930000000099e+02
2.126313389999999970e+02 2.124215800000000058e+02 2.123587760000000060e+02
2.128641159999999957e+02 2.129223409999999888e+02 2.126633050000000082e+02
2.093643730000000005e+02 2.094075939999999889e+02 2.095842289999999934e+02
2.058695030000000088e+02 2.059189169999999933e+02 2.056695210000000031e+02
2.008566979999999944e+02 2.011191359999999975e+02 2.009849670000000117e+02
2.132583579999999870e+02 2.130628409999999917e+02 2.130016160000000127e+02
2.065954659999999876e+02 2.068462089999999876e+02 2.066296389999999974e+02
2.039164460000000076e+02 2.037094429999999932e+02 2.039623589999999922e+02
2.015909159999999929e+02 2.016416030000000035e+02 2.013881149999999991e+02
2.028583460000000116e+02 2.029130810000000054e+02 2.026539040000000114e+02
2.125152649999999994e+02 2.124609930000000020e+02 2.127190129999999897e+02
2.107714919999999950e+02 2.110245879999999943e+02 2.108226319999999987e+02
2.053608769999999879e+02 2.055659239999999954e+02 2.056044469999999933e+02
2.088665890000000047e+02 2.091158729999999935e+02 2.089114920000000097e+02
2.084824830000000020e+02 2.084344810000000052e+02 2.086887869999999907e+02
2.099148529999999937e+02 2.097120229999999879e+02 2.096637299999999868e+02
2.133107420000000047e+02 2.131450790000000097e+02 2.133647339999999986e+02
2.058417469999999980e+02 2.056221449999999891e+02 2.055906380000000127e+02
2.153982289999999864e+02 2.154417919999999924e+02 2.151886179999999911e+02
2.123600030000000061e+02 2.122942720000000065e+02 2.125299799999999948e+02
2.172194949999999949e+02 2.172842510000000118e+02 2.170161479999999870e+02
2.137014599999999973e+02 2.134545569999999941e+02 2.134853929999999878e+02
2.119116150000000118e+02 2.121693620000000067e+02 2.119886899999999912e+02
2.046445850000000064e+02 2.045963840000000005e+02 2.043842170000000067e+02
2.029061989999999867e+02 2.027226799999999969e+02 2.029817859999999996e+02
2.016873909999999910e+02 2.019450199999999995e+02 2.017454260000000090e+02
2.056044469999999933e+02 2.058180429999999888e+02 2.058695030000000088e+02
2.118520059999999887e+02 2.115980079999999930e+02 2.117995090000000005e+02
2.104755199999999888e+02 2.102171710000000076e+02 2.104211709999999869e+02
2.064933210000000088e+02 2.062405149999999878e+02 2.064526859999999999e+02
2.120548510000000135e+02 2.123114380000000097e+02 2.121074629999999956e+02
2.082042270000000030e+02 2.084111169999999902e+02 2.084550340000000119e+02
2.109374459999999942e+02 2.107382220000000075e+02 2.106917259999999885e+02
2.005711459999999988e+02 2.005786219999999958e+02 2.007607040000000040e+02
2.109217849999999999e+02 2.109721910000000094e+02 2.107204110000000128e+02
2.105200900000000104e+02 2.104685969999999884e+02 2.107234050000000138e+02
2.035052459999999996e+02 2.037504619999999989e+02 2.035763310000000104e+02
2.144276999999999873e+02 2.142210340000000031e+02 2.141731029999999976e+02
2.136535399999999925e+02 2.134000000000000057e+02 2.134545569999999941e+02
2.136535399999999925e+02 2.134545569999999941e+02 2.137014599999999973e+02
2.083021129999999914e+02 2.080820099999999968e+02 2.083508669999999938e+02
2.055317400000000134e+02 2.055612979999999936e+02 2.053142530000000079e+02
2.084855849999999862e+02 2.084314300000000060e+02 2.086877509999999916e+02
2.072174909999999954e+02 2.074693399999999883e+02 2.072634630000000016e+02
2.139473580000000084e+02 2.139939660000000003e+02 2.137410730000000001e+02
2.091978619999999864e+02 2.094521129999999971e+02 2.092479439999999897e+02
2.048955349999999953e+02 2.048480669999999861e+02 2.046445850000000064e+02
2.161143570000000125e+02 2.163243970000000047e+02 2.163661789999999883e+02
2.021297299999999950e+02 2.024000000000000057e+02 2.022662009999999952e+02
2.156948940000000050e+02 2.154857649999999865e+02 2.154417919999999924e+02
2.086177120000000116e+02 2.088665890000000047e+02 2.086611320000000092e+02
2.118055390000000102e+02 2.117537330000000111e+02 2.120077190000000087e+02
2.062801259999999957e+02 2.065312439999999867e+02 2.063118640000000141e+02
2.164540839999999946e+02 2.167072279999999864e+02 2.164983450000000005e+02
2.106249660000000006e+02 2.108283969999999954e+02 2.108815500000000043e+02
2.082940849999999955e+02 2.085002680000000055e+02 2.085463900000000024e+02
2.138960649999999930e+02 2.140103169999999864e+02 2.136866339999999980e+02
2.125713800000000049e+02 2.125190389999999923e+02 2.127749269999999910e+02
2.140405169999999941e+02 2.139939660000000003e+02 2.142457719999999881e+02
2.145549149999999941e+02 2.143581189999999879e+02 2.145997600000000034e+02
2.065356390000000033e+02 2.063278430000000014e+02 2.062835770000000082e+02
2.041478459999999870e+02 2.042135269999999991e+02 2.039623589999999922e+02
2.153982289999999864e+02 2.151886179999999911e+02 2.151444410000000005e+02
2.126726869999999963e+02 2.129293000000000120e+02 2.127238250000000050e+02
2.021782699999999977e+02 2.023943209999999908e+02 2.024413250000000062e+02
2.035420359999999960e+02 2.035884350000000040e+02 2.033506639999999948e+02
2.037208170000000109e+02 2.036534829999999943e+02 2.039069910000000050e+02
2.085712660000000085e+02 2.088096319999999935e+02 2.085795589999999891e+02
2.135798240000000021e+02 2.135344680000000039e+02 2.137874909999999886e+02
2.098216610000000060e+02 2.095676630000000102e+02 2.097821700000000078e+02
2.013815960000000018e+02 2.011612910000000056e+02 2.011825269999999932e+02
2.083402839999999969e+02 2.085463900000000024e+02 2.085931459999999902e+02
2.124924739999999872e+02 2.127465359999999919e+02 2.125488170000000139e+02
2.114464279999999974e+02 2.112449630000000127e+02 2.111912839999999960e+02
2.000999999999999943e+02 2.000999999999999943e+02 2.002821299999999951e+02
2.066001730000000123e+02 2.068060179999999946e+02 2.068533030000000110e+02
2.138333059999999932e+02 2.135798240000000021e+02 2.137874909999999886e+02
2.101138119999999958e+02 2.101665570000000116e+02 2.099158309999999972e+02
2.194216089999999895e+02 2.196474880000000098e+02 2.196675470000000132e+02
2.109899020000000007e+02 2.107879120000000057e+02 2.107382220000000075e+02
2.092564040000000034e+02 2.090516770000000122e+02 2.090042880000000025e+02
2.066653410000000122e+02 2.069182900000000132e+02 2.067108420000000137e+02
2.083250610000000052e+02 2.085316960000000108e+02 2.085825739999999939e+02
2.067824009999999930e+02 2.070029830000000004e+02 2.070333750000000066e+02
2.135798240000000021e+02 2.133273450000000082e+02 2.135344680000000039e+02
2.110415849999999978e+02 2.109899020000000007e+02 2.112448259999999891e+02
2.061217460000000017e+02 2.063278430000000014e+02 2.063709450000000061e+02
2.074581230000000005e+02 2.074906110000000012e+02 2.072613550000000089e+02
2.065784280000000024e+02 2.066212219999999888e+02 2.063709450000000061e+02
2.140608190000000093e+02 2.138062970000000007e+02 2.140138179999999863e+02
2.096561260000000004e+02 2.094022339999999929e+02 2.096064110000000085e+02
2.088231230000000096e+02 2.086179879999999969e+02 2.088490950000000055e+02
2.120021250000000066e+02 2.117519100000000094e+02 2.119559549999999888e+02
2.096362770000000069e+02 2.093643730000000005e+02 2.095842289999999934e+02
2.094075939999999889e+02 2.096878769999999861e+02 2.095842289999999934e+02
2.135344680000000039e+02 2.133273450000000082e+02 2.132813010000000133e+02
2.121693620000000067e+02 2.124269529999999975e+02 2.122337730000000136e+02
2.034848599999999976e+02 2.035420359999999960e+02 2.032822930000000099e+02
2.175305840000000046e+02 2.173237000000000023e+02 2.172818829999999934e+02
2.134990449999999953e+02 2.132388640000000066e+02 2.134453739999999868e+02
2.150596329999999909e+02 2.150689460000000111e+02 2.148554019999999980e+02
2.131957720000000052e+02 2.131383669999999881e+02 2.133877889999999979e+02
2.089433329999999955e+02 2.091758780000000115e+02 2.089838469999999973e+02
2.143280870000000107e+02 2.140667829999999867e+02 2.142693109999999876e+02
2.000999999999999943e+02 2.000999999999999943e+02 2.003489930000000072e+02
2.128876640000000009e+02 2.128354180000000042e+02 2.130860629999999958e+02
2.114273289999999861e+02 2.111748159999999928e+02 2.113760690000000011e+02
2.092857869999999991e+02 2.090462550000000022e+02 2.092651009999999872e+02
2.053692979999999864e+02 2.051154369999999858e+02 2.053401409999999885e+02
2.096662719999999922e+02 2.099158309999999972e+02 2.097182720000000131e+02
2.075595580000000098e+02 2.078139329999999916e+02 2.076080110000000047e+02
2.128266340000000127e+02 2.130846950000000106e+02 2.128783880000000011e+02
2.139939660000000003e+02 2.141993429999999989e+02 2.142457719999999881e+02
2.070116710000000069e+02 2.067571670000000097e+02 2.069645280000000014e+02
2.050709709999999859e+02 2.050913600000000088e+02 2.048465260000000114e+02
2.187734790000000089e+02 2.189830990000000099e+02 2.190117920000000140e+02
2.187035030000000120e+02 2.187376050000000021e+02 2.184877309999999966e+02
2.107204110000000128e+02 2.107709179999999947e+02 2.105193989999999928e+02
2.083870619999999860e+02 2.085931459999999902e+02 2.086406519999999887e+02
2.080389659999999878e+02 2.078327590000000100e+02 2.080820099999999968e+02
2.115430110000000070e+02 2.117987510000000100e+02 2.115960120000000018e+02
2.100675109999999961e+02 2.102683570000000088e+02 2.103183500000000095e+02
2.124928510000000017e+02 2.124716819999999871e+02 2.127476120000000037e+02
2.135185979999999972e+02 2.133233669999999904e+02 2.132583579999999870e+02
2.104689429999999959e+02 2.107204110000000128e+02 2.105193989999999928e+02
2.136468289999999968e+02 2.138537760000000105e+02 2.139007009999999980e+02
2.039996610000000032e+02 2.042511959999999931e+02 2.040647419999999954e+02
2.089574719999999957e+02 2.091620090000000118e+02 2.092089379999999892e+02
2.154520630000000097e+02 2.154069540000000131e+02 2.156550689999999975e+02
2.105721690000000024e+02 2.108283969999999954e+02 2.106249660000000006e+02
2.117987510000000100e+02 2.117454779999999914e+02 2.120014510000000030e+02
2.088981799999999964e+02 2.086964800000000082e+02 2.089577429999999936e+02
2.086964800000000082e+02 2.084476530000000025e+02 2.084870300000000043e+02
2.097062029999999879e+02 2.099097490000000050e+02 2.099601609999999994e+02
2.115267139999999984e+02 2.117787940000000049e+02 2.115773299999999892e+02
2.030587950000000035e+02 2.028020290000000045e+02 2.029993599999999958e+02
2.064563379999999881e+02 2.067108420000000137e+02 2.065020609999999976e+02
2.036392170000000021e+02 2.036949569999999881e+02 2.034263660000000016e+02
2.105186099999999954e+02 2.105691999999999950e+02 2.103161049999999932e+02
2.130846950000000106e+02 2.132916290000000004e+02 2.133424219999999991e+02
2.147413770000000000e+02 2.149928749999999980e+02 2.147890409999999974e+02
2.037094429999999932e+02 2.034810669999999959e+02 2.037208170000000109e+02
2.178737050000000011e+02 2.178227469999999926e+02 2.180706319999999891e+02
2.095675610000000120e+02 2.097681420000000116e+02 2.098172000000000139e+02
2.156550689999999975e+02 2.158566779999999881e+02 2.158900820000000067e+02
2.153557910000000106e+02 2.153982289999999864e+02 2.151444410000000005e+02
2.055209600000000023e+02 2.053093650000000139e+02 2.052678520000000049e+02
2.045623879999999986e+02 2.046134680000000117e+02 2.043575150000000065e+02
2.087385910000000138e+02 2.089890530000000126e+02 2.087804010000000119e+02
2.052050230000000113e+02 2.054575350000000071e+02 2.052510029999999972e+02
2.003122580000000141e+02 2.003308000000000106e+02 2.005467109999999877e+02
2.196464599999999905e+02 2.193929210000000012e+02 2.194266560000000084e+02
2.050170809999999904e+02 2.050577299999999923e+02 2.048130649999999946e+02
2.125687120000000050e+02 2.125152649999999994e+02 2.127735470000000078e+02
2.051154369999999858e+02 2.051489630000000091e+02 2.048930799999999977e+02
2.033750860000000102e+02 2.031160979999999938e+02 2.033179000000000087e+02
2.137068270000000041e+02 2.136520730000000015e+02 2.139150260000000117e+02
2.141731029999999976e+02 2.142210340000000031e+02 2.139654549999999915e+02
2.155292349999999999e+02 2.157383210000000133e+02 2.157809910000000002e+02
2.108283969999999954e+02 2.110314639999999997e+02 2.110845030000000122e+02
2.039515279999999962e+02 2.038829130000000021e+02 2.041251980000000117e+02
2.099148529999999937e+02 2.099639249999999890e+02 2.097120229999999879e+02
2.150143600000000106e+02 2.147998919999999998e+02 2.150689460000000111e+02
2.134545569999999941e+02 2.132474960000000124e+02 2.132063290000000109e+02
2.063914499999999919e+02 2.064427829999999915e+02 2.062190730000000087e+02
2.178737050000000011e+02 2.180706319999999891e+02 2.181214679999999930e+02
2.138592020000000105e+02 2.141228570000000104e+02 2.139150260000000117e+02
2.168683870000000127e+02 2.168252510000000086e+02 2.170746900000000039e+02
2.157383210000000133e+02 2.159912830000000099e+02 2.157809910000000002e+02
2.026180109999999956e+02 2.023596890000000030e+02 2.024133610000000090e+02
2.146349240000000123e+02 2.144276999999999873e+02 2.143793330000000026e+02
2.034810669999999959e+02 2.032698340000000030e+02 2.034943440000000123e+02
2.122826059999999870e+02 2.125341860000000054e+02 2.123331139999999948e+02
2.109374459999999942e+02 2.109899020000000007e+02 2.107382220000000075e+02
2.037019310000000019e+02 2.037768800000000056e+02 2.035151920000000132e+02
2.094521129999999971e+02 2.094022339999999929e+02 2.096561260000000004e+02
2.120014510000000030e+02 2.119475979999999993e+02 2.122038619999999867e+02
2.116288820000000044e+02 2.118813930000000028e+02 2.116785419999999931e+02
2.064124219999999923e+02 2.062003489999999886e+02 2.061636770000000070e+02
2.112872549999999876e+02 2.113403979999999933e+02 2.110845030000000122e+02
2.178737050000000011e+02 2.176212260000000072e+02 2.178227469999999926e+02
2.104179320000000075e+02 2.106697340000000054e+02 2.104689429999999959e+02
2.093994549999999890e+02 2.091458330000000103e+02 2.093493540000000053e+02
2.115709830000000125e+02 2.114283920000000023e+02 2.117206419999999980e+02
2.138321060000000102e+02 2.140786569999999926e+02 2.138751939999999934e+02
2.131240699999999890e+02 2.131830349999999896e+02 2.129223409999999888e+02
2.062481319999999982e+02 2.064675809999999956e+02 2.064996099999999899e+02
2.120813349999999957e+02 2.121327029999999922e+02 2.118805900000000122e+02
2.046134680000000117e+02 2.044130580000000066e+02 2.043575150000000065e+02
2.035884350000000040e+02 2.038520320000000083e+02 2.036534829999999943e+02
2.155148519999999905e+02 2.153160059999999874e+02 2.155989590000000078e+02
2.094521129999999971e+02 2.097062029999999879e+02 2.095023679999999899e+02
2.085712660000000085e+02 2.083508669999999938e+02 2.083394380000000012e+02
2.102683570000000088e+02 2.105193989999999928e+02 2.103183500000000095e+02
2.189707019999999886e+02 2.187777169999999956e+02 2.190364380000000040e+02
2.048000609999999995e+02 2.045503390000000081e+02 2.045963840000000005e+02
2.080421939999999950e+02 2.078357259999999940e+02 2.077904149999999959e+02
2.063118640000000141e+02 2.063443859999999859e+02 2.060929629999999975e+02
2.029817859999999996e+02 2.027226799999999969e+02 2.027413990000000013e+02
2.122501619999999889e+02 2.120021250000000066e+02 2.122122149999999863e+02
2.147890409999999974e+02 2.150596329999999909e+02 2.148554019999999980e+02
2.062003489999999886e+02 2.062446899999999914e+02 2.059771529999999871e+02
2.128050000000000068e+02 2.128641159999999957e+02 2.126061329999999998e+02
2.104179320000000075e+02 2.106188359999999875e+02 2.106697340000000054e+02
2.089930410000000052e+02 2.092479439999999897e+02 2.090436009999999953e+02
2.090761430000000018e+02 2.093316140000000019e+02 2.090909489999999948e+02
2.169142620000000079e+02 2.168683870000000127e+02 2.171188219999999944e+02
2.082531390000000044e+02 2.082725810000000024e+02 2.080289390000000083e+02
2.120077190000000087e+02 2.117537330000000111e+02 2.119561080000000004e+02
2.075389350000000093e+02 2.074956770000000006e+02 2.077461419999999919e+02
2.126591760000000022e+02 2.124215800000000058e+02 2.126313389999999970e+02
2.007442100000000096e+02 2.009108109999999954e+02 2.010084520000000055e+02
2.082757070000000112e+02 2.084824830000000020e+02 2.085316960000000108e+02
2.014560930000000099e+02 2.012372599999999920e+02 2.012356359999999995e+02
2.038829130000000021e+02 2.040647419999999954e+02 2.041251980000000117e+02
2.018427910000000054e+02 2.016416030000000035e+02 2.015909159999999929e+02
2.135885849999999948e+02 2.138592020000000105e+02 2.136520730000000015e+02
2.141533479999999940e+02 2.141993429999999989e+02 2.139473580000000084e+02
2.147758259999999950e+02 2.145410410000000070e+02 2.145268770000000131e+02
2.148036580000000129e+02 2.145410410000000070e+02 2.147758259999999950e+02
