2.007001369999999952e+03
2.007004110000000082e+03
2.007006849000000102e+03
2.007009589000000005e+03
2.007012328999999909e+03
2.007015067999999928e+03
2.007017808000000059e+03
2.007020547999999962e+03
2.007023288000000093e+03
2.007026027000000113e+03
2.007028767000000016e+03
2.007031506999999920e+03
2.007034247000000050e+03
2.007036986000000070e+03
2.007039725999999973e+03
2.007042466000000104e+03
2.007045204999999896e+03
2.007047945000000027e+03
2.007050684999999930e+03
2.007053425000000061e+03
2.007056164000000081e+03
2.007058903999999984e+03
2.007061643999999887e+03
2.007064384000000018e+03
2.007067123000000038e+03
2.007069862999999941e+03
2.007072603000000072e+03
2.007075342000000092e+03
2.007078081999999995e+03
2.007080821999999898e+03
2.007083562000000029e+03
2.007086301000000049e+03
2.007089040999999952e+03
2.007091781000000083e+03
2.007094520999999986e+03
2.007097260000000006e+03
2.007099999999999909e+03
2.007102740000000040e+03
2.007105479000000059e+03
2.007108218999999963e+03
2.007110959000000094e+03
2.007113698999999997e+03
2.007116438000000016e+03
2.007119177999999920e+03
2.007121918000000051e+03
2.007124657999999954e+03
2.007127396999999974e+03
2.007130137000000104e+03
2.007132877000000008e+03
2.007135616000000027e+03
2.007138355999999931e+03
2.007141096000000061e+03
2.007143835999999965e+03
2.007146574999999984e+03
2.007149314999999888e+03
2.007152055000000018e+03
2.007154794999999922e+03
2.007157533999999941e+03
2.007160274000000072e+03
2.007163013999999976e+03
2.007165752999999995e+03
2.007168492999999899e+03
2.007171233000000029e+03
2.007173972999999933e+03
2.007176711999999952e+03
2.007179452000000083e+03
2.007182191999999986e+03
2.007184931999999890e+03
2.007187670999999909e+03
2.007190411000000040e+03
2.007193150999999943e+03
2.007195889999999963e+03
2.007198630000000094e+03
2.007201369999999997e+03
2.007204109999999901e+03
2.007206848999999920e+03
2.007209589000000051e+03
2.007212328999999954e+03
2.007215067999999974e+03
2.007217808000000105e+03
2.007220548000000008e+03
2.007223287999999911e+03
2.007226026999999931e+03
2.007228767000000062e+03
2.007231506999999965e+03
2.007234247000000096e+03
2.007236985999999888e+03
2.007239726000000019e+03
2.007242465999999922e+03
2.007245204999999942e+03
2.007247945000000072e+03
2.007250684999999976e+03
2.007253425000000107e+03
2.007256163999999899e+03
2.007258904000000030e+03
2.007261643999999933e+03
2.007264384000000064e+03
2.007267123000000083e+03
2.007269862999999987e+03
2.007272602999999890e+03
2.007275341999999910e+03
2.007278082000000040e+03
2.007280821999999944e+03
2.007283562000000074e+03
2.007286301000000094e+03
2.007289040999999997e+03
2.007291780999999901e+03
2.007294521000000032e+03
2.007297260000000051e+03
2.007299999999999955e+03
2.007302740000000085e+03
2.007305479000000105e+03
2.007308219000000008e+03
2.007310958999999912e+03
2.007313699000000042e+03
2.007316438000000062e+03
2.007319177999999965e+03
2.007321918000000096e+03
2.007324657999999999e+03
2.007327397000000019e+03
2.007330136999999922e+03
2.007332877000000053e+03
2.007335616000000073e+03
2.007338355999999976e+03
2.007341096000000107e+03
2.007343836000000010e+03
2.007346575000000030e+03
2.007349314999999933e+03
2.007352055000000064e+03
2.007354794999999967e+03
2.007357533999999987e+03
2.007360273999999890e+03
2.007363014000000021e+03
2.007365753000000041e+03
2.007368492999999944e+03
2.007371233000000075e+03
2.007373972999999978e+03
2.007376711999999998e+03
2.007379451999999901e+03
2.007382192000000032e+03
2.007384931999999935e+03
2.007387670999999955e+03
2.007390411000000086e+03
2.007393150999999989e+03
2.007395890000000009e+03
2.007398629999999912e+03
2.007401370000000043e+03
2.007404109999999946e+03
2.007406848999999966e+03
2.007409589000000096e+03
2.007412329000000000e+03
2.007415068000000019e+03
2.007417807999999923e+03
2.007420548000000053e+03
2.007423287999999957e+03
2.007426026999999976e+03
2.007428767000000107e+03
2.007431507000000011e+03
2.007434246999999914e+03
2.007436985999999933e+03
2.007439726000000064e+03
2.007442465999999968e+03
2.007445204999999987e+03
2.007447944999999891e+03
2.007450685000000021e+03
2.007453424999999925e+03
2.007456163999999944e+03
2.007458904000000075e+03
2.007461643999999978e+03
2.007464384000000109e+03
2.007467122999999901e+03
2.007469863000000032e+03
2.007472602999999935e+03
2.007475341999999955e+03
2.007478082000000086e+03
2.007480821999999989e+03
2.007483561999999893e+03
2.007486300999999912e+03
2.007489041000000043e+03
2.007491780999999946e+03
2.007494521000000077e+03
2.007497260000000097e+03
2.007500000000000000e+03
2.007502739999999903e+03
2.007505478999999923e+03
2.007508219000000054e+03
2.007510958999999957e+03
2.007513699000000088e+03
2.007516438000000107e+03
2.007519178000000011e+03
2.007521917999999914e+03
2.007524658000000045e+03
2.007527397000000065e+03
2.007530136999999968e+03
2.007532877000000099e+03
2.007535615999999891e+03
2.007538356000000022e+03
2.007541095999999925e+03
2.007543836000000056e+03
2.007546575000000075e+03
2.007549314999999979e+03
2.007552055000000109e+03
2.007554795000000013e+03
2.007557534000000032e+03
2.007560273999999936e+03
2.007563014000000067e+03
2.007565753000000086e+03
2.007568492999999989e+03
2.007571232999999893e+03
2.007573973000000024e+03
2.007576712000000043e+03
2.007579451999999947e+03
2.007582192000000077e+03
2.007584931999999981e+03
2.007587671000000000e+03
2.007590410999999904e+03
2.007593151000000034e+03
2.007595890000000054e+03
2.007598629999999957e+03
2.007601370000000088e+03
2.007604109999999991e+03
2.007606849000000011e+03
2.007609588999999914e+03
2.007612329000000045e+03
2.007615068000000065e+03
2.007617807999999968e+03
2.007620548000000099e+03
2.007623288000000002e+03
2.007626027000000022e+03
2.007628766999999925e+03
2.007631507000000056e+03
2.007634246999999959e+03
2.007636985999999979e+03
2.007639726000000110e+03
2.007642466000000013e+03
2.007645205000000033e+03
2.007647944999999936e+03
2.007650685000000067e+03
2.007653424999999970e+03
2.007656163999999990e+03
2.007658903999999893e+03
2.007661644000000024e+03
2.007664383999999927e+03
2.007667122999999947e+03
2.007669863000000078e+03
2.007672602999999981e+03
2.007675342000000001e+03
2.007678081999999904e+03
2.007680822000000035e+03
2.007683561999999938e+03
2.007686300999999958e+03
2.007689041000000088e+03
2.007691780999999992e+03
2.007694520999999895e+03
2.007697259999999915e+03
2.007700000000000045e+03
2.007702739999999949e+03
2.007705478999999968e+03
2.007708219000000099e+03
2.007710959000000003e+03
2.007713698999999906e+03
2.007716437999999926e+03
2.007719178000000056e+03
2.007721917999999960e+03
2.007724658000000090e+03
2.007727397000000110e+03
2.007730137000000013e+03
2.007732876999999917e+03
2.007735615999999936e+03
2.007738356000000067e+03
2.007741095999999970e+03
2.007743836000000101e+03
2.007746574999999893e+03
2.007749315000000024e+03
2.007752054999999928e+03
2.007754795000000058e+03
2.007757534000000078e+03
2.007760273999999981e+03
2.007763014000000112e+03
2.007765752999999904e+03
2.007768493000000035e+03
2.007771232999999938e+03
2.007773973000000069e+03
2.007776712000000089e+03
2.007779451999999992e+03
2.007782191999999895e+03
2.007784932000000026e+03
2.007787671000000046e+03
2.007790410999999949e+03
2.007793151000000080e+03
2.007795890000000099e+03
2.007798630000000003e+03
2.007801369999999906e+03
2.007804110000000037e+03
2.007806849000000057e+03
2.007809588999999960e+03
2.007812329000000091e+03
2.007815068000000110e+03
2.007817808000000014e+03
2.007820547999999917e+03
2.007823288000000048e+03
2.007826027000000067e+03
2.007828766999999971e+03
2.007831507000000101e+03
2.007834247000000005e+03
2.007836986000000024e+03
2.007839725999999928e+03
2.007842466000000059e+03
2.007845205000000078e+03
2.007847944999999982e+03
2.007850685000000112e+03
2.007853425000000016e+03
2.007856164000000035e+03
2.007858903999999939e+03
2.007861644000000069e+03
2.007864383999999973e+03
2.007867122999999992e+03
2.007869862999999896e+03
2.007872603000000026e+03
2.007875342000000046e+03
2.007878081999999949e+03
2.007880822000000080e+03
2.007883561999999984e+03
2.007886301000000003e+03
2.007889040999999906e+03
2.007891781000000037e+03
2.007894520999999941e+03
2.007897259999999960e+03
2.007900000000000091e+03
2.007902739999999994e+03
2.007905479000000014e+03
2.007908218999999917e+03
2.007910959000000048e+03
2.007913698999999951e+03
2.007916437999999971e+03
2.007919178000000102e+03
2.007921918000000005e+03
2.007924657999999908e+03
2.007927396999999928e+03
2.007930137000000059e+03
2.007932876999999962e+03
2.007935615999999982e+03
2.007938356000000113e+03
2.007941096000000016e+03
2.007943835999999919e+03
2.007946574999999939e+03
2.007949315000000070e+03
2.007952054999999973e+03
2.007954795000000104e+03
2.007957533999999896e+03
2.007960274000000027e+03
2.007963013999999930e+03
2.007965752999999950e+03
2.007968493000000080e+03
2.007971232999999984e+03
2.007973972999999887e+03
2.007976711999999907e+03
2.007979452000000038e+03
2.007982191999999941e+03
2.007984932000000072e+03
2.007987671000000091e+03
2.007990410999999995e+03
2.007993150999999898e+03
2.007995889999999918e+03
2.007998630000000048e+03
2.008001365999999962e+03
2.008004098000000113e+03
2.008006830999999920e+03
2.008009563000000071e+03
2.008012294999999995e+03
2.008015026999999918e+03
2.008017759999999953e+03
2.008020492000000104e+03
2.008023224000000027e+03
2.008025955999999951e+03
2.008028688999999986e+03
2.008031420999999909e+03
2.008034153000000060e+03
2.008036884999999984e+03
2.008039616999999907e+03
2.008042349999999942e+03
2.008045082000000093e+03
2.008047814000000017e+03
2.008050545999999940e+03
2.008053278999999975e+03
2.008056010999999899e+03
2.008058743000000050e+03
2.008061474999999973e+03
2.008064208000000008e+03
2.008066939999999931e+03
2.008069672000000082e+03
2.008072404000000006e+03
2.008075137000000041e+03
2.008077868999999964e+03
2.008080600999999888e+03
2.008083333000000039e+03
2.008086066000000073e+03
2.008088797999999997e+03
2.008091529999999921e+03
2.008094262000000072e+03
2.008096995000000106e+03
2.008099727000000030e+03
2.008102458999999953e+03
2.008105191000000104e+03
2.008107923000000028e+03
2.008110656000000063e+03
2.008113387999999986e+03
2.008116119999999910e+03
2.008118852000000061e+03
2.008121585000000096e+03
2.008124317000000019e+03
2.008127048999999943e+03
2.008129781000000094e+03
2.008132513999999901e+03
2.008135246000000052e+03
2.008137977999999976e+03
2.008140709999999899e+03
2.008143442999999934e+03
2.008146175000000085e+03
2.008148907000000008e+03
2.008151638999999932e+03
2.008154371999999967e+03
2.008157103999999890e+03
2.008159836000000041e+03
2.008162567999999965e+03
2.008165300999999999e+03
2.008168032999999923e+03
2.008170765000000074e+03
2.008173496999999998e+03
2.008176230000000032e+03
2.008178961999999956e+03
2.008181694000000107e+03
2.008184426000000030e+03
2.008187157999999954e+03
2.008189890999999989e+03
2.008192622999999912e+03
2.008195355000000063e+03
2.008198086999999987e+03
2.008200820000000022e+03
2.008203551999999945e+03
2.008206284000000096e+03
2.008209016000000020e+03
2.008211749000000054e+03
2.008214480999999978e+03
2.008217212999999902e+03
2.008219945000000052e+03
2.008222678000000087e+03
2.008225410000000011e+03
2.008228141999999934e+03
2.008230874000000085e+03
2.008233606999999893e+03
2.008236339000000044e+03
2.008239070999999967e+03
2.008241802999999891e+03
2.008244535999999925e+03
2.008247268000000076e+03
2.008250000000000000e+03
2.008252731999999924e+03
2.008255464000000075e+03
2.008258197000000109e+03
2.008260929000000033e+03
2.008263660999999956e+03
2.008266393000000107e+03
2.008269125999999915e+03
2.008271858000000066e+03
2.008274589999999989e+03
2.008277321999999913e+03
2.008280054999999948e+03
2.008282787000000098e+03
2.008285519000000022e+03
2.008288250999999946e+03
2.008290983999999980e+03
2.008293715999999904e+03
2.008296448000000055e+03
2.008299179999999978e+03
2.008301913000000013e+03
2.008304644999999937e+03
2.008307377000000088e+03
2.008310109000000011e+03
2.008312842000000046e+03
2.008315573999999970e+03
2.008318305999999893e+03
2.008321038000000044e+03
2.008323769999999968e+03
2.008326503000000002e+03
2.008329234999999926e+03
2.008331967000000077e+03
2.008334699000000001e+03
2.008337432000000035e+03
2.008340163999999959e+03
2.008342896000000110e+03
2.008345628000000033e+03
2.008348361000000068e+03
2.008351092999999992e+03
2.008353824999999915e+03
2.008356557000000066e+03
2.008359290000000101e+03
2.008362022000000024e+03
2.008364753999999948e+03
2.008367486000000099e+03
2.008370218999999906e+03
2.008372951000000057e+03
2.008375682999999981e+03
2.008378414999999904e+03
2.008381147999999939e+03
2.008383880000000090e+03
2.008386612000000014e+03
2.008389343999999937e+03
2.008392076999999972e+03
2.008394808999999896e+03
2.008397541000000047e+03
2.008400272999999970e+03
2.008403004999999894e+03
2.008405737999999928e+03
2.008408470000000079e+03
2.008411202000000003e+03
2.008413933999999927e+03
2.008416666999999961e+03
2.008419399000000112e+03
2.008422131000000036e+03
2.008424862999999959e+03
2.008427595999999994e+03
2.008430327999999918e+03
2.008433060000000069e+03
2.008435791999999992e+03
2.008438525000000027e+03
2.008441256999999950e+03
2.008443989000000101e+03
2.008446721000000025e+03
2.008449454000000060e+03
2.008452185999999983e+03
2.008454917999999907e+03
2.008457650000000058e+03
2.008460383000000093e+03
2.008463115000000016e+03
2.008465846999999940e+03
2.008468579000000091e+03
2.008471311000000014e+03
2.008474044000000049e+03
2.008476775999999973e+03
2.008479507999999896e+03
2.008482240000000047e+03
2.008484973000000082e+03
2.008487705000000005e+03
2.008490436999999929e+03
2.008493169000000080e+03
2.008495901999999887e+03
2.008498634000000038e+03
2.008501365999999962e+03
2.008504098000000113e+03
2.008506830999999920e+03
2.008509563000000071e+03
2.008512294999999995e+03
2.008515026999999918e+03
2.008517759999999953e+03
2.008520492000000104e+03
2.008523224000000027e+03
2.008525955999999951e+03
2.008528688999999986e+03
2.008531420999999909e+03
2.008534153000000060e+03
2.008536884999999984e+03
2.008539616999999907e+03
2.008542349999999942e+03
2.008545082000000093e+03
2.008547814000000017e+03
2.008550545999999940e+03
2.008553278999999975e+03
2.008556010999999899e+03
2.008558743000000050e+03
2.008561474999999973e+03
2.008564208000000008e+03
2.008566939999999931e+03
2.008569672000000082e+03
2.008572404000000006e+03
2.008575137000000041e+03
2.008577868999999964e+03
2.008580600999999888e+03
2.008583333000000039e+03
2.008586066000000073e+03
2.008588797999999997e+03
2.008591529999999921e+03
2.008594262000000072e+03
2.008596995000000106e+03
2.008599727000000030e+03
2.008602458999999953e+03
2.008605191000000104e+03
2.008607923000000028e+03
2.008610656000000063e+03
2.008613387999999986e+03
2.008616119999999910e+03
2.008618852000000061e+03
2.008621585000000096e+03
2.008624317000000019e+03
2.008627048999999943e+03
2.008629781000000094e+03
2.008632513999999901e+03
2.008635246000000052e+03
2.008637977999999976e+03
2.008640709999999899e+03
2.008643442999999934e+03
2.008646175000000085e+03
2.008648907000000008e+03
2.008651638999999932e+03
2.008654371999999967e+03
2.008657103999999890e+03
2.008659836000000041e+03
2.008662567999999965e+03
2.008665300999999999e+03
2.008668032999999923e+03
2.008670765000000074e+03
2.008673496999999998e+03
2.008676230000000032e+03
2.008678961999999956e+03
2.008681694000000107e+03
2.008684426000000030e+03
2.008687157999999954e+03
2.008689890999999989e+03
2.008692622999999912e+03
2.008695355000000063e+03
2.008698086999999987e+03
2.008700820000000022e+03
2.008703551999999945e+03
2.008706284000000096e+03
2.008709016000000020e+03
2.008711749000000054e+03
2.008714480999999978e+03
2.008717212999999902e+03
2.008719945000000052e+03
2.008722678000000087e+03
2.008725410000000011e+03
2.008728141999999934e+03
2.008730874000000085e+03
2.008733606999999893e+03
2.008736339000000044e+03
2.008739070999999967e+03
2.008741802999999891e+03
2.008744535999999925e+03
2.008747268000000076e+03
2.008750000000000000e+03
2.008752731999999924e+03
2.008755464000000075e+03
2.008758197000000109e+03
2.008760929000000033e+03
2.008763660999999956e+03
2.008766393000000107e+03
2.008769125999999915e+03
2.008771858000000066e+03
2.008774589999999989e+03
2.008777321999999913e+03
2.008780054999999948e+03
2.008782787000000098e+03
2.008785519000000022e+03
2.008788250999999946e+03
2.008790983999999980e+03
2.008793715999999904e+03
2.008796448000000055e+03
2.008799179999999978e+03
2.008801913000000013e+03
2.008804644999999937e+03
2.008807377000000088e+03
2.008810109000000011e+03
2.008812842000000046e+03
2.008815573999999970e+03
2.008818305999999893e+03
2.008821038000000044e+03
2.008823769999999968e+03
2.008826503000000002e+03
2.008829234999999926e+03
2.008831967000000077e+03
2.008834699000000001e+03
2.008837432000000035e+03
2.008840163999999959e+03
2.008842896000000110e+03
2.008845628000000033e+03
2.008848361000000068e+03
2.008851092999999992e+03
2.008853824999999915e+03
2.008856557000000066e+03
2.008859290000000101e+03
2.008862022000000024e+03
2.008864753999999948e+03
2.008867486000000099e+03
2.008870218999999906e+03
2.008872951000000057e+03
2.008875682999999981e+03
2.008878414999999904e+03
2.008881147999999939e+03
2.008883880000000090e+03
2.008886612000000014e+03
2.008889343999999937e+03
2.008892076999999972e+03
2.008894808999999896e+03
2.008897541000000047e+03
2.008900272999999970e+03
2.008903004999999894e+03
2.008905737999999928e+03
2.008908470000000079e+03
2.008911202000000003e+03
2.008913933999999927e+03
2.008916666999999961e+03
2.008919399000000112e+03
2.008922131000000036e+03
2.008924862999999959e+03
2.008927595999999994e+03
2.008930327999999918e+03
2.008933060000000069e+03
2.008935791999999992e+03
2.008938525000000027e+03
2.008941256999999950e+03
2.008943989000000101e+03
2.008946721000000025e+03
2.008949454000000060e+03
2.008952185999999983e+03
2.008954917999999907e+03
2.008957650000000058e+03
2.008960383000000093e+03
2.008963115000000016e+03
2.008965846999999940e+03
2.008968579000000091e+03
2.008971311000000014e+03
2.008974044000000049e+03
2.008976775999999973e+03
2.008979507999999896e+03
2.008982240000000047e+03
2.008984973000000082e+03
2.008987705000000005e+03
2.008990436999999929e+03
2.008993169000000080e+03
2.008995901999999887e+03
2.008998634000000038e+03
2.009001369999999952e+03
2.009004110000000082e+03
2.009006849000000102e+03
2.009009589000000005e+03
2.009012328999999909e+03
2.009015067999999928e+03
2.009017808000000059e+03
2.009020547999999962e+03
2.009023288000000093e+03
2.009026027000000113e+03
2.009028767000000016e+03
2.009031506999999920e+03
2.009034247000000050e+03
2.009036986000000070e+03
2.009039725999999973e+03
2.009042466000000104e+03
2.009045204999999896e+03
2.009047945000000027e+03
2.009050684999999930e+03
2.009053425000000061e+03
2.009056164000000081e+03
2.009058903999999984e+03
2.009061643999999887e+03
2.009064384000000018e+03
2.009067123000000038e+03
2.009069862999999941e+03
2.009072603000000072e+03
2.009075342000000092e+03
2.009078081999999995e+03
2.009080821999999898e+03
2.009083562000000029e+03
2.009086301000000049e+03
2.009089040999999952e+03
2.009091781000000083e+03
2.009094520999999986e+03
2.009097260000000006e+03
2.009099999999999909e+03
2.009102740000000040e+03
2.009105479000000059e+03
2.009108218999999963e+03
2.009110959000000094e+03
2.009113698999999997e+03
2.009116438000000016e+03
2.009119177999999920e+03
2.009121918000000051e+03
2.009124657999999954e+03
2.009127396999999974e+03
2.009130137000000104e+03
2.009132877000000008e+03
2.009135616000000027e+03
2.009138355999999931e+03
2.009141096000000061e+03
2.009143835999999965e+03
2.009146574999999984e+03
2.009149314999999888e+03
2.009154794999999922e+03
2.009157533999999941e+03
2.009160274000000072e+03
2.009163013999999976e+03
2.009165752999999995e+03
2.009168492999999899e+03
2.009171233000000029e+03
2.009173972999999933e+03
2.009176711999999952e+03
2.009179452000000083e+03
2.009182191999999986e+03
2.009184931999999890e+03
2.009187670999999909e+03
2.009190411000000040e+03
2.009193150999999943e+03
2.009195889999999963e+03
2.009198630000000094e+03
2.009201369999999997e+03
2.009204109999999901e+03
2.009206848999999920e+03
2.009209589000000051e+03
2.009212328999999954e+03
2.009215067999999974e+03
2.009217808000000105e+03
2.009220548000000008e+03
2.009223287999999911e+03
2.009226026999999931e+03
2.009228767000000062e+03
2.009231506999999965e+03
2.009234247000000096e+03
2.009236985999999888e+03
2.009239726000000019e+03
2.009242465999999922e+03
2.009245204999999942e+03
2.009247945000000072e+03
2.009250684999999976e+03
2.009253425000000107e+03
2.009256163999999899e+03
2.009258904000000030e+03
2.009261643999999933e+03
2.009264384000000064e+03
2.009267123000000083e+03
2.009269862999999987e+03
2.009272602999999890e+03
2.009275341999999910e+03
2.009278082000000040e+03
2.009280821999999944e+03
2.009283562000000074e+03
2.009286301000000094e+03
2.009289040999999997e+03
2.009291780999999901e+03
2.009294521000000032e+03
2.009297260000000051e+03
2.009299999999999955e+03
2.009302740000000085e+03
2.009305479000000105e+03
2.009308219000000008e+03
2.009310958999999912e+03
2.009313699000000042e+03
2.009316438000000062e+03
2.009319177999999965e+03
2.009321918000000096e+03
2.009324657999999999e+03
2.009327397000000019e+03
2.009330136999999922e+03
2.009332877000000053e+03
2.009335616000000073e+03
2.009338355999999976e+03
2.009341096000000107e+03
2.009343836000000010e+03
2.009346575000000030e+03
2.009349314999999933e+03
2.009352055000000064e+03
2.009354794999999967e+03
2.009357533999999987e+03
2.009360273999999890e+03
2.009363014000000021e+03
2.009365753000000041e+03
2.009368492999999944e+03
2.009371233000000075e+03
2.009373972999999978e+03
2.009376711999999998e+03
2.009379451999999901e+03
2.009382192000000032e+03
2.009384931999999935e+03
2.009387670999999955e+03
2.009390411000000086e+03
2.009393150999999989e+03
2.009395890000000009e+03
2.009398629999999912e+03
2.009401370000000043e+03
2.009404109999999946e+03
2.009406848999999966e+03
2.009409589000000096e+03
2.009412329000000000e+03
2.009415068000000019e+03
2.009417807999999923e+03
2.009420548000000053e+03
2.009423287999999957e+03
2.009426026999999976e+03
2.009428767000000107e+03
2.009431507000000011e+03
2.009434246999999914e+03
2.009436985999999933e+03
2.009439726000000064e+03
2.009442465999999968e+03
2.009445204999999987e+03
2.009447944999999891e+03
2.009450685000000021e+03
2.009453424999999925e+03
2.009456163999999944e+03
2.009458904000000075e+03
2.009461643999999978e+03
2.009464384000000109e+03
2.009467122999999901e+03
2.009469863000000032e+03
2.009472602999999935e+03
2.009475341999999955e+03
2.009478082000000086e+03
2.009480821999999989e+03
2.009483561999999893e+03
2.009486300999999912e+03
2.009489041000000043e+03
2.009491780999999946e+03
2.009494521000000077e+03
2.009497260000000097e+03
2.009500000000000000e+03
2.009502739999999903e+03
2.009505478999999923e+03
2.009508219000000054e+03
2.009510958999999957e+03
2.009513699000000088e+03
2.009516438000000107e+03
2.009519178000000011e+03
2.009521917999999914e+03
2.009524658000000045e+03
2.009527397000000065e+03
2.009530136999999968e+03
2.009532877000000099e+03
2.009535615999999891e+03
2.009538356000000022e+03
2.009541095999999925e+03
2.009543836000000056e+03
2.009546575000000075e+03
2.009549314999999979e+03
2.009552055000000109e+03
2.009554795000000013e+03
2.009557534000000032e+03
2.009560273999999936e+03
2.009563014000000067e+03
2.009565753000000086e+03
2.009568492999999989e+03
2.009571232999999893e+03
2.009573973000000024e+03
2.009576712000000043e+03
2.009579451999999947e+03
2.009582192000000077e+03
2.009584931999999981e+03
2.009587671000000000e+03
2.009590410999999904e+03
2.009593151000000034e+03
2.009595890000000054e+03
2.009598629999999957e+03
2.009601370000000088e+03
2.009604109999999991e+03
2.009606849000000011e+03
2.009609588999999914e+03
2.009612329000000045e+03
2.009615068000000065e+03
2.009617807999999968e+03
2.009620548000000099e+03
2.009623288000000002e+03
2.009626027000000022e+03
2.009628766999999925e+03
2.009631507000000056e+03
2.009634246999999959e+03
2.009636985999999979e+03
2.009639726000000110e+03
2.009642466000000013e+03
2.009645205000000033e+03
2.009647944999999936e+03
2.009650685000000067e+03
2.009653424999999970e+03
2.009656163999999990e+03
2.009658903999999893e+03
2.009661644000000024e+03
2.009664383999999927e+03
2.009667122999999947e+03
2.009669863000000078e+03
2.009672602999999981e+03
2.009675342000000001e+03
2.009678081999999904e+03
2.009680822000000035e+03
2.009683561999999938e+03
2.009686300999999958e+03
2.009689041000000088e+03
2.009691780999999992e+03
2.009694520999999895e+03
2.009697259999999915e+03
2.009700000000000045e+03
2.009702739999999949e+03
2.009705478999999968e+03
2.009708219000000099e+03
2.009710959000000003e+03
2.009713698999999906e+03
2.009716437999999926e+03
2.009719178000000056e+03
2.009721917999999960e+03
2.009724658000000090e+03
2.009727397000000110e+03
2.009730137000000013e+03
2.009732876999999917e+03
2.009735615999999936e+03
2.009738356000000067e+03
2.009741095999999970e+03
2.009743836000000101e+03
2.009746574999999893e+03
2.009749315000000024e+03
2.009752054999999928e+03
2.009754795000000058e+03
2.009757534000000078e+03
2.009760273999999981e+03
2.009763014000000112e+03
2.009765752999999904e+03
2.009768493000000035e+03
2.009771232999999938e+03
2.009773973000000069e+03
2.009776712000000089e+03
2.009779451999999992e+03
2.009782191999999895e+03
2.009784932000000026e+03
2.009787671000000046e+03
2.009790410999999949e+03
2.009793151000000080e+03
2.009795890000000099e+03
2.009798630000000003e+03
2.009801369999999906e+03
2.009804110000000037e+03
2.009806849000000057e+03
2.009809588999999960e+03
2.009812329000000091e+03
2.009815068000000110e+03
2.009817808000000014e+03
2.009820547999999917e+03
2.009823288000000048e+03
2.009826027000000067e+03
2.009828766999999971e+03
2.009831507000000101e+03
2.009834247000000005e+03
2.009836986000000024e+03
2.009839725999999928e+03
2.009842466000000059e+03
2.009845205000000078e+03
2.009847944999999982e+03
2.009850685000000112e+03
2.009853425000000016e+03
2.009856164000000035e+03
2.009858903999999939e+03
2.009861644000000069e+03
2.009864383999999973e+03
2.009867122999999992e+03
2.009869862999999896e+03
2.009872603000000026e+03
2.009875342000000046e+03
2.009878081999999949e+03
2.009880822000000080e+03
2.009883561999999984e+03
2.009886301000000003e+03
2.009889040999999906e+03
2.009891781000000037e+03
2.009894520999999941e+03
2.009897259999999960e+03
2.009900000000000091e+03
2.009902739999999994e+03
2.009905479000000014e+03
2.009908218999999917e+03
2.009910959000000048e+03
2.009913698999999951e+03
2.009916437999999971e+03
2.009919178000000102e+03
2.009921918000000005e+03
2.009924657999999908e+03
2.009927396999999928e+03
2.009930137000000059e+03
2.009932876999999962e+03
2.009935615999999982e+03
2.009938356000000113e+03
2.009941096000000016e+03
2.009943835999999919e+03
2.009946574999999939e+03
2.009949315000000070e+03
2.009952054999999973e+03
2.009954795000000104e+03
2.009957533999999896e+03
2.009960274000000027e+03
2.009963013999999930e+03
2.009965752999999950e+03
2.009968493000000080e+03
2.009971232999999984e+03
2.009973972999999887e+03
2.009976711999999907e+03
2.009979452000000038e+03
2.009982191999999941e+03
2.009984932000000072e+03
2.009987671000000091e+03
2.009990410999999995e+03
2.009993150999999898e+03
2.009995889999999918e+03
2.009998630000000048e+03
2.010001369999999952e+03
2.010004110000000082e+03
2.010006849000000102e+03
2.010009589000000005e+03
2.010012328999999909e+03
2.010015067999999928e+03
2.010017808000000059e+03
2.010020547999999962e+03
2.010023288000000093e+03
2.010026027000000113e+03
2.010028767000000016e+03
2.010031506999999920e+03
2.010034247000000050e+03
2.010036986000000070e+03
2.010039725999999973e+03
2.010042466000000104e+03
2.010045204999999896e+03
2.010047945000000027e+03
2.010050684999999930e+03
2.010053425000000061e+03
2.010056164000000081e+03
2.010058903999999984e+03
2.010061643999999887e+03
2.010064384000000018e+03
2.010067123000000038e+03
2.010069862999999941e+03
2.010072603000000072e+03
2.010075342000000092e+03
2.010078081999999995e+03
2.010080821999999898e+03
2.010083562000000029e+03
2.010086301000000049e+03
2.010089040999999952e+03
2.010091781000000083e+03
2.010094520999999986e+03
2.010097260000000006e+03
2.010099999999999909e+03
2.010102740000000040e+03
2.010105479000000059e+03
2.010108218999999963e+03
2.010110959000000094e+03
2.010113698999999997e+03
2.010116438000000016e+03
2.010119177999999920e+03
2.010121918000000051e+03
2.010124657999999954e+03
2.010127396999999974e+03
2.010130137000000104e+03
2.010132877000000008e+03
2.010135616000000027e+03
2.010138355999999931e+03
2.010141096000000061e+03
2.010143835999999965e+03
2.010146574999999984e+03
2.010149314999999888e+03
2.010152055000000018e+03
2.010154794999999922e+03
2.010157533999999941e+03
2.010160274000000072e+03
2.010163013999999976e+03
2.010165752999999995e+03
2.010168492999999899e+03
2.010171233000000029e+03
2.010173972999999933e+03
2.010176711999999952e+03
2.010179452000000083e+03
2.010182191999999986e+03
2.010184931999999890e+03
2.010187670999999909e+03
2.010190411000000040e+03
2.010193150999999943e+03
2.010195889999999963e+03
2.010198630000000094e+03
2.010201369999999997e+03
2.010204109999999901e+03
2.010206848999999920e+03
2.010209589000000051e+03
2.010212328999999954e+03
2.010215067999999974e+03
2.010217808000000105e+03
2.010220548000000008e+03
2.010223287999999911e+03
2.010226026999999931e+03
2.010228767000000062e+03
2.010231506999999965e+03
2.010234247000000096e+03
2.010236985999999888e+03
2.010239726000000019e+03
2.010242465999999922e+03
2.010245204999999942e+03
2.010247945000000072e+03
2.010250684999999976e+03
2.010253425000000107e+03
2.010256163999999899e+03
2.010258904000000030e+03
2.010261643999999933e+03
2.010264384000000064e+03
2.010267123000000083e+03
2.010269862999999987e+03
2.010272602999999890e+03
2.010275341999999910e+03
2.010278082000000040e+03
2.010280821999999944e+03
2.010283562000000074e+03
2.010286301000000094e+03
2.010289040999999997e+03
2.010291780999999901e+03
2.010294521000000032e+03
2.010297260000000051e+03
2.010299999999999955e+03
2.010302740000000085e+03
2.010305479000000105e+03
2.010308219000000008e+03
2.010310958999999912e+03
2.010313699000000042e+03
2.010316438000000062e+03
2.010319177999999965e+03
2.010321918000000096e+03
2.010324657999999999e+03
2.010327397000000019e+03
2.010330136999999922e+03
2.010332877000000053e+03
2.010335616000000073e+03
2.010338355999999976e+03
2.010341096000000107e+03
2.010343836000000010e+03
2.010346575000000030e+03
2.010349314999999933e+03
2.010352055000000064e+03
2.010354794999999967e+03
2.010357533999999987e+03
2.010360273999999890e+03
2.010363014000000021e+03
2.010365753000000041e+03
2.010368492999999944e+03
2.010371233000000075e+03
2.010373972999999978e+03
2.010376711999999998e+03
2.010379451999999901e+03
2.010382192000000032e+03
2.010384931999999935e+03
2.010387670999999955e+03
2.010390411000000086e+03
2.010393150999999989e+03
2.010395890000000009e+03
2.010398629999999912e+03
2.010401370000000043e+03
2.010404109999999946e+03
2.010406848999999966e+03
2.010409589000000096e+03
2.010412329000000000e+03
2.010415068000000019e+03
2.010417807999999923e+03
2.010420548000000053e+03
2.010423287999999957e+03
2.010426026999999976e+03
2.010428767000000107e+03
2.010431507000000011e+03
2.010434246999999914e+03
2.010436985999999933e+03
2.010439726000000064e+03
2.010442465999999968e+03
2.010445204999999987e+03
2.010447944999999891e+03
2.010450685000000021e+03
2.010453424999999925e+03
2.010456163999999944e+03
2.010458904000000075e+03
2.010461643999999978e+03
2.010464384000000109e+03
2.010467122999999901e+03
2.010469863000000032e+03
2.010472602999999935e+03
2.010475341999999955e+03
2.010478082000000086e+03
2.010480821999999989e+03
2.010483561999999893e+03
2.010486300999999912e+03
2.010489041000000043e+03
2.010491780999999946e+03
2.010494521000000077e+03
2.010497260000000097e+03
2.010500000000000000e+03
2.010502739999999903e+03
2.010505478999999923e+03
2.010508219000000054e+03
2.010510958999999957e+03
2.010513699000000088e+03
2.010516438000000107e+03
2.010519178000000011e+03
2.010521917999999914e+03
2.010524658000000045e+03
2.010527397000000065e+03
2.010530136999999968e+03
2.010532877000000099e+03
2.010535615999999891e+03
2.010538356000000022e+03
2.010541095999999925e+03
2.010543836000000056e+03
2.010546575000000075e+03
2.010549314999999979e+03
2.010552055000000109e+03
2.010554795000000013e+03
2.010557534000000032e+03
2.010560273999999936e+03
2.010563014000000067e+03
2.010565753000000086e+03
2.010568492999999989e+03
2.010571232999999893e+03
2.010573973000000024e+03
2.010576712000000043e+03
2.010579451999999947e+03
2.010582192000000077e+03
2.010584931999999981e+03
2.010587671000000000e+03
2.010590410999999904e+03
2.010593151000000034e+03
2.010595890000000054e+03
2.010598629999999957e+03
2.010601370000000088e+03
2.010604109999999991e+03
2.010606849000000011e+03
2.010609588999999914e+03
2.010612329000000045e+03
2.010615068000000065e+03
2.010617807999999968e+03
2.010620548000000099e+03
2.010623288000000002e+03
2.010626027000000022e+03
2.010628766999999925e+03
2.010631507000000056e+03
2.010634246999999959e+03
2.010636985999999979e+03
2.010639726000000110e+03
2.010642466000000013e+03
2.010645205000000033e+03
2.010647944999999936e+03
2.010650685000000067e+03
2.010653424999999970e+03
2.010656163999999990e+03
2.010658903999999893e+03
2.010661644000000024e+03
2.010664383999999927e+03
2.010667122999999947e+03
2.010669863000000078e+03
2.010672602999999981e+03
2.010675342000000001e+03
2.010678081999999904e+03
2.010680822000000035e+03
2.010683561999999938e+03
2.010686300999999958e+03
2.010689041000000088e+03
2.010691780999999992e+03
2.010694520999999895e+03
2.010697259999999915e+03
2.010700000000000045e+03
2.010702739999999949e+03
2.010705478999999968e+03
2.010708219000000099e+03
2.010710959000000003e+03
2.010713698999999906e+03
2.010716437999999926e+03
2.010719178000000056e+03
2.010721917999999960e+03
2.010724658000000090e+03
2.010727397000000110e+03
2.010730137000000013e+03
2.010732876999999917e+03
2.010735615999999936e+03
2.010738356000000067e+03
2.010741095999999970e+03
2.010743836000000101e+03
2.010746574999999893e+03
2.010749315000000024e+03
2.010752054999999928e+03
2.010754795000000058e+03
2.010757534000000078e+03
2.010760273999999981e+03
2.010763014000000112e+03
2.010765752999999904e+03
2.010768493000000035e+03
2.010771232999999938e+03
2.010773973000000069e+03
2.010776712000000089e+03
2.010779451999999992e+03
2.010782191999999895e+03
2.010784932000000026e+03
2.010787671000000046e+03
2.010790410999999949e+03
2.010793151000000080e+03
2.010795890000000099e+03
2.010798630000000003e+03
2.010801369999999906e+03
2.010804110000000037e+03
2.010806849000000057e+03
2.010809588999999960e+03
2.010812329000000091e+03
2.010815068000000110e+03
2.010817808000000014e+03
2.010820547999999917e+03
2.010823288000000048e+03
2.010826027000000067e+03
2.010828766999999971e+03
2.010831507000000101e+03
2.010834247000000005e+03
2.010836986000000024e+03
2.010839725999999928e+03
2.010842466000000059e+03
2.010845205000000078e+03
2.010847944999999982e+03
2.010850685000000112e+03
2.010853425000000016e+03
2.010856164000000035e+03
2.010858903999999939e+03
2.010861644000000069e+03
2.010864383999999973e+03
2.010867122999999992e+03
2.010869862999999896e+03
2.010872603000000026e+03
2.010875342000000046e+03
2.010878081999999949e+03
2.010880822000000080e+03
2.010883561999999984e+03
2.010886301000000003e+03
2.010889040999999906e+03
2.010891781000000037e+03
2.010894520999999941e+03
2.010897259999999960e+03
2.010900000000000091e+03
2.010902739999999994e+03
2.010905479000000014e+03
2.010908218999999917e+03
2.010910959000000048e+03
2.010913698999999951e+03
2.010916437999999971e+03
2.010919178000000102e+03
2.010921918000000005e+03
2.010924657999999908e+03
2.010927396999999928e+03
2.010930137000000059e+03
2.010932876999999962e+03
2.010935615999999982e+03
2.010938356000000113e+03
2.010941096000000016e+03
2.010943835999999919e+03
2.010946574999999939e+03
2.010949315000000070e+03
2.010952054999999973e+03
2.010954795000000104e+03
2.010957533999999896e+03
2.010960274000000027e+03
2.010963013999999930e+03
2.010965752999999950e+03
2.010968493000000080e+03
2.010971232999999984e+03
2.010973972999999887e+03
2.010976711999999907e+03
2.010979452000000038e+03
2.010982191999999941e+03
2.010984932000000072e+03
2.010987671000000091e+03
2.010990410999999995e+03
2.010993150999999898e+03
2.010995889999999918e+03
2.010998630000000048e+03
2.011001369999999952e+03
2.011004110000000082e+03
2.011006849000000102e+03
2.011009589000000005e+03
2.011012328999999909e+03
2.011015067999999928e+03
2.011017808000000059e+03
2.011020547999999962e+03
2.011023288000000093e+03
2.011026027000000113e+03
2.011028767000000016e+03
2.011031506999999920e+03
2.011034247000000050e+03
2.011036986000000070e+03
2.011039725999999973e+03
2.011042466000000104e+03
2.011045204999999896e+03
2.011047945000000027e+03
2.011050684999999930e+03
2.011053425000000061e+03
2.011056164000000081e+03
2.011058903999999984e+03
2.011061643999999887e+03
2.011064384000000018e+03
2.011067123000000038e+03
2.011069862999999941e+03
2.011072603000000072e+03
2.011075342000000092e+03
2.011078081999999995e+03
2.011080821999999898e+03
2.011083562000000029e+03
2.011086301000000049e+03
2.011089040999999952e+03
2.011091781000000083e+03
2.011094520999999986e+03
2.011097260000000006e+03
2.011099999999999909e+03
2.011102740000000040e+03
2.011105479000000059e+03
2.011108218999999963e+03
2.011110959000000094e+03
2.011113698999999997e+03
2.011116438000000016e+03
2.011119177999999920e+03
2.011121918000000051e+03
2.011124657999999954e+03
2.011127396999999974e+03
2.011130137000000104e+03
2.011132877000000008e+03
2.011135616000000027e+03
2.011138355999999931e+03
2.011141096000000061e+03
2.011143835999999965e+03
2.011146574999999984e+03
2.011149314999999888e+03
2.011152055000000018e+03
2.011154794999999922e+03
2.011157533999999941e+03
2.011160274000000072e+03
2.011163013999999976e+03
2.011165752999999995e+03
2.011168492999999899e+03
2.011171233000000029e+03
2.011173972999999933e+03
2.011176711999999952e+03
2.011179452000000083e+03
2.011182191999999986e+03
2.011184931999999890e+03
2.011187670999999909e+03
2.011190411000000040e+03
2.011193150999999943e+03
2.011195889999999963e+03
2.011198630000000094e+03
2.011201369999999997e+03
2.011204109999999901e+03
2.011206848999999920e+03
2.011209589000000051e+03
2.011212328999999954e+03
2.011215067999999974e+03
2.011217808000000105e+03
2.011220548000000008e+03
2.011223287999999911e+03
2.011226026999999931e+03
2.011228767000000062e+03
2.011231506999999965e+03
2.011234247000000096e+03
2.011236985999999888e+03
2.011239726000000019e+03
2.011242465999999922e+03
2.011245204999999942e+03
2.011247945000000072e+03
2.011250684999999976e+03
2.011253425000000107e+03
2.011256163999999899e+03
2.011258904000000030e+03
2.011261643999999933e+03
2.011264384000000064e+03
2.011267123000000083e+03
2.011269862999999987e+03
2.011272602999999890e+03
2.011275341999999910e+03
2.011278082000000040e+03
2.011280821999999944e+03
2.011283562000000074e+03
2.011286301000000094e+03
2.011289040999999997e+03
2.011291780999999901e+03
2.011294521000000032e+03
2.011297260000000051e+03
2.011299999999999955e+03
2.011302740000000085e+03
2.011305479000000105e+03
2.011308219000000008e+03
2.011310958999999912e+03
2.011313699000000042e+03
2.011316438000000062e+03
2.011319177999999965e+03
2.011321918000000096e+03
2.011324657999999999e+03
2.011327397000000019e+03
2.011330136999999922e+03
2.011332877000000053e+03
2.011335616000000073e+03
2.011338355999999976e+03
2.011341096000000107e+03
2.011343836000000010e+03
2.011346575000000030e+03
2.011349314999999933e+03
2.011352055000000064e+03
2.011354794999999967e+03
2.011357533999999987e+03
2.011360273999999890e+03
2.011363014000000021e+03
2.011365753000000041e+03
2.011368492999999944e+03
2.011371233000000075e+03
2.011373972999999978e+03
2.011376711999999998e+03
2.011379451999999901e+03
2.011382192000000032e+03
2.011384931999999935e+03
2.011387670999999955e+03
2.011390411000000086e+03
2.011393150999999989e+03
2.011395890000000009e+03
2.011398629999999912e+03
2.011401370000000043e+03
2.011404109999999946e+03
2.011406848999999966e+03
2.011409589000000096e+03
2.011412329000000000e+03
2.011415068000000019e+03
2.011417807999999923e+03
2.011420548000000053e+03
2.011423287999999957e+03
2.011426026999999976e+03
2.011428767000000107e+03
2.011431507000000011e+03
2.011434246999999914e+03
2.011436985999999933e+03
2.011439726000000064e+03
2.011442465999999968e+03
2.011445204999999987e+03
2.011447944999999891e+03
2.011450685000000021e+03
2.011453424999999925e+03
2.011456163999999944e+03
2.011458904000000075e+03
2.011461643999999978e+03
2.011464384000000109e+03
2.011467122999999901e+03
2.011469863000000032e+03
2.011472602999999935e+03
2.011475341999999955e+03
2.011478082000000086e+03
2.011480821999999989e+03
2.011483561999999893e+03
2.011486300999999912e+03
2.011489041000000043e+03
2.011491780999999946e+03
2.011494521000000077e+03
2.011497260000000097e+03
2.011500000000000000e+03
2.011502739999999903e+03
2.011505478999999923e+03
2.011508219000000054e+03
2.011510958999999957e+03
2.011513699000000088e+03
2.011516438000000107e+03
2.011519178000000011e+03
2.011521917999999914e+03
2.011524658000000045e+03
2.011527397000000065e+03
2.011530136999999968e+03
2.011532877000000099e+03
2.011535615999999891e+03
2.011538356000000022e+03
2.011541095999999925e+03
2.011543836000000056e+03
2.011546575000000075e+03
2.011549314999999979e+03
2.011552055000000109e+03
2.011554795000000013e+03
2.011557534000000032e+03
2.011560273999999936e+03
2.011563014000000067e+03
2.011565753000000086e+03
2.011568492999999989e+03
2.011571232999999893e+03
2.011573973000000024e+03
2.011576712000000043e+03
2.011579451999999947e+03
2.011582192000000077e+03
2.011584931999999981e+03
2.011587671000000000e+03
2.011590410999999904e+03
2.011593151000000034e+03
2.011595890000000054e+03
2.011598629999999957e+03
2.011601370000000088e+03
2.011604109999999991e+03
2.011606849000000011e+03
2.011609588999999914e+03
2.011612329000000045e+03
2.011615068000000065e+03
2.011617807999999968e+03
2.011620548000000099e+03
2.011623288000000002e+03
2.011626027000000022e+03
2.011628766999999925e+03
2.011631507000000056e+03
2.011634246999999959e+03
2.011636985999999979e+03
2.011639726000000110e+03
2.011642466000000013e+03
2.011645205000000033e+03
2.011647944999999936e+03
2.011650685000000067e+03
2.011653424999999970e+03
2.011656163999999990e+03
2.011658903999999893e+03
2.011661644000000024e+03
2.011664383999999927e+03
2.011667122999999947e+03
2.011669863000000078e+03
2.011672602999999981e+03
2.011675342000000001e+03
2.011678081999999904e+03
2.011680822000000035e+03
2.011683561999999938e+03
2.011686300999999958e+03
2.011689041000000088e+03
2.011691780999999992e+03
2.011694520999999895e+03
2.011697259999999915e+03
2.011700000000000045e+03
2.011702739999999949e+03
2.011705478999999968e+03
2.011708219000000099e+03
2.011710959000000003e+03
2.011713698999999906e+03
2.011716437999999926e+03
2.011719178000000056e+03
2.011721917999999960e+03
2.011724658000000090e+03
2.011727397000000110e+03
2.011730137000000013e+03
2.011732876999999917e+03
2.011735615999999936e+03
2.011738356000000067e+03
2.011741095999999970e+03
2.011743836000000101e+03
2.011746574999999893e+03
2.011749315000000024e+03
2.011752054999999928e+03
2.011754795000000058e+03
2.011757534000000078e+03
2.011760273999999981e+03
2.011763014000000112e+03
2.011765752999999904e+03
2.011768493000000035e+03
2.011771232999999938e+03
2.011773973000000069e+03
2.011776712000000089e+03
2.011779451999999992e+03
2.011782191999999895e+03
2.011784932000000026e+03
2.011787671000000046e+03
2.011790410999999949e+03
2.011793151000000080e+03
2.011795890000000099e+03
2.011798630000000003e+03
2.011801369999999906e+03
2.011804110000000037e+03
2.011806849000000057e+03
2.011809588999999960e+03
2.011812329000000091e+03
2.011815068000000110e+03
2.011817808000000014e+03
2.011820547999999917e+03
2.011823288000000048e+03
2.011826027000000067e+03
2.011828766999999971e+03
2.011831507000000101e+03
2.011834247000000005e+03
2.011836986000000024e+03
2.011839725999999928e+03
2.011842466000000059e+03
2.011845205000000078e+03
2.011847944999999982e+03
2.011850685000000112e+03
2.011853425000000016e+03
2.011856164000000035e+03
2.011858903999999939e+03
2.011861644000000069e+03
2.011864383999999973e+03
2.011867122999999992e+03
2.011869862999999896e+03
2.011872603000000026e+03
2.011875342000000046e+03
2.011878081999999949e+03
2.011880822000000080e+03
2.011883561999999984e+03
2.011886301000000003e+03
2.011889040999999906e+03
2.011891781000000037e+03
2.011894520999999941e+03
2.011897259999999960e+03
2.011900000000000091e+03
2.011902739999999994e+03
2.011905479000000014e+03
2.011908218999999917e+03
2.011910959000000048e+03
2.011913698999999951e+03
2.011916437999999971e+03
2.011919178000000102e+03
2.011921918000000005e+03
2.011924657999999908e+03
2.011927396999999928e+03
2.011930137000000059e+03
2.011932876999999962e+03
2.011935615999999982e+03
2.011938356000000113e+03
2.011941096000000016e+03
2.011943835999999919e+03
2.011946574999999939e+03
2.011949315000000070e+03
2.011952054999999973e+03
2.011954795000000104e+03
2.011957533999999896e+03
2.011960274000000027e+03
2.011963013999999930e+03
2.011965752999999950e+03
2.011968493000000080e+03
2.011971232999999984e+03
2.011973972999999887e+03
2.011976711999999907e+03
2.011979452000000038e+03
2.011982191999999941e+03
2.011984932000000072e+03
2.011987671000000091e+03
2.011990410999999995e+03
2.011993150999999898e+03
2.011995889999999918e+03
2.011998630000000048e+03
2.012001365999999962e+03
2.012004098000000113e+03
2.012006830999999920e+03
2.012009563000000071e+03
2.012012294999999995e+03
2.012015026999999918e+03
2.012017759999999953e+03
2.012020492000000104e+03
2.012023224000000027e+03
2.012025955999999951e+03
2.012028688999999986e+03
2.012031420999999909e+03
2.012034153000000060e+03
2.012036884999999984e+03
2.012039616999999907e+03
2.012042349999999942e+03
2.012045082000000093e+03
2.012047814000000017e+03
2.012050545999999940e+03
2.012053278999999975e+03
2.012056010999999899e+03
2.012058743000000050e+03
2.012061474999999973e+03
2.012064208000000008e+03
2.012066939999999931e+03
2.012069672000000082e+03
2.012072404000000006e+03
2.012075137000000041e+03
2.012077868999999964e+03
2.012080600999999888e+03
2.012083333000000039e+03
2.012086066000000073e+03
2.012088797999999997e+03
2.012091529999999921e+03
2.012094262000000072e+03
2.012096995000000106e+03
2.012099727000000030e+03
2.012102458999999953e+03
2.012105191000000104e+03
2.012107923000000028e+03
2.012110656000000063e+03
2.012113387999999986e+03
2.012116119999999910e+03
2.012118852000000061e+03
2.012121585000000096e+03
2.012124317000000019e+03
2.012127048999999943e+03
2.012129781000000094e+03
2.012132513999999901e+03
2.012135246000000052e+03
2.012137977999999976e+03
2.012140709999999899e+03
2.012143442999999934e+03
2.012146175000000085e+03
2.012148907000000008e+03
2.012151638999999932e+03
2.012154371999999967e+03
2.012157103999999890e+03
2.012159836000000041e+03
2.012162567999999965e+03
2.012165300999999999e+03
2.012168032999999923e+03
2.012170765000000074e+03
2.012173496999999998e+03
2.012176230000000032e+03
2.012178961999999956e+03
2.012181694000000107e+03
2.012184426000000030e+03
2.012187157999999954e+03
2.012189890999999989e+03
2.012192622999999912e+03
2.012195355000000063e+03
2.012198086999999987e+03
2.012200820000000022e+03
2.012203551999999945e+03
2.012206284000000096e+03
2.012209016000000020e+03
2.012211749000000054e+03
2.012214480999999978e+03
2.012217212999999902e+03
2.012219945000000052e+03
2.012222678000000087e+03
2.012225410000000011e+03
2.012228141999999934e+03
2.012230874000000085e+03
2.012233606999999893e+03
2.012236339000000044e+03
2.012239070999999967e+03
2.012241802999999891e+03
2.012244535999999925e+03
2.012247268000000076e+03
2.012250000000000000e+03
2.012252731999999924e+03
2.012255464000000075e+03
2.012258197000000109e+03
2.012260929000000033e+03
2.012263660999999956e+03
2.012266393000000107e+03
2.012269125999999915e+03
2.012271858000000066e+03
2.012274589999999989e+03
2.012277321999999913e+03
2.012280054999999948e+03
2.012282787000000098e+03
2.012285519000000022e+03
2.012288250999999946e+03
2.012290983999999980e+03
2.012293715999999904e+03
2.012296448000000055e+03
2.012299179999999978e+03
2.012301913000000013e+03
2.012304644999999937e+03
2.012307377000000088e+03
2.012310109000000011e+03
2.012312842000000046e+03
2.012315573999999970e+03
2.012318305999999893e+03
2.012321038000000044e+03
2.012323769999999968e+03
2.012326503000000002e+03
2.012329234999999926e+03
2.012331967000000077e+03
2.012334699000000001e+03
2.012337432000000035e+03
2.012340163999999959e+03
2.012342896000000110e+03
2.012345628000000033e+03
2.012348361000000068e+03
2.012351092999999992e+03
2.012353824999999915e+03
2.012356557000000066e+03
2.012359290000000101e+03
2.012362022000000024e+03
2.012364753999999948e+03
2.012367486000000099e+03
2.012370218999999906e+03
2.012372951000000057e+03
2.012375682999999981e+03
2.012378414999999904e+03
2.012381147999999939e+03
2.012383880000000090e+03
2.012386612000000014e+03
2.012389343999999937e+03
2.012392076999999972e+03
2.012394808999999896e+03
2.012397541000000047e+03
2.012400272999999970e+03
2.012403004999999894e+03
2.012405737999999928e+03
2.012408470000000079e+03
2.012411202000000003e+03
2.012413933999999927e+03
2.012416666999999961e+03
2.012419399000000112e+03
2.012422131000000036e+03
2.012424862999999959e+03
2.012427595999999994e+03
2.012430327999999918e+03
2.012433060000000069e+03
2.012435791999999992e+03
2.012438525000000027e+03
2.012441256999999950e+03
2.012443989000000101e+03
2.012446721000000025e+03
2.012449454000000060e+03
2.012452185999999983e+03
2.012454917999999907e+03
2.012457650000000058e+03
2.012460383000000093e+03
2.012463115000000016e+03
2.012465846999999940e+03
2.012468579000000091e+03
2.012471311000000014e+03
2.012474044000000049e+03
2.012476775999999973e+03
2.012479507999999896e+03
2.012482240000000047e+03
2.012484973000000082e+03
2.012487705000000005e+03
2.012490436999999929e+03
2.012493169000000080e+03
2.012495901999999887e+03
2.012498634000000038e+03
2.012501365999999962e+03
2.012504098000000113e+03
2.012506830999999920e+03
2.012509563000000071e+03
2.012512294999999995e+03
2.012515026999999918e+03
2.012517759999999953e+03
2.012520492000000104e+03
2.012523224000000027e+03
2.012525955999999951e+03
2.012528688999999986e+03
2.012531420999999909e+03
2.012534153000000060e+03
2.012536884999999984e+03
2.012539616999999907e+03
2.012542349999999942e+03
2.012545082000000093e+03
2.012547814000000017e+03
2.012550545999999940e+03
2.012553278999999975e+03
2.012556010999999899e+03
2.012558743000000050e+03
2.012561474999999973e+03
2.012564208000000008e+03
2.012566939999999931e+03
2.012569672000000082e+03
2.012572404000000006e+03
2.012575137000000041e+03
2.012577868999999964e+03
2.012580600999999888e+03
2.012583333000000039e+03
2.012586066000000073e+03
2.012588797999999997e+03
2.012591529999999921e+03
2.012594262000000072e+03
2.012596995000000106e+03
2.012599727000000030e+03
2.012602458999999953e+03
2.012605191000000104e+03
2.012607923000000028e+03
2.012610656000000063e+03
2.012613387999999986e+03
2.012616119999999910e+03
2.012618852000000061e+03
2.012621585000000096e+03
2.012624317000000019e+03
2.012627048999999943e+03
2.012629781000000094e+03
2.012632513999999901e+03
2.012635246000000052e+03
2.012637977999999976e+03
2.012640709999999899e+03
2.012643442999999934e+03
2.012646175000000085e+03
2.012648907000000008e+03
2.012651638999999932e+03
2.012654371999999967e+03
2.012657103999999890e+03
2.012659836000000041e+03
2.012662567999999965e+03
2.012665300999999999e+03
2.012668032999999923e+03
2.012670765000000074e+03
2.012673496999999998e+03
2.012676230000000032e+03
2.012678961999999956e+03
2.012681694000000107e+03
2.012684426000000030e+03
2.012687157999999954e+03
2.012689890999999989e+03
2.012692622999999912e+03
2.012695355000000063e+03
2.012698086999999987e+03
2.012700820000000022e+03
2.012703551999999945e+03
2.012706284000000096e+03
2.012709016000000020e+03
2.012711749000000054e+03
2.012714480999999978e+03
2.012717212999999902e+03
2.012719945000000052e+03
2.012722678000000087e+03
2.012725410000000011e+03
2.012728141999999934e+03
2.012730874000000085e+03
2.012733606999999893e+03
2.012736339000000044e+03
2.012739070999999967e+03
2.012741802999999891e+03
2.012744535999999925e+03
2.012747268000000076e+03
2.012750000000000000e+03
2.012752731999999924e+03
2.012755464000000075e+03
2.012758197000000109e+03
2.012760929000000033e+03
2.012763660999999956e+03
2.012766393000000107e+03
2.012769125999999915e+03
2.012771858000000066e+03
2.012774589999999989e+03
2.012777321999999913e+03
2.012780054999999948e+03
2.012782787000000098e+03
2.012785519000000022e+03
2.012788250999999946e+03
2.012790983999999980e+03
2.012793715999999904e+03
2.012796448000000055e+03
2.012799179999999978e+03
2.012801913000000013e+03
2.012804644999999937e+03
2.012807377000000088e+03
2.012810109000000011e+03
2.012812842000000046e+03
2.012815573999999970e+03
2.012818305999999893e+03
2.012821038000000044e+03
2.012823769999999968e+03
2.012826503000000002e+03
2.012829234999999926e+03
2.012831967000000077e+03
2.012834699000000001e+03
2.012837432000000035e+03
2.012840163999999959e+03
2.012842896000000110e+03
2.012845628000000033e+03
2.012848361000000068e+03
2.012851092999999992e+03
2.012853824999999915e+03
2.012856557000000066e+03
2.012859290000000101e+03
2.012862022000000024e+03
2.012864753999999948e+03
2.012867486000000099e+03
2.012870218999999906e+03
2.012872951000000057e+03
2.012875682999999981e+03
2.012878414999999904e+03
2.012881147999999939e+03
2.012883880000000090e+03
2.012886612000000014e+03
2.012889343999999937e+03
2.012892076999999972e+03
2.012894808999999896e+03
2.012897541000000047e+03
2.012900272999999970e+03
2.012903004999999894e+03
2.012905737999999928e+03
2.012908470000000079e+03
2.012911202000000003e+03
2.012913933999999927e+03
2.012916666999999961e+03
2.012919399000000112e+03
2.012922131000000036e+03
2.012924862999999959e+03
2.012927595999999994e+03
2.012930327999999918e+03
2.012933060000000069e+03
2.012935791999999992e+03
2.012938525000000027e+03
2.012941256999999950e+03
2.012943989000000101e+03
2.012946721000000025e+03
2.012949454000000060e+03
2.012952185999999983e+03
2.012954917999999907e+03
2.012957650000000058e+03
2.012960383000000093e+03
2.012963115000000016e+03
2.012965846999999940e+03
2.012968579000000091e+03
2.012971311000000014e+03
2.012974044000000049e+03
2.012976775999999973e+03
2.012979507999999896e+03
2.012982240000000047e+03
2.012984973000000082e+03
2.012987705000000005e+03
2.012990436999999929e+03
2.012993169000000080e+03
2.012995901999999887e+03
2.012998634000000038e+03
2.013001369999999952e+03
2.013004110000000082e+03
2.013006849000000102e+03
2.013009589000000005e+03
2.013012328999999909e+03
2.013015067999999928e+03
2.013017808000000059e+03
2.013020547999999962e+03
2.013023288000000093e+03
2.013026027000000113e+03
2.013028767000000016e+03
2.013031506999999920e+03
2.013034247000000050e+03
2.013036986000000070e+03
2.013039725999999973e+03
2.013042466000000104e+03
2.013045204999999896e+03
2.013047945000000027e+03
2.013050684999999930e+03
2.013053425000000061e+03
2.013056164000000081e+03
2.013058903999999984e+03
2.013061643999999887e+03
2.013064384000000018e+03
2.013067123000000038e+03
2.013069862999999941e+03
2.013072603000000072e+03
2.013075342000000092e+03
2.013078081999999995e+03
2.013080821999999898e+03
2.013083562000000029e+03
2.013086301000000049e+03
2.013089040999999952e+03
2.013091781000000083e+03
2.013094520999999986e+03
2.013097260000000006e+03
2.013099999999999909e+03
2.013102740000000040e+03
2.013105479000000059e+03
2.013108218999999963e+03
2.013110959000000094e+03
2.013113698999999997e+03
2.013116438000000016e+03
2.013119177999999920e+03
2.013121918000000051e+03
2.013124657999999954e+03
2.013127396999999974e+03
2.013130137000000104e+03
2.013132877000000008e+03
2.013135616000000027e+03
2.013138355999999931e+03
2.013141096000000061e+03
2.013143835999999965e+03
2.013146574999999984e+03
2.013149314999999888e+03
2.013152055000000018e+03
2.013154794999999922e+03
2.013157533999999941e+03
2.013160274000000072e+03
2.013163013999999976e+03
2.013165752999999995e+03
2.013168492999999899e+03
2.013171233000000029e+03
2.013173972999999933e+03
2.013176711999999952e+03
2.013179452000000083e+03
2.013182191999999986e+03
2.013184931999999890e+03
2.013187670999999909e+03
2.013190411000000040e+03
2.013193150999999943e+03
2.013195889999999963e+03
2.013198630000000094e+03
2.013201369999999997e+03
2.013204109999999901e+03
2.013206848999999920e+03
2.013209589000000051e+03
2.013212328999999954e+03
2.013215067999999974e+03
2.013217808000000105e+03
2.013220548000000008e+03
2.013223287999999911e+03
2.013226026999999931e+03
2.013228767000000062e+03
2.013231506999999965e+03
2.013234247000000096e+03
2.013236985999999888e+03
2.013239726000000019e+03
2.013242465999999922e+03
2.013245204999999942e+03
2.013247945000000072e+03
2.013250684999999976e+03
2.013253425000000107e+03
2.013256163999999899e+03
2.013258904000000030e+03
2.013261643999999933e+03
2.013264384000000064e+03
2.013267123000000083e+03
2.013269862999999987e+03
2.013272602999999890e+03
2.013275341999999910e+03
2.013278082000000040e+03
2.013280821999999944e+03
2.013283562000000074e+03
2.013286301000000094e+03
2.013289040999999997e+03
2.013291780999999901e+03
2.013294521000000032e+03
2.013297260000000051e+03
2.013299999999999955e+03
2.013302740000000085e+03
2.013305479000000105e+03
2.013308219000000008e+03
2.013310958999999912e+03
2.013313699000000042e+03
2.013316438000000062e+03
2.013319177999999965e+03
2.013321918000000096e+03
2.013324657999999999e+03
2.013327397000000019e+03
2.013330136999999922e+03
2.013332877000000053e+03
2.013335616000000073e+03
2.013338355999999976e+03
2.013341096000000107e+03
2.013343836000000010e+03
2.013346575000000030e+03
2.013349314999999933e+03
2.013352055000000064e+03
2.013354794999999967e+03
2.013357533999999987e+03
2.013360273999999890e+03
2.013363014000000021e+03
2.013365753000000041e+03
2.013368492999999944e+03
2.013371233000000075e+03
2.013373972999999978e+03
2.013376711999999998e+03
2.013379451999999901e+03
2.013382192000000032e+03
2.013384931999999935e+03
2.013387670999999955e+03
2.013390411000000086e+03
2.013393150999999989e+03
2.013395890000000009e+03
2.013398629999999912e+03
2.013401370000000043e+03
2.013404109999999946e+03
2.013406848999999966e+03
2.013409589000000096e+03
2.013412329000000000e+03
2.013415068000000019e+03
2.013417807999999923e+03
2.013420548000000053e+03
2.013423287999999957e+03
2.013426026999999976e+03
2.013428767000000107e+03
2.013431507000000011e+03
2.013434246999999914e+03
2.013436985999999933e+03
2.013439726000000064e+03
2.013442465999999968e+03
2.013445204999999987e+03
2.013447944999999891e+03
2.013450685000000021e+03
2.013453424999999925e+03
2.013456163999999944e+03
2.013458904000000075e+03
2.013461643999999978e+03
2.013464384000000109e+03
2.013467122999999901e+03
2.013469863000000032e+03
2.013472602999999935e+03
2.013475341999999955e+03
2.013478082000000086e+03
2.013480821999999989e+03
2.013483561999999893e+03
2.013486300999999912e+03
2.013489041000000043e+03
2.013491780999999946e+03
2.013494521000000077e+03
2.013497260000000097e+03
2.013500000000000000e+03
2.013502739999999903e+03
2.013505478999999923e+03
2.013508219000000054e+03
2.013510958999999957e+03
2.013513699000000088e+03
2.013516438000000107e+03
2.013519178000000011e+03
2.013521917999999914e+03
2.013524658000000045e+03
2.013527397000000065e+03
2.013530136999999968e+03
2.013532877000000099e+03
2.013535615999999891e+03
2.013538356000000022e+03
2.013541095999999925e+03
2.013543836000000056e+03
2.013546575000000075e+03
2.013549314999999979e+03
2.013552055000000109e+03
2.013554795000000013e+03
2.013557534000000032e+03
2.013560273999999936e+03
2.013563014000000067e+03
2.013565753000000086e+03
2.013568492999999989e+03
2.013571232999999893e+03
2.013573973000000024e+03
2.013576712000000043e+03
2.013579451999999947e+03
2.013582192000000077e+03
2.013584931999999981e+03
2.013587671000000000e+03
2.013590410999999904e+03
2.013593151000000034e+03
2.013595890000000054e+03
2.013598629999999957e+03
2.013601370000000088e+03
2.013604109999999991e+03
2.013606849000000011e+03
2.013609588999999914e+03
2.013612329000000045e+03
2.013615068000000065e+03
2.013617807999999968e+03
2.013620548000000099e+03
2.013623288000000002e+03
2.013626027000000022e+03
2.013628766999999925e+03
2.013631507000000056e+03
2.013634246999999959e+03
2.013636985999999979e+03
2.013639726000000110e+03
2.013642466000000013e+03
2.013645205000000033e+03
2.013647944999999936e+03
2.013650685000000067e+03
2.013653424999999970e+03
2.013656163999999990e+03
2.013658903999999893e+03
2.013661644000000024e+03
2.013664383999999927e+03
2.013667122999999947e+03
2.013669863000000078e+03
2.013672602999999981e+03
2.013675342000000001e+03
2.013678081999999904e+03
2.013680822000000035e+03
2.013683561999999938e+03
2.013686300999999958e+03
2.013689041000000088e+03
2.013691780999999992e+03
2.013694520999999895e+03
2.013697259999999915e+03
2.013700000000000045e+03
2.013702739999999949e+03
2.013705478999999968e+03
2.013708219000000099e+03
2.013710959000000003e+03
2.013713698999999906e+03
2.013716437999999926e+03
2.013719178000000056e+03
2.013721917999999960e+03
2.013724658000000090e+03
2.013727397000000110e+03
2.013730137000000013e+03
2.013732876999999917e+03
2.013735615999999936e+03
2.013738356000000067e+03
2.013741095999999970e+03
2.013743836000000101e+03
2.013746574999999893e+03
2.013749315000000024e+03
2.013752054999999928e+03
2.013754795000000058e+03
2.013757534000000078e+03
2.013760273999999981e+03
2.013763014000000112e+03
2.013765752999999904e+03
2.013768493000000035e+03
2.013771232999999938e+03
2.013773973000000069e+03
2.013776712000000089e+03
2.013779451999999992e+03
2.013782191999999895e+03
2.013784932000000026e+03
2.013787671000000046e+03
2.013790410999999949e+03
2.013793151000000080e+03
2.013795890000000099e+03
2.013798630000000003e+03
2.013801369999999906e+03
2.013804110000000037e+03
2.013806849000000057e+03
2.013809588999999960e+03
2.013812329000000091e+03
2.013815068000000110e+03
2.013817808000000014e+03
2.013820547999999917e+03
2.013823288000000048e+03
2.013826027000000067e+03
2.013828766999999971e+03
2.013831507000000101e+03
2.013834247000000005e+03
2.013836986000000024e+03
2.013839725999999928e+03
2.013842466000000059e+03
2.013845205000000078e+03
2.013847944999999982e+03
2.013850685000000112e+03
2.013853425000000016e+03
2.013856164000000035e+03
2.013858903999999939e+03
2.013861644000000069e+03
2.013864383999999973e+03
2.013867122999999992e+03
2.013869862999999896e+03
2.013872603000000026e+03
2.013875342000000046e+03
2.013878081999999949e+03
2.013880822000000080e+03
2.013883561999999984e+03
2.013886301000000003e+03
2.013889040999999906e+03
2.013891781000000037e+03
2.013894520999999941e+03
2.013897259999999960e+03
2.013900000000000091e+03
2.013902739999999994e+03
2.013905479000000014e+03
2.013908218999999917e+03
2.013910959000000048e+03
2.013913698999999951e+03
2.013916437999999971e+03
2.013919178000000102e+03
2.013921918000000005e+03
2.013924657999999908e+03
2.013927396999999928e+03
2.013930137000000059e+03
2.013932876999999962e+03
2.013935615999999982e+03
2.013938356000000113e+03
2.013941096000000016e+03
2.013943835999999919e+03
2.013946574999999939e+03
2.013949315000000070e+03
2.013952054999999973e+03
2.013954795000000104e+03
2.013957533999999896e+03
2.013960274000000027e+03
2.013963013999999930e+03
2.013965752999999950e+03
2.013968493000000080e+03
2.013971232999999984e+03
2.013973972999999887e+03
2.013976711999999907e+03
2.013979452000000038e+03
2.013982191999999941e+03
2.013984932000000072e+03
2.013987671000000091e+03
2.013990410999999995e+03
2.013993150999999898e+03
2.013995889999999918e+03
2.013998630000000048e+03
2.014001369999999952e+03
2.014004110000000082e+03
2.014006849000000102e+03
2.014009589000000005e+03
2.014012328999999909e+03
2.014015067999999928e+03
2.014017808000000059e+03
2.014020547999999962e+03
2.014023288000000093e+03
2.014026027000000113e+03
2.014028767000000016e+03
2.014031506999999920e+03
2.014034247000000050e+03
2.014036986000000070e+03
2.014039725999999973e+03
2.014042466000000104e+03
2.014045204999999896e+03
2.014047945000000027e+03
2.014050684999999930e+03
2.014053425000000061e+03
2.014056164000000081e+03
2.014058903999999984e+03
2.014061643999999887e+03
2.014064384000000018e+03
2.014067123000000038e+03
2.014069862999999941e+03
2.014072603000000072e+03
2.014075342000000092e+03
2.014078081999999995e+03
2.014080821999999898e+03
2.014083562000000029e+03
2.014086301000000049e+03
2.014089040999999952e+03
2.014091781000000083e+03
2.014094520999999986e+03
2.014097260000000006e+03
2.014099999999999909e+03
2.014102740000000040e+03
2.014105479000000059e+03
2.014108218999999963e+03
2.014110959000000094e+03
2.014113698999999997e+03
2.014116438000000016e+03
2.014119177999999920e+03
2.014121918000000051e+03
2.014124657999999954e+03
2.014127396999999974e+03
2.014130137000000104e+03
2.014132877000000008e+03
2.014135616000000027e+03
2.014138355999999931e+03
2.014141096000000061e+03
2.014143835999999965e+03
2.014146574999999984e+03
2.014149314999999888e+03
2.014152055000000018e+03
2.014154794999999922e+03
2.014157533999999941e+03
2.014160274000000072e+03
2.014163013999999976e+03
2.014165752999999995e+03
2.014168492999999899e+03
2.014171233000000029e+03
2.014173972999999933e+03
2.014176711999999952e+03
2.014179452000000083e+03
2.014182191999999986e+03
2.014184931999999890e+03
2.014187670999999909e+03
2.014190411000000040e+03
2.014193150999999943e+03
2.014195889999999963e+03
2.014198630000000094e+03
2.014201369999999997e+03
2.014204109999999901e+03
2.014206848999999920e+03
2.014209589000000051e+03
2.014212328999999954e+03
2.014215067999999974e+03
2.014217808000000105e+03
2.014220548000000008e+03
2.014223287999999911e+03
2.014226026999999931e+03
2.014228767000000062e+03
2.014231506999999965e+03
2.014234247000000096e+03
2.014236985999999888e+03
2.014239726000000019e+03
2.014242465999999922e+03
2.014245204999999942e+03
2.014247945000000072e+03
2.014250684999999976e+03
2.014253425000000107e+03
2.014256163999999899e+03
2.014258904000000030e+03
2.014261643999999933e+03
2.014264384000000064e+03
2.014267123000000083e+03
2.014269862999999987e+03
2.014272602999999890e+03
2.014275341999999910e+03
2.014278082000000040e+03
2.014280821999999944e+03
2.014283562000000074e+03
2.014286301000000094e+03
2.014289040999999997e+03
2.014291780999999901e+03
2.014294521000000032e+03
2.014297260000000051e+03
2.014299999999999955e+03
2.014302740000000085e+03
2.014305479000000105e+03
2.014308219000000008e+03
2.014310958999999912e+03
2.014313699000000042e+03
2.014316438000000062e+03
2.014319177999999965e+03
2.014321918000000096e+03
2.014324657999999999e+03
2.014327397000000019e+03
2.014330136999999922e+03
2.014332877000000053e+03
2.014335616000000073e+03
2.014338355999999976e+03
2.014341096000000107e+03
2.014343836000000010e+03
2.014346575000000030e+03
2.014349314999999933e+03
2.014352055000000064e+03
2.014354794999999967e+03
2.014357533999999987e+03
2.014360273999999890e+03
2.014363014000000021e+03
2.014365753000000041e+03
2.014368492999999944e+03
2.014371233000000075e+03
2.014373972999999978e+03
2.014376711999999998e+03
2.014379451999999901e+03
2.014382192000000032e+03
2.014384931999999935e+03
2.014387670999999955e+03
2.014390411000000086e+03
2.014393150999999989e+03
2.014395890000000009e+03
2.014398629999999912e+03
2.014401370000000043e+03
2.014404109999999946e+03
2.014406848999999966e+03
2.014409589000000096e+03
2.014412329000000000e+03
2.014415068000000019e+03
2.014417807999999923e+03
2.014420548000000053e+03
2.014423287999999957e+03
2.014426026999999976e+03
2.014428767000000107e+03
2.014431507000000011e+03
2.014434246999999914e+03
2.014436985999999933e+03
2.014439726000000064e+03
2.014442465999999968e+03
2.014445204999999987e+03
2.014447944999999891e+03
2.014450685000000021e+03
2.014453424999999925e+03
2.014456163999999944e+03
2.014458904000000075e+03
2.014461643999999978e+03
2.014464384000000109e+03
2.014467122999999901e+03
2.014469863000000032e+03
2.014472602999999935e+03
2.014475341999999955e+03
2.014478082000000086e+03
2.014480821999999989e+03
2.014483561999999893e+03
2.014486300999999912e+03
2.014489041000000043e+03
2.014491780999999946e+03
2.014494521000000077e+03
2.014497260000000097e+03
2.014500000000000000e+03
2.014502739999999903e+03
2.014505478999999923e+03
2.014508219000000054e+03
2.014510958999999957e+03
2.014513699000000088e+03
2.014516438000000107e+03
2.014519178000000011e+03
2.014521917999999914e+03
2.014524658000000045e+03
2.014527397000000065e+03
2.014530136999999968e+03
2.014532877000000099e+03
2.014535615999999891e+03
2.014538356000000022e+03
2.014541095999999925e+03
2.014543836000000056e+03
2.014546575000000075e+03
2.014549314999999979e+03
2.014552055000000109e+03
2.014554795000000013e+03
2.014557534000000032e+03
2.014560273999999936e+03
2.014563014000000067e+03
2.014565753000000086e+03
2.014568492999999989e+03
2.014571232999999893e+03
2.014573973000000024e+03
2.014576712000000043e+03
2.014579451999999947e+03
2.014582192000000077e+03
2.014584931999999981e+03
2.014587671000000000e+03
2.014590410999999904e+03
2.014593151000000034e+03
2.014595890000000054e+03
2.014598629999999957e+03
2.014601370000000088e+03
2.014604109999999991e+03
2.014606849000000011e+03
2.014609588999999914e+03
2.014612329000000045e+03
2.014615068000000065e+03
2.014617807999999968e+03
2.014620548000000099e+03
2.014623288000000002e+03
2.014626027000000022e+03
2.014628766999999925e+03
2.014631507000000056e+03
2.014634246999999959e+03
2.014636985999999979e+03
2.014639726000000110e+03
2.014642466000000013e+03
2.014645205000000033e+03
2.014647944999999936e+03
2.014650685000000067e+03
2.014653424999999970e+03
2.014656163999999990e+03
2.014658903999999893e+03
2.014661644000000024e+03
2.014664383999999927e+03
2.014667122999999947e+03
2.014669863000000078e+03
2.014672602999999981e+03
2.014675342000000001e+03
2.014678081999999904e+03
2.014680822000000035e+03
2.014683561999999938e+03
2.014686300999999958e+03
2.014689041000000088e+03
2.014691780999999992e+03
2.014694520999999895e+03
2.014697259999999915e+03
2.014700000000000045e+03
2.014702739999999949e+03
2.014705478999999968e+03
2.014708219000000099e+03
2.014710959000000003e+03
2.014713698999999906e+03
2.014716437999999926e+03
2.014719178000000056e+03
2.014721917999999960e+03
2.014724658000000090e+03
2.014727397000000110e+03
2.014730137000000013e+03
2.014732876999999917e+03
2.014735615999999936e+03
2.014738356000000067e+03
2.014741095999999970e+03
2.014743836000000101e+03
2.014746574999999893e+03
2.014749315000000024e+03
2.014752054999999928e+03
2.014754795000000058e+03
2.014757534000000078e+03
2.014760273999999981e+03
2.014763014000000112e+03
2.014765752999999904e+03
2.014768493000000035e+03
2.014771232999999938e+03
2.014773973000000069e+03
2.014776712000000089e+03
2.014779451999999992e+03
2.014782191999999895e+03
2.014784932000000026e+03
2.014787671000000046e+03
2.014790410999999949e+03
2.014793151000000080e+03
2.014795890000000099e+03
2.014798630000000003e+03
2.014801369999999906e+03
2.014804110000000037e+03
2.014806849000000057e+03
2.014809588999999960e+03
2.014812329000000091e+03
2.014815068000000110e+03
2.014817808000000014e+03
2.014820547999999917e+03
2.014823288000000048e+03
2.014826027000000067e+03
2.014828766999999971e+03
2.014831507000000101e+03
2.014834247000000005e+03
2.014836986000000024e+03
2.014839725999999928e+03
2.014842466000000059e+03
2.014845205000000078e+03
2.014847944999999982e+03
2.014850685000000112e+03
2.014853425000000016e+03
2.014856164000000035e+03
2.014858903999999939e+03
2.014861644000000069e+03
2.014864383999999973e+03
2.014867122999999992e+03
2.014869862999999896e+03
2.014872603000000026e+03
2.014875342000000046e+03
2.014878081999999949e+03
2.014880822000000080e+03
2.014883561999999984e+03
2.014886301000000003e+03
2.014889040999999906e+03
2.014891781000000037e+03
2.014894520999999941e+03
2.014897259999999960e+03
2.014900000000000091e+03
2.014902739999999994e+03
2.014905479000000014e+03
2.014908218999999917e+03
2.014910959000000048e+03
2.014913698999999951e+03
2.014916437999999971e+03
2.014919178000000102e+03
2.014921918000000005e+03
2.014924657999999908e+03
2.014927396999999928e+03
2.014930137000000059e+03
2.014932876999999962e+03
2.014935615999999982e+03
2.014938356000000113e+03
2.014941096000000016e+03
2.014943835999999919e+03
2.014946574999999939e+03
2.014949315000000070e+03
2.014952054999999973e+03
2.014954795000000104e+03
2.014957533999999896e+03
2.014960274000000027e+03
2.014963013999999930e+03
2.014965752999999950e+03
2.014968493000000080e+03
2.014971232999999984e+03
2.014973972999999887e+03
2.014976711999999907e+03
2.014979452000000038e+03
2.014982191999999941e+03
2.014984932000000072e+03
2.014987671000000091e+03
2.014990410999999995e+03
2.014993150999999898e+03
2.014995889999999918e+03
2.014998630000000048e+03
2.015001369999999952e+03
2.015004110000000082e+03
2.015006849000000102e+03
2.015009589000000005e+03
2.015012328999999909e+03
2.015015067999999928e+03
2.015017808000000059e+03
2.015020547999999962e+03
2.015023288000000093e+03
2.015026027000000113e+03
2.015028767000000016e+03
2.015031506999999920e+03
2.015034247000000050e+03
2.015036986000000070e+03
2.015039725999999973e+03
2.015042466000000104e+03
2.015045204999999896e+03
2.015047945000000027e+03
2.015050684999999930e+03
2.015053425000000061e+03
2.015056164000000081e+03
2.015058903999999984e+03
2.015061643999999887e+03
2.015064384000000018e+03
2.015067123000000038e+03
2.015069862999999941e+03
2.015072603000000072e+03
2.015075342000000092e+03
2.015078081999999995e+03
2.015080821999999898e+03
2.015083562000000029e+03
2.015086301000000049e+03
2.015089040999999952e+03
2.015091781000000083e+03
2.015094520999999986e+03
2.015097260000000006e+03
2.015099999999999909e+03
2.015102740000000040e+03
2.015105479000000059e+03
2.015108218999999963e+03
2.015110959000000094e+03
2.015113698999999997e+03
2.015116438000000016e+03
2.015119177999999920e+03
2.015121918000000051e+03
2.015124657999999954e+03
2.015127396999999974e+03
2.015130137000000104e+03
2.015132877000000008e+03
2.015135616000000027e+03
2.015138355999999931e+03
2.015141096000000061e+03
2.015143835999999965e+03
2.015146574999999984e+03
2.015149314999999888e+03
2.015152055000000018e+03
2.015154794999999922e+03
2.015157533999999941e+03
2.015160274000000072e+03
2.015163013999999976e+03
2.015165752999999995e+03
2.015168492999999899e+03
2.015171233000000029e+03
2.015173972999999933e+03
2.015176711999999952e+03
2.015179452000000083e+03
2.015182191999999986e+03
2.015184931999999890e+03
2.015187670999999909e+03
2.015190411000000040e+03
2.015193150999999943e+03
2.015195889999999963e+03
2.015198630000000094e+03
2.015201369999999997e+03
2.015204109999999901e+03
2.015206848999999920e+03
2.015209589000000051e+03
2.015212328999999954e+03
2.015215067999999974e+03
2.015217808000000105e+03
2.015220548000000008e+03
2.015223287999999911e+03
2.015226026999999931e+03
2.015228767000000062e+03
2.015231506999999965e+03
2.015234247000000096e+03
2.015236985999999888e+03
2.015239726000000019e+03
2.015242465999999922e+03
2.015245204999999942e+03
2.015247945000000072e+03
2.015250684999999976e+03
2.015253425000000107e+03
2.015256163999999899e+03
2.015258904000000030e+03
2.015261643999999933e+03
2.015264384000000064e+03
2.015267123000000083e+03
2.015269862999999987e+03
2.015272602999999890e+03
2.015275341999999910e+03
2.015278082000000040e+03
2.015280821999999944e+03
2.015283562000000074e+03
2.015286301000000094e+03
2.015289040999999997e+03
2.015291780999999901e+03
2.015294521000000032e+03
2.015297260000000051e+03
2.015299999999999955e+03
2.015302740000000085e+03
2.015305479000000105e+03
2.015308219000000008e+03
2.015310958999999912e+03
2.015313699000000042e+03
2.015316438000000062e+03
2.015319177999999965e+03
2.015321918000000096e+03
2.015324657999999999e+03
2.015327397000000019e+03
2.015330136999999922e+03
2.015332877000000053e+03
2.015335616000000073e+03
2.015338355999999976e+03
2.015341096000000107e+03
2.015343836000000010e+03
2.015346575000000030e+03
2.015349314999999933e+03
2.015352055000000064e+03
2.015354794999999967e+03
2.015357533999999987e+03
2.015360273999999890e+03
2.015363014000000021e+03
2.015365753000000041e+03
2.015368492999999944e+03
2.015371233000000075e+03
2.015373972999999978e+03
2.015376711999999998e+03
2.015379451999999901e+03
2.015382192000000032e+03
2.015384931999999935e+03
2.015387670999999955e+03
2.015390411000000086e+03
2.015393150999999989e+03
2.015395890000000009e+03
2.015398629999999912e+03
2.015401370000000043e+03
2.015404109999999946e+03
2.015406848999999966e+03
2.015409589000000096e+03
2.015412329000000000e+03
2.015415068000000019e+03
2.015417807999999923e+03
2.015420548000000053e+03
2.015423287999999957e+03
2.015426026999999976e+03
2.015428767000000107e+03
2.015431507000000011e+03
2.015434246999999914e+03
2.015436985999999933e+03
2.015439726000000064e+03
2.015442465999999968e+03
2.015445204999999987e+03
2.015447944999999891e+03
2.015450685000000021e+03
2.015453424999999925e+03
2.015456163999999944e+03
2.015458904000000075e+03
2.015461643999999978e+03
2.015464384000000109e+03
2.015467122999999901e+03
2.015469863000000032e+03
2.015472602999999935e+03
2.015475341999999955e+03
2.015478082000000086e+03
2.015480821999999989e+03
2.015483561999999893e+03
2.015486300999999912e+03
2.015489041000000043e+03
2.015491780999999946e+03
2.015494521000000077e+03
2.015497260000000097e+03
2.015500000000000000e+03
2.015502739999999903e+03
2.015505478999999923e+03
2.015508219000000054e+03
2.015510958999999957e+03
2.015513699000000088e+03
2.015516438000000107e+03
2.015519178000000011e+03
2.015521917999999914e+03
2.015524658000000045e+03
2.015527397000000065e+03
2.015530136999999968e+03
2.015532877000000099e+03
2.015535615999999891e+03
2.015538356000000022e+03
2.015541095999999925e+03
2.015543836000000056e+03
2.015546575000000075e+03
2.015549314999999979e+03
2.015552055000000109e+03
2.015554795000000013e+03
2.015557534000000032e+03
2.015560273999999936e+03
2.015563014000000067e+03
2.015565753000000086e+03
2.015568492999999989e+03
2.015571232999999893e+03
2.015573973000000024e+03
2.015576712000000043e+03
2.015579451999999947e+03
2.015582192000000077e+03
2.015584931999999981e+03
2.015587671000000000e+03
2.015590410999999904e+03
2.015593151000000034e+03
2.015595890000000054e+03
2.015598629999999957e+03
2.015601370000000088e+03
2.015604109999999991e+03
2.015606849000000011e+03
2.015609588999999914e+03
2.015612329000000045e+03
2.015615068000000065e+03
2.015617807999999968e+03
2.015620548000000099e+03
2.015623288000000002e+03
2.015626027000000022e+03
2.015628766999999925e+03
2.015631507000000056e+03
2.015634246999999959e+03
2.015636985999999979e+03
2.015639726000000110e+03
2.015642466000000013e+03
2.015645205000000033e+03
2.015647944999999936e+03
2.015650685000000067e+03
2.015653424999999970e+03
2.015656163999999990e+03
2.015658903999999893e+03
2.015661644000000024e+03
2.015664383999999927e+03
2.015667122999999947e+03
2.015669863000000078e+03
2.015672602999999981e+03
2.015675342000000001e+03
2.015678081999999904e+03
2.015680822000000035e+03
2.015683561999999938e+03
2.015686300999999958e+03
2.015689041000000088e+03
2.015691780999999992e+03
2.015694520999999895e+03
2.015697259999999915e+03
2.015700000000000045e+03
2.015702739999999949e+03
2.015705478999999968e+03
2.015708219000000099e+03
2.015710959000000003e+03
2.015713698999999906e+03
2.015716437999999926e+03
2.015719178000000056e+03
2.015721917999999960e+03
2.015724658000000090e+03
2.015727397000000110e+03
2.015730137000000013e+03
2.015732876999999917e+03
2.015735615999999936e+03
2.015738356000000067e+03
2.015741095999999970e+03
2.015743836000000101e+03
2.015746574999999893e+03
2.015749315000000024e+03
2.015752054999999928e+03
2.015754795000000058e+03
2.015757534000000078e+03
2.015760273999999981e+03
2.015763014000000112e+03
2.015765752999999904e+03
2.015768493000000035e+03
2.015771232999999938e+03
2.015773973000000069e+03
2.015776712000000089e+03
2.015779451999999992e+03
2.015782191999999895e+03
2.015784932000000026e+03
2.015787671000000046e+03
2.015790410999999949e+03
2.015793151000000080e+03
2.015795890000000099e+03
2.015798630000000003e+03
2.015801369999999906e+03
2.015804110000000037e+03
2.015806849000000057e+03
2.015809588999999960e+03
2.015812329000000091e+03
2.015815068000000110e+03
2.015817808000000014e+03
2.015820547999999917e+03
2.015823288000000048e+03
2.015826027000000067e+03
2.015828766999999971e+03
2.015831507000000101e+03
2.015834247000000005e+03
2.015836986000000024e+03
2.015839725999999928e+03
2.015842466000000059e+03
2.015845205000000078e+03
2.015847944999999982e+03
2.015850685000000112e+03
2.015853425000000016e+03
2.015856164000000035e+03
2.015858903999999939e+03
2.015861644000000069e+03
2.015864383999999973e+03
2.015867122999999992e+03
2.015869862999999896e+03
2.015872603000000026e+03
2.015875342000000046e+03
2.015878081999999949e+03
2.015880822000000080e+03
2.015883561999999984e+03
2.015886301000000003e+03
2.015889040999999906e+03
2.015891781000000037e+03
2.015894520999999941e+03
2.015897259999999960e+03
2.015900000000000091e+03
2.015902739999999994e+03
2.015905479000000014e+03
2.015908218999999917e+03
2.015910959000000048e+03
2.015913698999999951e+03
2.015916437999999971e+03
2.015919178000000102e+03
2.015921918000000005e+03
2.015924657999999908e+03
2.015927396999999928e+03
2.015930137000000059e+03
2.015932876999999962e+03
2.015935615999999982e+03
2.015938356000000113e+03
2.015941096000000016e+03
2.015943835999999919e+03
2.015946574999999939e+03
2.015949315000000070e+03
2.015952054999999973e+03
2.015954795000000104e+03
2.015957533999999896e+03
2.015960274000000027e+03
2.015963013999999930e+03
2.015965752999999950e+03
2.015968493000000080e+03
2.015971232999999984e+03
2.015973972999999887e+03
2.015976711999999907e+03
2.015979452000000038e+03
2.015982191999999941e+03
2.015984932000000072e+03
2.015987671000000091e+03
2.015990410999999995e+03
2.015993150999999898e+03
2.015995889999999918e+03
2.015998630000000048e+03
2.016001365999999962e+03
2.016004098000000113e+03
2.016006830999999920e+03
2.016009563000000071e+03
2.016012294999999995e+03
2.016015026999999918e+03
2.016017759999999953e+03
2.016020492000000104e+03
2.016023224000000027e+03
2.016025955999999951e+03
2.016028688999999986e+03
2.016031420999999909e+03
2.016034153000000060e+03
2.016036884999999984e+03
2.016039616999999907e+03
2.016042349999999942e+03
2.016045082000000093e+03
2.016047814000000017e+03
2.016050545999999940e+03
2.016053278999999975e+03
2.016056010999999899e+03
2.016058743000000050e+03
2.016061474999999973e+03
2.016064208000000008e+03
2.016066939999999931e+03
2.016069672000000082e+03
2.016072404000000006e+03
2.016075137000000041e+03
2.016077868999999964e+03
2.016080600999999888e+03
2.016083333000000039e+03
2.016086066000000073e+03
2.016088797999999997e+03
2.016091529999999921e+03
2.016094262000000072e+03
2.016096995000000106e+03
2.016099727000000030e+03
2.016102458999999953e+03
2.016105191000000104e+03
2.016107923000000028e+03
2.016110656000000063e+03
2.016113387999999986e+03
2.016116119999999910e+03
2.016118852000000061e+03
2.016121585000000096e+03
2.016124317000000019e+03
2.016127048999999943e+03
2.016129781000000094e+03
2.016132513999999901e+03
2.016135246000000052e+03
2.016137977999999976e+03
2.016140709999999899e+03
2.016143442999999934e+03
2.016146175000000085e+03
2.016148907000000008e+03
2.016151638999999932e+03
2.016154371999999967e+03
2.016157103999999890e+03
2.016159836000000041e+03
2.016162567999999965e+03
2.016165300999999999e+03
2.016168032999999923e+03
2.016170765000000074e+03
2.016173496999999998e+03
2.016176230000000032e+03
2.016178961999999956e+03
2.016181694000000107e+03
2.016184426000000030e+03
2.016187157999999954e+03
2.016189890999999989e+03
2.016192622999999912e+03
2.016195355000000063e+03
2.016198086999999987e+03
2.016200820000000022e+03
2.016203551999999945e+03
2.016206284000000096e+03
2.016209016000000020e+03
2.016211749000000054e+03
2.016214480999999978e+03
2.016217212999999902e+03
2.016219945000000052e+03
2.016222678000000087e+03
2.016225410000000011e+03
2.016228141999999934e+03
2.016230874000000085e+03
2.016233606999999893e+03
2.016236339000000044e+03
2.016239070999999967e+03
2.016241802999999891e+03
2.016244535999999925e+03
2.016247268000000076e+03
2.016250000000000000e+03
2.016252731999999924e+03
2.016255464000000075e+03
2.016258197000000109e+03
2.016260929000000033e+03
2.016263660999999956e+03
2.016266393000000107e+03
2.016269125999999915e+03
2.016271858000000066e+03
2.016274589999999989e+03
2.016277321999999913e+03
2.016280054999999948e+03
2.016282787000000098e+03
2.016285519000000022e+03
2.016288250999999946e+03
2.016290983999999980e+03
2.016293715999999904e+03
2.016296448000000055e+03
2.016299179999999978e+03
2.016301913000000013e+03
2.016304644999999937e+03
2.016307377000000088e+03
2.016310109000000011e+03
2.016312842000000046e+03
2.016315573999999970e+03
2.016318305999999893e+03
2.016321038000000044e+03
2.016323769999999968e+03
2.016326503000000002e+03
2.016329234999999926e+03
2.016331967000000077e+03
2.016334699000000001e+03
2.016337432000000035e+03
2.016340163999999959e+03
2.016342896000000110e+03
2.016345628000000033e+03
2.016348361000000068e+03
2.016351092999999992e+03
2.016353824999999915e+03
2.016356557000000066e+03
2.016359290000000101e+03
2.016362022000000024e+03
2.016364753999999948e+03
2.016367486000000099e+03
2.016370218999999906e+03
2.016372951000000057e+03
2.016375682999999981e+03
2.016378414999999904e+03
2.016381147999999939e+03
2.016383880000000090e+03
2.016386612000000014e+03
2.016389343999999937e+03
2.016392076999999972e+03
2.016394808999999896e+03
2.016397541000000047e+03
2.016400272999999970e+03
2.016403004999999894e+03
2.016405737999999928e+03
2.016408470000000079e+03
2.016411202000000003e+03
2.016413933999999927e+03
2.016416666999999961e+03
2.016419399000000112e+03
2.016422131000000036e+03
2.016424862999999959e+03
2.016427595999999994e+03
2.016430327999999918e+03
2.016433060000000069e+03
2.016435791999999992e+03
2.016438525000000027e+03
2.016441256999999950e+03
2.016443989000000101e+03
2.016446721000000025e+03
2.016449454000000060e+03
2.016452185999999983e+03
2.016454917999999907e+03
2.016457650000000058e+03
2.016460383000000093e+03
2.016463115000000016e+03
2.016465846999999940e+03
2.016468579000000091e+03
2.016471311000000014e+03
2.016474044000000049e+03
2.016476775999999973e+03
2.016479507999999896e+03
2.016482240000000047e+03
2.016484973000000082e+03
2.016487705000000005e+03
2.016490436999999929e+03
2.016493169000000080e+03
2.016495901999999887e+03
2.016498634000000038e+03
2.016501365999999962e+03
2.016504098000000113e+03
2.016506830999999920e+03
2.016509563000000071e+03
2.016512294999999995e+03
2.016515026999999918e+03
2.016517759999999953e+03
2.016520492000000104e+03
2.016523224000000027e+03
2.016525955999999951e+03
2.016528688999999986e+03
2.016531420999999909e+03
2.016534153000000060e+03
2.016536884999999984e+03
2.016539616999999907e+03
2.016542349999999942e+03
2.016545082000000093e+03
2.016547814000000017e+03
2.016550545999999940e+03
2.016553278999999975e+03
2.016556010999999899e+03
2.016558743000000050e+03
2.016561474999999973e+03
2.016564208000000008e+03
2.016566939999999931e+03
2.016569672000000082e+03
2.016572404000000006e+03
2.016575137000000041e+03
2.016577868999999964e+03
2.016580600999999888e+03
2.016583333000000039e+03
2.016586066000000073e+03
2.016588797999999997e+03
2.016591529999999921e+03
2.016594262000000072e+03
2.016596995000000106e+03
2.016599727000000030e+03
2.016602458999999953e+03
2.016605191000000104e+03
2.016607923000000028e+03
2.016610656000000063e+03
2.016613387999999986e+03
2.016616119999999910e+03
2.016618852000000061e+03
2.016621585000000096e+03
2.016624317000000019e+03
2.016627048999999943e+03
2.016629781000000094e+03
2.016632513999999901e+03
2.016635246000000052e+03
2.016637977999999976e+03
2.016640709999999899e+03
2.016643442999999934e+03
2.016646175000000085e+03
2.016648907000000008e+03
2.016651638999999932e+03
2.016654371999999967e+03
2.016657103999999890e+03
2.016659836000000041e+03
2.016662567999999965e+03
2.016665300999999999e+03
2.016668032999999923e+03
2.016670765000000074e+03
2.016673496999999998e+03
2.016676230000000032e+03
2.016678961999999956e+03
2.016681694000000107e+03
2.016684426000000030e+03
2.016687157999999954e+03
2.016689890999999989e+03
2.016692622999999912e+03
2.016695355000000063e+03
2.016698086999999987e+03
2.016700820000000022e+03
2.016703551999999945e+03
2.016706284000000096e+03
2.016709016000000020e+03
2.016711749000000054e+03
2.016714480999999978e+03
2.016717212999999902e+03
2.016719945000000052e+03
2.016722678000000087e+03
2.016725410000000011e+03
2.016728141999999934e+03
2.016730874000000085e+03
2.016733606999999893e+03
2.016736339000000044e+03
2.016739070999999967e+03
2.016741802999999891e+03
2.016744535999999925e+03
2.016747268000000076e+03
2.016750000000000000e+03
2.016752731999999924e+03
2.016755464000000075e+03
2.016758197000000109e+03
2.016760929000000033e+03
2.016763660999999956e+03
2.016766393000000107e+03
2.016769125999999915e+03
2.016771858000000066e+03
2.016774589999999989e+03
2.016777321999999913e+03
2.016780054999999948e+03
2.016782787000000098e+03
2.016785519000000022e+03
2.016788250999999946e+03
2.016790983999999980e+03
2.016793715999999904e+03
2.016796448000000055e+03
2.016799179999999978e+03
2.016801913000000013e+03
2.016804644999999937e+03
2.016807377000000088e+03
2.016810109000000011e+03
2.016812842000000046e+03
2.016815573999999970e+03
2.016818305999999893e+03
2.016821038000000044e+03
2.016823769999999968e+03
2.016826503000000002e+03
2.016829234999999926e+03
2.016831967000000077e+03
2.016834699000000001e+03
2.016837432000000035e+03
2.016840163999999959e+03
2.016842896000000110e+03
2.016845628000000033e+03
2.016848361000000068e+03
2.016851092999999992e+03
2.016853824999999915e+03
2.016856557000000066e+03
2.016859290000000101e+03
2.016862022000000024e+03
2.016864753999999948e+03
2.016867486000000099e+03
2.016870218999999906e+03
2.016872951000000057e+03
2.016875682999999981e+03
2.016878414999999904e+03
2.016881147999999939e+03
2.016883880000000090e+03
2.016886612000000014e+03
2.016889343999999937e+03
2.016892076999999972e+03
2.016894808999999896e+03
2.016897541000000047e+03
2.016900272999999970e+03
2.016903004999999894e+03
2.016905737999999928e+03
2.016908470000000079e+03
2.016911202000000003e+03
2.016913933999999927e+03
2.016916666999999961e+03
2.016919399000000112e+03
2.016922131000000036e+03
2.016924862999999959e+03
2.016927595999999994e+03
2.016930327999999918e+03
2.016933060000000069e+03
2.016935791999999992e+03
2.016938525000000027e+03
2.016941256999999950e+03
2.016943989000000101e+03
2.016946721000000025e+03
2.016949454000000060e+03
2.016952185999999983e+03
2.016954917999999907e+03
2.016957650000000058e+03
2.016960383000000093e+03
2.016963115000000016e+03
2.016965846999999940e+03
2.016968579000000091e+03
2.016971311000000014e+03
2.016974044000000049e+03
2.016976775999999973e+03
2.016979507999999896e+03
2.016982240000000047e+03
2.016984973000000082e+03
2.016987705000000005e+03
2.016990436999999929e+03
2.016993169000000080e+03
2.016995901999999887e+03
2.016998634000000038e+03
2.017001369999999952e+03
2.017004110000000082e+03
2.017006849000000102e+03
2.017009589000000005e+03
2.017012328999999909e+03
2.017015067999999928e+03
2.017017808000000059e+03
2.017020547999999962e+03
2.017023288000000093e+03
2.017026027000000113e+03
2.017028767000000016e+03
2.017031506999999920e+03
2.017034247000000050e+03
2.017036986000000070e+03
2.017039725999999973e+03
2.017042466000000104e+03
2.017045204999999896e+03
2.017047945000000027e+03
2.017050684999999930e+03
2.017053425000000061e+03
2.017056164000000081e+03
2.017058903999999984e+03
2.017061643999999887e+03
2.017064384000000018e+03
2.017067123000000038e+03
2.017069862999999941e+03
2.017072603000000072e+03
2.017075342000000092e+03
2.017078081999999995e+03
2.017080821999999898e+03
2.017083562000000029e+03
2.017086301000000049e+03
2.017089040999999952e+03
2.017091781000000083e+03
2.017094520999999986e+03
2.017097260000000006e+03
2.017099999999999909e+03
2.017102740000000040e+03
2.017105479000000059e+03
2.017108218999999963e+03
2.017110959000000094e+03
2.017113698999999997e+03
2.017116438000000016e+03
2.017119177999999920e+03
2.017121918000000051e+03
2.017124657999999954e+03
2.017127396999999974e+03
2.017130137000000104e+03
2.017132877000000008e+03
2.017135616000000027e+03
2.017138355999999931e+03
2.017141096000000061e+03
2.017143835999999965e+03
2.017146574999999984e+03
2.017149314999999888e+03
2.017152055000000018e+03
2.017154794999999922e+03
2.017157533999999941e+03
2.017160274000000072e+03
2.017163013999999976e+03
2.017165752999999995e+03
2.017168492999999899e+03
2.017171233000000029e+03
2.017173972999999933e+03
2.017176711999999952e+03
2.017179452000000083e+03
2.017182191999999986e+03
2.017184931999999890e+03
2.017187670999999909e+03
2.017190411000000040e+03
2.017193150999999943e+03
2.017195889999999963e+03
2.017198630000000094e+03
2.017201369999999997e+03
2.017204109999999901e+03
2.017206848999999920e+03
2.017209589000000051e+03
2.017212328999999954e+03
2.017215067999999974e+03
2.017217808000000105e+03
2.017220548000000008e+03
2.017223287999999911e+03
2.017226026999999931e+03
2.017228767000000062e+03
2.017231506999999965e+03
2.017234247000000096e+03
2.017236985999999888e+03
2.017239726000000019e+03
2.017242465999999922e+03
2.017245204999999942e+03
2.017247945000000072e+03
2.017250684999999976e+03
2.017253425000000107e+03
2.017256163999999899e+03
2.017258904000000030e+03
2.017261643999999933e+03
2.017264384000000064e+03
2.017267123000000083e+03
2.017269862999999987e+03
2.017272602999999890e+03
2.017275341999999910e+03
2.017278082000000040e+03
2.017280821999999944e+03
2.017283562000000074e+03
2.017286301000000094e+03
2.017289040999999997e+03
2.017291780999999901e+03
2.017294521000000032e+03
2.017297260000000051e+03
2.017299999999999955e+03
2.017302740000000085e+03
2.017305479000000105e+03
2.017308219000000008e+03
2.017310958999999912e+03
2.017313699000000042e+03
2.017316438000000062e+03
2.017319177999999965e+03
2.017321918000000096e+03
2.017324657999999999e+03
2.017327397000000019e+03
2.017330136999999922e+03
2.017332877000000053e+03
2.017335616000000073e+03
2.017338355999999976e+03
2.017341096000000107e+03
2.017343836000000010e+03
2.017346575000000030e+03
2.017349314999999933e+03
2.017352055000000064e+03
2.017354794999999967e+03
2.017357533999999987e+03
2.017360273999999890e+03
2.017363014000000021e+03
2.017365753000000041e+03
2.017368492999999944e+03
2.017371233000000075e+03
2.017373972999999978e+03
2.017376711999999998e+03
2.017379451999999901e+03
2.017382192000000032e+03
2.017384931999999935e+03
2.017387670999999955e+03
2.017390411000000086e+03
2.017393150999999989e+03
2.017395890000000009e+03
2.017398629999999912e+03
2.017401370000000043e+03
2.017404109999999946e+03
2.017406848999999966e+03
2.017409589000000096e+03
2.017412329000000000e+03
2.017415068000000019e+03
2.017417807999999923e+03
2.017420548000000053e+03
2.017423287999999957e+03
2.017426026999999976e+03
2.017428767000000107e+03
2.017431507000000011e+03
2.017434246999999914e+03
2.017436985999999933e+03
2.017439726000000064e+03
2.017442465999999968e+03
2.017445204999999987e+03
2.017447944999999891e+03
2.017450685000000021e+03
2.017453424999999925e+03
2.017456163999999944e+03
2.017458904000000075e+03
2.017461643999999978e+03
2.017464384000000109e+03
2.017467122999999901e+03
2.017469863000000032e+03
2.017472602999999935e+03
2.017475341999999955e+03
2.017478082000000086e+03
2.017480821999999989e+03
2.017483561999999893e+03
2.017486300999999912e+03
2.017489041000000043e+03
2.017491780999999946e+03
2.017494521000000077e+03
2.017497260000000097e+03
2.017500000000000000e+03
2.017502739999999903e+03
2.017505478999999923e+03
2.017508219000000054e+03
2.017510958999999957e+03
2.017513699000000088e+03
2.017516438000000107e+03
2.017519178000000011e+03
2.017521917999999914e+03
2.017524658000000045e+03
2.017527397000000065e+03
2.017530136999999968e+03
2.017532877000000099e+03
2.017535615999999891e+03
2.017538356000000022e+03
2.017541095999999925e+03
2.017543836000000056e+03
2.017546575000000075e+03
2.017549314999999979e+03
2.017552055000000109e+03
2.017554795000000013e+03
2.017557534000000032e+03
2.017560273999999936e+03
2.017563014000000067e+03
2.017565753000000086e+03
2.017568492999999989e+03
2.017571232999999893e+03
2.017573973000000024e+03
2.017576712000000043e+03
2.017579451999999947e+03
2.017582192000000077e+03
2.017584931999999981e+03
2.017587671000000000e+03
2.017590410999999904e+03
2.017593151000000034e+03
2.017595890000000054e+03
2.017598629999999957e+03
2.017601370000000088e+03
2.017604109999999991e+03
2.017606849000000011e+03
2.017609588999999914e+03
2.017612329000000045e+03
2.017615068000000065e+03
2.017617807999999968e+03
2.017620548000000099e+03
2.017623288000000002e+03
2.017626027000000022e+03
2.017628766999999925e+03
2.017631507000000056e+03
2.017634246999999959e+03
2.017636985999999979e+03
2.017639726000000110e+03
2.017642466000000013e+03
2.017645205000000033e+03
2.017647944999999936e+03
2.017650685000000067e+03
2.017653424999999970e+03
2.017656163999999990e+03
2.017658903999999893e+03
2.017661644000000024e+03
2.017664383999999927e+03
2.017667122999999947e+03
2.017669863000000078e+03
2.017672602999999981e+03
2.017675342000000001e+03
2.017678081999999904e+03
2.017680822000000035e+03
2.017683561999999938e+03
2.017686300999999958e+03
2.017689041000000088e+03
2.017691780999999992e+03
2.017694520999999895e+03
2.017697259999999915e+03
2.017700000000000045e+03
2.017702739999999949e+03
2.017705478999999968e+03
2.017708219000000099e+03
2.017710959000000003e+03
2.017713698999999906e+03
2.017716437999999926e+03
2.017719178000000056e+03
2.017721917999999960e+03
2.017724658000000090e+03
2.017727397000000110e+03
2.017730137000000013e+03
2.017732876999999917e+03
2.017735615999999936e+03
2.017738356000000067e+03
2.017741095999999970e+03
2.017743836000000101e+03
2.017746574999999893e+03
2.017749315000000024e+03
2.017752054999999928e+03
2.017754795000000058e+03
2.017757534000000078e+03
2.017760273999999981e+03
2.017763014000000112e+03
2.017765752999999904e+03
2.017768493000000035e+03
2.017771232999999938e+03
2.017773973000000069e+03
2.017776712000000089e+03
2.017779451999999992e+03
2.017782191999999895e+03
2.017784932000000026e+03
2.017787671000000046e+03
2.017790410999999949e+03
2.017793151000000080e+03
2.017795890000000099e+03
2.017798630000000003e+03
2.017801369999999906e+03
2.017804110000000037e+03
2.017806849000000057e+03
2.017809588999999960e+03
2.017812329000000091e+03
2.017815068000000110e+03
2.017817808000000014e+03
2.017820547999999917e+03
2.017823288000000048e+03
2.017826027000000067e+03
2.017828766999999971e+03
2.017831507000000101e+03
2.017834247000000005e+03
2.017836986000000024e+03
2.017839725999999928e+03
2.017842466000000059e+03
2.017845205000000078e+03
2.017847944999999982e+03
2.017850685000000112e+03
2.017853425000000016e+03
2.017856164000000035e+03
2.017858903999999939e+03
2.017861644000000069e+03
2.017864383999999973e+03
2.017867122999999992e+03
2.017869862999999896e+03
2.017872603000000026e+03
2.017875342000000046e+03
2.017878081999999949e+03
2.017880822000000080e+03
2.017883561999999984e+03
2.017886301000000003e+03
2.017889040999999906e+03
2.017891781000000037e+03
2.017894520999999941e+03
2.017897259999999960e+03
2.017900000000000091e+03
2.017902739999999994e+03
2.017905479000000014e+03
2.017908218999999917e+03
2.017910959000000048e+03
2.017913698999999951e+03
2.017916437999999971e+03
2.017919178000000102e+03
2.017921918000000005e+03
2.017924657999999908e+03
2.017927396999999928e+03
2.017930137000000059e+03
2.017932876999999962e+03
2.017935615999999982e+03
2.017938356000000113e+03
2.017941096000000016e+03
2.017943835999999919e+03
2.017946574999999939e+03
2.017949315000000070e+03
2.017952054999999973e+03
2.017954795000000104e+03
2.017957533999999896e+03
2.017960274000000027e+03
2.017963013999999930e+03
2.017965752999999950e+03
2.017968493000000080e+03
2.017971232999999984e+03
2.017973972999999887e+03
2.017976711999999907e+03
2.017979452000000038e+03
2.017982191999999941e+03
2.017984932000000072e+03
2.017987671000000091e+03
2.017990410999999995e+03
2.017993150999999898e+03
2.017995889999999918e+03
2.017998630000000048e+03
2.018001369999999952e+03
2.018004110000000082e+03
2.018006849000000102e+03
2.018009589000000005e+03
2.018012328999999909e+03
2.018015067999999928e+03
2.018017808000000059e+03
2.018020547999999962e+03
2.018023288000000093e+03
2.018026027000000113e+03
2.018028767000000016e+03
2.018031506999999920e+03
2.018034247000000050e+03
2.018036986000000070e+03
2.018039725999999973e+03
2.018042466000000104e+03
2.018045204999999896e+03
2.018047945000000027e+03
2.018050684999999930e+03
2.018053425000000061e+03
2.018056164000000081e+03
2.018058903999999984e+03
2.018061643999999887e+03
2.018064384000000018e+03
2.018067123000000038e+03
2.018069862999999941e+03
2.018072603000000072e+03
2.018075342000000092e+03
2.018078081999999995e+03
2.018080821999999898e+03
2.018083562000000029e+03
2.018086301000000049e+03
2.018089040999999952e+03
2.018091781000000083e+03
2.018094520999999986e+03
2.018097260000000006e+03
2.018099999999999909e+03
2.018102740000000040e+03
2.018105479000000059e+03
2.018108218999999963e+03
2.018110959000000094e+03
2.018113698999999997e+03
2.018116438000000016e+03
2.018119177999999920e+03
2.018121918000000051e+03
2.018124657999999954e+03
2.018127396999999974e+03
2.018130137000000104e+03
2.018132877000000008e+03
2.018135616000000027e+03
2.018138355999999931e+03
2.018141096000000061e+03
2.018143835999999965e+03
2.018146574999999984e+03
2.018149314999999888e+03
2.018152055000000018e+03
2.018154794999999922e+03
2.018157533999999941e+03
2.018160274000000072e+03
2.018163013999999976e+03
2.018165752999999995e+03
2.018168492999999899e+03
2.018171233000000029e+03
2.018173972999999933e+03
2.018176711999999952e+03
2.018179452000000083e+03
2.018182191999999986e+03
2.018184931999999890e+03
2.018187670999999909e+03
2.018190411000000040e+03
2.018193150999999943e+03
2.018195889999999963e+03
2.018198630000000094e+03
2.018201369999999997e+03
2.018204109999999901e+03
2.018206848999999920e+03
2.018209589000000051e+03
2.018212328999999954e+03
2.018215067999999974e+03
2.018217808000000105e+03
2.018220548000000008e+03
2.018223287999999911e+03
2.018226026999999931e+03
2.018228767000000062e+03
2.018231506999999965e+03
2.018234247000000096e+03
2.018236985999999888e+03
2.018239726000000019e+03
2.018242465999999922e+03
2.018245204999999942e+03
2.018247945000000072e+03
2.018250684999999976e+03
2.018253425000000107e+03
2.018256163999999899e+03
2.018258904000000030e+03
2.018261643999999933e+03
2.018264384000000064e+03
2.018267123000000083e+03
2.018269862999999987e+03
2.018272602999999890e+03
2.018275341999999910e+03
2.018278082000000040e+03
2.018280821999999944e+03
2.018283562000000074e+03
2.018286301000000094e+03
2.018289040999999997e+03
2.018291780999999901e+03
2.018294521000000032e+03
2.018297260000000051e+03
2.018299999999999955e+03
2.018302740000000085e+03
2.018305479000000105e+03
2.018308219000000008e+03
2.018310958999999912e+03
2.018313699000000042e+03
2.018316438000000062e+03
2.018319177999999965e+03
2.018321918000000096e+03
2.018324657999999999e+03
2.018327397000000019e+03
2.018330136999999922e+03
2.018332877000000053e+03
2.018335616000000073e+03
2.018338355999999976e+03
2.018341096000000107e+03
2.018343836000000010e+03
2.018346575000000030e+03
2.018349314999999933e+03
2.018352055000000064e+03
2.018354794999999967e+03
2.018357533999999987e+03
2.018360273999999890e+03
2.018363014000000021e+03
2.018365753000000041e+03
2.018368492999999944e+03
2.018371233000000075e+03
2.018373972999999978e+03
2.018376711999999998e+03
2.018379451999999901e+03
2.018382192000000032e+03
2.018384931999999935e+03
2.018387670999999955e+03
2.018390411000000086e+03
2.018393150999999989e+03
2.018395890000000009e+03
2.018398629999999912e+03
2.018401370000000043e+03
2.018404109999999946e+03
2.018406848999999966e+03
2.018409589000000096e+03
2.018412329000000000e+03
2.018415068000000019e+03
2.018417807999999923e+03
2.018420548000000053e+03
2.018423287999999957e+03
2.018426026999999976e+03
2.018428767000000107e+03
2.018431507000000011e+03
2.018434246999999914e+03
2.018436985999999933e+03
2.018439726000000064e+03
2.018442465999999968e+03
2.018445204999999987e+03
2.018447944999999891e+03
2.018450685000000021e+03
2.018453424999999925e+03
2.018456163999999944e+03
2.018458904000000075e+03
2.018461643999999978e+03
2.018464384000000109e+03
2.018467122999999901e+03
2.018469863000000032e+03
2.018472602999999935e+03
2.018475341999999955e+03
2.018478082000000086e+03
2.018480821999999989e+03
2.018483561999999893e+03
2.018486300999999912e+03
2.018489041000000043e+03
2.018491780999999946e+03
2.018494521000000077e+03
2.018497260000000097e+03
2.018500000000000000e+03
2.018502739999999903e+03
2.018505478999999923e+03
2.018508219000000054e+03
2.018510958999999957e+03
2.018513699000000088e+03
2.018516438000000107e+03
2.018519178000000011e+03
2.018521917999999914e+03
2.018524658000000045e+03
2.018527397000000065e+03
2.018530136999999968e+03
2.018532877000000099e+03
2.018535615999999891e+03
2.018538356000000022e+03
2.018541095999999925e+03
2.018543836000000056e+03
2.018546575000000075e+03
2.018549314999999979e+03
2.018552055000000109e+03
2.018554795000000013e+03
2.018557534000000032e+03
2.018560273999999936e+03
2.018563014000000067e+03
2.018565753000000086e+03
2.018568492999999989e+03
2.018571232999999893e+03
2.018573973000000024e+03
2.018576712000000043e+03
2.018579451999999947e+03
2.018582192000000077e+03
2.018584931999999981e+03
2.018587671000000000e+03
2.018590410999999904e+03
2.018593151000000034e+03
2.018595890000000054e+03
2.018598629999999957e+03
2.018601370000000088e+03
2.018604109999999991e+03
2.018606849000000011e+03
2.018609588999999914e+03
2.018612329000000045e+03
2.018615068000000065e+03
2.018617807999999968e+03
2.018620548000000099e+03
2.018623288000000002e+03
2.018626027000000022e+03
2.018628766999999925e+03
2.018631507000000056e+03
2.018634246999999959e+03
2.018636985999999979e+03
2.018639726000000110e+03
2.018642466000000013e+03
2.018645205000000033e+03
2.018647944999999936e+03
2.018650685000000067e+03
2.018653424999999970e+03
2.018656163999999990e+03
2.018658903999999893e+03
2.018661644000000024e+03
2.018664383999999927e+03
2.018667122999999947e+03
2.018669863000000078e+03
2.018672602999999981e+03
2.018675342000000001e+03
2.018678081999999904e+03
2.018680822000000035e+03
2.018683561999999938e+03
2.018686300999999958e+03
2.018689041000000088e+03
2.018691780999999992e+03
2.018694520999999895e+03
2.018697259999999915e+03
2.018700000000000045e+03
2.018702739999999949e+03
2.018705478999999968e+03
2.018708219000000099e+03
2.018710959000000003e+03
2.018713698999999906e+03
2.018716437999999926e+03
2.018719178000000056e+03
2.018721917999999960e+03
2.018724658000000090e+03
2.018727397000000110e+03
2.018730137000000013e+03
2.018732876999999917e+03
2.018735615999999936e+03
2.018738356000000067e+03
2.018741095999999970e+03
2.018743836000000101e+03
2.018746574999999893e+03
2.018749315000000024e+03
2.018752054999999928e+03
2.018754795000000058e+03
2.018757534000000078e+03
2.018760273999999981e+03
2.018763014000000112e+03
2.018765752999999904e+03
2.018768493000000035e+03
2.018771232999999938e+03
2.018773973000000069e+03
2.018776712000000089e+03
2.018779451999999992e+03
2.018782191999999895e+03
2.018784932000000026e+03
2.018787671000000046e+03
2.018790410999999949e+03
2.018793151000000080e+03
2.018795890000000099e+03
2.018798630000000003e+03
2.018801369999999906e+03
2.018804110000000037e+03
2.018806849000000057e+03
2.018809588999999960e+03
2.018812329000000091e+03
2.018815068000000110e+03
2.018817808000000014e+03
2.018820547999999917e+03
2.018823288000000048e+03
2.018826027000000067e+03
2.018828766999999971e+03
2.018831507000000101e+03
2.018834247000000005e+03
2.018836986000000024e+03
2.018839725999999928e+03
2.018842466000000059e+03
2.018845205000000078e+03
2.018847944999999982e+03
2.018850685000000112e+03
2.018853425000000016e+03
2.018856164000000035e+03
2.018858903999999939e+03
2.018861644000000069e+03
2.018864383999999973e+03
2.018867122999999992e+03
2.018869862999999896e+03
2.018872603000000026e+03
2.018875342000000046e+03
2.018878081999999949e+03
2.018880822000000080e+03
2.018883561999999984e+03
2.018886301000000003e+03
2.018889040999999906e+03
2.018891781000000037e+03
2.018894520999999941e+03
2.018897259999999960e+03
2.018900000000000091e+03
2.018902739999999994e+03
2.018905479000000014e+03
2.018908218999999917e+03
2.018910959000000048e+03
2.018913698999999951e+03
2.018916437999999971e+03
2.018919178000000102e+03
2.018921918000000005e+03
2.018924657999999908e+03
2.018927396999999928e+03
2.018930137000000059e+03
2.018932876999999962e+03
2.018935615999999982e+03
2.018938356000000113e+03
2.018941096000000016e+03
2.018943835999999919e+03
2.018946574999999939e+03
2.018949315000000070e+03
2.018952054999999973e+03
2.018954795000000104e+03
2.018957533999999896e+03
2.018960274000000027e+03
2.018963013999999930e+03
2.018965752999999950e+03
2.018968493000000080e+03
2.018971232999999984e+03
2.018973972999999887e+03
2.018976711999999907e+03
2.018979452000000038e+03
2.018982191999999941e+03
2.018984932000000072e+03
2.018987671000000091e+03
2.018990410999999995e+03
2.018993150999999898e+03
2.018995889999999918e+03
2.018998630000000048e+03
2.019001369999999952e+03
2.019004110000000082e+03
2.019006849000000102e+03
2.019009589000000005e+03
2.019012328999999909e+03
2.019015067999999928e+03
2.019017808000000059e+03
2.019020547999999962e+03
2.019023288000000093e+03
2.019026027000000113e+03
2.019028767000000016e+03
2.019031506999999920e+03
2.019034247000000050e+03
2.019036986000000070e+03
2.019039725999999973e+03
2.019042466000000104e+03
2.019045204999999896e+03
2.019047945000000027e+03
2.019050684999999930e+03
2.019053425000000061e+03
2.019056164000000081e+03
2.019058903999999984e+03
2.019061643999999887e+03
2.019064384000000018e+03
2.019067123000000038e+03
2.019069862999999941e+03
2.019072603000000072e+03
2.019075342000000092e+03
2.019078081999999995e+03
2.019080821999999898e+03
2.019083562000000029e+03
2.019086301000000049e+03
2.019089040999999952e+03
2.019091781000000083e+03
2.019094520999999986e+03
2.019097260000000006e+03
2.019099999999999909e+03
2.019102740000000040e+03
2.019105479000000059e+03
2.019108218999999963e+03
2.019110959000000094e+03
2.019113698999999997e+03
2.019116438000000016e+03
2.019119177999999920e+03
2.019121918000000051e+03
2.019124657999999954e+03
2.019127396999999974e+03
2.019130137000000104e+03
2.019132877000000008e+03
2.019135616000000027e+03
2.019138355999999931e+03
2.019141096000000061e+03
2.019143835999999965e+03
2.019146574999999984e+03
2.019149314999999888e+03
2.019152055000000018e+03
2.019154794999999922e+03
2.019157533999999941e+03
2.019160274000000072e+03
2.019163013999999976e+03
2.019165752999999995e+03
2.019168492999999899e+03
2.019171233000000029e+03
2.019173972999999933e+03
2.019176711999999952e+03
2.019179452000000083e+03
2.019182191999999986e+03
2.019184931999999890e+03
2.019187670999999909e+03
2.019190411000000040e+03
2.019193150999999943e+03
2.019195889999999963e+03
2.019198630000000094e+03
2.019201369999999997e+03
2.019204109999999901e+03
2.019206848999999920e+03
2.019209589000000051e+03
2.019212328999999954e+03
2.019215067999999974e+03
2.019217808000000105e+03
2.019220548000000008e+03
2.019223287999999911e+03
2.019226026999999931e+03
2.019228767000000062e+03
2.019231506999999965e+03
2.019234247000000096e+03
2.019236985999999888e+03
2.019239726000000019e+03
2.019242465999999922e+03
2.019245204999999942e+03
2.019247945000000072e+03
2.019250684999999976e+03
2.019253425000000107e+03
2.019256163999999899e+03
2.019258904000000030e+03
2.019261643999999933e+03
2.019264384000000064e+03
2.019267123000000083e+03
2.019269862999999987e+03
2.019272602999999890e+03
2.019275341999999910e+03
2.019278082000000040e+03
2.019280821999999944e+03
2.019283562000000074e+03
2.019286301000000094e+03
2.019289040999999997e+03
2.019291780999999901e+03
2.019294521000000032e+03
2.019297260000000051e+03
2.019299999999999955e+03
2.019302740000000085e+03
2.019305479000000105e+03
2.019308219000000008e+03
2.019310958999999912e+03
2.019313699000000042e+03
2.019316438000000062e+03
2.019319177999999965e+03
2.019321918000000096e+03
2.019324657999999999e+03
2.019327397000000019e+03
2.019330136999999922e+03
2.019332877000000053e+03
2.019335616000000073e+03
2.019338355999999976e+03
2.019341096000000107e+03
2.019343836000000010e+03
2.019346575000000030e+03
2.019349314999999933e+03
2.019352055000000064e+03
2.019354794999999967e+03
2.019357533999999987e+03
2.019360273999999890e+03
2.019363014000000021e+03
2.019365753000000041e+03
2.019368492999999944e+03
2.019371233000000075e+03
2.019373972999999978e+03
2.019376711999999998e+03
2.019379451999999901e+03
2.019382192000000032e+03
2.019384931999999935e+03
2.019387670999999955e+03
2.019390411000000086e+03
2.019393150999999989e+03
2.019395890000000009e+03
2.019398629999999912e+03
2.019401370000000043e+03
2.019404109999999946e+03
2.019406848999999966e+03
2.019409589000000096e+03
2.019412329000000000e+03
2.019415068000000019e+03
2.019417807999999923e+03
2.019420548000000053e+03
2.019423287999999957e+03
2.019426026999999976e+03
2.019428767000000107e+03
2.019431507000000011e+03
2.019434246999999914e+03
2.019436985999999933e+03
2.019439726000000064e+03
2.019442465999999968e+03
2.019445204999999987e+03
2.019447944999999891e+03
2.019450685000000021e+03
2.019453424999999925e+03
2.019456163999999944e+03
2.019458904000000075e+03
2.019461643999999978e+03
2.019464384000000109e+03
2.019467122999999901e+03
2.019469863000000032e+03
2.019472602999999935e+03
2.019475341999999955e+03
2.019478082000000086e+03
2.019480821999999989e+03
2.019483561999999893e+03
2.019486300999999912e+03
2.019489041000000043e+03
2.019491780999999946e+03
2.019494521000000077e+03
2.019497260000000097e+03
2.019500000000000000e+03
2.019502739999999903e+03
2.019505478999999923e+03
2.019508219000000054e+03
2.019510958999999957e+03
2.019513699000000088e+03
2.019516438000000107e+03
2.019519178000000011e+03
2.019521917999999914e+03
2.019524658000000045e+03
2.019527397000000065e+03
2.019530136999999968e+03
2.019532877000000099e+03
2.019535615999999891e+03
2.019538356000000022e+03
2.019541095999999925e+03
2.019543836000000056e+03
2.019546575000000075e+03
2.019549314999999979e+03
2.019552055000000109e+03
2.019554795000000013e+03
2.019557534000000032e+03
2.019560273999999936e+03
2.019563014000000067e+03
2.019565753000000086e+03
2.019568492999999989e+03
2.019571232999999893e+03
2.019573973000000024e+03
2.019576712000000043e+03
2.019579451999999947e+03
2.019582192000000077e+03
2.019584931999999981e+03
2.019587671000000000e+03
2.019590410999999904e+03
2.019593151000000034e+03
2.019595890000000054e+03
2.019598629999999957e+03
2.019601370000000088e+03
2.019604109999999991e+03
2.019606849000000011e+03
2.019609588999999914e+03
2.019612329000000045e+03
2.019615068000000065e+03
2.019617807999999968e+03
2.019620548000000099e+03
2.019623288000000002e+03
2.019626027000000022e+03
2.019628766999999925e+03
2.019631507000000056e+03
2.019634246999999959e+03
2.019636985999999979e+03
2.019639726000000110e+03
2.019642466000000013e+03
2.019645205000000033e+03
2.019647944999999936e+03
2.019650685000000067e+03
2.019653424999999970e+03
2.019656163999999990e+03
2.019658903999999893e+03
2.019661644000000024e+03
2.019664383999999927e+03
2.019667122999999947e+03
2.019669863000000078e+03
2.019672602999999981e+03
2.019675342000000001e+03
2.019678081999999904e+03
2.019680822000000035e+03
2.019683561999999938e+03
2.019686300999999958e+03
2.019689041000000088e+03
2.019691780999999992e+03
2.019694520999999895e+03
2.019697259999999915e+03
2.019700000000000045e+03
2.019702739999999949e+03
2.019705478999999968e+03
2.019708219000000099e+03
2.019710959000000003e+03
2.019713698999999906e+03
2.019716437999999926e+03
2.019719178000000056e+03
2.019721917999999960e+03
2.019724658000000090e+03
2.019727397000000110e+03
2.019730137000000013e+03
2.019732876999999917e+03
2.019735615999999936e+03
2.019738356000000067e+03
2.019741095999999970e+03
2.019743836000000101e+03
2.019746574999999893e+03
2.019749315000000024e+03
2.019752054999999928e+03
2.019754795000000058e+03
2.019757534000000078e+03
2.019760273999999981e+03
2.019763014000000112e+03
2.019765752999999904e+03
2.019768493000000035e+03
2.019771232999999938e+03
2.019773973000000069e+03
2.019776712000000089e+03
2.019779451999999992e+03
2.019782191999999895e+03
2.019784932000000026e+03
2.019787671000000046e+03
2.019790410999999949e+03
2.019793151000000080e+03
2.019795890000000099e+03
2.019798630000000003e+03
2.019801369999999906e+03
2.019804110000000037e+03
2.019806849000000057e+03
2.019809588999999960e+03
2.019812329000000091e+03
2.019815068000000110e+03
2.019817808000000014e+03
2.019820547999999917e+03
2.019823288000000048e+03
2.019826027000000067e+03
2.019828766999999971e+03
2.019831507000000101e+03
2.019834247000000005e+03
2.019836986000000024e+03
2.019839725999999928e+03
2.019842466000000059e+03
2.019845205000000078e+03
2.019847944999999982e+03
2.019850685000000112e+03
2.019853425000000016e+03
2.019856164000000035e+03
2.019858903999999939e+03
2.019861644000000069e+03
2.019864383999999973e+03
2.019867122999999992e+03
2.019869862999999896e+03
2.019872603000000026e+03
2.019875342000000046e+03
2.019878081999999949e+03
2.019880822000000080e+03
2.019883561999999984e+03
2.019886301000000003e+03
2.019889040999999906e+03
2.019891781000000037e+03
2.019894520999999941e+03
2.019897259999999960e+03
2.019900000000000091e+03
2.019902739999999994e+03
2.019905479000000014e+03
2.019908218999999917e+03
2.019910959000000048e+03
2.019913698999999951e+03
2.019916437999999971e+03
2.019919178000000102e+03
2.019921918000000005e+03
2.019924657999999908e+03
2.019927396999999928e+03
2.019930137000000059e+03
2.019932876999999962e+03
2.019935615999999982e+03
2.019938356000000113e+03
2.019941096000000016e+03
2.019943835999999919e+03
2.019946574999999939e+03
2.019949315000000070e+03
2.019952054999999973e+03
2.019954795000000104e+03
2.019957533999999896e+03
2.019960274000000027e+03
2.019963013999999930e+03
2.019965752999999950e+03
2.019968493000000080e+03
2.019971232999999984e+03
2.019973972999999887e+03
2.019976711999999907e+03
2.019979452000000038e+03
2.019982191999999941e+03
2.019984932000000072e+03
2.019987671000000091e+03
2.019990410999999995e+03
2.019993150999999898e+03
2.019995889999999918e+03
2.019998630000000048e+03
2.020001365999999962e+03
2.020004098000000113e+03
2.020006830999999920e+03
2.020009563000000071e+03
2.020012294999999995e+03
2.020015026999999918e+03
2.020017759999999953e+03
2.020020492000000104e+03
2.020023224000000027e+03
2.020025955999999951e+03
2.020028688999999986e+03
2.020031420999999909e+03
2.020034153000000060e+03
2.020036884999999984e+03
2.020039616999999907e+03
2.020042349999999942e+03
2.020045082000000093e+03
2.020047814000000017e+03
2.020050545999999940e+03
2.020053278999999975e+03
2.020056010999999899e+03
2.020058743000000050e+03
2.020061474999999973e+03
2.020064208000000008e+03
2.020066939999999931e+03
2.020069672000000082e+03
2.020072404000000006e+03
2.020075137000000041e+03
2.020077868999999964e+03
2.020080600999999888e+03
2.020083333000000039e+03
2.020086066000000073e+03
2.020088797999999997e+03
2.020091529999999921e+03
2.020094262000000072e+03
2.020096995000000106e+03
2.020099727000000030e+03
2.020102458999999953e+03
2.020105191000000104e+03
2.020107923000000028e+03
2.020110656000000063e+03
2.020113387999999986e+03
2.020116119999999910e+03
2.020118852000000061e+03
2.020121585000000096e+03
2.020124317000000019e+03
2.020127048999999943e+03
2.020129781000000094e+03
2.020132513999999901e+03
2.020135246000000052e+03
2.020137977999999976e+03
2.020140709999999899e+03
2.020143442999999934e+03
2.020146175000000085e+03
2.020148907000000008e+03
2.020151638999999932e+03
2.020154371999999967e+03
2.020157103999999890e+03
2.020159836000000041e+03
2.020162567999999965e+03
2.020165300999999999e+03
2.020168032999999923e+03
2.020170765000000074e+03
2.020173496999999998e+03
2.020176230000000032e+03
2.020178961999999956e+03
2.020181694000000107e+03
2.020184426000000030e+03
2.020187157999999954e+03
2.020189890999999989e+03
2.020192622999999912e+03
2.020195355000000063e+03
2.020198086999999987e+03
2.020200820000000022e+03
2.020203551999999945e+03
2.020206284000000096e+03
2.020209016000000020e+03
2.020211749000000054e+03
2.020214480999999978e+03
2.020217212999999902e+03
2.020219945000000052e+03
2.020222678000000087e+03
2.020225410000000011e+03
2.020228141999999934e+03
2.020230874000000085e+03
2.020233606999999893e+03
2.020236339000000044e+03
2.020239070999999967e+03
2.020241802999999891e+03
2.020244535999999925e+03
2.020247268000000076e+03
2.020250000000000000e+03
2.020252731999999924e+03
2.020255464000000075e+03
2.020258197000000109e+03
2.020260929000000033e+03
2.020263660999999956e+03
2.020266393000000107e+03
2.020269125999999915e+03
2.020271858000000066e+03
2.020274589999999989e+03
2.020277321999999913e+03
2.020280054999999948e+03
2.020282787000000098e+03
2.020285519000000022e+03
2.020288250999999946e+03
2.020290983999999980e+03
2.020293715999999904e+03
2.020296448000000055e+03
2.020299179999999978e+03
2.020301913000000013e+03
2.020304644999999937e+03
2.020307377000000088e+03
2.020310109000000011e+03
2.020312842000000046e+03
2.020315573999999970e+03
2.020318305999999893e+03
2.020321038000000044e+03
2.020323769999999968e+03
2.020326503000000002e+03
2.020329234999999926e+03
2.020331967000000077e+03
2.020334699000000001e+03
2.020337432000000035e+03
2.020340163999999959e+03
2.020342896000000110e+03
2.020345628000000033e+03
2.020348361000000068e+03
2.020351092999999992e+03
2.020353824999999915e+03
2.020356557000000066e+03
2.020359290000000101e+03
2.020362022000000024e+03
2.020364753999999948e+03
2.020367486000000099e+03
2.020370218999999906e+03
2.020372951000000057e+03
2.020375682999999981e+03
2.020378414999999904e+03
2.020381147999999939e+03
2.020383880000000090e+03
2.020386612000000014e+03
2.020389343999999937e+03
2.020392076999999972e+03
2.020394808999999896e+03
2.020397541000000047e+03
2.020400272999999970e+03
2.020403004999999894e+03
2.020405737999999928e+03
2.020408470000000079e+03
2.020411202000000003e+03
2.020413933999999927e+03
2.020416666999999961e+03
2.020419399000000112e+03
2.020422131000000036e+03
2.020424862999999959e+03
2.020427595999999994e+03
2.020430327999999918e+03
2.020433060000000069e+03
2.020435791999999992e+03
2.020438525000000027e+03
2.020441256999999950e+03
2.020443989000000101e+03
2.020446721000000025e+03
2.020449454000000060e+03
2.020452185999999983e+03
2.020454917999999907e+03
2.020457650000000058e+03
2.020460383000000093e+03
2.020463115000000016e+03
2.020465846999999940e+03
2.020468579000000091e+03
2.020471311000000014e+03
2.020474044000000049e+03
2.020476775999999973e+03
2.020479507999999896e+03
2.020482240000000047e+03
2.020484973000000082e+03
2.020487705000000005e+03
2.020490436999999929e+03
2.020493169000000080e+03
2.020495901999999887e+03
2.020498634000000038e+03
2.020501365999999962e+03
2.020504098000000113e+03
2.020506830999999920e+03
2.020509563000000071e+03
2.020512294999999995e+03
2.020515026999999918e+03
2.020517759999999953e+03
2.020520492000000104e+03
2.020523224000000027e+03
2.020525955999999951e+03
2.020528688999999986e+03
2.020531420999999909e+03
2.020534153000000060e+03
2.020536884999999984e+03
2.020539616999999907e+03
2.020542349999999942e+03
2.020545082000000093e+03
2.020547814000000017e+03
2.020550545999999940e+03
2.020553278999999975e+03
2.020556010999999899e+03
2.020558743000000050e+03
2.020561474999999973e+03
2.020564208000000008e+03
2.020566939999999931e+03
2.020569672000000082e+03
2.020572404000000006e+03
2.020575137000000041e+03
2.020577868999999964e+03
2.020580600999999888e+03
2.020583333000000039e+03
2.020586066000000073e+03
2.020588797999999997e+03
2.020591529999999921e+03
2.020594262000000072e+03
2.020596995000000106e+03
2.020599727000000030e+03
2.020602458999999953e+03
2.020605191000000104e+03
2.020607923000000028e+03
2.020610656000000063e+03
2.020613387999999986e+03
2.020616119999999910e+03
2.020618852000000061e+03
2.020621585000000096e+03
2.020624317000000019e+03
2.020627048999999943e+03
2.020629781000000094e+03
2.020632513999999901e+03
2.020635246000000052e+03
2.020637977999999976e+03
2.020640709999999899e+03
2.020643442999999934e+03
2.020646175000000085e+03
2.020648907000000008e+03
2.020651638999999932e+03
2.020654371999999967e+03
2.020657103999999890e+03
2.020659836000000041e+03
2.020662567999999965e+03
2.020665300999999999e+03
2.020668032999999923e+03
2.020670765000000074e+03
2.020673496999999998e+03
2.020676230000000032e+03
2.020678961999999956e+03
2.020681694000000107e+03
2.020684426000000030e+03
2.020687157999999954e+03
2.020689890999999989e+03
2.020692622999999912e+03
2.020695355000000063e+03
2.020698086999999987e+03
2.020700820000000022e+03
2.020703551999999945e+03
2.020706284000000096e+03
2.020709016000000020e+03
2.020711749000000054e+03
2.020714480999999978e+03
2.020717212999999902e+03
2.020719945000000052e+03
2.020722678000000087e+03
2.020725410000000011e+03
2.020728141999999934e+03
2.020730874000000085e+03
2.020733606999999893e+03
2.020736339000000044e+03
2.020739070999999967e+03
2.020741802999999891e+03
2.020744535999999925e+03
2.020747268000000076e+03
2.020750000000000000e+03
2.020752731999999924e+03
2.020755464000000075e+03
2.020758197000000109e+03
2.020760929000000033e+03
2.020763660999999956e+03
2.020766393000000107e+03
2.020769125999999915e+03
2.020771858000000066e+03
2.020774589999999989e+03
2.020777321999999913e+03
2.020780054999999948e+03
2.020782787000000098e+03
2.020785519000000022e+03
2.020788250999999946e+03
2.020790983999999980e+03
2.020793715999999904e+03
2.020796448000000055e+03
2.020799179999999978e+03
2.020801913000000013e+03
2.020804644999999937e+03
2.020807377000000088e+03
2.020810109000000011e+03
2.020812842000000046e+03
2.020815573999999970e+03
2.020818305999999893e+03
2.020821038000000044e+03
2.020823769999999968e+03
2.020826503000000002e+03
2.020829234999999926e+03
2.020831967000000077e+03
2.020834699000000001e+03
2.020837432000000035e+03
2.020840163999999959e+03
2.020842896000000110e+03
2.020845628000000033e+03
2.020848361000000068e+03
2.020851092999999992e+03
2.020853824999999915e+03
2.020856557000000066e+03
2.020859290000000101e+03
2.020862022000000024e+03
2.020864753999999948e+03
2.020867486000000099e+03
2.020870218999999906e+03
2.020872951000000057e+03
2.020875682999999981e+03
2.020878414999999904e+03
2.020881147999999939e+03
2.020883880000000090e+03
2.020886612000000014e+03
2.020889343999999937e+03
2.020892076999999972e+03
2.020894808999999896e+03
2.020897541000000047e+03
2.020900272999999970e+03
2.020903004999999894e+03
2.020905737999999928e+03
2.020908470000000079e+03
2.020911202000000003e+03
2.020913933999999927e+03
2.020916666999999961e+03
2.020919399000000112e+03
2.020922131000000036e+03
2.020924862999999959e+03
2.020927595999999994e+03
2.020930327999999918e+03
2.020933060000000069e+03
2.020935791999999992e+03
2.020938525000000027e+03
2.020941256999999950e+03
2.020943989000000101e+03
2.020946721000000025e+03
2.020949454000000060e+03
2.020952185999999983e+03
2.020954917999999907e+03
2.020957650000000058e+03
2.020960383000000093e+03
2.020963115000000016e+03
2.020965846999999940e+03
2.020968579000000091e+03
2.020971311000000014e+03
2.020974044000000049e+03
2.020976775999999973e+03
2.020979507999999896e+03
2.020982240000000047e+03
2.020984973000000082e+03
2.020987705000000005e+03
2.020990436999999929e+03
2.020993169000000080e+03
2.020995901999999887e+03
2.020998634000000038e+03
2.021001369999999952e+03
2.021004110000000082e+03
2.021006849000000102e+03
2.021009589000000005e+03
2.021012328999999909e+03
2.021015067999999928e+03
2.021017808000000059e+03
2.021020547999999962e+03
2.021023288000000093e+03
2.021026027000000113e+03
2.021028767000000016e+03
2.021031506999999920e+03
2.021034247000000050e+03
2.021036986000000070e+03
2.021039725999999973e+03
2.021042466000000104e+03
2.021045204999999896e+03
2.021047945000000027e+03
2.021050684999999930e+03
2.021053425000000061e+03
2.021056164000000081e+03
2.021058903999999984e+03
2.021061643999999887e+03
2.021064384000000018e+03
2.021067123000000038e+03
2.021069862999999941e+03
2.021072603000000072e+03
2.021075342000000092e+03
2.021078081999999995e+03
2.021080821999999898e+03
2.021083562000000029e+03
2.021086301000000049e+03
2.021089040999999952e+03
2.021091781000000083e+03
2.021094520999999986e+03
2.021097260000000006e+03
2.021099999999999909e+03
2.021102740000000040e+03
2.021105479000000059e+03
2.021108218999999963e+03
2.021110959000000094e+03
2.021113698999999997e+03
2.021116438000000016e+03
2.021119177999999920e+03
2.021121918000000051e+03
2.021124657999999954e+03
2.021127396999999974e+03
2.021130137000000104e+03
2.021132877000000008e+03
2.021135616000000027e+03
2.021138355999999931e+03
2.021141096000000061e+03
2.021143835999999965e+03
2.021146574999999984e+03
2.021149314999999888e+03
2.021152055000000018e+03
2.021154794999999922e+03
2.021157533999999941e+03
2.021160274000000072e+03
2.021163013999999976e+03
2.021165752999999995e+03
2.021168492999999899e+03
2.021171233000000029e+03
2.021173972999999933e+03
2.021176711999999952e+03
2.021179452000000083e+03
2.021182191999999986e+03
2.021184931999999890e+03
2.021187670999999909e+03
2.021190411000000040e+03
2.021193150999999943e+03
2.021195889999999963e+03
2.021198630000000094e+03
2.021201369999999997e+03
2.021204109999999901e+03
2.021206848999999920e+03
2.021209589000000051e+03
2.021212328999999954e+03
2.021215067999999974e+03
2.021217808000000105e+03
2.021220548000000008e+03
2.021223287999999911e+03
2.021226026999999931e+03
2.021228767000000062e+03
2.021231506999999965e+03
2.021234247000000096e+03
2.021236985999999888e+03
2.021239726000000019e+03
2.021242465999999922e+03
2.021245204999999942e+03
2.021247945000000072e+03
2.021250684999999976e+03
2.021253425000000107e+03
2.021256163999999899e+03
2.021258904000000030e+03
2.021261643999999933e+03
2.021264384000000064e+03
2.021267123000000083e+03
2.021269862999999987e+03
2.021272602999999890e+03
2.021275341999999910e+03
2.021278082000000040e+03
2.021280821999999944e+03
2.021283562000000074e+03
2.021286301000000094e+03
2.021289040999999997e+03
2.021291780999999901e+03
2.021294521000000032e+03
2.021297260000000051e+03
2.021299999999999955e+03
2.021302740000000085e+03
2.021305479000000105e+03
2.021308219000000008e+03
2.021310958999999912e+03
2.021313699000000042e+03
2.021316438000000062e+03
2.021319177999999965e+03
2.021321918000000096e+03
2.021324657999999999e+03
2.021327397000000019e+03
2.021330136999999922e+03
2.021332877000000053e+03
2.021335616000000073e+03
2.021338355999999976e+03
2.021341096000000107e+03
2.021343836000000010e+03
2.021346575000000030e+03
2.021349314999999933e+03
2.021352055000000064e+03
2.021354794999999967e+03
2.021357533999999987e+03
2.021360273999999890e+03
2.021363014000000021e+03
2.021365753000000041e+03
2.021368492999999944e+03
2.021371233000000075e+03
2.021373972999999978e+03
2.021376711999999998e+03
2.021379451999999901e+03
2.021382192000000032e+03
2.021384931999999935e+03
2.021387670999999955e+03
2.021390411000000086e+03
2.021393150999999989e+03
2.021395890000000009e+03
2.021398629999999912e+03
2.021401370000000043e+03
2.021404109999999946e+03
2.021406848999999966e+03
2.021409589000000096e+03
2.021412329000000000e+03
2.021415068000000019e+03
2.021417807999999923e+03
2.021420548000000053e+03
2.021423287999999957e+03
2.021426026999999976e+03
2.021428767000000107e+03
2.021431507000000011e+03
2.021434246999999914e+03
2.021436985999999933e+03
2.021439726000000064e+03
2.021442465999999968e+03
2.021445204999999987e+03
2.021447944999999891e+03
2.021450685000000021e+03
2.021453424999999925e+03
2.021456163999999944e+03
2.021458904000000075e+03
2.021461643999999978e+03
2.021464384000000109e+03
2.021467122999999901e+03
2.021469863000000032e+03
2.021472602999999935e+03
2.021475341999999955e+03
2.021478082000000086e+03
2.021480821999999989e+03
2.021483561999999893e+03
2.021486300999999912e+03
2.021489041000000043e+03
2.021491780999999946e+03
2.021494521000000077e+03
2.021497260000000097e+03
2.021500000000000000e+03
2.021502739999999903e+03
2.021505478999999923e+03
2.021508219000000054e+03
2.021510958999999957e+03
2.021513699000000088e+03
2.021516438000000107e+03
2.021519178000000011e+03
2.021521917999999914e+03
2.021524658000000045e+03
2.021527397000000065e+03
2.021530136999999968e+03
2.021532877000000099e+03
2.021535615999999891e+03
2.021538356000000022e+03
2.021541095999999925e+03
2.021543836000000056e+03
2.021546575000000075e+03
2.021549314999999979e+03
2.021552055000000109e+03
2.021554795000000013e+03
2.021557534000000032e+03
2.021560273999999936e+03
2.021563014000000067e+03
2.021565753000000086e+03
2.021568492999999989e+03
2.021571232999999893e+03
2.021573973000000024e+03
2.021576712000000043e+03
2.021579451999999947e+03
2.021582192000000077e+03
2.021584931999999981e+03
2.021587671000000000e+03
2.021590410999999904e+03
2.021593151000000034e+03
2.021595890000000054e+03
2.021598629999999957e+03
2.021601370000000088e+03
2.021604109999999991e+03
2.021606849000000011e+03
2.021609588999999914e+03
2.021612329000000045e+03
2.021615068000000065e+03
2.021617807999999968e+03
2.021620548000000099e+03
2.021623288000000002e+03
2.021626027000000022e+03
2.021628766999999925e+03
2.021631507000000056e+03
2.021634246999999959e+03
2.021636985999999979e+03
2.021639726000000110e+03
2.021642466000000013e+03
2.021645205000000033e+03
2.021647944999999936e+03
2.021650685000000067e+03
2.021653424999999970e+03
2.021656163999999990e+03
2.021658903999999893e+03
2.021661644000000024e+03
2.021664383999999927e+03
2.021667122999999947e+03
2.021669863000000078e+03
2.021672602999999981e+03
2.021675342000000001e+03
2.021678081999999904e+03
2.021680822000000035e+03
2.021683561999999938e+03
2.021686300999999958e+03
2.021689041000000088e+03
2.021691780999999992e+03
2.021694520999999895e+03
2.021697259999999915e+03
2.021700000000000045e+03
2.021702739999999949e+03
2.021705478999999968e+03
2.021708219000000099e+03
2.021710959000000003e+03
2.021713698999999906e+03
2.021716437999999926e+03
2.021719178000000056e+03
2.021721917999999960e+03
2.021724658000000090e+03
2.021727397000000110e+03
2.021730137000000013e+03
2.021732876999999917e+03
2.021735615999999936e+03
2.021738356000000067e+03
2.021741095999999970e+03
2.021743836000000101e+03
2.021746574999999893e+03
2.021749315000000024e+03
2.021752054999999928e+03
2.021754795000000058e+03
2.021757534000000078e+03
2.021760273999999981e+03
2.021763014000000112e+03
2.021765752999999904e+03
2.021768493000000035e+03
2.021771232999999938e+03
2.021773973000000069e+03
2.021776712000000089e+03
2.021779451999999992e+03
2.021782191999999895e+03
2.021784932000000026e+03
2.021787671000000046e+03
2.021790410999999949e+03
2.021793151000000080e+03
2.021795890000000099e+03
2.021798630000000003e+03
2.021801369999999906e+03
2.021804110000000037e+03
2.021806849000000057e+03
2.021809588999999960e+03
2.021812329000000091e+03
2.021815068000000110e+03
2.021817808000000014e+03
2.021820547999999917e+03
2.021823288000000048e+03
2.021826027000000067e+03
2.021828766999999971e+03
2.021831507000000101e+03
2.021834247000000005e+03
2.021836986000000024e+03
2.021839725999999928e+03
2.021842466000000059e+03
2.021845205000000078e+03
2.021847944999999982e+03
2.021850685000000112e+03
2.021853425000000016e+03
2.021856164000000035e+03
2.021858903999999939e+03
2.021861644000000069e+03
2.021864383999999973e+03
2.021867122999999992e+03
2.021869862999999896e+03
2.021872603000000026e+03
2.021875342000000046e+03
2.021878081999999949e+03
2.021880822000000080e+03
2.021883561999999984e+03
2.021886301000000003e+03
2.021889040999999906e+03
2.021891781000000037e+03
2.021894520999999941e+03
2.021897259999999960e+03
2.021900000000000091e+03
2.021902739999999994e+03
2.021905479000000014e+03
2.021908218999999917e+03
2.021910959000000048e+03
2.021913698999999951e+03
2.021916437999999971e+03
2.021919178000000102e+03
2.021921918000000005e+03
2.021924657999999908e+03
2.021927396999999928e+03
2.021930137000000059e+03
2.021932876999999962e+03
2.021935615999999982e+03
2.021938356000000113e+03
2.021941096000000016e+03
2.021943835999999919e+03
2.021946574999999939e+03
2.021949315000000070e+03
2.021952054999999973e+03
2.021954795000000104e+03
2.021957533999999896e+03
2.021960274000000027e+03
2.021963013999999930e+03
2.021965752999999950e+03
2.021968493000000080e+03
2.021971232999999984e+03
2.021973972999999887e+03
2.021976711999999907e+03
2.021979452000000038e+03
2.021982191999999941e+03
2.021984932000000072e+03
2.021987671000000091e+03
2.021990410999999995e+03
2.021993150999999898e+03
2.021995889999999918e+03
2.021998630000000048e+03
2.022001369999999952e+03
2.022004110000000082e+03
2.022006849000000102e+03
2.022009589000000005e+03
2.022012328999999909e+03
2.022015067999999928e+03
2.022017808000000059e+03
2.022020547999999962e+03
2.022023288000000093e+03
2.022026027000000113e+03
2.022028767000000016e+03
2.022031506999999920e+03
2.022034247000000050e+03
2.022036986000000070e+03
2.022039725999999973e+03
2.022042466000000104e+03
2.022045204999999896e+03
2.022047945000000027e+03
2.022050684999999930e+03
2.022053425000000061e+03
2.022056164000000081e+03
2.022058903999999984e+03
2.022061643999999887e+03
2.022064384000000018e+03
2.022067123000000038e+03
2.022069862999999941e+03
2.022072603000000072e+03
2.022075342000000092e+03
2.022078081999999995e+03
2.022080821999999898e+03
2.022083562000000029e+03
2.022086301000000049e+03
2.022089040999999952e+03
2.022091781000000083e+03
2.022094520999999986e+03
2.022097260000000006e+03
2.022099999999999909e+03
2.022102740000000040e+03
2.022105479000000059e+03
2.022108218999999963e+03
2.022110959000000094e+03
2.022113698999999997e+03
2.022116438000000016e+03
2.022119177999999920e+03
2.022121918000000051e+03
2.022124657999999954e+03
2.022127396999999974e+03
2.022130137000000104e+03
2.022132877000000008e+03
2.022135616000000027e+03
2.022138355999999931e+03
2.022141096000000061e+03
2.022143835999999965e+03
2.022146574999999984e+03
2.022149314999999888e+03
2.022152055000000018e+03
2.022154794999999922e+03
2.022157533999999941e+03
2.022160274000000072e+03
2.022163013999999976e+03
2.022165752999999995e+03
2.022168492999999899e+03
2.022171233000000029e+03
2.022173972999999933e+03
2.022176711999999952e+03
2.022179452000000083e+03
2.022182191999999986e+03
2.022184931999999890e+03
2.022187670999999909e+03
2.022190411000000040e+03
2.022193150999999943e+03
2.022195889999999963e+03
2.022198630000000094e+03
2.022201369999999997e+03
2.022204109999999901e+03
2.022206848999999920e+03
2.022209589000000051e+03
2.022212328999999954e+03
2.022215067999999974e+03
2.022217808000000105e+03
2.022220548000000008e+03
2.022223287999999911e+03
2.022226026999999931e+03
2.022228767000000062e+03
2.022231506999999965e+03
2.022234247000000096e+03
2.022236985999999888e+03
2.022239726000000019e+03
2.022242465999999922e+03
2.022245204999999942e+03
2.022247945000000072e+03
2.022250684999999976e+03
2.022253425000000107e+03
2.022256163999999899e+03
2.022258904000000030e+03
2.022261643999999933e+03
2.022264384000000064e+03
2.022267123000000083e+03
2.022269862999999987e+03
2.022272602999999890e+03
2.022275341999999910e+03
2.022278082000000040e+03
2.022280821999999944e+03
2.022283562000000074e+03
2.022286301000000094e+03
2.022289040999999997e+03
2.022291780999999901e+03
2.022294521000000032e+03
2.022297260000000051e+03
2.022299999999999955e+03
2.022302740000000085e+03
2.022305479000000105e+03
2.022308219000000008e+03
2.022310958999999912e+03
2.022313699000000042e+03
2.022316438000000062e+03
2.022319177999999965e+03
2.022321918000000096e+03
2.022324657999999999e+03
2.022327397000000019e+03
2.022330136999999922e+03
2.022332877000000053e+03
2.022335616000000073e+03
2.022338355999999976e+03
2.022341096000000107e+03
2.022343836000000010e+03
2.022346575000000030e+03
2.022349314999999933e+03
2.022352055000000064e+03
2.022354794999999967e+03
2.022357533999999987e+03
2.022360273999999890e+03
2.022363014000000021e+03
2.022365753000000041e+03
2.022368492999999944e+03
2.022371233000000075e+03
2.022373972999999978e+03
2.022376711999999998e+03
2.022379451999999901e+03
2.022382192000000032e+03
2.022384931999999935e+03
2.022387670999999955e+03
2.022390411000000086e+03
2.022393150999999989e+03
2.022395890000000009e+03
2.022398629999999912e+03
2.022401370000000043e+03
2.022404109999999946e+03
2.022406848999999966e+03
2.022409589000000096e+03
2.022412329000000000e+03
2.022415068000000019e+03
2.022417807999999923e+03
2.022420548000000053e+03
2.022423287999999957e+03
2.022426026999999976e+03
2.022428767000000107e+03
2.022431507000000011e+03
2.022434246999999914e+03
2.022436985999999933e+03
2.022439726000000064e+03
2.022442465999999968e+03
2.022445204999999987e+03
2.022447944999999891e+03
2.022450685000000021e+03
2.022453424999999925e+03
2.022456163999999944e+03
2.022458904000000075e+03
2.022461643999999978e+03
2.022464384000000109e+03
2.022467122999999901e+03
2.022469863000000032e+03
2.022472602999999935e+03
2.022475341999999955e+03
2.022478082000000086e+03
2.022480821999999989e+03
2.022483561999999893e+03
2.022486300999999912e+03
2.022489041000000043e+03
2.022491780999999946e+03
2.022494521000000077e+03
2.022497260000000097e+03
2.022500000000000000e+03
2.022502739999999903e+03
2.022505478999999923e+03
2.022508219000000054e+03
2.022510958999999957e+03
2.022513699000000088e+03
2.022516438000000107e+03
2.022519178000000011e+03
2.022521917999999914e+03
2.022524658000000045e+03
2.022527397000000065e+03
2.022530136999999968e+03
2.022532877000000099e+03
2.022535615999999891e+03
2.022538356000000022e+03
2.022541095999999925e+03
2.022543836000000056e+03
2.022546575000000075e+03
2.022549314999999979e+03
2.022552055000000109e+03
2.022554795000000013e+03
2.022557534000000032e+03
2.022560273999999936e+03
2.022563014000000067e+03
2.022565753000000086e+03
2.022568492999999989e+03
2.022571232999999893e+03
2.022573973000000024e+03
2.022576712000000043e+03
2.022579451999999947e+03
2.022582192000000077e+03
2.022584931999999981e+03
2.022587671000000000e+03
2.022590410999999904e+03
2.022593151000000034e+03
2.022595890000000054e+03
2.022598629999999957e+03
2.022601370000000088e+03
2.022604109999999991e+03
2.022606849000000011e+03
2.022609588999999914e+03
2.022612329000000045e+03
2.022615068000000065e+03
2.022617807999999968e+03
2.022620548000000099e+03
2.022623288000000002e+03
2.022626027000000022e+03
2.022628766999999925e+03
2.022631507000000056e+03
2.022634246999999959e+03
2.022636985999999979e+03
2.022639726000000110e+03
2.022642466000000013e+03
2.022645205000000033e+03
2.022647944999999936e+03
2.022650685000000067e+03
2.022653424999999970e+03
2.022656163999999990e+03
2.022658903999999893e+03
2.022661644000000024e+03
2.022664383999999927e+03
2.022667122999999947e+03
2.022669863000000078e+03
2.022672602999999981e+03
2.022675342000000001e+03
2.022678081999999904e+03
2.022680822000000035e+03
2.022683561999999938e+03
2.022686300999999958e+03
2.022689041000000088e+03
2.022691780999999992e+03
2.022694520999999895e+03
2.022697259999999915e+03
2.022700000000000045e+03
2.022702739999999949e+03
2.022705478999999968e+03
2.022708219000000099e+03
2.022710959000000003e+03
2.022713698999999906e+03
2.022716437999999926e+03
2.022719178000000056e+03
2.022721917999999960e+03
2.022724658000000090e+03
2.022727397000000110e+03
2.022730137000000013e+03
2.022732876999999917e+03
2.022735615999999936e+03
2.022738356000000067e+03
2.022741095999999970e+03
2.022743836000000101e+03
2.022746574999999893e+03
2.022749315000000024e+03
2.022752054999999928e+03
2.022754795000000058e+03
2.022757534000000078e+03
2.022760273999999981e+03
2.022763014000000112e+03
2.022765752999999904e+03
2.022768493000000035e+03
2.022771232999999938e+03
2.022773973000000069e+03
2.022776712000000089e+03
2.022779451999999992e+03
2.022782191999999895e+03
2.022784932000000026e+03
2.022787671000000046e+03
2.022790410999999949e+03
2.022793151000000080e+03
2.022795890000000099e+03
2.022798630000000003e+03
2.022801369999999906e+03
2.022804110000000037e+03
2.022806849000000057e+03
2.022809588999999960e+03
2.022812329000000091e+03
2.022815068000000110e+03
2.022817808000000014e+03
2.022820547999999917e+03
2.022823288000000048e+03
2.022826027000000067e+03
2.022828766999999971e+03
2.022831507000000101e+03
2.022834247000000005e+03
2.022836986000000024e+03
2.022839725999999928e+03
2.022842466000000059e+03
2.022845205000000078e+03
2.022847944999999982e+03
2.022850685000000112e+03
2.022853425000000016e+03
2.022856164000000035e+03
2.022858903999999939e+03
2.022861644000000069e+03
2.022864383999999973e+03
2.022867122999999992e+03
2.022869862999999896e+03
2.022872603000000026e+03
2.022875342000000046e+03
2.022878081999999949e+03
2.022880822000000080e+03
2.022883561999999984e+03
2.022886301000000003e+03
2.022889040999999906e+03
2.022891781000000037e+03
2.022894520999999941e+03
2.022897259999999960e+03
2.022900000000000091e+03
2.022902739999999994e+03
2.022905479000000014e+03
2.022908218999999917e+03
2.022910959000000048e+03
2.022913698999999951e+03
2.022916437999999971e+03
2.022919178000000102e+03
2.022921918000000005e+03
2.022924657999999908e+03
2.022927396999999928e+03
2.022930137000000059e+03
2.022932876999999962e+03
2.022935615999999982e+03
2.022938356000000113e+03
2.022941096000000016e+03
2.022943835999999919e+03
2.022946574999999939e+03
2.022949315000000070e+03
2.022952054999999973e+03
2.022954795000000104e+03
2.022957533999999896e+03
2.022960274000000027e+03
2.022963013999999930e+03
2.022965752999999950e+03
2.022968493000000080e+03
2.022971232999999984e+03
2.022973972999999887e+03
2.022976711999999907e+03
2.022979452000000038e+03
2.022982191999999941e+03
2.022984932000000072e+03
2.022987671000000091e+03
2.022990410999999995e+03
2.022993150999999898e+03
2.022995889999999918e+03
2.022998630000000048e+03
2.023001369999999952e+03
2.023004110000000082e+03
2.023006849000000102e+03
2.023009589000000005e+03
2.023012328999999909e+03
2.023015067999999928e+03
2.023017808000000059e+03
2.023020547999999962e+03
2.023023288000000093e+03
2.023026027000000113e+03
2.023028767000000016e+03
2.023031506999999920e+03
2.023034247000000050e+03
2.023036986000000070e+03
2.023039725999999973e+03
2.023042466000000104e+03
2.023045204999999896e+03
2.023047945000000027e+03
2.023050684999999930e+03
2.023053425000000061e+03
2.023056164000000081e+03
2.023058903999999984e+03
2.023061643999999887e+03
2.023064384000000018e+03
2.023067123000000038e+03
2.023069862999999941e+03
2.023072603000000072e+03
2.023075342000000092e+03
2.023078081999999995e+03
2.023080821999999898e+03
2.023083562000000029e+03
2.023086301000000049e+03
2.023089040999999952e+03
2.023091781000000083e+03
2.023094520999999986e+03
2.023097260000000006e+03
2.023099999999999909e+03
2.023102740000000040e+03
2.023105479000000059e+03
2.023108218999999963e+03
2.023110959000000094e+03
2.023113698999999997e+03
2.023116438000000016e+03
2.023119177999999920e+03
2.023121918000000051e+03
2.023124657999999954e+03
2.023127396999999974e+03
2.023130137000000104e+03
2.023132877000000008e+03
2.023135616000000027e+03
2.023138355999999931e+03
2.023141096000000061e+03
2.023143835999999965e+03
2.023146574999999984e+03
2.023149314999999888e+03
2.023152055000000018e+03
2.023154794999999922e+03
2.023157533999999941e+03
2.023160274000000072e+03
2.023163013999999976e+03
2.023165752999999995e+03
2.023168492999999899e+03
2.023171233000000029e+03
2.023173972999999933e+03
2.023176711999999952e+03
2.023179452000000083e+03
2.023182191999999986e+03
2.023184931999999890e+03
2.023187670999999909e+03
2.023190411000000040e+03
2.023193150999999943e+03
2.023195889999999963e+03
2.023198630000000094e+03
2.023201369999999997e+03
2.023204109999999901e+03
2.023206848999999920e+03
2.023209589000000051e+03
2.023212328999999954e+03
2.023215067999999974e+03
2.023217808000000105e+03
2.023220548000000008e+03
2.023223287999999911e+03
2.023226026999999931e+03
2.023228767000000062e+03
2.023231506999999965e+03
2.023234247000000096e+03
2.023236985999999888e+03
2.023239726000000019e+03
2.023242465999999922e+03
2.023245204999999942e+03
2.023247945000000072e+03
2.023250684999999976e+03
2.023253425000000107e+03
2.023256163999999899e+03
2.023258904000000030e+03
2.023261643999999933e+03
2.023264384000000064e+03
2.023267123000000083e+03
2.023269862999999987e+03
2.023272602999999890e+03
2.023275341999999910e+03
2.023278082000000040e+03
2.023280821999999944e+03
2.023283562000000074e+03
2.023286301000000094e+03
2.023289040999999997e+03
2.023291780999999901e+03
2.023294521000000032e+03
2.023297260000000051e+03
2.023299999999999955e+03
2.023302740000000085e+03
2.023305479000000105e+03
2.023308219000000008e+03
2.023310958999999912e+03
2.023313699000000042e+03
2.023316438000000062e+03
2.023319177999999965e+03
2.023321918000000096e+03
2.023324657999999999e+03
2.023327397000000019e+03
2.023330136999999922e+03
2.023332877000000053e+03
2.023335616000000073e+03
2.023338355999999976e+03
2.023341096000000107e+03
2.023343836000000010e+03
2.023346575000000030e+03
2.023349314999999933e+03
2.023352055000000064e+03
2.023354794999999967e+03
2.023357533999999987e+03
2.023360273999999890e+03
2.023363014000000021e+03
2.023365753000000041e+03
2.023368492999999944e+03
2.023371233000000075e+03
2.023373972999999978e+03
2.023376711999999998e+03
2.023379451999999901e+03
2.023382192000000032e+03
2.023384931999999935e+03
2.023387670999999955e+03
2.023390411000000086e+03
2.023393150999999989e+03
2.023395890000000009e+03
2.023398629999999912e+03
2.023401370000000043e+03
2.023404109999999946e+03
2.023406848999999966e+03
2.023409589000000096e+03
2.023412329000000000e+03
2.023415068000000019e+03
2.023417807999999923e+03
2.023420548000000053e+03
2.023423287999999957e+03
2.023426026999999976e+03
2.023428767000000107e+03
2.023431507000000011e+03
2.023434246999999914e+03
2.023436985999999933e+03
2.023439726000000064e+03
2.023442465999999968e+03
2.023445204999999987e+03
2.023447944999999891e+03
2.023450685000000021e+03
2.023453424999999925e+03
2.023456163999999944e+03
2.023458904000000075e+03
2.023461643999999978e+03
2.023464384000000109e+03
2.023467122999999901e+03
2.023469863000000032e+03
2.023472602999999935e+03
2.023475341999999955e+03
2.023478082000000086e+03
2.023480821999999989e+03
2.023483561999999893e+03
2.023486300999999912e+03
2.023489041000000043e+03
2.023491780999999946e+03
2.023494521000000077e+03
2.023497260000000097e+03
2.023500000000000000e+03
2.023502739999999903e+03
2.023505478999999923e+03
2.023508219000000054e+03
2.023510958999999957e+03
2.023513699000000088e+03
2.023516438000000107e+03
2.023519178000000011e+03
2.023521917999999914e+03
2.023524658000000045e+03
2.023527397000000065e+03
2.023530136999999968e+03
2.023532877000000099e+03
2.023535615999999891e+03
2.023538356000000022e+03
2.023541095999999925e+03
2.023543836000000056e+03
2.023546575000000075e+03
2.023549314999999979e+03
2.023552055000000109e+03
2.023554795000000013e+03
2.023557534000000032e+03
2.023560273999999936e+03
2.023563014000000067e+03
2.023565753000000086e+03
2.023568492999999989e+03
2.023571232999999893e+03
2.023573973000000024e+03
2.023576712000000043e+03
2.023579451999999947e+03
2.023582192000000077e+03
2.023584931999999981e+03
2.023587671000000000e+03
2.023590410999999904e+03
2.023593151000000034e+03
2.023595890000000054e+03
2.023598629999999957e+03
2.023601370000000088e+03
2.023604109999999991e+03
2.023606849000000011e+03
2.023609588999999914e+03
2.023612329000000045e+03
2.023615068000000065e+03
2.023617807999999968e+03
2.023620548000000099e+03
2.023623288000000002e+03
2.023626027000000022e+03
2.023628766999999925e+03
2.023631507000000056e+03
2.023634246999999959e+03
2.023636985999999979e+03
2.023639726000000110e+03
2.023642466000000013e+03
2.023645205000000033e+03
2.023647944999999936e+03
2.023650685000000067e+03
2.023653424999999970e+03
2.023656163999999990e+03
2.023658903999999893e+03
2.023661644000000024e+03
2.023664383999999927e+03
2.023667122999999947e+03
2.023669863000000078e+03
2.023672602999999981e+03
2.023675342000000001e+03
2.023678081999999904e+03
2.023680822000000035e+03
2.023683561999999938e+03
2.023686300999999958e+03
2.023689041000000088e+03
2.023691780999999992e+03
2.023694520999999895e+03
2.023697259999999915e+03
2.023700000000000045e+03
2.023702739999999949e+03
2.023705478999999968e+03
2.023708219000000099e+03
2.023710959000000003e+03
2.023713698999999906e+03
2.023716437999999926e+03
2.023719178000000056e+03
2.023721917999999960e+03
2.023724658000000090e+03
2.023727397000000110e+03
2.023730137000000013e+03
2.023732876999999917e+03
2.023735615999999936e+03
2.023738356000000067e+03
2.023741095999999970e+03
2.023743836000000101e+03
2.023746574999999893e+03
2.023749315000000024e+03
2.023752054999999928e+03
2.023754795000000058e+03
2.023757534000000078e+03
2.023760273999999981e+03
2.023763014000000112e+03
2.023765752999999904e+03
2.023768493000000035e+03
2.023771232999999938e+03
2.023773973000000069e+03
2.023776712000000089e+03
2.023779451999999992e+03
2.023782191999999895e+03
2.023784932000000026e+03
2.023787671000000046e+03
2.023790410999999949e+03
2.023793151000000080e+03
2.023795890000000099e+03
2.023798630000000003e+03
2.023801369999999906e+03
2.023804110000000037e+03
2.023806849000000057e+03
2.023809588999999960e+03
2.023812329000000091e+03
2.023815068000000110e+03
2.023817808000000014e+03
2.023820547999999917e+03
2.023823288000000048e+03
2.023826027000000067e+03
2.023828766999999971e+03
2.023831507000000101e+03
2.023834247000000005e+03
2.023836986000000024e+03
2.023839725999999928e+03
2.023842466000000059e+03
2.023845205000000078e+03
2.023847944999999982e+03
2.023850685000000112e+03
2.023853425000000016e+03
2.023856164000000035e+03
2.023858903999999939e+03
2.023861644000000069e+03
2.023864383999999973e+03
2.023867122999999992e+03
2.023869862999999896e+03
2.023872603000000026e+03
2.023875342000000046e+03
2.023878081999999949e+03
2.023880822000000080e+03
2.023883561999999984e+03
2.023886301000000003e+03
2.023889040999999906e+03
2.023891781000000037e+03
2.023894520999999941e+03
2.023897259999999960e+03
2.023900000000000091e+03
2.023902739999999994e+03
2.023905479000000014e+03
2.023908218999999917e+03
2.023910959000000048e+03
2.023913698999999951e+03
2.023916437999999971e+03
2.023919178000000102e+03
2.023921918000000005e+03
2.023924657999999908e+03
2.023927396999999928e+03
2.023930137000000059e+03
2.023932876999999962e+03
2.023935615999999982e+03
2.023938356000000113e+03
2.023941096000000016e+03
2.023943835999999919e+03
2.023946574999999939e+03
2.023949315000000070e+03
2.023952054999999973e+03
2.023954795000000104e+03
2.023957533999999896e+03
2.023960274000000027e+03
2.023963013999999930e+03
2.023965752999999950e+03
2.023968493000000080e+03
2.023971232999999984e+03
2.023973972999999887e+03
2.023976711999999907e+03
2.023979452000000038e+03
2.023982191999999941e+03
2.023984932000000072e+03
2.023987671000000091e+03
2.023990410999999995e+03
2.023993150999999898e+03
2.023995889999999918e+03
2.023998630000000048e+03
2.024001365999999962e+03
2.024004098000000113e+03
2.024006830999999920e+03
2.024009563000000071e+03
2.024012294999999995e+03
2.024015026999999918e+03
2.024017759999999953e+03
2.024020492000000104e+03
2.024023224000000027e+03
2.024025955999999951e+03
2.024028688999999986e+03
2.024031420999999909e+03
2.024034153000000060e+03
2.024036884999999984e+03
2.024039616999999907e+03
2.024042349999999942e+03
2.024045082000000093e+03
2.024047814000000017e+03
2.024050545999999940e+03
2.024053278999999975e+03
2.024056010999999899e+03
2.024058743000000050e+03
2.024061474999999973e+03
2.024064208000000008e+03
2.024066939999999931e+03
2.024069672000000082e+03
2.024072404000000006e+03
2.024075137000000041e+03
2.024077868999999964e+03
2.024080600999999888e+03
2.024083333000000039e+03
2.024086066000000073e+03
2.024088797999999997e+03
2.024091529999999921e+03
2.024094262000000072e+03
2.024096995000000106e+03
2.024099727000000030e+03
2.024102458999999953e+03
2.024105191000000104e+03
2.024107923000000028e+03
2.024110656000000063e+03
2.024113387999999986e+03
2.024116119999999910e+03
2.024118852000000061e+03
2.024121585000000096e+03
2.024124317000000019e+03
2.024127048999999943e+03
2.024129781000000094e+03
2.024132513999999901e+03
2.024135246000000052e+03
2.024137977999999976e+03
2.024140709999999899e+03
2.024143442999999934e+03
2.024146175000000085e+03
2.024148907000000008e+03
2.024151638999999932e+03
2.024154371999999967e+03
2.024157103999999890e+03
2.024159836000000041e+03
2.024162567999999965e+03
2.024165300999999999e+03
2.024168032999999923e+03
2.024170765000000074e+03
2.024173496999999998e+03
2.024176230000000032e+03
2.024178961999999956e+03
2.024181694000000107e+03
2.024184426000000030e+03
2.024187157999999954e+03
2.024189890999999989e+03
2.024192622999999912e+03
2.024195355000000063e+03
2.024198086999999987e+03
2.024200820000000022e+03
2.024203551999999945e+03
2.024206284000000096e+03
2.024209016000000020e+03
2.024211749000000054e+03
2.024214480999999978e+03
2.024217212999999902e+03
2.024219945000000052e+03
2.024222678000000087e+03
2.024225410000000011e+03
2.024228141999999934e+03
2.024230874000000085e+03
2.024233606999999893e+03
2.024236339000000044e+03
2.024239070999999967e+03
2.024241802999999891e+03
2.024244535999999925e+03
2.024247268000000076e+03
2.024250000000000000e+03
2.024252731999999924e+03
2.024255464000000075e+03
2.024258197000000109e+03
2.024260929000000033e+03
2.024263660999999956e+03
2.024266393000000107e+03
2.024269125999999915e+03
2.024271858000000066e+03
2.024274589999999989e+03
2.024277321999999913e+03
2.024280054999999948e+03
2.024282787000000098e+03
2.024285519000000022e+03
2.024288250999999946e+03
2.024290983999999980e+03
2.024293715999999904e+03
2.024296448000000055e+03
2.024299179999999978e+03
2.024301913000000013e+03
2.024304644999999937e+03
2.024307377000000088e+03
2.024310109000000011e+03
2.024312842000000046e+03
2.024315573999999970e+03
2.024318305999999893e+03
2.024321038000000044e+03
2.024323769999999968e+03
2.024326503000000002e+03
2.024329234999999926e+03
2.024331967000000077e+03
2.024334699000000001e+03
2.024337432000000035e+03
2.024340163999999959e+03
2.024342896000000110e+03
2.024345628000000033e+03
2.024348361000000068e+03
2.024351092999999992e+03
2.024353824999999915e+03
2.024356557000000066e+03
2.024359290000000101e+03
2.024362022000000024e+03
2.024364753999999948e+03
2.024367486000000099e+03
2.024370218999999906e+03
2.024372951000000057e+03
2.024375682999999981e+03
2.024378414999999904e+03
2.024381147999999939e+03
2.024383880000000090e+03
2.024386612000000014e+03
2.024389343999999937e+03
2.024392076999999972e+03
2.024394808999999896e+03
2.024397541000000047e+03
2.024400272999999970e+03
2.024403004999999894e+03
2.024405737999999928e+03
2.024408470000000079e+03
2.024411202000000003e+03
2.024413933999999927e+03
2.024416666999999961e+03
2.024419399000000112e+03
2.024422131000000036e+03
2.024424862999999959e+03
2.024427595999999994e+03
2.024430327999999918e+03
2.024433060000000069e+03
2.024435791999999992e+03
2.024438525000000027e+03
2.024441256999999950e+03
2.024443989000000101e+03
2.024446721000000025e+03
2.024449454000000060e+03
2.024452185999999983e+03
2.024454917999999907e+03
2.024457650000000058e+03
2.024460383000000093e+03
2.024463115000000016e+03
2.024465846999999940e+03
2.024468579000000091e+03
2.024471311000000014e+03
2.024474044000000049e+03
2.024476775999999973e+03
2.024479507999999896e+03
2.024482240000000047e+03
2.024484973000000082e+03
2.024487705000000005e+03
2.024490436999999929e+03
2.024493169000000080e+03
2.024495901999999887e+03
2.024498634000000038e+03
2.024501365999999962e+03
2.024504098000000113e+03
2.024506830999999920e+03
2.024509563000000071e+03
2.024512294999999995e+03
2.024515026999999918e+03
2.024517759999999953e+03
2.024520492000000104e+03
2.024523224000000027e+03
2.024525955999999951e+03
2.024528688999999986e+03
2.024531420999999909e+03
2.024534153000000060e+03
2.024536884999999984e+03
2.024539616999999907e+03
2.024542349999999942e+03
2.024545082000000093e+03
2.024547814000000017e+03
2.024550545999999940e+03
2.024553278999999975e+03
2.024556010999999899e+03
2.024558743000000050e+03
2.024561474999999973e+03
2.024564208000000008e+03
2.024566939999999931e+03
2.024569672000000082e+03
2.024572404000000006e+03
2.024575137000000041e+03
2.024577868999999964e+03
2.024580600999999888e+03
2.024583333000000039e+03
2.024586066000000073e+03
2.024588797999999997e+03
2.024591529999999921e+03
2.024594262000000072e+03
2.024596995000000106e+03
2.024599727000000030e+03
2.024602458999999953e+03
2.024605191000000104e+03
2.024607923000000028e+03
2.024610656000000063e+03
2.024613387999999986e+03
2.024616119999999910e+03
2.024618852000000061e+03
2.024621585000000096e+03
2.024624317000000019e+03
2.024627048999999943e+03
2.024629781000000094e+03
2.024632513999999901e+03
2.024635246000000052e+03
2.024637977999999976e+03
2.024640709999999899e+03
2.024643442999999934e+03
2.024646175000000085e+03
2.024648907000000008e+03
2.024651638999999932e+03
2.024654371999999967e+03
2.024657103999999890e+03
2.024659836000000041e+03
2.024662567999999965e+03
2.024665300999999999e+03
2.024668032999999923e+03
2.024670765000000074e+03
2.024673496999999998e+03
2.024676230000000032e+03
2.024678961999999956e+03
2.024681694000000107e+03
2.024684426000000030e+03
2.024687157999999954e+03
2.024689890999999989e+03
2.024692622999999912e+03
2.024695355000000063e+03
2.024698086999999987e+03
2.024700820000000022e+03
2.024703551999999945e+03
2.024706284000000096e+03
2.024709016000000020e+03
2.024711749000000054e+03
2.024714480999999978e+03
2.024717212999999902e+03
2.024719945000000052e+03
2.024722678000000087e+03
2.024725410000000011e+03
2.024728141999999934e+03
2.024730874000000085e+03
2.024733606999999893e+03
2.024736339000000044e+03
2.024739070999999967e+03
2.024741802999999891e+03
2.024744535999999925e+03
2.024747268000000076e+03
2.024750000000000000e+03
2.024752731999999924e+03
2.024755464000000075e+03
2.024758197000000109e+03
2.024760929000000033e+03
2.024763660999999956e+03
2.024766393000000107e+03
2.024769125999999915e+03
2.024771858000000066e+03
2.024774589999999989e+03
2.024777321999999913e+03
2.024780054999999948e+03
2.024782787000000098e+03
2.024785519000000022e+03
2.024788250999999946e+03
2.024790983999999980e+03
2.024793715999999904e+03
2.024796448000000055e+03
2.024799179999999978e+03
2.024801913000000013e+03
2.024804644999999937e+03
2.024807377000000088e+03
2.024810109000000011e+03
2.024812842000000046e+03
2.024815573999999970e+03
2.024818305999999893e+03
2.024821038000000044e+03
2.024823769999999968e+03
2.024826503000000002e+03
2.024829234999999926e+03
2.024831967000000077e+03
2.024834699000000001e+03
2.024837432000000035e+03
2.024840163999999959e+03
2.024842896000000110e+03
2.024845628000000033e+03
2.024848361000000068e+03
2.024851092999999992e+03
2.024853824999999915e+03
2.024856557000000066e+03
2.024859290000000101e+03
2.024862022000000024e+03
2.024864753999999948e+03
2.024867486000000099e+03
2.024870218999999906e+03
2.024872951000000057e+03
2.024875682999999981e+03
2.024878414999999904e+03
2.024881147999999939e+03
2.024883880000000090e+03
2.024886612000000014e+03
2.024889343999999937e+03
2.024892076999999972e+03
2.024894808999999896e+03
2.024897541000000047e+03
2.024900272999999970e+03
2.024903004999999894e+03
2.024905737999999928e+03
2.024908470000000079e+03
2.024911202000000003e+03
2.024913933999999927e+03
2.024916666999999961e+03
2.024919399000000112e+03
2.024922131000000036e+03
2.024924862999999959e+03
2.024927595999999994e+03
2.024930327999999918e+03
2.024933060000000069e+03
2.024935791999999992e+03
2.024938525000000027e+03
2.024941256999999950e+03
2.024943989000000101e+03
2.024946721000000025e+03
2.024949454000000060e+03
2.024952185999999983e+03
2.024954917999999907e+03
2.024957650000000058e+03
2.024960383000000093e+03
2.024963115000000016e+03
2.024965846999999940e+03
2.024968579000000091e+03
2.024971311000000014e+03
2.024974044000000049e+03
2.024976775999999973e+03
2.024979507999999896e+03
2.024982240000000047e+03
2.024984973000000082e+03
2.024987705000000005e+03
2.024990436999999929e+03
2.024993169000000080e+03
2.024995901999999887e+03
2.024998634000000038e+03
2.025001369999999952e+03
2.025004110000000082e+03
2.025006849000000102e+03
2.025009589000000005e+03
2.025012328999999909e+03
2.025015067999999928e+03
2.025017808000000059e+03
2.025020547999999962e+03
2.025023288000000093e+03
2.025026027000000113e+03
2.025028767000000016e+03
2.025031506999999920e+03
2.025034247000000050e+03
2.025036986000000070e+03
2.025039725999999973e+03
2.025042466000000104e+03
2.025045204999999896e+03
2.025047945000000027e+03
2.025050684999999930e+03
2.025053425000000061e+03
2.025056164000000081e+03
2.025058903999999984e+03
2.025061643999999887e+03
2.025064384000000018e+03
2.025067123000000038e+03
2.025069862999999941e+03
2.025072603000000072e+03
2.025075342000000092e+03
2.025078081999999995e+03
2.025080821999999898e+03
2.025083562000000029e+03
2.025086301000000049e+03
2.025089040999999952e+03
2.025091781000000083e+03
2.025094520999999986e+03
2.025097260000000006e+03
2.025099999999999909e+03
2.025102740000000040e+03
2.025105479000000059e+03
2.025108218999999963e+03
2.025110959000000094e+03
2.025113698999999997e+03
2.025116438000000016e+03
2.025119177999999920e+03
2.025121918000000051e+03
2.025124657999999954e+03
2.025127396999999974e+03
2.025130137000000104e+03
2.025132877000000008e+03
2.025135616000000027e+03
2.025138355999999931e+03
2.025141096000000061e+03
2.025143835999999965e+03
2.025146574999999984e+03
2.025149314999999888e+03
2.025152055000000018e+03
2.025154794999999922e+03
2.025157533999999941e+03
2.025160274000000072e+03
2.025163013999999976e+03
2.025165752999999995e+03
2.025168492999999899e+03
2.025171233000000029e+03
2.025173972999999933e+03
2.025176711999999952e+03
2.025179452000000083e+03
2.025182191999999986e+03
2.025184931999999890e+03
2.025187670999999909e+03
2.025190411000000040e+03
2.025193150999999943e+03
2.025195889999999963e+03
2.025198630000000094e+03
2.025201369999999997e+03
2.025204109999999901e+03
2.025206848999999920e+03
2.025209589000000051e+03
2.025212328999999954e+03
2.025215067999999974e+03
2.025217808000000105e+03
2.025220548000000008e+03
2.025223287999999911e+03
2.025226026999999931e+03
2.025228767000000062e+03
2.025231506999999965e+03
2.025234247000000096e+03
2.025236985999999888e+03
2.025239726000000019e+03
2.025242465999999922e+03
2.025245204999999942e+03
2.025247945000000072e+03
2.025250684999999976e+03
2.025253425000000107e+03
2.025256163999999899e+03
2.025258904000000030e+03
2.025261643999999933e+03
2.025264384000000064e+03
2.025267123000000083e+03
2.025269862999999987e+03
2.025272602999999890e+03
2.025275341999999910e+03
2.025278082000000040e+03
2.025280821999999944e+03
2.025283562000000074e+03
2.025286301000000094e+03
2.025289040999999997e+03
2.025291780999999901e+03
2.025294521000000032e+03
2.025297260000000051e+03
2.025299999999999955e+03
2.025302740000000085e+03
2.025305479000000105e+03
2.025308219000000008e+03
2.025310958999999912e+03
2.025313699000000042e+03
2.025316438000000062e+03
2.025319177999999965e+03
2.025321918000000096e+03
2.025324657999999999e+03
2.025327397000000019e+03
2.025330136999999922e+03
2.025332877000000053e+03
2.025335616000000073e+03
2.025338355999999976e+03
2.025341096000000107e+03
2.025343836000000010e+03
2.025346575000000030e+03
2.025349314999999933e+03
2.025352055000000064e+03
2.025354794999999967e+03
2.025357533999999987e+03
2.025360273999999890e+03
2.025363014000000021e+03
2.025365753000000041e+03
2.025368492999999944e+03
2.025371233000000075e+03
2.025373972999999978e+03
2.025376711999999998e+03
2.025379451999999901e+03
2.025382192000000032e+03
2.025384931999999935e+03
2.025387670999999955e+03
2.025390411000000086e+03
2.025393150999999989e+03
2.025395890000000009e+03
2.025398629999999912e+03
2.025401370000000043e+03
2.025404109999999946e+03
2.025406848999999966e+03
2.025409589000000096e+03
2.025412329000000000e+03
2.025415068000000019e+03
2.025417807999999923e+03
2.025420548000000053e+03
2.025423287999999957e+03
2.025426026999999976e+03
2.025428767000000107e+03
2.025431507000000011e+03
2.025434246999999914e+03
2.025436985999999933e+03
2.025439726000000064e+03
2.025442465999999968e+03
2.025445204999999987e+03
2.025447944999999891e+03
2.025450685000000021e+03
2.025453424999999925e+03
2.025456163999999944e+03
2.025458904000000075e+03
2.025461643999999978e+03
2.025464384000000109e+03
2.025467122999999901e+03
2.025469863000000032e+03
2.025472602999999935e+03
2.025475341999999955e+03
2.025478082000000086e+03
2.025480821999999989e+03
2.025483561999999893e+03
2.025486300999999912e+03
2.025489041000000043e+03
2.025491780999999946e+03
2.025494521000000077e+03
2.025497260000000097e+03
2.025500000000000000e+03
2.025502739999999903e+03
2.025505478999999923e+03
2.025508219000000054e+03
2.025510958999999957e+03
2.025513699000000088e+03
2.025516438000000107e+03
2.025519178000000011e+03
2.025521917999999914e+03
2.025524658000000045e+03
2.025527397000000065e+03
2.025530136999999968e+03
2.025532877000000099e+03
2.025535615999999891e+03
2.025538356000000022e+03
2.025541095999999925e+03
2.025543836000000056e+03
2.025546575000000075e+03
2.025549314999999979e+03
2.025552055000000109e+03
2.025554795000000013e+03
2.025557534000000032e+03
2.025560273999999936e+03
2.025563014000000067e+03
2.025565753000000086e+03
2.025568492999999989e+03
2.025571232999999893e+03
2.025573973000000024e+03
2.025576712000000043e+03
2.025579451999999947e+03
2.025582192000000077e+03
2.025584931999999981e+03
2.025587671000000000e+03
2.025590410999999904e+03
2.025593151000000034e+03
2.025595890000000054e+03
2.025598629999999957e+03
2.025601370000000088e+03
2.025604109999999991e+03
2.025606849000000011e+03
2.025609588999999914e+03
2.025612329000000045e+03
2.025615068000000065e+03
2.025617807999999968e+03
2.025620548000000099e+03
2.025623288000000002e+03
2.025626027000000022e+03
2.025628766999999925e+03
2.025631507000000056e+03
2.025634246999999959e+03
2.025636985999999979e+03
2.025639726000000110e+03
2.025642466000000013e+03
2.025645205000000033e+03
2.025647944999999936e+03
2.025650685000000067e+03
2.025653424999999970e+03
2.025656163999999990e+03
2.025658903999999893e+03
2.025661644000000024e+03
2.025664383999999927e+03
2.025667122999999947e+03
2.025669863000000078e+03
2.025672602999999981e+03
2.025675342000000001e+03
2.025678081999999904e+03
2.025680822000000035e+03
2.025683561999999938e+03
2.025686300999999958e+03
2.025689041000000088e+03
2.025691780999999992e+03
2.025694520999999895e+03
2.025697259999999915e+03
2.025700000000000045e+03
2.025702739999999949e+03
2.025705478999999968e+03
2.025708219000000099e+03
2.025710959000000003e+03
2.025713698999999906e+03
2.025716437999999926e+03
2.025719178000000056e+03
2.025721917999999960e+03
