-38.3822000000000	-36.8022000000000	-34.9433000000000
-38.3822000000000	-36.4565000000000	-34.9433000000000
-40.2508000000000	-38.9281000000000	-36.8022000000000
-40.2508000000000	-38.3822000000000	-36.8022000000000
-40.8328000000000	-40.2508000000000	-38.9281000000000
-34.9433000000000	-33.7375000000000	-32.1400000000000
-34.9433000000000	-33.5812000000000	-32.1400000000000
-36.8022000000000	-35.2354000000000	-33.7375000000000
-36.8022000000000	-34.9433000000000	-33.7375000000000
-38.9281000000000	-37.1991000000000	-35.2354000000000
-38.9281000000000	-36.8022000000000	-35.2354000000000
-40.8328000000000	-39.1957000000000	-37.1991000000000
-40.8328000000000	-38.9281000000000	-37.1991000000000
-41.1692000000000	-40.8328000000000	-39.1957000000000
-30.4504000000000	-28.9435000000000	-26.9669000000000
-30.4504000000000	-28.5753000000000	-26.9669000000000
-32.1400000000000	-30.6944000000000	-28.9435000000000
-32.1400000000000	-30.4504000000000	-28.9435000000000
-33.7375000000000	-32.2609000000000	-30.6944000000000
-33.7375000000000	-32.1400000000000	-30.6944000000000
-35.2354000000000	-33.7738000000000	-32.2609000000000
-35.2354000000000	-33.7375000000000	-32.2609000000000
-37.1991000000000	-35.4777000000000	-33.7738000000000
-37.1991000000000	-35.2354000000000	-33.7738000000000
-39.1957000000000	-37.4328000000000	-35.4777000000000
-39.1957000000000	-37.1991000000000	-35.4777000000000
-41.1692000000000	-39.4605000000000	-37.4328000000000
-41.1692000000000	-39.1957000000000	-37.4328000000000
-43.0761000000000	-41.2490000000000	-39.4605000000000
-43.0761000000000	-41.1692000000000	-39.4605000000000
-43.1745000000000	-43.0761000000000	-41.2490000000000
-26.9669000000000	-24.5255000000000	-21.8494000000000
-26.9669000000000	-24.5351000000000	-21.8494000000000
-28.9435000000000	-26.8365000000000	-24.5255000000000
-28.9435000000000	-26.9669000000000	-24.5255000000000
-30.6944000000000	-28.9087000000000	-26.8365000000000
-30.6944000000000	-28.9435000000000	-26.8365000000000
-32.2609000000000	-30.7036000000000	-28.9087000000000
-32.2609000000000	-30.6944000000000	-28.9087000000000
-33.7738000000000	-32.2513000000000	-30.7036000000000
-33.7738000000000	-32.2609000000000	-30.7036000000000
-35.4777000000000	-33.9392000000000	-32.2513000000000
-35.4777000000000	-33.7738000000000	-32.2513000000000
-37.4328000000000	-35.8146000000000	-33.9392000000000
-37.4328000000000	-35.4777000000000	-33.9392000000000
-39.4605000000000	-37.5628000000000	-35.8146000000000
-39.4605000000000	-37.4328000000000	-35.8146000000000
-41.2490000000000	-39.4249000000000	-37.5628000000000
-41.2490000000000	-39.4605000000000	-37.5628000000000
-43.1745000000000	-41.3042000000000	-39.4249000000000
-43.1745000000000	-41.2490000000000	-39.4249000000000
-43.4262000000000	-43.1745000000000	-41.3042000000000
-24.5255000000000	-21.3782000000000	-18.7670000000000
-24.5255000000000	-21.8494000000000	-18.7670000000000
-26.8365000000000	-24.0810000000000	-21.3782000000000
-26.8365000000000	-24.5255000000000	-21.3782000000000
-28.9087000000000	-26.4927000000000	-24.0810000000000
-28.9087000000000	-26.8365000000000	-24.0810000000000
-30.7036000000000	-28.4920000000000	-26.4927000000000
-30.7036000000000	-28.9087000000000	-26.4927000000000
-32.2513000000000	-30.4600000000000	-28.4920000000000
-32.2513000000000	-30.7036000000000	-28.4920000000000
-33.9392000000000	-32.1291000000000	-30.4600000000000
-33.9392000000000	-32.2513000000000	-30.4600000000000
-35.8146000000000	-33.9367000000000	-32.1291000000000
-35.8146000000000	-33.9392000000000	-32.1291000000000
-37.5628000000000	-35.6220000000000	-33.9367000000000
-37.5628000000000	-35.8146000000000	-33.9367000000000
-39.4249000000000	-37.4052000000000	-35.6220000000000
-39.4249000000000	-37.5628000000000	-35.6220000000000
-41.3042000000000	-39.3885000000000	-37.4052000000000
-41.3042000000000	-39.4249000000000	-37.4052000000000
-43.4262000000000	-41.3300000000000	-39.3885000000000
-43.4262000000000	-41.3042000000000	-39.3885000000000
-43.5564000000000	-43.4262000000000	-41.3300000000000
-16.4077000000000	-14.8561000000000	-14.0919000000000
-18.7670000000000	-15.7554000000000	-14.0919000000000
-18.7670000000000	-16.4077000000000	-14.0919000000000
-21.3782000000000	-17.9728000000000	-15.7554000000000
-21.3782000000000	-18.7670000000000	-15.7554000000000
-24.0810000000000	-20.4570000000000	-17.9728000000000
-24.0810000000000	-21.3782000000000	-17.9728000000000
-26.4927000000000	-23.2162000000000	-20.4570000000000
-26.4927000000000	-24.0810000000000	-20.4570000000000
-28.4920000000000	-25.6405000000000	-23.2162000000000
-28.4920000000000	-26.4927000000000	-23.2162000000000
-30.4600000000000	-27.7907000000000	-25.6405000000000
-30.4600000000000	-28.4920000000000	-25.6405000000000
-32.1291000000000	-29.9728000000000	-27.7907000000000
-32.1291000000000	-30.4600000000000	-27.7907000000000
-33.9367000000000	-31.7634000000000	-29.9728000000000
-33.9367000000000	-32.1291000000000	-29.9728000000000
-35.6220000000000	-33.5488000000000	-31.7634000000000
-35.6220000000000	-33.9367000000000	-31.7634000000000
-37.4052000000000	-35.2216000000000	-33.5488000000000
-37.4052000000000	-35.6220000000000	-33.5488000000000
-39.3885000000000	-36.9738000000000	-35.2216000000000
-39.3885000000000	-37.4052000000000	-35.2216000000000
-41.3300000000000	-38.9673000000000	-36.9738000000000
-41.3300000000000	-39.3885000000000	-36.9738000000000
-43.5564000000000	-41.0203000000000	-38.9673000000000
-43.5564000000000	-41.3300000000000	-38.9673000000000
-43.5712000000000	-43.5564000000000	-41.0203000000000
-67.9519000000000	-60.3703000000000	-57.4203000000000
-67.9519000000000	-61.9266000000000	-57.4203000000000
-70.6537000000000	-64.3937000000000	-60.3703000000000
-70.6537000000000	-67.9519000000000	-60.3703000000000
-71.1723000000000	-68.0582000000000	-64.3937000000000
-71.1723000000000	-70.6537000000000	-64.3937000000000
-71.1723000000000	-70.3015000000000	-68.0582000000000
-15.7554000000000	-13.5488000000000	-12.2012000000000
-15.7554000000000	-14.0919000000000	-12.2012000000000
-17.9728000000000	-15.0558000000000	-13.5488000000000
-17.9728000000000	-15.7554000000000	-13.5488000000000
-20.4570000000000	-17.0561000000000	-15.0558000000000
-20.4570000000000	-17.9728000000000	-15.0558000000000
-23.2162000000000	-19.4240000000000	-17.0561000000000
-23.2162000000000	-20.4570000000000	-17.0561000000000
-25.6405000000000	-21.9882000000000	-19.4240000000000
-25.6405000000000	-23.2162000000000	-19.4240000000000
-27.7907000000000	-24.7469000000000	-21.9882000000000
-27.7907000000000	-25.6405000000000	-21.9882000000000
-29.9728000000000	-27.0257000000000	-24.7469000000000
-29.9728000000000	-27.7907000000000	-24.7469000000000
-31.7634000000000	-29.1035000000000	-27.0257000000000
-31.7634000000000	-29.9728000000000	-27.0257000000000
-33.5488000000000	-30.8797000000000	-29.1035000000000
-33.5488000000000	-31.7634000000000	-29.1035000000000
-35.2216000000000	-32.6277000000000	-30.8797000000000
-35.2216000000000	-33.5488000000000	-30.8797000000000
-36.9738000000000	-34.3870000000000	-32.6277000000000
-36.9738000000000	-35.2216000000000	-32.6277000000000
-38.9673000000000	-36.1366000000000	-34.3870000000000
-38.9673000000000	-36.9738000000000	-34.3870000000000
-41.0203000000000	-38.0784000000000	-36.1366000000000
-41.0203000000000	-38.9673000000000	-36.1366000000000
-43.5712000000000	-40.1968000000000	-38.0784000000000
-43.5712000000000	-41.0203000000000	-38.0784000000000
-46.7525000000000	-42.8957000000000	-40.1968000000000
-46.7525000000000	-43.5712000000000	-40.1968000000000
-50.5491000000000	-45.6480000000000	-42.8957000000000
-50.5491000000000	-46.7525000000000	-42.8957000000000
-54.2788000000000	-48.3894000000000	-45.6480000000000
-54.2788000000000	-50.5491000000000	-45.6480000000000
-57.4203000000000	-51.2423000000000	-48.3894000000000
-57.4203000000000	-54.2788000000000	-48.3894000000000
-60.3703000000000	-54.2570000000000	-51.2423000000000
-60.3703000000000	-57.4203000000000	-51.2423000000000
-64.3937000000000	-57.1460000000000	-54.2570000000000
-64.3937000000000	-60.3703000000000	-54.2570000000000
-68.0582000000000	-59.8048000000000	-57.1460000000000
-68.0582000000000	-64.3937000000000	-57.1460000000000
-70.3015000000000	-62.9216000000000	-59.8048000000000
-70.3015000000000	-68.0582000000000	-59.8048000000000
-71.5547000000000	-65.8946000000000	-62.9216000000000
-71.5547000000000	-70.3015000000000	-62.9216000000000
-72.4158000000000	-68.3546000000000	-65.8946000000000
-72.4158000000000	-71.5547000000000	-65.8946000000000
-72.4158000000000	-70.0604000000000	-68.3546000000000
-13.5488000000000	-11.4321000000000	-10.3931000000000
-13.5488000000000	-12.2012000000000	-10.3931000000000
-15.0558000000000	-12.6951000000000	-11.4321000000000
-15.0558000000000	-13.5488000000000	-11.4321000000000
-17.0561000000000	-14.2906000000000	-12.6951000000000
-17.0561000000000	-15.0558000000000	-12.6951000000000
-19.4240000000000	-16.0644000000000	-14.2906000000000
-19.4240000000000	-17.0561000000000	-14.2906000000000
-21.9882000000000	-18.1895000000000	-16.0644000000000
-21.9882000000000	-19.4240000000000	-16.0644000000000
-24.7469000000000	-20.5470000000000	-18.1895000000000
-24.7469000000000	-21.9882000000000	-18.1895000000000
-27.0257000000000	-23.3054000000000	-20.5470000000000
-27.0257000000000	-24.7469000000000	-20.5470000000000
-29.1035000000000	-25.6232000000000	-23.3054000000000
-29.1035000000000	-27.0257000000000	-23.3054000000000
-30.8797000000000	-27.6943000000000	-25.6232000000000
-30.8797000000000	-29.1035000000000	-25.6232000000000
-32.6277000000000	-29.5969000000000	-27.6943000000000
-32.6277000000000	-30.8797000000000	-27.6943000000000
-34.3870000000000	-31.4378000000000	-29.5969000000000
-34.3870000000000	-32.6277000000000	-29.5969000000000
-36.1366000000000	-33.0829000000000	-31.4378000000000
-36.1366000000000	-34.3870000000000	-31.4378000000000
-38.0784000000000	-34.8841000000000	-33.0829000000000
-38.0784000000000	-36.1366000000000	-33.0829000000000
-40.1968000000000	-36.7684000000000	-34.8841000000000
-40.1968000000000	-38.0784000000000	-34.8841000000000
-42.8957000000000	-38.8353000000000	-36.7684000000000
-42.8957000000000	-40.1968000000000	-36.7684000000000
-45.6480000000000	-41.1607000000000	-38.8353000000000
-45.6480000000000	-42.8957000000000	-38.8353000000000
-48.3894000000000	-43.5647000000000	-41.1607000000000
-48.3894000000000	-45.6480000000000	-41.1607000000000
-51.2423000000000	-46.1668000000000	-43.5647000000000
-51.2423000000000	-48.3894000000000	-43.5647000000000
-54.2570000000000	-48.5895000000000	-46.1668000000000
-54.2570000000000	-51.2423000000000	-46.1668000000000
-57.1460000000000	-50.7952000000000	-48.5895000000000
-57.1460000000000	-54.2570000000000	-48.5895000000000
-59.8048000000000	-53.4663000000000	-50.7952000000000
-59.8048000000000	-57.1460000000000	-50.7952000000000
-62.9216000000000	-56.0599000000000	-53.4663000000000
-62.9216000000000	-59.8048000000000	-53.4663000000000
-65.8946000000000	-58.2645000000000	-56.0599000000000
-65.8946000000000	-62.9216000000000	-56.0599000000000
-68.3546000000000	-60.5069000000000	-58.2645000000000
-68.3546000000000	-65.8946000000000	-58.2645000000000
-70.0604000000000	-62.6419000000000	-60.5069000000000
-70.0604000000000	-68.3546000000000	-60.5069000000000
-71.2291000000000	-64.9747000000000	-62.6419000000000
-71.2291000000000	-70.0604000000000	-62.6419000000000
-72.2140000000000	-67.3434000000000	-64.9747000000000
-72.2140000000000	-71.2291000000000	-64.9747000000000
-73.3354000000000	-69.2847000000000	-67.3434000000000
-73.3354000000000	-72.2140000000000	-67.3434000000000
-73.3354000000000	-70.8332000000000	-69.2847000000000
-11.4321000000000	-10.3931000000000	-9.31979000000000
-12.6951000000000	-10.2355000000000	-9.31979000000000
-12.6951000000000	-11.4321000000000	-9.31979000000000
-14.2906000000000	-11.6190000000000	-10.2355000000000
-14.2906000000000	-12.6951000000000	-10.2355000000000
-16.0644000000000	-13.2956000000000	-11.6190000000000
-16.0644000000000	-14.2906000000000	-11.6190000000000
-18.1895000000000	-15.1123000000000	-13.2956000000000
-18.1895000000000	-16.0644000000000	-13.2956000000000
-20.5470000000000	-17.1183000000000	-15.1123000000000
-20.5470000000000	-18.1895000000000	-15.1123000000000
-23.3054000000000	-19.2889000000000	-17.1183000000000
-23.3054000000000	-20.5470000000000	-17.1183000000000
-25.6232000000000	-21.6436000000000	-19.2889000000000
-25.6232000000000	-23.3054000000000	-19.2889000000000
-27.6943000000000	-24.0119000000000	-21.6436000000000
-27.6943000000000	-25.6232000000000	-21.6436000000000
-29.5969000000000	-26.0498000000000	-24.0119000000000
-29.5969000000000	-27.6943000000000	-24.0119000000000
-31.4378000000000	-27.9861000000000	-26.0498000000000
-31.4378000000000	-29.5969000000000	-26.0498000000000
-33.0829000000000	-29.8111000000000	-27.9861000000000
-33.0829000000000	-31.4378000000000	-27.9861000000000
-34.8841000000000	-31.6105000000000	-29.8111000000000
-34.8841000000000	-33.0829000000000	-29.8111000000000
-36.7684000000000	-33.4325000000000	-31.6105000000000
-36.7684000000000	-34.8841000000000	-31.6105000000000
-38.8353000000000	-35.1456000000000	-33.4325000000000
-38.8353000000000	-36.7684000000000	-33.4325000000000
-41.1607000000000	-37.1182000000000	-35.1456000000000
-41.1607000000000	-38.8353000000000	-35.1456000000000
-43.5647000000000	-39.3315000000000	-37.1182000000000
-43.5647000000000	-41.1607000000000	-37.1182000000000
-46.1668000000000	-41.6873000000000	-39.3315000000000
-46.1668000000000	-43.5647000000000	-39.3315000000000
-48.5895000000000	-43.9126000000000	-41.6873000000000
-48.5895000000000	-46.1668000000000	-41.6873000000000
-50.7952000000000	-45.8465000000000	-43.9126000000000
-50.7952000000000	-48.5895000000000	-43.9126000000000
-53.4663000000000	-47.9979000000000	-45.8465000000000
-53.4663000000000	-50.7952000000000	-45.8465000000000
-56.0599000000000	-50.0997000000000	-47.9979000000000
-56.0599000000000	-53.4663000000000	-47.9979000000000
-58.2645000000000	-52.1543000000000	-50.0997000000000
-58.2645000000000	-56.0599000000000	-50.0997000000000
-60.5069000000000	-54.2336000000000	-52.1543000000000
-60.5069000000000	-58.2645000000000	-52.1543000000000
-62.6419000000000	-56.1374000000000	-54.2336000000000
-62.6419000000000	-60.5069000000000	-54.2336000000000
-64.9747000000000	-58.1366000000000	-56.1374000000000
-64.9747000000000	-62.6419000000000	-56.1374000000000
-67.3434000000000	-60.1932000000000	-58.1366000000000
-67.3434000000000	-64.9747000000000	-58.1366000000000
-69.2847000000000	-62.7986000000000	-60.1932000000000
-69.2847000000000	-67.3434000000000	-60.1932000000000
-70.8332000000000	-65.6509000000000	-62.7986000000000
-70.8332000000000	-69.2847000000000	-62.7986000000000
-73.3117000000000	-68.6678000000000	-65.6509000000000
-73.3117000000000	-70.8332000000000	-65.6509000000000
-78.3331000000000	-73.1034000000000	-68.6678000000000
-78.3331000000000	-73.3117000000000	-68.6678000000000
-79.0911000000000	-78.3331000000000	-73.1034000000000
-10.2355000000000	-7.85141000000000	-7.19319000000000
-10.2355000000000	-9.31979000000000	-7.19319000000000
-11.6190000000000	-8.97830000000000	-7.85141000000000
-11.6190000000000	-10.2355000000000	-7.85141000000000
-13.2956000000000	-10.4521000000000	-8.97830000000000
-13.2956000000000	-11.6190000000000	-8.97830000000000
-15.1123000000000	-12.2253000000000	-10.4521000000000
-15.1123000000000	-13.2956000000000	-10.4521000000000
-17.1183000000000	-14.1583000000000	-12.2253000000000
-17.1183000000000	-15.1123000000000	-12.2253000000000
-19.2889000000000	-15.9967000000000	-14.1583000000000
-19.2889000000000	-17.1183000000000	-14.1583000000000
-21.6436000000000	-18.0627000000000	-15.9967000000000
-21.6436000000000	-19.2889000000000	-15.9967000000000
-24.0119000000000	-20.1766000000000	-18.0627000000000
-24.0119000000000	-21.6436000000000	-18.0627000000000
-26.0498000000000	-22.3635000000000	-20.1766000000000
-26.0498000000000	-24.0119000000000	-20.1766000000000
-27.9861000000000	-24.5128000000000	-22.3635000000000
-27.9861000000000	-26.0498000000000	-22.3635000000000
-29.8111000000000	-26.2821000000000	-24.5128000000000
-29.8111000000000	-27.9861000000000	-24.5128000000000
-31.6105000000000	-28.2086000000000	-26.2821000000000
-31.6105000000000	-29.8111000000000	-26.2821000000000
-33.4325000000000	-29.9119000000000	-28.2086000000000
-33.4325000000000	-31.6105000000000	-28.2086000000000
-35.1456000000000	-31.6443000000000	-29.9119000000000
-35.1456000000000	-33.4325000000000	-29.9119000000000
-37.1182000000000	-33.5360000000000	-31.6443000000000
-37.1182000000000	-35.1456000000000	-31.6443000000000
-39.3315000000000	-35.4505000000000	-33.5360000000000
-39.3315000000000	-37.1182000000000	-33.5360000000000
-41.6873000000000	-37.6290000000000	-35.4505000000000
-41.6873000000000	-39.3315000000000	-35.4505000000000
-43.9126000000000	-39.8245000000000	-37.6290000000000
-43.9126000000000	-41.6873000000000	-37.6290000000000
-45.8465000000000	-41.8611000000000	-39.8245000000000
-45.8465000000000	-43.9126000000000	-39.8245000000000
-47.9979000000000	-43.8289000000000	-41.8611000000000
-47.9979000000000	-45.8465000000000	-41.8611000000000
-50.0997000000000	-45.7331000000000	-43.8289000000000
-50.0997000000000	-47.9979000000000	-43.8289000000000
-52.1543000000000	-47.5291000000000	-45.7331000000000
-52.1543000000000	-50.0997000000000	-45.7331000000000
-54.2336000000000	-49.3188000000000	-47.5291000000000
-54.2336000000000	-52.1543000000000	-47.5291000000000
-56.1374000000000	-51.1303000000000	-49.3188000000000
-56.1374000000000	-54.2336000000000	-49.3188000000000
-58.1366000000000	-53.2066000000000	-51.1303000000000
-58.1366000000000	-56.1374000000000	-51.1303000000000
-60.1932000000000	-55.5382000000000	-53.2066000000000
-60.1932000000000	-58.1366000000000	-53.2066000000000
-62.7986000000000	-57.9988000000000	-55.5382000000000
-62.7986000000000	-60.1932000000000	-55.5382000000000
-65.6509000000000	-60.6811000000000	-57.9988000000000
-65.6509000000000	-62.7986000000000	-57.9988000000000
-68.6678000000000	-64.1158000000000	-60.6811000000000
-68.6678000000000	-65.6509000000000	-60.6811000000000
-73.1034000000000	-68.2469000000000	-64.1158000000000
-73.1034000000000	-68.6678000000000	-64.1158000000000
-79.0911000000000	-73.5044000000000	-68.2469000000000
-79.0911000000000	-73.1034000000000	-68.2469000000000
-83.5152000000000	-79.6165000000000	-73.5044000000000
-83.5152000000000	-79.0911000000000	-73.5044000000000
-88.5816000000000	-85.6148000000000	-79.6165000000000
-88.5816000000000	-83.5152000000000	-79.6165000000000
-90.4195000000000	-88.5816000000000	-85.6148000000000
-7.85141000000000	-7.19319000000000	-5.59259000000000
-8.97830000000000	-6.84150000000000	-5.59259000000000
-8.97830000000000	-7.85141000000000	-5.59259000000000
-10.4521000000000	-8.21063000000000	-6.84150000000000
-10.4521000000000	-8.97830000000000	-6.84150000000000
-12.2253000000000	-9.72386000000000	-8.21063000000000
-12.2253000000000	-10.4521000000000	-8.21063000000000
-14.1583000000000	-11.3509000000000	-9.72386000000000
-14.1583000000000	-12.2253000000000	-9.72386000000000
-15.9967000000000	-13.2128000000000	-11.3509000000000
-15.9967000000000	-14.1583000000000	-11.3509000000000
-18.0627000000000	-15.0086000000000	-13.2128000000000
-18.0627000000000	-15.9967000000000	-13.2128000000000
-20.1766000000000	-16.8285000000000	-15.0086000000000
-20.1766000000000	-18.0627000000000	-15.0086000000000
-22.3635000000000	-18.8222000000000	-16.8285000000000
-22.3635000000000	-20.1766000000000	-16.8285000000000
-24.5128000000000	-20.9355000000000	-18.8222000000000
-24.5128000000000	-22.3635000000000	-18.8222000000000
-26.2821000000000	-23.0144000000000	-20.9355000000000
-26.2821000000000	-24.5128000000000	-20.9355000000000
-28.2086000000000	-24.9175000000000	-23.0144000000000
-28.2086000000000	-26.2821000000000	-23.0144000000000
-29.9119000000000	-26.7580000000000	-24.9175000000000
-29.9119000000000	-28.2086000000000	-24.9175000000000
-31.6443000000000	-28.4135000000000	-26.7580000000000
-31.6443000000000	-29.9119000000000	-26.7580000000000
-33.5360000000000	-30.1071000000000	-28.4135000000000
-33.5360000000000	-31.6443000000000	-28.4135000000000
-35.4505000000000	-32.0376000000000	-30.1071000000000
-35.4505000000000	-33.5360000000000	-30.1071000000000
-37.6290000000000	-34.0075000000000	-32.0376000000000
-37.6290000000000	-35.4505000000000	-32.0376000000000
-39.8245000000000	-35.8798000000000	-34.0075000000000
-39.8245000000000	-37.6290000000000	-34.0075000000000
-41.8611000000000	-38.0654000000000	-35.8798000000000
-41.8611000000000	-39.8245000000000	-35.8798000000000
-43.8289000000000	-40.2734000000000	-38.0654000000000
-43.8289000000000	-41.8611000000000	-38.0654000000000
-45.7331000000000	-42.0793000000000	-40.2734000000000
-45.7331000000000	-43.8289000000000	-40.2734000000000
-47.5291000000000	-43.8220000000000	-42.0793000000000
-47.5291000000000	-45.7331000000000	-42.0793000000000
-49.3188000000000	-45.5873000000000	-43.8220000000000
-49.3188000000000	-47.5291000000000	-43.8220000000000
-51.1303000000000	-47.2672000000000	-45.5873000000000
-51.1303000000000	-49.3188000000000	-45.5873000000000
-53.2066000000000	-49.0721000000000	-47.2672000000000
-53.2066000000000	-51.1303000000000	-47.2672000000000
-55.5382000000000	-51.2535000000000	-49.0721000000000
-55.5382000000000	-53.2066000000000	-49.0721000000000
-57.9988000000000	-53.9716000000000	-51.2535000000000
-57.9988000000000	-55.5382000000000	-51.2535000000000
-60.6811000000000	-56.9628000000000	-53.9716000000000
-60.6811000000000	-57.9988000000000	-53.9716000000000
-64.1158000000000	-60.4111000000000	-56.9628000000000
-64.1158000000000	-60.6811000000000	-56.9628000000000
-68.2469000000000	-64.1262000000000	-60.4111000000000
-68.2469000000000	-64.1158000000000	-60.4111000000000
-73.5044000000000	-68.7650000000000	-64.1262000000000
-73.5044000000000	-68.2469000000000	-64.1262000000000
-79.6165000000000	-73.8925000000000	-68.7650000000000
-79.6165000000000	-73.5044000000000	-68.7650000000000
-85.6148000000000	-79.9552000000000	-73.8925000000000
-85.6148000000000	-79.6165000000000	-73.8925000000000
-90.4195000000000	-85.8276000000000	-79.9552000000000
-90.4195000000000	-85.6148000000000	-79.9552000000000
-90.4195000000000	-89.7125000000000	-85.8276000000000
-6.84150000000000	-5.32223000000000	-4.45462000000000
-6.84150000000000	-5.59259000000000	-4.45462000000000
-8.21063000000000	-6.47853000000000	-5.32223000000000
-8.21063000000000	-6.84150000000000	-5.32223000000000
-9.72386000000000	-7.71089000000000	-6.47853000000000
-9.72386000000000	-8.21063000000000	-6.47853000000000
-11.3509000000000	-9.12484000000000	-7.71089000000000
-11.3509000000000	-9.72386000000000	-7.71089000000000
-13.2128000000000	-10.6929000000000	-9.12484000000000
-13.2128000000000	-11.3509000000000	-9.12484000000000
-15.0086000000000	-12.4440000000000	-10.6929000000000
-15.0086000000000	-13.2128000000000	-10.6929000000000
-16.8285000000000	-14.2040000000000	-12.4440000000000
-16.8285000000000	-15.0086000000000	-12.4440000000000
-18.8222000000000	-15.8385000000000	-14.2040000000000
-18.8222000000000	-16.8285000000000	-14.2040000000000
-20.9355000000000	-17.7689000000000	-15.8385000000000
-20.9355000000000	-18.8222000000000	-15.8385000000000
-23.0144000000000	-19.6348000000000	-17.7689000000000
-23.0144000000000	-20.9355000000000	-17.7689000000000
-24.9175000000000	-21.5966000000000	-19.6348000000000
-24.9175000000000	-23.0144000000000	-19.6348000000000
-26.7580000000000	-23.6044000000000	-21.5966000000000
-26.7580000000000	-24.9175000000000	-21.5966000000000
-28.4135000000000	-25.3204000000000	-23.6044000000000
-28.4135000000000	-26.7580000000000	-23.6044000000000
-30.1071000000000	-27.0156000000000	-25.3204000000000
-30.1071000000000	-28.4135000000000	-25.3204000000000
-32.0376000000000	-28.8929000000000	-27.0156000000000
-32.0376000000000	-30.1071000000000	-27.0156000000000
-34.0075000000000	-30.7607000000000	-28.8929000000000
-34.0075000000000	-32.0376000000000	-28.8929000000000
-35.8798000000000	-32.8764000000000	-30.7607000000000
-35.8798000000000	-34.0075000000000	-30.7607000000000
-38.0654000000000	-34.5720000000000	-32.8764000000000
-38.0654000000000	-35.8798000000000	-32.8764000000000
-40.2734000000000	-36.5379000000000	-34.5720000000000
-40.2734000000000	-38.0654000000000	-34.5720000000000
-42.0793000000000	-38.7090000000000	-36.5379000000000
-42.0793000000000	-40.2734000000000	-36.5379000000000
-43.8220000000000	-40.5564000000000	-38.7090000000000
-43.8220000000000	-42.0793000000000	-38.7090000000000
-45.5873000000000	-42.4284000000000	-40.5564000000000
-45.5873000000000	-43.8220000000000	-40.5564000000000
-47.2672000000000	-44.1261000000000	-42.4284000000000
-47.2672000000000	-45.5873000000000	-42.4284000000000
-49.0721000000000	-45.7625000000000	-44.1261000000000
-49.0721000000000	-47.2672000000000	-44.1261000000000
-51.2535000000000	-47.7236000000000	-45.7625000000000
-51.2535000000000	-49.0721000000000	-45.7625000000000
-53.9716000000000	-50.1089000000000	-47.7236000000000
-53.9716000000000	-51.2535000000000	-47.7236000000000
-56.9628000000000	-53.4076000000000	-50.1089000000000
-56.9628000000000	-53.9716000000000	-50.1089000000000
-60.4111000000000	-56.6930000000000	-53.4076000000000
-60.4111000000000	-56.9628000000000	-53.4076000000000
-64.1262000000000	-60.3943000000000	-56.6930000000000
-64.1262000000000	-60.4111000000000	-56.6930000000000
-68.7650000000000	-64.3294000000000	-60.3943000000000
-68.7650000000000	-64.1262000000000	-60.3943000000000
-73.8925000000000	-68.8459000000000	-64.3294000000000
-73.8925000000000	-68.7650000000000	-64.3294000000000
-79.9552000000000	-73.8233000000000	-68.8459000000000
-79.9552000000000	-73.8925000000000	-68.8459000000000
-85.8276000000000	-78.9903000000000	-73.8233000000000
-85.8276000000000	-79.9552000000000	-73.8233000000000
-89.7125000000000	-84.2374000000000	-78.9903000000000
-89.7125000000000	-85.8276000000000	-78.9903000000000
-89.7125000000000	-89.2726000000000	-84.2374000000000
-6.47853000000000	-5.32223000000000	-5.15018000000000
-7.71089000000000	-6.23333000000000	-5.15018000000000
-7.71089000000000	-6.47853000000000	-5.15018000000000
-9.12484000000000	-7.39856000000000	-6.23333000000000
-9.12484000000000	-7.71089000000000	-6.23333000000000
-10.6929000000000	-8.77795000000000	-7.39856000000000
-10.6929000000000	-9.12484000000000	-7.39856000000000
-12.4440000000000	-10.2303000000000	-8.77795000000000
-12.4440000000000	-10.6929000000000	-8.77795000000000
-14.2040000000000	-11.8529000000000	-10.2303000000000
-14.2040000000000	-12.4440000000000	-10.2303000000000
-15.8385000000000	-13.5835000000000	-11.8529000000000
-15.8385000000000	-14.2040000000000	-11.8529000000000
-17.7689000000000	-15.1386000000000	-13.5835000000000
-17.7689000000000	-15.8385000000000	-13.5835000000000
-19.6348000000000	-16.8194000000000	-15.1386000000000
-19.6348000000000	-17.7689000000000	-15.1386000000000
-21.5966000000000	-18.6939000000000	-16.8194000000000
-21.5966000000000	-19.6348000000000	-16.8194000000000
-23.6044000000000	-20.6924000000000	-18.6939000000000
-23.6044000000000	-21.5966000000000	-18.6939000000000
-25.3204000000000	-22.7585000000000	-20.6924000000000
-25.3204000000000	-23.6044000000000	-20.6924000000000
-27.0156000000000	-24.4768000000000	-22.7585000000000
-27.0156000000000	-25.3204000000000	-22.7585000000000
-28.8929000000000	-26.2549000000000	-24.4768000000000
-28.8929000000000	-27.0156000000000	-24.4768000000000
-30.7607000000000	-28.1727000000000	-26.2549000000000
-30.7607000000000	-28.8929000000000	-26.2549000000000
-32.8764000000000	-30.2869000000000	-28.1727000000000
-32.8764000000000	-30.7607000000000	-28.1727000000000
-34.5720000000000	-32.3689000000000	-30.2869000000000
-34.5720000000000	-32.8764000000000	-30.2869000000000
-36.5379000000000	-34.1095000000000	-32.3689000000000
-36.5379000000000	-34.5720000000000	-32.3689000000000
-38.7090000000000	-35.6839000000000	-34.1095000000000
-38.7090000000000	-36.5379000000000	-34.1095000000000
-40.5564000000000	-37.6908000000000	-35.6839000000000
-40.5564000000000	-38.7090000000000	-35.6839000000000
-42.4284000000000	-39.5905000000000	-37.6908000000000
-42.4284000000000	-40.5564000000000	-37.6908000000000
-44.1261000000000	-41.3625000000000	-39.5905000000000
-44.1261000000000	-42.4284000000000	-39.5905000000000
-45.7625000000000	-43.3025000000000	-41.3625000000000
-45.7625000000000	-44.1261000000000	-41.3625000000000
-47.7236000000000	-45.0533000000000	-43.3025000000000
-47.7236000000000	-45.7625000000000	-43.3025000000000
-50.1089000000000	-47.2722000000000	-45.0533000000000
-50.1089000000000	-47.7236000000000	-45.0533000000000
-53.4076000000000	-49.9451000000000	-47.2722000000000
-53.4076000000000	-50.1089000000000	-47.2722000000000
-56.6930000000000	-53.0562000000000	-49.9451000000000
-56.6930000000000	-53.4076000000000	-49.9451000000000
-60.3943000000000	-56.3922000000000	-53.0562000000000
-60.3943000000000	-56.6930000000000	-53.0562000000000
-64.3294000000000	-59.7636000000000	-56.3922000000000
-64.3294000000000	-60.3943000000000	-56.3922000000000
-68.8459000000000	-63.5227000000000	-59.7636000000000
-68.8459000000000	-64.3294000000000	-59.7636000000000
-73.8233000000000	-68.0259000000000	-63.5227000000000
-73.8233000000000	-68.8459000000000	-63.5227000000000
-78.9903000000000	-72.4702000000000	-68.0259000000000
-78.9903000000000	-73.8233000000000	-68.0259000000000
-84.2374000000000	-77.1289000000000	-72.4702000000000
-84.2374000000000	-78.9903000000000	-72.4702000000000
-89.2726000000000	-81.8913000000000	-77.1289000000000
-89.2726000000000	-84.2374000000000	-77.1289000000000
-89.2726000000000	-87.9082000000000	-81.8913000000000
-6.23333000000000	-5.15018000000000	-5.11634000000000
-7.39856000000000	-6.08306000000000	-5.11634000000000
-7.39856000000000	-6.23333000000000	-5.11634000000000
-8.77795000000000	-7.30989000000000	-6.08306000000000
-8.77795000000000	-7.39856000000000	-6.08306000000000
-10.2303000000000	-8.60378000000000	-7.30989000000000
-10.2303000000000	-8.77795000000000	-7.30989000000000
-11.8529000000000	-10.0007000000000	-8.60378000000000
-11.8529000000000	-10.2303000000000	-8.60378000000000
-13.5835000000000	-11.5732000000000	-10.0007000000000
-13.5835000000000	-11.8529000000000	-10.0007000000000
-15.1386000000000	-13.1792000000000	-11.5732000000000
-15.1386000000000	-13.5835000000000	-11.5732000000000
-16.8194000000000	-14.7244000000000	-13.1792000000000
-16.8194000000000	-15.1386000000000	-13.1792000000000
-18.6939000000000	-16.4680000000000	-14.7244000000000
-18.6939000000000	-16.8194000000000	-14.7244000000000
-20.6924000000000	-18.5650000000000	-16.4680000000000
-20.6924000000000	-18.6939000000000	-16.4680000000000
-22.7585000000000	-20.5980000000000	-18.5650000000000
-22.7585000000000	-20.6924000000000	-18.5650000000000
-24.4768000000000	-22.5772000000000	-20.5980000000000
-24.4768000000000	-22.7585000000000	-20.5980000000000
-26.2549000000000	-24.1193000000000	-22.5772000000000
-26.2549000000000	-24.4768000000000	-22.5772000000000
-28.1727000000000	-25.9193000000000	-24.1193000000000
-28.1727000000000	-26.2549000000000	-24.1193000000000
-30.2869000000000	-28.2211000000000	-25.9193000000000
-30.2869000000000	-28.1727000000000	-25.9193000000000
-32.3689000000000	-30.5011000000000	-28.2211000000000
-32.3689000000000	-30.2869000000000	-28.2211000000000
-34.1095000000000	-32.3108000000000	-30.5011000000000
-34.1095000000000	-32.3689000000000	-30.5011000000000
-35.6839000000000	-33.8350000000000	-32.3108000000000
-35.6839000000000	-34.1095000000000	-32.3108000000000
-37.6908000000000	-35.3948000000000	-33.8350000000000
-37.6908000000000	-35.6839000000000	-33.8350000000000
-39.5905000000000	-37.1836000000000	-35.3948000000000
-39.5905000000000	-37.6908000000000	-35.3948000000000
-41.3625000000000	-39.0696000000000	-37.1836000000000
-41.3625000000000	-39.5905000000000	-37.1836000000000
-43.3025000000000	-41.0506000000000	-39.0696000000000
-43.3025000000000	-41.3625000000000	-39.0696000000000
-45.0533000000000	-43.2022000000000	-41.0506000000000
-45.0533000000000	-43.3025000000000	-41.0506000000000
-47.2722000000000	-45.0352000000000	-43.2022000000000
-47.2722000000000	-45.0533000000000	-43.2022000000000
-49.9451000000000	-47.2252000000000	-45.0352000000000
-49.9451000000000	-47.2722000000000	-45.0352000000000
-53.0562000000000	-49.9796000000000	-47.2252000000000
-53.0562000000000	-49.9451000000000	-47.2252000000000
-56.3922000000000	-52.8309000000000	-49.9796000000000
-56.3922000000000	-53.0562000000000	-49.9796000000000
-59.7636000000000	-55.7798000000000	-52.8309000000000
-59.7636000000000	-56.3922000000000	-52.8309000000000
-63.5227000000000	-58.4654000000000	-55.7798000000000
-63.5227000000000	-59.7636000000000	-55.7798000000000
-68.0259000000000	-61.7354000000000	-58.4654000000000
-68.0259000000000	-63.5227000000000	-58.4654000000000
-72.4702000000000	-66.4138000000000	-61.7354000000000
-72.4702000000000	-68.0259000000000	-61.7354000000000
-77.1289000000000	-70.7983000000000	-66.4138000000000
-77.1289000000000	-72.4702000000000	-66.4138000000000
-81.8913000000000	-75.8005000000000	-70.7983000000000
-81.8913000000000	-77.1289000000000	-70.7983000000000
-87.9082000000000	-81.3312000000000	-75.8005000000000
-87.9082000000000	-81.8913000000000	-75.8005000000000
-87.9818000000000	-87.9082000000000	-81.3312000000000
-6.08306000000000	-5.11634000000000	-5.09819000000000
-7.30989000000000	-6.05068000000000	-5.09819000000000
-7.30989000000000	-6.08306000000000	-5.09819000000000
-8.60378000000000	-7.40575000000000	-6.05068000000000
-8.60378000000000	-7.30989000000000	-6.05068000000000
-10.0007000000000	-8.72223000000000	-7.40575000000000
-10.0007000000000	-8.60378000000000	-7.40575000000000
-11.5732000000000	-10.0064000000000	-8.72223000000000
-11.5732000000000	-10.0007000000000	-8.72223000000000
-13.1792000000000	-11.4831000000000	-10.0064000000000
-13.1792000000000	-11.5732000000000	-10.0064000000000
-14.7244000000000	-13.1036000000000	-11.4831000000000
-14.7244000000000	-13.1792000000000	-11.4831000000000
-16.4680000000000	-14.7736000000000	-13.1036000000000
-16.4680000000000	-14.7244000000000	-13.1036000000000
-18.5650000000000	-16.8196000000000	-14.7736000000000
-18.5650000000000	-16.4680000000000	-14.7736000000000
-20.5980000000000	-19.1157000000000	-16.8196000000000
-20.5980000000000	-18.5650000000000	-16.8196000000000
-22.5772000000000	-21.1177000000000	-19.1157000000000
-22.5772000000000	-20.5980000000000	-19.1157000000000
-24.1193000000000	-22.8592000000000	-21.1177000000000
-24.1193000000000	-22.5772000000000	-21.1177000000000
-25.9193000000000	-24.6497000000000	-22.8592000000000
-25.9193000000000	-24.1193000000000	-22.8592000000000
-28.2211000000000	-26.6563000000000	-24.6497000000000
-28.2211000000000	-25.9193000000000	-24.6497000000000
-30.5011000000000	-28.7798000000000	-26.6563000000000
-30.5011000000000	-28.2211000000000	-26.6563000000000
-32.3108000000000	-30.6777000000000	-28.7798000000000
-32.3108000000000	-30.5011000000000	-28.7798000000000
-33.8350000000000	-32.3089000000000	-30.6777000000000
-33.8350000000000	-32.3108000000000	-30.6777000000000
-35.3948000000000	-33.8788000000000	-32.3089000000000
-35.3948000000000	-33.8350000000000	-32.3089000000000
-37.1836000000000	-35.3521000000000	-33.8788000000000
-37.1836000000000	-35.3948000000000	-33.8788000000000
-39.0696000000000	-37.1709000000000	-35.3521000000000
-39.0696000000000	-37.1836000000000	-35.3521000000000
-41.0506000000000	-39.1519000000000	-37.1709000000000
-41.0506000000000	-39.0696000000000	-37.1709000000000
-43.2022000000000	-41.0595000000000	-39.1519000000000
-43.2022000000000	-41.0506000000000	-39.1519000000000
-45.0352000000000	-43.2961000000000	-41.0595000000000
-45.0352000000000	-43.2022000000000	-41.0595000000000
-47.2252000000000	-45.3239000000000	-43.2961000000000
-47.2252000000000	-45.0352000000000	-43.2961000000000
-49.9796000000000	-47.5557000000000	-45.3239000000000
-49.9796000000000	-47.2252000000000	-45.3239000000000
-52.8309000000000	-49.7121000000000	-47.5557000000000
-52.8309000000000	-49.9796000000000	-47.5557000000000
-55.7798000000000	-52.3750000000000	-49.7121000000000
-55.7798000000000	-52.8309000000000	-49.7121000000000
-58.4654000000000	-54.7548000000000	-52.3750000000000
-58.4654000000000	-55.7798000000000	-52.3750000000000
-61.7354000000000	-57.4709000000000	-54.7548000000000
-61.7354000000000	-58.4654000000000	-54.7548000000000
-66.4138000000000	-60.9174000000000	-57.4709000000000
-66.4138000000000	-61.7354000000000	-57.4709000000000
-70.7983000000000	-66.2532000000000	-60.9174000000000
-70.7983000000000	-66.4138000000000	-60.9174000000000
-75.8005000000000	-70.7765000000000	-66.2532000000000
-75.8005000000000	-70.7983000000000	-66.2532000000000
-81.3312000000000	-77.2978000000000	-70.7765000000000
-81.3312000000000	-75.8005000000000	-70.7765000000000
-87.9818000000000	-84.2312000000000	-77.2978000000000
-87.9818000000000	-81.3312000000000	-77.2978000000000
-91.3989000000000	-87.9818000000000	-84.2312000000000
-6.05068000000000	-5.10689000000000	-5.09819000000000
-7.40575000000000	-6.40972000000000	-5.10689000000000
-7.40575000000000	-6.05068000000000	-5.10689000000000
-8.72223000000000	-7.78796000000000	-6.40972000000000
-8.72223000000000	-7.40575000000000	-6.40972000000000
-10.0064000000000	-9.00914000000000	-7.78796000000000
-10.0064000000000	-8.72223000000000	-7.78796000000000
-11.4831000000000	-10.1837000000000	-9.00914000000000
-11.4831000000000	-10.0064000000000	-9.00914000000000
-13.1036000000000	-11.6906000000000	-10.1837000000000
-13.1036000000000	-11.4831000000000	-10.1837000000000
-14.7736000000000	-13.3870000000000	-11.6906000000000
-14.7736000000000	-13.1036000000000	-11.6906000000000
-16.8196000000000	-15.3774000000000	-13.3870000000000
-16.8196000000000	-14.7736000000000	-13.3870000000000
-19.1157000000000	-17.6644000000000	-15.3774000000000
-19.1157000000000	-16.8196000000000	-15.3774000000000
-21.1177000000000	-19.8258000000000	-17.6644000000000
-21.1177000000000	-19.1157000000000	-17.6644000000000
-22.8592000000000	-21.6903000000000	-19.8258000000000
-22.8592000000000	-21.1177000000000	-19.8258000000000
-24.6497000000000	-23.5650000000000	-21.6903000000000
-24.6497000000000	-22.8592000000000	-21.6903000000000
-26.6563000000000	-25.4905000000000	-23.5650000000000
-26.6563000000000	-24.6497000000000	-23.5650000000000
-28.7798000000000	-27.3511000000000	-25.4905000000000
-28.7798000000000	-26.6563000000000	-25.4905000000000
-30.6777000000000	-29.3110000000000	-27.3511000000000
-30.6777000000000	-28.7798000000000	-27.3511000000000
-32.3089000000000	-31.0656000000000	-29.3110000000000
-32.3089000000000	-30.6777000000000	-29.3110000000000
-33.8788000000000	-32.6637000000000	-31.0656000000000
-33.8788000000000	-32.3089000000000	-31.0656000000000
-35.3521000000000	-34.2143000000000	-32.6637000000000
-35.3521000000000	-33.8788000000000	-32.6637000000000
-37.1709000000000	-35.8633000000000	-34.2143000000000
-37.1709000000000	-35.3521000000000	-34.2143000000000
-39.1519000000000	-37.6029000000000	-35.8633000000000
-39.1519000000000	-37.1709000000000	-35.8633000000000
-41.0595000000000	-39.3684000000000	-37.6029000000000
-41.0595000000000	-39.1519000000000	-37.6029000000000
-43.2961000000000	-41.1833000000000	-39.3684000000000
-43.2961000000000	-41.0595000000000	-39.3684000000000
-45.3239000000000	-43.4297000000000	-41.1833000000000
-45.3239000000000	-43.2961000000000	-41.1833000000000
-47.5557000000000	-45.5888000000000	-43.4297000000000
-47.5557000000000	-45.3239000000000	-43.4297000000000
-49.7121000000000	-47.6667000000000	-45.5888000000000
-49.7121000000000	-47.5557000000000	-45.5888000000000
-52.3750000000000	-49.6846000000000	-47.6667000000000
-52.3750000000000	-49.7121000000000	-47.6667000000000
-54.7548000000000	-52.1053000000000	-49.6846000000000
-54.7548000000000	-52.3750000000000	-49.6846000000000
-57.4709000000000	-54.5941000000000	-52.1053000000000
-57.4709000000000	-54.7548000000000	-52.1053000000000
-60.9174000000000	-58.0885000000000	-54.5941000000000
-60.9174000000000	-57.4709000000000	-54.5941000000000
-66.2532000000000	-62.8141000000000	-58.0885000000000
-66.2532000000000	-60.9174000000000	-58.0885000000000
-70.7765000000000	-69.2024000000000	-62.8141000000000
-70.7765000000000	-66.2532000000000	-62.8141000000000
-77.2978000000000	-76.0255000000000	-69.2024000000000
-77.2978000000000	-70.7765000000000	-69.2024000000000
-84.2312000000000	-83.5272000000000	-76.0255000000000
-84.2312000000000	-77.2978000000000	-76.0255000000000
-91.3989000000000	-91.3717000000000	-83.5272000000000
-91.3989000000000	-84.2312000000000	-83.5272000000000
-6.40972000000000	-5.65818000000000	-4.79737000000000
-6.40972000000000	-5.10689000000000	-4.79737000000000
-7.78796000000000	-6.86289000000000	-5.65818000000000
-7.78796000000000	-6.40972000000000	-5.65818000000000
-9.00914000000000	-8.06619000000000	-6.86289000000000
-9.00914000000000	-7.78796000000000	-6.86289000000000
-10.1837000000000	-9.29638000000000	-8.06619000000000
-10.1837000000000	-9.00914000000000	-8.06619000000000
-11.6906000000000	-10.5306000000000	-9.29638000000000
-11.6906000000000	-10.1837000000000	-9.29638000000000
-13.3870000000000	-12.2172000000000	-10.5306000000000
-13.3870000000000	-11.6906000000000	-10.5306000000000
-15.3774000000000	-14.1510000000000	-12.2172000000000
-15.3774000000000	-13.3870000000000	-12.2172000000000
-17.6644000000000	-16.3299000000000	-14.1510000000000
-17.6644000000000	-15.3774000000000	-14.1510000000000
-19.8258000000000	-18.6138000000000	-16.3299000000000
-19.8258000000000	-17.6644000000000	-16.3299000000000
-21.6903000000000	-20.5428000000000	-18.6138000000000
-21.6903000000000	-19.8258000000000	-18.6138000000000
-23.5650000000000	-22.4037000000000	-20.5428000000000
-23.5650000000000	-21.6903000000000	-20.5428000000000
-25.4905000000000	-24.3533000000000	-22.4037000000000
-25.4905000000000	-23.5650000000000	-22.4037000000000
-27.3511000000000	-26.2121000000000	-24.3533000000000
-27.3511000000000	-25.4905000000000	-24.3533000000000
-29.3110000000000	-28.0842000000000	-26.2121000000000
-29.3110000000000	-27.3511000000000	-26.2121000000000
-31.0656000000000	-29.8395000000000	-28.0842000000000
-31.0656000000000	-29.3110000000000	-28.0842000000000
-32.6637000000000	-31.4794000000000	-29.8395000000000
-32.6637000000000	-31.0656000000000	-29.8395000000000
-34.2143000000000	-33.0168000000000	-31.4794000000000
-34.2143000000000	-32.6637000000000	-31.4794000000000
-35.8633000000000	-34.7561000000000	-33.0168000000000
-35.8633000000000	-34.2143000000000	-33.0168000000000
-37.6029000000000	-36.3413000000000	-34.7561000000000
-37.6029000000000	-35.8633000000000	-34.7561000000000
-39.3684000000000	-38.1391000000000	-36.3413000000000
-39.3684000000000	-37.6029000000000	-36.3413000000000
-41.1833000000000	-39.8091000000000	-38.1391000000000
-41.1833000000000	-39.3684000000000	-38.1391000000000
-43.4297000000000	-41.7011000000000	-39.8091000000000
-43.4297000000000	-41.1833000000000	-39.8091000000000
-45.5888000000000	-43.8902000000000	-41.7011000000000
-45.5888000000000	-43.4297000000000	-41.7011000000000
-47.6667000000000	-45.9303000000000	-43.8902000000000
-47.6667000000000	-45.5888000000000	-43.8902000000000
-49.6846000000000	-47.8906000000000	-45.9303000000000
-49.6846000000000	-47.6667000000000	-45.9303000000000
-52.1053000000000	-50.0896000000000	-47.8906000000000
-52.1053000000000	-49.6846000000000	-47.8906000000000
-54.5941000000000	-53.1532000000000	-50.0896000000000
-54.5941000000000	-52.1053000000000	-50.0896000000000
-58.0885000000000	-56.8640000000000	-53.1532000000000
-58.0885000000000	-54.5941000000000	-53.1532000000000
-62.8141000000000	-61.4803000000000	-56.8640000000000
-62.8141000000000	-58.0885000000000	-56.8640000000000
-69.2024000000000	-69.1146000000000	-61.4803000000000
-69.2024000000000	-62.8141000000000	-61.4803000000000
-76.8310000000000	-76.0255000000000	-69.1146000000000
-76.0255000000000	-69.2024000000000	-69.1146000000000
-85.0484000000000	-83.5272000000000	-76.8310000000000
-83.5272000000000	-76.8310000000000	-76.0255000000000
-92.2184000000000	-91.3717000000000	-85.0484000000000
-91.3717000000000	-85.0484000000000	-83.5272000000000
-5.65818000000000	-5.01688000000000	-4.79737000000000
-6.86289000000000	-5.94183000000000	-5.01688000000000
-6.86289000000000	-5.65818000000000	-5.01688000000000
-8.06619000000000	-7.19844000000000	-5.94183000000000
-8.06619000000000	-6.86289000000000	-5.94183000000000
-9.29638000000000	-8.50214000000000	-7.19844000000000
-9.29638000000000	-8.06619000000000	-7.19844000000000
-10.5306000000000	-9.68311000000000	-8.50214000000000
-10.5306000000000	-9.29638000000000	-8.50214000000000
-12.2172000000000	-11.0955000000000	-9.68311000000000
-12.2172000000000	-10.5306000000000	-9.68311000000000
-14.1510000000000	-13.0073000000000	-11.0955000000000
-14.1510000000000	-12.2172000000000	-11.0955000000000
-16.3299000000000	-15.2136000000000	-13.0073000000000
-16.3299000000000	-14.1510000000000	-13.0073000000000
-18.6138000000000	-17.3591000000000	-15.2136000000000
-18.6138000000000	-16.3299000000000	-15.2136000000000
-20.5428000000000	-19.4537000000000	-17.3591000000000
-20.5428000000000	-18.6138000000000	-17.3591000000000
-22.4037000000000	-21.2837000000000	-19.4537000000000
-22.4037000000000	-20.5428000000000	-19.4537000000000
-24.3533000000000	-23.1837000000000	-21.2837000000000
-24.3533000000000	-22.4037000000000	-21.2837000000000
-26.2121000000000	-24.9121000000000	-23.1837000000000
-26.2121000000000	-24.3533000000000	-23.1837000000000
-28.0842000000000	-26.6738000000000	-24.9121000000000
-28.0842000000000	-26.2121000000000	-24.9121000000000
-29.8395000000000	-28.5975000000000	-26.6738000000000
-29.8395000000000	-28.0842000000000	-26.6738000000000
-31.4794000000000	-30.2382000000000	-28.5975000000000
-31.4794000000000	-29.8395000000000	-28.5975000000000
-33.0168000000000	-31.9121000000000	-30.2382000000000
-33.0168000000000	-31.4794000000000	-30.2382000000000
-34.7561000000000	-33.6483000000000	-31.9121000000000
-34.7561000000000	-33.0168000000000	-31.9121000000000
-36.3413000000000	-35.2991000000000	-33.6483000000000
-36.3413000000000	-34.7561000000000	-33.6483000000000
-38.1391000000000	-37.0319000000000	-35.2991000000000
-38.1391000000000	-36.3413000000000	-35.2991000000000
-39.8091000000000	-38.8696000000000	-37.0319000000000
-39.8091000000000	-38.1391000000000	-37.0319000000000
-41.7011000000000	-40.5283000000000	-38.8696000000000
-41.7011000000000	-39.8091000000000	-38.8696000000000
-43.8902000000000	-42.4777000000000	-40.5283000000000
-43.8902000000000	-41.7011000000000	-40.5283000000000
-45.9303000000000	-44.5447000000000	-42.4777000000000
-45.9303000000000	-43.8902000000000	-42.4777000000000
-47.8906000000000	-46.6151000000000	-44.5447000000000
-47.8906000000000	-45.9303000000000	-44.5447000000000
-50.0896000000000	-49.1496000000000	-46.6151000000000
-50.0896000000000	-47.8906000000000	-46.6151000000000
-53.1532000000000	-52.7103000000000	-49.1496000000000
-53.1532000000000	-50.0896000000000	-49.1496000000000
-56.9466000000000	-56.8640000000000	-52.7103000000000
-56.8640000000000	-53.1532000000000	-52.7103000000000
-62.6135000000000	-61.4803000000000	-56.9466000000000
-61.4803000000000	-56.9466000000000	-56.8640000000000
-70.9266000000000	-69.1146000000000	-62.6135000000000
-69.1146000000000	-62.6135000000000	-61.4803000000000
-79.2037000000000	-76.8310000000000	-70.9266000000000
-76.8310000000000	-70.9266000000000	-69.1146000000000
-87.9094000000000	-85.0484000000000	-79.2037000000000
-85.0484000000000	-79.2037000000000	-76.8310000000000
-92.2184000000000	-87.9094000000000	-85.0484000000000
-5.94183000000000	-5.42505000000000	-4.77915000000000
-5.94183000000000	-5.01688000000000	-4.77915000000000
-7.19844000000000	-6.52953000000000	-5.42505000000000
-7.19844000000000	-5.94183000000000	-5.42505000000000
-8.50214000000000	-7.86946000000000	-6.52953000000000
-8.50214000000000	-7.19844000000000	-6.52953000000000
-9.68311000000000	-9.04885000000000	-7.86946000000000
-9.68311000000000	-8.50214000000000	-7.86946000000000
-11.0955000000000	-10.0567000000000	-9.04885000000000
-11.0955000000000	-9.68311000000000	-9.04885000000000
-13.0073000000000	-11.7870000000000	-10.0567000000000
-13.0073000000000	-11.0955000000000	-10.0567000000000
-15.2136000000000	-14.0259000000000	-11.7870000000000
-15.2136000000000	-13.0073000000000	-11.7870000000000
-17.3591000000000	-16.1084000000000	-14.0259000000000
-17.3591000000000	-15.2136000000000	-14.0259000000000
-19.4537000000000	-18.1916000000000	-16.1084000000000
-19.4537000000000	-17.3591000000000	-16.1084000000000
-21.2837000000000	-20.1986000000000	-18.1916000000000
-21.2837000000000	-19.4537000000000	-18.1916000000000
-23.1837000000000	-21.9842000000000	-20.1986000000000
-23.1837000000000	-21.2837000000000	-20.1986000000000
-24.9121000000000	-23.6646000000000	-21.9842000000000
-24.9121000000000	-23.1837000000000	-21.9842000000000
-26.6738000000000	-25.3993000000000	-23.6646000000000
-26.6738000000000	-24.9121000000000	-23.6646000000000
-28.5975000000000	-27.2739000000000	-25.3993000000000
-28.5975000000000	-26.6738000000000	-25.3993000000000
-30.2382000000000	-29.1712000000000	-27.2739000000000
-30.2382000000000	-28.5975000000000	-27.2739000000000
-31.9121000000000	-30.7681000000000	-29.1712000000000
-31.9121000000000	-30.2382000000000	-29.1712000000000
-33.6483000000000	-32.5636000000000	-30.7681000000000
-33.6483000000000	-31.9121000000000	-30.7681000000000
-35.2991000000000	-34.4449000000000	-32.5636000000000
-35.2991000000000	-33.6483000000000	-32.5636000000000
-37.0319000000000	-36.1651000000000	-34.4449000000000
-37.0319000000000	-35.2991000000000	-34.4449000000000
-38.8696000000000	-38.0088000000000	-36.1651000000000
-38.8696000000000	-37.0319000000000	-36.1651000000000
-40.5283000000000	-39.8333000000000	-38.0088000000000
-40.5283000000000	-38.8696000000000	-38.0088000000000
-42.4777000000000	-41.7183000000000	-39.8333000000000
-42.4777000000000	-40.5283000000000	-39.8333000000000
-44.5447000000000	-43.6147000000000	-41.7183000000000
-44.5447000000000	-42.4777000000000	-41.7183000000000
-46.6151000000000	-45.7055000000000	-43.6147000000000
-46.6151000000000	-44.5447000000000	-43.6147000000000
-49.1496000000000	-49.0199000000000	-45.7055000000000
-49.1496000000000	-46.6151000000000	-45.7055000000000
-53.1548000000000	-52.7103000000000	-49.0199000000000
-52.7103000000000	-49.1496000000000	-49.0199000000000
-58.1960000000000	-56.9466000000000	-53.1548000000000
-56.9466000000000	-53.1548000000000	-52.7103000000000
-65.1908000000000	-62.6135000000000	-58.1960000000000
-62.6135000000000	-58.1960000000000	-56.9466000000000
-73.2927000000000	-70.9266000000000	-65.1908000000000
-70.9266000000000	-65.1908000000000	-62.6135000000000
-81.8982000000000	-79.2037000000000	-73.2927000000000
-79.2037000000000	-73.2927000000000	-70.9266000000000
-90.0055000000000	-87.9094000000000	-81.8982000000000
-87.9094000000000	-81.8982000000000	-79.2037000000000
-5.42505000000000	-5.17236000000000	-4.77915000000000
-6.52953000000000	-6.15220000000000	-5.17236000000000
-6.52953000000000	-5.42505000000000	-5.17236000000000
-7.86946000000000	-7.38529000000000	-6.15220000000000
-7.86946000000000	-6.52953000000000	-6.15220000000000
-9.04885000000000	-8.49360000000000	-7.38529000000000
-9.04885000000000	-7.86946000000000	-7.38529000000000
-10.0567000000000	-9.46120000000000	-8.49360000000000
-10.0567000000000	-9.04885000000000	-8.49360000000000
-11.7870000000000	-10.6068000000000	-9.46120000000000
-11.7870000000000	-10.0567000000000	-9.46120000000000
-14.0259000000000	-12.5634000000000	-10.6068000000000
-14.0259000000000	-11.7870000000000	-10.6068000000000
-16.1084000000000	-14.7804000000000	-12.5634000000000
-16.1084000000000	-14.0259000000000	-12.5634000000000
-18.1916000000000	-16.8527000000000	-14.7804000000000
-18.1916000000000	-16.1084000000000	-14.7804000000000
-20.1986000000000	-19.0476000000000	-16.8527000000000
-20.1986000000000	-18.1916000000000	-16.8527000000000
-21.9842000000000	-20.8338000000000	-19.0476000000000
-21.9842000000000	-20.1986000000000	-19.0476000000000
-23.6646000000000	-22.5548000000000	-20.8338000000000
-23.6646000000000	-21.9842000000000	-20.8338000000000
-25.3993000000000	-24.2586000000000	-22.5548000000000
-25.3993000000000	-23.6646000000000	-22.5548000000000
-27.2739000000000	-25.9792000000000	-24.2586000000000
-27.2739000000000	-25.3993000000000	-24.2586000000000
-29.1712000000000	-27.8843000000000	-25.9792000000000
-29.1712000000000	-27.2739000000000	-25.9792000000000
-30.7681000000000	-29.6883000000000	-27.8843000000000
-30.7681000000000	-29.1712000000000	-27.8843000000000
-32.5636000000000	-31.4386000000000	-29.6883000000000
-32.5636000000000	-30.7681000000000	-29.6883000000000
-34.4449000000000	-33.4874000000000	-31.4386000000000
-34.4449000000000	-32.5636000000000	-31.4386000000000
-36.1651000000000	-35.3117000000000	-33.4874000000000
-36.1651000000000	-34.4449000000000	-33.4874000000000
-38.0088000000000	-37.1592000000000	-35.3117000000000
-38.0088000000000	-36.1651000000000	-35.3117000000000
-39.8333000000000	-39.2014000000000	-37.1592000000000
-39.8333000000000	-38.0088000000000	-37.1592000000000
-41.7183000000000	-41.2255000000000	-39.2014000000000
-41.7183000000000	-39.8333000000000	-39.2014000000000
-43.6147000000000	-43.0849000000000	-41.2255000000000
-43.6147000000000	-41.7183000000000	-41.2255000000000
-45.7055000000000	-45.4417000000000	-43.0849000000000
-45.7055000000000	-43.6147000000000	-43.0849000000000
-49.9821000000000	-49.0199000000000	-45.4417000000000
-49.0199000000000	-45.7055000000000	-45.4417000000000
-54.3499000000000	-53.1548000000000	-49.9821000000000
-53.1548000000000	-49.9821000000000	-49.0199000000000
-60.1726000000000	-58.1960000000000	-54.3499000000000
-58.1960000000000	-54.3499000000000	-53.1548000000000
-67.5401000000000	-65.1908000000000	-60.1726000000000
-65.1908000000000	-60.1726000000000	-58.1960000000000
-75.2110000000000	-73.2927000000000	-67.5401000000000
-73.2927000000000	-67.5401000000000	-65.1908000000000
-83.4265000000000	-81.8982000000000	-75.2110000000000
-81.8982000000000	-75.2110000000000	-73.2927000000000
-90.9378000000000	-90.0055000000000	-83.4265000000000
-90.0055000000000	-83.4265000000000	-81.8982000000000
-6.15220000000000	-5.87557000000000	-4.98710000000000
-6.15220000000000	-5.17236000000000	-4.98710000000000
-7.38529000000000	-6.97076000000000	-5.87557000000000
-7.38529000000000	-6.15220000000000	-5.87557000000000
-8.49360000000000	-7.96534000000000	-6.97076000000000
-8.49360000000000	-7.38529000000000	-6.97076000000000
-9.46120000000000	-8.86791000000000	-7.96534000000000
-9.46120000000000	-8.49360000000000	-7.96534000000000
-10.6068000000000	-9.87508000000000	-8.86791000000000
-10.6068000000000	-9.46120000000000	-8.86791000000000
-12.5634000000000	-11.4177000000000	-9.87508000000000
-12.5634000000000	-10.6068000000000	-9.87508000000000
-14.7804000000000	-13.4835000000000	-11.4177000000000
-14.7804000000000	-12.5634000000000	-11.4177000000000
-16.8527000000000	-15.6630000000000	-13.4835000000000
-16.8527000000000	-14.7804000000000	-13.4835000000000
-19.0476000000000	-17.8289000000000	-15.6630000000000
-19.0476000000000	-16.8527000000000	-15.6630000000000
-20.8338000000000	-19.7671000000000	-17.8289000000000
-20.8338000000000	-19.0476000000000	-17.8289000000000
-22.5548000000000	-21.4263000000000	-19.7671000000000
-22.5548000000000	-20.8338000000000	-19.7671000000000
-24.2586000000000	-23.1080000000000	-21.4263000000000
-24.2586000000000	-22.5548000000000	-21.4263000000000
-25.9792000000000	-24.8937000000000	-23.1080000000000
-25.9792000000000	-24.2586000000000	-23.1080000000000
-27.8843000000000	-26.6700000000000	-24.8937000000000
-27.8843000000000	-25.9792000000000	-24.8937000000000
-29.6883000000000	-28.6378000000000	-26.6700000000000
-29.6883000000000	-27.8843000000000	-26.6700000000000
-31.4386000000000	-30.4239000000000	-28.6378000000000
-31.4386000000000	-29.6883000000000	-28.6378000000000
-33.4874000000000	-32.4592000000000	-30.4239000000000
-33.4874000000000	-31.4386000000000	-30.4239000000000
-35.3117000000000	-34.6355000000000	-32.4592000000000
-35.3117000000000	-33.4874000000000	-32.4592000000000
-37.1592000000000	-36.4460000000000	-34.6355000000000
-37.1592000000000	-35.3117000000000	-34.6355000000000
-39.2014000000000	-38.6840000000000	-36.4460000000000
-39.2014000000000	-37.1592000000000	-36.4460000000000
-41.2255000000000	-40.8622000000000	-38.6840000000000
-41.2255000000000	-39.2014000000000	-38.6840000000000
-43.1226000000000	-43.0849000000000	-40.8622000000000
-43.0849000000000	-41.2255000000000	-40.8622000000000
-45.9966000000000	-45.4417000000000	-43.1226000000000
-45.4417000000000	-43.1226000000000	-43.0849000000000
-50.7808000000000	-49.9821000000000	-45.9966000000000
-49.9821000000000	-45.9966000000000	-45.4417000000000
-55.2476000000000	-54.3499000000000	-50.7808000000000
-54.3499000000000	-50.7808000000000	-49.9821000000000
-61.2508000000000	-60.1726000000000	-55.2476000000000
-60.1726000000000	-55.2476000000000	-54.3499000000000
-68.9887000000000	-67.5401000000000	-61.2508000000000
-67.5401000000000	-61.2508000000000	-60.1726000000000
-76.8846000000000	-75.2110000000000	-68.9887000000000
-75.2110000000000	-68.9887000000000	-67.5401000000000
-85.3416000000000	-83.4265000000000	-76.8846000000000
-83.4265000000000	-76.8846000000000	-75.2110000000000
-91.7069000000000	-90.9378000000000	-85.3416000000000
-90.9378000000000	-85.3416000000000	-83.4265000000000
-5.87557000000000	-5.44064000000000	-4.77122000000000
-5.87557000000000	-4.98710000000000	-4.77122000000000
-6.97076000000000	-6.33425000000000	-5.44064000000000
-6.97076000000000	-5.87557000000000	-5.44064000000000
-7.96534000000000	-7.31940000000000	-6.33425000000000
-7.96534000000000	-6.97076000000000	-6.33425000000000
-8.86791000000000	-8.34400000000000	-7.31940000000000
-8.86791000000000	-7.96534000000000	-7.31940000000000
-9.87508000000000	-9.30957000000000	-8.34400000000000
-9.87508000000000	-8.86791000000000	-8.34400000000000
-11.4177000000000	-10.4596000000000	-9.30957000000000
-11.4177000000000	-9.87508000000000	-9.30957000000000
-13.4835000000000	-12.4353000000000	-10.4596000000000
-13.4835000000000	-11.4177000000000	-10.4596000000000
-15.6630000000000	-14.6236000000000	-12.4353000000000
-15.6630000000000	-13.4835000000000	-12.4353000000000
-17.8289000000000	-16.6077000000000	-14.6236000000000
-17.8289000000000	-15.6630000000000	-14.6236000000000
-19.7671000000000	-18.6476000000000	-16.6077000000000
-19.7671000000000	-17.8289000000000	-16.6077000000000
-21.4263000000000	-20.4252000000000	-18.6476000000000
-21.4263000000000	-19.7671000000000	-18.6476000000000
-23.1080000000000	-22.2491000000000	-20.4252000000000
-23.1080000000000	-21.4263000000000	-20.4252000000000
-24.8937000000000	-24.0676000000000	-22.2491000000000
-24.8937000000000	-23.1080000000000	-22.2491000000000
-26.6700000000000	-25.8303000000000	-24.0676000000000
-26.6700000000000	-24.8937000000000	-24.0676000000000
-28.6378000000000	-27.8563000000000	-25.8303000000000
-28.6378000000000	-26.6700000000000	-25.8303000000000
-30.4239000000000	-29.7636000000000	-27.8563000000000
-30.4239000000000	-28.6378000000000	-27.8563000000000
-32.4592000000000	-31.7034000000000	-29.7636000000000
-32.4592000000000	-30.4239000000000	-29.7636000000000
-34.6355000000000	-34.0100000000000	-31.7034000000000
-34.6355000000000	-32.4592000000000	-31.7034000000000
-36.4460000000000	-36.0713000000000	-34.0100000000000
-36.4460000000000	-34.6355000000000	-34.0100000000000
-38.6840000000000	-38.4463000000000	-36.0713000000000
-38.6840000000000	-36.4460000000000	-36.0713000000000
-40.8622000000000	-40.7531000000000	-38.4463000000000
-40.8622000000000	-38.6840000000000	-38.4463000000000
-43.4180000000000	-43.1226000000000	-40.7531000000000
-43.1226000000000	-40.8622000000000	-40.7531000000000
-46.6874000000000	-45.9966000000000	-43.4180000000000
-45.9966000000000	-43.4180000000000	-43.1226000000000
-50.7808000000000	-50.7233000000000	-46.6874000000000
-50.7808000000000	-46.6874000000000	-45.9966000000000
-55.2476000000000	-54.8880000000000	-50.7233000000000
-55.2476000000000	-50.7808000000000	-50.7233000000000
-61.2508000000000	-60.7417000000000	-54.8880000000000
-61.2508000000000	-55.2476000000000	-54.8880000000000
-69.6335000000000	-68.9887000000000	-60.7417000000000
-68.9887000000000	-61.2508000000000	-60.7417000000000
-78.2901000000000	-76.8846000000000	-69.6335000000000
-76.8846000000000	-69.6335000000000	-68.9887000000000
-87.0347000000000	-85.3416000000000	-78.2901000000000
-85.3416000000000	-78.2901000000000	-76.8846000000000
-91.7069000000000	-87.0347000000000	-85.3416000000000
-5.44064000000000	-5.04106000000000	-4.77122000000000
-6.33425000000000	-5.73140000000000	-5.04106000000000
-6.33425000000000	-5.44064000000000	-5.04106000000000
-7.31940000000000	-6.71388000000000	-5.73140000000000
-7.31940000000000	-6.33425000000000	-5.73140000000000
-8.34400000000000	-7.80897000000000	-6.71388000000000
-8.34400000000000	-7.31940000000000	-6.71388000000000
-9.30957000000000	-8.84716000000000	-7.80897000000000
-9.30957000000000	-8.34400000000000	-7.80897000000000
-10.4596000000000	-9.90254000000000	-8.84716000000000
-10.4596000000000	-9.30957000000000	-8.84716000000000
-12.4353000000000	-11.5618000000000	-9.90254000000000
-12.4353000000000	-10.4596000000000	-9.90254000000000
-14.6236000000000	-13.6371000000000	-11.5618000000000
-14.6236000000000	-12.4353000000000	-11.5618000000000
-16.6077000000000	-15.5910000000000	-13.6371000000000
-16.6077000000000	-14.6236000000000	-13.6371000000000
-18.6476000000000	-17.6537000000000	-15.5910000000000
-18.6476000000000	-16.6077000000000	-15.5910000000000
-20.4252000000000	-19.8187000000000	-17.6537000000000
-20.4252000000000	-18.6476000000000	-17.6537000000000
-22.2491000000000	-21.5290000000000	-19.8187000000000
-22.2491000000000	-20.4252000000000	-19.8187000000000
-24.0676000000000	-23.3703000000000	-21.5290000000000
-24.0676000000000	-22.2491000000000	-21.5290000000000
-25.8303000000000	-25.3102000000000	-23.3703000000000
-25.8303000000000	-24.0676000000000	-23.3703000000000
-27.8563000000000	-27.3444000000000	-25.3102000000000
-27.8563000000000	-25.8303000000000	-25.3102000000000
-29.7636000000000	-29.2841000000000	-27.3444000000000
-29.7636000000000	-27.8563000000000	-27.3444000000000
-31.7034000000000	-31.1560000000000	-29.2841000000000
-31.7034000000000	-29.7636000000000	-29.2841000000000
-34.0100000000000	-33.5365000000000	-31.1560000000000
-34.0100000000000	-31.7034000000000	-31.1560000000000
-36.0713000000000	-35.9708000000000	-33.5365000000000
-36.0713000000000	-34.0100000000000	-33.5365000000000
-38.5171000000000	-38.4463000000000	-35.9708000000000
-38.4463000000000	-36.0713000000000	-35.9708000000000
-41.2222000000000	-40.7531000000000	-38.5171000000000
-40.7531000000000	-38.5171000000000	-38.4463000000000
-44.0839000000000	-43.4180000000000	-41.2222000000000
-43.4180000000000	-41.2222000000000	-40.7531000000000
-47.5371000000000	-46.6874000000000	-44.0839000000000
-46.6874000000000	-44.0839000000000	-43.4180000000000
-51.5979000000000	-50.7233000000000	-47.5371000000000
-50.7233000000000	-47.5371000000000	-46.6874000000000
-56.3627000000000	-54.8880000000000	-51.5979000000000
-54.8880000000000	-51.5979000000000	-50.7233000000000
-62.9244000000000	-60.7417000000000	-56.3627000000000
-60.7417000000000	-56.3627000000000	-54.8880000000000
-71.6412000000000	-69.6335000000000	-62.9244000000000
-69.6335000000000	-62.9244000000000	-60.7417000000000
-79.8101000000000	-78.2901000000000	-71.6412000000000
-78.2901000000000	-71.6412000000000	-69.6335000000000
-88.3274000000000	-87.0347000000000	-79.8101000000000
-87.0347000000000	-79.8101000000000	-78.2901000000000
-5.73140000000000	-5.35446000000000	-4.84834000000000
-5.73140000000000	-5.04106000000000	-4.84834000000000
-6.71388000000000	-6.36063000000000	-5.35446000000000
-6.71388000000000	-5.73140000000000	-5.35446000000000
-7.80897000000000	-7.34745000000000	-6.36063000000000
-7.80897000000000	-6.71388000000000	-6.36063000000000
-8.84716000000000	-8.35933000000000	-7.34745000000000
-8.84716000000000	-7.80897000000000	-7.34745000000000
-9.90254000000000	-9.46349000000000	-8.35933000000000
-9.90254000000000	-8.84716000000000	-8.35933000000000
-11.5618000000000	-10.8371000000000	-9.46349000000000
-11.5618000000000	-9.90254000000000	-9.46349000000000
-13.6371000000000	-12.8295000000000	-10.8371000000000
-13.6371000000000	-11.5618000000000	-10.8371000000000
-15.5910000000000	-14.9039000000000	-12.8295000000000
-15.5910000000000	-13.6371000000000	-12.8295000000000
-17.6537000000000	-16.8642000000000	-14.9039000000000
-17.6537000000000	-15.5910000000000	-14.9039000000000
-19.8187000000000	-19.0551000000000	-16.8642000000000
-19.8187000000000	-17.6537000000000	-16.8642000000000
-21.5290000000000	-20.8554000000000	-19.0551000000000
-21.5290000000000	-19.8187000000000	-19.0551000000000
-23.3703000000000	-22.8822000000000	-20.8554000000000
-23.3703000000000	-21.5290000000000	-20.8554000000000
-25.3102000000000	-25.0513000000000	-22.8822000000000
-25.3102000000000	-23.3703000000000	-22.8822000000000
-27.3444000000000	-27.0955000000000	-25.0513000000000
-27.3444000000000	-25.3102000000000	-25.0513000000000
-29.2841000000000	-28.9126000000000	-27.0955000000000
-29.2841000000000	-27.3444000000000	-27.0955000000000
-31.1560000000000	-30.9151000000000	-28.9126000000000
-31.1560000000000	-29.2841000000000	-28.9126000000000
-33.5365000000000	-33.4075000000000	-30.9151000000000
-33.5365000000000	-31.1560000000000	-30.9151000000000
-36.1183000000000	-35.9708000000000	-33.4075000000000
-35.9708000000000	-33.5365000000000	-33.4075000000000
-39.0575000000000	-38.5171000000000	-36.1183000000000
-38.5171000000000	-36.1183000000000	-35.9708000000000
-42.4354000000000	-41.2222000000000	-39.0575000000000
-41.2222000000000	-39.0575000000000	-38.5171000000000
-45.9430000000000	-44.0839000000000	-42.4354000000000
-44.0839000000000	-42.4354000000000	-41.2222000000000
-49.8069000000000	-47.5371000000000	-45.9430000000000
-47.5371000000000	-45.9430000000000	-44.0839000000000
-54.9562000000000	-51.5979000000000	-49.8069000000000
-51.5979000000000	-49.8069000000000	-47.5371000000000
-60.5221000000000	-56.3627000000000	-54.9562000000000
-56.3627000000000	-54.9562000000000	-51.5979000000000
-68.0453000000000	-62.9244000000000	-60.5221000000000
-62.9244000000000	-60.5221000000000	-56.3627000000000
-75.1439000000000	-71.6412000000000	-68.0453000000000
-71.6412000000000	-68.0453000000000	-62.9244000000000
-82.3917000000000	-79.8101000000000	-75.1439000000000
-79.8101000000000	-75.1439000000000	-71.6412000000000
-89.7867000000000	-88.3274000000000	-82.3917000000000
-88.3274000000000	-82.3917000000000	-79.8101000000000
-5.35446000000000	-5.04976000000000	-4.84834000000000
-6.36063000000000	-5.83613000000000	-5.04976000000000
-6.36063000000000	-5.35446000000000	-5.04976000000000
-7.34745000000000	-6.81953000000000	-5.83613000000000
-7.34745000000000	-6.36063000000000	-5.83613000000000
-8.35933000000000	-7.91062000000000	-6.81953000000000
-8.35933000000000	-7.34745000000000	-6.81953000000000
-9.46349000000000	-9.06076000000000	-7.91062000000000
-9.46349000000000	-8.35933000000000	-7.91062000000000
-10.8371000000000	-10.2831000000000	-9.06076000000000
-10.8371000000000	-9.46349000000000	-9.06076000000000
-12.8295000000000	-12.1257000000000	-10.2831000000000
-12.8295000000000	-10.8371000000000	-10.2831000000000
-14.9039000000000	-14.2791000000000	-12.1257000000000
-14.9039000000000	-12.8295000000000	-12.1257000000000
-16.8642000000000	-16.1622000000000	-14.2791000000000
-16.8642000000000	-14.9039000000000	-14.2791000000000
-19.0551000000000	-18.3024000000000	-16.1622000000000
-19.0551000000000	-16.8642000000000	-16.1622000000000
-20.8554000000000	-20.3844000000000	-18.3024000000000
-20.8554000000000	-19.0551000000000	-18.3024000000000
-22.8822000000000	-22.6651000000000	-20.3844000000000
-22.8822000000000	-20.8554000000000	-20.3844000000000
-25.0513000000000	-24.8968000000000	-22.6651000000000
-25.0513000000000	-22.8822000000000	-22.6651000000000
-27.0955000000000	-26.8924000000000	-24.8968000000000
-27.0955000000000	-25.0513000000000	-24.8968000000000
-28.9126000000000	-28.8863000000000	-26.8924000000000
-28.9126000000000	-27.0955000000000	-26.8924000000000
-31.0459000000000	-30.9151000000000	-28.8863000000000
-30.9151000000000	-28.9126000000000	-28.8863000000000
-33.7729000000000	-33.4075000000000	-31.0459000000000
-33.4075000000000	-31.0459000000000	-30.9151000000000
-36.7845000000000	-36.1183000000000	-33.7729000000000
-36.1183000000000	-33.7729000000000	-33.4075000000000
-40.5344000000000	-39.0575000000000	-36.7845000000000
-39.0575000000000	-36.7845000000000	-36.1183000000000
-44.5179000000000	-42.4354000000000	-40.5344000000000
-42.4354000000000	-40.5344000000000	-39.0575000000000
-48.8970000000000	-45.9430000000000	-44.5179000000000
-45.9430000000000	-44.5179000000000	-42.4354000000000
-54.0188000000000	-49.8069000000000	-48.8970000000000
-49.8069000000000	-48.8970000000000	-45.9430000000000
-58.9301000000000	-54.9562000000000	-54.0188000000000
-54.9562000000000	-54.0188000000000	-49.8069000000000
-64.7956000000000	-60.5221000000000	-58.9301000000000
-60.5221000000000	-58.9301000000000	-54.9562000000000
-71.8547000000000	-68.0453000000000	-64.7956000000000
-68.0453000000000	-64.7956000000000	-60.5221000000000
-78.5345000000000	-75.1439000000000	-71.8547000000000
-75.1439000000000	-71.8547000000000	-68.0453000000000
-85.1651000000000	-82.3917000000000	-78.5345000000000
-82.3917000000000	-78.5345000000000	-75.1439000000000
-90.9113000000000	-89.7867000000000	-85.1651000000000
-89.7867000000000	-85.1651000000000	-82.3917000000000
-5.83613000000000	-5.44755000000000	-4.90671000000000
-5.83613000000000	-5.04976000000000	-4.90671000000000
-6.81953000000000	-6.49192000000000	-5.44755000000000
-6.81953000000000	-5.83613000000000	-5.44755000000000
-7.91062000000000	-7.59114000000000	-6.49192000000000
-7.91062000000000	-6.81953000000000	-6.49192000000000
-9.06076000000000	-8.73866000000000	-7.59114000000000
-9.06076000000000	-7.91062000000000	-7.59114000000000
-10.2831000000000	-9.94137000000000	-8.73866000000000
-10.2831000000000	-9.06076000000000	-8.73866000000000
-12.1257000000000	-11.5941000000000	-9.94137000000000
-12.1257000000000	-10.2831000000000	-9.94137000000000
-14.2791000000000	-13.6941000000000	-11.5941000000000
-14.2791000000000	-12.1257000000000	-11.5941000000000
-16.1622000000000	-15.5983000000000	-13.6941000000000
-16.1622000000000	-14.2791000000000	-13.6941000000000
-18.3024000000000	-17.7100000000000	-15.5983000000000
-18.3024000000000	-16.1622000000000	-15.5983000000000
-20.3844000000000	-19.9444000000000	-17.7100000000000
-20.3844000000000	-18.3024000000000	-17.7100000000000
-22.6651000000000	-22.3437000000000	-19.9444000000000
-22.6651000000000	-20.3844000000000	-19.9444000000000
-24.8968000000000	-24.6676000000000	-22.3437000000000
-24.8968000000000	-22.6651000000000	-22.3437000000000
-26.9572000000000	-26.8924000000000	-24.6676000000000
-26.8924000000000	-24.8968000000000	-24.6676000000000
-29.1525000000000	-28.8863000000000	-26.9572000000000
-28.8863000000000	-26.9572000000000	-26.8924000000000
-31.7519000000000	-31.0459000000000	-29.1525000000000
-31.0459000000000	-29.1525000000000	-28.8863000000000
-34.7022000000000	-33.7729000000000	-31.7519000000000
-33.7729000000000	-31.7519000000000	-31.0459000000000
-38.3823000000000	-36.7845000000000	-34.7022000000000
-36.7845000000000	-34.7022000000000	-33.7729000000000
-42.4633000000000	-40.5344000000000	-38.3823000000000
-40.5344000000000	-38.3823000000000	-36.7845000000000
-46.6638000000000	-44.5179000000000	-42.4633000000000
-44.5179000000000	-42.4633000000000	-40.5344000000000
-51.0145000000000	-48.8970000000000	-46.6638000000000
-48.8970000000000	-46.6638000000000	-44.5179000000000
-55.9703000000000	-54.0188000000000	-51.0145000000000
-54.0188000000000	-51.0145000000000	-48.8970000000000
-60.2588000000000	-58.9301000000000	-55.9703000000000
-58.9301000000000	-55.9703000000000	-54.0188000000000
-66.5015000000000	-64.7956000000000	-60.2588000000000
-64.7956000000000	-60.2588000000000	-58.9301000000000
-73.4156000000000	-71.8547000000000	-66.5015000000000
-71.8547000000000	-66.5015000000000	-64.7956000000000
-80.0977000000000	-78.5345000000000	-73.4156000000000
-78.5345000000000	-73.4156000000000	-71.8547000000000
-86.2229000000000	-85.1651000000000	-80.0977000000000
-85.1651000000000	-80.0977000000000	-78.5345000000000
-91.5750000000000	-90.9113000000000	-86.2229000000000
-90.9113000000000	-86.2229000000000	-85.1651000000000
-5.44755000000000	-5.21714000000000	-4.90671000000000
-6.49192000000000	-6.10229000000000	-5.21714000000000
-6.49192000000000	-5.44755000000000	-5.21714000000000
-7.59114000000000	-7.12912000000000	-6.10229000000000
-7.59114000000000	-6.49192000000000	-6.10229000000000
-8.73866000000000	-8.37792000000000	-7.12912000000000
-8.73866000000000	-7.59114000000000	-7.12912000000000
-9.94137000000000	-9.71597000000000	-8.37792000000000
-9.94137000000000	-8.73866000000000	-8.37792000000000
-11.5941000000000	-11.2532000000000	-9.71597000000000
-11.5941000000000	-9.94137000000000	-9.71597000000000
-13.6941000000000	-13.3084000000000	-11.2532000000000
-13.6941000000000	-11.5941000000000	-11.2532000000000
-15.5983000000000	-15.2581000000000	-13.3084000000000
-15.5983000000000	-13.6941000000000	-13.3084000000000
-17.7100000000000	-17.3779000000000	-15.2581000000000
-17.7100000000000	-15.5983000000000	-15.2581000000000
-19.9444000000000	-19.6982000000000	-17.3779000000000
-19.9444000000000	-17.7100000000000	-17.3779000000000
-22.3437000000000	-22.1765000000000	-19.6982000000000
-22.3437000000000	-19.9444000000000	-19.6982000000000
-24.6676000000000	-24.6188000000000	-22.1765000000000
-24.6676000000000	-22.3437000000000	-22.1765000000000
-27.2076000000000	-26.9572000000000	-24.6188000000000
-26.9572000000000	-24.6676000000000	-24.6188000000000
-30.0711000000000	-29.1525000000000	-27.2076000000000
-29.1525000000000	-27.2076000000000	-26.9572000000000
-32.9780000000000	-31.7519000000000	-30.0711000000000
-31.7519000000000	-30.0711000000000	-29.1525000000000
-36.0942000000000	-34.7022000000000	-32.9780000000000
-34.7022000000000	-32.9780000000000	-31.7519000000000
-39.7687000000000	-38.3823000000000	-36.0942000000000
-38.3823000000000	-36.0942000000000	-34.7022000000000
-43.6866000000000	-42.4633000000000	-39.7687000000000
-42.4633000000000	-39.7687000000000	-38.3823000000000
-47.4195000000000	-46.6638000000000	-43.6866000000000
-46.6638000000000	-43.6866000000000	-42.4633000000000
-51.5834000000000	-51.0145000000000	-47.4195000000000
-51.0145000000000	-47.4195000000000	-46.6638000000000
-56.2149000000000	-55.9703000000000	-51.5834000000000
-55.9703000000000	-51.5834000000000	-51.0145000000000
-60.8248000000000	-60.2588000000000	-56.2149000000000
-60.2588000000000	-56.2149000000000	-55.9703000000000
-66.9210000000000	-66.5015000000000	-60.8248000000000
-66.5015000000000	-60.8248000000000	-60.2588000000000
-73.7557000000000	-73.4156000000000	-66.9210000000000
-73.4156000000000	-66.9210000000000	-66.5015000000000
-80.1048000000000	-80.0977000000000	-73.7557000000000
-80.0977000000000	-73.7557000000000	-73.4156000000000
-86.3870000000000	-86.2229000000000	-80.1048000000000
-86.2229000000000	-80.1048000000000	-80.0977000000000
-91.7378000000000	-91.5750000000000	-86.3870000000000
-91.5750000000000	-86.3870000000000	-86.2229000000000
-6.10229000000000	-5.60866000000000	-4.99563000000000
-6.10229000000000	-5.21714000000000	-4.99563000000000
-7.12912000000000	-6.66443000000000	-5.60866000000000
-7.12912000000000	-6.10229000000000	-5.60866000000000
-8.37792000000000	-8.00750000000000	-6.66443000000000
-8.37792000000000	-7.12912000000000	-6.66443000000000
-9.71597000000000	-9.51545000000000	-8.00750000000000
-9.71597000000000	-8.37792000000000	-8.00750000000000
-11.2532000000000	-11.0303000000000	-9.51545000000000
-11.2532000000000	-9.71597000000000	-9.51545000000000
-13.3084000000000	-13.0331000000000	-11.0303000000000
-13.3084000000000	-11.2532000000000	-11.0303000000000
-15.2581000000000	-14.9926000000000	-13.0331000000000
-15.2581000000000	-13.3084000000000	-13.0331000000000
-17.3779000000000	-17.1975000000000	-14.9926000000000
-17.3779000000000	-15.2581000000000	-14.9926000000000
-19.6982000000000	-19.6958000000000	-17.1975000000000
-19.6982000000000	-17.3779000000000	-17.1975000000000
-22.3753000000000	-22.1765000000000	-19.6958000000000
-22.1765000000000	-19.6982000000000	-19.6958000000000
-24.6545000000000	-24.6188000000000	-22.3753000000000
-24.6188000000000	-22.3753000000000	-22.1765000000000
-27.6011000000000	-27.2076000000000	-24.6545000000000
-27.2076000000000	-24.6545000000000	-24.6188000000000
-30.7965000000000	-30.0711000000000	-27.6011000000000
-30.0711000000000	-27.6011000000000	-27.2076000000000
-33.6933000000000	-32.9780000000000	-30.7965000000000
-32.9780000000000	-30.7965000000000	-30.0711000000000
-36.8749000000000	-36.0942000000000	-33.6933000000000
-36.0942000000000	-33.6933000000000	-32.9780000000000
-40.2101000000000	-39.7687000000000	-36.8749000000000
-39.7687000000000	-36.8749000000000	-36.0942000000000
-43.9287000000000	-43.6866000000000	-40.2101000000000
-43.6866000000000	-40.2101000000000	-39.7687000000000
-47.7645000000000	-47.4195000000000	-43.9287000000000
-47.4195000000000	-43.9287000000000	-43.6866000000000
-52.0795000000000	-51.5834000000000	-47.7645000000000
-51.5834000000000	-47.7645000000000	-47.4195000000000
-56.5290000000000	-56.2149000000000	-52.0795000000000
-56.2149000000000	-52.0795000000000	-51.5834000000000
-60.9718000000000	-60.8248000000000	-56.5290000000000
-60.8248000000000	-56.5290000000000	-56.2149000000000
-67.2356000000000	-66.9210000000000	-60.9718000000000
-66.9210000000000	-60.9718000000000	-60.8248000000000
-73.8761000000000	-73.7557000000000	-67.2356000000000
-73.7557000000000	-67.2356000000000	-66.9210000000000
-80.1048000000000	-80.1032000000000	-73.8761000000000
-80.1048000000000	-73.8761000000000	-73.7557000000000
-86.3870000000000	-86.3591000000000	-80.1032000000000
-86.3870000000000	-80.1048000000000	-80.1032000000000
-91.7378000000000	-91.4448000000000	-86.3591000000000
-91.7378000000000	-86.3870000000000	-86.3591000000000
-5.60866000000000	-5.37820000000000	-4.91649000000000
-5.60866000000000	-4.99563000000000	-4.91649000000000
-6.66443000000000	-6.34045000000000	-5.37820000000000
-6.66443000000000	-5.60866000000000	-5.37820000000000
-8.00750000000000	-7.69100000000000	-6.34045000000000
-8.00750000000000	-6.66443000000000	-6.34045000000000
-9.51545000000000	-9.25159000000000	-7.69100000000000
-9.51545000000000	-8.00750000000000	-7.69100000000000
-11.0303000000000	-10.8708000000000	-9.25159000000000
-11.0303000000000	-9.51545000000000	-9.25159000000000
-13.0331000000000	-12.8692000000000	-10.8708000000000
-13.0331000000000	-11.0303000000000	-10.8708000000000
-14.9926000000000	-14.7359000000000	-12.8692000000000
-14.9926000000000	-13.0331000000000	-12.8692000000000
-17.1975000000000	-16.9913000000000	-14.7359000000000
-17.1975000000000	-14.9926000000000	-14.7359000000000
-19.6958000000000	-19.6510000000000	-16.9913000000000
-19.6958000000000	-17.1975000000000	-16.9913000000000
-22.3753000000000	-22.3537000000000	-19.6510000000000
-22.3753000000000	-19.6958000000000	-19.6510000000000
-24.9471000000000	-24.6545000000000	-22.3537000000000
-24.6545000000000	-22.3753000000000	-22.3537000000000
-28.0784000000000	-27.6011000000000	-24.9471000000000
-27.6011000000000	-24.9471000000000	-24.6545000000000
-31.1340000000000	-30.7965000000000	-28.0784000000000
-30.7965000000000	-28.0784000000000	-27.6011000000000
-34.0618000000000	-33.6933000000000	-31.1340000000000
-33.6933000000000	-31.1340000000000	-30.7965000000000
-37.0809000000000	-36.8749000000000	-34.0618000000000
-36.8749000000000	-34.0618000000000	-33.6933000000000
-40.4723000000000	-40.2101000000000	-37.0809000000000
-40.2101000000000	-37.0809000000000	-36.8749000000000
-43.9382000000000	-43.9287000000000	-40.4723000000000
-43.9287000000000	-40.4723000000000	-40.2101000000000
-47.9794000000000	-47.7645000000000	-43.9382000000000
-47.7645000000000	-43.9382000000000	-43.9287000000000
-52.2096000000000	-52.0795000000000	-47.9794000000000
-52.0795000000000	-47.9794000000000	-47.7645000000000
-56.5955000000000	-56.5290000000000	-52.2096000000000
-56.5290000000000	-52.2096000000000	-52.0795000000000
-61.2210000000000	-60.9718000000000	-56.5955000000000
-60.9718000000000	-56.5955000000000	-56.5290000000000
-67.6098000000000	-67.2356000000000	-61.2210000000000
-67.2356000000000	-61.2210000000000	-60.9718000000000
-74.0595000000000	-73.8761000000000	-67.6098000000000
-73.8761000000000	-67.6098000000000	-67.2356000000000
-80.1032000000000	-80.0775000000000	-74.0595000000000
-80.1032000000000	-74.0595000000000	-73.8761000000000
-86.3591000000000	-86.0579000000000	-80.0775000000000
-86.3591000000000	-80.1032000000000	-80.0775000000000
-91.4448000000000	-91.2210000000000	-86.0579000000000
-91.4448000000000	-86.3591000000000	-86.0579000000000
-5.37820000000000	-5.23714000000000	-4.83420000000000
-5.37820000000000	-4.91649000000000	-4.83420000000000
-6.34045000000000	-6.09670000000000	-5.23714000000000
-6.34045000000000	-5.37820000000000	-5.23714000000000
-7.69100000000000	-7.39904000000000	-6.09670000000000
-7.69100000000000	-6.34045000000000	-6.09670000000000
-9.25159000000000	-8.96014000000000	-7.39904000000000
-9.25159000000000	-7.69100000000000	-7.39904000000000
-10.8708000000000	-10.7096000000000	-8.96014000000000
-10.8708000000000	-9.25159000000000	-8.96014000000000
-12.8692000000000	-12.6811000000000	-10.7096000000000
-12.8692000000000	-10.8708000000000	-10.7096000000000
-14.7359000000000	-14.5059000000000	-12.6811000000000
-14.7359000000000	-12.8692000000000	-12.6811000000000
-16.9913000000000	-16.6654000000000	-14.5059000000000
-16.9913000000000	-14.7359000000000	-14.5059000000000
-19.6510000000000	-19.5532000000000	-16.6654000000000
-19.6510000000000	-16.9913000000000	-16.6654000000000
-22.3537000000000	-22.1486000000000	-19.5532000000000
-22.3537000000000	-19.6510000000000	-19.5532000000000
-24.9984000000000	-24.9471000000000	-22.1486000000000
-24.9471000000000	-22.3537000000000	-22.1486000000000
-28.3370000000000	-28.0784000000000	-24.9984000000000
-28.0784000000000	-24.9984000000000	-24.9471000000000
-31.3643000000000	-31.1340000000000	-28.3370000000000
-31.1340000000000	-28.3370000000000	-28.0784000000000
-34.2865000000000	-34.0618000000000	-31.3643000000000
-34.0618000000000	-31.3643000000000	-31.1340000000000
-37.2194000000000	-37.0809000000000	-34.2865000000000
-37.0809000000000	-34.2865000000000	-34.0618000000000
-40.7546000000000	-40.4723000000000	-37.2194000000000
-40.4723000000000	-37.2194000000000	-37.0809000000000
-43.9382000000000	-43.9331000000000	-40.7546000000000
-43.9382000000000	-40.7546000000000	-40.4723000000000
-48.0928000000000	-47.9794000000000	-43.9331000000000
-47.9794000000000	-43.9382000000000	-43.9331000000000
-52.5648000000000	-52.2096000000000	-48.0928000000000
-52.2096000000000	-48.0928000000000	-47.9794000000000
-56.9784000000000	-56.5955000000000	-52.5648000000000
-56.5955000000000	-52.5648000000000	-52.2096000000000
-61.6455000000000	-61.2210000000000	-56.9784000000000
-61.2210000000000	-56.9784000000000	-56.5955000000000
-67.6417000000000	-67.6098000000000	-61.6455000000000
-67.6098000000000	-61.6455000000000	-61.2210000000000
-74.0595000000000	-73.9108000000000	-67.6417000000000
-74.0595000000000	-67.6417000000000	-67.6098000000000
-80.0775000000000	-79.9520000000000	-73.9108000000000
-80.0775000000000	-74.0595000000000	-73.9108000000000
-86.0579000000000	-85.5191000000000	-79.9520000000000
-86.0579000000000	-80.0775000000000	-79.9520000000000
-91.2210000000000	-90.9851000000000	-85.5191000000000
-91.2210000000000	-86.0579000000000	-85.5191000000000
-5.23714000000000	-5.12967000000000	-4.83420000000000
-6.09670000000000	-5.96065000000000	-5.12967000000000
-6.09670000000000	-5.23714000000000	-5.12967000000000
-7.39904000000000	-7.25847000000000	-5.96065000000000
-7.39904000000000	-6.09670000000000	-5.96065000000000
-8.96014000000000	-8.79379000000000	-7.25847000000000
-8.96014000000000	-7.39904000000000	-7.25847000000000
-10.7096000000000	-10.4896000000000	-8.79379000000000
-10.7096000000000	-8.96014000000000	-8.79379000000000
-12.6811000000000	-12.4924000000000	-10.4896000000000
-12.6811000000000	-10.7096000000000	-10.4896000000000
-14.5059000000000	-14.4157000000000	-12.4924000000000
-14.5059000000000	-12.6811000000000	-12.4924000000000
-16.6654000000000	-16.5986000000000	-14.4157000000000
-16.6654000000000	-14.5059000000000	-14.4157000000000
-19.5532000000000	-19.5005000000000	-16.5986000000000
-19.5532000000000	-16.6654000000000	-16.5986000000000
-22.1486000000000	-22.0787000000000	-19.5005000000000
-22.1486000000000	-19.5532000000000	-19.5005000000000
-24.9984000000000	-24.9798000000000	-22.0787000000000
-24.9984000000000	-22.1486000000000	-22.0787000000000
-28.4849000000000	-28.3370000000000	-24.9798000000000
-28.3370000000000	-24.9984000000000	-24.9798000000000
-31.4200000000000	-31.3643000000000	-28.4849000000000
-31.3643000000000	-28.4849000000000	-28.3370000000000
-34.6003000000000	-34.2865000000000	-31.4200000000000
-34.2865000000000	-31.4200000000000	-31.3643000000000
-37.6704000000000	-37.2194000000000	-34.6003000000000
-37.2194000000000	-34.6003000000000	-34.2865000000000
-40.7727000000000	-40.7546000000000	-37.6704000000000
-40.7546000000000	-37.6704000000000	-37.2194000000000
-44.1080000000000	-43.9331000000000	-40.7727000000000
-43.9331000000000	-40.7727000000000	-40.7546000000000
-48.0928000000000	-48.0568000000000	-44.1080000000000
-48.0928000000000	-44.1080000000000	-43.9331000000000
-52.6046000000000	-52.5648000000000	-48.0568000000000
-52.5648000000000	-48.0928000000000	-48.0568000000000
-56.9784000000000	-56.9264000000000	-52.6046000000000
-56.9784000000000	-52.6046000000000	-52.5648000000000
-61.6455000000000	-61.5952000000000	-56.9264000000000
-61.6455000000000	-56.9784000000000	-56.9264000000000
-67.6541000000000	-67.6417000000000	-61.5952000000000
-67.6417000000000	-61.6455000000000	-61.5952000000000
-73.9108000000000	-73.6049000000000	-67.6541000000000
-73.9108000000000	-67.6541000000000	-67.6417000000000
-79.9520000000000	-79.7358000000000	-73.6049000000000
-79.9520000000000	-73.9108000000000	-73.6049000000000
-85.5191000000000	-85.1844000000000	-79.7358000000000
-85.5191000000000	-79.9520000000000	-79.7358000000000
-90.9851000000000	-90.5897000000000	-85.1844000000000
-90.9851000000000	-85.5191000000000	-85.1844000000000
-5.96065000000000	-5.88922000000000	-5.06511000000000
-5.96065000000000	-5.12967000000000	-5.06511000000000
-7.25847000000000	-7.23346000000000	-5.88922000000000
-7.25847000000000	-5.96065000000000	-5.88922000000000
-8.79379000000000	-8.69322000000000	-7.23346000000000
-8.79379000000000	-7.25847000000000	-7.23346000000000
-10.4896000000000	-10.2218000000000	-8.69322000000000
-10.4896000000000	-8.79379000000000	-8.69322000000000
-12.4924000000000	-12.1604000000000	-10.2218000000000
-12.4924000000000	-10.4896000000000	-10.2218000000000
-14.4157000000000	-14.3464000000000	-12.1604000000000
-14.4157000000000	-12.4924000000000	-12.1604000000000
-16.6859000000000	-16.5986000000000	-14.3464000000000
-16.5986000000000	-14.4157000000000	-14.3464000000000
-19.5005000000000	-19.4531000000000	-16.6859000000000
-19.5005000000000	-16.6859000000000	-16.5986000000000
-22.0787000000000	-22.0181000000000	-19.4531000000000
-22.0787000000000	-19.5005000000000	-19.4531000000000
-25.0511000000000	-24.9798000000000	-22.0181000000000
-24.9798000000000	-22.0787000000000	-22.0181000000000
-28.4849000000000	-28.4782000000000	-25.0511000000000
-28.4849000000000	-25.0511000000000	-24.9798000000000
-31.4200000000000	-31.4181000000000	-28.4782000000000
-31.4200000000000	-28.4849000000000	-28.4782000000000
-34.6003000000000	-34.5515000000000	-31.4181000000000
-34.6003000000000	-31.4200000000000	-31.4181000000000
-37.9691000000000	-37.6704000000000	-34.5515000000000
-37.6704000000000	-34.6003000000000	-34.5515000000000
-40.8760000000000	-40.7727000000000	-37.9691000000000
-40.7727000000000	-37.9691000000000	-37.6704000000000
-44.4429000000000	-44.1080000000000	-40.8760000000000
-44.1080000000000	-40.8760000000000	-40.7727000000000
-48.1355000000000	-48.0568000000000	-44.4429000000000
-48.0568000000000	-44.4429000000000	-44.1080000000000
-52.6046000000000	-52.5446000000000	-48.1355000000000
-52.6046000000000	-48.1355000000000	-48.0568000000000
-57.0077000000000	-56.9264000000000	-52.5446000000000
-56.9264000000000	-52.6046000000000	-52.5446000000000
-61.8499000000000	-61.5952000000000	-57.0077000000000
-61.5952000000000	-57.0077000000000	-56.9264000000000
-67.7363000000000	-67.6541000000000	-61.8499000000000
-67.6541000000000	-61.8499000000000	-61.5952000000000
-73.6049000000000	-73.5410000000000	-67.7363000000000
-73.6049000000000	-67.7363000000000	-67.6541000000000
-79.7358000000000	-79.2590000000000	-73.5410000000000
-79.7358000000000	-73.6049000000000	-73.5410000000000
-85.1844000000000	-85.0774000000000	-79.2590000000000
-85.1844000000000	-79.7358000000000	-79.2590000000000
-90.5987000000000	-90.5897000000000	-85.0774000000000
-90.5897000000000	-85.1844000000000	-85.0774000000000
-5.88922000000000	-5.84856000000000	-4.99913000000000
-5.88922000000000	-5.06511000000000	-4.99913000000000
-7.23346000000000	-7.12703000000000	-5.84856000000000
-7.23346000000000	-5.88922000000000	-5.84856000000000
-8.69322000000000	-8.54562000000000	-7.12703000000000
-8.69322000000000	-7.23346000000000	-7.12703000000000
-10.2218000000000	-9.99353000000000	-8.54562000000000
-10.2218000000000	-8.69322000000000	-8.54562000000000
-12.1604000000000	-11.8527000000000	-9.99353000000000
-12.1604000000000	-10.2218000000000	-9.99353000000000
-14.3464000000000	-14.2703000000000	-11.8527000000000
-14.3464000000000	-12.1604000000000	-11.8527000000000
-16.7426000000000	-16.6859000000000	-14.2703000000000
-16.6859000000000	-14.3464000000000	-14.2703000000000
-19.4531000000000	-19.2027000000000	-16.7426000000000
-19.4531000000000	-16.7426000000000	-16.6859000000000
-22.0181000000000	-21.9723000000000	-19.2027000000000
-22.0181000000000	-19.4531000000000	-19.2027000000000
-25.3498000000000	-25.0511000000000	-21.9723000000000
-25.0511000000000	-22.0181000000000	-21.9723000000000
-28.5284000000000	-28.4782000000000	-25.3498000000000
-28.4782000000000	-25.3498000000000	-25.0511000000000
-31.4181000000000	-31.4081000000000	-28.5284000000000
-31.4181000000000	-28.5284000000000	-28.4782000000000
-34.7191000000000	-34.5515000000000	-31.4081000000000
-34.5515000000000	-31.4181000000000	-31.4081000000000
-38.0239000000000	-37.9691000000000	-34.7191000000000
-37.9691000000000	-34.7191000000000	-34.5515000000000
-41.3407000000000	-40.8760000000000	-38.0239000000000
-40.8760000000000	-38.0239000000000	-37.9691000000000
-44.5423000000000	-44.4429000000000	-41.3407000000000
-44.4429000000000	-41.3407000000000	-40.8760000000000
-48.1484000000000	-48.1355000000000	-44.5423000000000
-48.1355000000000	-44.5423000000000	-44.4429000000000
-52.5554000000000	-52.5446000000000	-48.1484000000000
-52.5446000000000	-48.1484000000000	-48.1355000000000
-57.2649000000000	-57.0077000000000	-52.5554000000000
-57.0077000000000	-52.5554000000000	-52.5446000000000
-62.1633000000000	-61.8499000000000	-57.2649000000000
-61.8499000000000	-57.2649000000000	-57.0077000000000
-67.8652000000000	-67.7363000000000	-62.1633000000000
-67.7363000000000	-62.1633000000000	-61.8499000000000
-73.5512000000000	-73.5410000000000	-67.8652000000000
-73.5410000000000	-67.8652000000000	-67.7363000000000
-79.2590000000000	-79.1624000000000	-73.5512000000000
-79.2590000000000	-73.5512000000000	-73.5410000000000
-85.1063000000000	-85.0774000000000	-79.1624000000000
-85.0774000000000	-79.2590000000000	-79.1624000000000
-90.5987000000000	-90.1118000000000	-85.1063000000000
-90.5987000000000	-85.1063000000000	-85.0774000000000
-5.84856000000000	-5.81274000000000	-5.00101000000000
-5.84856000000000	-5.00101000000000	-4.99913000000000
-7.12703000000000	-6.97281000000000	-5.81274000000000
-7.12703000000000	-5.84856000000000	-5.81274000000000
-8.54562000000000	-8.46635000000000	-6.97281000000000
-8.54562000000000	-7.12703000000000	-6.97281000000000
-9.99520000000000	-9.99353000000000	-8.46635000000000
-9.99353000000000	-8.54562000000000	-8.46635000000000
-11.8527000000000	-11.6915000000000	-9.99520000000000
-11.8527000000000	-9.99520000000000	-9.99353000000000
-14.2703000000000	-14.2219000000000	-11.6915000000000
-14.2703000000000	-11.8527000000000	-11.6915000000000
-16.7426000000000	-16.7390000000000	-14.2219000000000
-16.7426000000000	-14.2703000000000	-14.2219000000000
-19.2027000000000	-19.1985000000000	-16.7390000000000
-19.2027000000000	-16.7426000000000	-16.7390000000000
-22.3192000000000	-21.9723000000000	-19.1985000000000
-21.9723000000000	-19.2027000000000	-19.1985000000000
-25.3714000000000	-25.3498000000000	-22.3192000000000
-25.3498000000000	-22.3192000000000	-21.9723000000000
-28.5726000000000	-28.5284000000000	-25.3714000000000
-28.5284000000000	-25.3714000000000	-25.3498000000000
-31.4081000000000	-31.3728000000000	-28.5726000000000
-31.4081000000000	-28.5726000000000	-28.5284000000000
-34.9490000000000	-34.7191000000000	-31.3728000000000
-34.7191000000000	-31.4081000000000	-31.3728000000000
-38.0239000000000	-37.9631000000000	-34.9490000000000
-38.0239000000000	-34.9490000000000	-34.7191000000000
-41.5543000000000	-41.3407000000000	-37.9631000000000
-41.3407000000000	-38.0239000000000	-37.9631000000000
-44.6201000000000	-44.5423000000000	-41.5543000000000
-44.5423000000000	-41.5543000000000	-41.3407000000000
-48.2194000000000	-48.1484000000000	-44.6201000000000
-48.1484000000000	-44.6201000000000	-44.5423000000000
-52.6112000000000	-52.5554000000000	-48.2194000000000
-52.5554000000000	-48.2194000000000	-48.1484000000000
-57.6783000000000	-57.2649000000000	-52.6112000000000
-57.2649000000000	-52.6112000000000	-52.5554000000000
-62.5898000000000	-62.1633000000000	-57.6783000000000
-62.1633000000000	-57.6783000000000	-57.2649000000000
-67.9903000000000	-67.8652000000000	-62.5898000000000
-67.8652000000000	-62.5898000000000	-62.1633000000000
-73.5512000000000	-73.5075000000000	-67.9903000000000
-73.5512000000000	-67.9903000000000	-67.8652000000000
-79.1668000000000	-79.1624000000000	-73.5075000000000
-79.1624000000000	-73.5512000000000	-73.5075000000000
-85.1063000000000	-84.7553000000000	-79.1668000000000
-85.1063000000000	-79.1668000000000	-79.1624000000000
-90.1118000000000	-89.9551000000000	-84.7553000000000
-90.1118000000000	-85.1063000000000	-84.7553000000000
-5.81274000000000	-5.75519000000000	-4.91647000000000
-5.81274000000000	-5.00101000000000	-4.91647000000000
-6.97281000000000	-6.87263000000000	-5.75519000000000
-6.97281000000000	-5.81274000000000	-5.75519000000000
-8.46635000000000	-8.36611000000000	-6.87263000000000
-8.46635000000000	-6.97281000000000	-6.87263000000000
-9.99520000000000	-9.80897000000000	-8.36611000000000
-9.99520000000000	-8.46635000000000	-8.36611000000000
-11.6915000000000	-11.5726000000000	-9.80897000000000
-11.6915000000000	-9.99520000000000	-9.80897000000000
-14.2219000000000	-14.1952000000000	-11.5726000000000
-14.2219000000000	-11.6915000000000	-11.5726000000000
-16.7704000000000	-16.7390000000000	-14.1952000000000
-16.7390000000000	-14.2219000000000	-14.1952000000000
-19.2049000000000	-19.1985000000000	-16.7704000000000
-19.1985000000000	-16.7704000000000	-16.7390000000000
-22.5145000000000	-22.3192000000000	-19.2049000000000
-22.3192000000000	-19.2049000000000	-19.1985000000000
-25.4298000000000	-25.3714000000000	-22.5145000000000
-25.3714000000000	-22.5145000000000	-22.3192000000000
-28.5785000000000	-28.5726000000000	-25.4298000000000
-28.5726000000000	-25.4298000000000	-25.3714000000000
-31.4517000000000	-31.3728000000000	-28.5785000000000
-31.3728000000000	-28.5785000000000	-28.5726000000000
-34.9498000000000	-34.9490000000000	-31.4517000000000
-34.9490000000000	-31.4517000000000	-31.3728000000000
-37.9853000000000	-37.9631000000000	-34.9498000000000
-37.9631000000000	-34.9498000000000	-34.9490000000000
-41.5543000000000	-41.4817000000000	-37.9853000000000
-41.5543000000000	-37.9853000000000	-37.9631000000000
-44.8487000000000	-44.6201000000000	-41.4817000000000
-44.6201000000000	-41.5543000000000	-41.4817000000000
-48.4585000000000	-48.2194000000000	-44.8487000000000
-48.2194000000000	-44.8487000000000	-44.6201000000000
-52.7987000000000	-52.6112000000000	-48.4585000000000
-52.6112000000000	-48.4585000000000	-48.2194000000000
-57.7423000000000	-57.6783000000000	-52.7987000000000
-57.6783000000000	-52.7987000000000	-52.6112000000000
-62.9330000000000	-62.5898000000000	-57.7423000000000
-62.5898000000000	-57.7423000000000	-57.6783000000000
-68.2168000000000	-67.9903000000000	-62.9330000000000
-67.9903000000000	-62.9330000000000	-62.5898000000000
-73.5754000000000	-73.5075000000000	-68.2168000000000
-73.5075000000000	-68.2168000000000	-67.9903000000000
-79.1668000000000	-78.7977000000000	-73.5754000000000
-79.1668000000000	-73.5754000000000	-73.5075000000000
-84.7553000000000	-84.2641000000000	-78.7977000000000
-84.7553000000000	-79.1668000000000	-78.7977000000000
-89.9551000000000	-89.7515000000000	-84.2641000000000
-89.9551000000000	-84.7553000000000	-84.2641000000000
-5.81262000000000	-5.75519000000000	-4.89229000000000
-5.75519000000000	-4.91647000000000	-4.89229000000000
-7.00986000000000	-6.87263000000000	-5.81262000000000
-6.87263000000000	-5.81262000000000	-5.75519000000000
-8.36611000000000	-8.33994000000000	-7.00986000000000
-8.36611000000000	-7.00986000000000	-6.87263000000000
-9.80897000000000	-9.79505000000000	-8.33994000000000
-9.80897000000000	-8.36611000000000	-8.33994000000000
-11.5726000000000	-11.5672000000000	-9.79505000000000
-11.5726000000000	-9.80897000000000	-9.79505000000000
-14.1952000000000	-14.1936000000000	-11.5672000000000
-14.1952000000000	-11.5726000000000	-11.5672000000000
-16.7737000000000	-16.7704000000000	-14.1936000000000
-16.7704000000000	-14.1952000000000	-14.1936000000000
-19.2147000000000	-19.2049000000000	-16.7737000000000
-19.2049000000000	-16.7737000000000	-16.7704000000000
-22.5145000000000	-22.2568000000000	-19.2147000000000
-22.5145000000000	-19.2147000000000	-19.2049000000000
-25.4298000000000	-25.4141000000000	-22.2568000000000
-25.4298000000000	-22.5145000000000	-22.2568000000000
-28.5785000000000	-28.5511000000000	-25.4141000000000
-28.5785000000000	-25.4298000000000	-25.4141000000000
-31.6385000000000	-31.4517000000000	-28.5511000000000
-31.4517000000000	-28.5785000000000	-28.5511000000000
-34.9993000000000	-34.9498000000000	-31.6385000000000
-34.9498000000000	-31.6385000000000	-31.4517000000000
-38.1021000000000	-37.9853000000000	-34.9993000000000
-37.9853000000000	-34.9993000000000	-34.9498000000000
-41.4817000000000	-41.4475000000000	-38.1021000000000
-41.4817000000000	-38.1021000000000	-37.9853000000000
-44.9922000000000	-44.8487000000000	-41.4475000000000
-44.8487000000000	-41.4817000000000	-41.4475000000000
-48.6418000000000	-48.4585000000000	-44.9922000000000
-48.4585000000000	-44.9922000000000	-44.8487000000000
-53.1170000000000	-52.7987000000000	-48.6418000000000
-52.7987000000000	-48.6418000000000	-48.4585000000000
-57.8770000000000	-57.7423000000000	-53.1170000000000
-57.7423000000000	-53.1170000000000	-52.7987000000000
-63.1449000000000	-62.9330000000000	-57.8770000000000
-62.9330000000000	-57.8770000000000	-57.7423000000000
-68.4581000000000	-68.2168000000000	-63.1449000000000
-68.2168000000000	-63.1449000000000	-62.9330000000000
-73.7026000000000	-73.5754000000000	-68.4581000000000
-73.5754000000000	-68.4581000000000	-68.2168000000000
-78.8775000000000	-78.7977000000000	-73.7026000000000
-78.7977000000000	-73.7026000000000	-73.5754000000000
-84.2641000000000	-84.1723000000000	-78.8775000000000
-84.2641000000000	-78.8775000000000	-78.7977000000000
-89.7515000000000	-89.3255000000000	-84.1723000000000
-89.7515000000000	-84.2641000000000	-84.1723000000000
-5.81262000000000	-5.78463000000000	-4.88583000000000
-5.81262000000000	-4.89229000000000	-4.88583000000000
-7.00986000000000	-6.92477000000000	-5.78463000000000
-7.00986000000000	-5.81262000000000	-5.78463000000000
-8.33994000000000	-8.10408000000000	-6.92477000000000
-8.33994000000000	-7.00986000000000	-6.92477000000000
-9.79505000000000	-9.72188000000000	-8.10408000000000
-9.79505000000000	-8.33994000000000	-8.10408000000000
-11.7132000000000	-11.5672000000000	-9.72188000000000
-11.5672000000000	-9.79505000000000	-9.72188000000000
-14.2418000000000	-14.1936000000000	-11.7132000000000
-14.1936000000000	-11.7132000000000	-11.5672000000000
-16.7737000000000	-16.7632000000000	-14.2418000000000
-16.7737000000000	-14.2418000000000	-14.1936000000000
-19.2298000000000	-19.2147000000000	-16.7632000000000
-19.2147000000000	-16.7737000000000	-16.7632000000000
-22.2568000000000	-21.9326000000000	-19.2298000000000
-22.2568000000000	-19.2298000000000	-19.2147000000000
-25.4141000000000	-25.3604000000000	-21.9326000000000
-25.4141000000000	-22.2568000000000	-21.9326000000000
-28.5511000000000	-28.1964000000000	-25.3604000000000
-28.5511000000000	-25.4141000000000	-25.3604000000000
-31.7469000000000	-31.6385000000000	-28.1964000000000
-31.6385000000000	-28.5511000000000	-28.1964000000000
-35.0567000000000	-34.9993000000000	-31.7469000000000
-34.9993000000000	-31.7469000000000	-31.6385000000000
-38.4083000000000	-38.1021000000000	-35.0567000000000
-38.1021000000000	-35.0567000000000	-34.9993000000000
-41.6214000000000	-41.4475000000000	-38.4083000000000
-41.4475000000000	-38.4083000000000	-38.1021000000000
-45.0048000000000	-44.9922000000000	-41.6214000000000
-44.9922000000000	-41.6214000000000	-41.4475000000000
-48.6742000000000	-48.6418000000000	-45.0048000000000
-48.6418000000000	-45.0048000000000	-44.9922000000000
-53.1913000000000	-53.1170000000000	-48.6742000000000
-53.1170000000000	-48.6742000000000	-48.6418000000000
-58.2333000000000	-57.8770000000000	-53.1913000000000
-57.8770000000000	-53.1913000000000	-53.1170000000000
-63.2737000000000	-63.1449000000000	-58.2333000000000
-63.1449000000000	-58.2333000000000	-57.8770000000000
-68.4581000000000	-68.3548000000000	-63.2737000000000
-68.4581000000000	-63.2737000000000	-63.1449000000000
-73.7026000000000	-73.6995000000000	-68.3548000000000
-73.7026000000000	-68.4581000000000	-68.3548000000000
-78.8775000000000	-78.8088000000000	-73.6995000000000
-78.8775000000000	-73.7026000000000	-73.6995000000000
-84.1723000000000	-83.9523000000000	-78.8088000000000
-84.1723000000000	-78.8775000000000	-78.8088000000000
-89.3255000000000	-89.0536000000000	-83.9523000000000
-89.3255000000000	-84.1723000000000	-83.9523000000000
-5.78463000000000	-5.61758000000000	-4.81044000000000
-5.78463000000000	-4.88583000000000	-4.81044000000000
-6.92477000000000	-6.64434000000000	-5.61758000000000
-6.92477000000000	-5.78463000000000	-5.61758000000000
-8.10408000000000	-8.01633000000000	-6.64434000000000
-8.10408000000000	-6.92477000000000	-6.64434000000000
-9.72486000000000	-9.72188000000000	-8.01633000000000
-9.72188000000000	-8.10408000000000	-8.01633000000000
-11.9888000000000	-11.7132000000000	-9.72486000000000
-11.7132000000000	-9.72486000000000	-9.72188000000000
-14.3306000000000	-14.2418000000000	-11.9888000000000
-14.2418000000000	-11.9888000000000	-11.7132000000000
-16.7632000000000	-16.7282000000000	-14.3306000000000
-16.7632000000000	-14.3306000000000	-14.2418000000000
-19.2377000000000	-19.2298000000000	-16.7282000000000
-19.2298000000000	-16.7632000000000	-16.7282000000000
-21.9326000000000	-21.9110000000000	-19.2377000000000
-21.9326000000000	-19.2377000000000	-19.2298000000000
-25.3604000000000	-25.3051000000000	-21.9110000000000
-25.3604000000000	-21.9326000000000	-21.9110000000000
-28.1964000000000	-27.9932000000000	-25.3051000000000
-28.1964000000000	-25.3604000000000	-25.3051000000000
-31.7469000000000	-31.5885000000000	-27.9932000000000
-31.7469000000000	-28.1964000000000	-27.9932000000000
-35.0567000000000	-35.0483000000000	-31.5885000000000
-35.0567000000000	-31.7469000000000	-31.5885000000000
-38.5642000000000	-38.4083000000000	-35.0483000000000
-38.4083000000000	-35.0567000000000	-35.0483000000000
-41.7535000000000	-41.6214000000000	-38.5642000000000
-41.6214000000000	-38.5642000000000	-38.4083000000000
-45.0048000000000	-44.9950000000000	-41.7535000000000
-45.0048000000000	-41.7535000000000	-41.6214000000000
-48.6742000000000	-48.6365000000000	-44.9950000000000
-48.6742000000000	-45.0048000000000	-44.9950000000000
-53.1913000000000	-53.1603000000000	-48.6365000000000
-53.1913000000000	-48.6742000000000	-48.6365000000000
-58.2496000000000	-58.2333000000000	-53.1603000000000
-58.2333000000000	-53.1913000000000	-53.1603000000000
-63.2737000000000	-63.2006000000000	-58.2496000000000
-63.2737000000000	-58.2496000000000	-58.2333000000000
-68.3548000000000	-68.1857000000000	-63.2006000000000
-68.3548000000000	-63.2737000000000	-63.2006000000000
-73.6995000000000	-73.5080000000000	-68.1857000000000
-73.6995000000000	-68.3548000000000	-68.1857000000000
-78.8088000000000	-78.5761000000000	-73.5080000000000
-78.8088000000000	-73.6995000000000	-73.5080000000000
-83.9523000000000	-83.6645000000000	-78.5761000000000
-83.9523000000000	-78.8088000000000	-78.5761000000000
-89.0536000000000	-88.8250000000000	-83.6645000000000
-89.0536000000000	-83.9523000000000	-83.6645000000000
-5.61758000000000	-5.60760000000000	-4.82032000000000
-5.61758000000000	-4.82032000000000	-4.81044000000000
-6.64434000000000	-6.52533000000000	-5.60760000000000
-6.64434000000000	-5.61758000000000	-5.60760000000000
-8.01633000000000	-7.96879000000000	-6.52533000000000
-8.01633000000000	-6.64434000000000	-6.52533000000000
-9.74941000000000	-9.72486000000000	-7.96879000000000
-9.72486000000000	-8.01633000000000	-7.96879000000000
-12.2130000000000	-11.9888000000000	-9.74941000000000
-11.9888000000000	-9.74941000000000	-9.72486000000000
-14.3945000000000	-14.3306000000000	-12.2130000000000
-14.3306000000000	-12.2130000000000	-11.9888000000000
-16.7282000000000	-16.7093000000000	-14.3945000000000
-16.7282000000000	-14.3945000000000	-14.3306000000000
-19.2416000000000	-19.2377000000000	-16.7093000000000
-19.2377000000000	-16.7282000000000	-16.7093000000000
-21.9762000000000	-21.9110000000000	-19.2416000000000
-21.9110000000000	-19.2416000000000	-19.2377000000000
-25.3051000000000	-25.0783000000000	-21.9762000000000
-25.3051000000000	-21.9762000000000	-21.9110000000000
-27.9932000000000	-27.7837000000000	-25.0783000000000
-27.9932000000000	-25.3051000000000	-25.0783000000000
-31.5885000000000	-31.4414000000000	-27.7837000000000
-31.5885000000000	-27.9932000000000	-27.7837000000000
-35.0483000000000	-35.0055000000000	-31.4414000000000
-35.0483000000000	-31.5885000000000	-31.4414000000000
-38.7624000000000	-38.5642000000000	-35.0055000000000
-38.5642000000000	-35.0483000000000	-35.0055000000000
-41.8955000000000	-41.7535000000000	-38.7624000000000
-41.7535000000000	-38.7624000000000	-38.5642000000000
-45.0011000000000	-44.9950000000000	-41.8955000000000
-44.9950000000000	-41.8955000000000	-41.7535000000000
-48.6365000000000	-48.5447000000000	-45.0011000000000
-48.6365000000000	-45.0011000000000	-44.9950000000000
-53.1603000000000	-53.1539000000000	-48.5447000000000
-53.1603000000000	-48.6365000000000	-48.5447000000000
-58.3359000000000	-58.2496000000000	-53.1539000000000
-58.2496000000000	-53.1603000000000	-53.1539000000000
-63.3443000000000	-63.2006000000000	-58.3359000000000
-63.2006000000000	-58.3359000000000	-58.2496000000000
-68.2242000000000	-68.1857000000000	-63.3443000000000
-68.1857000000000	-63.3443000000000	-63.2006000000000
-73.5080000000000	-73.4240000000000	-68.2242000000000
-73.5080000000000	-68.2242000000000	-68.1857000000000
-78.5761000000000	-78.3332000000000	-73.4240000000000
-78.5761000000000	-73.5080000000000	-73.4240000000000
-83.6645000000000	-83.4023000000000	-78.3332000000000
-83.6645000000000	-78.5761000000000	-78.3332000000000
-88.8250000000000	-88.6927000000000	-83.4023000000000
-88.8250000000000	-83.6645000000000	-83.4023000000000
-5.60760000000000	-5.59194000000000	-4.83277000000000
-5.60760000000000	-4.83277000000000	-4.82032000000000
-6.52533000000000	-6.51670000000000	-5.59194000000000
-6.52533000000000	-5.60760000000000	-5.59194000000000
-7.96879000000000	-7.93723000000000	-6.51670000000000
-7.96879000000000	-6.52533000000000	-6.51670000000000
-9.74941000000000	-9.74532000000000	-7.93723000000000
-9.74941000000000	-7.96879000000000	-7.93723000000000
-12.2317000000000	-12.2130000000000	-9.74532000000000
-12.2130000000000	-9.74941000000000	-9.74532000000000
-14.4085000000000	-14.3945000000000	-12.2317000000000
-14.3945000000000	-12.2317000000000	-12.2130000000000
-16.7215000000000	-16.7093000000000	-14.4085000000000
-16.7093000000000	-14.4085000000000	-14.3945000000000
-19.2512000000000	-19.2416000000000	-16.7215000000000
-19.2416000000000	-16.7215000000000	-16.7093000000000
-22.0129000000000	-21.9762000000000	-19.2512000000000
-21.9762000000000	-19.2512000000000	-19.2416000000000
-25.0783000000000	-25.0091000000000	-22.0129000000000
-25.0783000000000	-22.0129000000000	-21.9762000000000
-27.8703000000000	-27.7837000000000	-25.0091000000000
-27.7837000000000	-25.0783000000000	-25.0091000000000
-31.4414000000000	-31.3943000000000	-27.8703000000000
-31.4414000000000	-27.8703000000000	-27.7837000000000
-35.0055000000000	-34.9792000000000	-31.3943000000000
-35.0055000000000	-31.4414000000000	-31.3943000000000
-38.7624000000000	-38.7572000000000	-34.9792000000000
-38.7624000000000	-35.0055000000000	-34.9792000000000
-41.9501000000000	-41.8955000000000	-38.7572000000000
-41.8955000000000	-38.7624000000000	-38.7572000000000
-45.2169000000000	-45.0011000000000	-41.9501000000000
-45.0011000000000	-41.9501000000000	-41.8955000000000
-48.6812000000000	-48.5447000000000	-45.2169000000000
-48.5447000000000	-45.2169000000000	-45.0011000000000
-53.2854000000000	-53.1539000000000	-48.6812000000000
-53.1539000000000	-48.6812000000000	-48.5447000000000
-58.5907000000000	-58.3359000000000	-53.2854000000000
-58.3359000000000	-53.2854000000000	-53.1539000000000
-63.5715000000000	-63.3443000000000	-58.5907000000000
-63.3443000000000	-58.5907000000000	-58.3359000000000
-68.4053000000000	-68.2242000000000	-63.5715000000000
-68.2242000000000	-63.5715000000000	-63.3443000000000
-73.5407000000000	-73.4240000000000	-68.4053000000000
-73.4240000000000	-68.4053000000000	-68.2242000000000
-78.4129000000000	-78.3332000000000	-73.5407000000000
-78.3332000000000	-73.5407000000000	-73.4240000000000
-83.4023000000000	-83.2017000000000	-78.4129000000000
-83.4023000000000	-78.4129000000000	-78.3332000000000
-88.6927000000000	-88.4361000000000	-83.2017000000000
-88.6927000000000	-83.4023000000000	-83.2017000000000
-5.59194000000000	-5.52818000000000	-4.86262000000000
-5.59194000000000	-4.86262000000000	-4.83277000000000
-6.52535000000000	-6.51670000000000	-5.52818000000000
-6.51670000000000	-5.59194000000000	-5.52818000000000
-7.93723000000000	-7.89154000000000	-6.52535000000000
-7.93723000000000	-6.52535000000000	-6.51670000000000
-9.74532000000000	-9.72009000000000	-7.89154000000000
-9.74532000000000	-7.93723000000000	-7.89154000000000
-12.2317000000000	-12.1009000000000	-9.72009000000000
-12.2317000000000	-9.74532000000000	-9.72009000000000
-14.4085000000000	-14.3492000000000	-12.1009000000000
-14.4085000000000	-12.2317000000000	-12.1009000000000
-16.7470000000000	-16.7215000000000	-14.3492000000000
-16.7215000000000	-14.4085000000000	-14.3492000000000
-19.2565000000000	-19.2512000000000	-16.7470000000000
-19.2512000000000	-16.7470000000000	-16.7215000000000
-22.0129000000000	-21.9911000000000	-19.2565000000000
-22.0129000000000	-19.2565000000000	-19.2512000000000
-25.0091000000000	-24.9991000000000	-21.9911000000000
-25.0091000000000	-22.0129000000000	-21.9911000000000
-27.8909000000000	-27.8703000000000	-24.9991000000000
-27.8703000000000	-25.0091000000000	-24.9991000000000
-31.3943000000000	-31.0176000000000	-27.8909000000000
-31.3943000000000	-27.8909000000000	-27.8703000000000
-34.9792000000000	-34.9103000000000	-31.0176000000000
-34.9792000000000	-31.3943000000000	-31.0176000000000
-38.8266000000000	-38.7572000000000	-34.9103000000000
-38.7572000000000	-34.9792000000000	-34.9103000000000
-42.1111000000000	-41.9501000000000	-38.8266000000000
-41.9501000000000	-38.8266000000000	-38.7572000000000
-45.4011000000000	-45.2169000000000	-42.1111000000000
-45.2169000000000	-42.1111000000000	-41.9501000000000
-48.8106000000000	-48.6812000000000	-45.4011000000000
-48.6812000000000	-45.4011000000000	-45.2169000000000
-53.3945000000000	-53.2854000000000	-48.8106000000000
-53.2854000000000	-48.8106000000000	-48.6812000000000
-58.7295000000000	-58.5907000000000	-53.3945000000000
-58.5907000000000	-53.3945000000000	-53.2854000000000
-63.8020000000000	-63.5715000000000	-58.7295000000000
-63.5715000000000	-58.7295000000000	-58.5907000000000
-68.6947000000000	-68.4053000000000	-63.8020000000000
-68.4053000000000	-63.8020000000000	-63.5715000000000
-73.7637000000000	-73.5407000000000	-68.6947000000000
-73.5407000000000	-68.6947000000000	-68.4053000000000
-78.4129000000000	-78.3415000000000	-73.7637000000000
-78.4129000000000	-73.7637000000000	-73.5407000000000
-83.2017000000000	-82.9066000000000	-78.3415000000000
-83.2017000000000	-78.4129000000000	-78.3415000000000
-88.4361000000000	-88.2256000000000	-82.9066000000000
-88.4361000000000	-83.2017000000000	-82.9066000000000
-5.52818000000000	-5.45624000000000	-4.85401000000000
-5.52818000000000	-4.86262000000000	-4.85401000000000
-6.52535000000000	-6.50285000000000	-5.45624000000000
-6.52535000000000	-5.52818000000000	-5.45624000000000
-7.89154000000000	-7.75016000000000	-6.50285000000000
-7.89154000000000	-6.52535000000000	-6.50285000000000
-9.72009000000000	-9.65741000000000	-7.75016000000000
-9.72009000000000	-7.89154000000000	-7.75016000000000
-12.1009000000000	-11.9245000000000	-9.65741000000000
-12.1009000000000	-9.72009000000000	-9.65741000000000
-14.3492000000000	-14.3063000000000	-11.9245000000000
-14.3492000000000	-12.1009000000000	-11.9245000000000
-16.7724000000000	-16.7470000000000	-14.3063000000000
-16.7470000000000	-14.3492000000000	-14.3063000000000
-19.2616000000000	-19.2565000000000	-16.7724000000000
-19.2565000000000	-16.7724000000000	-16.7470000000000
-21.9912000000000	-21.9911000000000	-19.2616000000000
-21.9911000000000	-19.2616000000000	-19.2565000000000
-24.9991000000000	-24.9946000000000	-21.9912000000000
-24.9991000000000	-21.9912000000000	-21.9911000000000
-27.9446000000000	-27.8909000000000	-24.9946000000000
-27.8909000000000	-24.9991000000000	-24.9946000000000
-31.0176000000000	-30.8181000000000	-27.9446000000000
-31.0176000000000	-27.9446000000000	-27.8909000000000
-34.9103000000000	-34.8791000000000	-30.8181000000000
-34.9103000000000	-31.0176000000000	-30.8181000000000
-38.8647000000000	-38.8266000000000	-34.8791000000000
-38.8266000000000	-34.9103000000000	-34.8791000000000
-42.3049000000000	-42.1111000000000	-38.8647000000000
-42.1111000000000	-38.8647000000000	-38.8266000000000
-45.4593000000000	-45.4011000000000	-42.3049000000000
-45.4011000000000	-42.3049000000000	-42.1111000000000
-48.9801000000000	-48.8106000000000	-45.4593000000000
-48.8106000000000	-45.4593000000000	-45.4011000000000
-53.5766000000000	-53.3945000000000	-48.9801000000000
-53.3945000000000	-48.9801000000000	-48.8106000000000
-58.7731000000000	-58.7295000000000	-53.5766000000000
-58.7295000000000	-53.5766000000000	-53.3945000000000
-63.8020000000000	-63.7680000000000	-58.7731000000000
-63.8020000000000	-58.7731000000000	-58.7295000000000
-68.8279000000000	-68.6947000000000	-63.7680000000000
-68.6947000000000	-63.8020000000000	-63.7680000000000
-73.9233000000000	-73.7637000000000	-68.8279000000000
-73.7637000000000	-68.8279000000000	-68.6947000000000
-78.3661000000000	-78.3415000000000	-73.9233000000000
-78.3415000000000	-73.9233000000000	-73.7637000000000
-82.9066000000000	-82.8847000000000	-78.3661000000000
-82.9066000000000	-78.3661000000000	-78.3415000000000
-88.2256000000000	-87.9197000000000	-82.8847000000000
-88.2256000000000	-82.9066000000000	-82.8847000000000
-5.45624000000000	-5.38034000000000	-4.85401000000000
-6.50285000000000	-6.43092000000000	-5.38034000000000
-6.50285000000000	-5.45624000000000	-5.38034000000000
-7.75016000000000	-7.72464000000000	-6.43092000000000
-7.75016000000000	-6.50285000000000	-6.43092000000000
-9.65741000000000	-9.65197000000000	-7.72464000000000
-9.65741000000000	-7.75016000000000	-7.72464000000000
-11.9245000000000	-11.8140000000000	-9.65197000000000
-11.9245000000000	-9.65741000000000	-9.65197000000000
-14.3063000000000	-14.2736000000000	-11.8140000000000
-14.3063000000000	-11.9245000000000	-11.8140000000000
-16.7854000000000	-16.7724000000000	-14.2736000000000
-16.7724000000000	-14.3063000000000	-14.2736000000000
-19.2657000000000	-19.2616000000000	-16.7854000000000
-19.2616000000000	-16.7854000000000	-16.7724000000000
-21.9925000000000	-21.9912000000000	-19.2657000000000
-21.9912000000000	-19.2657000000000	-19.2616000000000
-24.9946000000000	-24.9926000000000	-21.9925000000000
-24.9946000000000	-21.9925000000000	-21.9912000000000
-27.9491000000000	-27.9446000000000	-24.9926000000000
-27.9446000000000	-24.9946000000000	-24.9926000000000
-30.9155000000000	-30.8181000000000	-27.9491000000000
-30.8181000000000	-27.9491000000000	-27.9446000000000
-34.8791000000000	-34.4917000000000	-30.9155000000000
-34.8791000000000	-30.9155000000000	-30.8181000000000
-38.8647000000000	-38.6550000000000	-34.4917000000000
-38.8647000000000	-34.8791000000000	-34.4917000000000
-42.3049000000000	-41.9299000000000	-38.6550000000000
-42.3049000000000	-38.8647000000000	-38.6550000000000
-45.4593000000000	-45.1696000000000	-41.9299000000000
-45.4593000000000	-42.3049000000000	-41.9299000000000
-49.0076000000000	-48.9801000000000	-45.1696000000000
-48.9801000000000	-45.4593000000000	-45.1696000000000
-53.7294000000000	-53.5766000000000	-49.0076000000000
-53.5766000000000	-49.0076000000000	-48.9801000000000
-58.7912000000000	-58.7731000000000	-53.7294000000000
-58.7731000000000	-53.7294000000000	-53.5766000000000
-63.7680000000000	-63.6820000000000	-58.7912000000000
-63.7680000000000	-58.7912000000000	-58.7731000000000
-68.8279000000000	-68.7946000000000	-63.6820000000000
-68.8279000000000	-63.7680000000000	-63.6820000000000
-73.9351000000000	-73.9233000000000	-68.7946000000000
-73.9233000000000	-68.8279000000000	-68.7946000000000
-78.3661000000000	-78.3457000000000	-73.9351000000000
-78.3661000000000	-73.9351000000000	-73.9233000000000
-82.8847000000000	-82.8825000000000	-78.3457000000000
-82.8847000000000	-78.3661000000000	-78.3457000000000
-87.9497000000000	-87.9197000000000	-82.8825000000000
-87.9197000000000	-82.8847000000000	-82.8825000000000
-6.43092000000000	-6.33758000000000	-5.30834000000000
-6.43092000000000	-5.38034000000000	-5.30834000000000
-7.74625000000000	-7.72464000000000	-6.33758000000000
-7.72464000000000	-6.43092000000000	-6.33758000000000
-9.65197000000000	-9.53394000000000	-7.74625000000000
-9.65197000000000	-7.74625000000000	-7.72464000000000
-11.8140000000000	-11.6380000000000	-9.53394000000000
-11.8140000000000	-9.65197000000000	-9.53394000000000
-14.2736000000000	-14.2543000000000	-11.6380000000000
-14.2736000000000	-11.8140000000000	-11.6380000000000
-16.7854000000000	-16.7800000000000	-14.2543000000000
-16.7854000000000	-14.2736000000000	-14.2543000000000
-19.2657000000000	-19.2652000000000	-16.7800000000000
-19.2657000000000	-16.7854000000000	-16.7800000000000
-22.0109000000000	-21.9925000000000	-19.2652000000000
-21.9925000000000	-19.2657000000000	-19.2652000000000
-25.0013000000000	-24.9926000000000	-22.0109000000000
-24.9926000000000	-22.0109000000000	-21.9925000000000
-27.9635000000000	-27.9491000000000	-25.0013000000000
-27.9491000000000	-25.0013000000000	-24.9926000000000
-30.9207000000000	-30.9155000000000	-27.9635000000000
-30.9155000000000	-27.9635000000000	-27.9491000000000
-34.4917000000000	-34.4723000000000	-30.9207000000000
-34.4917000000000	-30.9207000000000	-30.9155000000000
-38.6550000000000	-38.4539000000000	-34.4723000000000
-38.6550000000000	-34.4917000000000	-34.4723000000000
-41.9299000000000	-41.6502000000000	-38.4539000000000
-41.9299000000000	-38.6550000000000	-38.4539000000000
-45.1696000000000	-44.9124000000000	-41.6502000000000
-45.1696000000000	-41.9299000000000	-41.6502000000000
-49.0076000000000	-48.9306000000000	-44.9124000000000
-49.0076000000000	-45.1696000000000	-44.9124000000000
-53.7294000000000	-53.7260000000000	-48.9306000000000
-53.7294000000000	-49.0076000000000	-48.9306000000000
-59.0945000000000	-58.7912000000000	-53.7260000000000
-58.7912000000000	-53.7294000000000	-53.7260000000000
-63.8547000000000	-63.6820000000000	-59.0945000000000
-63.6820000000000	-59.0945000000000	-58.7912000000000
-68.7998000000000	-68.7946000000000	-63.8547000000000
-68.7946000000000	-63.8547000000000	-63.6820000000000
-73.9351000000000	-73.8972000000000	-68.7998000000000
-73.9351000000000	-68.7998000000000	-68.7946000000000
-78.3457000000000	-78.3166000000000	-73.8972000000000
-78.3457000000000	-73.9351000000000	-73.8972000000000
-82.8825000000000	-82.8811000000000	-78.3166000000000
-82.8825000000000	-78.3457000000000	-78.3166000000000
-87.9497000000000	-87.9437000000000	-82.8811000000000
-87.9497000000000	-82.8825000000000	-82.8811000000000
-6.33758000000000	-6.28608000000000	-5.26673000000000
-6.33758000000000	-5.30834000000000	-5.26673000000000
-7.75362000000000	-7.74625000000000	-6.28608000000000
-7.74625000000000	-6.33758000000000	-6.28608000000000
-9.53394000000000	-9.44639000000000	-7.75362000000000
-9.53394000000000	-7.75362000000000	-7.74625000000000
-11.6380000000000	-11.5317000000000	-9.44639000000000
-11.6380000000000	-9.53394000000000	-9.44639000000000
-14.2543000000000	-14.1462000000000	-11.5317000000000
-14.2543000000000	-11.6380000000000	-11.5317000000000
-16.7800000000000	-16.6110000000000	-14.1462000000000
-16.7800000000000	-14.2543000000000	-14.1462000000000
-19.2652000000000	-19.2601000000000	-16.6110000000000
-19.2652000000000	-16.7800000000000	-16.6110000000000
-22.0109000000000	-21.9392000000000	-19.2601000000000
-22.0109000000000	-19.2652000000000	-19.2601000000000
-25.0109000000000	-25.0013000000000	-21.9392000000000
-25.0013000000000	-22.0109000000000	-21.9392000000000
-27.9750000000000	-27.9635000000000	-25.0109000000000
-27.9635000000000	-25.0109000000000	-25.0013000000000
-30.9207000000000	-30.6092000000000	-27.9750000000000
-30.9207000000000	-27.9750000000000	-27.9635000000000
-34.4723000000000	-34.4551000000000	-30.6092000000000
-34.4723000000000	-30.9207000000000	-30.6092000000000
-38.4539000000000	-38.2335000000000	-34.4551000000000
-38.4539000000000	-34.4723000000000	-34.4551000000000
-41.6502000000000	-41.5740000000000	-38.2335000000000
-41.6502000000000	-38.4539000000000	-38.2335000000000
-44.9124000000000	-44.8663000000000	-41.5740000000000
-44.9124000000000	-41.6502000000000	-41.5740000000000
-48.9306000000000	-48.9158000000000	-44.8663000000000
-48.9306000000000	-44.9124000000000	-44.8663000000000
-53.7828000000000	-53.7260000000000	-48.9158000000000
-53.7260000000000	-48.9306000000000	-48.9158000000000
-59.1722000000000	-59.0945000000000	-53.7828000000000
-59.0945000000000	-53.7828000000000	-53.7260000000000
-63.9057000000000	-63.8547000000000	-59.1722000000000
-63.8547000000000	-59.1722000000000	-59.0945000000000
-68.8017000000000	-68.7998000000000	-63.9057000000000
-68.7998000000000	-63.9057000000000	-63.8547000000000
-73.9218000000000	-73.8972000000000	-68.8017000000000
-73.8972000000000	-68.8017000000000	-68.7998000000000
-78.3450000000000	-78.3166000000000	-73.9218000000000
-78.3166000000000	-73.9218000000000	-73.8972000000000
-82.8860000000000	-82.8811000000000	-78.3450000000000
-82.8811000000000	-78.3450000000000	-78.3166000000000
-87.9437000000000	-87.9321000000000	-82.8860000000000
-87.9437000000000	-82.8860000000000	-82.8811000000000
-6.28608000000000	-6.26843000000000	-5.17879000000000
-6.28608000000000	-5.26673000000000	-5.17879000000000
-7.79227000000000	-7.75362000000000	-6.26843000000000
-7.75362000000000	-6.28608000000000	-6.26843000000000
-9.48903000000000	-9.44639000000000	-7.79227000000000
-9.44639000000000	-7.79227000000000	-7.75362000000000
-11.5317000000000	-11.4446000000000	-9.48903000000000
-11.5317000000000	-9.48903000000000	-9.44639000000000
-14.1462000000000	-13.9714000000000	-11.4446000000000
-14.1462000000000	-11.5317000000000	-11.4446000000000
-16.6110000000000	-16.5121000000000	-13.9714000000000
-16.6110000000000	-14.1462000000000	-13.9714000000000
-19.2601000000000	-19.1148000000000	-16.5121000000000
-19.2601000000000	-16.6110000000000	-16.5121000000000
-21.9392000000000	-21.7619000000000	-19.1148000000000
-21.9392000000000	-19.2601000000000	-19.1148000000000
-25.0109000000000	-24.6785000000000	-21.7619000000000
-25.0109000000000	-21.9392000000000	-21.7619000000000
-27.9750000000000	-27.5626000000000	-24.6785000000000
-27.9750000000000	-25.0109000000000	-24.6785000000000
-30.6092000000000	-30.5347000000000	-27.5626000000000
-30.6092000000000	-27.9750000000000	-27.5626000000000
-34.4551000000000	-34.4437000000000	-30.5347000000000
-34.4551000000000	-30.6092000000000	-30.5347000000000
-38.2335000000000	-38.2115000000000	-34.4437000000000
-38.2335000000000	-34.4551000000000	-34.4437000000000
-41.5740000000000	-41.5509000000000	-38.2115000000000
-41.5740000000000	-38.2335000000000	-38.2115000000000
-45.0072000000000	-44.8663000000000	-41.5509000000000
-44.8663000000000	-41.5740000000000	-41.5509000000000
-49.3354000000000	-48.9158000000000	-45.0072000000000
-48.9158000000000	-45.0072000000000	-44.8663000000000
-54.0051000000000	-53.7828000000000	-49.3354000000000
-53.7828000000000	-49.3354000000000	-48.9158000000000
-59.1979000000000	-59.1722000000000	-54.0051000000000
-59.1722000000000	-54.0051000000000	-53.7828000000000
-63.9057000000000	-63.9052000000000	-59.1979000000000
-63.9057000000000	-59.1979000000000	-59.1722000000000
-68.8017000000000	-68.7966000000000	-63.9052000000000
-68.8017000000000	-63.9057000000000	-63.9052000000000
-73.9438000000000	-73.9218000000000	-68.7966000000000
-73.9218000000000	-68.8017000000000	-68.7966000000000
-78.3594000000000	-78.3450000000000	-73.9438000000000
-78.3450000000000	-73.9438000000000	-73.9218000000000
-82.8860000000000	-82.8847000000000	-78.3594000000000
-82.8860000000000	-78.3594000000000	-78.3450000000000
-88.0703000000000	-87.9321000000000	-82.8847000000000
-87.9321000000000	-82.8860000000000	-82.8847000000000
-6.29467000000000	-6.26843000000000	-5.10118000000000
-6.26843000000000	-5.17879000000000	-5.10118000000000
-7.84457000000000	-7.79227000000000	-6.29467000000000
-7.79227000000000	-6.29467000000000	-6.26843000000000
-9.48903000000000	-9.44749000000000	-7.84457000000000
-9.48903000000000	-7.84457000000000	-7.79227000000000
-11.4446000000000	-11.2203000000000	-9.44749000000000
-11.4446000000000	-9.48903000000000	-9.44749000000000
-13.9714000000000	-13.7627000000000	-11.2203000000000
-13.9714000000000	-11.4446000000000	-11.2203000000000
-16.5121000000000	-16.3611000000000	-13.7627000000000
-16.5121000000000	-13.9714000000000	-13.7627000000000
-19.1148000000000	-18.9349000000000	-16.3611000000000
-19.1148000000000	-16.5121000000000	-16.3611000000000
-21.7619000000000	-21.5232000000000	-18.9349000000000
-21.7619000000000	-19.1148000000000	-18.9349000000000
-24.6785000000000	-24.5364000000000	-21.5232000000000
-24.6785000000000	-21.7619000000000	-21.5232000000000
-27.5626000000000	-27.1296000000000	-24.5364000000000
-27.5626000000000	-24.6785000000000	-24.5364000000000
-30.5347000000000	-30.1914000000000	-27.1296000000000
-30.5347000000000	-27.5626000000000	-27.1296000000000
-34.4437000000000	-34.3358000000000	-30.1914000000000
-34.4437000000000	-30.5347000000000	-30.1914000000000
-38.2115000000000	-37.9695000000000	-34.3358000000000
-38.2115000000000	-34.4437000000000	-34.3358000000000
-41.5577000000000	-41.5509000000000	-37.9695000000000
-41.5509000000000	-38.2115000000000	-37.9695000000000
-45.3334000000000	-45.0072000000000	-41.5577000000000
-45.0072000000000	-41.5577000000000	-41.5509000000000
-49.3702000000000	-49.3354000000000	-45.3334000000000
-49.3354000000000	-45.3334000000000	-45.0072000000000
-54.0699000000000	-54.0051000000000	-49.3702000000000
-54.0051000000000	-49.3702000000000	-49.3354000000000
-59.2143000000000	-59.1979000000000	-54.0699000000000
-59.1979000000000	-54.0699000000000	-54.0051000000000
-63.9090000000000	-63.9052000000000	-59.2143000000000
-63.9052000000000	-59.2143000000000	-59.1979000000000
-68.7971000000000	-68.7966000000000	-63.9090000000000
-68.7966000000000	-63.9090000000000	-63.9052000000000
-73.9438000000000	-73.9333000000000	-68.7971000000000
-73.9438000000000	-68.7971000000000	-68.7966000000000
-78.3594000000000	-78.3582000000000	-73.9333000000000
-78.3594000000000	-73.9438000000000	-73.9333000000000
-82.8989000000000	-82.8847000000000	-78.3582000000000
-82.8847000000000	-78.3594000000000	-78.3582000000000
-88.2271000000000	-88.0703000000000	-82.8989000000000
-88.0703000000000	-82.8989000000000	-82.8847000000000
-6.31624000000000	-6.29467000000000	-5.00775000000000
-6.29467000000000	-5.10118000000000	-5.00775000000000
-7.84457000000000	-7.83754000000000	-6.31624000000000
-7.84457000000000	-6.31624000000000	-6.29467000000000
-9.44749000000000	-9.33397000000000	-7.83754000000000
-9.44749000000000	-7.84457000000000	-7.83754000000000
-11.2203000000000	-11.0810000000000	-9.33397000000000
-11.2203000000000	-9.44749000000000	-9.33397000000000
-13.7627000000000	-13.5084000000000	-11.0810000000000
-13.7627000000000	-11.2203000000000	-11.0810000000000
-16.3611000000000	-16.0976000000000	-13.5084000000000
-16.3611000000000	-13.7627000000000	-13.5084000000000
-18.9349000000000	-18.6398000000000	-16.0976000000000
-18.9349000000000	-16.3611000000000	-16.0976000000000
-21.5232000000000	-21.2548000000000	-18.6398000000000
-21.5232000000000	-18.9349000000000	-18.6398000000000
-24.5364000000000	-24.1891000000000	-21.2548000000000
-24.5364000000000	-21.5232000000000	-21.2548000000000
-27.1296000000000	-26.9988000000000	-24.1891000000000
-27.1296000000000	-24.5364000000000	-24.1891000000000
-30.1914000000000	-29.9805000000000	-26.9988000000000
-30.1914000000000	-27.1296000000000	-26.9988000000000
-34.3358000000000	-33.8685000000000	-29.9805000000000
-34.3358000000000	-30.1914000000000	-29.9805000000000
-37.9695000000000	-37.7718000000000	-33.8685000000000
-37.9695000000000	-34.3358000000000	-33.8685000000000
-41.7767000000000	-41.5577000000000	-37.7718000000000
-41.5577000000000	-37.9695000000000	-37.7718000000000
-45.7097000000000	-45.3334000000000	-41.7767000000000
-45.3334000000000	-41.7767000000000	-41.5577000000000
-49.4433000000000	-49.3702000000000	-45.7097000000000
-49.3702000000000	-45.7097000000000	-45.3334000000000
-54.1441000000000	-54.0699000000000	-49.4433000000000
-54.0699000000000	-49.4433000000000	-49.3702000000000
-59.2407000000000	-59.2143000000000	-54.1441000000000
-59.2143000000000	-54.1441000000000	-54.0699000000000
-63.9090000000000	-63.9046000000000	-59.2407000000000
-63.9090000000000	-59.2407000000000	-59.2143000000000
-68.7990000000000	-68.7971000000000	-63.9046000000000
-68.7971000000000	-63.9090000000000	-63.9046000000000
-73.9333000000000	-73.9319000000000	-68.7990000000000
-73.9333000000000	-68.7990000000000	-68.7971000000000
-78.3582000000000	-78.3547000000000	-73.9319000000000
-78.3582000000000	-73.9333000000000	-73.9319000000000
-82.8989000000000	-82.8879000000000	-78.3547000000000
-82.8989000000000	-78.3582000000000	-78.3547000000000
-88.2271000000000	-88.1721000000000	-82.8879000000000
-88.2271000000000	-82.8989000000000	-82.8879000000000
-6.31624000000000	-6.12298000000000	-4.98525000000000
-6.31624000000000	-5.00775000000000	-4.98525000000000
-7.83754000000000	-7.51650000000000	-6.12298000000000
-7.83754000000000	-6.31624000000000	-6.12298000000000
-9.33397000000000	-9.03193000000000	-7.51650000000000
-9.33397000000000	-7.83754000000000	-7.51650000000000
-11.0810000000000	-10.8402000000000	-9.03193000000000
-11.0810000000000	-9.33397000000000	-9.03193000000000
-13.5084000000000	-13.3065000000000	-10.8402000000000
-13.5084000000000	-11.0810000000000	-10.8402000000000
-16.0976000000000	-15.7898000000000	-13.3065000000000
-16.0976000000000	-13.5084000000000	-13.3065000000000
-18.6398000000000	-18.4483000000000	-15.7898000000000
-18.6398000000000	-16.0976000000000	-15.7898000000000
-21.2548000000000	-21.0545000000000	-18.4483000000000
-21.2548000000000	-18.6398000000000	-18.4483000000000
-24.1891000000000	-23.9588000000000	-21.0545000000000
-24.1891000000000	-21.2548000000000	-21.0545000000000
-26.9988000000000	-26.7465000000000	-23.9588000000000
-26.9988000000000	-24.1891000000000	-23.9588000000000
-29.9805000000000	-29.5871000000000	-26.7465000000000
-29.9805000000000	-26.9988000000000	-26.7465000000000
-33.8685000000000	-33.5947000000000	-29.5871000000000
-33.8685000000000	-29.9805000000000	-29.5871000000000
-37.7718000000000	-37.6685000000000	-33.5947000000000
-37.7718000000000	-33.8685000000000	-33.5947000000000
-41.9294000000000	-41.7767000000000	-37.6685000000000
-41.7767000000000	-37.7718000000000	-37.6685000000000
-45.9956000000000	-45.7097000000000	-41.9294000000000
-45.7097000000000	-41.9294000000000	-41.7767000000000
-49.5101000000000	-49.4433000000000	-45.9956000000000
-49.4433000000000	-45.9956000000000	-45.7097000000000
-54.2350000000000	-54.1441000000000	-49.5101000000000
-54.1441000000000	-49.5101000000000	-49.4433000000000
-59.2652000000000	-59.2407000000000	-54.2350000000000
-59.2407000000000	-54.2350000000000	-54.1441000000000
-63.9050000000000	-63.9046000000000	-59.2652000000000
-63.9046000000000	-59.2652000000000	-59.2407000000000
-68.7996000000000	-68.7990000000000	-63.9050000000000
-68.7990000000000	-63.9050000000000	-63.9046000000000
-73.9319000000000	-73.9300000000000	-68.7996000000000
-73.9319000000000	-68.7996000000000	-68.7990000000000
-78.3547000000000	-78.3498000000000	-73.9300000000000
-78.3547000000000	-73.9319000000000	-73.9300000000000
-82.8879000000000	-82.8823000000000	-78.3498000000000
-82.8879000000000	-78.3547000000000	-78.3498000000000
-88.1721000000000	-87.9193000000000	-82.8823000000000
-88.1721000000000	-82.8879000000000	-82.8823000000000
-6.12298000000000	-5.56712000000000	-4.89851000000000
-6.12298000000000	-4.98525000000000	-4.89851000000000
-7.51650000000000	-6.99428000000000	-5.56712000000000
-7.51650000000000	-6.12298000000000	-5.56712000000000
-9.03193000000000	-8.67438000000000	-6.99428000000000
-9.03193000000000	-7.51650000000000	-6.99428000000000
-10.8402000000000	-10.5601000000000	-8.67438000000000
-10.8402000000000	-9.03193000000000	-8.67438000000000
-13.3065000000000	-12.9191000000000	-10.5601000000000
-13.3065000000000	-10.8402000000000	-10.5601000000000
-15.7898000000000	-15.4296000000000	-12.9191000000000
-15.7898000000000	-13.3065000000000	-12.9191000000000
-18.4483000000000	-18.0220000000000	-15.4296000000000
-18.4483000000000	-15.7898000000000	-15.4296000000000
-21.0545000000000	-20.7031000000000	-18.0220000000000
-21.0545000000000	-18.4483000000000	-18.0220000000000
-23.9588000000000	-23.6093000000000	-20.7031000000000
-23.9588000000000	-21.0545000000000	-20.7031000000000
-26.7465000000000	-26.3414000000000	-23.6093000000000
-26.7465000000000	-23.9588000000000	-23.6093000000000
-29.5871000000000	-29.2629000000000	-26.3414000000000
-29.5871000000000	-26.7465000000000	-26.3414000000000
-33.5947000000000	-33.1787000000000	-29.2629000000000
-33.5947000000000	-29.5871000000000	-29.2629000000000
-37.6685000000000	-37.4737000000000	-33.1787000000000
-37.6685000000000	-33.5947000000000	-33.1787000000000
-41.9958000000000	-41.9294000000000	-37.4737000000000
-41.9294000000000	-37.6685000000000	-37.4737000000000
-46.0889000000000	-45.9956000000000	-41.9958000000000
-45.9956000000000	-41.9958000000000	-41.9294000000000
-49.9520000000000	-49.5101000000000	-46.0889000000000
-49.5101000000000	-46.0889000000000	-45.9956000000000
-54.4138000000000	-54.2350000000000	-49.9520000000000
-54.2350000000000	-49.9520000000000	-49.5101000000000
-59.2868000000000	-59.2652000000000	-54.4138000000000
-59.2652000000000	-54.4138000000000	-54.2350000000000
-63.9075000000000	-63.9050000000000	-59.2868000000000
-63.9050000000000	-59.2868000000000	-59.2652000000000
-68.7996000000000	-68.7886000000000	-63.9075000000000
-68.7996000000000	-63.9075000000000	-63.9050000000000
-73.9300000000000	-73.9270000000000	-68.7886000000000
-73.9300000000000	-68.7996000000000	-68.7886000000000
-78.3498000000000	-78.3445000000000	-73.9270000000000
-78.3498000000000	-73.9300000000000	-73.9270000000000
-82.8823000000000	-82.8723000000000	-78.3445000000000
-82.8823000000000	-78.3498000000000	-78.3445000000000
-87.9391000000000	-87.9193000000000	-82.8723000000000
-87.9193000000000	-82.8823000000000	-82.8723000000000
-5.56712000000000	-5.29145000000000	-4.89851000000000
-6.99428000000000	-6.52860000000000	-5.29145000000000
-6.99428000000000	-5.56712000000000	-5.29145000000000
-8.67438000000000	-8.28890000000000	-6.52860000000000
-8.67438000000000	-6.99428000000000	-6.52860000000000
-10.5601000000000	-10.2204000000000	-8.28890000000000
-10.5601000000000	-8.67438000000000	-8.28890000000000
-12.9191000000000	-12.5435000000000	-10.2204000000000
-12.9191000000000	-10.5601000000000	-10.2204000000000
-15.4296000000000	-15.0567000000000	-12.5435000000000
-15.4296000000000	-12.9191000000000	-12.5435000000000
-18.0220000000000	-17.5982000000000	-15.0567000000000
-18.0220000000000	-15.4296000000000	-15.0567000000000
-20.7031000000000	-20.3239000000000	-17.5982000000000
-20.7031000000000	-18.0220000000000	-17.5982000000000
-23.6093000000000	-23.1883000000000	-20.3239000000000
-23.6093000000000	-20.7031000000000	-20.3239000000000
-26.3414000000000	-25.9833000000000	-23.1883000000000
-26.3414000000000	-23.6093000000000	-23.1883000000000
-29.2629000000000	-29.0234000000000	-25.9833000000000
-29.2629000000000	-26.3414000000000	-25.9833000000000
-33.1787000000000	-32.9657000000000	-29.0234000000000
-33.1787000000000	-29.2629000000000	-29.0234000000000
-37.4773000000000	-37.4737000000000	-32.9657000000000
-37.4737000000000	-33.1787000000000	-32.9657000000000
-41.9987000000000	-41.9958000000000	-37.4773000000000
-41.9958000000000	-37.4773000000000	-37.4737000000000
-46.0889000000000	-46.0830000000000	-41.9987000000000
-46.0889000000000	-41.9987000000000	-41.9958000000000
-49.9520000000000	-49.9506000000000	-46.0830000000000
-49.9520000000000	-46.0889000000000	-46.0830000000000
-54.4585000000000	-54.4138000000000	-49.9506000000000
-54.4138000000000	-49.9520000000000	-49.9506000000000
-59.2953000000000	-59.2868000000000	-54.4585000000000
-59.2868000000000	-54.4585000000000	-54.4138000000000
-63.9217000000000	-63.9075000000000	-59.2953000000000
-63.9075000000000	-59.2953000000000	-59.2868000000000
-68.7886000000000	-68.7721000000000	-63.9217000000000
-68.7886000000000	-63.9217000000000	-63.9075000000000
-73.9409000000000	-73.9270000000000	-68.7721000000000
-73.9270000000000	-68.7886000000000	-68.7721000000000
-78.3667000000000	-78.3445000000000	-73.9409000000000
-78.3445000000000	-73.9409000000000	-73.9270000000000
-82.9212000000000	-82.8723000000000	-78.3667000000000
-82.8723000000000	-78.3667000000000	-78.3445000000000
-87.9441000000000	-87.9391000000000	-82.9212000000000
-87.9391000000000	-82.9212000000000	-82.8723000000000
-6.52860000000000	-6.18229000000000	-5.12036000000000
-6.52860000000000	-5.29145000000000	-5.12036000000000
-8.28890000000000	-7.94193000000000	-6.18229000000000
-8.28890000000000	-6.52860000000000	-6.18229000000000
-10.2204000000000	-9.94557000000000	-7.94193000000000
-10.2204000000000	-8.28890000000000	-7.94193000000000
-12.5435000000000	-12.1937000000000	-9.94557000000000
-12.5435000000000	-10.2204000000000	-9.94557000000000
-15.0567000000000	-14.6382000000000	-12.1937000000000
-15.0567000000000	-12.5435000000000	-12.1937000000000
-17.5982000000000	-17.2304000000000	-14.6382000000000
-17.5982000000000	-15.0567000000000	-14.6382000000000
-20.3239000000000	-19.9209000000000	-17.2304000000000
-20.3239000000000	-17.5982000000000	-17.2304000000000
-23.1883000000000	-22.7389000000000	-19.9209000000000
-23.1883000000000	-20.3239000000000	-19.9209000000000
-25.9833000000000	-25.6780000000000	-22.7389000000000
-25.9833000000000	-23.1883000000000	-22.7389000000000
-29.0234000000000	-28.6498000000000	-25.6780000000000
-29.0234000000000	-25.9833000000000	-25.6780000000000
-32.9657000000000	-32.7293000000000	-28.6498000000000
-32.9657000000000	-29.0234000000000	-28.6498000000000
-37.4773000000000	-37.4283000000000	-32.7293000000000
-37.4773000000000	-32.9657000000000	-32.7293000000000
-41.9987000000000	-41.6393000000000	-37.4283000000000
-41.9987000000000	-37.4773000000000	-37.4283000000000
-46.0830000000000	-45.9414000000000	-41.6393000000000
-46.0830000000000	-41.9987000000000	-41.6393000000000
-49.9506000000000	-49.9441000000000	-45.9414000000000
-49.9506000000000	-46.0830000000000	-45.9414000000000
-54.5023000000000	-54.4585000000000	-49.9441000000000
-54.4585000000000	-49.9506000000000	-49.9441000000000
-59.3040000000000	-59.2953000000000	-54.5023000000000
-59.2953000000000	-54.5023000000000	-54.4585000000000
-63.9217000000000	-63.8696000000000	-59.3040000000000
-63.9217000000000	-59.3040000000000	-59.2953000000000
-69.1653000000000	-68.7721000000000	-63.8696000000000
-68.7721000000000	-63.9217000000000	-63.8696000000000
-74.1284000000000	-73.9409000000000	-69.1653000000000
-73.9409000000000	-69.1653000000000	-68.7721000000000
-78.6166000000000	-78.3667000000000	-74.1284000000000
-78.3667000000000	-74.1284000000000	-73.9409000000000
-83.1369000000000	-82.9212000000000	-78.6166000000000
-82.9212000000000	-78.6166000000000	-78.3667000000000
-87.9537000000000	-87.9441000000000	-83.1369000000000
-87.9441000000000	-83.1369000000000	-82.9212000000000
-6.18229000000000	-5.84189000000000	-5.00076000000000
-6.18229000000000	-5.12036000000000	-5.00076000000000
-7.94193000000000	-7.54807000000000	-5.84189000000000
-7.94193000000000	-6.18229000000000	-5.84189000000000
-9.94557000000000	-9.57571000000000	-7.54807000000000
-9.94557000000000	-7.94193000000000	-7.54807000000000
-12.1937000000000	-11.6637000000000	-9.57571000000000
-12.1937000000000	-9.94557000000000	-9.57571000000000
-14.6382000000000	-14.1668000000000	-11.6637000000000
-14.6382000000000	-12.1937000000000	-11.6637000000000
-17.2304000000000	-16.7384000000000	-14.1668000000000
-17.2304000000000	-14.6382000000000	-14.1668000000000
-19.9209000000000	-19.4948000000000	-16.7384000000000
-19.9209000000000	-17.2304000000000	-16.7384000000000
-22.7389000000000	-22.2716000000000	-19.4948000000000
-22.7389000000000	-19.9209000000000	-19.4948000000000
-25.6780000000000	-25.2778000000000	-22.2716000000000
-25.6780000000000	-22.7389000000000	-22.2716000000000
-28.6498000000000	-28.2254000000000	-25.2778000000000
-28.6498000000000	-25.6780000000000	-25.2778000000000
-32.7293000000000	-32.2395000000000	-28.2254000000000
-32.7293000000000	-28.6498000000000	-28.2254000000000
-37.4283000000000	-37.0793000000000	-32.2395000000000
-37.4283000000000	-32.7293000000000	-32.2395000000000
-41.6393000000000	-41.4061000000000	-37.0793000000000
-41.6393000000000	-37.4283000000000	-37.0793000000000
-45.9414000000000	-45.9092000000000	-41.4061000000000
-45.9414000000000	-41.6393000000000	-41.4061000000000
-49.9989000000000	-49.9441000000000	-45.9092000000000
-49.9441000000000	-45.9414000000000	-45.9092000000000
-54.6844000000000	-54.5023000000000	-49.9989000000000
-54.5023000000000	-49.9989000000000	-49.9441000000000
-59.3360000000000	-59.3040000000000	-54.6844000000000
-59.3040000000000	-54.6844000000000	-54.5023000000000
-63.8696000000000	-63.8678000000000	-59.3360000000000
-63.8696000000000	-59.3360000000000	-59.3040000000000
-69.1653000000000	-68.8547000000000	-63.8678000000000
-69.1653000000000	-63.8696000000000	-63.8678000000000
-74.1284000000000	-73.9975000000000	-68.8547000000000
-74.1284000000000	-69.1653000000000	-68.8547000000000
-78.6166000000000	-78.5520000000000	-73.9975000000000
-78.6166000000000	-74.1284000000000	-73.9975000000000
-83.1369000000000	-83.1320000000000	-78.5520000000000
-83.1369000000000	-78.6166000000000	-78.5520000000000
-87.9537000000000	-87.9505000000000	-83.1320000000000
-87.9537000000000	-83.1369000000000	-83.1320000000000
-5.84189000000000	-5.53610000000000	-4.93037000000000
-5.84189000000000	-5.00076000000000	-4.93037000000000
-7.54807000000000	-7.12357000000000	-5.53610000000000
-7.54807000000000	-5.84189000000000	-5.53610000000000
-9.57571000000000	-9.19156000000000	-7.12357000000000
-9.57571000000000	-7.54807000000000	-7.12357000000000
-11.6637000000000	-11.2083000000000	-9.19156000000000
-11.6637000000000	-9.57571000000000	-9.19156000000000
-14.1668000000000	-13.6546000000000	-11.2083000000000
-14.1668000000000	-11.6637000000000	-11.2083000000000
-16.7384000000000	-16.2028000000000	-13.6546000000000
-16.7384000000000	-14.1668000000000	-13.6546000000000
-19.4948000000000	-18.9684000000000	-16.2028000000000
-19.4948000000000	-16.7384000000000	-16.2028000000000
-22.2716000000000	-21.6829000000000	-18.9684000000000
-22.2716000000000	-19.4948000000000	-18.9684000000000
-25.2778000000000	-24.8815000000000	-21.6829000000000
-25.2778000000000	-22.2716000000000	-21.6829000000000
-28.2254000000000	-27.9773000000000	-24.8815000000000
-28.2254000000000	-25.2778000000000	-24.8815000000000
-32.2395000000000	-31.8120000000000	-27.9773000000000
-32.2395000000000	-28.2254000000000	-27.9773000000000
-37.0793000000000	-36.5744000000000	-31.8120000000000
-37.0793000000000	-32.2395000000000	-31.8120000000000
-41.4061000000000	-41.2521000000000	-36.5744000000000
-41.4061000000000	-37.0793000000000	-36.5744000000000
-45.9476000000000	-45.9092000000000	-41.2521000000000
-45.9092000000000	-41.4061000000000	-41.2521000000000
-50.1016000000000	-49.9989000000000	-45.9476000000000
-49.9989000000000	-45.9476000000000	-45.9092000000000
-54.9863000000000	-54.6844000000000	-50.1016000000000
-54.6844000000000	-50.1016000000000	-49.9989000000000
-59.3825000000000	-59.3360000000000	-54.9863000000000
-59.3360000000000	-54.9863000000000	-54.6844000000000
-63.8678000000000	-63.8397000000000	-59.3825000000000
-63.8678000000000	-59.3825000000000	-59.3360000000000
-68.8547000000000	-68.7772000000000	-63.8397000000000
-68.8547000000000	-63.8678000000000	-63.8397000000000
-73.9975000000000	-73.9893000000000	-68.7772000000000
-73.9975000000000	-68.8547000000000	-68.7772000000000
-78.5671000000000	-78.5520000000000	-73.9893000000000
-78.5520000000000	-73.9975000000000	-73.9893000000000
-83.1365000000000	-83.1320000000000	-78.5671000000000
-83.1320000000000	-78.5671000000000	-78.5520000000000
-87.9515000000000	-87.9505000000000	-83.1365000000000
-87.9505000000000	-83.1365000000000	-83.1320000000000
-5.53610000000000	-5.28872000000000	-4.81130000000000
-5.53610000000000	-4.93037000000000	-4.81130000000000
-7.12357000000000	-6.71704000000000	-5.28872000000000
-7.12357000000000	-5.53610000000000	-5.28872000000000
-9.19156000000000	-8.73748000000000	-6.71704000000000
-9.19156000000000	-7.12357000000000	-6.71704000000000
-11.2083000000000	-10.7370000000000	-8.73748000000000
-11.2083000000000	-9.19156000000000	-8.73748000000000
-13.6546000000000	-13.0535000000000	-10.7370000000000
-13.6546000000000	-11.2083000000000	-10.7370000000000
-16.2028000000000	-15.5027000000000	-13.0535000000000
-16.2028000000000	-13.6546000000000	-13.0535000000000
-18.9684000000000	-18.3534000000000	-15.5027000000000
-18.9684000000000	-16.2028000000000	-15.5027000000000
-21.6829000000000	-21.1057000000000	-18.3534000000000
-21.6829000000000	-18.9684000000000	-18.3534000000000
-24.8815000000000	-24.1844000000000	-21.1057000000000
-24.8815000000000	-21.6829000000000	-21.1057000000000
-27.9773000000000	-27.4753000000000	-24.1844000000000
-27.9773000000000	-24.8815000000000	-24.1844000000000
-31.8120000000000	-31.3433000000000	-27.4753000000000
-31.8120000000000	-27.9773000000000	-27.4753000000000
-36.5744000000000	-36.2112000000000	-31.3433000000000
-36.5744000000000	-31.8120000000000	-31.3433000000000
-41.2521000000000	-41.1290000000000	-36.2112000000000
-41.2521000000000	-36.5744000000000	-36.2112000000000
-45.9476000000000	-45.7656000000000	-41.1290000000000
-45.9476000000000	-41.2521000000000	-41.1290000000000
-50.3750000000000	-50.1016000000000	-45.7656000000000
-50.1016000000000	-45.9476000000000	-45.7656000000000
-55.2344000000000	-54.9863000000000	-50.3750000000000
-54.9863000000000	-50.3750000000000	-50.1016000000000
-59.4136000000000	-59.3825000000000	-55.2344000000000
-59.3825000000000	-55.2344000000000	-54.9863000000000
-63.8397000000000	-63.8100000000000	-59.4136000000000
-63.8397000000000	-59.4136000000000	-59.3825000000000
-69.1393000000000	-68.7772000000000	-63.8100000000000
-68.7772000000000	-63.8397000000000	-63.8100000000000
-74.1230000000000	-73.9893000000000	-69.1393000000000
-73.9893000000000	-69.1393000000000	-68.7772000000000
-78.5671000000000	-78.5671000000000	-74.1230000000000
-78.5671000000000	-74.1230000000000	-73.9893000000000
-83.1365000000000	-83.1351000000000	-78.5671000000000
-83.1365000000000	-78.5671000000000	-78.5671000000000
-87.9515000000000	-87.9388000000000	-83.1351000000000
-87.9515000000000	-83.1365000000000	-83.1351000000000
-5.28872000000000	-5.10421000000000	-4.81130000000000
-6.71704000000000	-6.37409000000000	-5.10421000000000
-6.71704000000000	-5.28872000000000	-5.10421000000000
-8.73748000000000	-8.34649000000000	-6.37409000000000
-8.73748000000000	-6.71704000000000	-6.37409000000000
-10.7370000000000	-10.2672000000000	-8.34649000000000
-10.7370000000000	-8.73748000000000	-8.34649000000000
-13.0535000000000	-12.4319000000000	-10.2672000000000
-13.0535000000000	-10.7370000000000	-10.2672000000000
-15.5027000000000	-14.8592000000000	-12.4319000000000
-15.5027000000000	-13.0535000000000	-12.4319000000000
-18.3534000000000	-17.5048000000000	-14.8592000000000
-18.3534000000000	-15.5027000000000	-14.8592000000000
-21.1057000000000	-20.4022000000000	-17.5048000000000
-21.1057000000000	-18.3534000000000	-17.5048000000000
-24.1844000000000	-23.5009000000000	-20.4022000000000
-24.1844000000000	-21.1057000000000	-20.4022000000000
-27.4753000000000	-26.7917000000000	-23.5009000000000
-27.4753000000000	-24.1844000000000	-23.5009000000000
-31.3433000000000	-31.1517000000000	-26.7917000000000
-31.3433000000000	-27.4753000000000	-26.7917000000000
-36.2112000000000	-36.1036000000000	-31.1517000000000
-36.2112000000000	-31.3433000000000	-31.1517000000000
-41.1290000000000	-40.9419000000000	-36.1036000000000
-41.1290000000000	-36.2112000000000	-36.1036000000000
-45.7656000000000	-45.6733000000000	-40.9419000000000
-45.7656000000000	-41.1290000000000	-40.9419000000000
-50.6931000000000	-50.3750000000000	-45.6733000000000
-50.3750000000000	-45.7656000000000	-45.6733000000000
-55.2660000000000	-55.2344000000000	-50.6931000000000
-55.2344000000000	-50.6931000000000	-50.3750000000000
-59.4136000000000	-59.4113000000000	-55.2660000000000
-59.4136000000000	-55.2660000000000	-55.2344000000000
-63.8808000000000	-63.8100000000000	-59.4113000000000
-63.8100000000000	-59.4136000000000	-59.4113000000000
-69.1393000000000	-68.7848000000000	-63.8808000000000
-69.1393000000000	-63.8808000000000	-63.8100000000000
-74.1230000000000	-73.9142000000000	-68.7848000000000
-74.1230000000000	-69.1393000000000	-68.7848000000000
-78.5671000000000	-78.5406000000000	-73.9142000000000
-78.5671000000000	-74.1230000000000	-73.9142000000000
-83.1414000000000	-83.1351000000000	-78.5406000000000
-83.1351000000000	-78.5671000000000	-78.5406000000000
-88.0824000000000	-87.9388000000000	-83.1414000000000
-87.9388000000000	-83.1414000000000	-83.1351000000000
-6.37409000000000	-6.14263000000000	-4.99919000000000
-6.37409000000000	-5.10421000000000	-4.99919000000000
-8.34649000000000	-7.97279000000000	-6.14263000000000
-8.34649000000000	-6.37409000000000	-6.14263000000000
-10.2672000000000	-9.89896000000000	-7.97279000000000
-10.2672000000000	-8.34649000000000	-7.97279000000000
-12.4319000000000	-11.9522000000000	-9.89896000000000
-12.4319000000000	-10.2672000000000	-9.89896000000000
-14.8592000000000	-14.2048000000000	-11.9522000000000
-14.8592000000000	-12.4319000000000	-11.9522000000000
-17.5048000000000	-16.5954000000000	-14.2048000000000
-17.5048000000000	-14.8592000000000	-14.2048000000000
-20.4022000000000	-19.4411000000000	-16.5954000000000
-20.4022000000000	-17.5048000000000	-16.5954000000000
-23.5009000000000	-22.5121000000000	-19.4411000000000
-23.5009000000000	-20.4022000000000	-19.4411000000000
-26.7917000000000	-26.0046000000000	-22.5121000000000
-26.7917000000000	-23.5009000000000	-22.5121000000000
-31.1517000000000	-30.4870000000000	-26.0046000000000
-31.1517000000000	-26.7917000000000	-26.0046000000000
-36.1036000000000	-35.5980000000000	-30.4870000000000
-36.1036000000000	-31.1517000000000	-30.4870000000000
-40.9419000000000	-40.6289000000000	-35.5980000000000
-40.9419000000000	-36.1036000000000	-35.5980000000000
-45.6733000000000	-45.4986000000000	-40.6289000000000
-45.6733000000000	-40.9419000000000	-40.6289000000000
-50.6931000000000	-50.1612000000000	-45.4986000000000
-50.6931000000000	-45.6733000000000	-45.4986000000000
-55.2660000000000	-55.0293000000000	-50.1612000000000
-55.2660000000000	-50.6931000000000	-50.1612000000000
-59.4113000000000	-59.3909000000000	-55.0293000000000
-59.4113000000000	-55.2660000000000	-55.0293000000000
-63.9367000000000	-63.8808000000000	-59.3909000000000
-63.8808000000000	-59.4113000000000	-59.3909000000000
-68.8024000000000	-68.7848000000000	-63.9367000000000
-68.7848000000000	-63.9367000000000	-63.8808000000000
-73.9142000000000	-73.8853000000000	-68.8024000000000
-73.9142000000000	-68.8024000000000	-68.7848000000000
-78.6036000000000	-78.5406000000000	-73.8853000000000
-78.5406000000000	-73.9142000000000	-73.8853000000000
-83.2241000000000	-83.1414000000000	-78.6036000000000
-83.1414000000000	-78.6036000000000	-78.5406000000000
-88.2706000000000	-88.0824000000000	-83.2241000000000
-88.0824000000000	-83.2241000000000	-83.1414000000000
-6.14263000000000	-6.00480000000000	-4.87486000000000
-6.14263000000000	-4.99919000000000	-4.87486000000000
-7.97279000000000	-7.72524000000000	-6.00480000000000
-7.97279000000000	-6.14263000000000	-6.00480000000000
-9.89896000000000	-9.50889000000000	-7.72524000000000
-9.89896000000000	-7.97279000000000	-7.72524000000000
-11.9522000000000	-11.6226000000000	-9.50889000000000
-11.9522000000000	-9.89896000000000	-9.50889000000000
-14.2048000000000	-13.8175000000000	-11.6226000000000
-14.2048000000000	-11.9522000000000	-11.6226000000000
-16.5954000000000	-16.0347000000000	-13.8175000000000
-16.5954000000000	-14.2048000000000	-13.8175000000000
-19.4411000000000	-18.5453000000000	-16.0347000000000
-19.4411000000000	-16.5954000000000	-16.0347000000000
-22.5121000000000	-21.3430000000000	-18.5453000000000
-22.5121000000000	-19.4411000000000	-18.5453000000000
-26.0046000000000	-25.0011000000000	-21.3430000000000
-26.0046000000000	-22.5121000000000	-21.3430000000000
-30.4870000000000	-29.5532000000000	-25.0011000000000
-30.4870000000000	-26.0046000000000	-25.0011000000000
-35.5980000000000	-34.6771000000000	-29.5532000000000
-35.5980000000000	-30.4870000000000	-29.5532000000000
-40.6289000000000	-39.9077000000000	-34.6771000000000
-40.6289000000000	-35.5980000000000	-34.6771000000000
-45.4986000000000	-44.5369000000000	-39.9077000000000
-45.4986000000000	-40.6289000000000	-39.9077000000000
-50.1612000000000	-49.7431000000000	-44.5369000000000
-50.1612000000000	-45.4986000000000	-44.5369000000000
-55.0293000000000	-54.6507000000000	-49.7431000000000
-55.0293000000000	-50.1612000000000	-49.7431000000000
-59.3909000000000	-59.3615000000000	-54.6507000000000
-59.3909000000000	-55.0293000000000	-54.6507000000000
-63.9991000000000	-63.9367000000000	-59.3615000000000
-63.9367000000000	-59.3909000000000	-59.3615000000000
-68.8327000000000	-68.8024000000000	-63.9991000000000
-68.8024000000000	-63.9991000000000	-63.9367000000000
-73.9727000000000	-73.8853000000000	-68.8327000000000
-73.8853000000000	-68.8327000000000	-68.8024000000000
-78.8046000000000	-78.6036000000000	-73.9727000000000
-78.6036000000000	-73.9727000000000	-73.8853000000000
-83.4337000000000	-83.2241000000000	-78.8046000000000
-83.2241000000000	-78.8046000000000	-78.6036000000000
-88.3853000000000	-88.2706000000000	-83.4337000000000
-88.2706000000000	-83.4337000000000	-83.2241000000000
-6.17427000000000	-6.00480000000000	-4.75053000000000
-6.00480000000000	-4.87486000000000	-4.75053000000000
-7.87896000000000	-7.72524000000000	-6.17427000000000
-7.72524000000000	-6.17427000000000	-6.00480000000000
-9.57035000000000	-9.50889000000000	-7.87896000000000
-9.50889000000000	-7.87896000000000	-7.72524000000000
-11.8025000000000	-11.6226000000000	-9.57035000000000
-11.6226000000000	-9.57035000000000	-9.50889000000000
-14.1169000000000	-13.8175000000000	-11.8025000000000
-13.8175000000000	-11.8025000000000	-11.6226000000000
-16.0347000000000	-15.9611000000000	-14.1169000000000
-16.0347000000000	-14.1169000000000	-13.8175000000000
-18.5453000000000	-17.9209000000000	-15.9611000000000
-18.5453000000000	-16.0347000000000	-15.9611000000000
-21.3430000000000	-20.0962000000000	-17.9209000000000
-21.3430000000000	-18.5453000000000	-17.9209000000000
-25.0011000000000	-23.4947000000000	-20.0962000000000
-25.0011000000000	-21.3430000000000	-20.0962000000000
-29.5532000000000	-27.8420000000000	-23.4947000000000
-29.5532000000000	-25.0011000000000	-23.4947000000000
-34.6771000000000	-32.6177000000000	-27.8420000000000
-34.6771000000000	-29.5532000000000	-27.8420000000000
-39.9077000000000	-37.8785000000000	-32.6177000000000
-39.9077000000000	-34.6771000000000	-32.6177000000000
-44.5369000000000	-42.7409000000000	-37.8785000000000
-44.5369000000000	-39.9077000000000	-37.8785000000000
-49.7431000000000	-48.1070000000000	-42.7409000000000
-49.7431000000000	-44.5369000000000	-42.7409000000000
-54.6507000000000	-53.7292000000000	-48.1070000000000
-54.6507000000000	-49.7431000000000	-48.1070000000000
-59.3615000000000	-58.9192000000000	-53.7292000000000
-59.3615000000000	-54.6507000000000	-53.7292000000000
-63.9991000000000	-63.8013000000000	-58.9192000000000
-63.9991000000000	-59.3615000000000	-58.9192000000000
-68.8814000000000	-68.8327000000000	-63.8013000000000
-68.8327000000000	-63.9991000000000	-63.8013000000000
-74.1113000000000	-73.9727000000000	-68.8814000000000
-73.9727000000000	-68.8814000000000	-68.8327000000000
-78.9374000000000	-78.8046000000000	-74.1113000000000
-78.8046000000000	-74.1113000000000	-73.9727000000000
-83.6546000000000	-83.4337000000000	-78.9374000000000
-83.4337000000000	-78.9374000000000	-78.8046000000000
-88.4768000000000	-88.3853000000000	-83.6546000000000
-88.3853000000000	-83.6546000000000	-83.4337000000000
-6.24969000000000	-6.17427000000000	-4.74291000000000
-6.17427000000000	-4.75053000000000	-4.74291000000000
-8.16341000000000	-7.87896000000000	-6.24969000000000
-7.87896000000000	-6.24969000000000	-6.17427000000000
-9.92101000000000	-9.57035000000000	-8.16341000000000
-9.57035000000000	-8.16341000000000	-7.87896000000000
-12.4751000000000	-11.8025000000000	-9.92101000000000
-11.8025000000000	-9.92101000000000	-9.57035000000000
-14.7281000000000	-14.1169000000000	-12.4751000000000
-14.1169000000000	-12.4751000000000	-11.8025000000000
-16.1449000000000	-15.9611000000000	-14.7281000000000
-15.9611000000000	-14.7281000000000	-14.1169000000000
-17.9209000000000	-17.6007000000000	-16.1449000000000
-17.9209000000000	-16.1449000000000	-15.9611000000000
-20.0962000000000	-19.1288000000000	-17.6007000000000
-20.0962000000000	-17.9209000000000	-17.6007000000000
-23.4947000000000	-21.3602000000000	-19.1288000000000
-23.4947000000000	-20.0962000000000	-19.1288000000000
-27.8420000000000	-24.9063000000000	-21.3602000000000
-27.8420000000000	-23.4947000000000	-21.3602000000000
-32.6177000000000	-29.2462000000000	-24.9063000000000
-32.6177000000000	-27.8420000000000	-24.9063000000000
-37.8785000000000	-34.4034000000000	-29.2462000000000
-37.8785000000000	-32.6177000000000	-29.2462000000000
-42.7409000000000	-39.5861000000000	-34.4034000000000
-42.7409000000000	-37.8785000000000	-34.4034000000000
-48.1070000000000	-45.6070000000000	-39.5861000000000
-48.1070000000000	-42.7409000000000	-39.5861000000000
-53.7292000000000	-52.2239000000000	-45.6070000000000
-53.7292000000000	-48.1070000000000	-45.6070000000000
-58.9192000000000	-57.9308000000000	-52.2239000000000
-58.9192000000000	-53.7292000000000	-52.2239000000000
-63.8013000000000	-63.3696000000000	-57.9308000000000
-63.8013000000000	-58.9192000000000	-57.9308000000000
-69.0974000000000	-68.8814000000000	-63.3696000000000
-68.8814000000000	-63.8013000000000	-63.3696000000000
-74.2359000000000	-74.1113000000000	-69.0974000000000
-74.1113000000000	-69.0974000000000	-68.8814000000000
-78.9374000000000	-78.8983000000000	-74.2359000000000
-78.9374000000000	-74.2359000000000	-74.1113000000000
-83.7967000000000	-83.6546000000000	-78.8983000000000
-83.6546000000000	-78.9374000000000	-78.8983000000000
-88.6735000000000	-88.4768000000000	-83.7967000000000
-88.4768000000000	-83.7967000000000	-83.6546000000000
-6.69899000000000	-6.24969000000000	-4.81603000000000
-6.24969000000000	-4.81603000000000	-4.74291000000000
-9.02380000000000	-8.16341000000000	-6.69899000000000
-8.16341000000000	-6.69899000000000	-6.24969000000000
-11.1892000000000	-9.92101000000000	-9.02380000000000
-9.92101000000000	-9.02380000000000	-8.16341000000000
-13.6759000000000	-12.4751000000000	-11.1892000000000
-12.4751000000000	-11.1892000000000	-9.92101000000000
-15.4199000000000	-14.7281000000000	-13.6759000000000
-14.7281000000000	-13.6759000000000	-12.4751000000000
-16.4395000000000	-16.1449000000000	-15.4199000000000
-16.1449000000000	-15.4199000000000	-14.7281000000000
-17.6007000000000	-17.5663000000000	-16.4395000000000
-17.6007000000000	-16.4395000000000	-16.1449000000000
-19.1288000000000	-18.7715000000000	-17.5663000000000
-19.1288000000000	-17.6007000000000	-17.5663000000000
-21.3602000000000	-20.1746000000000	-18.7715000000000
-21.3602000000000	-19.1288000000000	-18.7715000000000
-24.9063000000000	-22.9630000000000	-20.1746000000000
-24.9063000000000	-21.3602000000000	-20.1746000000000
-29.2462000000000	-25.8361000000000	-22.9630000000000
-29.2462000000000	-24.9063000000000	-22.9630000000000
-34.4034000000000	-31.2881000000000	-25.8361000000000
-34.4034000000000	-29.2462000000000	-25.8361000000000
-39.5861000000000	-36.6268000000000	-31.2881000000000
-39.5861000000000	-34.4034000000000	-31.2881000000000
-45.6070000000000	-42.4546000000000	-36.6268000000000
-45.6070000000000	-39.5861000000000	-36.6268000000000
-52.2239000000000	-50.0387000000000	-42.4546000000000
-52.2239000000000	-45.6070000000000	-42.4546000000000
-57.9308000000000	-56.9245000000000	-50.0387000000000
-57.9308000000000	-52.2239000000000	-50.0387000000000
-63.3696000000000	-62.9710000000000	-56.9245000000000
-63.3696000000000	-57.9308000000000	-56.9245000000000
-69.0974000000000	-68.9911000000000	-62.9710000000000
-69.0974000000000	-63.3696000000000	-62.9710000000000
-74.2485000000000	-74.2359000000000	-68.9911000000000
-74.2359000000000	-69.0974000000000	-68.9911000000000
-78.9077000000000	-78.8983000000000	-74.2485000000000
-78.8983000000000	-74.2485000000000	-74.2359000000000
-83.8614000000000	-83.7967000000000	-78.9077000000000
-83.7967000000000	-78.9077000000000	-78.8983000000000
-88.8482000000000	-88.6735000000000	-83.8614000000000
-88.6735000000000	-83.8614000000000	-83.7967000000000
-6.69899000000000	-6.36418000000000	-4.53327000000000
-6.69899000000000	-4.81603000000000	-4.53327000000000
-9.57545000000000	-9.02380000000000	-6.36418000000000
-9.02380000000000	-6.69899000000000	-6.36418000000000
-12.4803000000000	-11.1892000000000	-9.57545000000000
-11.1892000000000	-9.57545000000000	-9.02380000000000
-14.8184000000000	-13.6759000000000	-12.4803000000000
-13.6759000000000	-12.4803000000000	-11.1892000000000
-16.5112000000000	-15.4199000000000	-14.8184000000000
-15.4199000000000	-14.8184000000000	-13.6759000000000
-17.4433000000000	-16.5112000000000	-16.4395000000000
-16.5112000000000	-16.4395000000000	-15.4199000000000
-18.1147000000000	-17.5663000000000	-17.4433000000000
-17.5663000000000	-17.4433000000000	-16.4395000000000
-18.9697000000000	-18.7715000000000	-18.1147000000000
-18.7715000000000	-18.1147000000000	-17.5663000000000
-20.1746000000000	-20.0490000000000	-18.9697000000000
-20.1746000000000	-18.9697000000000	-18.7715000000000
-22.9630000000000	-22.3408000000000	-20.0490000000000
-22.9630000000000	-20.1746000000000	-20.0490000000000
-25.8361000000000	-24.6553000000000	-22.3408000000000
-25.8361000000000	-22.9630000000000	-22.3408000000000
-31.2881000000000	-29.3566000000000	-24.6553000000000
-31.2881000000000	-25.8361000000000	-24.6553000000000
-36.6268000000000	-34.6364000000000	-29.3566000000000
-36.6268000000000	-31.2881000000000	-29.3566000000000
-42.4546000000000	-40.3523000000000	-34.6364000000000
-42.4546000000000	-36.6268000000000	-34.6364000000000
-50.0387000000000	-48.5063000000000	-40.3523000000000
-50.0387000000000	-42.4546000000000	-40.3523000000000
-56.9245000000000	-55.9161000000000	-48.5063000000000
-56.9245000000000	-50.0387000000000	-48.5063000000000
-62.9710000000000	-62.5418000000000	-55.9161000000000
-62.9710000000000	-56.9245000000000	-55.9161000000000
-68.9911000000000	-68.8905000000000	-62.5418000000000
-68.9911000000000	-62.9710000000000	-62.5418000000000
-74.2485000000000	-74.2379000000000	-68.8905000000000
-74.2485000000000	-68.9911000000000	-68.8905000000000
-79.1618000000000	-78.9077000000000	-74.2379000000000
-78.9077000000000	-74.2485000000000	-74.2379000000000
-83.9309000000000	-83.8614000000000	-79.1618000000000
-83.8614000000000	-79.1618000000000	-78.9077000000000
-89.1762000000000	-88.8482000000000	-83.9309000000000
-88.8482000000000	-83.9309000000000	-83.8614000000000
-6.36418000000000	-6.22575000000000	-4.53327000000000
-10.1066000000000	-9.57545000000000	-6.22575000000000
-9.57545000000000	-6.36418000000000	-6.22575000000000
-13.7247000000000	-12.4803000000000	-10.1066000000000
-12.4803000000000	-10.1066000000000	-9.57545000000000
-16.2694000000000	-14.8184000000000	-13.7247000000000
-14.8184000000000	-13.7247000000000	-12.4803000000000
-17.9050000000000	-16.5112000000000	-16.2694000000000
-16.5112000000000	-16.2694000000000	-14.8184000000000
-18.7132000000000	-17.9050000000000	-17.4433000000000
-17.9050000000000	-17.4433000000000	-16.5112000000000
-19.1778000000000	-18.7132000000000	-18.1147000000000
-18.7132000000000	-18.1147000000000	-17.4433000000000
-19.6858000000000	-19.1778000000000	-18.9697000000000
-19.1778000000000	-18.9697000000000	-18.1147000000000
-20.7757000000000	-20.0490000000000	-19.6858000000000
-20.0490000000000	-19.6858000000000	-18.9697000000000
-22.6185000000000	-22.3408000000000	-20.7757000000000
-22.3408000000000	-20.7757000000000	-20.0490000000000
-24.6677000000000	-24.6553000000000	-22.6185000000000
-24.6553000000000	-22.6185000000000	-22.3408000000000
-29.3566000000000	-28.7299000000000	-24.6677000000000
-29.3566000000000	-24.6677000000000	-24.6553000000000
-34.6364000000000	-34.0152000000000	-28.7299000000000
-34.6364000000000	-29.3566000000000	-28.7299000000000
-40.3523000000000	-39.4662000000000	-34.0152000000000
-40.3523000000000	-34.6364000000000	-34.0152000000000
-48.5063000000000	-47.3617000000000	-39.4662000000000
-48.5063000000000	-40.3523000000000	-39.4662000000000
-55.9161000000000	-55.0385000000000	-47.3617000000000
-55.9161000000000	-48.5063000000000	-47.3617000000000
-62.5418000000000	-62.2507000000000	-55.0385000000000
-62.5418000000000	-55.9161000000000	-55.0385000000000
-68.8905000000000	-68.8021000000000	-62.2507000000000
-68.8905000000000	-62.5418000000000	-62.2507000000000
-74.2484000000000	-74.2379000000000	-68.8021000000000
-74.2379000000000	-68.8905000000000	-68.8021000000000
-79.1618000000000	-79.0638000000000	-74.2484000000000
-79.1618000000000	-74.2484000000000	-74.2379000000000
-83.9309000000000	-83.9126000000000	-79.0638000000000
-83.9309000000000	-79.1618000000000	-79.0638000000000
-89.2156000000000	-89.1762000000000	-83.9126000000000
-89.1762000000000	-83.9309000000000	-83.9126000000000
-10.9379000000000	-10.1066000000000	-6.77155000000000
-10.1066000000000	-6.77155000000000	-6.22575000000000
-15.1780000000000	-13.7247000000000	-10.9379000000000
-13.7247000000000	-10.9379000000000	-10.1066000000000
-17.9208000000000	-16.2694000000000	-15.1780000000000
-16.2694000000000	-15.1780000000000	-13.7247000000000
-19.3757000000000	-17.9208000000000	-17.9050000000000
-17.9208000000000	-17.9050000000000	-16.2694000000000
-19.9070000000000	-19.3757000000000	-18.7132000000000
-19.3757000000000	-18.7132000000000	-17.9050000000000
-20.2206000000000	-19.9070000000000	-19.1778000000000
-19.9070000000000	-19.1778000000000	-18.7132000000000
-20.7571000000000	-20.2206000000000	-19.6858000000000
-20.2206000000000	-19.6858000000000	-19.1778000000000
-22.0170000000000	-20.7757000000000	-20.7571000000000
-20.7757000000000	-20.7571000000000	-19.6858000000000
-23.6690000000000	-22.6185000000000	-22.0170000000000
-22.6185000000000	-22.0170000000000	-20.7757000000000
-25.4618000000000	-24.6677000000000	-23.6690000000000
-24.6677000000000	-23.6690000000000	-22.6185000000000
-29.0588000000000	-28.7299000000000	-25.4618000000000
-28.7299000000000	-25.4618000000000	-24.6677000000000
-34.3858000000000	-34.0152000000000	-29.0588000000000
-34.0152000000000	-29.0588000000000	-28.7299000000000
-39.9669000000000	-39.4662000000000	-34.3858000000000
-39.4662000000000	-34.3858000000000	-34.0152000000000
-47.4973000000000	-47.3617000000000	-39.9669000000000
-47.3617000000000	-39.9669000000000	-39.4662000000000
-55.0385000000000	-55.0120000000000	-47.4973000000000
-55.0385000000000	-47.4973000000000	-47.3617000000000
-62.2682000000000	-62.2507000000000	-55.0120000000000
-62.2507000000000	-55.0385000000000	-55.0120000000000
-68.8371000000000	-68.8021000000000	-62.2682000000000
-68.8021000000000	-62.2682000000000	-62.2507000000000
-74.2886000000000	-74.2484000000000	-68.8371000000000
-74.2484000000000	-68.8371000000000	-68.8021000000000
-79.0638000000000	-78.9546000000000	-74.2886000000000
-79.0638000000000	-74.2886000000000	-74.2484000000000
-83.9628000000000	-83.9126000000000	-78.9546000000000
-83.9126000000000	-79.0638000000000	-78.9546000000000
-89.2542000000000	-89.2156000000000	-83.9628000000000
-89.2156000000000	-83.9628000000000	-83.9126000000000
-12.0340000000000	-10.9379000000000	-6.77155000000000
-16.0570000000000	-15.1780000000000	-12.0340000000000
-15.1780000000000	-12.0340000000000	-10.9379000000000
-19.4811000000000	-17.9208000000000	-16.0570000000000
-17.9208000000000	-16.0570000000000	-15.1780000000000
-20.5974000000000	-19.4811000000000	-19.3757000000000
-19.4811000000000	-19.3757000000000	-17.9208000000000
-21.1721000000000	-20.5974000000000	-19.9070000000000
-20.5974000000000	-19.9070000000000	-19.3757000000000
-21.5408000000000	-21.1721000000000	-20.2206000000000
-21.1721000000000	-20.2206000000000	-19.9070000000000
-22.1571000000000	-21.5408000000000	-20.7571000000000
-21.5408000000000	-20.7571000000000	-20.2206000000000
-23.3793000000000	-22.1571000000000	-22.0170000000000
-22.1571000000000	-22.0170000000000	-20.7571000000000
-24.7913000000000	-23.6690000000000	-23.3793000000000
-23.6690000000000	-23.3793000000000	-22.0170000000000
-26.9024000000000	-25.4618000000000	-24.7913000000000
-25.4618000000000	-24.7913000000000	-23.6690000000000
-30.4851000000000	-29.0588000000000	-26.9024000000000
-29.0588000000000	-26.9024000000000	-25.4618000000000
-35.8233000000000	-34.3858000000000	-30.4851000000000
-34.3858000000000	-30.4851000000000	-29.0588000000000
-41.2612000000000	-39.9669000000000	-35.8233000000000
-39.9669000000000	-35.8233000000000	-34.3858000000000
-48.4522000000000	-47.4973000000000	-41.2612000000000
-47.4973000000000	-41.2612000000000	-39.9669000000000
-55.8317000000000	-55.0120000000000	-48.4522000000000
-55.0120000000000	-48.4522000000000	-47.4973000000000
-62.8074000000000	-62.2682000000000	-55.8317000000000
-62.2682000000000	-55.8317000000000	-55.0120000000000
-69.1480000000000	-68.8371000000000	-62.8074000000000
-68.8371000000000	-62.8074000000000	-62.2682000000000
-74.4898000000000	-74.2886000000000	-69.1480000000000
-74.2886000000000	-69.1480000000000	-68.8371000000000
-79.3336000000000	-78.9546000000000	-74.4898000000000
-78.9546000000000	-74.4898000000000	-74.2886000000000
-84.3426000000000	-83.9628000000000	-79.3336000000000
-83.9628000000000	-79.3336000000000	-78.9546000000000
-89.3178000000000	-89.2542000000000	-84.3426000000000
-89.2542000000000	-84.3426000000000	-83.9628000000000
-22.2221000000000	-21.1721000000000	-20.5974000000000
-22.9655000000000	-22.2221000000000	-21.5408000000000
-22.2221000000000	-21.5408000000000	-21.1721000000000
-23.6864000000000	-22.9655000000000	-22.1571000000000
-22.9655000000000	-22.1571000000000	-21.5408000000000
-24.8124000000000	-23.6864000000000	-23.3793000000000
-23.6864000000000	-23.3793000000000	-22.1571000000000
-26.5954000000000	-24.8124000000000	-24.7913000000000
-24.8124000000000	-24.7913000000000	-23.3793000000000
-29.1912000000000	-26.9024000000000	-26.5954000000000
-26.9024000000000	-26.5954000000000	-24.7913000000000
-33.0704000000000	-30.4851000000000	-29.1912000000000
-30.4851000000000	-29.1912000000000	-26.9024000000000
-37.8095000000000	-35.8233000000000	-33.0704000000000
-35.8233000000000	-33.0704000000000	-30.4851000000000
-43.3779000000000	-41.2612000000000	-37.8095000000000
-41.2612000000000	-37.8095000000000	-35.8233000000000
-49.9750000000000	-48.4522000000000	-43.3779000000000
-48.4522000000000	-43.3779000000000	-41.2612000000000
-57.0158000000000	-55.8317000000000	-49.9750000000000
-55.8317000000000	-49.9750000000000	-48.4522000000000
-63.8200000000000	-62.8074000000000	-57.0158000000000
-62.8074000000000	-57.0158000000000	-55.8317000000000
-69.9916000000000	-69.1480000000000	-63.8200000000000
-69.1480000000000	-63.8200000000000	-62.8074000000000
-75.1238000000000	-74.4898000000000	-69.9916000000000
-74.4898000000000	-69.9916000000000	-69.1480000000000
-79.7399000000000	-79.3336000000000	-75.1238000000000
-79.3336000000000	-75.1238000000000	-74.4898000000000
-84.8817000000000	-84.3426000000000	-79.7399000000000
-84.3426000000000	-79.7399000000000	-79.3336000000000
-89.8669000000000	-89.3178000000000	-84.8817000000000
-89.3178000000000	-84.8817000000000	-84.3426000000000
-25.0993000000000	-23.6864000000000	-22.9655000000000
-26.5090000000000	-25.0993000000000	-24.8124000000000
-25.0993000000000	-24.8124000000000	-23.6864000000000
-29.0743000000000	-26.5954000000000	-26.5090000000000
-26.5954000000000	-26.5090000000000	-24.8124000000000
-31.9847000000000	-29.1912000000000	-29.0743000000000
-29.1912000000000	-29.0743000000000	-26.5954000000000
-35.7837000000000	-33.0704000000000	-31.9847000000000
-33.0704000000000	-31.9847000000000	-29.1912000000000
-40.1865000000000	-37.8095000000000	-35.7837000000000
-37.8095000000000	-35.7837000000000	-33.0704000000000
-45.8880000000000	-43.3779000000000	-40.1865000000000
-43.3779000000000	-40.1865000000000	-37.8095000000000
-52.1044000000000	-49.9750000000000	-45.8880000000000
-49.9750000000000	-45.8880000000000	-43.3779000000000
-58.9095000000000	-57.0158000000000	-52.1044000000000
-57.0158000000000	-52.1044000000000	-49.9750000000000
-65.2880000000000	-63.8200000000000	-58.9095000000000
-63.8200000000000	-58.9095000000000	-57.0158000000000
-71.0274000000000	-69.9916000000000	-65.2880000000000
-69.9916000000000	-65.2880000000000	-63.8200000000000
-76.1698000000000	-75.1238000000000	-71.0274000000000
-75.1238000000000	-71.0274000000000	-69.9916000000000
-80.7423000000000	-79.7399000000000	-76.1698000000000
-79.7399000000000	-76.1698000000000	-75.1238000000000
-85.7615000000000	-84.8817000000000	-80.7423000000000
-84.8817000000000	-80.7423000000000	-79.7399000000000
-90.3331000000000	-89.8669000000000	-85.7615000000000
-89.8669000000000	-85.7615000000000	-84.8817000000000
-31.2228000000000	-29.0743000000000	-26.5090000000000
-34.5162000000000	-31.9847000000000	-31.2228000000000
-31.9847000000000	-31.2228000000000	-29.0743000000000
-38.3075000000000	-35.7837000000000	-34.5162000000000
-35.7837000000000	-34.5162000000000	-31.9847000000000
-42.9019000000000	-40.1865000000000	-38.3075000000000
-40.1865000000000	-38.3075000000000	-35.7837000000000
-48.6662000000000	-45.8880000000000	-42.9019000000000
-45.8880000000000	-42.9019000000000	-40.1865000000000
-54.9417000000000	-52.1044000000000	-48.6662000000000
-52.1044000000000	-48.6662000000000	-45.8880000000000
-61.3405000000000	-58.9095000000000	-54.9417000000000
-58.9095000000000	-54.9417000000000	-52.1044000000000
-67.2086000000000	-65.2880000000000	-61.3405000000000
-65.2880000000000	-61.3405000000000	-58.9095000000000
-72.5674000000000	-71.0274000000000	-67.2086000000000
-71.0274000000000	-67.2086000000000	-65.2880000000000
-77.3953000000000	-76.1698000000000	-72.5674000000000
-76.1698000000000	-72.5674000000000	-71.0274000000000
-81.9029000000000	-80.7423000000000	-77.3953000000000
-80.7423000000000	-77.3953000000000	-76.1698000000000
-86.7184000000000	-85.7615000000000	-81.9029000000000
-85.7615000000000	-81.9029000000000	-80.7423000000000
-90.9887000000000	-90.3331000000000	-86.7184000000000
-90.3331000000000	-86.7184000000000	-85.7615000000000
-45.9125000000000	-42.9019000000000	-38.3075000000000
-51.7687000000000	-48.6662000000000	-45.9125000000000
-48.6662000000000	-45.9125000000000	-42.9019000000000
-58.2006000000000	-54.9417000000000	-51.7687000000000
-54.9417000000000	-51.7687000000000	-48.6662000000000
-63.9439000000000	-61.3405000000000	-58.2006000000000
-61.3405000000000	-58.2006000000000	-54.9417000000000
-69.2743000000000	-67.2086000000000	-63.9439000000000
-67.2086000000000	-63.9439000000000	-61.3405000000000
-74.4062000000000	-72.5674000000000	-69.2743000000000
-72.5674000000000	-69.2743000000000	-67.2086000000000
-78.8857000000000	-77.3953000000000	-74.4062000000000
-77.3953000000000	-74.4062000000000	-72.5674000000000
-83.4582000000000	-81.9029000000000	-78.8857000000000
-81.9029000000000	-78.8857000000000	-77.3953000000000
-88.1106000000000	-86.7184000000000	-83.4582000000000
-86.7184000000000	-83.4582000000000	-81.9029000000000
-90.9887000000000	-88.1106000000000	-86.7184000000000
-60.2026000000000	-58.2006000000000	-51.7687000000000
-66.1423000000000	-63.9439000000000	-60.2026000000000
-63.9439000000000	-60.2026000000000	-58.2006000000000
-71.6526000000000	-69.2743000000000	-66.1423000000000
-69.2743000000000	-66.1423000000000	-63.9439000000000
-76.3596000000000	-74.4062000000000	-71.6526000000000
-74.4062000000000	-71.6526000000000	-69.2743000000000
-80.7243000000000	-78.8857000000000	-76.3596000000000
-78.8857000000000	-76.3596000000000	-74.4062000000000
-85.4698000000000	-83.4582000000000	-80.7243000000000
-83.4582000000000	-80.7243000000000	-78.8857000000000
-89.6349000000000	-88.1106000000000	-85.4698000000000
-88.1106000000000	-85.4698000000000	-83.4582000000000
-72.7134000000000	-71.6526000000000	-66.1423000000000
-78.3189000000000	-76.3596000000000	-72.7134000000000
-76.3596000000000	-72.7134000000000	-71.6526000000000
-82.8375000000000	-80.7243000000000	-78.3189000000000
-80.7243000000000	-78.3189000000000	-76.3596000000000
-87.7101000000000	-85.4698000000000	-82.8375000000000
-85.4698000000000	-82.8375000000000	-80.7243000000000
-91.2049000000000	-89.6349000000000	-87.7101000000000
-89.6349000000000	-87.7101000000000	-85.4698000000000
-83.4322000000000	-82.8375000000000	-78.3189000000000
-89.0462000000000	-87.7101000000000	-83.4322000000000
-87.7101000000000	-83.4322000000000	-82.8375000000000
-91.2049000000000	-89.0462000000000	-87.7101000000000