50.5866870000000	50.4279330000000	50.4212440000000
50.5866870000000	50.5799600000000	50.4212440000000
50.5931730000000	50.4343820000000	50.4279330000000
50.5931730000000	50.5866870000000	50.4279330000000
50.4405910000000	50.5931730000000	50.4343820000000
50.4212440000000	50.2625200000000	50.2556300000000
50.4212440000000	50.4143150000000	50.2556300000000
50.4279330000000	50.2691720000000	50.2625200000000
50.4279330000000	50.4212440000000	50.2625200000000
50.4343820000000	50.2755850000000	50.2691720000000
50.4343820000000	50.4279330000000	50.2691720000000
50.4405910000000	50.2817590000000	50.2755850000000
50.4405910000000	50.4343820000000	50.2755850000000
50.2876940000000	50.4405910000000	50.2817590000000
50.2485010000000	50.0898470000000	50.0825220000000
50.2485010000000	50.2411350000000	50.0825220000000
50.2556300000000	50.0969360000000	50.0898470000000
50.2556300000000	50.2485010000000	50.0898470000000
50.2625200000000	50.1037880000000	50.0969360000000
50.2625200000000	50.2556300000000	50.0969360000000
50.2691720000000	50.1104020000000	50.1037880000000
50.2691720000000	50.2625200000000	50.1037880000000
50.2755850000000	50.1167800000000	50.1104020000000
50.2755850000000	50.2691720000000	50.1104020000000
50.2817590000000	50.1229190000000	50.1167800000000
50.2817590000000	50.2755850000000	50.1167800000000
50.2876940000000	50.1288210000000	50.1229190000000
50.2876940000000	50.2817590000000	50.1229190000000
50.2933900000000	50.1344850000000	50.1288210000000
50.2933900000000	50.2876940000000	50.1288210000000
50.1399110000000	50.2933900000000	50.1344850000000
50.0825220000000	49.9239000000000	49.9163810000000
50.0825220000000	50.0749610000000	49.9163810000000
50.0898470000000	49.9311850000000	49.9239000000000
50.0898470000000	50.0825220000000	49.9239000000000
50.0969360000000	49.9382340000000	49.9311850000000
50.0969360000000	50.0898470000000	49.9311850000000
50.1037880000000	49.9450470000000	49.9382340000000
50.1037880000000	50.0969360000000	49.9382340000000
50.1104020000000	49.9516250000000	49.9450470000000
50.1104020000000	50.1037880000000	49.9450470000000
50.1167800000000	49.9579670000000	49.9516250000000
50.1167800000000	50.1104020000000	49.9516250000000
50.1229190000000	49.9640730000000	49.9579670000000
50.1229190000000	50.1167800000000	49.9579670000000
50.1288210000000	49.9699420000000	49.9640730000000
50.1288210000000	50.1229190000000	49.9640730000000
50.1344850000000	49.9755740000000	49.9699420000000
50.1344850000000	50.1288210000000	49.9699420000000
50.1399110000000	49.9809690000000	49.9755740000000
50.1399110000000	50.1344850000000	49.9755740000000
49.9861280000000	50.1399110000000	49.9809690000000
49.9239000000000	49.7652700000000	49.7577930000000
49.9239000000000	49.9163810000000	49.7577930000000
49.9311850000000	49.7725140000000	49.7652700000000
49.9311850000000	49.9239000000000	49.7652700000000
49.9382340000000	49.7795240000000	49.7725140000000
49.9382340000000	49.9311850000000	49.7725140000000
49.9450470000000	49.7862990000000	49.7795240000000
49.9450470000000	49.9382340000000	49.7795240000000
49.9516250000000	49.7928410000000	49.7862990000000
49.9516250000000	49.9450470000000	49.7862990000000
49.9579670000000	49.7991470000000	49.7928410000000
49.9579670000000	49.9516250000000	49.7928410000000
49.9640730000000	49.8052190000000	49.7991470000000
49.9640730000000	49.9579670000000	49.7991470000000
49.9699420000000	49.8110550000000	49.8052190000000
49.9699420000000	49.9640730000000	49.8052190000000
49.9755740000000	49.8166560000000	49.8110550000000
49.9755740000000	49.9699420000000	49.8110550000000
49.9809690000000	49.8220210000000	49.8166560000000
49.9809690000000	49.9755740000000	49.8166560000000
49.9861280000000	49.8271510000000	49.8220210000000
49.9861280000000	49.9809690000000	49.8220210000000
49.8320440000000	49.9861280000000	49.8271510000000
49.7500820000000	49.7421390000000	49.5915280000000
49.7577930000000	49.5991960000000	49.5915280000000
49.7577930000000	49.7500820000000	49.5915280000000
49.7652700000000	49.6066310000000	49.5991960000000
49.7652700000000	49.7577930000000	49.5991960000000
49.7725140000000	49.6138350000000	49.6066310000000
49.7725140000000	49.7652700000000	49.6066310000000
49.7795240000000	49.6208060000000	49.6138350000000
49.7795240000000	49.7725140000000	49.6138350000000
49.7862990000000	49.6275430000000	49.6208060000000
49.7862990000000	49.7795240000000	49.6208060000000
49.7928410000000	49.6340480000000	49.6275430000000
49.7928410000000	49.7862990000000	49.6275430000000
49.7991470000000	49.6403200000000	49.6340480000000
49.7991470000000	49.7928410000000	49.6340480000000
49.8052190000000	49.6463570000000	49.6403200000000
49.8052190000000	49.7991470000000	49.6403200000000
49.8110550000000	49.6521610000000	49.6463570000000
49.8110550000000	49.8052190000000	49.6463570000000
49.8166560000000	49.6577310000000	49.6521610000000
49.8166560000000	49.8110550000000	49.6521610000000
49.8220210000000	49.6630660000000	49.6577310000000
49.8220210000000	49.8166560000000	49.6577310000000
49.8271510000000	49.6681670000000	49.6630660000000
49.8271510000000	49.8220210000000	49.6630660000000
49.8320440000000	49.6730330000000	49.6681670000000
49.8320440000000	49.8271510000000	49.6681670000000
49.6776640000000	49.8320440000000	49.6730330000000
49.8564370000000	49.6972900000000	49.6938360000000
49.8564370000000	49.8529640000000	49.6938360000000
49.8596730000000	49.7005080000000	49.6972900000000
49.8596730000000	49.8564370000000	49.6972900000000
49.8626720000000	49.7034900000000	49.7005080000000
49.8626720000000	49.8596730000000	49.7005080000000
49.8626720000000	49.7062360000000	49.7034900000000
49.5991960000000	49.4405890000000	49.4329640000000
49.5991960000000	49.5915280000000	49.4329640000000
49.6066310000000	49.4479840000000	49.4405890000000
49.6066310000000	49.5991960000000	49.4405890000000
49.6138350000000	49.4551470000000	49.4479840000000
49.6138350000000	49.6066310000000	49.4479840000000
49.6208060000000	49.4620790000000	49.4551470000000
49.6208060000000	49.6138350000000	49.4551470000000
49.6275430000000	49.4687800000000	49.4620790000000
49.6275430000000	49.6208060000000	49.4620790000000
49.6340480000000	49.4752480000000	49.4687800000000
49.6340480000000	49.6275430000000	49.4687800000000
49.6403200000000	49.4814850000000	49.4752480000000
49.6403200000000	49.6340480000000	49.4752480000000
49.6463570000000	49.4874890000000	49.4814850000000
49.6463570000000	49.6403200000000	49.4814850000000
49.6521610000000	49.4932610000000	49.4874890000000
49.6521610000000	49.6463570000000	49.4874890000000
49.6577310000000	49.4987990000000	49.4932610000000
49.6577310000000	49.6521610000000	49.4932610000000
49.6630660000000	49.5041050000000	49.4987990000000
49.6630660000000	49.6577310000000	49.4987990000000
49.6681670000000	49.5091770000000	49.5041050000000
49.6681670000000	49.6630660000000	49.5041050000000
49.6730330000000	49.5140160000000	49.5091770000000
49.6730330000000	49.6681670000000	49.5091770000000
49.6776640000000	49.5186220000000	49.5140160000000
49.6776640000000	49.6730330000000	49.5140160000000
49.6820610000000	49.5229930000000	49.5186220000000
49.6820610000000	49.6776640000000	49.5186220000000
49.6862210000000	49.5271310000000	49.5229930000000
49.6862210000000	49.6820610000000	49.5229930000000
49.6901470000000	49.5310340000000	49.5271310000000
49.6901470000000	49.6862210000000	49.5271310000000
49.6938360000000	49.5347030000000	49.5310340000000
49.6938360000000	49.6901470000000	49.5310340000000
49.6972900000000	49.5381380000000	49.5347030000000
49.6972900000000	49.6938360000000	49.5347030000000
49.7005080000000	49.5413380000000	49.5381380000000
49.7005080000000	49.6972900000000	49.5381380000000
49.7034900000000	49.5443030000000	49.5413380000000
49.7034900000000	49.7005080000000	49.5413380000000
49.7062360000000	49.5470340000000	49.5443030000000
49.7062360000000	49.7034900000000	49.5443030000000
49.7087450000000	49.5495300000000	49.5470340000000
49.7087450000000	49.7062360000000	49.5470340000000
49.7110190000000	49.5517900000000	49.5495300000000
49.7110190000000	49.7087450000000	49.5495300000000
49.7110190000000	49.5538150000000	49.5517900000000
49.4405890000000	49.2819740000000	49.2743920000000
49.4405890000000	49.4329640000000	49.2743920000000
49.4479840000000	49.2893280000000	49.2819740000000
49.4479840000000	49.4405890000000	49.2819740000000
49.4551470000000	49.2964520000000	49.2893280000000
49.4551470000000	49.4479840000000	49.2893280000000
49.4620790000000	49.3033450000000	49.2964520000000
49.4620790000000	49.4551470000000	49.2964520000000
49.4687800000000	49.3100080000000	49.3033450000000
49.4687800000000	49.4620790000000	49.3033450000000
49.4752480000000	49.3164410000000	49.3100080000000
49.4752480000000	49.4687800000000	49.3100080000000
49.4814850000000	49.3226430000000	49.3164410000000
49.4814850000000	49.4752480000000	49.3164410000000
49.4874890000000	49.3286140000000	49.3226430000000
49.4874890000000	49.4814850000000	49.3226430000000
49.4932610000000	49.3343530000000	49.3286140000000
49.4932610000000	49.4874890000000	49.3286140000000
49.4987990000000	49.3398610000000	49.3343530000000
49.4987990000000	49.4932610000000	49.3343530000000
49.5041050000000	49.3451370000000	49.3398610000000
49.5041050000000	49.4987990000000	49.3398610000000
49.5091770000000	49.3501810000000	49.3451370000000
49.5091770000000	49.5041050000000	49.3451370000000
49.5140160000000	49.3549940000000	49.3501810000000
49.5140160000000	49.5091770000000	49.3501810000000
49.5186220000000	49.3595730000000	49.3549940000000
49.5186220000000	49.5140160000000	49.3549940000000
49.5229930000000	49.3639200000000	49.3595730000000
49.5229930000000	49.5186220000000	49.3595730000000
49.5271310000000	49.3680350000000	49.3639200000000
49.5271310000000	49.5229930000000	49.3639200000000
49.5310340000000	49.3719170000000	49.3680350000000
49.5310340000000	49.5271310000000	49.3680350000000
49.5347030000000	49.3755650000000	49.3719170000000
49.5347030000000	49.5310340000000	49.3719170000000
49.5381380000000	49.3789810000000	49.3755650000000
49.5381380000000	49.5347030000000	49.3755650000000
49.5413380000000	49.3821630000000	49.3789810000000
49.5413380000000	49.5381380000000	49.3789810000000
49.5443030000000	49.3851120000000	49.3821630000000
49.5443030000000	49.5413380000000	49.3821630000000
49.5470340000000	49.3878270000000	49.3851120000000
49.5470340000000	49.5443030000000	49.3851120000000
49.5495300000000	49.3903090000000	49.3878270000000
49.5495300000000	49.5470340000000	49.3878270000000
49.5517900000000	49.3925570000000	49.3903090000000
49.5517900000000	49.5495300000000	49.3903090000000
49.5538150000000	49.3945710000000	49.3925570000000
49.5538150000000	49.5517900000000	49.3925570000000
49.5556060000000	49.3963510000000	49.3945710000000
49.5556060000000	49.5538150000000	49.3945710000000
49.5571610000000	49.3978970000000	49.3963510000000
49.5571610000000	49.5556060000000	49.3963510000000
49.5584800000000	49.3992090000000	49.3978970000000
49.5584800000000	49.5571610000000	49.3978970000000
49.5584800000000	49.4002880000000	49.3992090000000
49.2819740000000	49.2743920000000	49.1233510000000
49.2893280000000	49.1306630000000	49.1233510000000
49.2893280000000	49.2819740000000	49.1233510000000
49.2964520000000	49.1377480000000	49.1306630000000
49.2964520000000	49.2893280000000	49.1306630000000
49.3033450000000	49.1446030000000	49.1377480000000
49.3033450000000	49.2964520000000	49.1377480000000
49.3100080000000	49.1512290000000	49.1446030000000
49.3100080000000	49.3033450000000	49.1446030000000
49.3164410000000	49.1576260000000	49.1512290000000
49.3164410000000	49.3100080000000	49.1512290000000
49.3226430000000	49.1637940000000	49.1576260000000
49.3226430000000	49.3164410000000	49.1576260000000
49.3286140000000	49.1697310000000	49.1637940000000
49.3286140000000	49.3226430000000	49.1637940000000
49.3343530000000	49.1754390000000	49.1697310000000
49.3343530000000	49.3286140000000	49.1697310000000
49.3398610000000	49.1809160000000	49.1754390000000
49.3398610000000	49.3343530000000	49.1754390000000
49.3451370000000	49.1861630000000	49.1809160000000
49.3451370000000	49.3398610000000	49.1809160000000
49.3501810000000	49.1911790000000	49.1861630000000
49.3501810000000	49.3451370000000	49.1861630000000
49.3549940000000	49.1959640000000	49.1911790000000
49.3549940000000	49.3501810000000	49.1911790000000
49.3595730000000	49.2005190000000	49.1959640000000
49.3595730000000	49.3549940000000	49.1959640000000
49.3639200000000	49.2048420000000	49.2005190000000
49.3639200000000	49.3595730000000	49.2005190000000
49.3680350000000	49.2089330000000	49.2048420000000
49.3680350000000	49.3639200000000	49.2048420000000
49.3719170000000	49.2127930000000	49.2089330000000
49.3719170000000	49.3680350000000	49.2089330000000
49.3755650000000	49.2164220000000	49.2127930000000
49.3755650000000	49.3719170000000	49.2127930000000
49.3789810000000	49.2198180000000	49.2164220000000
49.3789810000000	49.3755650000000	49.2164220000000
49.3821630000000	49.2229830000000	49.2198180000000
49.3821630000000	49.3789810000000	49.2198180000000
49.3851120000000	49.2259150000000	49.2229830000000
49.3851120000000	49.3821630000000	49.2229830000000
49.3878270000000	49.2286150000000	49.2259150000000
49.3878270000000	49.3851120000000	49.2259150000000
49.3903090000000	49.2310830000000	49.2286150000000
49.3903090000000	49.3878270000000	49.2286150000000
49.3925570000000	49.2333190000000	49.2310830000000
49.3925570000000	49.3903090000000	49.2310830000000
49.3945710000000	49.2353210000000	49.2333190000000
49.3945710000000	49.3925570000000	49.2333190000000
49.3963510000000	49.2370920000000	49.2353210000000
49.3963510000000	49.3945710000000	49.2353210000000
49.3978970000000	49.2386290000000	49.2370920000000
49.3978970000000	49.3963510000000	49.2370920000000
49.3992090000000	49.2399340000000	49.2386290000000
49.3992090000000	49.3978970000000	49.2386290000000
49.4002880000000	49.2410060000000	49.2399340000000
49.4002880000000	49.3992090000000	49.2399340000000
49.4011320000000	49.2418460000000	49.2410060000000
49.4011320000000	49.4002880000000	49.2410060000000
49.4017420000000	49.2424520000000	49.2418460000000
49.4017420000000	49.4011320000000	49.2418460000000
49.2428260000000	49.4017420000000	49.2424520000000
49.1306630000000	48.9719910000000	48.9647180000000
49.1306630000000	49.1233510000000	48.9647180000000
49.1377480000000	48.9790350000000	48.9719910000000
49.1377480000000	49.1306630000000	48.9719910000000
49.1446030000000	48.9858530000000	48.9790350000000
49.1446030000000	49.1377480000000	48.9790350000000
49.1512290000000	48.9924420000000	48.9858530000000
49.1512290000000	49.1446030000000	48.9858530000000
49.1576260000000	48.9988040000000	48.9924420000000
49.1576260000000	49.1512290000000	48.9924420000000
49.1637940000000	49.0049370000000	48.9988040000000
49.1637940000000	49.1576260000000	48.9988040000000
49.1697310000000	49.0108420000000	49.0049370000000
49.1697310000000	49.1637940000000	49.0049370000000
49.1754390000000	49.0165180000000	49.0108420000000
49.1754390000000	49.1697310000000	49.0108420000000
49.1809160000000	49.0219640000000	49.0165180000000
49.1809160000000	49.1754390000000	49.0165180000000
49.1861630000000	49.0271820000000	49.0219640000000
49.1861630000000	49.1809160000000	49.0219640000000
49.1911790000000	49.0321700000000	49.0271820000000
49.1911790000000	49.1861630000000	49.0271820000000
49.1959640000000	49.0369290000000	49.0321700000000
49.1959640000000	49.1911790000000	49.0321700000000
49.2005190000000	49.0414580000000	49.0369290000000
49.2005190000000	49.1959640000000	49.0369290000000
49.2048420000000	49.0457570000000	49.0414580000000
49.2048420000000	49.2005190000000	49.0414580000000
49.2089330000000	49.0498260000000	49.0457570000000
49.2089330000000	49.2048420000000	49.0457570000000
49.2127930000000	49.0536650000000	49.0498260000000
49.2127930000000	49.2089330000000	49.0498260000000
49.2164220000000	49.0572730000000	49.0536650000000
49.2164220000000	49.2127930000000	49.0536650000000
49.2198180000000	49.0606500000000	49.0572730000000
49.2198180000000	49.2164220000000	49.0572730000000
49.2229830000000	49.0637970000000	49.0606500000000
49.2229830000000	49.2198180000000	49.0606500000000
49.2259150000000	49.0667130000000	49.0637970000000
49.2259150000000	49.2229830000000	49.0637970000000
49.2286150000000	49.0693980000000	49.0667130000000
49.2286150000000	49.2259150000000	49.0667130000000
49.2310830000000	49.0718530000000	49.0693980000000
49.2310830000000	49.2286150000000	49.0693980000000
49.2333190000000	49.0740760000000	49.0718530000000
49.2333190000000	49.2310830000000	49.0718530000000
49.2353210000000	49.0760670000000	49.0740760000000
49.2353210000000	49.2333190000000	49.0740760000000
49.2370920000000	49.0778280000000	49.0760670000000
49.2370920000000	49.2353210000000	49.0760670000000
49.2386290000000	49.0793570000000	49.0778280000000
49.2386290000000	49.2370920000000	49.0778280000000
49.2399340000000	49.0806550000000	49.0793570000000
49.2399340000000	49.2386290000000	49.0793570000000
49.2410060000000	49.0817210000000	49.0806550000000
49.2410060000000	49.2399340000000	49.0806550000000
49.2418460000000	49.0825550000000	49.0817210000000
49.2418460000000	49.2410060000000	49.0817210000000
49.2424520000000	49.0831580000000	49.0825550000000
49.2424520000000	49.2418460000000	49.0825550000000
49.2428260000000	49.0835300000000	49.0831580000000
49.2428260000000	49.2424520000000	49.0831580000000
49.2429670000000	49.0836700000000	49.0835300000000
49.2429670000000	49.2428260000000	49.0835300000000
49.2428740000000	49.0835780000000	49.0836700000000
49.2428740000000	49.2429670000000	49.0836700000000
49.0832550000000	49.2428740000000	49.0835780000000
48.9719910000000	48.9647180000000	48.8133090000000
48.9790350000000	48.8203150000000	48.8133090000000
48.9790350000000	48.9719910000000	48.8133090000000
48.9858530000000	48.8270950000000	48.8203150000000
48.9858530000000	48.9790350000000	48.8203150000000
48.9924420000000	48.8336480000000	48.8270950000000
48.9924420000000	48.9858530000000	48.8270950000000
48.9988040000000	48.8399740000000	48.8336480000000
48.9988040000000	48.9924420000000	48.8336480000000
49.0049370000000	48.8460730000000	48.8399740000000
49.0049370000000	48.9988040000000	48.8399740000000
49.0108420000000	48.8519450000000	48.8460730000000
49.0108420000000	49.0049370000000	48.8460730000000
49.0165180000000	48.8575890000000	48.8519450000000
49.0165180000000	49.0108420000000	48.8519450000000
49.0219640000000	48.8630060000000	48.8575890000000
49.0219640000000	49.0165180000000	48.8575890000000
49.0271820000000	48.8681950000000	48.8630060000000
49.0271820000000	49.0219640000000	48.8630060000000
49.0321700000000	48.8731560000000	48.8681950000000
49.0321700000000	49.0271820000000	48.8681950000000
49.0369290000000	48.8778880000000	48.8731560000000
49.0369290000000	49.0321700000000	48.8731560000000
49.0414580000000	48.8823920000000	48.8778880000000
49.0414580000000	49.0369290000000	48.8778880000000
49.0457570000000	48.8866670000000	48.8823920000000
49.0457570000000	49.0414580000000	48.8823920000000
49.0498260000000	48.8907130000000	48.8866670000000
49.0498260000000	49.0457570000000	48.8866670000000
49.0536650000000	48.8945300000000	48.8907130000000
49.0536650000000	49.0498260000000	48.8907130000000
49.0572730000000	48.8981180000000	48.8945300000000
49.0572730000000	49.0536650000000	48.8945300000000
49.0606500000000	48.9014770000000	48.8981180000000
49.0606500000000	49.0572730000000	48.8981180000000
49.0637970000000	48.9046070000000	48.9014770000000
49.0637970000000	49.0606500000000	48.9014770000000
49.0667130000000	48.9075070000000	48.9046070000000
49.0667130000000	49.0637970000000	48.9046070000000
49.0693980000000	48.9101770000000	48.9075070000000
49.0693980000000	49.0667130000000	48.9075070000000
49.0718530000000	48.9126170000000	48.9101770000000
49.0718530000000	49.0693980000000	48.9101770000000
49.0740760000000	48.9148280000000	48.9126170000000
49.0740760000000	49.0718530000000	48.9126170000000
49.0760670000000	48.9168090000000	48.9148280000000
49.0760670000000	49.0740760000000	48.9148280000000
49.0778280000000	48.9185590000000	48.9168090000000
49.0778280000000	49.0760670000000	48.9168090000000
49.0793570000000	48.9200800000000	48.9185590000000
49.0793570000000	49.0778280000000	48.9185590000000
49.0806550000000	48.9213700000000	48.9200800000000
49.0806550000000	49.0793570000000	48.9200800000000
49.0817210000000	48.9224300000000	48.9213700000000
49.0817210000000	49.0806550000000	48.9213700000000
49.0825550000000	48.9232600000000	48.9224300000000
49.0825550000000	49.0817210000000	48.9224300000000
49.0831580000000	48.9238600000000	48.9232600000000
49.0831580000000	49.0825550000000	48.9232600000000
49.0835300000000	48.9242300000000	48.9238600000000
49.0835300000000	49.0831580000000	48.9238600000000
49.0836700000000	48.9243690000000	48.9242300000000
49.0836700000000	49.0835300000000	48.9242300000000
49.0835780000000	48.9242780000000	48.9243690000000
49.0835780000000	49.0836700000000	48.9243690000000
49.0832550000000	48.9239560000000	48.9242780000000
49.0832550000000	49.0835780000000	48.9242780000000
49.0832550000000	48.9234040000000	48.9239560000000
48.8203150000000	48.6615870000000	48.6546200000000
48.8203150000000	48.8133090000000	48.6546200000000
48.8270950000000	48.6683290000000	48.6615870000000
48.8270950000000	48.8203150000000	48.6615870000000
48.8336480000000	48.6748460000000	48.6683290000000
48.8336480000000	48.8270950000000	48.6683290000000
48.8399740000000	48.6811370000000	48.6748460000000
48.8399740000000	48.8336480000000	48.6748460000000
48.8460730000000	48.6872020000000	48.6811370000000
48.8460730000000	48.8399740000000	48.6811370000000
48.8519450000000	48.6930410000000	48.6872020000000
48.8519450000000	48.8460730000000	48.6872020000000
48.8575890000000	48.6986550000000	48.6930410000000
48.8575890000000	48.8519450000000	48.6930410000000
48.8630060000000	48.7040410000000	48.6986550000000
48.8630060000000	48.8575890000000	48.6986550000000
48.8681950000000	48.7092010000000	48.7040410000000
48.8681950000000	48.8630060000000	48.7040410000000
48.8731560000000	48.7141340000000	48.7092010000000
48.8731560000000	48.8681950000000	48.7092010000000
48.8778880000000	48.7188400000000	48.7141340000000
48.8778880000000	48.8731560000000	48.7141340000000
48.8823920000000	48.7233190000000	48.7188400000000
48.8823920000000	48.8778880000000	48.7188400000000
48.8866670000000	48.7275710000000	48.7233190000000
48.8866670000000	48.8823920000000	48.7233190000000
48.8907130000000	48.7315940000000	48.7275710000000
48.8907130000000	48.8866670000000	48.7275710000000
48.8945300000000	48.7353900000000	48.7315940000000
48.8945300000000	48.8907130000000	48.7315940000000
48.8981180000000	48.7389590000000	48.7353900000000
48.8981180000000	48.8945300000000	48.7353900000000
48.9014770000000	48.7422990000000	48.7389590000000
48.9014770000000	48.8981180000000	48.7389590000000
48.9046070000000	48.7454110000000	48.7422990000000
48.9046070000000	48.9014770000000	48.7422990000000
48.9075070000000	48.7482950000000	48.7454110000000
48.9075070000000	48.9046070000000	48.7454110000000
48.9101770000000	48.7509500000000	48.7482950000000
48.9101770000000	48.9075070000000	48.7482950000000
48.9126170000000	48.7533770000000	48.7509500000000
48.9126170000000	48.9101770000000	48.7509500000000
48.9148280000000	48.7555750000000	48.7533770000000
48.9148280000000	48.9126170000000	48.7533770000000
48.9168090000000	48.7575450000000	48.7555750000000
48.9168090000000	48.9148280000000	48.7555750000000
48.9185590000000	48.7592860000000	48.7575450000000
48.9185590000000	48.9168090000000	48.7575450000000
48.9200800000000	48.7607980000000	48.7592860000000
48.9200800000000	48.9185590000000	48.7592860000000
48.9213700000000	48.7620810000000	48.7607980000000
48.9213700000000	48.9200800000000	48.7607980000000
48.9224300000000	48.7631360000000	48.7620810000000
48.9224300000000	48.9213700000000	48.7620810000000
48.9232600000000	48.7639610000000	48.7631360000000
48.9232600000000	48.9224300000000	48.7631360000000
48.9238600000000	48.7645570000000	48.7639610000000
48.9238600000000	48.9232600000000	48.7639610000000
48.9242300000000	48.7649250000000	48.7645570000000
48.9242300000000	48.9238600000000	48.7645570000000
48.9243690000000	48.7650630000000	48.7649250000000
48.9243690000000	48.9242300000000	48.7649250000000
48.9242780000000	48.7649730000000	48.7650630000000
48.9242780000000	48.9243690000000	48.7650630000000
48.9239560000000	48.7646530000000	48.7649730000000
48.9239560000000	48.9242780000000	48.7649730000000
48.9234040000000	48.7641040000000	48.7646530000000
48.9234040000000	48.9239560000000	48.7646530000000
48.9234040000000	48.7633270000000	48.7641040000000
48.6683290000000	48.6615870000000	48.5095550000000
48.6748460000000	48.5160360000000	48.5095550000000
48.6748460000000	48.6683290000000	48.5095550000000
48.6811370000000	48.5222920000000	48.5160360000000
48.6811370000000	48.6748460000000	48.5160360000000
48.6872020000000	48.5283240000000	48.5222920000000
48.6872020000000	48.6811370000000	48.5222920000000
48.6930410000000	48.5341310000000	48.5283240000000
48.6930410000000	48.6872020000000	48.5283240000000
48.6986550000000	48.5397130000000	48.5341310000000
48.6986550000000	48.6930410000000	48.5341310000000
48.7040410000000	48.5450700000000	48.5397130000000
48.7040410000000	48.6986550000000	48.5397130000000
48.7092010000000	48.5502010000000	48.5450700000000
48.7092010000000	48.7040410000000	48.5450700000000
48.7141340000000	48.5551070000000	48.5502010000000
48.7141340000000	48.7092010000000	48.5502010000000
48.7188400000000	48.5597870000000	48.5551070000000
48.7188400000000	48.7141340000000	48.5551070000000
48.7233190000000	48.5642410000000	48.5597870000000
48.7233190000000	48.7188400000000	48.5597870000000
48.7275710000000	48.5684690000000	48.5642410000000
48.7275710000000	48.7233190000000	48.5642410000000
48.7315940000000	48.5724700000000	48.5684690000000
48.7315940000000	48.7275710000000	48.5684690000000
48.7353900000000	48.5762450000000	48.5724700000000
48.7353900000000	48.7315940000000	48.5724700000000
48.7389590000000	48.5797940000000	48.5762450000000
48.7389590000000	48.7353900000000	48.5762450000000
48.7422990000000	48.5831150000000	48.5797940000000
48.7422990000000	48.7389590000000	48.5797940000000
48.7454110000000	48.5862100000000	48.5831150000000
48.7454110000000	48.7422990000000	48.5831150000000
48.7482950000000	48.5890780000000	48.5862100000000
48.7482950000000	48.7454110000000	48.5862100000000
48.7509500000000	48.5917180000000	48.5890780000000
48.7509500000000	48.7482950000000	48.5890780000000
48.7533770000000	48.5941320000000	48.5917180000000
48.7533770000000	48.7509500000000	48.5917180000000
48.7555750000000	48.5963180000000	48.5941320000000
48.7555750000000	48.7533770000000	48.5941320000000
48.7575450000000	48.5982770000000	48.5963180000000
48.7575450000000	48.7555750000000	48.5963180000000
48.7592860000000	48.6000080000000	48.5982770000000
48.7592860000000	48.7575450000000	48.5982770000000
48.7607980000000	48.6015120000000	48.6000080000000
48.7607980000000	48.7592860000000	48.6000080000000
48.7620810000000	48.6027880000000	48.6015120000000
48.7620810000000	48.7607980000000	48.6015120000000
48.7631360000000	48.6038360000000	48.6027880000000
48.7631360000000	48.7620810000000	48.6027880000000
48.7639610000000	48.6046570000000	48.6038360000000
48.7639610000000	48.7631360000000	48.6038360000000
48.7645570000000	48.6052500000000	48.6046570000000
48.7645570000000	48.7639610000000	48.6046570000000
48.7649250000000	48.6056160000000	48.6052500000000
48.7649250000000	48.7645570000000	48.6052500000000
48.7650630000000	48.6057530000000	48.6056160000000
48.7650630000000	48.7649250000000	48.6056160000000
48.7649730000000	48.6056630000000	48.6057530000000
48.7649730000000	48.7650630000000	48.6057530000000
48.7646530000000	48.6053450000000	48.6056630000000
48.7646530000000	48.7649730000000	48.6056630000000
48.7641040000000	48.6048000000000	48.6053450000000
48.7641040000000	48.7646530000000	48.6053450000000
48.7633270000000	48.6040260000000	48.6048000000000
48.7633270000000	48.7641040000000	48.6048000000000
48.7633270000000	48.6030250000000	48.6040260000000
48.5160360000000	48.5095550000000	48.3572180000000
48.5222920000000	48.3634400000000	48.3572180000000
48.5222920000000	48.5160360000000	48.3572180000000
48.5283240000000	48.3694390000000	48.3634400000000
48.5283240000000	48.5222920000000	48.3634400000000
48.5341310000000	48.3752140000000	48.3694390000000
48.5341310000000	48.5283240000000	48.3694390000000
48.5397130000000	48.3807650000000	48.3752140000000
48.5397130000000	48.5341310000000	48.3752140000000
48.5450700000000	48.3860920000000	48.3807650000000
48.5450700000000	48.5397130000000	48.3807650000000
48.5502010000000	48.3911950000000	48.3860920000000
48.5502010000000	48.5450700000000	48.3860920000000
48.5551070000000	48.3960730000000	48.3911950000000
48.5551070000000	48.5502010000000	48.3911950000000
48.5597870000000	48.4007270000000	48.3960730000000
48.5597870000000	48.5551070000000	48.3960730000000
48.5642410000000	48.4051570000000	48.4007270000000
48.5642410000000	48.5597870000000	48.4007270000000
48.5684690000000	48.4093610000000	48.4051570000000
48.5684690000000	48.5642410000000	48.4051570000000
48.5724700000000	48.4133400000000	48.4093610000000
48.5724700000000	48.5684690000000	48.4093610000000
48.5762450000000	48.4170940000000	48.4133400000000
48.5762450000000	48.5724700000000	48.4133400000000
48.5797940000000	48.4206230000000	48.4170940000000
48.5797940000000	48.5762450000000	48.4170940000000
48.5831150000000	48.4239260000000	48.4206230000000
48.5831150000000	48.5797940000000	48.4206230000000
48.5862100000000	48.4270040000000	48.4239260000000
48.5862100000000	48.5831150000000	48.4239260000000
48.5890780000000	48.4298560000000	48.4270040000000
48.5890780000000	48.5862100000000	48.4270040000000
48.5917180000000	48.4324820000000	48.4298560000000
48.5917180000000	48.5890780000000	48.4298560000000
48.5941320000000	48.4348820000000	48.4324820000000
48.5941320000000	48.5917180000000	48.4324820000000
48.5963180000000	48.4370560000000	48.4348820000000
48.5963180000000	48.5941320000000	48.4348820000000
48.5982770000000	48.4390040000000	48.4370560000000
48.5982770000000	48.5963180000000	48.4370560000000
48.6000080000000	48.4407250000000	48.4390040000000
48.6000080000000	48.5982770000000	48.4390040000000
48.6015120000000	48.4422210000000	48.4407250000000
48.6015120000000	48.6000080000000	48.4407250000000
48.6027880000000	48.4434900000000	48.4422210000000
48.6027880000000	48.6015120000000	48.4422210000000
48.6038360000000	48.4445330000000	48.4434900000000
48.6038360000000	48.6027880000000	48.4434900000000
48.6046570000000	48.4453490000000	48.4445330000000
48.6046570000000	48.6038360000000	48.4445330000000
48.6052500000000	48.4459390000000	48.4453490000000
48.6052500000000	48.6046570000000	48.4453490000000
48.6056160000000	48.4463020000000	48.4459390000000
48.6056160000000	48.6052500000000	48.4459390000000
48.6057530000000	48.4464390000000	48.4463020000000
48.6057530000000	48.6056160000000	48.4463020000000
48.6056630000000	48.4463490000000	48.4464390000000
48.6056630000000	48.6057530000000	48.4464390000000
48.6053450000000	48.4460330000000	48.4463490000000
48.6053450000000	48.6056630000000	48.4463490000000
48.6048000000000	48.4454900000000	48.4460330000000
48.6048000000000	48.6053450000000	48.4460330000000
48.6040260000000	48.4447210000000	48.4454900000000
48.6040260000000	48.6048000000000	48.4454900000000
48.6030250000000	48.4437260000000	48.4447210000000
48.6030250000000	48.6040260000000	48.4447210000000
48.4425040000000	48.6030250000000	48.4437260000000
48.3634400000000	48.3572180000000	48.2045810000000
48.3694390000000	48.2105460000000	48.2045810000000
48.3694390000000	48.3634400000000	48.2045810000000
48.3752140000000	48.2162890000000	48.2105460000000
48.3752140000000	48.3694390000000	48.2105460000000
48.3807650000000	48.2218100000000	48.2162890000000
48.3807650000000	48.3752140000000	48.2162890000000
48.3860920000000	48.2271070000000	48.2218100000000
48.3860920000000	48.3807650000000	48.2218100000000
48.3911950000000	48.2321820000000	48.2271070000000
48.3911950000000	48.3860920000000	48.2271070000000
48.3960730000000	48.2370330000000	48.2321820000000
48.3960730000000	48.3911950000000	48.2321820000000
48.4007270000000	48.2416620000000	48.2370330000000
48.4007270000000	48.3960730000000	48.2370330000000
48.4051570000000	48.2460670000000	48.2416620000000
48.4051570000000	48.4007270000000	48.2416620000000
48.4093610000000	48.2502480000000	48.2460670000000
48.4093610000000	48.4051570000000	48.2460670000000
48.4133400000000	48.2542050000000	48.2502480000000
48.4133400000000	48.4093610000000	48.2502480000000
48.4170940000000	48.2579380000000	48.2542050000000
48.4170940000000	48.4133400000000	48.2542050000000
48.4206230000000	48.2614470000000	48.2579380000000
48.4206230000000	48.4170940000000	48.2579380000000
48.4239260000000	48.2647320000000	48.2614470000000
48.4239260000000	48.4206230000000	48.2614470000000
48.4270040000000	48.2677930000000	48.2647320000000
48.4270040000000	48.4239260000000	48.2647320000000
48.4298560000000	48.2706290000000	48.2677930000000
48.4298560000000	48.4270040000000	48.2677930000000
48.4324820000000	48.2732400000000	48.2706290000000
48.4324820000000	48.4298560000000	48.2706290000000
48.4348820000000	48.2756270000000	48.2732400000000
48.4348820000000	48.4324820000000	48.2732400000000
48.4370560000000	48.2777890000000	48.2756270000000
48.4370560000000	48.4348820000000	48.2756270000000
48.4390040000000	48.2797260000000	48.2777890000000
48.4390040000000	48.4370560000000	48.2777890000000
48.4407250000000	48.2814380000000	48.2797260000000
48.4407250000000	48.4390040000000	48.2797260000000
48.4422210000000	48.2829250000000	48.2814380000000
48.4422210000000	48.4407250000000	48.2814380000000
48.4434900000000	48.2841870000000	48.2829250000000
48.4434900000000	48.4422210000000	48.2829250000000
48.4445330000000	48.2852240000000	48.2841870000000
48.4445330000000	48.4434900000000	48.2841870000000
48.4453490000000	48.2860360000000	48.2852240000000
48.4453490000000	48.4445330000000	48.2852240000000
48.4459390000000	48.2866220000000	48.2860360000000
48.4459390000000	48.4453490000000	48.2860360000000
48.4463020000000	48.2869840000000	48.2866220000000
48.4463020000000	48.4459390000000	48.2866220000000
48.4464390000000	48.2871200000000	48.2869840000000
48.4464390000000	48.4463020000000	48.2869840000000
48.4463490000000	48.2870310000000	48.2871200000000
48.4463490000000	48.4464390000000	48.2871200000000
48.4460330000000	48.2867160000000	48.2870310000000
48.4460330000000	48.4463490000000	48.2870310000000
48.4454900000000	48.2861770000000	48.2867160000000
48.4454900000000	48.4460330000000	48.2867160000000
48.4447210000000	48.2854120000000	48.2861770000000
48.4447210000000	48.4454900000000	48.2861770000000
48.4437260000000	48.2844220000000	48.2854120000000
48.4437260000000	48.4447210000000	48.2854120000000
48.4425040000000	48.2832070000000	48.2844220000000
48.4425040000000	48.4437260000000	48.2844220000000
48.2817670000000	48.4425040000000	48.2832070000000
48.2105460000000	48.0516470000000	48.2045810000000
48.2162890000000	48.0573580000000	48.0516470000000
48.2162890000000	48.2105460000000	48.0516470000000
48.2218100000000	48.0628480000000	48.0573580000000
48.2218100000000	48.2162890000000	48.0573580000000
48.2271070000000	48.0681160000000	48.0628480000000
48.2271070000000	48.2218100000000	48.0628480000000
48.2321820000000	48.0731630000000	48.0681160000000
48.2321820000000	48.2271070000000	48.0681160000000
48.2370330000000	48.0779870000000	48.0731630000000
48.2370330000000	48.2321820000000	48.0731630000000
48.2416620000000	48.0825900000000	48.0779870000000
48.2416620000000	48.2370330000000	48.0779870000000
48.2460670000000	48.0869710000000	48.0825900000000
48.2460670000000	48.2416620000000	48.0825900000000
48.2502480000000	48.0911280000000	48.0869710000000
48.2502480000000	48.2460670000000	48.0869710000000
48.2542050000000	48.0950640000000	48.0911280000000
48.2542050000000	48.2502480000000	48.0911280000000
48.2579380000000	48.0987760000000	48.0950640000000
48.2579380000000	48.2542050000000	48.0950640000000
48.2614470000000	48.1022660000000	48.0987760000000
48.2614470000000	48.2579380000000	48.0987760000000
48.2647320000000	48.1055330000000	48.1022660000000
48.2647320000000	48.2614470000000	48.1022660000000
48.2677930000000	48.1085770000000	48.1055330000000
48.2677930000000	48.2647320000000	48.1055330000000
48.2706290000000	48.1113970000000	48.1085770000000
48.2706290000000	48.2677930000000	48.1085770000000
48.2732400000000	48.1139940000000	48.1113970000000
48.2732400000000	48.2706290000000	48.1113970000000
48.2756270000000	48.1163670000000	48.1139940000000
48.2756270000000	48.2732400000000	48.1139940000000
48.2777890000000	48.1185170000000	48.1163670000000
48.2777890000000	48.2756270000000	48.1163670000000
48.2797260000000	48.1204440000000	48.1185170000000
48.2797260000000	48.2777890000000	48.1185170000000
48.2814380000000	48.1221460000000	48.1204440000000
48.2814380000000	48.2797260000000	48.1204440000000
48.2829250000000	48.1236250000000	48.1221460000000
48.2829250000000	48.2814380000000	48.1221460000000
48.2841870000000	48.1248800000000	48.1236250000000
48.2841870000000	48.2829250000000	48.1236250000000
48.2852240000000	48.1259110000000	48.1248800000000
48.2852240000000	48.2841870000000	48.1248800000000
48.2860360000000	48.1267180000000	48.1259110000000
48.2860360000000	48.2852240000000	48.1259110000000
48.2866220000000	48.1273020000000	48.1267180000000
48.2866220000000	48.2860360000000	48.1267180000000
48.2869840000000	48.1276610000000	48.1273020000000
48.2869840000000	48.2866220000000	48.1273020000000
48.2871200000000	48.1277960000000	48.1276610000000
48.2871200000000	48.2869840000000	48.1276610000000
48.2870310000000	48.1277080000000	48.1277960000000
48.2870310000000	48.2871200000000	48.1277960000000
48.2867160000000	48.1273950000000	48.1277080000000
48.2867160000000	48.2870310000000	48.1277080000000
48.2861770000000	48.1268590000000	48.1273950000000
48.2861770000000	48.2867160000000	48.1273950000000
48.2854120000000	48.1260980000000	48.1268590000000
48.2854120000000	48.2861770000000	48.1268590000000
48.2844220000000	48.1251130000000	48.1260980000000
48.2844220000000	48.2854120000000	48.1260980000000
48.2832070000000	48.1239050000000	48.1251130000000
48.2832070000000	48.2844220000000	48.1251130000000
48.2817670000000	48.1224730000000	48.1239050000000
48.2817670000000	48.2832070000000	48.1239050000000
48.0573580000000	47.8984200000000	47.8927400000000
48.0573580000000	48.0516470000000	47.8927400000000
48.0628480000000	47.9038790000000	47.8984200000000
48.0628480000000	48.0573580000000	47.8984200000000
48.0681160000000	47.9091190000000	47.9038790000000
48.0681160000000	48.0628480000000	47.9038790000000
48.0731630000000	47.9141370000000	47.9091190000000
48.0731630000000	48.0681160000000	47.9091190000000
48.0779870000000	47.9189350000000	47.9141370000000
48.0779870000000	48.0731630000000	47.9141370000000
48.0825900000000	47.9235130000000	47.9189350000000
48.0825900000000	48.0779870000000	47.9189350000000
48.0869710000000	47.9278690000000	47.9235130000000
48.0869710000000	48.0825900000000	47.9235130000000
48.0911280000000	47.9320040000000	47.9278690000000
48.0911280000000	48.0869710000000	47.9278690000000
48.0950640000000	47.9359170000000	47.9320040000000
48.0950640000000	48.0911280000000	47.9320040000000
48.0987760000000	47.9396090000000	47.9359170000000
48.0987760000000	48.0950640000000	47.9359170000000
48.1022660000000	47.9430800000000	47.9396090000000
48.1022660000000	48.0987760000000	47.9396090000000
48.1055330000000	47.9463280000000	47.9430800000000
48.1055330000000	48.1022660000000	47.9430800000000
48.1085770000000	47.9493550000000	47.9463280000000
48.1085770000000	48.1055330000000	47.9463280000000
48.1113970000000	47.9521600000000	47.9493550000000
48.1113970000000	48.1085770000000	47.9493550000000
48.1139940000000	47.9547420000000	47.9521600000000
48.1139940000000	48.1113970000000	47.9521600000000
48.1163670000000	47.9571030000000	47.9547420000000
48.1163670000000	48.1139940000000	47.9547420000000
48.1185170000000	47.9592410000000	47.9571030000000
48.1185170000000	48.1163670000000	47.9571030000000
48.1204440000000	47.9611570000000	47.9592410000000
48.1204440000000	48.1185170000000	47.9592410000000
48.1221460000000	47.9628500000000	47.9611570000000
48.1221460000000	48.1204440000000	47.9611570000000
48.1236250000000	47.9643200000000	47.9628500000000
48.1236250000000	48.1221460000000	47.9628500000000
48.1248800000000	47.9655680000000	47.9643200000000
48.1248800000000	48.1236250000000	47.9643200000000
48.1259110000000	47.9665940000000	47.9655680000000
48.1259110000000	48.1248800000000	47.9655680000000
48.1267180000000	47.9673970000000	47.9665940000000
48.1267180000000	48.1259110000000	47.9665940000000
48.1273020000000	47.9679770000000	47.9673970000000
48.1273020000000	48.1267180000000	47.9673970000000
48.1276610000000	47.9683340000000	47.9679770000000
48.1276610000000	48.1273020000000	47.9679770000000
48.1277960000000	47.9684690000000	47.9683340000000
48.1277960000000	48.1276610000000	47.9683340000000
48.1277080000000	47.9683800000000	47.9684690000000
48.1277080000000	48.1277960000000	47.9684690000000
48.1273950000000	47.9680690000000	47.9683800000000
48.1273950000000	48.1277080000000	47.9683800000000
48.1268590000000	47.9675360000000	47.9680690000000
48.1268590000000	48.1273950000000	47.9680690000000
48.1260980000000	47.9667790000000	47.9675360000000
48.1260980000000	48.1268590000000	47.9675360000000
47.9658000000000	48.1251130000000	47.9667790000000
48.1251130000000	48.1260980000000	47.9667790000000
47.9645990000000	48.1239050000000	47.9658000000000
48.1239050000000	47.9658000000000	48.1251130000000
47.9631740000000	48.1224730000000	47.9645990000000
48.1224730000000	47.9645990000000	48.1239050000000
47.8984200000000	47.7394750000000	47.8927400000000
47.9038790000000	47.7449040000000	47.7394750000000
47.9038790000000	47.8984200000000	47.7394750000000
47.9091190000000	47.7501140000000	47.7449040000000
47.9091190000000	47.9038790000000	47.7449040000000
47.9141370000000	47.7551050000000	47.7501140000000
47.9141370000000	47.9091190000000	47.7501140000000
47.9189350000000	47.7598770000000	47.7551050000000
47.9189350000000	47.9141370000000	47.7551050000000
47.9235130000000	47.7644290000000	47.7598770000000
47.9235130000000	47.9189350000000	47.7598770000000
47.9278690000000	47.7687610000000	47.7644290000000
47.9278690000000	47.9235130000000	47.7644290000000
47.9320040000000	47.7728730000000	47.7687610000000
47.9320040000000	47.9278690000000	47.7687610000000
47.9359170000000	47.7767650000000	47.7728730000000
47.9359170000000	47.9320040000000	47.7728730000000
47.9396090000000	47.7804370000000	47.7767650000000
47.9396090000000	47.9359170000000	47.7767650000000
47.9430800000000	47.7838880000000	47.7804370000000
47.9430800000000	47.9396090000000	47.7804370000000
47.9463280000000	47.7871190000000	47.7838880000000
47.9463280000000	47.9430800000000	47.7838880000000
47.9493550000000	47.7901290000000	47.7871190000000
47.9493550000000	47.9463280000000	47.7871190000000
47.9521600000000	47.7929180000000	47.7901290000000
47.9521600000000	47.9493550000000	47.7901290000000
47.9547420000000	47.7954860000000	47.7929180000000
47.9547420000000	47.9521600000000	47.7929180000000
47.9571030000000	47.7978330000000	47.7954860000000
47.9571030000000	47.9547420000000	47.7954860000000
47.9592410000000	47.7999600000000	47.7978330000000
47.9592410000000	47.9571030000000	47.7978330000000
47.9611570000000	47.8018650000000	47.7999600000000
47.9611570000000	47.9592410000000	47.7999600000000
47.9628500000000	47.8035480000000	47.8018650000000
47.9628500000000	47.9611570000000	47.8018650000000
47.9643200000000	47.8050110000000	47.8035480000000
47.9643200000000	47.9628500000000	47.8035480000000
47.9655680000000	47.8062520000000	47.8050110000000
47.9655680000000	47.9643200000000	47.8050110000000
47.9665940000000	47.8072720000000	47.8062520000000
47.9665940000000	47.9655680000000	47.8062520000000
47.9673970000000	47.8080700000000	47.8072720000000
47.9673970000000	47.9665940000000	47.8072720000000
47.9679770000000	47.8086470000000	47.8080700000000
47.9679770000000	47.9673970000000	47.8080700000000
47.9683340000000	47.8090020000000	47.8086470000000
47.9683340000000	47.9679770000000	47.8086470000000
47.9684690000000	47.8091360000000	47.8090020000000
47.9684690000000	47.9683340000000	47.8090020000000
47.9683800000000	47.8090490000000	47.8091360000000
47.9683800000000	47.9684690000000	47.8091360000000
47.8087390000000	47.9680690000000	47.8090490000000
47.9680690000000	47.9683800000000	47.8090490000000
47.8082090000000	47.9675360000000	47.8087390000000
47.9675360000000	47.8087390000000	47.9680690000000
47.8074570000000	47.9667790000000	47.8082090000000
47.9667790000000	47.8082090000000	47.9675360000000
47.8064830000000	47.9658000000000	47.8074570000000
47.9658000000000	47.8074570000000	47.9667790000000
47.8052880000000	47.9645990000000	47.8064830000000
47.9645990000000	47.8064830000000	47.9658000000000
47.9631740000000	47.8052880000000	47.9645990000000
47.7449040000000	47.5859220000000	47.5805230000000
47.7449040000000	47.7394750000000	47.5805230000000
47.7501140000000	47.5911040000000	47.5859220000000
47.7501140000000	47.7449040000000	47.5859220000000
47.7551050000000	47.5960670000000	47.5911040000000
47.7551050000000	47.7501140000000	47.5911040000000
47.7598770000000	47.6008130000000	47.5960670000000
47.7598770000000	47.7551050000000	47.5960670000000
47.7644290000000	47.6053390000000	47.6008130000000
47.7644290000000	47.7598770000000	47.6008130000000
47.7687610000000	47.6096470000000	47.6053390000000
47.7687610000000	47.7644290000000	47.6053390000000
47.7728730000000	47.6137370000000	47.6096470000000
47.7728730000000	47.7687610000000	47.6096470000000
47.7767650000000	47.6176070000000	47.6137370000000
47.7767650000000	47.7728730000000	47.6137370000000
47.7804370000000	47.6212590000000	47.6176070000000
47.7804370000000	47.7767650000000	47.6176070000000
47.7838880000000	47.6246910000000	47.6212590000000
47.7838880000000	47.7804370000000	47.6212590000000
47.7871190000000	47.6279040000000	47.6246910000000
47.7871190000000	47.7838880000000	47.6246910000000
47.7901290000000	47.6308970000000	47.6279040000000
47.7901290000000	47.7871190000000	47.6279040000000
47.7929180000000	47.6336710000000	47.6308970000000
47.7929180000000	47.7901290000000	47.6308970000000
47.7954860000000	47.6362250000000	47.6336710000000
47.7954860000000	47.7929180000000	47.6336710000000
47.7978330000000	47.6385590000000	47.6362250000000
47.7978330000000	47.7954860000000	47.6362250000000
47.7999600000000	47.6406740000000	47.6385590000000
47.7999600000000	47.7978330000000	47.6385590000000
47.8018650000000	47.6425680000000	47.6406740000000
47.8018650000000	47.7999600000000	47.6406740000000
47.8035480000000	47.6442430000000	47.6425680000000
47.8035480000000	47.8018650000000	47.6425680000000
47.8050110000000	47.6456970000000	47.6442430000000
47.8050110000000	47.8035480000000	47.6442430000000
47.8062520000000	47.6469310000000	47.6456970000000
47.8062520000000	47.8050110000000	47.6456970000000
47.8072720000000	47.6479450000000	47.6469310000000
47.8072720000000	47.8062520000000	47.6469310000000
47.8080700000000	47.6487390000000	47.6479450000000
47.8080700000000	47.8072720000000	47.6479450000000
47.8086470000000	47.6493130000000	47.6487390000000
47.8086470000000	47.8080700000000	47.6487390000000
47.8090020000000	47.6496660000000	47.6493130000000
47.8090020000000	47.8086470000000	47.6493130000000
47.8091360000000	47.6497990000000	47.6496660000000
47.8091360000000	47.8090020000000	47.6496660000000
47.6497120000000	47.8090490000000	47.6497990000000
47.8090490000000	47.8091360000000	47.6497990000000
47.6494050000000	47.8087390000000	47.6497120000000
47.8087390000000	47.6497120000000	47.8090490000000
47.6488770000000	47.8082090000000	47.6494050000000
47.8082090000000	47.6494050000000	47.8087390000000
47.6481290000000	47.8074570000000	47.6488770000000
47.8074570000000	47.6488770000000	47.8082090000000
47.6471610000000	47.8064830000000	47.6481290000000
47.8064830000000	47.6481290000000	47.8074570000000
47.6459720000000	47.8052880000000	47.6471610000000
47.8052880000000	47.6471610000000	47.8064830000000
47.5859220000000	47.4269340000000	47.5805230000000
47.5911040000000	47.4320870000000	47.4269340000000
47.5911040000000	47.5859220000000	47.4269340000000
47.5960670000000	47.4370230000000	47.4320870000000
47.5960670000000	47.5911040000000	47.4320870000000
47.6008130000000	47.4417420000000	47.4370230000000
47.6008130000000	47.5960670000000	47.4370230000000
47.6053390000000	47.4462440000000	47.4417420000000
47.6053390000000	47.6008130000000	47.4417420000000
47.6096470000000	47.4505280000000	47.4462440000000
47.6096470000000	47.6053390000000	47.4462440000000
47.6137370000000	47.4545950000000	47.4505280000000
47.6137370000000	47.6096470000000	47.4505280000000
47.6176070000000	47.4584440000000	47.4545950000000
47.6176070000000	47.6137370000000	47.4545950000000
47.6212590000000	47.4620750000000	47.4584440000000
47.6212590000000	47.6176070000000	47.4584440000000
47.6246910000000	47.4654880000000	47.4620750000000
47.6246910000000	47.6212590000000	47.4620750000000
47.6279040000000	47.4686830000000	47.4654880000000
47.6279040000000	47.6246910000000	47.4654880000000
47.6308970000000	47.4716600000000	47.4686830000000
47.6308970000000	47.6279040000000	47.4686830000000
47.6336710000000	47.4744190000000	47.4716600000000
47.6336710000000	47.6308970000000	47.4716600000000
47.6362250000000	47.4769590000000	47.4744190000000
47.6362250000000	47.6336710000000	47.4744190000000
47.6385590000000	47.4792800000000	47.4769590000000
47.6385590000000	47.6362250000000	47.4769590000000
47.6406740000000	47.4813830000000	47.4792800000000
47.6406740000000	47.6385590000000	47.4792800000000
47.6425680000000	47.4832670000000	47.4813830000000
47.6425680000000	47.6406740000000	47.4813830000000
47.6442430000000	47.4849320000000	47.4832670000000
47.6442430000000	47.6425680000000	47.4832670000000
47.6456970000000	47.4863780000000	47.4849320000000
47.6456970000000	47.6442430000000	47.4849320000000
47.6469310000000	47.4876060000000	47.4863780000000
47.6469310000000	47.6456970000000	47.4863780000000
47.6479450000000	47.4886140000000	47.4876060000000
47.6479450000000	47.6469310000000	47.4876060000000
47.6487390000000	47.4894040000000	47.4886140000000
47.6487390000000	47.6479450000000	47.4886140000000
47.6493130000000	47.4899740000000	47.4894040000000
47.6493130000000	47.6487390000000	47.4894040000000
47.6496660000000	47.4903260000000	47.4899740000000
47.6496660000000	47.6493130000000	47.4899740000000
47.4904580000000	47.6497990000000	47.4903260000000
47.6497990000000	47.6496660000000	47.4903260000000
47.4903710000000	47.6497120000000	47.4904580000000
47.6497120000000	47.4904580000000	47.6497990000000
47.4900660000000	47.6494050000000	47.4903710000000
47.6494050000000	47.4903710000000	47.6497120000000
47.4895410000000	47.6488770000000	47.4900660000000
47.6488770000000	47.4900660000000	47.6494050000000
47.4887970000000	47.6481290000000	47.4895410000000
47.6481290000000	47.4895410000000	47.6488770000000
47.4878340000000	47.6471610000000	47.4887970000000
47.6471610000000	47.4887970000000	47.6481290000000
47.4866520000000	47.6459720000000	47.4878340000000
47.6459720000000	47.4878340000000	47.6471610000000
47.4320870000000	47.2730640000000	47.2679390000000
47.4320870000000	47.4269340000000	47.2679390000000
47.4370230000000	47.2779720000000	47.2730640000000
47.4370230000000	47.4320870000000	47.2730640000000
47.4417420000000	47.2826650000000	47.2779720000000
47.4417420000000	47.4370230000000	47.2779720000000
47.4462440000000	47.2871420000000	47.2826650000000
47.4462440000000	47.4417420000000	47.2826650000000
47.4505280000000	47.2914030000000	47.2871420000000
47.4505280000000	47.4462440000000	47.2871420000000
47.4545950000000	47.2954470000000	47.2914030000000
47.4545950000000	47.4505280000000	47.2914030000000
47.4584440000000	47.2992750000000	47.2954470000000
47.4584440000000	47.4545950000000	47.2954470000000
47.4620750000000	47.3028860000000	47.2992750000000
47.4620750000000	47.4584440000000	47.2992750000000
47.4654880000000	47.3062810000000	47.3028860000000
47.4654880000000	47.4620750000000	47.3028860000000
47.4686830000000	47.3094580000000	47.3062810000000
47.4686830000000	47.4654880000000	47.3062810000000
47.4716600000000	47.3124180000000	47.3094580000000
47.4716600000000	47.4686830000000	47.3094580000000
47.4744190000000	47.3151610000000	47.3124180000000
47.4744190000000	47.4716600000000	47.3124180000000
47.4769590000000	47.3176870000000	47.3151610000000
47.4769590000000	47.4744190000000	47.3151610000000
47.4792800000000	47.3199960000000	47.3176870000000
47.4792800000000	47.4769590000000	47.3176870000000
47.4813830000000	47.3220870000000	47.3199960000000
47.4813830000000	47.4792800000000	47.3199960000000
47.4832670000000	47.3239610000000	47.3220870000000
47.4832670000000	47.4813830000000	47.3220870000000
47.4849320000000	47.3256170000000	47.3239610000000
47.4849320000000	47.4832670000000	47.3239610000000
47.4863780000000	47.3270550000000	47.3256170000000
47.4863780000000	47.4849320000000	47.3256170000000
47.4876060000000	47.3282760000000	47.3270550000000
47.4876060000000	47.4863780000000	47.3270550000000
47.4886140000000	47.3292790000000	47.3282760000000
47.4886140000000	47.4876060000000	47.3282760000000
47.4894040000000	47.3300640000000	47.3292790000000
47.4894040000000	47.4886140000000	47.3292790000000
47.3306310000000	47.4899740000000	47.3300640000000
47.4899740000000	47.4894040000000	47.3300640000000
47.3309810000000	47.4903260000000	47.3306310000000
47.4903260000000	47.3306310000000	47.4899740000000
47.3311120000000	47.4904580000000	47.3309810000000
47.4904580000000	47.3309810000000	47.4903260000000
47.3310260000000	47.4903710000000	47.3311120000000
47.4903710000000	47.3311120000000	47.4904580000000
47.3307220000000	47.4900660000000	47.3310260000000
47.4900660000000	47.3310260000000	47.4903710000000
47.3302000000000	47.4895410000000	47.3307220000000
47.4895410000000	47.3307220000000	47.4900660000000
47.3294600000000	47.4887970000000	47.3302000000000
47.4887970000000	47.3302000000000	47.4895410000000
47.3285030000000	47.4878340000000	47.3294600000000
47.4878340000000	47.3294600000000	47.4887970000000
47.3273280000000	47.4866520000000	47.3285030000000
47.4866520000000	47.3285030000000	47.4878340000000
47.2730640000000	47.1140340000000	47.1089380000000
47.2730640000000	47.2679390000000	47.1089380000000
47.2779720000000	47.1189160000000	47.1140340000000
47.2779720000000	47.2730640000000	47.1140340000000
47.2826650000000	47.1235830000000	47.1189160000000
47.2826650000000	47.2779720000000	47.1189160000000
47.2871420000000	47.1280350000000	47.1235830000000
47.2871420000000	47.2826650000000	47.1235830000000
47.2914030000000	47.1322720000000	47.1280350000000
47.2914030000000	47.2871420000000	47.1280350000000
47.2954470000000	47.1362940000000	47.1322720000000
47.2954470000000	47.2914030000000	47.1322720000000
47.2992750000000	47.1401010000000	47.1362940000000
47.2992750000000	47.2954470000000	47.1362940000000
47.3028860000000	47.1436920000000	47.1401010000000
47.3028860000000	47.2992750000000	47.1401010000000
47.3062810000000	47.1470670000000	47.1436920000000
47.3062810000000	47.3028860000000	47.1436920000000
47.3094580000000	47.1502270000000	47.1470670000000
47.3094580000000	47.3062810000000	47.1470670000000
47.3124180000000	47.1531710000000	47.1502270000000
47.3124180000000	47.3094580000000	47.1502270000000
47.3151610000000	47.1558990000000	47.1531710000000
47.3151610000000	47.3124180000000	47.1531710000000
47.3176870000000	47.1584110000000	47.1558990000000
47.3176870000000	47.3151610000000	47.1558990000000
47.3199960000000	47.1607070000000	47.1584110000000
47.3199960000000	47.3176870000000	47.1584110000000
47.3220870000000	47.1627870000000	47.1607070000000
47.3220870000000	47.3199960000000	47.1607070000000
47.3239610000000	47.1646500000000	47.1627870000000
47.3239610000000	47.3220870000000	47.1627870000000
47.3256170000000	47.1662970000000	47.1646500000000
47.3256170000000	47.3239610000000	47.1646500000000
47.3270550000000	47.1677270000000	47.1662970000000
47.3270550000000	47.3256170000000	47.1662970000000
47.3282760000000	47.1689410000000	47.1677270000000
47.3282760000000	47.3270550000000	47.1677270000000
47.3292790000000	47.1699390000000	47.1689410000000
47.3292790000000	47.3282760000000	47.1689410000000
47.3300640000000	47.1707190000000	47.1699390000000
47.3300640000000	47.3292790000000	47.1699390000000
47.1712840000000	47.3306310000000	47.1707190000000
47.3306310000000	47.3300640000000	47.1707190000000
47.1716310000000	47.3309810000000	47.1712840000000
47.3309810000000	47.1712840000000	47.3306310000000
47.3311120000000	47.1717620000000	47.1716310000000
47.3311120000000	47.1716310000000	47.3309810000000
47.3310260000000	47.1716760000000	47.1717620000000
47.3310260000000	47.3311120000000	47.1717620000000
47.3307220000000	47.1713740000000	47.1716760000000
47.3307220000000	47.3310260000000	47.1716760000000
47.1708550000000	47.3302000000000	47.1713740000000
47.3302000000000	47.3307220000000	47.1713740000000
47.1701190000000	47.3294600000000	47.1708550000000
47.3294600000000	47.1708550000000	47.3302000000000
47.1691670000000	47.3285030000000	47.1701190000000
47.3285030000000	47.1701190000000	47.3294600000000
47.3273280000000	47.1691670000000	47.3285030000000
47.1140340000000	46.9549980000000	47.1089380000000
47.1189160000000	46.9598520000000	46.9549980000000
47.1189160000000	47.1140340000000	46.9549980000000
47.1235830000000	46.9644940000000	46.9598520000000
47.1235830000000	47.1189160000000	46.9598520000000
47.1280350000000	46.9689210000000	46.9644940000000
47.1280350000000	47.1235830000000	46.9644940000000
47.1322720000000	46.9731350000000	46.9689210000000
47.1322720000000	47.1280350000000	46.9689210000000
47.1362940000000	46.9771350000000	46.9731350000000
47.1362940000000	47.1322720000000	46.9731350000000
47.1401010000000	46.9809210000000	46.9771350000000
47.1401010000000	47.1362940000000	46.9771350000000
47.1436920000000	46.9844920000000	46.9809210000000
47.1436920000000	47.1401010000000	46.9809210000000
47.1470670000000	46.9878490000000	46.9844920000000
47.1470670000000	47.1436920000000	46.9844920000000
47.1502270000000	46.9909920000000	46.9878490000000
47.1502270000000	47.1470670000000	46.9878490000000
47.1531710000000	46.9939190000000	46.9909920000000
47.1531710000000	47.1502270000000	46.9909920000000
47.1558990000000	46.9966320000000	46.9939190000000
47.1558990000000	47.1531710000000	46.9939190000000
47.1584110000000	46.9991300000000	46.9966320000000
47.1584110000000	47.1558990000000	46.9966320000000
47.1607070000000	47.0014140000000	46.9991300000000
47.1607070000000	47.1584110000000	46.9991300000000
47.1627870000000	47.0034820000000	47.0014140000000
47.1627870000000	47.1607070000000	47.0014140000000
47.1646500000000	47.0053350000000	47.0034820000000
47.1646500000000	47.1627870000000	47.0034820000000
47.1662970000000	47.0069720000000	47.0053350000000
47.1662970000000	47.1646500000000	47.0053350000000
47.1677270000000	47.0083950000000	47.0069720000000
47.1677270000000	47.1662970000000	47.0069720000000
47.1689410000000	47.0096020000000	47.0083950000000
47.1689410000000	47.1677270000000	47.0083950000000
47.0105940000000	47.1699390000000	47.0096020000000
47.1699390000000	47.1689410000000	47.0096020000000
47.0113700000000	47.1707190000000	47.0105940000000
47.1707190000000	47.0105940000000	47.1699390000000
47.0119320000000	47.1712840000000	47.0113700000000
47.1712840000000	47.0113700000000	47.1707190000000
47.0122770000000	47.1716310000000	47.0119320000000
47.1716310000000	47.0119320000000	47.1712840000000
47.0124070000000	47.1717620000000	47.0122770000000
47.1717620000000	47.0122770000000	47.1716310000000
47.0123220000000	47.1716760000000	47.0124070000000
47.1716760000000	47.0124070000000	47.1717620000000
47.0120210000000	47.1713740000000	47.0123220000000
47.1713740000000	47.0123220000000	47.1716760000000
47.0115050000000	47.1708550000000	47.0120210000000
47.1708550000000	47.0120210000000	47.1713740000000
47.0107740000000	47.1701190000000	47.0115050000000
47.1701190000000	47.0115050000000	47.1708550000000
47.0098270000000	47.1691670000000	47.0107740000000
47.1691670000000	47.0107740000000	47.1701190000000
46.9598520000000	46.8007830000000	46.7959550000000
46.9598520000000	46.9549980000000	46.7959550000000
46.9644940000000	46.8053990000000	46.8007830000000
46.9644940000000	46.9598520000000	46.8007830000000
46.9689210000000	46.8098020000000	46.8053990000000
46.9689210000000	46.9644940000000	46.8053990000000
46.9731350000000	46.8139930000000	46.8098020000000
46.9731350000000	46.9689210000000	46.8098020000000
46.9771350000000	46.8179710000000	46.8139930000000
46.9771350000000	46.9731350000000	46.8139930000000
46.9809210000000	46.8217350000000	46.8179710000000
46.9809210000000	46.9771350000000	46.8179710000000
46.9844920000000	46.8252870000000	46.8217350000000
46.9844920000000	46.9809210000000	46.8217350000000
46.9878490000000	46.8286250000000	46.8252870000000
46.9878490000000	46.9844920000000	46.8252870000000
46.9909920000000	46.8317510000000	46.8286250000000
46.9909920000000	46.9878490000000	46.8286250000000
46.9939190000000	46.8346620000000	46.8317510000000
46.9939190000000	46.9909920000000	46.8317510000000
46.9966320000000	46.8373600000000	46.8346620000000
46.9966320000000	46.9939190000000	46.8346620000000
46.9991300000000	46.8398440000000	46.8373600000000
46.9991300000000	46.9966320000000	46.8373600000000
47.0014140000000	46.8421150000000	46.8398440000000
47.0014140000000	46.9991300000000	46.8398440000000
47.0034820000000	46.8441720000000	46.8421150000000
47.0034820000000	47.0014140000000	46.8421150000000
47.0053350000000	46.8460140000000	46.8441720000000
47.0053350000000	47.0034820000000	46.8441720000000
47.0069720000000	46.8476430000000	46.8460140000000
47.0069720000000	47.0053350000000	46.8460140000000
47.0083950000000	46.8490580000000	46.8476430000000
47.0083950000000	47.0069720000000	46.8476430000000
46.8502580000000	47.0096020000000	46.8490580000000
47.0096020000000	47.0083950000000	46.8490580000000
46.8512450000000	47.0105940000000	46.8502580000000
47.0105940000000	46.8502580000000	47.0096020000000
46.8520170000000	47.0113700000000	46.8512450000000
47.0113700000000	46.8512450000000	47.0105940000000
46.8525750000000	47.0119320000000	46.8520170000000
47.0119320000000	46.8520170000000	47.0113700000000
46.8529190000000	47.0122770000000	46.8525750000000
47.0122770000000	46.8525750000000	47.0119320000000
46.8530480000000	47.0124070000000	46.8529190000000
47.0124070000000	46.8529190000000	47.0122770000000
46.8529630000000	47.0123220000000	46.8530480000000
47.0123220000000	46.8530480000000	47.0124070000000
46.8526640000000	47.0120210000000	46.8529630000000
47.0120210000000	46.8529630000000	47.0123220000000
46.8521510000000	47.0115050000000	46.8526640000000
47.0115050000000	46.8526640000000	47.0120210000000
46.8514230000000	47.0107740000000	46.8521510000000
47.0107740000000	46.8521510000000	47.0115050000000
46.8504820000000	47.0098270000000	46.8514230000000
47.0098270000000	46.8514230000000	47.0107740000000
46.8007830000000	46.6417080000000	46.7959550000000
46.8053990000000	46.6462980000000	46.6417080000000
46.8053990000000	46.8007830000000	46.6417080000000
46.8098020000000	46.6506770000000	46.6462980000000
46.8098020000000	46.8053990000000	46.6462980000000
46.8139930000000	46.6548450000000	46.6506770000000
46.8139930000000	46.8098020000000	46.6506770000000
46.8179710000000	46.6588000000000	46.6548450000000
46.8179710000000	46.8139930000000	46.6548450000000
46.8217350000000	46.6625440000000	46.6588000000000
46.8217350000000	46.8179710000000	46.6588000000000
46.8252870000000	46.6660760000000	46.6625440000000
46.8252870000000	46.8217350000000	46.6625440000000
46.8286250000000	46.6693970000000	46.6660760000000
46.8286250000000	46.8252870000000	46.6660760000000
46.8317510000000	46.6725040000000	46.6693970000000
46.8317510000000	46.8286250000000	46.6693970000000
46.8346620000000	46.6754000000000	46.6725040000000
46.8346620000000	46.8317510000000	46.6725040000000
46.8373600000000	46.6780830000000	46.6754000000000
46.8373600000000	46.8346620000000	46.6754000000000
46.8398440000000	46.6805540000000	46.6780830000000
46.8398440000000	46.8373600000000	46.6780830000000
46.8421150000000	46.6828120000000	46.6805540000000
46.8421150000000	46.8398440000000	46.6805540000000
46.8441720000000	46.6848570000000	46.6828120000000
46.8441720000000	46.8421150000000	46.6828120000000
46.8460140000000	46.6866900000000	46.6848570000000
46.8460140000000	46.8441720000000	46.6848570000000
46.6883090000000	46.8476430000000	46.6866900000000
46.8476430000000	46.8460140000000	46.6866900000000
46.6897160000000	46.8490580000000	46.6883090000000
46.8490580000000	46.6883090000000	46.8476430000000
46.6909100000000	46.8502580000000	46.6897160000000
46.8502580000000	46.6897160000000	46.8490580000000
46.6918910000000	46.8512450000000	46.6909100000000
46.8512450000000	46.6909100000000	46.8502580000000
46.6926590000000	46.8520170000000	46.6918910000000
46.8520170000000	46.6918910000000	46.8512450000000
46.6932140000000	46.8525750000000	46.6926590000000
46.8525750000000	46.6926590000000	46.8520170000000
46.6935560000000	46.8529190000000	46.6932140000000
46.8529190000000	46.6932140000000	46.8525750000000
46.6936840000000	46.8530480000000	46.6935560000000
46.8530480000000	46.6935560000000	46.8529190000000
46.6936000000000	46.8529630000000	46.6936840000000
46.8529630000000	46.6936840000000	46.8530480000000
46.6933030000000	46.8526640000000	46.6936000000000
46.8526640000000	46.6936000000000	46.8529630000000
46.6927920000000	46.8521510000000	46.6933030000000
46.8521510000000	46.6933030000000	46.8526640000000
46.6920690000000	46.8514230000000	46.6927920000000
46.8514230000000	46.6927920000000	46.8521510000000
46.6911320000000	46.8504820000000	46.6920690000000
46.8504820000000	46.6920690000000	46.8514230000000
46.6462980000000	46.4871910000000	46.4826260000000
46.6462980000000	46.6417080000000	46.4826260000000
46.6506770000000	46.4915460000000	46.4871910000000
46.6506770000000	46.6462980000000	46.4871910000000
46.6548450000000	46.4956910000000	46.4915460000000
46.6548450000000	46.6506770000000	46.4915460000000
46.6588000000000	46.4996250000000	46.4956910000000
46.6588000000000	46.6548450000000	46.4956910000000
46.6625440000000	46.5033480000000	46.4996250000000
46.6625440000000	46.6588000000000	46.4996250000000
46.6660760000000	46.5068610000000	46.5033480000000
46.6660760000000	46.6625440000000	46.5033480000000
46.6693970000000	46.5101620000000	46.5068610000000
46.6693970000000	46.6660760000000	46.5068610000000
46.6725040000000	46.5132530000000	46.5101620000000
46.6725040000000	46.6693970000000	46.5101620000000
46.6754000000000	46.5161330000000	46.5132530000000
46.6754000000000	46.6725040000000	46.5132530000000
46.6780830000000	46.5188010000000	46.5161330000000
46.6780830000000	46.6754000000000	46.5161330000000
46.6805540000000	46.5212580000000	46.5188010000000
46.6805540000000	46.6780830000000	46.5188010000000
46.6828120000000	46.5235030000000	46.5212580000000
46.6828120000000	46.6805540000000	46.5212580000000
46.5255370000000	46.6848570000000	46.5235030000000
46.6848570000000	46.6828120000000	46.5235030000000
46.5273600000000	46.6866900000000	46.5255370000000
46.6866900000000	46.5255370000000	46.6848570000000
46.5289710000000	46.6883090000000	46.5273600000000
46.6883090000000	46.5273600000000	46.6866900000000
46.5303700000000	46.6897160000000	46.5289710000000
46.6897160000000	46.5289710000000	46.6883090000000
46.5315570000000	46.6909100000000	46.5303700000000
46.6909100000000	46.5303700000000	46.6897160000000
46.5325330000000	46.6918910000000	46.5315570000000
46.6918910000000	46.5315570000000	46.6909100000000
46.5332960000000	46.6926590000000	46.5325330000000
46.6926590000000	46.5325330000000	46.6918910000000
46.5338480000000	46.6932140000000	46.5332960000000
46.6932140000000	46.5332960000000	46.6926590000000
46.5341880000000	46.6935560000000	46.5338480000000
46.6935560000000	46.5338480000000	46.6932140000000
46.5343160000000	46.6936840000000	46.5341880000000
46.6936840000000	46.5341880000000	46.6935560000000
46.5342320000000	46.6936000000000	46.5343160000000
46.6936000000000	46.5343160000000	46.6936840000000
46.5339370000000	46.6933030000000	46.5342320000000
46.6933030000000	46.5342320000000	46.6936000000000
46.5334290000000	46.6927920000000	46.5339370000000
46.6927920000000	46.5339370000000	46.6933030000000
46.5327090000000	46.6920690000000	46.5334290000000
46.6920690000000	46.5334290000000	46.6927920000000
46.5317780000000	46.6911320000000	46.5327090000000
46.6911320000000	46.5327090000000	46.6920690000000
46.4871910000000	46.3280780000000	46.4826260000000
46.4915460000000	46.3324090000000	46.3280780000000
46.4915460000000	46.4871910000000	46.3280780000000
46.4956910000000	46.3365310000000	46.3324090000000
46.4956910000000	46.4915460000000	46.3324090000000
46.4996250000000	46.3404430000000	46.3365310000000
46.4996250000000	46.4956910000000	46.3365310000000
46.5033480000000	46.3441460000000	46.3404430000000
46.5033480000000	46.4996250000000	46.3404430000000
46.5068610000000	46.3476390000000	46.3441460000000
46.5068610000000	46.5033480000000	46.3441460000000
46.5101620000000	46.3509230000000	46.3476390000000
46.5101620000000	46.5068610000000	46.3476390000000
46.5132530000000	46.3539960000000	46.3509230000000
46.5132530000000	46.5101620000000	46.3509230000000
46.5161330000000	46.3568600000000	46.3539960000000
46.5161330000000	46.5132530000000	46.3539960000000
46.5188010000000	46.3595140000000	46.3568600000000
46.5188010000000	46.5161330000000	46.3568600000000
46.5212580000000	46.3619570000000	46.3595140000000
46.5212580000000	46.5188010000000	46.3595140000000
46.5235030000000	46.3641900000000	46.3619570000000
46.5235030000000	46.5212580000000	46.3619570000000
46.3662130000000	46.5255370000000	46.3641900000000
46.5255370000000	46.5235030000000	46.3641900000000
46.3680260000000	46.5273600000000	46.3662130000000
46.5273600000000	46.3662130000000	46.5255370000000
46.3696280000000	46.5289710000000	46.3680260000000
46.5289710000000	46.3680260000000	46.5273600000000
46.3710190000000	46.5303700000000	46.3696280000000
46.5303700000000	46.3696280000000	46.5289710000000
46.3722000000000	46.5315570000000	46.3710190000000
46.5315570000000	46.3710190000000	46.5303700000000
46.3731700000000	46.5325330000000	46.3722000000000
46.5325330000000	46.3722000000000	46.5315570000000
46.3739290000000	46.5332960000000	46.3731700000000
46.5332960000000	46.3731700000000	46.5325330000000
46.3744780000000	46.5338480000000	46.3739290000000
46.5338480000000	46.3739290000000	46.5332960000000
46.3748160000000	46.5341880000000	46.3744780000000
46.5341880000000	46.3744780000000	46.5338480000000
46.3749440000000	46.5343160000000	46.3748160000000
46.5343160000000	46.3748160000000	46.5341880000000
46.3748600000000	46.5342320000000	46.3749440000000
46.5342320000000	46.3749440000000	46.5343160000000
46.3745660000000	46.5339370000000	46.3748600000000
46.5339370000000	46.3748600000000	46.5342320000000
46.3740610000000	46.5334290000000	46.3745660000000
46.5334290000000	46.3745660000000	46.5339370000000
46.3733460000000	46.5327090000000	46.3740610000000
46.5327090000000	46.3740610000000	46.5334290000000
46.3724190000000	46.5317780000000	46.3733460000000
46.5317780000000	46.3733460000000	46.5327090000000
46.3324090000000	46.1732660000000	46.1689590000000
46.3324090000000	46.3280780000000	46.1689590000000
46.3365310000000	46.1773650000000	46.1732660000000
46.3365310000000	46.3324090000000	46.1732660000000
46.3404430000000	46.1812560000000	46.1773650000000
46.3404430000000	46.3365310000000	46.1773650000000
46.3441460000000	46.1849390000000	46.1812560000000
46.3441460000000	46.3404430000000	46.1812560000000
46.3476390000000	46.1884130000000	46.1849390000000
46.3476390000000	46.3441460000000	46.1849390000000
46.3509230000000	46.1916780000000	46.1884130000000
46.3509230000000	46.3476390000000	46.1884130000000
46.3539960000000	46.1947350000000	46.1916780000000
46.3539960000000	46.3509230000000	46.1916780000000
46.3568600000000	46.1975830000000	46.1947350000000
46.3568600000000	46.3539960000000	46.1947350000000
46.3595140000000	46.2002220000000	46.1975830000000
46.3595140000000	46.3568600000000	46.1975830000000
46.2026520000000	46.3619570000000	46.2002220000000
46.3619570000000	46.3595140000000	46.2002220000000
46.2048730000000	46.3641900000000	46.2026520000000
46.3641900000000	46.2026520000000	46.3619570000000
46.2068840000000	46.3662130000000	46.2048730000000
46.3662130000000	46.2048730000000	46.3641900000000
46.2086870000000	46.3680260000000	46.2068840000000
46.3680260000000	46.2068840000000	46.3662130000000
46.2102800000000	46.3696280000000	46.2086870000000
46.3696280000000	46.2086870000000	46.3680260000000
46.2116630000000	46.3710190000000	46.2102800000000
46.3710190000000	46.2102800000000	46.3696280000000
46.2128380000000	46.3722000000000	46.2116630000000
46.3722000000000	46.2116630000000	46.3710190000000
46.2138030000000	46.3731700000000	46.2128380000000
46.3731700000000	46.2128380000000	46.3722000000000
46.2145580000000	46.3739290000000	46.2138030000000
46.3739290000000	46.2138030000000	46.3731700000000
46.2151040000000	46.3744780000000	46.2145580000000
46.3744780000000	46.2145580000000	46.3739290000000
46.2154400000000	46.3748160000000	46.2151040000000
46.3748160000000	46.2151040000000	46.3744780000000
46.2155660000000	46.3749440000000	46.2154400000000
46.3749440000000	46.2154400000000	46.3748160000000
46.2154830000000	46.3748600000000	46.2155660000000
46.3748600000000	46.2155660000000	46.3749440000000
46.2151910000000	46.3745660000000	46.2154830000000
46.3745660000000	46.2154830000000	46.3748600000000
46.3740610000000	46.2146890000000	46.2151910000000
46.3740610000000	46.2151910000000	46.3745660000000
46.3733460000000	46.2139770000000	46.2146890000000
46.3733460000000	46.3740610000000	46.2146890000000
46.3724190000000	46.2130560000000	46.2139770000000
46.3724190000000	46.3733460000000	46.2139770000000
46.1732660000000	46.0141180000000	46.0098350000000
46.1732660000000	46.1689590000000	46.0098350000000
46.1773650000000	46.0181940000000	46.0141180000000
46.1773650000000	46.1732660000000	46.0141180000000
46.1812560000000	46.0220640000000	46.0181940000000
46.1812560000000	46.1773650000000	46.0181940000000
46.1849390000000	46.0257260000000	46.0220640000000
46.1849390000000	46.1812560000000	46.0220640000000
46.1884130000000	46.0291810000000	46.0257260000000
46.1884130000000	46.1849390000000	46.0257260000000
46.1916780000000	46.0324280000000	46.0291810000000
46.1916780000000	46.1884130000000	46.0291810000000
46.1947350000000	46.0354680000000	46.0324280000000
46.1947350000000	46.1916780000000	46.0324280000000
46.1975830000000	46.0383000000000	46.0354680000000
46.1975830000000	46.1947350000000	46.0354680000000
46.2002220000000	46.0409250000000	46.0383000000000
46.2002220000000	46.1975830000000	46.0383000000000
46.2026520000000	46.0433410000000	46.0409250000000
46.2026520000000	46.2002220000000	46.0409250000000
46.0455500000000	46.2048730000000	46.0433410000000
46.2048730000000	46.2026520000000	46.0433410000000
46.0475500000000	46.2068840000000	46.0455500000000
46.2068840000000	46.0455500000000	46.2048730000000
46.0493430000000	46.2086870000000	46.0475500000000
46.2086870000000	46.0475500000000	46.2068840000000
46.0509270000000	46.2102800000000	46.0493430000000
46.2102800000000	46.0493430000000	46.2086870000000
46.0523030000000	46.2116630000000	46.0509270000000
46.2116630000000	46.0509270000000	46.2102800000000
46.0534710000000	46.2128380000000	46.0523030000000
46.2128380000000	46.0523030000000	46.2116630000000
46.0544310000000	46.2138030000000	46.0534710000000
46.2138030000000	46.0534710000000	46.2128380000000
46.0551820000000	46.2145580000000	46.0544310000000
46.2145580000000	46.0544310000000	46.2138030000000
46.0557240000000	46.2151040000000	46.0551820000000
46.2151040000000	46.0551820000000	46.2145580000000
46.0560590000000	46.2154400000000	46.0557240000000
46.2154400000000	46.0557240000000	46.2151040000000
46.0561850000000	46.2155660000000	46.0560590000000
46.2155660000000	46.0560590000000	46.2154400000000
46.0561020000000	46.2154830000000	46.0561850000000
46.2154830000000	46.0561850000000	46.2155660000000
46.0558110000000	46.2151910000000	46.0561020000000
46.2151910000000	46.0561020000000	46.2154830000000
46.2146890000000	46.0553120000000	46.0558110000000
46.2146890000000	46.0558110000000	46.2151910000000
46.2139770000000	46.0546040000000	46.0553120000000
46.2139770000000	46.2146890000000	46.0553120000000
46.2130560000000	46.0536880000000	46.0546040000000
46.2130560000000	46.2139770000000	46.0546040000000
46.0141180000000	45.8549630000000	45.8507040000000
46.0141180000000	46.0098350000000	45.8507040000000
46.0181940000000	45.8590170000000	45.8549630000000
46.0181940000000	46.0141180000000	45.8549630000000
46.0220640000000	45.8628650000000	45.8590170000000
46.0220640000000	46.0181940000000	45.8590170000000
46.0257260000000	45.8665070000000	45.8628650000000
46.0257260000000	46.0220640000000	45.8628650000000
46.0291810000000	45.8699430000000	45.8665070000000
46.0291810000000	46.0257260000000	45.8665070000000
46.0324280000000	45.8731730000000	45.8699430000000
46.0324280000000	46.0291810000000	45.8699430000000
46.0354680000000	45.8761960000000	45.8731730000000
46.0354680000000	46.0324280000000	45.8731730000000
46.0383000000000	45.8790130000000	45.8761960000000
46.0383000000000	46.0354680000000	45.8761960000000
46.0409250000000	45.8816230000000	45.8790130000000
46.0409250000000	46.0383000000000	45.8790130000000
46.0433410000000	45.8840260000000	45.8816230000000
46.0433410000000	46.0409250000000	45.8816230000000
45.8862220000000	46.0455500000000	45.8840260000000
46.0455500000000	46.0433410000000	45.8840260000000
45.8882120000000	46.0475500000000	45.8862220000000
46.0475500000000	45.8862220000000	46.0455500000000
45.8899940000000	46.0493430000000	45.8882120000000
46.0493430000000	45.8882120000000	46.0475500000000
45.8915700000000	46.0509270000000	45.8899940000000
46.0509270000000	45.8899940000000	46.0493430000000
45.8929390000000	46.0523030000000	45.8915700000000
46.0523030000000	45.8915700000000	46.0509270000000
45.8941000000000	46.0534710000000	45.8929390000000
46.0534710000000	45.8929390000000	46.0523030000000
46.0544310000000	45.8950540000000	45.8941000000000
46.0544310000000	45.8941000000000	46.0534710000000
45.8958010000000	46.0551820000000	45.8950540000000
46.0551820000000	46.0544310000000	45.8950540000000
45.8963410000000	46.0557240000000	45.8958010000000
46.0557240000000	45.8958010000000	46.0551820000000
45.8966730000000	46.0560590000000	45.8963410000000
46.0560590000000	45.8963410000000	46.0557240000000
45.8967990000000	46.0561850000000	45.8966730000000
46.0561850000000	45.8966730000000	46.0560590000000
45.8967170000000	46.0561020000000	45.8967990000000
46.0561020000000	45.8967990000000	46.0561850000000
46.0558110000000	45.8964270000000	45.8967170000000
46.0558110000000	45.8967170000000	46.0561020000000
46.0553120000000	45.8959310000000	45.8964270000000
46.0553120000000	46.0558110000000	45.8964270000000
46.0546040000000	45.8952270000000	45.8959310000000
46.0546040000000	46.0553120000000	45.8959310000000
46.0536880000000	45.8943160000000	45.8952270000000
46.0536880000000	46.0546040000000	45.8952270000000
45.8549630000000	45.6958030000000	45.8507040000000
45.8590170000000	45.6998350000000	45.6958030000000
45.8590170000000	45.8549630000000	45.6958030000000
45.8628650000000	45.7036620000000	45.6998350000000
45.8628650000000	45.8590170000000	45.6998350000000
45.8665070000000	45.7072840000000	45.7036620000000
45.8665070000000	45.8628650000000	45.7036620000000
45.8699430000000	45.7107010000000	45.7072840000000
45.8699430000000	45.8665070000000	45.7072840000000
45.8731730000000	45.7139120000000	45.7107010000000
45.8731730000000	45.8699430000000	45.7107010000000
45.8761960000000	45.7169190000000	45.7139120000000
45.8761960000000	45.8731730000000	45.7139120000000
45.8790130000000	45.7197200000000	45.7169190000000
45.8790130000000	45.8761960000000	45.7169190000000
45.8816230000000	45.7223160000000	45.7197200000000
45.8816230000000	45.8790130000000	45.7197200000000
45.8840260000000	45.7247060000000	45.7223160000000
45.8840260000000	45.8816230000000	45.7223160000000
45.8862220000000	45.7268900000000	45.7247060000000
45.8862220000000	45.8840260000000	45.7247060000000
45.7288690000000	45.8882120000000	45.7268900000000
45.8882120000000	45.8862220000000	45.7268900000000
45.7306410000000	45.8899940000000	45.7288690000000
45.8899940000000	45.7288690000000	45.8882120000000
45.7322080000000	45.8915700000000	45.7306410000000
45.8915700000000	45.7306410000000	45.8899940000000
45.7335690000000	45.8929390000000	45.7322080000000
45.8929390000000	45.7322080000000	45.8915700000000
45.7347240000000	45.8941000000000	45.7335690000000
45.8941000000000	45.7335690000000	45.8929390000000
45.7356730000000	45.8950540000000	45.7347240000000
45.8950540000000	45.7347240000000	45.8941000000000
45.8958010000000	45.7364160000000	45.7356730000000
45.8958010000000	45.7356730000000	45.8950540000000
45.7369530000000	45.8963410000000	45.7364160000000
45.8963410000000	45.8958010000000	45.7364160000000
45.8966730000000	45.7372830000000	45.7369530000000
45.8966730000000	45.7369530000000	45.8963410000000
45.8967990000000	45.7374080000000	45.7372830000000
45.8967990000000	45.8966730000000	45.7372830000000
45.7373260000000	45.8967170000000	45.7374080000000
45.8967170000000	45.8967990000000	45.7374080000000
45.8964270000000	45.7370390000000	45.7373260000000
45.8964270000000	45.7373260000000	45.8967170000000
45.8959310000000	45.7365450000000	45.7370390000000
45.8959310000000	45.8964270000000	45.7370390000000
45.8952270000000	45.7358450000000	45.7365450000000
45.8952270000000	45.8959310000000	45.7365450000000
45.8943160000000	45.7349390000000	45.7358450000000
45.8943160000000	45.8952270000000	45.7358450000000
45.6998350000000	45.5406470000000	45.5366370000000
45.6998350000000	45.6958030000000	45.5366370000000
45.7036620000000	45.5444530000000	45.5406470000000
45.7036620000000	45.6998350000000	45.5406470000000
45.7072840000000	45.5480550000000	45.5444530000000
45.7072840000000	45.7036620000000	45.5444530000000
45.7107010000000	45.5514530000000	45.5480550000000
45.7107010000000	45.7072840000000	45.5480550000000
45.7139120000000	45.5546470000000	45.5514530000000
45.7139120000000	45.7107010000000	45.5514530000000
45.7169190000000	45.5576370000000	45.5546470000000
45.7169190000000	45.7139120000000	45.5546470000000
45.5604220000000	45.7197200000000	45.5576370000000
45.7197200000000	45.7169190000000	45.5576370000000
45.7223160000000	45.5630040000000	45.5604220000000
45.7223160000000	45.5604220000000	45.7197200000000
45.7247060000000	45.5653800000000	45.5630040000000
45.7247060000000	45.7223160000000	45.5630040000000
45.5675530000000	45.7268900000000	45.5653800000000
45.7268900000000	45.7247060000000	45.5653800000000
45.7288690000000	45.5695200000000	45.5675530000000
45.7288690000000	45.5675530000000	45.7268900000000
45.7306410000000	45.5712830000000	45.5695200000000
45.7306410000000	45.7288690000000	45.5695200000000
45.7322080000000	45.5728420000000	45.5712830000000
45.7322080000000	45.7306410000000	45.5712830000000
45.5741950000000	45.7335690000000	45.5728420000000
45.7335690000000	45.7322080000000	45.5728420000000
45.5753440000000	45.7347240000000	45.5741950000000
45.7347240000000	45.5741950000000	45.7335690000000
45.5762870000000	45.7356730000000	45.5753440000000
45.7356730000000	45.5753440000000	45.7347240000000
45.5770260000000	45.7364160000000	45.5762870000000
45.7364160000000	45.5762870000000	45.7356730000000
45.7369530000000	45.5775600000000	45.5770260000000
45.7369530000000	45.5770260000000	45.7364160000000
45.5778890000000	45.7372830000000	45.5775600000000
45.7372830000000	45.7369530000000	45.5775600000000
45.5780130000000	45.7374080000000	45.5778890000000
45.7374080000000	45.5778890000000	45.7372830000000
45.5779320000000	45.7373260000000	45.5780130000000
45.7373260000000	45.5780130000000	45.7374080000000
45.7370390000000	45.5776450000000	45.5779320000000
45.7370390000000	45.5779320000000	45.7373260000000
45.7365450000000	45.5771540000000	45.5776450000000
45.7365450000000	45.7370390000000	45.5776450000000
45.7358450000000	45.5764580000000	45.5771540000000
45.7358450000000	45.7365450000000	45.5771540000000
45.5755570000000	45.7349390000000	45.5764580000000
45.7349390000000	45.7358450000000	45.5764580000000
45.5406470000000	45.3814530000000	45.3774660000000
45.5406470000000	45.5366370000000	45.3774660000000
45.5444530000000	45.3852380000000	45.3814530000000
45.5444530000000	45.5406470000000	45.3814530000000
45.5480550000000	45.3888200000000	45.3852380000000
45.5480550000000	45.5444530000000	45.3852380000000
45.5514530000000	45.3921990000000	45.3888200000000
45.5514530000000	45.5480550000000	45.3888200000000
45.5546470000000	45.3953760000000	45.3921990000000
45.5546470000000	45.5514530000000	45.3921990000000
45.5576370000000	45.3983490000000	45.3953760000000
45.5576370000000	45.5546470000000	45.3953760000000
45.4011200000000	45.5604220000000	45.3983490000000
45.5604220000000	45.5576370000000	45.3983490000000
45.5630040000000	45.4036870000000	45.4011200000000
45.5630040000000	45.4011200000000	45.5604220000000
45.5653800000000	45.4060500000000	45.4036870000000
45.5653800000000	45.5630040000000	45.4036870000000
45.4082110000000	45.5675530000000	45.4060500000000
45.5675530000000	45.5653800000000	45.4060500000000
45.4101680000000	45.5695200000000	45.4082110000000
45.5695200000000	45.4082110000000	45.5675530000000
45.5712830000000	45.4119210000000	45.4101680000000
45.5712830000000	45.4101680000000	45.5695200000000
45.4134710000000	45.5728420000000	45.4119210000000
45.5728420000000	45.5712830000000	45.4119210000000
45.4148170000000	45.5741950000000	45.4134710000000
45.5741950000000	45.4134710000000	45.5728420000000
45.4159590000000	45.5753440000000	45.4148170000000
45.5753440000000	45.4148170000000	45.5741950000000
45.4168970000000	45.5762870000000	45.4159590000000
45.5762870000000	45.4159590000000	45.5753440000000
45.4176320000000	45.5770260000000	45.4168970000000
45.5770260000000	45.4168970000000	45.5762870000000
45.4181630000000	45.5775600000000	45.4176320000000
45.5775600000000	45.4176320000000	45.5770260000000
45.4184900000000	45.5778890000000	45.4181630000000
45.5778890000000	45.4181630000000	45.5775600000000
45.4186130000000	45.5780130000000	45.4184900000000
45.5780130000000	45.4184900000000	45.5778890000000
45.4185320000000	45.5779320000000	45.4186130000000
45.5779320000000	45.4186130000000	45.5780130000000
45.4182480000000	45.5776450000000	45.4185320000000
45.5776450000000	45.4185320000000	45.5779320000000
45.5771540000000	45.4177590000000	45.4182480000000
45.5771540000000	45.4182480000000	45.5776450000000
45.4170670000000	45.5764580000000	45.4177590000000
45.5764580000000	45.5771540000000	45.4177590000000
45.5755570000000	45.4161710000000	45.4170670000000
45.5755570000000	45.4170670000000	45.5764580000000
45.3814530000000	45.2222530000000	45.2182880000000
45.3814530000000	45.2182880000000	45.3774660000000
45.3852380000000	45.2260170000000	45.2222530000000
45.3852380000000	45.3814530000000	45.2222530000000
45.3888200000000	45.2295800000000	45.2260170000000
45.3888200000000	45.3852380000000	45.2260170000000
45.2329410000000	45.3921990000000	45.2295800000000
45.3921990000000	45.3888200000000	45.2295800000000
45.3953760000000	45.2361000000000	45.2329410000000
45.3953760000000	45.2329410000000	45.3921990000000
45.3983490000000	45.2390570000000	45.2361000000000
45.3983490000000	45.3953760000000	45.2361000000000
45.4011200000000	45.2418120000000	45.2390570000000
45.4011200000000	45.3983490000000	45.2390570000000
45.4036870000000	45.2443650000000	45.2418120000000
45.4036870000000	45.4011200000000	45.2418120000000
45.2467150000000	45.4060500000000	45.2443650000000
45.4060500000000	45.4036870000000	45.2443650000000
45.2488640000000	45.4082110000000	45.2467150000000
45.4082110000000	45.2467150000000	45.4060500000000
45.2508100000000	45.4101680000000	45.2488640000000
45.4101680000000	45.2488640000000	45.4082110000000
45.4119210000000	45.2525540000000	45.2508100000000
45.4119210000000	45.2508100000000	45.4101680000000
45.2540950000000	45.4134710000000	45.2525540000000
45.4134710000000	45.4119210000000	45.2525540000000
45.4148170000000	45.2554330000000	45.2540950000000
45.4148170000000	45.2540950000000	45.4134710000000
45.2565690000000	45.4159590000000	45.2554330000000
45.4159590000000	45.4148170000000	45.2554330000000
45.2575030000000	45.4168970000000	45.2565690000000
45.4168970000000	45.2565690000000	45.4159590000000
45.2582330000000	45.4176320000000	45.2575030000000
45.4176320000000	45.2575030000000	45.4168970000000
45.2587610000000	45.4181630000000	45.2582330000000
45.4181630000000	45.2582330000000	45.4176320000000
45.2590860000000	45.4184900000000	45.2587610000000
45.4184900000000	45.2587610000000	45.4181630000000
45.2592090000000	45.4186130000000	45.2590860000000
45.4186130000000	45.2590860000000	45.4184900000000
45.2591290000000	45.4185320000000	45.2592090000000
45.4185320000000	45.2592090000000	45.4186130000000
45.4182480000000	45.2588460000000	45.2591290000000
45.4182480000000	45.2591290000000	45.4185320000000
45.2583600000000	45.4177590000000	45.2588460000000
45.4177590000000	45.4182480000000	45.2588460000000
45.4170670000000	45.2576720000000	45.2583600000000
45.4170670000000	45.2583600000000	45.4177590000000
45.4161710000000	45.2567800000000	45.2576720000000
45.4161710000000	45.4170670000000	45.2576720000000
45.2222530000000	45.0630480000000	45.0591050000000
45.2222530000000	45.2182880000000	45.0591050000000
45.2260170000000	45.0667920000000	45.0630480000000
45.2260170000000	45.2222530000000	45.0630480000000
45.2295800000000	45.0703340000000	45.0667920000000
45.2295800000000	45.2260170000000	45.0667920000000
45.2329410000000	45.0736770000000	45.0703340000000
45.2329410000000	45.2295800000000	45.0703340000000
45.2361000000000	45.0768180000000	45.0736770000000
45.2361000000000	45.2329410000000	45.0736770000000
45.2390570000000	45.0797590000000	45.0768180000000
45.2390570000000	45.2361000000000	45.0768180000000
45.0824990000000	45.2418120000000	45.0797590000000
45.2418120000000	45.2390570000000	45.0797590000000
45.0850380000000	45.2443650000000	45.0824990000000
45.2443650000000	45.0824990000000	45.2418120000000
45.0873760000000	45.2467150000000	45.0850380000000
45.2467150000000	45.0850380000000	45.2443650000000
45.0895120000000	45.2488640000000	45.0873760000000
45.2488640000000	45.0873760000000	45.2467150000000
45.0914480000000	45.2508100000000	45.0895120000000
45.2508100000000	45.0895120000000	45.2488640000000
45.0931820000000	45.2525540000000	45.0914480000000
45.2525540000000	45.0914480000000	45.2508100000000
45.0947140000000	45.2540950000000	45.0931820000000
45.2540950000000	45.0931820000000	45.2525540000000
45.0960450000000	45.2554330000000	45.0947140000000
45.2554330000000	45.0947140000000	45.2540950000000
45.2565690000000	45.0971750000000	45.0960450000000
45.2565690000000	45.0960450000000	45.2554330000000
45.0981030000000	45.2575030000000	45.0971750000000
45.2575030000000	45.2565690000000	45.0971750000000
45.0988300000000	45.2582330000000	45.0981030000000
45.2582330000000	45.0981030000000	45.2575030000000
45.0993550000000	45.2587610000000	45.0988300000000
45.2587610000000	45.0988300000000	45.2582330000000
45.0996780000000	45.2590860000000	45.0993550000000
45.2590860000000	45.0993550000000	45.2587610000000
45.0998000000000	45.2592090000000	45.0996780000000
45.2592090000000	45.0996780000000	45.2590860000000
45.0997200000000	45.2591290000000	45.0998000000000
45.2591290000000	45.0998000000000	45.2592090000000
45.0994390000000	45.2588460000000	45.0997200000000
45.2588460000000	45.0997200000000	45.2591290000000
45.2583600000000	45.0989560000000	45.0994390000000
45.2583600000000	45.0994390000000	45.2588460000000
45.2576720000000	45.0982710000000	45.0989560000000
45.2576720000000	45.2583600000000	45.0989560000000
45.2567800000000	45.0973850000000	45.0982710000000
45.2567800000000	45.2576720000000	45.0982710000000
44.9038380000000	45.0630480000000	44.8999160000000
45.0630480000000	45.0591050000000	44.8999160000000
44.9075600000000	45.0667920000000	44.9038380000000
45.0667920000000	44.9038380000000	45.0630480000000
45.0703340000000	44.9110840000000	44.9075600000000
45.0703340000000	44.9075600000000	45.0667920000000
45.0736770000000	44.9144080000000	44.9110840000000
45.0736770000000	45.0703340000000	44.9110840000000
45.0768180000000	44.9175320000000	44.9144080000000
45.0768180000000	45.0736770000000	44.9144080000000
45.0797590000000	44.9204560000000	44.9175320000000
45.0797590000000	45.0768180000000	44.9175320000000
44.9231810000000	45.0824990000000	44.9204560000000
45.0824990000000	45.0797590000000	44.9204560000000
44.9257060000000	45.0850380000000	44.9231810000000
45.0850380000000	44.9231810000000	45.0824990000000
45.0873760000000	44.9280310000000	44.9257060000000
45.0873760000000	44.9257060000000	45.0850380000000
45.0895120000000	44.9301560000000	44.9280310000000
45.0895120000000	45.0873760000000	44.9280310000000
45.0914480000000	44.9320800000000	44.9301560000000
45.0914480000000	45.0895120000000	44.9301560000000
44.9338050000000	45.0931820000000	44.9320800000000
45.0931820000000	45.0914480000000	44.9320800000000
44.9353290000000	45.0947140000000	44.9338050000000
45.0947140000000	44.9338050000000	45.0931820000000
44.9366530000000	45.0960450000000	44.9353290000000
45.0960450000000	44.9353290000000	45.0947140000000
45.0971750000000	44.9377760000000	44.9366530000000
45.0971750000000	44.9366530000000	45.0960450000000
44.9387000000000	45.0981030000000	44.9377760000000
45.0981030000000	45.0971750000000	44.9377760000000
44.9394220000000	45.0988300000000	44.9387000000000
45.0988300000000	44.9387000000000	45.0981030000000
44.9399440000000	45.0993550000000	44.9394220000000
45.0993550000000	44.9394220000000	45.0988300000000
44.9402660000000	45.0996780000000	44.9399440000000
45.0996780000000	44.9399440000000	45.0993550000000
44.9403870000000	45.0998000000000	44.9402660000000
45.0998000000000	44.9402660000000	45.0996780000000
44.9403080000000	45.0997200000000	44.9403870000000
45.0997200000000	44.9403870000000	45.0998000000000
44.9400280000000	45.0994390000000	44.9403080000000
45.0994390000000	44.9403080000000	45.0997200000000
44.9395480000000	45.0989560000000	44.9400280000000
45.0989560000000	44.9400280000000	45.0994390000000
45.0982710000000	44.9388670000000	44.9395480000000
45.0982710000000	44.9395480000000	45.0989560000000
45.0973850000000	44.9379850000000	44.9388670000000
45.0973850000000	45.0982710000000	44.9388670000000
44.9038380000000	44.7446210000000	44.7407210000000
44.9038380000000	44.8999160000000	44.7407210000000
44.9075600000000	44.7483240000000	44.7446210000000
44.9075600000000	44.9038380000000	44.7446210000000
44.9110840000000	44.7518270000000	44.7483240000000
44.9110840000000	44.9075600000000	44.7483240000000
44.9144080000000	44.7551330000000	44.7518270000000
44.9144080000000	44.9110840000000	44.7518270000000
44.7582400000000	44.9175320000000	44.7551330000000
44.9175320000000	44.9144080000000	44.7551330000000
44.7611490000000	44.9204560000000	44.7582400000000
44.9204560000000	44.7582400000000	44.9175320000000
44.9231810000000	44.7638580000000	44.7611490000000
44.9231810000000	44.7611490000000	44.9204560000000
44.7663690000000	44.9257060000000	44.7638580000000
44.9257060000000	44.9231810000000	44.7638580000000
44.9280310000000	44.7686810000000	44.7663690000000
44.9280310000000	44.7663690000000	44.9257060000000
44.9301560000000	44.7707950000000	44.7686810000000
44.9301560000000	44.9280310000000	44.7686810000000
44.9320800000000	44.7727090000000	44.7707950000000
44.9320800000000	44.9301560000000	44.7707950000000
44.7744240000000	44.9338050000000	44.7727090000000
44.9338050000000	44.9320800000000	44.7727090000000
44.7759390000000	44.9353290000000	44.7744240000000
44.9353290000000	44.7744240000000	44.9338050000000
44.7772560000000	44.9366530000000	44.7759390000000
44.9366530000000	44.7759390000000	44.9353290000000
44.7783730000000	44.9377760000000	44.7772560000000
44.9377760000000	44.7772560000000	44.9366530000000
44.7792910000000	44.9387000000000	44.7783730000000
44.9387000000000	44.7783730000000	44.9377760000000
44.7800100000000	44.9394220000000	44.7792910000000
44.9394220000000	44.7792910000000	44.9387000000000
44.7805290000000	44.9399440000000	44.7800100000000
44.9399440000000	44.7800100000000	44.9394220000000
44.7808490000000	44.9402660000000	44.7805290000000
44.9402660000000	44.7805290000000	44.9399440000000
44.7809690000000	44.9403870000000	44.7808490000000
44.9403870000000	44.7808490000000	44.9402660000000
44.9403080000000	44.7808910000000	44.7809690000000
44.9403080000000	44.7809690000000	44.9403870000000
44.9400280000000	44.7806120000000	44.7808910000000
44.9400280000000	44.9403080000000	44.7808910000000
44.9395480000000	44.7801340000000	44.7806120000000
44.9395480000000	44.9400280000000	44.7806120000000
44.9388670000000	44.7794570000000	44.7801340000000
44.9388670000000	44.9395480000000	44.7801340000000
44.9379850000000	44.7785810000000	44.7794570000000
44.9379850000000	44.9388670000000	44.7794570000000
44.7446210000000	44.5853990000000	44.5815210000000
44.7446210000000	44.7407210000000	44.5815210000000
44.7483240000000	44.5890810000000	44.5853990000000
44.7483240000000	44.7446210000000	44.5853990000000
44.7518270000000	44.5925660000000	44.5890810000000
44.7518270000000	44.7483240000000	44.5890810000000
44.5958530000000	44.7551330000000	44.5925660000000
44.7551330000000	44.7518270000000	44.5925660000000
44.5989430000000	44.7582400000000	44.5958530000000
44.7582400000000	44.5958530000000	44.7551330000000
44.6018360000000	44.7611490000000	44.5989430000000
44.7611490000000	44.5989430000000	44.7582400000000
44.7638580000000	44.6045300000000	44.6018360000000
44.7638580000000	44.6018360000000	44.7611490000000
44.6070280000000	44.7663690000000	44.6045300000000
44.7663690000000	44.7638580000000	44.6045300000000
44.7686810000000	44.6093270000000	44.6070280000000
44.7686810000000	44.6070280000000	44.7663690000000
44.7707950000000	44.6114280000000	44.6093270000000
44.7707950000000	44.7686810000000	44.6093270000000
44.7727090000000	44.6133320000000	44.6114280000000
44.7727090000000	44.7707950000000	44.6114280000000
44.7744240000000	44.6150370000000	44.6133320000000
44.7744240000000	44.7727090000000	44.6133320000000
44.7759390000000	44.6165450000000	44.6150370000000
44.7759390000000	44.7744240000000	44.6150370000000
44.6178540000000	44.7772560000000	44.6165450000000
44.7772560000000	44.7759390000000	44.6165450000000
44.6189650000000	44.7783730000000	44.6178540000000
44.7783730000000	44.6178540000000	44.7772560000000
44.7792910000000	44.6198780000000	44.6189650000000
44.7792910000000	44.6189650000000	44.7783730000000
44.7800100000000	44.6205930000000	44.6198780000000
44.7800100000000	44.7792910000000	44.6198780000000
44.7805290000000	44.6211090000000	44.6205930000000
44.7805290000000	44.7800100000000	44.6205930000000
44.6214270000000	44.7808490000000	44.6211090000000
44.7808490000000	44.7805290000000	44.6211090000000
44.7809690000000	44.6215470000000	44.6214270000000
44.7809690000000	44.6214270000000	44.7808490000000
44.7808910000000	44.6214690000000	44.6215470000000
44.7808910000000	44.7809690000000	44.6215470000000
44.7806120000000	44.6211920000000	44.6214690000000
44.7806120000000	44.7808910000000	44.6214690000000
44.7801340000000	44.6207170000000	44.6211920000000
44.7801340000000	44.7806120000000	44.6211920000000
44.7794570000000	44.6200440000000	44.6207170000000
44.7794570000000	44.7801340000000	44.6207170000000
44.7785810000000	44.6191720000000	44.6200440000000
44.7785810000000	44.7794570000000	44.6200440000000
44.5853990000000	44.4261720000000	44.4223140000000
44.5853990000000	44.4223140000000	44.5815210000000
44.5890810000000	44.4298330000000	44.4261720000000
44.5890810000000	44.5853990000000	44.4261720000000
44.5925660000000	44.4332990000000	44.4298330000000
44.5925660000000	44.5890810000000	44.4298330000000
44.4365680000000	44.5958530000000	44.4332990000000
44.5958530000000	44.5925660000000	44.4332990000000
44.4396410000000	44.5989430000000	44.4365680000000
44.5989430000000	44.4365680000000	44.5958530000000
44.4425180000000	44.6018360000000	44.4396410000000
44.6018360000000	44.4396410000000	44.5989430000000
44.6045300000000	44.4451980000000	44.4425180000000
44.6045300000000	44.4425180000000	44.6018360000000
44.4476810000000	44.6070280000000	44.4451980000000
44.6070280000000	44.6045300000000	44.4451980000000
44.4499680000000	44.6093270000000	44.4476810000000
44.6093270000000	44.4476810000000	44.6070280000000
44.6114280000000	44.4520580000000	44.4499680000000
44.6114280000000	44.4499680000000	44.6093270000000
44.6133320000000	44.4539510000000	44.4520580000000
44.6133320000000	44.6114280000000	44.4520580000000
44.6150370000000	44.4556470000000	44.4539510000000
44.6150370000000	44.6133320000000	44.4539510000000
44.6165450000000	44.4571460000000	44.4556470000000
44.6165450000000	44.6150370000000	44.4556470000000
44.4584480000000	44.6178540000000	44.4571460000000
44.6178540000000	44.6165450000000	44.4571460000000
44.4595530000000	44.6189650000000	44.4584480000000
44.6189650000000	44.4584480000000	44.6178540000000
44.4604610000000	44.6198780000000	44.4595530000000
44.6198780000000	44.4595530000000	44.6189650000000
44.6205930000000	44.4611720000000	44.4604610000000
44.6205930000000	44.4604610000000	44.6198780000000
44.6211090000000	44.4616850000000	44.4611720000000
44.6211090000000	44.6205930000000	44.4611720000000
44.4620020000000	44.6214270000000	44.4616850000000
44.6214270000000	44.6211090000000	44.4616850000000
44.4621210000000	44.6215470000000	44.4620020000000
44.6215470000000	44.4620020000000	44.6214270000000
44.4620430000000	44.6214690000000	44.4621210000000
44.6214690000000	44.4621210000000	44.6215470000000
44.6211920000000	44.4617670000000	44.4620430000000
44.6211920000000	44.4620430000000	44.6214690000000
44.6207170000000	44.4612950000000	44.4617670000000
44.6207170000000	44.6211920000000	44.4617670000000
44.6200440000000	44.4606250000000	44.4612950000000
44.6200440000000	44.6207170000000	44.4612950000000
44.6191720000000	44.4597580000000	44.4606250000000
44.6191720000000	44.6200440000000	44.4606250000000
44.4261720000000	44.2669390000000	44.2631030000000
44.4261720000000	44.2631030000000	44.4223140000000
44.4298330000000	44.2705800000000	44.2669390000000
44.4298330000000	44.4261720000000	44.2669390000000
44.4332990000000	44.2740270000000	44.2705800000000
44.4332990000000	44.4298330000000	44.2705800000000
44.4365680000000	44.2772780000000	44.2740270000000
44.4365680000000	44.4332990000000	44.2740270000000
44.2803340000000	44.4396410000000	44.2772780000000
44.4396410000000	44.4365680000000	44.2772780000000
44.2831950000000	44.4425180000000	44.2803340000000
44.4425180000000	44.2803340000000	44.4396410000000
44.2858600000000	44.4451980000000	44.2831950000000
44.4451980000000	44.2831950000000	44.4425180000000
44.2883290000000	44.4476810000000	44.2858600000000
44.4476810000000	44.2858600000000	44.4451980000000
44.2906040000000	44.4499680000000	44.2883290000000
44.4499680000000	44.2883290000000	44.4476810000000
44.4520580000000	44.2926820000000	44.2906040000000
44.4520580000000	44.2906040000000	44.4499680000000
44.2945640000000	44.4539510000000	44.2926820000000
44.4539510000000	44.4520580000000	44.2926820000000
44.4556470000000	44.2962510000000	44.2945640000000
44.4556470000000	44.2945640000000	44.4539510000000
44.4571460000000	44.2977420000000	44.2962510000000
44.4571460000000	44.4556470000000	44.2962510000000
44.4584480000000	44.2990370000000	44.2977420000000
44.4584480000000	44.4571460000000	44.2977420000000
44.3001360000000	44.4595530000000	44.2990370000000
44.4595530000000	44.4584480000000	44.2990370000000
44.3010390000000	44.4604610000000	44.3001360000000
44.4604610000000	44.3001360000000	44.4595530000000
44.3017460000000	44.4611720000000	44.3010390000000
44.4611720000000	44.3010390000000	44.4604610000000
44.3022560000000	44.4616850000000	44.3017460000000
44.4616850000000	44.3017460000000	44.4611720000000
44.3025710000000	44.4620020000000	44.3022560000000
44.4620020000000	44.3022560000000	44.4616850000000
44.3026900000000	44.4621210000000	44.3025710000000
44.4621210000000	44.3025710000000	44.4620020000000
44.3026120000000	44.4620430000000	44.3026900000000
44.4620430000000	44.3026900000000	44.4621210000000
44.3023380000000	44.4617670000000	44.3026120000000
44.4617670000000	44.3026120000000	44.4620430000000
44.3018680000000	44.4612950000000	44.3023380000000
44.4612950000000	44.3023380000000	44.4617670000000
44.4606250000000	44.3012020000000	44.3018680000000
44.4606250000000	44.3018680000000	44.4612950000000
44.4597580000000	44.3003400000000	44.3012020000000
44.4597580000000	44.4606250000000	44.3012020000000
44.2669390000000	44.1077000000000	44.1038850000000
44.2669390000000	44.1038850000000	44.2631030000000
44.1113220000000	44.2705800000000	44.1077000000000
44.2705800000000	44.2669390000000	44.1077000000000
44.2740270000000	44.1147490000000	44.1113220000000
44.2740270000000	44.1113220000000	44.2705800000000
44.2772780000000	44.1179820000000	44.1147490000000
44.2772780000000	44.2740270000000	44.1147490000000
44.2803340000000	44.1210210000000	44.1179820000000
44.2803340000000	44.2772780000000	44.1179820000000
44.2831950000000	44.1238660000000	44.1210210000000
44.2831950000000	44.2803340000000	44.1210210000000
44.1265170000000	44.2858600000000	44.1238660000000
44.2858600000000	44.2831950000000	44.1238660000000
44.1289730000000	44.2883290000000	44.1265170000000
44.2883290000000	44.1265170000000	44.2858600000000
44.2906040000000	44.1312350000000	44.1289730000000
44.2906040000000	44.1289730000000	44.2883290000000
44.2926820000000	44.1333010000000	44.1312350000000
44.2926820000000	44.2906040000000	44.1312350000000
44.1351740000000	44.2945640000000	44.1333010000000
44.2945640000000	44.2926820000000	44.1333010000000
44.2962510000000	44.1368510000000	44.1351740000000
44.2962510000000	44.1351740000000	44.2945640000000
44.2977420000000	44.1383340000000	44.1368510000000
44.2977420000000	44.2962510000000	44.1368510000000
44.1396220000000	44.2990370000000	44.1383340000000
44.2990370000000	44.2977420000000	44.1383340000000
44.1407140000000	44.3001360000000	44.1396220000000
44.3001360000000	44.1396220000000	44.2990370000000
44.1416120000000	44.3010390000000	44.1407140000000
44.3010390000000	44.1407140000000	44.3001360000000
44.1423150000000	44.3017460000000	44.1416120000000
44.3017460000000	44.1416120000000	44.3010390000000
44.1428230000000	44.3022560000000	44.1423150000000
44.3022560000000	44.1423150000000	44.3017460000000
44.1431360000000	44.3025710000000	44.1428230000000
44.3025710000000	44.1428230000000	44.3022560000000
44.1432540000000	44.3026900000000	44.1431360000000
44.3026900000000	44.1431360000000	44.3025710000000
44.1431770000000	44.3026120000000	44.1432540000000
44.3026120000000	44.1432540000000	44.3026900000000
44.1429040000000	44.3023380000000	44.1431770000000
44.3023380000000	44.1431770000000	44.3026120000000
44.3018680000000	44.1424370000000	44.1429040000000
44.3018680000000	44.1429040000000	44.3023380000000
44.3012020000000	44.1417750000000	44.1424370000000
44.3012020000000	44.3018680000000	44.1424370000000
44.3003400000000	44.1409180000000	44.1417750000000
44.3003400000000	44.3012020000000	44.1417750000000
44.1077000000000	43.9484560000000	43.9446620000000
44.1077000000000	44.1038850000000	43.9446620000000
44.1113220000000	43.9520570000000	43.9484560000000
44.1113220000000	44.1077000000000	43.9484560000000
44.1147490000000	43.9554660000000	43.9520570000000
44.1147490000000	44.1113220000000	43.9520570000000
44.1179820000000	43.9586810000000	43.9554660000000
44.1179820000000	44.1147490000000	43.9554660000000
44.1210210000000	43.9617040000000	43.9586810000000
44.1210210000000	44.1179820000000	43.9586810000000
44.1238660000000	43.9645330000000	43.9617040000000
44.1238660000000	44.1210210000000	43.9617040000000
43.9671690000000	44.1265170000000	43.9645330000000
44.1265170000000	44.1238660000000	43.9645330000000
43.9696120000000	44.1289730000000	43.9671690000000
44.1289730000000	43.9671690000000	44.1265170000000
43.9718610000000	44.1312350000000	43.9696120000000
44.1312350000000	43.9696120000000	44.1289730000000
44.1333010000000	43.9739160000000	43.9718610000000
44.1333010000000	43.9718610000000	44.1312350000000
43.9757780000000	44.1351740000000	43.9739160000000
44.1351740000000	44.1333010000000	43.9739160000000
44.1368510000000	43.9774460000000	43.9757780000000
44.1368510000000	43.9757780000000	44.1351740000000
44.1383340000000	43.9789210000000	43.9774460000000
44.1383340000000	44.1368510000000	43.9774460000000
43.9802010000000	44.1396220000000	43.9789210000000
44.1396220000000	44.1383340000000	43.9789210000000
43.9812880000000	44.1407140000000	43.9802010000000
44.1407140000000	43.9802010000000	44.1396220000000
43.9821810000000	44.1416120000000	43.9812880000000
44.1416120000000	43.9812880000000	44.1407140000000
43.9828800000000	44.1423150000000	43.9821810000000
44.1423150000000	43.9821810000000	44.1416120000000
43.9833850000000	44.1428230000000	43.9828800000000
44.1428230000000	43.9828800000000	44.1423150000000
43.9836970000000	44.1431360000000	43.9833850000000
44.1431360000000	43.9833850000000	44.1428230000000
44.1432540000000	43.9838140000000	43.9836970000000
44.1432540000000	43.9836970000000	44.1431360000000
43.9837370000000	44.1431770000000	43.9838140000000
44.1431770000000	44.1432540000000	43.9838140000000
43.9834660000000	44.1429040000000	43.9837370000000
44.1429040000000	43.9837370000000	44.1431770000000
43.9830020000000	44.1424370000000	43.9834660000000
44.1424370000000	43.9834660000000	44.1429040000000
44.1417750000000	43.9823430000000	43.9830020000000
44.1417750000000	43.9830020000000	44.1424370000000
44.1409180000000	43.9814900000000	43.9823430000000
44.1409180000000	44.1417750000000	43.9823430000000
43.9484560000000	43.7892060000000	43.9446620000000
43.9520570000000	43.7927880000000	43.7892060000000
43.9520570000000	43.9484560000000	43.7892060000000
43.9554660000000	43.7961780000000	43.7927880000000
43.9554660000000	43.9520570000000	43.7927880000000
43.9586810000000	43.7993750000000	43.7961780000000
43.9586810000000	43.9554660000000	43.7961780000000
43.9617040000000	43.8023810000000	43.7993750000000
43.9617040000000	43.9586810000000	43.7993750000000
43.9645330000000	43.8051950000000	43.8023810000000
43.9645330000000	43.9617040000000	43.8023810000000
43.8078160000000	43.9671690000000	43.8051950000000
43.9671690000000	43.9645330000000	43.8051950000000
43.8102450000000	43.9696120000000	43.8078160000000
43.9696120000000	43.8078160000000	43.9671690000000
43.8124820000000	43.9718610000000	43.8102450000000
43.9718610000000	43.8102450000000	43.9696120000000
43.9739160000000	43.8145260000000	43.8124820000000
43.9739160000000	43.8124820000000	43.9718610000000
43.8163780000000	43.9757780000000	43.8145260000000
43.9757780000000	43.9739160000000	43.8145260000000
43.8180370000000	43.9774460000000	43.8163780000000
43.9774460000000	43.8163780000000	43.9757780000000
43.9789210000000	43.8195030000000	43.8180370000000
43.9789210000000	43.8180370000000	43.9774460000000
43.9802010000000	43.8207770000000	43.8195030000000
43.9802010000000	43.9789210000000	43.8195030000000
43.9812880000000	43.8218580000000	43.8207770000000
43.9812880000000	43.9802010000000	43.8207770000000
43.9821810000000	43.8227460000000	43.8218580000000
43.9821810000000	43.9812880000000	43.8218580000000
43.8234410000000	43.9828800000000	43.8227460000000
43.9828800000000	43.9821810000000	43.8227460000000
43.8239430000000	43.9833850000000	43.8234410000000
43.9833850000000	43.8234410000000	43.9828800000000
43.8242530000000	43.9836970000000	43.8239430000000
43.9836970000000	43.8239430000000	43.9833850000000
43.9838140000000	43.8243690000000	43.8242530000000
43.9838140000000	43.8242530000000	43.9836970000000
43.9837370000000	43.8242930000000	43.8243690000000
43.9837370000000	43.9838140000000	43.8243690000000
43.8240230000000	43.9834660000000	43.8242930000000
43.9834660000000	43.9837370000000	43.8242930000000
43.9830020000000	43.8235610000000	43.8240230000000
43.9830020000000	43.8240230000000	43.9834660000000
43.9823430000000	43.8229060000000	43.8235610000000
43.9823430000000	43.9830020000000	43.8235610000000
43.8220580000000	43.9814900000000	43.8229060000000
43.9814900000000	43.9823430000000	43.8229060000000
43.7927880000000	43.6335130000000	43.6299510000000
43.7927880000000	43.7892060000000	43.6299510000000
43.6368840000000	43.7961780000000	43.6335130000000
43.7961780000000	43.7927880000000	43.6335130000000
43.7993750000000	43.6400640000000	43.6368840000000
43.7993750000000	43.6368840000000	43.7961780000000
43.8023810000000	43.6430530000000	43.6400640000000
43.8023810000000	43.7993750000000	43.6400640000000
43.8051950000000	43.6458510000000	43.6430530000000
43.8051950000000	43.8023810000000	43.6430530000000
43.8078160000000	43.6484580000000	43.6458510000000
43.8078160000000	43.8051950000000	43.6458510000000
43.8102450000000	43.6508740000000	43.6484580000000
43.8102450000000	43.8078160000000	43.6484580000000
43.6530980000000	43.8124820000000	43.6508740000000
43.8124820000000	43.8102450000000	43.6508740000000
43.6551310000000	43.8145260000000	43.6530980000000
43.8145260000000	43.6530980000000	43.8124820000000
43.6569730000000	43.8163780000000	43.6551310000000
43.8163780000000	43.6551310000000	43.8145260000000
43.6586230000000	43.8180370000000	43.6569730000000
43.8180370000000	43.6569730000000	43.8163780000000
43.8195030000000	43.6600810000000	43.6586230000000
43.8195030000000	43.6586230000000	43.8180370000000
43.8207770000000	43.6613470000000	43.6600810000000
43.8207770000000	43.8195030000000	43.6600810000000
43.8218580000000	43.6624220000000	43.6613470000000
43.8218580000000	43.8207770000000	43.6613470000000
43.8227460000000	43.6633050000000	43.6624220000000
43.8227460000000	43.8218580000000	43.6624220000000
43.8234410000000	43.6639970000000	43.6633050000000
43.8234410000000	43.8227460000000	43.6633050000000
43.8239430000000	43.6644960000000	43.6639970000000
43.8239430000000	43.8234410000000	43.6639970000000
43.6648040000000	43.8242530000000	43.6644960000000
43.8242530000000	43.8239430000000	43.6644960000000
43.6649200000000	43.8243690000000	43.6648040000000
43.8243690000000	43.6648040000000	43.8242530000000
43.6648440000000	43.8242930000000	43.6649200000000
43.8242930000000	43.6649200000000	43.8243690000000
43.8240230000000	43.6645760000000	43.6648440000000
43.8240230000000	43.6648440000000	43.8242930000000
43.8235610000000	43.6641170000000	43.6645760000000
43.8235610000000	43.8240230000000	43.6645760000000
43.8229060000000	43.6634650000000	43.6641170000000
43.8229060000000	43.8235610000000	43.6641170000000
43.8220580000000	43.6626220000000	43.6634650000000
43.8220580000000	43.8229060000000	43.6634650000000
43.6335130000000	43.4742330000000	43.4706900000000
43.6335130000000	43.6299510000000	43.4706900000000
43.4775850000000	43.6368840000000	43.4742330000000
43.6368840000000	43.6335130000000	43.4742330000000
43.6400640000000	43.4807480000000	43.4775850000000
43.6400640000000	43.4775850000000	43.6368840000000
43.6430530000000	43.4837200000000	43.4807480000000
43.6430530000000	43.6400640000000	43.4807480000000
43.6458510000000	43.4865030000000	43.4837200000000
43.6458510000000	43.6430530000000	43.4837200000000
43.6484580000000	43.4890960000000	43.4865030000000
43.6484580000000	43.6458510000000	43.4865030000000
43.6508740000000	43.4914980000000	43.4890960000000
43.6508740000000	43.6484580000000	43.4890960000000
43.6530980000000	43.4937100000000	43.4914980000000
43.6530980000000	43.6508740000000	43.4914980000000
43.4957320000000	43.6551310000000	43.4937100000000
43.6551310000000	43.6530980000000	43.4937100000000
43.4975630000000	43.6569730000000	43.4957320000000
43.6569730000000	43.4957320000000	43.6551310000000
43.6586230000000	43.4992040000000	43.4975630000000
43.6586230000000	43.4975630000000	43.6569730000000
43.6600810000000	43.5006540000000	43.4992040000000
43.6600810000000	43.6586230000000	43.4992040000000
43.6613470000000	43.5019130000000	43.5006540000000
43.6613470000000	43.6600810000000	43.5006540000000
43.6624220000000	43.5029820000000	43.5019130000000
43.6624220000000	43.6613470000000	43.5019130000000
43.6633050000000	43.5038610000000	43.5029820000000
43.6633050000000	43.6624220000000	43.5029820000000
43.6639970000000	43.5045480000000	43.5038610000000
43.6639970000000	43.6633050000000	43.5038610000000
43.5050450000000	43.6644960000000	43.5045480000000
43.6644960000000	43.6639970000000	43.5045480000000
43.5053510000000	43.6648040000000	43.5050450000000
43.6648040000000	43.5050450000000	43.6644960000000
43.5054660000000	43.6649200000000	43.5053510000000
43.6649200000000	43.5053510000000	43.6648040000000
43.5053910000000	43.6648440000000	43.5054660000000
43.6648440000000	43.5054660000000	43.6649200000000
43.5051250000000	43.6645760000000	43.5053910000000
43.6645760000000	43.5053910000000	43.6648440000000
43.5046670000000	43.6641170000000	43.5051250000000
43.6641170000000	43.5051250000000	43.6645760000000
43.5040200000000	43.6634650000000	43.5046670000000
43.6634650000000	43.5046670000000	43.6641170000000
43.6626220000000	43.5031810000000	43.5040200000000
43.6626220000000	43.5040200000000	43.6634650000000
43.4742330000000	43.3149470000000	43.3114240000000
43.4742330000000	43.4706900000000	43.3114240000000
43.3182810000000	43.4775850000000	43.3149470000000
43.4775850000000	43.4742330000000	43.3149470000000
43.3214260000000	43.4807480000000	43.3182810000000
43.4807480000000	43.3182810000000	43.4775850000000
43.4837200000000	43.3243820000000	43.3214260000000
43.4837200000000	43.3214260000000	43.4807480000000
43.4865030000000	43.3271500000000	43.3243820000000
43.4865030000000	43.4837200000000	43.3243820000000
43.4890960000000	43.3297280000000	43.3271500000000
43.4890960000000	43.4865030000000	43.3271500000000
43.4914980000000	43.3321170000000	43.3297280000000
43.4914980000000	43.4890960000000	43.3297280000000
43.4937100000000	43.3343170000000	43.3321170000000
43.4937100000000	43.4914980000000	43.3321170000000
43.4957320000000	43.3363270000000	43.3343170000000
43.4957320000000	43.4937100000000	43.3343170000000
43.4975630000000	43.3381480000000	43.3363270000000
43.4975630000000	43.4957320000000	43.3363270000000
43.4992040000000	43.3397800000000	43.3381480000000
43.4992040000000	43.4975630000000	43.3381480000000
43.5006540000000	43.3412220000000	43.3397800000000
43.5006540000000	43.4992040000000	43.3397800000000
43.5019130000000	43.3424750000000	43.3412220000000
43.5019130000000	43.5006540000000	43.3412220000000
43.5029820000000	43.3435380000000	43.3424750000000
43.5029820000000	43.5019130000000	43.3424750000000
43.3444110000000	43.5038610000000	43.3435380000000
43.5038610000000	43.5029820000000	43.3435380000000
43.3450950000000	43.5045480000000	43.3444110000000
43.5045480000000	43.3444110000000	43.5038610000000
43.3455890000000	43.5050450000000	43.3450950000000
43.5050450000000	43.3450950000000	43.5045480000000
43.3458940000000	43.5053510000000	43.3455890000000
43.5053510000000	43.3455890000000	43.5050450000000
43.5054660000000	43.3460080000000	43.3458940000000
43.5054660000000	43.3458940000000	43.5053510000000
43.5053910000000	43.3459330000000	43.3460080000000
43.5053910000000	43.5054660000000	43.3460080000000
43.3456680000000	43.5051250000000	43.3459330000000
43.5051250000000	43.5053910000000	43.3459330000000
43.3452140000000	43.5046670000000	43.3456680000000
43.5046670000000	43.3456680000000	43.5051250000000
43.5040200000000	43.3445700000000	43.3452140000000
43.5040200000000	43.3452140000000	43.5046670000000
43.3437360000000	43.5031810000000	43.3445700000000
43.5031810000000	43.5040200000000	43.3445700000000
43.1556560000000	43.3149470000000	43.1521530000000
43.3149470000000	43.3114240000000	43.1521530000000
43.1589710000000	43.3182810000000	43.1556560000000
43.3182810000000	43.1556560000000	43.3149470000000
43.3214260000000	43.1620990000000	43.1589710000000
43.3214260000000	43.1589710000000	43.3182810000000
43.3243820000000	43.1650390000000	43.1620990000000
43.3243820000000	43.3214260000000	43.1620990000000
43.3271500000000	43.1677910000000	43.1650390000000
43.3271500000000	43.3243820000000	43.1650390000000
43.3297280000000	43.1703550000000	43.1677910000000
43.3297280000000	43.3271500000000	43.1677910000000
43.3321170000000	43.1727310000000	43.1703550000000
43.3321170000000	43.3297280000000	43.1703550000000
43.3343170000000	43.1749190000000	43.1727310000000
43.3343170000000	43.3321170000000	43.1727310000000
43.3363270000000	43.1769180000000	43.1749190000000
43.3363270000000	43.3343170000000	43.1749190000000
43.3381480000000	43.1787290000000	43.1769180000000
43.3381480000000	43.3363270000000	43.1769180000000
43.3397800000000	43.1803520000000	43.1787290000000
43.3397800000000	43.3381480000000	43.1787290000000
43.3412220000000	43.1817860000000	43.1803520000000
43.3412220000000	43.3397800000000	43.1803520000000
43.3424750000000	43.1830320000000	43.1817860000000
43.3424750000000	43.3412220000000	43.1817860000000
43.1840890000000	43.3435380000000	43.1830320000000
43.3435380000000	43.3424750000000	43.1830320000000
43.1849580000000	43.3444110000000	43.1840890000000
43.3444110000000	43.1840890000000	43.3435380000000
43.1856380000000	43.3450950000000	43.1849580000000
43.3450950000000	43.1849580000000	43.3444110000000
43.1861290000000	43.3455890000000	43.1856380000000
43.3455890000000	43.1856380000000	43.3450950000000
43.1864320000000	43.3458940000000	43.1861290000000
43.3458940000000	43.1861290000000	43.3455890000000
43.1865460000000	43.3460080000000	43.1864320000000
43.3460080000000	43.1864320000000	43.3458940000000
43.1864710000000	43.3459330000000	43.1865460000000
43.3459330000000	43.1865460000000	43.3460080000000
43.3456680000000	43.1862080000000	43.1864710000000
43.3456680000000	43.1864710000000	43.3459330000000
43.3452140000000	43.1857560000000	43.1862080000000
43.3452140000000	43.3456680000000	43.1862080000000
43.1851150000000	43.3445700000000	43.1857560000000
43.3445700000000	43.3452140000000	43.1857560000000
43.1842860000000	43.3437360000000	43.1851150000000
43.3437360000000	43.1851150000000	43.3445700000000
42.9963590000000	43.1556560000000	42.9928750000000
43.1556560000000	43.1521530000000	42.9928750000000
43.1589710000000	42.9996560000000	42.9963590000000
43.1589710000000	42.9963590000000	43.1556560000000
43.1620990000000	43.0027670000000	42.9996560000000
43.1620990000000	43.1589710000000	42.9996560000000
43.1650390000000	43.0056910000000	43.0027670000000
43.1650390000000	43.1620990000000	43.0027670000000
43.1677910000000	43.0084280000000	43.0056910000000
43.1677910000000	43.1650390000000	43.0056910000000
43.1703550000000	43.0109770000000	43.0084280000000
43.1703550000000	43.1677910000000	43.0084280000000
43.1727310000000	43.0133400000000	43.0109770000000
43.1727310000000	43.1703550000000	43.0109770000000
43.1749190000000	43.0155160000000	43.0133400000000
43.1749190000000	43.1727310000000	43.0133400000000
43.1769180000000	43.0175040000000	43.0155160000000
43.1769180000000	43.1749190000000	43.0155160000000
43.1787290000000	43.0193050000000	43.0175040000000
43.1787290000000	43.1769180000000	43.0175040000000
43.1803520000000	43.0209190000000	43.0193050000000
43.1803520000000	43.1787290000000	43.0193050000000
43.1817860000000	43.0223450000000	43.0209190000000
43.1817860000000	43.1803520000000	43.0209190000000
43.1830320000000	43.0235840000000	43.0223450000000
43.1830320000000	43.1817860000000	43.0223450000000
43.0246350000000	43.1840890000000	43.0235840000000
43.1840890000000	43.1830320000000	43.0235840000000
43.0254990000000	43.1849580000000	43.0246350000000
43.1849580000000	43.0246350000000	43.1840890000000
43.0261750000000	43.1856380000000	43.0254990000000
43.1856380000000	43.0254990000000	43.1849580000000
43.0266640000000	43.1861290000000	43.0261750000000
43.1861290000000	43.0261750000000	43.1856380000000
43.0269650000000	43.1864320000000	43.0266640000000
43.1864320000000	43.0266640000000	43.1861290000000
43.1865460000000	43.0270780000000	43.0269650000000
43.1865460000000	43.0269650000000	43.1864320000000
43.0270040000000	43.1864710000000	43.0270780000000
43.1864710000000	43.1865460000000	43.0270780000000
43.1862080000000	43.0267420000000	43.0270040000000
43.1862080000000	43.0270040000000	43.1864710000000
43.1857560000000	43.0262930000000	43.0267420000000
43.1857560000000	43.1862080000000	43.0267420000000
43.1851150000000	43.0256560000000	43.0262930000000
43.1851150000000	43.1857560000000	43.0262930000000
43.1842860000000	43.0248310000000	43.0256560000000
43.1842860000000	43.1851150000000	43.0256560000000
42.9963590000000	42.8370570000000	42.8335930000000
42.9963590000000	42.9928750000000	42.8335930000000
42.9996560000000	42.8403360000000	42.8370570000000
42.9996560000000	42.9963590000000	42.8370570000000
43.0027670000000	42.8434300000000	42.8403360000000
43.0027670000000	42.9996560000000	42.8403360000000
43.0056910000000	42.8463370000000	42.8434300000000
43.0056910000000	43.0027670000000	42.8434300000000
43.0084280000000	42.8490590000000	42.8463370000000
43.0084280000000	43.0056910000000	42.8463370000000
43.0109770000000	42.8515950000000	42.8490590000000
43.0109770000000	43.0084280000000	42.8490590000000
43.0133400000000	42.8539450000000	42.8515950000000
43.0133400000000	43.0109770000000	42.8515950000000
43.0155160000000	42.8561080000000	42.8539450000000
43.0155160000000	43.0133400000000	42.8539450000000
43.0175040000000	42.8580860000000	42.8561080000000
43.0175040000000	43.0155160000000	42.8561080000000
43.0193050000000	42.8598770000000	42.8580860000000
43.0193050000000	43.0175040000000	42.8580860000000
43.0209190000000	42.8614810000000	42.8598770000000
43.0209190000000	43.0193050000000	42.8598770000000
43.0223450000000	42.8629000000000	42.8614810000000
43.0223450000000	43.0209190000000	42.8614810000000
43.0235840000000	42.8641320000000	42.8629000000000
43.0235840000000	43.0223450000000	42.8629000000000
42.8651770000000	43.0246350000000	42.8641320000000
43.0246350000000	43.0235840000000	42.8641320000000
42.8660360000000	43.0254990000000	42.8651770000000
43.0254990000000	42.8651770000000	43.0246350000000
42.8667090000000	43.0261750000000	42.8660360000000
43.0261750000000	42.8660360000000	43.0254990000000
42.8671950000000	43.0266640000000	42.8667090000000
43.0266640000000	42.8667090000000	43.0261750000000
42.8674940000000	43.0269650000000	42.8671950000000
43.0269650000000	42.8671950000000	43.0266640000000
42.8676070000000	43.0270780000000	42.8674940000000
43.0270780000000	42.8674940000000	43.0269650000000
42.8675330000000	43.0270040000000	42.8676070000000
43.0270040000000	42.8676070000000	43.0270780000000
43.0267420000000	42.8672730000000	42.8675330000000
43.0267420000000	42.8675330000000	43.0270040000000
43.0262930000000	42.8668260000000	42.8672730000000
43.0262930000000	43.0267420000000	42.8672730000000
43.0256560000000	42.8661920000000	42.8668260000000
43.0256560000000	43.0262930000000	42.8668260000000
43.0248310000000	42.8653720000000	42.8661920000000
43.0248310000000	43.0256560000000	42.8661920000000
42.8370570000000	42.6777500000000	42.6743050000000
42.8370570000000	42.8335930000000	42.6743050000000
42.8403360000000	42.6810110000000	42.6777500000000
42.8403360000000	42.8370570000000	42.6777500000000
42.8434300000000	42.6840870000000	42.6810110000000
42.8434300000000	42.8403360000000	42.6810110000000
42.8463370000000	42.6869790000000	42.6840870000000
42.8463370000000	42.8434300000000	42.6840870000000
42.8490590000000	42.6896850000000	42.6869790000000
42.8490590000000	42.8463370000000	42.6869790000000
42.8515950000000	42.6922070000000	42.6896850000000
42.8515950000000	42.8490590000000	42.6896850000000
42.8539450000000	42.6945440000000	42.6922070000000
42.8539450000000	42.8515950000000	42.6922070000000
42.8561080000000	42.6966960000000	42.6945440000000
42.8561080000000	42.8539450000000	42.6945440000000
42.8580860000000	42.6986620000000	42.6966960000000
42.8580860000000	42.8561080000000	42.6966960000000
42.8598770000000	42.7004430000000	42.6986620000000
42.8598770000000	42.8580860000000	42.6986620000000
42.8614810000000	42.7020390000000	42.7004430000000
42.8614810000000	42.8598770000000	42.7004430000000
42.8629000000000	42.7034500000000	42.7020390000000
42.8629000000000	42.8614810000000	42.7020390000000
42.8641320000000	42.7046750000000	42.7034500000000
42.8641320000000	42.8629000000000	42.7034500000000
42.7057150000000	42.8651770000000	42.7046750000000
42.8651770000000	42.8641320000000	42.7046750000000
42.7065690000000	42.8660360000000	42.7057150000000
42.8660360000000	42.7057150000000	42.8651770000000
42.7072380000000	42.8667090000000	42.7065690000000
42.8667090000000	42.7065690000000	42.8660360000000
42.7077210000000	42.8671950000000	42.7072380000000
42.8671950000000	42.7072380000000	42.8667090000000
42.7080190000000	42.8674940000000	42.7077210000000
42.8674940000000	42.7077210000000	42.8671950000000
42.7081310000000	42.8676070000000	42.7080190000000
42.8676070000000	42.7080190000000	42.8674940000000
42.8675330000000	42.7080570000000	42.7081310000000
42.8675330000000	42.7081310000000	42.8676070000000
42.8672730000000	42.7077980000000	42.7080570000000
42.8672730000000	42.8675330000000	42.7080570000000
42.8668260000000	42.7073540000000	42.7077980000000
42.8668260000000	42.8672730000000	42.7077980000000
42.8661920000000	42.7067240000000	42.7073540000000
42.8661920000000	42.8668260000000	42.7073540000000
42.7059080000000	42.8653720000000	42.7067240000000
42.8653720000000	42.8661920000000	42.7067240000000
42.6777500000000	42.5184380000000	42.6743050000000
42.6810110000000	42.5216800000000	42.5184380000000
42.6810110000000	42.6777500000000	42.5184380000000
42.6840870000000	42.5247400000000	42.5216800000000
42.6840870000000	42.6810110000000	42.5216800000000
42.6869790000000	42.5276150000000	42.5247400000000
42.6869790000000	42.6840870000000	42.5247400000000
42.6896850000000	42.5303070000000	42.5276150000000
42.6896850000000	42.6869790000000	42.5276150000000
42.6922070000000	42.5328150000000	42.5303070000000
42.6922070000000	42.6896850000000	42.5303070000000
42.6945440000000	42.5351390000000	42.5328150000000
42.6945440000000	42.6922070000000	42.5328150000000
42.6966960000000	42.5372780000000	42.5351390000000
42.6966960000000	42.6945440000000	42.5351390000000
42.6986620000000	42.5392340000000	42.5372780000000
42.6986620000000	42.6966960000000	42.5372780000000
42.7004430000000	42.5410050000000	42.5392340000000
42.7004430000000	42.6986620000000	42.5392340000000
42.7020390000000	42.5425920000000	42.5410050000000
42.7020390000000	42.7004430000000	42.5410050000000
42.7034500000000	42.5439950000000	42.5425920000000
42.7034500000000	42.7020390000000	42.5425920000000
42.5452140000000	42.7046750000000	42.5439950000000
42.7046750000000	42.7034500000000	42.5439950000000
42.5462480000000	42.7057150000000	42.5452140000000
42.7057150000000	42.5452140000000	42.7046750000000
42.7065690000000	42.5470970000000	42.5462480000000
42.7065690000000	42.5462480000000	42.7057150000000
42.7072380000000	42.5477620000000	42.5470970000000
42.7072380000000	42.7065690000000	42.5470970000000
42.5482430000000	42.7077210000000	42.5477620000000
42.7077210000000	42.7072380000000	42.5477620000000
42.5485390000000	42.7080190000000	42.5482430000000
42.7080190000000	42.5482430000000	42.7077210000000
42.5486500000000	42.7081310000000	42.5485390000000
42.7081310000000	42.5485390000000	42.7080190000000
42.7080570000000	42.5485770000000	42.5486500000000
42.7080570000000	42.5486500000000	42.7081310000000
42.5483200000000	42.7077980000000	42.5485770000000
42.7077980000000	42.7080570000000	42.5485770000000
42.5478770000000	42.7073540000000	42.5483200000000
42.7073540000000	42.5483200000000	42.7077980000000
42.5472510000000	42.7067240000000	42.5478770000000
42.7067240000000	42.5478770000000	42.7073540000000
42.5464400000000	42.7059080000000	42.5472510000000
42.7059080000000	42.5472510000000	42.7067240000000
42.5216800000000	42.3623450000000	42.3591200000000
42.5216800000000	42.5184380000000	42.3591200000000
42.5247400000000	42.3653870000000	42.3623450000000
42.5247400000000	42.5216800000000	42.3623450000000
42.5276150000000	42.3682470000000	42.3653870000000
42.5276150000000	42.5247400000000	42.3653870000000
42.5303070000000	42.3709230000000	42.3682470000000
42.5303070000000	42.5276150000000	42.3682470000000
42.5328150000000	42.3734170000000	42.3709230000000
42.5328150000000	42.5303070000000	42.3709230000000
42.5351390000000	42.3757280000000	42.3734170000000
42.5351390000000	42.5328150000000	42.3734170000000
42.5372780000000	42.3778560000000	42.3757280000000
42.5372780000000	42.5351390000000	42.3757280000000
42.5392340000000	42.3798010000000	42.3778560000000
42.5392340000000	42.5372780000000	42.3778560000000
42.5410050000000	42.3815630000000	42.3798010000000
42.5410050000000	42.5392340000000	42.3798010000000
42.5425920000000	42.3831410000000	42.3815630000000
42.5425920000000	42.5410050000000	42.3815630000000
42.5439950000000	42.3845360000000	42.3831410000000
42.5439950000000	42.5425920000000	42.3831410000000
42.5452140000000	42.3857470000000	42.3845360000000
42.5452140000000	42.5439950000000	42.3845360000000
42.5462480000000	42.3867760000000	42.3857470000000
42.5462480000000	42.5452140000000	42.3857470000000
42.5470970000000	42.3876210000000	42.3867760000000
42.5470970000000	42.5462480000000	42.3867760000000
42.5477620000000	42.3882820000000	42.3876210000000
42.5477620000000	42.5470970000000	42.3876210000000
42.3887600000000	42.5482430000000	42.3882820000000
42.5482430000000	42.5477620000000	42.3882820000000
42.3890540000000	42.5485390000000	42.3887600000000
42.5485390000000	42.3887600000000	42.5482430000000
42.5486500000000	42.3891650000000	42.3890540000000
42.5486500000000	42.3890540000000	42.5485390000000
42.3890920000000	42.5485770000000	42.3891650000000
42.5485770000000	42.5486500000000	42.3891650000000
42.3888360000000	42.5483200000000	42.3890920000000
42.5483200000000	42.3890920000000	42.5485770000000
42.3883970000000	42.5478770000000	42.3888360000000
42.5478770000000	42.3888360000000	42.5483200000000
42.3877740000000	42.5472510000000	42.3883970000000
42.5472510000000	42.3883970000000	42.5478770000000
42.3869670000000	42.5464400000000	42.3877740000000
42.5464400000000	42.3877740000000	42.5472510000000
42.3623450000000	42.2030040000000	42.1997960000000
42.3623450000000	42.3591200000000	42.1997960000000
42.3653870000000	42.2060290000000	42.2030040000000
42.3653870000000	42.3623450000000	42.2030040000000
42.3682470000000	42.2088730000000	42.2060290000000
42.3682470000000	42.3653870000000	42.2060290000000
42.3709230000000	42.2115350000000	42.2088730000000
42.3709230000000	42.3682470000000	42.2088730000000
42.3734170000000	42.2140150000000	42.2115350000000
42.3734170000000	42.3709230000000	42.2115350000000
42.3757280000000	42.2163130000000	42.2140150000000
42.3757280000000	42.3734170000000	42.2140150000000
42.3778560000000	42.2184290000000	42.2163130000000
42.3778560000000	42.3757280000000	42.2163130000000
42.3798010000000	42.2203630000000	42.2184290000000
42.3798010000000	42.3778560000000	42.2184290000000
42.3815630000000	42.2221150000000	42.2203630000000
42.3815630000000	42.3798010000000	42.2203630000000
42.3831410000000	42.2236850000000	42.2221150000000
42.3831410000000	42.3815630000000	42.2221150000000
42.3845360000000	42.2250720000000	42.2236850000000
42.3845360000000	42.3831410000000	42.2236850000000
42.3857470000000	42.2262770000000	42.2250720000000
42.3857470000000	42.3845360000000	42.2250720000000
42.3867760000000	42.2272990000000	42.2262770000000
42.3867760000000	42.3857470000000	42.2262770000000
42.3876210000000	42.2281400000000	42.2272990000000
42.3876210000000	42.3867760000000	42.2272990000000
42.2287970000000	42.3882820000000	42.2281400000000
42.3882820000000	42.3876210000000	42.2281400000000
42.2292730000000	42.3887600000000	42.2287970000000
42.3887600000000	42.2287970000000	42.3882820000000
42.2295650000000	42.3890540000000	42.2292730000000
42.3890540000000	42.2292730000000	42.3887600000000
42.3891650000000	42.2296760000000	42.2295650000000
42.3891650000000	42.2295650000000	42.3890540000000
42.3890920000000	42.2296030000000	42.2296760000000
42.3890920000000	42.3891650000000	42.2296760000000
42.3888360000000	42.2293490000000	42.2296030000000
42.3888360000000	42.3890920000000	42.2296030000000
42.3883970000000	42.2289110000000	42.2293490000000
42.3883970000000	42.3888360000000	42.2293490000000
42.3877740000000	42.2282920000000	42.2289110000000
42.3877740000000	42.3883970000000	42.2289110000000
42.3869670000000	42.2274900000000	42.2282920000000
42.3869670000000	42.3877740000000	42.2282920000000
42.2030040000000	42.0436570000000	42.0404680000000
42.2030040000000	42.1997960000000	42.0404680000000
42.2060290000000	42.0466660000000	42.0436570000000
42.2060290000000	42.2030040000000	42.0436570000000
42.2088730000000	42.0494940000000	42.0466660000000
42.2088730000000	42.2060290000000	42.0466660000000
42.2115350000000	42.0521410000000	42.0494940000000
42.2115350000000	42.2088730000000	42.0494940000000
42.2140150000000	42.0546080000000	42.0521410000000
42.2140150000000	42.2115350000000	42.0521410000000
42.2163130000000	42.0568930000000	42.0546080000000
42.2163130000000	42.2140150000000	42.0546080000000
42.2184290000000	42.0589980000000	42.0568930000000
42.2184290000000	42.2163130000000	42.0568930000000
42.2203630000000	42.0609210000000	42.0589980000000
42.2203630000000	42.2184290000000	42.0589980000000
42.2221150000000	42.0626630000000	42.0609210000000
42.2221150000000	42.2203630000000	42.0609210000000
42.2236850000000	42.0642240000000	42.0626630000000
42.2236850000000	42.2221150000000	42.0626630000000
42.2250720000000	42.0656030000000	42.0642240000000
42.2250720000000	42.2236850000000	42.0642240000000
42.2262770000000	42.0668020000000	42.0656030000000
42.2262770000000	42.2250720000000	42.0656030000000
42.2272990000000	42.0678190000000	42.0668020000000
42.2272990000000	42.2262770000000	42.0668020000000
42.0686540000000	42.2281400000000	42.0678190000000
42.2281400000000	42.2272990000000	42.0678190000000
42.0693080000000	42.2287970000000	42.0686540000000
42.2287970000000	42.0686540000000	42.2281400000000
42.0697810000000	42.2292730000000	42.0693080000000
42.2292730000000	42.0693080000000	42.2287970000000
42.0700720000000	42.2295650000000	42.0697810000000
42.2295650000000	42.0697810000000	42.2292730000000
42.2296760000000	42.0701820000000	42.0700720000000
42.2296760000000	42.0700720000000	42.2295650000000
42.2296030000000	42.0701100000000	42.0701820000000
42.2296030000000	42.2296760000000	42.0701820000000
42.2293490000000	42.0698560000000	42.0701100000000
42.2293490000000	42.2296030000000	42.0701100000000
42.0694220000000	42.2289110000000	42.0698560000000
42.2289110000000	42.2293490000000	42.0698560000000
42.0688050000000	42.2282920000000	42.0694220000000
42.2282920000000	42.0694220000000	42.2289110000000
42.0680080000000	42.2274900000000	42.0688050000000
42.2274900000000	42.0688050000000	42.2282920000000
42.0436570000000	41.8843060000000	41.8811340000000
42.0436570000000	42.0404680000000	41.8811340000000
42.0466660000000	41.8872980000000	41.8843060000000
42.0466660000000	42.0436570000000	41.8843060000000
42.0494940000000	41.8901100000000	41.8872980000000
42.0494940000000	42.0466660000000	41.8872980000000
42.0521410000000	41.8927430000000	41.8901100000000
42.0521410000000	42.0494940000000	41.8901100000000
42.0546080000000	41.8951960000000	41.8927430000000
42.0546080000000	42.0521410000000	41.8927430000000
42.0568930000000	41.8974680000000	41.8951960000000
42.0568930000000	42.0546080000000	41.8951960000000
42.0589980000000	41.8995610000000	41.8974680000000
42.0589980000000	42.0568930000000	41.8974680000000
42.0609210000000	41.9014740000000	41.8995610000000
42.0609210000000	42.0589980000000	41.8995610000000
42.0626630000000	41.9032060000000	41.9014740000000
42.0626630000000	42.0609210000000	41.9014740000000
42.0642240000000	41.9047580000000	41.9032060000000
42.0642240000000	42.0626630000000	41.9032060000000
42.0656030000000	41.9061300000000	41.9047580000000
42.0656030000000	42.0642240000000	41.9047580000000
42.0668020000000	41.9073220000000	41.9061300000000
42.0668020000000	42.0656030000000	41.9061300000000
42.0678190000000	41.9083330000000	41.9073220000000
42.0678190000000	42.0668020000000	41.9073220000000
42.0686540000000	41.9091640000000	41.9083330000000
42.0686540000000	42.0678190000000	41.9083330000000
41.9098140000000	42.0693080000000	41.9091640000000
42.0693080000000	42.0686540000000	41.9091640000000
41.9102840000000	42.0697810000000	41.9098140000000
42.0697810000000	41.9098140000000	42.0693080000000
41.9105740000000	42.0700720000000	41.9102840000000
42.0700720000000	41.9102840000000	42.0697810000000
42.0701820000000	41.9106830000000	41.9105740000000
42.0701820000000	41.9105740000000	42.0700720000000
41.9106120000000	42.0701100000000	41.9106830000000
42.0701100000000	42.0701820000000	41.9106830000000
41.9103600000000	42.0698560000000	41.9106120000000
42.0698560000000	41.9106120000000	42.0701100000000
42.0694220000000	41.9099270000000	41.9103600000000
42.0694220000000	41.9103600000000	42.0698560000000
42.0688050000000	41.9093140000000	41.9099270000000
42.0688050000000	42.0694220000000	41.9099270000000
42.0680080000000	41.9085210000000	41.9093140000000
42.0680080000000	42.0688050000000	41.9093140000000
41.8843060000000	41.7249490000000	41.8811340000000
41.8872980000000	41.7279250000000	41.7249490000000
41.8872980000000	41.8843060000000	41.7249490000000
41.8901100000000	41.7307210000000	41.7279250000000
41.8901100000000	41.8872980000000	41.7279250000000
41.8927430000000	41.7333390000000	41.7307210000000
41.8927430000000	41.8901100000000	41.7307210000000
41.8951960000000	41.7357780000000	41.7333390000000
41.8951960000000	41.8927430000000	41.7333390000000
41.8974680000000	41.7380390000000	41.7357780000000
41.8974680000000	41.8951960000000	41.7357780000000
41.8995610000000	41.7401200000000	41.7380390000000
41.8995610000000	41.8974680000000	41.7380390000000
41.9014740000000	41.7420220000000	41.7401200000000
41.9014740000000	41.8995610000000	41.7401200000000
41.9032060000000	41.7437450000000	41.7420220000000
41.9032060000000	41.9014740000000	41.7420220000000
41.9047580000000	41.7452880000000	41.7437450000000
41.9047580000000	41.9032060000000	41.7437450000000
41.9061300000000	41.7466530000000	41.7452880000000
41.9061300000000	41.9047580000000	41.7452880000000
41.9073220000000	41.7478380000000	41.7466530000000
41.9073220000000	41.9061300000000	41.7466530000000
41.9083330000000	41.7488430000000	41.7478380000000
41.9083330000000	41.9073220000000	41.7478380000000
41.9091640000000	41.7496690000000	41.7488430000000
41.9091640000000	41.9083330000000	41.7488430000000
41.7503160000000	41.9098140000000	41.7496690000000
41.9098140000000	41.9091640000000	41.7496690000000
41.7507840000000	41.9102840000000	41.7503160000000
41.9102840000000	41.7503160000000	41.9098140000000
41.9105740000000	41.7510720000000	41.7507840000000
41.9105740000000	41.7507840000000	41.9102840000000
41.7511800000000	41.9106830000000	41.7510720000000
41.9106830000000	41.9105740000000	41.7510720000000
41.9106120000000	41.7511090000000	41.7511800000000
41.9106120000000	41.7511800000000	41.9106830000000
41.9103600000000	41.7508580000000	41.7511090000000
41.9103600000000	41.9106120000000	41.7511090000000
41.9099270000000	41.7504280000000	41.7508580000000
41.9099270000000	41.9103600000000	41.7508580000000
41.7498190000000	41.9093140000000	41.7504280000000
41.9093140000000	41.9099270000000	41.7504280000000
41.7490300000000	41.9085210000000	41.7498190000000
41.9085210000000	41.7498190000000	41.9093140000000
41.7279250000000	41.5685460000000	41.5655870000000
41.7279250000000	41.7249490000000	41.5655870000000
41.7307210000000	41.5713280000000	41.5685460000000
41.7307210000000	41.7279250000000	41.5685460000000
41.7333390000000	41.5739310000000	41.5713280000000
41.7333390000000	41.7307210000000	41.5713280000000
41.7357780000000	41.5763570000000	41.5739310000000
41.7357780000000	41.7333390000000	41.5739310000000
41.7380390000000	41.5786040000000	41.5763570000000
41.7380390000000	41.7357780000000	41.5763570000000
41.7401200000000	41.5806740000000	41.5786040000000
41.7401200000000	41.7380390000000	41.5786040000000
41.7420220000000	41.5825650000000	41.5806740000000
41.7420220000000	41.7401200000000	41.5806740000000
41.7437450000000	41.5842780000000	41.5825650000000
41.7437450000000	41.7420220000000	41.5825650000000
41.7452880000000	41.5858130000000	41.5842780000000
41.7452880000000	41.7437450000000	41.5842780000000
41.7466530000000	41.5871700000000	41.5858130000000
41.7466530000000	41.7452880000000	41.5858130000000
41.7478380000000	41.5883490000000	41.5871700000000
41.7478380000000	41.7466530000000	41.5871700000000
41.7488430000000	41.5893490000000	41.5883490000000
41.7488430000000	41.7478380000000	41.5883490000000
41.7496690000000	41.5901700000000	41.5893490000000
41.7496690000000	41.7488430000000	41.5893490000000
41.7503160000000	41.5908140000000	41.5901700000000
41.7503160000000	41.7496690000000	41.5901700000000
41.7507840000000	41.5912780000000	41.5908140000000
41.7507840000000	41.7503160000000	41.5908140000000
41.7510720000000	41.5915650000000	41.5912780000000
41.7510720000000	41.7507840000000	41.5912780000000
41.5916730000000	41.7511800000000	41.5915650000000
41.7511800000000	41.7510720000000	41.5915650000000
41.5916020000000	41.7511090000000	41.5916730000000
41.7511090000000	41.5916730000000	41.7511800000000
41.7508580000000	41.5913530000000	41.5916020000000
41.7508580000000	41.5916020000000	41.7511090000000
41.5909250000000	41.7504280000000	41.5913530000000
41.7504280000000	41.7508580000000	41.5913530000000
41.5903190000000	41.7498190000000	41.5909250000000
41.7498190000000	41.5909250000000	41.7504280000000
41.5895350000000	41.7490300000000	41.5903190000000
41.7490300000000	41.5903190000000	41.7498190000000
41.5685460000000	41.4091630000000	41.4062200000000
41.5685460000000	41.5655870000000	41.4062200000000
41.5713280000000	41.4119290000000	41.4091630000000
41.5713280000000	41.5685460000000	41.4091630000000
41.5739310000000	41.4145180000000	41.4119290000000
41.5739310000000	41.5713280000000	41.4119290000000
41.5763570000000	41.4169300000000	41.4145180000000
41.5763570000000	41.5739310000000	41.4145180000000
41.5786040000000	41.4191650000000	41.4169300000000
41.5786040000000	41.5763570000000	41.4169300000000
41.5806740000000	41.4212230000000	41.4191650000000
41.5806740000000	41.5786040000000	41.4191650000000
41.5825650000000	41.4231040000000	41.4212230000000
41.5825650000000	41.5806740000000	41.4212230000000
41.5842780000000	41.4248080000000	41.4231040000000
41.5842780000000	41.5825650000000	41.4231040000000
41.5858130000000	41.4263340000000	41.4248080000000
41.5858130000000	41.5842780000000	41.4248080000000
41.5871700000000	41.4276830000000	41.4263340000000
41.5871700000000	41.5858130000000	41.4263340000000
41.5883490000000	41.4288550000000	41.4276830000000
41.5883490000000	41.5871700000000	41.4276830000000
41.5893490000000	41.4298500000000	41.4288550000000
41.5893490000000	41.5883490000000	41.4288550000000
41.5901700000000	41.4306670000000	41.4298500000000
41.5901700000000	41.5893490000000	41.4298500000000
41.5908140000000	41.4313060000000	41.4306670000000
41.5908140000000	41.5901700000000	41.4306670000000
41.5912780000000	41.4317690000000	41.4313060000000
41.5912780000000	41.5908140000000	41.4313060000000
41.5915650000000	41.4320530000000	41.4317690000000
41.5915650000000	41.5912780000000	41.4317690000000
41.4321610000000	41.5916730000000	41.4320530000000
41.5916730000000	41.5915650000000	41.4320530000000
41.4320900000000	41.5916020000000	41.4321610000000
41.5916020000000	41.4321610000000	41.5916730000000
41.4318430000000	41.5913530000000	41.4320900000000
41.5913530000000	41.4320900000000	41.5916020000000
41.4314170000000	41.5909250000000	41.4318430000000
41.5909250000000	41.4318430000000	41.5913530000000
41.4308150000000	41.5903190000000	41.4314170000000
41.5903190000000	41.4314170000000	41.5909250000000
41.4300350000000	41.5895350000000	41.4308150000000
41.5895350000000	41.4308150000000	41.5903190000000
41.2497740000000	41.4091630000000	41.2468480000000
41.4091630000000	41.4062200000000	41.2468480000000
41.2525250000000	41.4119290000000	41.2497740000000
41.4119290000000	41.2497740000000	41.4091630000000
41.2550990000000	41.4145180000000	41.2525250000000
41.4145180000000	41.2525250000000	41.4119290000000
41.2574980000000	41.4169300000000	41.2550990000000
41.4169300000000	41.2550990000000	41.4145180000000
41.2597210000000	41.4191650000000	41.2574980000000
41.4191650000000	41.2574980000000	41.4169300000000
41.4212230000000	41.2617670000000	41.2597210000000
41.4212230000000	41.2597210000000	41.4191650000000
41.4231040000000	41.2636380000000	41.2617670000000
41.4231040000000	41.4212230000000	41.2617670000000
41.4248080000000	41.2653320000000	41.2636380000000
41.4248080000000	41.4231040000000	41.2636380000000
41.4263340000000	41.2668500000000	41.2653320000000
41.4263340000000	41.4248080000000	41.2653320000000
41.4276830000000	41.2681920000000	41.2668500000000
41.4276830000000	41.4263340000000	41.2668500000000
41.4288550000000	41.2693570000000	41.2681920000000
41.4288550000000	41.4276830000000	41.2681920000000
41.4298500000000	41.2703460000000	41.2693570000000
41.4298500000000	41.4288550000000	41.2693570000000
41.4306670000000	41.2711590000000	41.2703460000000
41.4306670000000	41.4298500000000	41.2703460000000
41.4313060000000	41.2717950000000	41.2711590000000
41.4313060000000	41.4306670000000	41.2711590000000
41.4317690000000	41.2722540000000	41.2717950000000
41.4317690000000	41.4313060000000	41.2717950000000
41.4320530000000	41.2725380000000	41.2722540000000
41.4320530000000	41.4317690000000	41.2722540000000
41.4321610000000	41.2726440000000	41.2725380000000
41.4321610000000	41.4320530000000	41.2725380000000
41.2725740000000	41.4320900000000	41.2726440000000
41.4320900000000	41.4321610000000	41.2726440000000
41.2723280000000	41.4318430000000	41.2725740000000
41.4318430000000	41.2725740000000	41.4320900000000
41.2719050000000	41.4314170000000	41.2723280000000
41.4314170000000	41.2723280000000	41.4318430000000
41.2713060000000	41.4308150000000	41.2719050000000
41.4308150000000	41.2719050000000	41.4314170000000
41.2705300000000	41.4300350000000	41.2713060000000
41.4300350000000	41.2713060000000	41.4308150000000
41.0903810000000	41.2497740000000	41.0874710000000
41.2497740000000	41.2468480000000	41.0874710000000
41.0931160000000	41.2525250000000	41.0903810000000
41.2525250000000	41.0903810000000	41.2497740000000
41.0956760000000	41.2550990000000	41.0931160000000
41.2550990000000	41.0931160000000	41.2525250000000
41.0980610000000	41.2574980000000	41.0956760000000
41.2574980000000	41.0956760000000	41.2550990000000
41.1002720000000	41.2597210000000	41.0980610000000
41.2597210000000	41.0980610000000	41.2574980000000
41.1023070000000	41.2617670000000	41.1002720000000
41.2617670000000	41.1002720000000	41.2597210000000
41.2636380000000	41.1041670000000	41.1023070000000
41.2636380000000	41.1023070000000	41.2617670000000
41.2653320000000	41.1058520000000	41.1041670000000
41.2653320000000	41.2636380000000	41.1041670000000
41.2668500000000	41.1073620000000	41.1058520000000
41.2668500000000	41.2653320000000	41.1058520000000
41.2681920000000	41.1086960000000	41.1073620000000
41.2681920000000	41.2668500000000	41.1073620000000
41.2693570000000	41.1098550000000	41.1086960000000
41.2693570000000	41.2681920000000	41.1086960000000
41.2703460000000	41.1108380000000	41.1098550000000
41.2703460000000	41.2693570000000	41.1098550000000
41.2711590000000	41.1116460000000	41.1108380000000
41.2711590000000	41.2703460000000	41.1108380000000
41.2717950000000	41.1122790000000	41.1116460000000
41.2717950000000	41.2711590000000	41.1116460000000
41.2722540000000	41.1127360000000	41.1122790000000
41.2722540000000	41.2717950000000	41.1122790000000
41.2725380000000	41.1130170000000	41.1127360000000
41.2725380000000	41.2722540000000	41.1127360000000
41.2726440000000	41.1131230000000	41.1130170000000
41.2726440000000	41.2725380000000	41.1130170000000
41.1130540000000	41.2725740000000	41.1131230000000
41.2725740000000	41.2726440000000	41.1131230000000
41.1128090000000	41.2723280000000	41.1130540000000
41.2723280000000	41.1130540000000	41.2725740000000
41.2719050000000	41.1123880000000	41.1128090000000
41.2719050000000	41.1128090000000	41.2723280000000
41.1117920000000	41.2713060000000	41.1123880000000
41.2713060000000	41.2719050000000	41.1123880000000
41.1110210000000	41.2705300000000	41.1117920000000
41.2705300000000	41.1117920000000	41.2713060000000
40.9309820000000	41.0903810000000	40.9280880000000
41.0903810000000	40.9280880000000	41.0874710000000
40.9337020000000	41.0931160000000	40.9309820000000
41.0931160000000	40.9309820000000	41.0903810000000
40.9362480000000	41.0956760000000	40.9337020000000
41.0956760000000	40.9337020000000	41.0931160000000
40.9386200000000	41.0980610000000	40.9362480000000
41.0980610000000	40.9362480000000	41.0956760000000
40.9408180000000	41.1002720000000	40.9386200000000
41.1002720000000	40.9386200000000	41.0980610000000
40.9428420000000	41.1023070000000	40.9408180000000
41.1023070000000	40.9408180000000	41.1002720000000
41.1041670000000	40.9446920000000	40.9428420000000
41.1041670000000	40.9428420000000	41.1023070000000
41.1058520000000	40.9463670000000	40.9446920000000
41.1058520000000	41.1041670000000	40.9446920000000
41.1073620000000	40.9478680000000	40.9463670000000
41.1073620000000	41.1058520000000	40.9463670000000
41.1086960000000	40.9491950000000	40.9478680000000
41.1086960000000	41.1073620000000	40.9478680000000
41.1098550000000	40.9503480000000	40.9491950000000
41.1098550000000	41.1086960000000	40.9491950000000
41.1108380000000	40.9513260000000	40.9503480000000
41.1108380000000	41.1098550000000	40.9503480000000
41.1116460000000	40.9521290000000	40.9513260000000
41.1116460000000	41.1108380000000	40.9513260000000
41.1122790000000	40.9527580000000	40.9521290000000
41.1122790000000	41.1116460000000	40.9521290000000
41.1127360000000	40.9532130000000	40.9527580000000
41.1127360000000	41.1122790000000	40.9527580000000
41.1130170000000	40.9534930000000	40.9532130000000
41.1130170000000	41.1127360000000	40.9532130000000
41.1131230000000	40.9535980000000	40.9534930000000
41.1131230000000	41.1130170000000	40.9534930000000
41.1130540000000	40.9535290000000	40.9535980000000
41.1130540000000	41.1131230000000	40.9535980000000
40.9532850000000	41.1128090000000	40.9535290000000
41.1128090000000	41.1130540000000	40.9535290000000
40.9528670000000	41.1123880000000	40.9532850000000
41.1123880000000	40.9532850000000	41.1128090000000
40.9522750000000	41.1117920000000	40.9528670000000
41.1117920000000	40.9528670000000	41.1123880000000
40.9515070000000	41.1110210000000	40.9522750000000
41.1110210000000	40.9522750000000	41.1117920000000
40.9309820000000	40.7715780000000	40.7687010000000
40.9309820000000	40.9280880000000	40.7687010000000
40.7742830000000	40.9337020000000	40.7715780000000
40.9337020000000	40.9309820000000	40.7715780000000
40.7768150000000	40.9362480000000	40.7742830000000
40.9362480000000	40.7742830000000	40.9337020000000
40.7791740000000	40.9386200000000	40.7768150000000
40.9386200000000	40.7768150000000	40.9362480000000
40.7813590000000	40.9408180000000	40.7791740000000
40.9408180000000	40.7791740000000	40.9386200000000
40.7833720000000	40.7813590000000	40.9428420000000
40.7813590000000	40.9428420000000	40.9408180000000
40.7852110000000	40.9446920000000	40.7833720000000
40.9446920000000	40.7833720000000	40.9428420000000
40.7868780000000	40.9463670000000	40.7852110000000
40.9463670000000	40.7852110000000	40.9446920000000
40.9478680000000	40.7883700000000	40.7868780000000
40.9478680000000	40.7868780000000	40.9463670000000
40.9491950000000	40.7896900000000	40.7883700000000
40.9491950000000	40.9478680000000	40.7883700000000
40.9503480000000	40.7908360000000	40.7896900000000
40.9503480000000	40.9491950000000	40.7896900000000
40.9513260000000	40.7918080000000	40.7908360000000
40.9513260000000	40.9503480000000	40.7908360000000
40.9521290000000	40.7926070000000	40.7918080000000
40.9521290000000	40.9513260000000	40.7918080000000
40.9527580000000	40.7932330000000	40.7926070000000
40.9527580000000	40.9521290000000	40.7926070000000
40.9532130000000	40.7936850000000	40.7932330000000
40.9532130000000	40.9527580000000	40.7932330000000
40.9534930000000	40.7939630000000	40.7936850000000
40.9534930000000	40.9532130000000	40.7936850000000
40.9535980000000	40.7940680000000	40.7939630000000
40.9535980000000	40.9534930000000	40.7939630000000
40.9535290000000	40.7940000000000	40.7940680000000
40.9535290000000	40.9535980000000	40.7940680000000
40.9532850000000	40.7937570000000	40.7940000000000
40.9532850000000	40.9535290000000	40.7940000000000
40.7933410000000	40.9528670000000	40.7937570000000
40.9528670000000	40.9532850000000	40.7937570000000
40.7927520000000	40.9522750000000	40.7933410000000
40.9522750000000	40.7933410000000	40.9528670000000
40.7919890000000	40.9515070000000	40.7927520000000
40.9515070000000	40.7927520000000	40.9522750000000
40.7715780000000	40.6121690000000	40.7687010000000
40.6148590000000	40.7742830000000	40.6121690000000
40.7742830000000	40.7715780000000	40.6121690000000
40.6173770000000	40.7768150000000	40.6148590000000
40.7768150000000	40.6148590000000	40.7742830000000
40.6197220000000	40.7791740000000	40.6173770000000
40.7791740000000	40.6173770000000	40.7768150000000
40.6218960000000	40.7813590000000	40.6197220000000
40.7813590000000	40.6197220000000	40.7791740000000
40.6238970000000	40.6218960000000	40.7833720000000
40.6218960000000	40.7833720000000	40.7813590000000
40.6257270000000	40.6238970000000	40.7852110000000
40.6238970000000	40.7852110000000	40.7833720000000
40.6273830000000	40.6257270000000	40.7868780000000
40.6257270000000	40.7868780000000	40.7852110000000
40.6288680000000	40.7883700000000	40.6273830000000
40.7883700000000	40.6273830000000	40.7868780000000
40.6301800000000	40.7896900000000	40.6288680000000
40.7896900000000	40.6288680000000	40.7883700000000
40.6313200000000	40.7908360000000	40.6301800000000
40.7908360000000	40.6301800000000	40.7896900000000
40.7918080000000	40.6322870000000	40.6313200000000
40.7918080000000	40.6313200000000	40.7908360000000
40.7926070000000	40.6330810000000	40.6322870000000
40.7926070000000	40.7918080000000	40.6322870000000
40.7932330000000	40.6337030000000	40.6330810000000
40.7932330000000	40.7926070000000	40.6330810000000
40.7936850000000	40.6341530000000	40.6337030000000
40.7936850000000	40.7932330000000	40.6337030000000
40.7939630000000	40.6344300000000	40.6341530000000
40.7939630000000	40.7936850000000	40.6341530000000
40.7940680000000	40.6345340000000	40.6344300000000
40.7940680000000	40.7939630000000	40.6344300000000
40.7940000000000	40.6344660000000	40.6345340000000
40.7940000000000	40.7940680000000	40.6345340000000
40.6342250000000	40.7937570000000	40.6344660000000
40.7937570000000	40.7940000000000	40.6344660000000
40.7933410000000	40.6338110000000	40.6342250000000
40.7933410000000	40.6342250000000	40.7937570000000
40.7927520000000	40.6332250000000	40.6338110000000
40.7927520000000	40.7933410000000	40.6338110000000
40.6324670000000	40.7919890000000	40.6332250000000
40.7919890000000	40.7927520000000	40.6332250000000
40.4554300000000	40.6148590000000	40.4527550000000
40.6148590000000	40.4527550000000	40.6121690000000
40.4579340000000	40.6173770000000	40.4554300000000
40.6173770000000	40.4554300000000	40.6148590000000
40.4602660000000	40.6197220000000	40.4579340000000
40.6197220000000	40.4579340000000	40.6173770000000
40.4624280000000	40.4602660000000	40.6218960000000
40.4602660000000	40.6218960000000	40.6197220000000
40.4644180000000	40.4624280000000	40.6238970000000
40.4624280000000	40.6238970000000	40.6218960000000
40.4662370000000	40.4644180000000	40.6257270000000
40.4644180000000	40.6257270000000	40.6238970000000
40.4678850000000	40.4662370000000	40.6273830000000
40.4662370000000	40.6273830000000	40.6257270000000
40.4693610000000	40.6288680000000	40.4678850000000
40.6288680000000	40.4678850000000	40.6273830000000
40.4706660000000	40.6301800000000	40.4693610000000
40.6301800000000	40.4693610000000	40.6288680000000
40.4717990000000	40.6313200000000	40.4706660000000
40.6313200000000	40.4706660000000	40.6301800000000
40.4727610000000	40.6322870000000	40.4717990000000
40.6322870000000	40.4717990000000	40.6313200000000
40.4735510000000	40.6330810000000	40.4727610000000
40.6330810000000	40.4727610000000	40.6322870000000
40.4741690000000	40.6337030000000	40.4735510000000
40.6337030000000	40.4735510000000	40.6330810000000
40.4746160000000	40.6341530000000	40.4741690000000
40.6341530000000	40.4741690000000	40.6337030000000
40.6344300000000	40.4748920000000	40.4746160000000
40.6344300000000	40.4746160000000	40.6341530000000
40.4749950000000	40.6345340000000	40.4748920000000
40.6345340000000	40.6344300000000	40.4748920000000
40.4749270000000	40.6344660000000	40.4749950000000
40.6344660000000	40.4749950000000	40.6345340000000
40.4746880000000	40.6342250000000	40.4749270000000
40.6342250000000	40.4749270000000	40.6344660000000
40.6338110000000	40.4742770000000	40.4746880000000
40.6338110000000	40.4746880000000	40.6342250000000
40.4736940000000	40.6332250000000	40.4742770000000
40.6332250000000	40.6338110000000	40.4742770000000
40.4729390000000	40.6324670000000	40.4736940000000
40.6324670000000	40.4736940000000	40.6332250000000
40.2959960000000	40.4554300000000	40.4527550000000
40.2984860000000	40.4579340000000	40.2959960000000
40.4579340000000	40.2959960000000	40.4554300000000
40.3008060000000	40.4602660000000	40.2984860000000
40.4602660000000	40.2984860000000	40.4579340000000
40.3029550000000	40.3008060000000	40.4624280000000
40.3008060000000	40.4624280000000	40.4602660000000
40.3049340000000	40.3029550000000	40.4644180000000
40.3029550000000	40.4644180000000	40.4624280000000
40.3067430000000	40.3049340000000	40.4662370000000
40.3049340000000	40.4662370000000	40.4644180000000
40.3083810000000	40.3067430000000	40.4678850000000
40.3067430000000	40.4678850000000	40.4662370000000
40.3098490000000	40.3083810000000	40.4693610000000
40.3083810000000	40.4693610000000	40.4678850000000
40.3111470000000	40.4706660000000	40.3098490000000
40.4706660000000	40.3098490000000	40.4693610000000
40.3122740000000	40.4717990000000	40.3111470000000
40.4717990000000	40.3111470000000	40.4706660000000
40.3132300000000	40.4727610000000	40.3122740000000
40.4727610000000	40.3122740000000	40.4717990000000
40.3140160000000	40.4735510000000	40.3132300000000
40.4735510000000	40.3132300000000	40.4727610000000
40.3146310000000	40.4741690000000	40.3140160000000
40.4741690000000	40.3140160000000	40.4735510000000
40.3150750000000	40.4746160000000	40.3146310000000
40.4746160000000	40.3146310000000	40.4741690000000
40.3153490000000	40.4748920000000	40.3150750000000
40.4748920000000	40.3150750000000	40.4746160000000
40.3154520000000	40.4749950000000	40.3153490000000
40.4749950000000	40.3153490000000	40.4748920000000
40.3153850000000	40.4749270000000	40.3154520000000
40.4749270000000	40.3154520000000	40.4749950000000
40.3151460000000	40.4746880000000	40.3153850000000
40.4746880000000	40.3153850000000	40.4749270000000
40.3147380000000	40.4742770000000	40.3151460000000
40.4742770000000	40.3151460000000	40.4746880000000
40.3141580000000	40.4736940000000	40.3147380000000
40.4736940000000	40.3147380000000	40.4742770000000
40.3134080000000	40.4729390000000	40.3141580000000
40.4729390000000	40.3141580000000	40.4736940000000
40.1454450000000	40.3049340000000	40.3029550000000
40.1472440000000	40.1454450000000	40.3067430000000
40.1454450000000	40.3067430000000	40.3049340000000
40.1488730000000	40.1472440000000	40.3083810000000
40.1472440000000	40.3083810000000	40.3067430000000
40.1503330000000	40.1488730000000	40.3098490000000
40.1488730000000	40.3098490000000	40.3083810000000
40.1516230000000	40.1503330000000	40.3111470000000
40.1503330000000	40.3111470000000	40.3098490000000
40.1527440000000	40.3122740000000	40.1516230000000
40.3122740000000	40.1516230000000	40.3111470000000
40.1536950000000	40.3132300000000	40.1527440000000
40.3132300000000	40.1527440000000	40.3122740000000
40.1544760000000	40.3140160000000	40.1536950000000
40.3140160000000	40.1536950000000	40.3132300000000
40.1550880000000	40.3146310000000	40.1544760000000
40.3146310000000	40.1544760000000	40.3140160000000
40.1555300000000	40.3150750000000	40.1550880000000
40.3150750000000	40.1550880000000	40.3146310000000
40.1558020000000	40.3153490000000	40.1555300000000
40.3153490000000	40.1555300000000	40.3150750000000
40.1559050000000	40.3154520000000	40.1558020000000
40.3154520000000	40.1558020000000	40.3153490000000
40.1558370000000	40.3153850000000	40.1559050000000
40.3153850000000	40.1559050000000	40.3154520000000
40.1556010000000	40.3151460000000	40.1558370000000
40.3151460000000	40.1558370000000	40.3153850000000
40.1551940000000	40.3147380000000	40.1556010000000
40.3147380000000	40.1556010000000	40.3151460000000
40.1546180000000	40.3141580000000	40.1551940000000
40.3141580000000	40.1551940000000	40.3147380000000
40.1538720000000	40.3134080000000	40.1546180000000
40.3134080000000	40.1546180000000	40.3141580000000
39.9893610000000	40.1488730000000	40.1472440000000
39.9908120000000	39.9893610000000	40.1503330000000
39.9893610000000	40.1503330000000	40.1488730000000
39.9920950000000	40.1516230000000	39.9908120000000
40.1516230000000	39.9908120000000	40.1503330000000
39.9932100000000	40.1527440000000	39.9920950000000
40.1527440000000	39.9920950000000	40.1516230000000
39.9941550000000	40.1536950000000	39.9932100000000
40.1536950000000	39.9932100000000	40.1527440000000
39.9949320000000	40.1544760000000	39.9941550000000
40.1544760000000	39.9941550000000	40.1536950000000
39.9955400000000	40.1550880000000	39.9949320000000
40.1550880000000	39.9949320000000	40.1544760000000
39.9959800000000	40.1555300000000	39.9955400000000
40.1555300000000	39.9955400000000	40.1550880000000
39.9962510000000	40.1558020000000	39.9959800000000
40.1558020000000	39.9959800000000	40.1555300000000
39.9963530000000	40.1559050000000	39.9962510000000
40.1559050000000	39.9962510000000	40.1558020000000
39.9962860000000	40.1558370000000	39.9963530000000
40.1558370000000	39.9963530000000	40.1559050000000
39.9960500000000	40.1556010000000	39.9962860000000
40.1556010000000	39.9962860000000	40.1558370000000
39.9956460000000	40.1551940000000	39.9960500000000
40.1551940000000	39.9960500000000	40.1556010000000
39.9950730000000	40.1546180000000	39.9956460000000
40.1546180000000	39.9956460000000	40.1551940000000
39.9943310000000	40.1538720000000	39.9950730000000
40.1538720000000	39.9950730000000	40.1546180000000
39.8325630000000	39.9920950000000	39.9908120000000
39.8336710000000	39.9932100000000	39.8325630000000
39.9932100000000	39.8325630000000	39.9920950000000
39.8346110000000	39.9941550000000	39.8336710000000
39.9941550000000	39.8336710000000	39.9932100000000
39.8353840000000	39.9949320000000	39.8346110000000
39.9949320000000	39.8346110000000	39.9941550000000
39.8359890000000	39.9955400000000	39.8353840000000
39.9955400000000	39.8353840000000	39.9949320000000
39.8364260000000	39.9959800000000	39.8359890000000
39.9959800000000	39.8359890000000	39.9955400000000
39.8366950000000	39.9962510000000	39.8364260000000
39.9962510000000	39.8364260000000	39.9959800000000
39.8367960000000	39.9963530000000	39.8366950000000
39.9963530000000	39.8366950000000	39.9962510000000
39.8367300000000	39.9962860000000	39.8367960000000
39.9962860000000	39.8367960000000	39.9963530000000
39.8364950000000	39.9960500000000	39.8367300000000
39.9960500000000	39.8367300000000	39.9962860000000
39.8360930000000	39.9956460000000	39.8364950000000
39.9956460000000	39.8364950000000	39.9960500000000
39.8355240000000	39.9950730000000	39.8360930000000
39.9950730000000	39.8360930000000	39.9956460000000
39.8347860000000	39.9943310000000	39.8355240000000
39.9943310000000	39.8355240000000	39.9950730000000
39.6758310000000	39.8353840000000	39.8346110000000
39.6764320000000	39.8359890000000	39.6758310000000
39.8359890000000	39.6758310000000	39.8353840000000
39.6768670000000	39.8364260000000	39.6764320000000
39.8364260000000	39.6764320000000	39.8359890000000
39.6771340000000	39.8366950000000	39.6768670000000
39.8366950000000	39.6768670000000	39.8364260000000
39.6772350000000	39.8367960000000	39.6771340000000
39.8367960000000	39.6771340000000	39.8366950000000
39.6771690000000	39.8367300000000	39.6772350000000
39.8367300000000	39.6772350000000	39.8367960000000
39.6769360000000	39.8364950000000	39.6771690000000
39.8364950000000	39.6771690000000	39.8367300000000
39.6765360000000	39.8360930000000	39.6769360000000
39.8360930000000	39.6769360000000	39.8364950000000
39.6759700000000	39.8355240000000	39.6765360000000
39.8355240000000	39.6765360000000	39.8360930000000
39.8347860000000	39.6759700000000	39.8355240000000
39.5173030000000	39.6768670000000	39.6764320000000
39.5175700000000	39.6771340000000	39.5173030000000
39.6771340000000	39.5173030000000	39.6768670000000
39.5176700000000	39.6772350000000	39.5175700000000
39.6772350000000	39.5175700000000	39.6771340000000
39.5176040000000	39.6771690000000	39.5176700000000
39.6771690000000	39.5176700000000	39.6772350000000
39.5173730000000	39.6769360000000	39.5176040000000
39.6769360000000	39.5176040000000	39.6771690000000
39.5169750000000	39.6765360000000	39.5173730000000
39.6765360000000	39.5173730000000	39.6769360000000
39.5164120000000	39.6759700000000	39.5169750000000
39.6759700000000	39.5169750000000	39.6765360000000
39.3581000000000	39.5176700000000	39.5175700000000
39.3580350000000	39.5176040000000	39.3581000000000
39.5176040000000	39.3581000000000	39.5176700000000
39.3578050000000	39.5173730000000	39.3580350000000
39.5173730000000	39.3580350000000	39.5176040000000
39.3574090000000	39.5169750000000	39.3578050000000
39.5169750000000	39.3578050000000	39.5173730000000
39.3568490000000	39.5164120000000	39.3574090000000
39.5164120000000	39.3574090000000	39.5169750000000
39.1982320000000	39.3578050000000	39.3580350000000
39.1978390000000	39.3574090000000	39.1982320000000
39.3574090000000	39.1982320000000	39.3578050000000
39.3568490000000	39.1978390000000	39.3574090000000