-126.954284000000	50.4786213333333	-36.7092333333333
-127.015477333333	50.5292970000000	-36.5940000000000
-126.786383333333	50.4851626666667	-38.6603666666667
-126.847407333333	50.5359310000000	-38.4784000000000
-126.674546333333	50.4893820000000	-40.0039000000000
-127.106142666667	50.3131313333333	-33.6069333333333
-127.167271000000	50.3637296666667	-33.5548333333333
-126.938849666667	50.3198750000000	-35.2583666666667
-126.999811000000	50.3705656666667	-35.1610000000000
-126.771505333333	50.3263796666667	-37.1208666666667
-126.832298666667	50.3771623333333	-36.9885666666667
-126.604112000000	50.3326450000000	-39.0758666666667
-126.664736333333	50.3835193333333	-38.9866666666667
-126.492613666667	50.3366813333333	-40.3992333333333
-127.423619666667	50.1402900000000	-28.7869333333333
-127.484845666667	50.1907193333333	-28.6642000000000
-127.256984333333	50.1474710000000	-30.5926333333333
-127.318046333333	50.1979926666667	-30.5113000000000
-127.090295000000	50.1544146666667	-32.2309333333333
-127.151192000000	50.2050286666667	-32.1906333333333
-126.923553000000	50.1611206666667	-33.7567000000000
-126.984284333333	50.2118266666667	-33.7446000000000
-126.756760333333	50.1675890000000	-35.4835333333333
-126.817325000000	50.2183863333333	-35.4027666666667
-126.589919000000	50.1738193333333	-37.3687333333333
-126.650316333333	50.2247080000000	-37.2908333333333
-126.423031000000	50.1798113333333	-39.3541666666667
-126.483260000000	50.2307906666667	-39.2659000000000
-126.256097333333	50.1855653333333	-41.2618666666667
-126.316157666667	50.2366350000000	-41.2352666666667
-126.144906666667	50.1892620000000	-42.4998666666667
-127.572858666667	49.9742676666667	-24.4472666666667
-127.634014666667	50.0246213333333	-24.4504666666667
-127.406823000000	49.9816440000000	-26.7685000000000
-127.467817000000	50.0320896666667	-26.8119666666667
-127.240732333333	49.9887850000000	-28.8132000000000
-127.301563666667	50.0393226666667	-28.8248000000000
-127.074588333333	49.9956896666667	-30.6244000000000
-127.135256000000	50.0463193333333	-30.6213333333333
-126.908392333333	50.0023580000000	-32.2429000000000
-126.968896000000	50.0530790000000	-32.2461000000000
-126.742146333333	50.0087906666667	-33.8894000000000
-126.802484666667	50.0596023333333	-33.8342666666667
-126.575852333333	50.0149863333333	-35.7288666666667
-126.636024666667	50.0658886666667	-35.6165666666667
-126.409512333333	50.0209453333333	-37.6126333333333
-126.469517666667	50.0719376666667	-37.5693000000000
-126.243127333333	50.0266670000000	-39.4122333333333
-126.302965333333	50.0777493333333	-39.4241000000000
-126.076699333333	50.0321513333333	-41.3012000000000
-126.136369000000	50.0833233333333	-41.2828000000000
-125.965846333333	50.0356693333333	-42.6349666666667
-127.555671666667	49.8156543333333	-21.5569000000000
-127.616596666667	49.8660246666667	-21.7139666666667
-127.390175333333	49.8229896666667	-24.0985666666667
-127.450939666667	49.8734516666667	-24.2467333333333
-127.224624333333	49.8300906666667	-26.4941333333333
-127.285227333333	49.8806443333333	-26.6087333333333
-127.059021000000	49.8369566666667	-28.5627666666667
-127.119461666667	49.8876016666667	-28.7016666666667
-126.893366000000	49.8435883333333	-30.4011000000000
-126.953644000000	49.8943236666667	-30.4823000000000
-126.727662000000	49.8499850000000	-32.1761000000000
-126.787776000000	49.9008110000000	-32.2168333333333
-126.561910666667	49.8561463333333	-33.9601333333333
-126.621860000000	49.9070623333333	-33.9609666666667
-126.396113666667	49.8620720000000	-35.7071666666667
-126.455897666667	49.9130780000000	-35.7713666666667
-126.230272333333	49.8677616666667	-37.4840333333333
-126.289890333333	49.9188570000000	-37.5365666666667
-126.064388666667	49.8732153333333	-39.3659666666667
-126.123839666667	49.9243996666667	-39.3781000000000
-125.898465000000	49.8784333333333	-41.3815666666667
-125.957748000000	49.9297060000000	-41.3729666666667
-125.787948333333	49.8817743333333	-42.7708666666667
-127.874527333333	49.6945830000000	-15.1185666666667
-127.703543333333	49.6495056666667	-16.2047666666667
-127.764398000000	49.6998010000000	-16.4222000000000
-127.538636666667	49.6570323333333	-18.3688000000000
-127.599332666667	49.7074196666667	-18.6335333333333
-127.373674666667	49.6643266666667	-20.8369333333333
-127.434211333333	49.7148050000000	-21.1440000000000
-127.208659000000	49.6713883333333	-23.3886333333333
-127.269035666667	49.7219576666667	-23.6769000000000
-127.043591000000	49.6782160000000	-25.7829000000000
-127.103807000000	49.7288763333333	-26.0669666666667
-126.878472666667	49.6848106666667	-27.9637333333333
-126.938527000000	49.7355610000000	-28.1975000000000
-126.713306000000	49.6911716666667	-29.9642000000000
-126.773197666667	49.7420120000000	-30.1266000000000
-126.548092333333	49.6972986666667	-31.8909666666667
-126.607821000000	49.7482286666667	-32.0128666666667
-126.382833333333	49.7031910000000	-33.6447333333333
-126.442398000000	49.7542103333333	-33.7740333333333
-126.217531333333	49.7088493333333	-35.3918666666667
-126.276931000000	49.7599573333333	-35.5253333333333
-126.052187333333	49.7142726666667	-37.1946333333333
-126.111421666667	49.7654693333333	-37.3384333333333
-125.886803333333	49.7194613333333	-39.0903666666667
-125.945871333333	49.7707460000000	-39.2307666666667
-125.721381333333	49.7244146666667	-41.1813333333333
-125.780282333333	49.7757873333333	-41.2845666666667
-125.611199666667	49.7275803333333	-42.7159666666667
-124.728147000000	49.7491876666667	-61.9141666666667
-124.786029666667	49.8010790000000	-62.4329333333333
-124.562507333333	49.7524903333333	-65.1392333333333
-124.620218000000	49.8044666666667	-66.3253000000000
-124.396843333333	49.7555566666667	-67.8747333333333
-124.454381333333	49.8076176666667	-68.7399000000000
-124.286509000000	49.7574660000000	-69.8440000000000
-127.686129666667	49.4909163333333	-13.8351333333333
-127.746756000000	49.5412293333333	-14.0161666666667
-127.521752000000	49.4984013333333	-15.5258000000000
-127.582221000000	49.5488053333333	-15.7590000000000
-127.357320000000	49.5056553333333	-17.5229666666667
-127.417631000000	49.5561500000000	-17.8285333333333
-127.192834333333	49.5126773333333	-19.8987666666667
-127.252987000000	49.5632626666667	-20.2431000000000
-127.028297333333	49.5194673333333	-22.3509000000000
-127.088290333333	49.5701426666667	-22.7602333333333
-126.863711000000	49.5260253333333	-24.8419333333333
-126.923543666667	49.5767903333333	-25.1398000000000
-126.699076666667	49.5323510000000	-27.2484666666667
-126.758748333333	49.5832053333333	-27.5034666666667
-126.534395666667	49.5384436666667	-29.2975333333333
-126.593905666667	49.5893873333333	-29.5873000000000
-126.369670666667	49.5443036666667	-31.1773333333333
-126.429017666667	49.5953356666667	-31.4719000000000
-126.204903000000	49.5499303333333	-32.9096666666667
-126.264086666667	49.6010510000000	-33.2167000000000
-126.040093666667	49.5553233333333	-34.6628333333333
-126.099113333333	49.6065320000000	-34.9410333333333
-125.875245000000	49.5604830000000	-36.4969666666667
-125.934099666667	49.6117793333333	-36.7760333333333
-125.710358666667	49.5654086666667	-38.4117666666667
-125.769047666667	49.6167923333333	-38.7080666666667
-125.545437000000	49.5701006666667	-40.6154666666667
-125.603959333333	49.6215710000000	-40.8899666666667
-125.380481000000	49.5745586666667	-43.2816666666667
-125.438836333333	49.6261156666667	-43.5068333333333
-125.215492000000	49.5787816666667	-46.3642666666667
-125.273679666667	49.6304250000000	-46.7324333333333
-125.050472333333	49.5827706666667	-49.4387333333333
-125.108491333333	49.6344996666667	-50.1586333333333
-124.885424000000	49.5865243333333	-52.3506666666667
-124.943273666667	49.6383390000000	-53.3628333333333
-124.720348666667	49.5900436666667	-55.2898666666667
-124.778028333333	49.6419430000000	-56.3443000000000
-124.555247666667	49.5933280000000	-58.5989000000000
-124.612756666667	49.6453120000000	-59.6736666666667
-124.390122666667	49.5963770000000	-61.6696666666667
-124.447460333333	49.6484453333333	-63.1993000000000
-124.224976000000	49.5991910000000	-64.3426333333333
-124.282141333333	49.6513430000000	-66.0548333333333
-124.059809333333	49.6017696666667	-66.7903000000000
-124.116802000000	49.6540050000000	-68.2592666666667
-123.894624000000	49.6041130000000	-68.8883333333333
-123.951443333333	49.6564313333333	-69.9550333333333
-123.784610666667	49.6055413333333	-70.2769333333333
-127.668869000000	49.3323183333333	-11.7913333333333
-127.729269333333	49.3826483333333	-12.0477000000000
-127.505016000000	49.3397620000000	-13.0610000000000
-127.565260333333	49.3901823333333	-13.3455666666667
-127.341108666667	49.3469756666667	-14.6806000000000
-127.401196666667	49.3974863333333	-14.9356666666667
-127.177148666667	49.3539586666667	-16.5930000000000
-127.237079333333	49.4045593333333	-16.9235666666667
-127.013138333333	49.3607110000000	-18.7473666666667
-127.072910666667	49.4114013333333	-19.1588666666667
-126.849079000000	49.3672323333333	-21.1611333333333
-126.908692333333	49.4180120000000	-21.6415333333333
-126.684972333333	49.3735230000000	-23.6260333333333
-126.744426000000	49.4243913333333	-24.1065333333333
-126.520820000000	49.3795820000000	-26.0107000000000
-126.580113000000	49.4305390000000	-26.4782000000000
-126.356624000000	49.3854093333333	-28.0657333333333
-126.415755666667	49.4364546666667	-28.5354666666667
-126.192385666667	49.3910043333333	-29.9729666666667
-126.251355333333	49.4421376666667	-30.4005666666667
-126.028106666667	49.3963676666667	-31.8072333333333
-126.086913666667	49.4475883333333	-32.2038666666667
-125.863788666667	49.4014983333333	-33.5524333333333
-125.922432000000	49.4528063333333	-33.9871333333333
-125.699433666667	49.4063970000000	-35.3484666666667
-125.757912666667	49.4577913333333	-35.7659666666667
-125.535043333333	49.4110630000000	-37.2831000000000
-125.593357333333	49.4625440000000	-37.7197666666667
-125.370619000000	49.4154953333333	-39.4998000000000
-125.428767666667	49.4670626666667	-39.9536333333333
-125.206162666667	49.4196953333333	-41.8813333333333
-125.264144666667	49.4713480000000	-42.4596666666667
-125.041676000000	49.4236620000000	-44.3716000000000
-125.099491000000	49.4754000000000	-45.0660333333333
-124.877160666667	49.4273950000000	-46.9912666666667
-124.934807666667	49.4792180000000	-47.7321333333333
-124.712619000000	49.4308946666667	-49.6711000000000
-124.770097333333	49.4828020000000	-50.5553666666667
-124.548052000000	49.4341606666667	-52.1769000000000
-124.605361333333	49.4861523333333	-53.3308333333333
-124.383461333333	49.4371926666667	-54.6887666666667
-124.440600666667	49.4892680000000	-55.9153333333333
-124.218849333333	49.4399910000000	-57.4826000000000
-124.275818000000	49.4921496666667	-58.7309000000000
-124.054217333333	49.4425553333333	-60.0730000000000
-124.111014666667	49.4947970000000	-61.6253666666667
-123.889567000000	49.4448853333333	-62.3753333333333
-123.946192666667	49.4972096666667	-64.1712333333333
-123.724900000000	49.4469810000000	-64.4030666666667
-123.781353000000	49.4993873333333	-66.3073000000000
-123.560218666667	49.4488426666667	-66.2819000000000
-123.616498333333	49.5013306666667	-67.9771333333333
-123.395524333333	49.4504696666667	-68.1773666666667
-123.451630000000	49.5030393333333	-69.4726000000000
-123.230818666667	49.4518620000000	-69.9878333333333
-123.286750000000	49.5045126666667	-70.9642666666667
-123.121128333333	49.4526590000000	-71.1511000000000
-127.657561333333	49.2265723333333	-10.3816633333333
-127.488426333333	49.1811140000000	-10.7501300000000
-127.548448333333	49.2315510000000	-11.1489966666667
-127.325039333333	49.1882876666667	-12.0483666666667
-127.384906000000	49.2388143333333	-12.4070666666667
-127.161601000000	49.1952320000000	-13.6596666666667
-127.221311333333	49.2458483333333	-13.9913333333333
-126.998112666667	49.2019466666667	-15.5324666666667
-127.057666000000	49.2526520000000	-15.8498333333333
-126.834576000000	49.2084320000000	-17.5925333333333
-126.893971666667	49.2592260000000	-17.9496000000000
-126.670992333333	49.2146876666667	-19.9042000000000
-126.730229666667	49.2655700000000	-20.3235666666667
-126.507364000000	49.2207130000000	-22.1852333333333
-126.566442000000	49.2716836666667	-22.7391666666667
-126.343692000000	49.2265076666667	-24.4499333333333
-126.402610333333	49.2775660000000	-24.9870333333333
-126.179978333333	49.2320720000000	-26.5528666666667
-126.238736000000	49.2832176666667	-27.1010333333333
-126.016224666667	49.2374053333333	-28.4912333333333
-126.074821000000	49.2886380000000	-29.0281666666667
-125.852433000000	49.2425076666667	-30.2933666666667
-125.910867000000	49.2938270000000	-30.8356000000000
-125.688604333333	49.2473790000000	-32.1019000000000
-125.746875666667	49.2987846666667	-32.5927000000000
-125.524740666667	49.2520186666667	-33.9371333333333
-125.582848333333	49.3035103333333	-34.4210000000000
-125.360843666667	49.2564270000000	-35.8044666666667
-125.418787000000	49.3080040000000	-36.3454000000000
-125.196915666667	49.2606033333333	-37.8081666666667
-125.254693666667	49.3122656666667	-38.3805333333333
-125.032957000000	49.2645476666667	-40.0048000000000
-125.090569666667	49.3162950000000	-40.6145333333333
-124.868970333333	49.2682600000000	-42.3952000000000
-124.926416333333	49.3200916666667	-43.0210000000000
-124.704957333333	49.2717403333333	-44.7298000000000
-124.762236333333	49.3236560000000	-45.4812000000000
-124.540919333333	49.2749880000000	-46.8514333333333
-124.598030666667	49.3269873333333	-47.7657666666667
-124.376858666667	49.2780033333333	-49.1035666666667
-124.433801333333	49.3300860000000	-50.0360000000000
-124.212776333333	49.2807856666667	-51.3858333333333
-124.269550000000	49.3329513333333	-52.5080333333333
-124.048674666667	49.2833356666667	-53.5061666666667
-124.105278333333	49.3355836666667	-54.8080333333333
-123.884554666667	49.2856530000000	-55.6316000000000
-123.940988000000	49.3379830000000	-56.9752333333333
-123.720418666667	49.2877370000000	-57.6709666666667
-123.776680666667	49.3401490000000	-59.1274666666667
-123.556268000000	49.2895880000000	-59.7495666666667
-123.612358333333	49.3420810000000	-61.2513333333333
-123.392104666667	49.2912060000000	-61.8910666666667
-123.448022666667	49.3437800000000	-63.4849000000000
-123.227929666667	49.2925906666667	-64.0921666666667
-123.283675000000	49.3452450000000	-65.6071000000000
-123.063746000000	49.2937426666667	-66.4275666666667
-123.119317333333	49.3464770000000	-67.6388333333333
-122.899554333333	49.2946613333333	-69.2101333333333
-122.954951666667	49.3474753333333	-69.9319333333333
-122.735357000000	49.2953466666667	-73.3681000000000
-122.790579333333	49.3482400000000	-73.4375333333333
-122.626007333333	49.2956733333333	-76.8425333333333
-127.471981666667	49.0224573333333	-8.42670000000000
-127.531783000000	49.0729106666667	-8.91616000000000
-127.309111000000	49.0295913333333	-9.48290333333333
-127.368758333333	49.0801340000000	-9.90197000000000
-127.146189333333	49.0364970000000	-10.9086666666667
-127.205681666667	49.0871286666667	-11.2976333333333
-126.983218333333	49.0431746666667	-12.5965666666667
-127.042555333333	49.0938950000000	-12.9533333333333
-126.820199333333	49.0496240000000	-14.5006333333333
-126.879380000000	49.1004323333333	-14.8186333333333
-126.657134666667	49.0558450000000	-16.4813000000000
-126.716158000000	49.1067413333333	-16.8551666666667
-126.494025666667	49.0618366666667	-18.5676666666667
-126.552891000000	49.1128206666667	-18.9764000000000
-126.330873333333	49.0675996666667	-20.7504000000000
-126.389580333333	49.1186706666667	-21.2394000000000
-126.167680000000	49.0731326666667	-22.8633000000000
-126.226227333333	49.1242910000000	-23.4127666666667
-126.004447333333	49.0784363333333	-24.9541333333333
-126.062834666667	49.1296810000000	-25.4664666666667
-125.841177000000	49.0835103333333	-26.8686666666667
-125.899403333333	49.1348413333333	-27.4366666666667
-125.677870333333	49.0883543333333	-28.7004000000000
-125.735935333333	49.1397710000000	-29.2345666666667
-125.514529000000	49.0929686666667	-30.5176666666667
-125.572431666667	49.1444706666667	-31.0838666666667
-125.351155000000	49.0973523333333	-32.2339333333333
-125.408894666667	49.1489396666667	-32.8300000000000
-125.187749666667	49.1015053333333	-34.0995000000000
-125.245326000000	49.1531773333333	-34.6360333333333
-125.024314666667	49.1054280000000	-36.1060000000000
-125.081726666667	49.1571840000000	-36.6619000000000
-124.860852000000	49.1091200000000	-38.2556000000000
-124.918099000000	49.1609600000000	-38.8231000000000
-124.697363000000	49.1125803333333	-40.4553666666667
-124.754444333333	49.1645043333333	-41.0763000000000
-124.533850000000	49.1158100000000	-42.5107000000000
-124.590764666667	49.1678170000000	-43.1945333333333
-124.370314333333	49.1188083333333	-44.5626333333333
-124.427062000000	49.1708983333333	-45.2351666666667
-124.206757000000	49.1215753333333	-46.5539000000000
-124.263337333333	49.1737476666667	-47.3088333333333
-124.043180333333	49.1241113333333	-48.4721666666667
-124.099592333333	49.1763653333333	-49.3290333333333
-123.879586333333	49.1264160000000	-50.3605000000000
-123.935829333333	49.1787516666667	-51.3056666666667
-123.715976333333	49.1284880000000	-52.1955000000000
-123.772049666667	49.1809053333333	-53.2299333333333
-123.552351666667	49.1303290000000	-54.1578333333333
-123.608255000000	49.1828266666667	-55.1347666666667
-123.388714333333	49.1319380000000	-56.3126666666667
-123.444446666667	49.1845163333333	-57.1788000000000
-123.225066000000	49.1333153333333	-58.7785333333333
-123.280627000000	49.1859733333333	-59.5100000000000
-123.061408666667	49.1344606666667	-61.4436000000000
-123.116797333333	49.1871983333333	-62.1494333333333
-122.897744000000	49.1353740000000	-64.4882333333333
-122.952960000000	49.1881910000000	-64.9999333333333
-122.734073333333	49.1360550000000	-68.4887000000000
-122.789116000000	49.1889510000000	-68.6290000000000
-122.570398666667	49.1365046666667	-73.6141333333333
-122.625267333333	49.1894786666667	-73.4804666666667
-122.406721000000	49.1367223333333	-78.8787000000000
-122.461415333333	49.1897743333333	-78.7035666666667
-122.243043000000	49.1367073333333	-84.6043000000000
-122.297562000000	49.1898370000000	-83.9044333333333
-122.134041333333	49.1365690000000	-88.2053000000000
-127.461212000000	48.9166726666667	-6.87906333333333
-127.293321333333	48.8708863333333	-7.13746333333333
-127.352751666667	48.9214450000000	-7.47410000000000
-127.130912000000	48.8777543333333	-8.50141000000000
-127.190188333333	48.9284010000000	-8.75730000000000
-126.968453666667	48.8843950000000	-10.0532633333333
-127.027576000000	48.9351300000000	-10.2960100000000
-126.805948333333	48.8908086666667	-11.7443533333333
-126.864915333333	48.9416313333333	-12.0358200000000
-126.643398000000	48.8969946666667	-13.5201333333333
-126.702209000000	48.9479050000000	-13.8353000000000
-126.480803666667	48.9029533333333	-15.4280333333333
-126.539458333333	48.9539506666667	-15.7574000000000
-126.318166666667	48.9086840000000	-17.3379000000000
-126.376664000000	48.9597683333333	-17.7493000000000
-126.155489666667	48.9141863333333	-19.3380666666667
-126.213828666667	48.9653570000000	-19.7895333333333
-125.992773000000	48.9194610000000	-21.4235000000000
-126.050953666667	48.9707173333333	-21.8995000000000
-125.830019333333	48.9245070000000	-23.4106666666667
-125.888040333333	48.9758490000000	-23.9101333333333
-125.667230000000	48.9293243333333	-25.3801666666667
-125.725091000000	48.9807516666667	-25.8350333333333
-125.504406333333	48.9339126666667	-27.1958000000000
-125.562106666667	48.9854250000000	-27.6793333333333
-125.341550333333	48.9382720000000	-28.9386000000000
-125.399089000000	48.9898690000000	-29.4380666666667
-125.178663666667	48.9424020000000	-30.6855333333333
-125.236040000000	48.9940833333333	-31.1979333333333
-125.015748000000	48.9463026666667	-32.5317333333333
-125.072961333333	48.9980680000000	-33.0312000000000
-124.852804666667	48.9499736666667	-34.5580333333333
-124.909854333333	49.0018226666667	-35.0390333333333
-124.689835666667	48.9534150000000	-36.5706000000000
-124.746721000000	49.0053470000000	-37.1536666666667
-124.526842666667	48.9566270000000	-38.6021000000000
-124.583563000000	49.0086413333333	-39.1884666666667
-124.363827000000	48.9596090000000	-40.7225666666667
-124.420382000000	49.0117056666667	-41.2518000000000
-124.200790333333	48.9623606666667	-42.6952666666667
-124.257179000000	49.0145393333333	-43.2784666666667
-124.037734666667	48.9648823333333	-44.4768000000000
-124.093956333333	49.0171426666667	-45.1138333333333
-123.874661666667	48.9671736666667	-46.2427000000000
-123.930715666667	49.0195153333333	-46.8899666666667
-123.711573000000	48.9692346666667	-47.9949333333333
-123.767459000000	49.0216570000000	-48.6788000000000
-123.548469666667	48.9710653333333	-49.8486333333333
-123.604187000000	49.0235680000000	-50.5347000000000
-123.385354333333	48.9726653333333	-51.9546000000000
-123.440902000000	49.0252480000000	-52.6056333333333
-123.222227666667	48.9740350000000	-54.4079666666667
-123.277605666667	49.0266973333333	-54.9301666666667
-123.059092333333	48.9751736666667	-57.2051666666667
-123.114299333333	49.0279153333333	-57.5505000000000
-122.895949666667	48.9760816666667	-60.4965666666667
-122.950985666667	49.0289020000000	-60.5865666666667
-122.732801000000	48.9767593333333	-64.2614000000000
-122.787665333333	49.0296576666667	-64.2579333333333
-122.569648333333	48.9772066666667	-68.7985333333333
-122.624340333333	49.0301826666667	-68.6258333333333
-122.406493333333	48.9774230000000	-74.0913333333333
-122.461012333333	49.0304766666667	-73.9619666666667
-122.243337333333	48.9774083333333	-79.8208333333333
-122.297683000000	49.0305390000000	-79.7079333333333
-122.080182000000	48.9771630000000	-85.4007666666667
-122.134353666667	49.0303703333333	-85.3298333333333
-121.971529333333	48.9768716666667	-88.6532000000000
-127.277669000000	48.7121740000000	-5.53945000000000
-127.336884000000	48.7627480000000	-5.62957000000000
-127.115767666667	48.7190036666667	-6.67046333333333
-127.174830000000	48.7696656666667	-6.79145333333333
-126.953818000000	48.7256076666667	-7.97109333333333
-127.012727333333	48.7763573333333	-8.13767333333333
-126.791822000000	48.7319856666667	-9.39554333333333
-126.850577333333	48.7828226666667	-9.59521666666667
-126.629781333333	48.7381373333333	-11.0101800000000
-126.688382000000	48.7890613333333	-11.2295133333333
-126.467697000000	48.7440626666667	-12.7151666666667
-126.526142666667	48.7950733333333	-12.9714333333333
-126.305571000000	48.7497616666667	-14.4921666666667
-126.363860666667	48.8008583333333	-14.7603666666667
-126.143405000000	48.7552340000000	-16.2882333333333
-126.201538000000	48.8064166666667	-16.6182333333333
-125.981200333333	48.7604790000000	-18.1809666666667
-126.039176000000	48.8117473333333	-18.5320666666667
-125.818959000000	48.7654970000000	-20.1393666666667
-125.876776333333	48.8168506666667	-20.5729333333333
-125.656682333333	48.7702873333333	-22.0496333333333
-125.714341000000	48.8217260000000	-22.5222333333333
-125.494372000000	48.7748503333333	-23.9863333333333
-125.551871000000	48.8263733333333	-24.4240333333333
-125.332030000000	48.7791856666667	-25.7794333333333
-125.389368666667	48.8307926666667	-26.2586333333333
-125.169657666667	48.7832926666667	-27.4810333333333
-125.226835333333	48.8349836666667	-27.9470000000000
-125.007256333333	48.7871713333333	-29.3153666666667
-125.064272666667	48.8389456666667	-29.7201000000000
-124.844828000000	48.7908223333333	-31.2203666666667
-124.901682000000	48.8426793333333	-31.6460000000000
-124.682374000000	48.7942450000000	-33.1723000000000
-124.739065333333	48.8461846666667	-33.5493333333333
-124.519896333333	48.7974390000000	-35.1712666666667
-124.576424000000	48.8494610000000	-35.6072000000000
-124.357396333333	48.8004043333333	-37.1277666666667
-124.413760000000	48.8525083333333	-37.6369333333333
-124.194876000000	48.8031406666667	-39.1087333333333
-124.251074666667	48.8553263333333	-39.6302000000000
-124.032336666667	48.8056480000000	-41.0291333333333
-124.088370000000	48.8579146666667	-41.5367666666667
-123.869780333333	48.8079266666667	-42.8573666666667
-123.925647333333	48.8602740000000	-43.3219000000000
-123.707208000000	48.8099763333333	-44.6072333333333
-123.762908666667	48.8624040000000	-45.0943000000000
-123.544621666667	48.8117966666667	-46.3202333333333
-123.600155000000	48.8643043333333	-46.8218000000000
-123.382023333333	48.8133880000000	-48.2465333333333
-123.437388666667	48.8659750000000	-48.6960333333333
-123.219414333333	48.8147496666667	-50.6013666666667
-123.274611000000	48.8674160000000	-50.9829000000000
-123.056796666667	48.8158823333333	-53.4931000000000
-123.111824000000	48.8686270000000	-53.6811000000000
-122.894171000000	48.8167856666667	-56.8372333333333
-122.949029000000	48.8696086666667	-56.9271666666667
-122.731539666667	48.8174593333333	-60.4045000000000
-122.786227333333	48.8703603333333	-60.4101000000000
-122.568904666667	48.8179040000000	-64.4962333333333
-122.623421333333	48.8708823333333	-64.4285000000000
-122.406267333333	48.8181190000000	-69.0226000000000
-122.460612666667	48.8711746666667	-68.9956333333333
-122.243628666667	48.8181046666667	-74.2081333333333
-122.297802333333	48.8712366666667	-74.2312000000000
-122.080991333333	48.8178606666667	-79.5470666666667
-122.134992000000	48.8710690000000	-79.8687000000000
-121.918357000000	48.8173870000000	-84.3134000000000
-121.972184666667	48.8706710000000	-84.8434666666667
-121.810050666667	48.8169450000000	-87.7408333333333
-127.105856333333	48.6131570000000	-5.65031333333333
-126.939309666667	48.5668123333333	-6.36480000000000
-126.998008000000	48.6175766666667	-6.44653333333333
-126.777818333333	48.5731550000000	-7.58557666666667
-126.836364333333	48.6240063333333	-7.68968666666667
-126.616282666667	48.5792726666667	-8.95647000000000
-126.674675333333	48.6302103333333	-9.07210000000000
-126.454704333333	48.5851653333333	-10.4840833333333
-126.512943000000	48.6361890000000	-10.6382833333333
-126.293084666667	48.5908330000000	-12.0957333333333
-126.351168666667	48.6419423333333	-12.2927666666667
-126.131425666667	48.5962746666667	-13.7583000000000
-126.189354000000	48.6474696666667	-13.9651333333333
-125.969728666667	48.6014906666667	-15.4970000000000
-126.027501000000	48.6527706666667	-15.7303000000000
-125.807995333333	48.6064806666667	-17.1976000000000
-125.865610666667	48.6578453333333	-17.5141000000000
-125.646227000000	48.6112446666667	-19.0366333333333
-125.703685000000	48.6626936666667	-19.3502666666667
-125.484425666667	48.6157823333333	-20.9969000000000
-125.541725333333	48.6673153333333	-21.2983000000000
-125.322592666667	48.6200936666667	-22.9237666666667
-125.379733666667	48.6717103333333	-23.2057333333333
-125.160730000000	48.6241776666667	-24.7503000000000
-125.217711333333	48.6758780000000	-25.0315000000000
-124.998838666667	48.6280350000000	-26.5415333333333
-125.055660000000	48.6798180000000	-26.7951000000000
-124.836920666667	48.6316660000000	-28.3961000000000
-124.893581000000	48.6835313333333	-28.6361666666667
-124.674977333333	48.6350693333333	-30.4453333333333
-124.731476333333	48.6870173333333	-30.6032666666667
-124.513010666667	48.6382453333333	-32.4092666666667
-124.569347333333	48.6902750000000	-32.5784333333333
-124.351022000000	48.6411943333333	-34.3387666666667
-124.407196000000	48.6933053333333	-34.4929333333333
-124.189013333333	48.6439153333333	-36.1674666666667
-124.245023666667	48.6961076666667	-36.4521333333333
-124.026985666667	48.6464090000000	-37.9770333333333
-124.082832333333	48.6986816666667	-38.3164333333333
-123.864941333333	48.6486750000000	-39.9032333333333
-123.920623000000	48.7010280000000	-40.2252000000000
-123.702881333333	48.6507133333333	-41.6930333333333
-123.758398000000	48.7031460000000	-42.0483333333333
-123.540807333333	48.6525236666667	-43.4758333333333
-123.596158000000	48.7050360000000	-43.7503666666667
-123.378721666667	48.6541060000000	-45.3598000000000
-123.433905666667	48.7066973333333	-45.5962000000000
-123.216625666667	48.6554603333333	-47.4781333333333
-123.271642666667	48.7081303333333	-47.6286000000000
-123.054520333333	48.6565866666667	-50.2083000000000
-123.109370000000	48.7093350000000	-50.2629000000000
-122.892407666667	48.6574846666667	-53.2314333333333
-122.947089000000	48.7103110000000	-53.3485666666667
-122.730289666667	48.6581546666667	-56.6142333333333
-122.784802000000	48.7110583333333	-56.7145000000000
-122.568167666667	48.6585970000000	-60.1617333333333
-122.622510666667	48.7115773333333	-60.3719666666667
-122.406043000000	48.6588106666667	-64.0440666666667
-122.460216333333	48.7118680000000	-64.3129666666667
-122.243917666667	48.6587963333333	-68.4573000000000
-122.297920333333	48.7119296666667	-68.7306333333333
-122.081794000000	48.6585536666667	-73.1621333333333
-122.135625333333	48.7117630000000	-73.6131666666667
-121.919672000000	48.6580830000000	-77.9455000000000
-121.973332333333	48.7113673333333	-78.5659666666667
-121.757554333333	48.6573843333333	-82.7642666666667
-121.811042333333	48.7107436666667	-83.5463000000000
-121.649593000000	48.6567926666667	-86.3573666666667
-126.929818333333	48.4609363333333	-5.49995000000000
-126.763936000000	48.4143166666667	-6.19932000000000
-126.822274333333	48.4651820000000	-6.24941000000000
-126.602901333333	48.4204010000000	-7.39030000000000
-126.661087333333	48.4713520000000	-7.41985666666667
-126.441824666667	48.4262613333333	-8.71465666666667
-126.499858000000	48.4772980000000	-8.77271333333333
-126.280707000000	48.4318973333333	-10.1524600000000
-126.338587000000	48.4830193333333	-10.2289933333333
-126.119550666667	48.4373090000000	-11.7191333333333
-126.177276333333	48.4885160000000	-11.8123666666667
-125.958356666667	48.4424960000000	-13.2970000000000
-126.015927666667	48.4937876666667	-13.4317666666667
-125.797127000000	48.4474583333333	-14.9076666666667
-125.854542333333	48.4988343333333	-15.0457333333333
-125.635862666667	48.4521956666667	-16.6287666666667
-125.693122000000	48.5036556666667	-16.7459000000000
-125.474565666667	48.4567083333333	-18.5751333333333
-125.531668000000	48.5082516666667	-18.6181000000000
-125.313237333333	48.4609956666667	-20.6405000000000
-125.370182333333	48.5126223333333	-20.6719666666667
-125.151879666667	48.4650570000000	-22.5506666666667
-125.208666333333	48.5167666666667	-22.6111000000000
-124.990494000000	48.4688930000000	-24.3171333333333
-125.047122000000	48.5206850000000	-24.4363000000000
-124.829082000000	48.4725036666667	-26.0704333333333
-124.885550333333	48.5243776666667	-26.1823000000000
-124.667645000000	48.4758880000000	-28.1424333333333
-124.723953333333	48.5278440000000	-28.1263000000000
-124.506185000000	48.4790466666667	-30.3637000000000
-124.562332333333	48.5310836666667	-30.2923000000000
-124.344703333333	48.4819793333333	-32.3071333333333
-124.400689333333	48.5340973333333	-32.3265000000000
-124.183201666667	48.4846853333333	-33.9432333333333
-124.239025666667	48.5368840000000	-34.0347333333333
-124.021681333333	48.4871653333333	-35.6402000000000
-124.077342666667	48.5394440000000	-35.7365666666667
-123.860144666667	48.4894186666667	-37.3896333333333
-123.915642666667	48.5417773333333	-37.5587000000000
-123.698592333333	48.4914456666667	-39.2052333333333
-123.753926666667	48.5438836666667	-39.3788666666667
-123.537026333333	48.4932456666667	-41.1409000000000
-123.592196333333	48.5457630000000	-41.2448666666667
-123.375448666667	48.4948193333333	-43.1020333333333
-123.430453333333	48.5474150000000	-43.1354666666667
-123.213860666667	48.4961663333333	-45.1698666666667
-123.268700000000	48.5488403333333	-45.1759000000000
-123.052263666667	48.4972863333333	-47.4018333333333
-123.106936666667	48.5500380000000	-47.4175000000000
-122.890660000000	48.4981796666667	-50.0870000000000
-122.945166000000	48.5510086666667	-50.0755000000000
-122.729050333333	48.4988460000000	-53.0675666666667
-122.783389333333	48.5517520000000	-53.1426666666667
-122.567436666667	48.4992856666667	-56.1247666666667
-122.621607666667	48.5522683333333	-56.3289000000000
-122.405821000000	48.4994980000000	-59.2559666666667
-122.459823333333	48.5525570000000	-59.6887000000000
-122.244204666667	48.4994836666667	-62.7422333333333
-122.298038000000	48.5526183333333	-63.3380000000000
-122.082589000000	48.4992423333333	-66.8731333333333
-122.136253000000	48.5524523333333	-67.4105000000000
-121.920975666667	48.4987743333333	-71.4470000000000
-121.974469666667	48.5520593333333	-72.0043000000000
-121.759367000000	48.4980790000000	-76.1633666666667
-121.812690000000	48.5514386666667	-76.6061666666667
-121.597764000000	48.4971573333333	-81.6799666666667
-121.650916000000	48.5505906666667	-81.8666666666667
-121.490145000000	48.4964183333333	-85.7404000000000
-126.754858333333	48.3084130000000	-5.43253000000000
-126.589636000000	48.2615220000000	-6.15292000000000
-126.647617666667	48.3124866666667	-6.16371333333333
-126.429056000000	48.2673496666667	-7.35340333333333
-126.486886333333	48.3183996666667	-7.32145000000000
-126.268436333333	48.2729546666667	-8.70956000000000
-126.326114333333	48.3240893333333	-8.67007666666667
-126.107778333333	48.2783363333333	-10.1006100000000
-126.165303333333	48.3295556666667	-10.0987100000000
-125.947083000000	48.2834946666667	-11.5562333333333
-126.004454666667	48.3347980000000	-11.5862666666667
-125.786352333333	48.2884293333333	-13.1037000000000
-125.843569666667	48.3398166666667	-13.1289000000000
-125.625587666667	48.2931406666667	-14.7817333333333
-125.682650333333	48.3446110000000	-14.7653333333333
-125.464790666667	48.2976286666667	-16.7194000000000
-125.521697666667	48.3491820000000	-16.6022000000000
-125.303963000000	48.3018920000000	-18.8444333333333
-125.360713666667	48.3535283333333	-18.6608666666667
-125.143106333333	48.3059310000000	-20.9368666666667
-125.199700000000	48.3576496666667	-20.7636333333333
-124.982221666667	48.3097456666667	-22.6987333333333
-125.038658000000	48.3615463333333	-22.6047333333333
-124.821311333333	48.3133360000000	-24.4760666666667
-124.877589333333	48.3652183333333	-24.2992666666667
-124.660376333333	48.3167016666667	-26.5090333333333
-124.716495666667	48.3686653333333	-26.2633666666667
-124.499418333333	48.3198430000000	-28.6457333333333
-124.555378333333	48.3718873333333	-28.4595000000000
-124.338439000000	48.3227593333333	-30.5894333333333
-124.394239000000	48.3748843333333	-30.5305666666667
-124.177440000000	48.3254503333333	-32.2738666666667
-124.233079333333	48.3776556666667	-32.2745000000000
-124.016423000000	48.3279163333333	-33.8608333333333
-124.071901000000	48.3802013333333	-33.8462333333333
-123.855389000000	48.3301573333333	-35.4715000000000
-123.910705333333	48.3825216666667	-35.4857333333333
-123.694340333333	48.3321730000000	-37.1975333333333
-123.749494000000	48.3846163333333	-37.2017666666667
-123.533278000000	48.3339630000000	-39.1244666666667
-123.588268666667	48.3864850000000	-39.0970333333333
-123.372204333333	48.3355280000000	-41.1378666666667
-123.427031000000	48.3881280000000	-41.1349000000000
-123.211120000000	48.3368673333333	-43.1302666666667
-123.265782666667	48.3895453333333	-43.0989666666667
-123.050027333333	48.3379813333333	-45.2817333333333
-123.104525000000	48.3907366666667	-45.1855000000000
-122.888927333333	48.3388696666667	-47.6197333333333
-122.943260000000	48.3917020000000	-47.5095666666667
-122.727821666667	48.3395323333333	-50.0329000000000
-122.781988333333	48.3924413333333	-50.1220666666667
-122.566712666667	48.3399693333333	-52.6223000000000
-122.620712666667	48.3929543333333	-52.7742666666667
-122.405601000000	48.3401810000000	-55.1984000000000
-122.459434333333	48.3932416666667	-55.5400666666667
-122.244488333333	48.3401666666667	-57.9870333333333
-122.298154333333	48.3933026666667	-58.3185333333333
-122.083377000000	48.3399266666667	-61.6007000000000
-122.136874666667	48.3931376666667	-61.8733666666667
-121.922268333333	48.3394610000000	-65.9896333333333
-121.975597333333	48.3927463333333	-66.0431666666667
-121.761163666667	48.3387700000000	-70.9434000000000
-121.814323666667	48.3921293333333	-70.9506666666667
-121.600064666667	48.3378533333333	-76.4685000000000
-121.653055000000	48.3912863333333	-75.9694000000000
-121.438972666667	48.3367110000000	-83.1702666666667
-121.491793000000	48.3902173333333	-82.2036000000000
-121.331694333333	48.3358260000000	-87.8706333333333
-126.580965333333	48.1555913333333	-5.41858666666667
-126.416398000000	48.1084313333333	-6.30745333333333
-126.474026666667	48.1594940000000	-6.18777333333333
-126.256271666667	48.1140053333333	-7.63997000000000
-126.313749333333	48.1651523333333	-7.51256666666667
-126.096107666667	48.1193570000000	-8.93450000000000
-126.153433666667	48.1705883333333	-8.83886333333333
-125.935906666667	48.1244870000000	-10.2253133333333
-125.993080666667	48.1758016666667	-10.1662133333333
-125.775671000000	48.1293943333333	-11.6593000000000
-125.832691666667	48.1807926666667	-11.5901333333333
-125.615401666667	48.1340796666667	-13.2837333333333
-125.672269000000	48.1855606666667	-13.1892666666667
-125.455100333333	48.1385426666667	-15.1946666666667
-125.511813333333	48.1901063333333	-14.9934000000000
-125.294769000000	48.1427823333333	-17.3858333333333
-125.351327000000	48.1944286666667	-17.1042333333333
-125.134408666667	48.1467990000000	-19.5359666666667
-125.190811333333	48.1985270000000	-19.2992666666667
-124.974021000000	48.1505926666667	-21.4584333333333
-125.030267333333	48.2024023333333	-21.2675666666667
-124.813608000000	48.1541630000000	-23.3016666666667
-124.869697333333	48.2060536666667	-23.0664000000000
-124.653170666667	48.1575103333333	-25.2372666666667
-124.709102666667	48.2094816666667	-24.9570000000000
-124.492710333333	48.1606343333333	-27.2071333333333
-124.548484333333	48.2126860000000	-26.9755333333333
-124.332229333333	48.1635343333333	-29.1132666666667
-124.387844333333	48.2156663333333	-28.9362000000000
-124.171728666667	48.1662103333333	-30.8951666666667
-124.227184666667	48.2184220000000	-30.7658666666667
-124.011210000000	48.1686626666667	-32.5360333333333
-124.066506000000	48.2209536666667	-32.4177666666667
-123.850675000000	48.1708910000000	-34.0767000000000
-123.905810666667	48.2232610000000	-33.9648666666667
-123.690125333333	48.1728956666667	-35.7495000000000
-123.745099666667	48.2253440000000	-35.5791000000000
-123.529562666667	48.1746760000000	-37.5393666666667
-123.584375333333	48.2272026666667	-37.3953666666667
-123.368988000000	48.1762320000000	-39.3436000000000
-123.423638666667	48.2288363333333	-39.2714333333333
-123.208403000000	48.1775640000000	-41.2826000000000
-123.262891000000	48.2302456666667	-41.2413333333333
-123.047809666667	48.1786716666667	-43.3123000000000
-123.102134333333	48.2314303333333	-43.2677666666667
-122.887209333333	48.1795550000000	-45.5247333333333
-122.941370000000	48.2323903333333	-45.4364333333333
-122.726604000000	48.1802140000000	-47.6558666666667
-122.780600000000	48.2331253333333	-47.6188666666667
-122.565994333333	48.1806490000000	-49.9087666666667
-122.619825666667	48.2336360000000	-49.9179333333333
-122.405382333333	48.1808590000000	-52.1815666666667
-122.459048000000	48.2339216666667	-52.2714666666667
-122.244770000000	48.1808450000000	-54.7234333333333
-122.298269333333	48.2339823333333	-54.7770000000000
-122.084158666667	48.1806063333333	-57.8666666666667
-122.137491333333	48.2338183333333	-57.6608000000000
-121.923549666667	48.1801436666667	-62.3852666666667
-121.976715333333	48.2334293333333	-61.7530333333333
-121.762944666667	48.1794563333333	-67.5976666666667
-121.815942666667	48.2328160000000	-66.6146000000000
-121.602345333333	48.1785443333333	-74.1752333333333
-121.655175333333	48.2319773333333	-72.4255666666667
-121.441753000000	48.1774083333333	-81.2613000000000
-121.494414333333	48.2309140000000	-79.1848333333333
-121.281169333333	48.1760483333333	-88.7659333333333
-121.333661666667	48.2296263333333	-86.3857666666667
-126.403849333333	47.9495060000000	-5.62175666666667
-126.461278333333	48.0005816666667	-5.43799333333333
-126.244212333333	47.9550490000000	-6.76967666666667
-126.301491333333	48.0062086666667	-6.61862000000000
-126.084538000000	47.9603713333333	-7.97940666666667
-126.141666666667	48.0116143333333	-7.88666333333333
-125.924827000000	47.9654730000000	-9.18209000000000
-125.981805000000	48.0167993333333	-9.08634333333333
-125.765082000000	47.9703530000000	-10.5058600000000
-125.821908000000	48.0217623333333	-10.3902266666667
-125.605303666667	47.9750126666667	-12.0449333333333
-125.661977666667	48.0265040000000	-11.8694000000000
-125.445494000000	47.9794510000000	-13.9152000000000
-125.502014666667	48.0310246666667	-13.6605333333333
-125.285654666667	47.9836670000000	-16.0484333333333
-125.342021666667	48.0353226666667	-15.7309333333333
-125.125786333333	47.9876616666667	-18.2565000000000
-125.181999333333	48.0393986666667	-17.9400333333333
-124.965891333333	47.9914340000000	-20.2823000000000
-125.021949333333	48.0432523333333	-20.0433000000000
-124.805971000000	47.9949850000000	-22.1705000000000
-124.861873666667	48.0468836666667	-21.9327000000000
-124.646026666667	47.9983136666667	-24.0825000000000
-124.701773333333	48.0502930000000	-23.8197333333333
-124.486060333333	48.0014200000000	-25.9721666666667
-124.541650000000	48.0534793333333	-25.7316333333333
-124.326073333333	48.0043040000000	-27.8691000000000
-124.381505666667	48.0564430000000	-27.6247333333333
-124.166066333333	48.0069653333333	-29.6631000000000
-124.221341000000	48.0591836666667	-29.4869333333333
-124.006042333333	48.0094040000000	-31.3275333333333
-124.061158000000	48.0617010000000	-31.1896000000000
-123.846002000000	48.0116203333333	-32.9035000000000
-123.900958666667	48.0639956666667	-32.7858000000000
-123.685947000000	48.0136140000000	-34.5454000000000
-123.740744000000	48.0660673333333	-34.3648000000000
-123.525879000000	48.0153843333333	-36.2334333333333
-123.580515666667	48.0679156666667	-36.0741000000000
-123.365799333333	48.0169316666667	-37.9496000000000
-123.420275333333	48.0695403333333	-37.7708666666667
-123.205709666667	48.0182560000000	-39.7105000000000
-123.260024000000	48.0709416666667	-39.5636000000000
-123.045611666667	48.0193576666667	-41.6466333333333
-123.099764000000	48.0721196666667	-41.4740333333333
-122.885506666667	48.0202363333333	-43.7267000000000
-122.939496666667	48.0730743333333	-43.5732000000000
-122.725396333333	48.0208920000000	-45.8290666666667
-122.779223333333	48.0738056666667	-45.7152333333333
-122.565282333333	48.0213240000000	-47.8351666666667
-122.618945666667	48.0743133333333	-47.7605333333333
-122.405166333333	48.0215330000000	-50.0285000000000
-122.458665333333	48.0745970000000	-49.8935000000000
-122.245049666667	48.0215190000000	-52.6123000000000
-122.298384000000	48.0746576666667	-52.2630000000000
-122.084933666667	48.0212813333333	-56.0352333333333
-122.138103000000	48.0744943333333	-55.2786000000000
-121.924820000000	48.0208213333333	-60.3861333333333
-121.977823666667	48.0741076666667	-59.2555333333333
-121.764710333333	48.0201376666667	-66.5991000000000
-121.817548000000	48.0734976666667	-64.4989333333333
-121.604606000000	48.0192306666667	-73.9903666666667
-121.657277000000	48.0726633333333	-71.4475000000000
-121.444509333333	48.0181013333333	-81.8022000000000
-121.497013000000	48.0716060000000	-78.7945666666667
-121.284420666667	48.0167486666667	-89.5461666666667
-121.336757000000	48.0703256666667	-86.6491000000000
-126.395651000000	47.8435450000000	-5.15747666666667
-126.232256333333	47.7960860000000	-5.94053333333333
-126.289339000000	47.8472580000000	-5.84598333333333
-126.073067333333	47.8013790000000	-7.06882000000000
-126.130001000000	47.8526340000000	-6.95697000000000
-125.913842333333	47.8064520000000	-8.33232000000000
-125.970626333333	47.8577900000000	-8.18700333333333
-125.754583666667	47.8113056666667	-9.57195000000000
-125.811217000000	47.8627256666667	-9.44304000000000
-125.595292333333	47.8159396666667	-10.9986033333333
-125.651774666667	47.8674416666667	-10.8103033333333
-125.435970333333	47.8203530000000	-12.7512666666667
-125.492300666667	47.8719370000000	-12.4879000000000
-125.276618333333	47.8245460000000	-14.8502666666667
-125.332796666667	47.8762113333333	-14.4960666666667
-125.117238000000	47.8285183333333	-17.0621666666667
-125.173263333333	47.8802646666667	-16.7191000000000
-124.957831666667	47.8322703333333	-19.1185333333333
-125.013703000000	47.8840970000000	-18.8385666666667
-124.798400000000	47.8358016666667	-21.0470333333333
-124.854117333333	47.8877086666667	-20.8000666666667
-124.638944666667	47.8391116666667	-22.9402333333333
-124.694507000000	47.8910986666667	-22.6802333333333
-124.479467666667	47.8422010000000	-24.7693000000000
-124.534874666667	47.8942673333333	-24.5830333333333
-124.319970000000	47.8450690000000	-26.5567000000000
-124.375221000000	47.8972146666667	-26.4028000000000
-124.160453333333	47.8477153333333	-28.3702666666667
-124.215547666667	47.8999400000000	-28.1991666666667
-124.000919333333	47.8501406666667	-30.1050333333333
-124.055856333333	47.9024436666667	-29.9721333333333
-123.841369000000	47.8523446666667	-31.7223666666667
-123.896148666667	47.9047256666667	-31.5781333333333
-123.681804000000	47.8543273333333	-33.4388333333333
-123.736425333333	47.9067860000000	-33.2283333333333
-123.522227000000	47.8560876666667	-35.0962333333333
-123.576689000000	47.9086240000000	-34.9152333333333
-123.362638333333	47.8576263333333	-36.8233666666667
-123.416941000000	47.9102393333333	-36.5931666666667
-123.203039666667	47.8589436666667	-38.5702000000000
-123.257182333333	47.9116330000000	-38.3267000000000
-123.043432666667	47.8600393333333	-40.3663333333333
-123.097414666667	47.9128046666667	-40.1266000000000
-122.883818666667	47.8609130000000	-42.2987333333333
-122.937639666667	47.9137543333333	-42.0398666666667
-122.724199666667	47.8615646666667	-44.3175666666667
-122.777858666667	47.9144813333333	-44.0994000000000
-122.564577000000	47.8619943333333	-46.3501333333333
-122.618074000000	47.9149860000000	-46.1218666666667
-122.404952000000	47.8622023333333	-48.6181000000000
-122.458286333333	47.9152683333333	-48.1984333333333
-122.245326333333	47.8621883333333	-51.6710333333333
-122.298497666667	47.9153283333333	-50.7974666666667
-122.085701333333	47.8619523333333	-55.5069666666667
-122.138709000000	47.9151660000000	-54.2425000000000
-121.926079000000	47.8614946666667	-60.3468000000000
-121.978922333333	47.9147813333333	-58.4303000000000
-121.766460333333	47.8608150000000	-67.5515666666667
-121.819139000000	47.9141746666667	-64.4028000000000
-121.606847666667	47.8599133333333	-75.6537666666667
-121.659360666667	47.9133453333333	-72.2907333333333
-121.447241666667	47.8587900000000	-84.0538333333333
-121.499589333333	47.9122940000000	-80.3610333333333
-121.339825333333	47.9110203333333	-88.3920666666667
-126.220403000000	47.6371163333333	-5.38201000000000
-126.277290666667	47.6883006666667	-5.24595333333333
-126.061695000000	47.6423800000000	-6.38434000000000
-126.118435000000	47.6936466666667	-6.18844000000000
-125.902952000000	47.6474253333333	-7.63371000000000
-125.959543333333	47.6987743333333	-7.41003666666667
-125.744175666667	47.6522523333333	-8.86714000000000
-125.800617666667	47.7036830000000	-8.68490333333333
-125.585367333333	47.6568603333333	-10.0670166666667
-125.641659333333	47.7083730000000	-9.94248666666667
-125.426528333333	47.6612490000000	-11.6170000000000
-125.482670000000	47.7128430000000	-11.3865000000000
-125.267659666667	47.6654190000000	-13.6755000000000
-125.323650333333	47.7170936666667	-13.3359666666667
-125.108763666667	47.6693696666667	-15.8311333333333
-125.164602333333	47.7211250000000	-15.5328666666667
-124.949841666667	47.6731010000000	-17.9179000000000
-125.005528000000	47.7249363333333	-17.6404000000000
-124.790894333333	47.6766126666667	-19.8913000000000
-124.846428000000	47.7285280000000	-19.6430000000000
-124.631924000000	47.6799046666667	-21.7888333333333
-124.687304000000	47.7318993333333	-21.5553333333333
-124.472931666667	47.6829766666667	-23.5203000000000
-124.528157666667	47.7350506666667	-23.3600000000000
-124.313919333333	47.6858286666667	-25.2459000000000
-124.368990666667	47.7379813333333	-25.0835000000000
-124.154888333333	47.6884606666667	-27.0902333333333
-124.209804333333	47.7406916666667	-26.8902000000000
-123.995840000000	47.6908723333333	-28.8944333333333
-124.050600333333	47.7431813333333	-28.7032000000000
-123.836775666667	47.6930643333333	-30.6171333333333
-123.891379333333	47.7454506666667	-30.4405000000000
-123.677697666667	47.6950356666667	-32.3266666666667
-123.732144000000	47.7474996666667	-32.1095000000000
-123.518606666667	47.6967863333333	-34.1025333333333
-123.572895666667	47.7493270000000	-33.8370000000000
-123.359504333333	47.6983170000000	-35.8806333333333
-123.413635333333	47.7509340000000	-35.5919666666667
-123.200392333333	47.6996266666667	-37.6811666666667
-123.254364666667	47.7523200000000	-37.3555333333333
-123.041272333333	47.7007160000000	-39.4568000000000
-123.095085333333	47.7534850000000	-39.1355666666667
-122.882145333333	47.7015846666667	-41.3431000000000
-122.935798666667	47.7544290000000	-40.9464333333333
-122.723013333333	47.7022330000000	-43.2925666666667
-122.776506333333	47.7551520000000	-42.9135666666667
-122.563877333333	47.7026603333333	-45.3117666666667
-122.617209666667	47.7556540000000	-44.9248333333333
-122.404739333333	47.7028670000000	-47.9583333333333
-122.457910333333	47.7559346666667	-47.1567333333333
-122.245600333333	47.7028533333333	-51.6283333333333
-122.298609666667	47.7559946666667	-50.2932666666667
-122.086462666667	47.7026186666667	-56.0991333333333
-122.139309333333	47.7558333333333	-54.2705666666667
-121.927327333333	47.7021636666667	-62.0001000000000
-121.980011333333	47.7554510000000	-59.2520333333333
-121.768195666667	47.7014876666667	-69.8033666666667
-121.820716333333	47.7548476666667	-66.2436333333333
-121.609070000000	47.7005910000000	-78.1315333333333
-121.661426666667	47.7540230000000	-74.4743333333333
-121.449950666667	47.6994736666667	-86.6043666666667
-121.502143333333	47.7529773333333	-83.0037666666667
-126.212663000000	47.5311263333333	-5.12552000000000
-126.050420333333	47.4833750000000	-5.95136333333333
-126.106968333333	47.5346533333333	-5.70898000000000
-125.892155333333	47.4883923333333	-7.13565000000000
-125.948555666667	47.5397526666667	-6.85039666666667
-125.733857333333	47.4931926666667	-8.30924666666667
-125.790109666667	47.5446343333333	-8.10120000000000
-125.575527666667	47.4977750000000	-9.33716666666667
-125.631631333333	47.5492980000000	-9.19971666666667
-125.417167333333	47.5021396666667	-10.6183333333333
-125.473122000000	47.5537433333333	-10.4349666666667
-125.258778333333	47.5062866666667	-12.3987000000000
-125.314583000000	47.5579706666667	-12.1399000000000
-125.100362000000	47.5102153333333	-14.4840666666667
-125.156016333333	47.5619796666667	-14.2325666666667
-124.941919666667	47.5139260000000	-16.6082333333333
-124.997423000000	47.5657700000000	-16.3601333333333
-124.783453000000	47.5174180000000	-18.6996333333333
-124.838804666667	47.5693416666667	-18.4143000000000
-124.624963000000	47.5206916666667	-20.6218666666667
-124.680162666667	47.5726943333333	-20.4101333333333
-124.466451666667	47.5237466666667	-22.3510666666667
-124.521498333333	47.5758280000000	-22.1608666666667
-124.307920333333	47.5265833333333	-24.0709000000000
-124.362813666667	47.5787426666667	-23.8729000000000
-124.149371000000	47.5292010000000	-25.8372333333333
-124.204110000000	47.5814383333333	-25.6439333333333
-123.990804333333	47.5315993333333	-27.6782333333333
-124.045389000000	47.5839143333333	-27.4747666666667
-123.832222333333	47.5337790000000	-29.4469000000000
-123.886651666667	47.5861710000000	-29.2745333333333
-123.673626000000	47.5357393333333	-31.2301666666667
-123.727900000000	47.5882083333333	-31.0066666666667
-123.515017000000	47.5374806666667	-33.1236333333333
-123.569134666667	47.5900260000000	-32.8157000000000
-123.356397333333	47.5390023333333	-34.9880666666667
-123.410358000000	47.5916240000000	-34.6991333333333
-123.197768000000	47.5403050000000	-36.8265666666667
-123.251571333333	47.5930020000000	-36.4952000000000
-123.039130333333	47.5413883333333	-38.7313000000000
-123.092776000000	47.5941606666667	-38.3337666666667
-122.880486000000	47.5422523333333	-40.7150666666667
-122.933973333333	47.5950993333333	-40.2510000000000
-122.721836666667	47.5428970000000	-42.6417000000000
-122.775165000000	47.5958186666667	-42.1861666666667
-122.563183666667	47.5433220000000	-44.7440333333333
-122.616352666667	47.5963176666667	-44.1350333333333
-122.404528333333	47.5435276666667	-48.1479000000000
-122.457537333333	47.5965970000000	-46.7223666666667
-122.245872666667	47.5435136666667	-52.4956000000000
-122.298721000000	47.5966563333333	-50.7189333333333
-122.087218000000	47.5432806666667	-57.5728333333333
-122.139905333333	47.5964960000000	-55.2335666666667
-121.928565000000	47.5428280000000	-64.3011666666667
-121.981091333333	47.5961160000000	-61.1864666666667
-121.769916333333	47.5421556666667	-72.0146000000000
-121.822280333333	47.5955156666667	-68.6745333333333
-121.611273000000	47.5412640000000	-80.1785666666667
-121.663475000000	47.5946956666667	-76.8006333333333
-121.452636333333	47.5401526666667	-88.1232666666667
-121.504675333333	47.5936556666667	-85.1100666666667
-126.039242000000	47.3243633333333	-5.67162333333333
-126.095599666667	47.3756533333333	-5.43722000000000
-125.881451000000	47.3293530000000	-6.74387333333333
-125.937662333333	47.3807246666667	-6.47102000000000
-125.723627000000	47.3341263333333	-7.80990000000000
-125.779691666667	47.3855790000000	-7.61655000000000
-125.565771666667	47.3386836666667	-8.76481666666667
-125.621689000000	47.3902170000000	-8.64004666666667
-125.407886333333	47.3430243333333	-9.78326333333333
-125.463655666667	47.3946380000000	-9.64530333333333
-125.249972666667	47.3471483333333	-11.2853933333333
-125.305593333333	47.3988420000000	-11.0150933333333
-125.092031666667	47.3510553333333	-13.2272000000000
-125.147503333333	47.4028286666667	-12.9205000000000
-124.934065333333	47.3547453333333	-15.3330666666667
-124.989387000000	47.4065980000000	-15.0388666666667
-124.776075000000	47.3582183333333	-17.5131666666667
-124.831246333333	47.4101496666667	-17.1877666666667
-124.618061666667	47.3614740000000	-19.4766000000000
-124.673082000000	47.4134840000000	-19.2367666666667
-124.460027333333	47.3645120000000	-21.2494000000000
-124.514896000000	47.4166003333333	-21.0519000000000
-124.301973000000	47.3673326666667	-22.9309666666667
-124.356689666667	47.4194990000000	-22.7465666666667
-124.143901000000	47.3699356666667	-24.6603000000000
-124.198464666667	47.4221796666667	-24.4486000000000
-123.985812000000	47.3723210000000	-26.4826666666667
-124.040222666667	47.4246420000000	-26.2524000000000
-123.827707666667	47.3744886666667	-28.3320333333333
-123.881964333333	47.4268863333333	-28.0808666666667
-123.669589333333	47.3764383333333	-30.1667666666667
-123.723691666667	47.4289123333333	-29.9215666666667
-123.511458666667	47.3781700000000	-32.1235000000000
-123.565406000000	47.4307200000000	-31.7833000000000
-123.353317000000	47.3796833333333	-34.1354666666667
-123.407109000000	47.4323090000000	-33.7527666666667
-123.195166000000	47.3809790000000	-36.0802333333333
-123.248802000000	47.4336796666667	-35.7021333333333
-123.037006666667	47.3820563333333	-38.1104666666667
-123.090486333333	47.4348320000000	-37.6022000000000
-122.878841000000	47.3829156666667	-40.2572333333333
-122.932163333333	47.4357656666667	-39.7036333333333
-122.720670333333	47.3835563333333	-42.3565666666667
-122.773835333333	47.4364806666667	-41.7242000000000
-122.562495666667	47.3839793333333	-44.8536333333333
-122.615502666667	47.4369770000000	-43.8830666666667
-122.404319333333	47.3841836666667	-48.9198333333333
-122.457167666667	47.4372550000000	-47.1401333333333
-122.246142333333	47.3841696666667	-53.4594333333333
-122.298831666667	47.4373136666667	-51.7042666666667
-122.087966333333	47.3839380000000	-58.8903333333333
-122.140496000000	47.4371543333333	-56.5900333333333
-121.929792333333	47.3834876666667	-65.9265333333333
-121.982162000000	47.4367763333333	-62.9878333333333
-121.771622333333	47.3828190000000	-73.6947666666667
-121.823831333333	47.4361793333333	-70.5799333333333
-121.613457000000	47.3819323333333	-81.8842333333333
-121.665505333333	47.4353636666667	-78.5073666666667
-121.455299000000	47.3808276666667	-89.3287666666667
-121.507185666667	47.4343296666667	-86.5686333333334
-126.028159000000	47.1653453333333	-5.36247666666667
-126.084328000000	47.2166470000000	-5.21129666666667
-125.870837666667	47.1703073333333	-6.24855000000000
-125.926861666667	47.2216900000000	-6.09565666666667
-125.713483666667	47.1750546666667	-7.20633000000000
-125.769362333333	47.2265176666667	-7.09011666666667
-125.556098666667	47.1795866666667	-8.17710333333333
-125.611831000000	47.2311300000000	-8.05088333333333
-125.398684333333	47.1839033333333	-9.17621666666667
-125.454270000000	47.2355266666667	-9.02899666666667
-125.241241666667	47.1880043333333	-10.3956233333333
-125.296680000000	47.2397073333333	-10.2007833333333
-125.083772333333	47.1918900000000	-12.1261333333333
-125.139062666667	47.2436720000000	-11.7869333333333
-124.926278000000	47.1955596666667	-14.2406333333333
-124.981419666667	47.2474206666667	-13.8606000000000
-124.768759666667	47.1990133333333	-16.3534000000000
-124.823752333333	47.2509530000000	-16.0385000000000
-124.611219333333	47.2022506666667	-18.3408000000000
-124.666062000000	47.2542686666667	-18.0679000000000
-124.453658000000	47.2052720000000	-20.1663666666667
-124.508350333333	47.2573676666667	-19.9470000000000
-124.296076666667	47.2080770000000	-21.9274333333333
-124.350618333333	47.2602500000000	-21.6531666666667
-124.138477666667	47.2106656666667	-23.7368000000000
-124.192867666667	47.2629156666667	-23.4169333333333
-123.980862000000	47.2130380000000	-25.5226333333333
-124.035100333333	47.2653646666667	-25.2104333333333
-123.823231333333	47.2151936666667	-27.4414666666667
-123.877317000000	47.2675966666667	-27.0460333333333
-123.665587000000	47.2171326666667	-29.3479333333333
-123.719519666667	47.2696116666667	-28.9726666666667
-123.507930333333	47.2188546666667	-31.3087333333333
-123.561709333333	47.2714093333333	-30.8822333333333
-123.350263000000	47.2203596666667	-33.4496333333333
-123.403887666667	47.2729896666667	-32.9327000000000
-123.192586333333	47.2216480000000	-35.5091000000000
-123.246056333333	47.2743526666667	-35.0305000000000
-123.034901333333	47.2227196666667	-37.7338666666667
-123.088216333333	47.2754986666667	-37.0671000000000
-122.877210333333	47.2235740000000	-40.0205333333333
-122.930369333333	47.2764273333333	-39.3308333333333
-122.719514000000	47.2242113333333	-42.4312333333333
-122.772517000000	47.2771380000000	-41.5793000000000
-122.561814333333	47.2246320000000	-45.3673333333333
-122.614660333333	47.2776320000000	-44.1790666666667
-122.404112333333	47.2248350000000	-49.3971666666667
-122.456801333333	47.2779080000000	-47.8216000000000
-122.246409666667	47.2248213333333	-53.6196333333333
-122.298941000000	47.2779666666667	-52.2505666666667
-122.088708333333	47.2245906666667	-58.9601666666667
-122.141081333333	47.2778080000000	-57.1288000000000
-121.931009000000	47.2241430000000	-66.4546333333333
-121.983223666667	47.2774320000000	-63.6604000000000
-121.773313333333	47.2234780000000	-74.9360666666667
-121.825368666667	47.2768383333333	-71.8356000000000
-121.615623000000	47.2225963333333	-83.5554666666667
-121.667518666667	47.2760273333333	-80.1721000000000
-121.509674666667	47.2749993333333	-88.0277333333333
-126.020926000000	47.0593233333333	-5.08430666666667
-125.860314666667	47.0112553333333	-5.70223666666667
-125.916153000000	47.0626493333333	-5.60531666666667
-125.703426666667	47.0159763333333	-6.58822666666667
-125.759120666667	47.0674503333333	-6.46168333333333
-125.546508333333	47.0204833333333	-7.62228333333333
-125.602057333333	47.0720373333333	-7.45909333333333
-125.389560333333	47.0247760000000	-8.65523333333334
-125.444964000000	47.0764093333333	-8.48751333333333
-125.232585000000	47.0288546666667	-9.73643333333333
-125.287842333333	47.0805670000000	-9.53877666666667
-125.075583666667	47.0327190000000	-11.2998800000000
-125.130694000000	47.0845100000000	-10.9324800000000
-124.918557333333	47.0363683333333	-13.2741666666667
-124.973520333333	47.0882380000000	-12.8735666666667
-124.761507333333	47.0398026666667	-15.2786000000000
-124.816322333333	47.0917503333333	-14.9561333333333
-124.604435333333	47.0430226666667	-17.2974333333333
-124.659102000000	47.0950476666667	-16.9487666666667
-124.447342666667	47.0460273333333	-19.2992000000000
-124.501860333333	47.0981300000000	-18.9088333333333
-124.290230333333	47.0488166666667	-21.1989333333333
-124.344598666667	47.1009963333333	-20.8310000000000
-124.133100666667	47.0513910000000	-22.9889666666667
-124.187318333333	47.1036473333333	-22.6152333333333
-123.975954333333	47.0537503333333	-24.8369333333333
-124.030021666667	47.1060826666667	-24.4227333333333
-123.818793333333	47.0558943333333	-26.8369666666667
-123.872709000000	47.1083026666667	-26.3322666666667
-123.661619000000	47.0578223333333	-28.7973666666667
-123.715383000000	47.1103063333333	-28.3214333333333
-123.504432333333	47.0595346666667	-30.7145000000000
-123.558044000000	47.1120940000000	-30.2503666666667
-123.347235000000	47.0610313333333	-32.9008333333333
-123.400694000000	47.1136653333333	-32.2898000000000
-123.190028333333	47.0623126666667	-35.1928666666667
-123.243334000000	47.1150210000000	-34.5392666666667
-123.032813666667	47.0633783333333	-37.6447333333333
-123.085965666667	47.1161606666667	-36.8294666666667
-122.875593000000	47.0642276666667	-40.1641333333333
-122.928590333333	47.1170840000000	-39.2388333333333
-122.718367333333	47.0648620000000	-42.9080333333333
-122.771210000000	47.1177910000000	-41.7977666666667
-122.561138000000	47.0652800000000	-46.1028000000000
-122.613825333333	47.1182823333333	-44.7297666666667
-122.403906666667	47.0654820000000	-49.9527666666667
-122.456438000000	47.1185566666667	-48.3159333333333
-122.246675000000	47.0654683333333	-54.2828666666667
-122.299049666667	47.1186150000000	-52.4030666666667
-122.089444000000	47.0652390000000	-60.0096000000000
-122.141662000000	47.1184573333333	-57.3308000000000
-121.932215000000	47.0647936666667	-68.0663666666667
-121.984275666667	47.1180833333333	-64.4332000000000
-121.774990000000	47.0641326666667	-76.5804666666667
-121.826893000000	47.1174930000000	-73.1882666666667
-121.617770000000	47.0632560000000	-85.0574000000000
-121.669514666667	47.1166866666667	-81.7116333333333
-125.849880666667	46.8521966666667	-5.31140000000000
-125.905535000000	46.9036016666667	-5.20693333333333
-125.693455333333	46.8568920000000	-6.14299000000000
-125.748966333333	46.9083763333333	-5.93324666666667
-125.536999333333	46.8613740000000	-7.17235000000000
-125.592366666667	46.9129380000000	-6.96116000000000
-125.380514666667	46.8656433333333	-8.18464666666667
-125.435737333333	46.9172860000000	-8.00119333333333
-125.224002666667	46.8696996666667	-9.24178666666667
-125.279080333333	46.9214210000000	-9.03634333333333
-125.067464666667	46.8735423333333	-10.6207966666667
-125.122397000000	46.9253423333333	-10.3092766666667
-124.910902000000	46.8771713333333	-12.4345666666667
-124.965688333333	46.9290493333333	-12.0120000000000
-124.754316333333	46.8805870000000	-14.4414666666667
-124.808956000000	46.9325426666667	-14.0192000000000
-124.597708666667	46.8837893333333	-16.4739333333333
-124.652201000000	46.9358220000000	-16.0495333333333
-124.441081000000	46.8867773333333	-18.5793333333333
-124.495425333333	46.9388873333333	-18.1122000000000
-124.284433666667	46.8895513333333	-20.4798333333333
-124.338630000000	46.9417376666667	-20.1342666666667
-124.127769333333	46.8921113333333	-22.3693000000000
-124.181816333333	46.9443740000000	-21.9182333333333
-123.971088666667	46.8944576666667	-24.4145666666667
-124.024986333333	46.9467960000000	-23.8542333333333
-123.814393333333	46.8965896666667	-26.4970666666667
-123.868141000000	46.9490036666667	-25.9019666666667
-123.657684333333	46.8985070000000	-28.4307333333333
-123.711281666667	46.9509963333333	-27.9080000000000
-123.500964000000	46.9002096666667	-30.3279000000000
-123.554410000000	46.9527736666667	-29.7842333333333
-123.344232666667	46.9016986666667	-32.6197000000000
-123.397527333333	46.9543366666667	-31.8692000000000
-123.187492333333	46.9029726666667	-35.1655333333333
-123.240634666667	46.9556850000000	-34.3049333333333
-123.030744000000	46.9040323333333	-37.8976333333333
-123.083734000000	46.9568180000000	-36.8687333333333
-122.873989666667	46.9048773333333	-40.9050333333333
-122.926826333333	46.9577363333333	-39.5989333333333
-122.717230333333	46.9055080000000	-44.1541000000000
-122.769913666667	46.9584396666667	-42.5805000000000
-122.560467666667	46.9059236666667	-47.7623333333333
-122.612996666667	46.9589280000000	-45.8546666666667
-122.403703333333	46.9061246666667	-52.1203333333333
-122.456077666667	46.9592010000000	-49.6473000000000
-122.246938000000	46.9061110000000	-57.2803333333333
-122.299157666667	46.9592590000000	-54.3056000000000
-122.090173000000	46.9058826666667	-63.8306000000000
-122.142237333333	46.9591020000000	-59.9364000000000
-121.933411000000	46.9054400000000	-71.6101333333333
-121.985319000000	46.9587300000000	-67.5369666666667
-121.776652333333	46.9047826666667	-79.1152333333333
-121.828404000000	46.9581433333333	-75.5317333333333
-121.619899000000	46.9039106666667	-86.8352666666667
-121.671493666667	46.9573413333333	-83.5097333333333
-125.843075666667	46.7461486666667	-5.08418666666667
-125.683568000000	46.6978016666667	-5.74884000000000
-125.738898000000	46.7492966666667	-5.58828333333333
-125.527570666667	46.7022590000000	-6.66770333333333
-125.582758000000	46.7538330000000	-6.51473666666667
-125.371545333333	46.7065050000000	-7.69649333333333
-125.426589333333	46.7581573333333	-7.50877000000000
-125.215492666667	46.7105386666667	-8.81162333333334
-125.270393000000	46.7622696666667	-8.57781333333333
-125.059414000000	46.7143596666667	-10.0603200000000
-125.114170000000	46.7661686666667	-9.78711666666667
-124.903311666667	46.7179690000000	-11.7461000000000
-124.957922333333	46.7698553333333	-11.3165666666667
-124.747186333333	46.7213660000000	-13.7695666666667
-124.801651666667	46.7733293333333	-13.2863666666667
-124.591039333333	46.7245506666667	-15.7685000000000
-124.645358666667	46.7765910000000	-15.3490666666667
-124.434872333333	46.7275220000000	-17.8399000000000
-124.489045000000	46.7796390000000	-17.3605000000000
-124.278686333333	46.7302810000000	-19.8474000000000
-124.332712000000	46.7824740000000	-19.4043000000000
-124.122483333333	46.7328270000000	-21.9772333333333
-124.176361000000	46.7850956666667	-21.3740000000000
-123.966264333333	46.7351603333333	-24.2044000000000
-124.019994000000	46.7875043333333	-23.5328666666667
-123.810030333333	46.7372803333333	-26.2949000000000
-123.863611333333	46.7896996666667	-25.6812000000000
-123.653783333333	46.7391870000000	-28.2304333333333
-123.707215000000	46.7916810000000	-27.6335000000000
-123.497525000000	46.7408806666667	-30.2824333333333
-123.550806666667	46.7934490000000	-29.5713333333333
-123.341256000000	46.7423610000000	-32.7421000000000
-123.394387666667	46.7950033333333	-31.7895000000000
-123.184978000000	46.7436280000000	-35.5585666666667
-123.237958666667	46.7963440000000	-34.4329000000000
-123.028692000000	46.7446820000000	-38.7921333333333
-123.081521666667	46.7974710000000	-37.3201000000000
-122.872400000000	46.7455223333333	-42.4959000000000
-122.925077666667	46.7983843333333	-40.6757666666667
-122.716103333333	46.7461493333333	-46.4526333333333
-122.768628666667	46.7990836666667	-44.2987666666667
-122.559803333333	46.7465630000000	-50.9075666666667
-122.612176000000	46.7995693333333	-48.2156333333333
-122.403501333333	46.7467626666667	-55.9683666666667
-122.455720666667	46.7998410000000	-52.9273000000000
-122.247198666667	46.7467490000000	-61.4159333333333
-122.299264333333	46.7998983333333	-58.1361333333333
-122.090896666667	46.7465223333333	-68.2318666666667
-122.142808000000	46.7997423333333	-64.4543333333333
-121.934597000000	46.7460820000000	-75.1777000000000
-121.986353666667	46.7993726666667	-71.6813000000000
-121.778301000000	46.7454280000000	-82.0304333333333
-121.829902666667	46.7987886666667	-78.6900333333333
-121.622009666667	46.7445610000000	-88.6210333333333
-121.673456000000	46.7979913333333	-85.7811666666667
-125.673764000000	46.5387050000000	-5.39679666666667
-125.728914333333	46.5902106666667	-5.26420000000000
-125.518222000000	46.5431380000000	-6.25300000000000
-125.573230333333	46.5947220000000	-6.03440333333333
-125.362652000000	46.5473606666667	-7.33122666666667
-125.417518333333	46.5990226666667	-7.07402333333333
-125.207054666667	46.5513720000000	-8.46352000000000
-125.261778666667	46.6031120000000	-8.18750666666667
-125.051432000000	46.5551723333333	-9.65437666666667
-125.106012666667	46.6069896666667	-9.36084000000000
-124.895786000000	46.5587616666667	-11.2203900000000
-124.950222666667	46.6106560000000	-10.7833900000000
-124.740117000000	46.5621400000000	-13.1891000000000
-124.794409666667	46.6141113333333	-12.6663000000000
-124.584426666667	46.5653063333333	-15.1515333333333
-124.638574333333	46.6173543333333	-14.7118000000000
-124.428716666667	46.5682620000000	-17.2035666666667
-124.482719000000	46.6203856666667	-16.6876333333333
-124.272987666667	46.5710056666667	-19.3462666666667
-124.326844333333	46.6232053333333	-18.7989333333333
-124.117242000000	46.5735376666667	-21.6510666666667
-124.170952000000	46.6258126666667	-20.9979666666667
-123.961480666667	46.5758576666667	-23.9693666666667
-124.015043666667	46.6282080000000	-23.3018666666667
-123.805704666667	46.5779656666667	-26.1724000000000
-123.859120333333	46.6303906666667	-25.4856000000000
-123.649915333333	46.5798623333333	-28.3320000000000
-123.703183000000	46.6323613333333	-27.5786333333333
-123.494115000000	46.5815466666667	-30.6501000000000
-123.547234000000	46.6341196666667	-29.6949000000000
-123.338304333333	46.5830190000000	-33.4090000000000
-123.391274333333	46.6356653333333	-32.1902333333333
-123.182484666667	46.5842790000000	-36.6230000000000
-123.235305333333	46.6369986666667	-35.0865333333333
-123.026657000000	46.5853270000000	-40.4600000000000
-123.079327666667	46.6381193333333	-38.5670666666667
-122.870823666667	46.5861626666667	-44.5483333333333
-122.923343666667	46.6390276666667	-42.5052000000000
-122.714985666667	46.5867860000000	-48.8584333333333
-122.767354666667	46.6397230000000	-46.6929000000000
-122.559144000000	46.5871973333333	-53.6678666666667
-122.611361666667	46.6402060000000	-51.3101000000000
-122.403301000000	46.5873960000000	-58.3864000000000
-122.455366333333	46.6404760000000	-56.3064000000000
-122.247457000000	46.5873826666667	-63.8519666666667
-122.299370333333	46.6405333333333	-61.3281666666667
-122.091613666667	46.5871573333333	-70.5906000000000
-122.143374000000	46.6403783333333	-67.7172666666667
-121.935772666667	46.5867193333333	-77.3492666666667
-121.987379666667	46.6400106666667	-74.6016000000000
-121.779935000000	46.5860690000000	-83.8285666666667
-121.831388333333	46.6394300000000	-81.2657666666667
-121.624102333333	46.5852063333333	-89.5697333333333
-121.675401333333	46.6386366666667	-87.4331000000000
-125.667374666667	46.4326316666667	-5.19046666666667
-125.508952666667	46.3840110000000	-5.93711666666667
-125.563784000000	46.4356050000000	-5.71887000000000
-125.353833666667	46.3882103333333	-6.94085000000000
-125.408524333333	46.4398820000000	-6.72845000000000
-125.198688000000	46.3921996666667	-8.08190000000000
-125.253237333333	46.4439490000000	-7.81964000000000
-125.043517666667	46.3959790000000	-9.34508666666667
-125.097924666667	46.4478053333333	-9.01931666666667
-124.888323666667	46.3995486666667	-10.8544233333333
-124.942588333333	46.4514516666667	-10.4171466666667
-124.733107000000	46.4029080000000	-12.7519000000000
-124.787228666667	46.4548873333333	-12.1804666666667
-124.577869666667	46.4060573333333	-14.7216000000000
-124.631847666667	46.4581126666667	-14.2002666666667
-124.422612666667	46.4089963333333	-16.7820000000000
-124.476446333333	46.4611273333333	-16.1888000000000
-124.267337333333	46.4117250000000	-19.0068333333333
-124.321026333333	46.4639313333333	-18.3441000000000
-124.112045000000	46.4142430000000	-21.4061333333333
-124.165588666667	46.4665243333333	-20.6621000000000
-123.956737333333	46.4165500000000	-23.8209666666667
-124.010135333333	46.4689060000000	-23.0626000000000
-123.801415333333	46.4186466666667	-26.2612000000000
-123.854667000000	46.4710766666667	-25.4145333333333
-123.646080666667	46.4205330000000	-28.8104000000000
-123.699185333333	46.4730366666667	-27.7724333333333
-123.490734333333	46.4222083333333	-31.6003333333333
-123.543691666667	46.4747856666667	-30.3251666666667
-123.335378000000	46.4236723333333	-34.5914666666667
-123.388187666667	46.4763230000000	-33.1440333333333
-123.180012333333	46.4249253333333	-38.0817333333333
-123.232674000000	46.4776486666667	-36.3929000000000
-123.024639666667	46.4259676666667	-41.9728666666667
-123.077152333333	46.4787633333333	-40.2047666666667
-122.869261000000	46.4267983333333	-45.9233000000000
-122.921624333333	46.4796663333333	-44.2712333333333
-122.713877666667	46.4274183333333	-50.0058000000000
-122.766091333333	46.4803576666667	-48.3659333333333
-122.558491000000	46.4278273333333	-54.5895333333333
-122.610554333333	46.4808380000000	-52.8560666666667
-122.403102666667	46.4280253333333	-59.0995000000000
-122.455015333333	46.4811066666667	-57.4813333333333
-122.247713333333	46.4280120000000	-64.7491000000000
-122.299475000000	46.4811640000000	-62.5283666666667
-122.092325000000	46.4277876666667	-71.3641000000000
-122.143935000000	46.4810096666667	-68.9460333333333
-121.936938333333	46.4273520000000	-77.9860666666667
-121.988396666667	46.4806440000000	-75.7563333333333
-121.781555333333	46.4267053333333	-84.2382333333333
-121.832861000000	46.4800663333333	-82.1418000000000
-121.626177666667	46.4258476666667	-89.8999333333333
-121.677330333333	46.4792776666667	-88.0616333333333
-125.499760666667	46.2248780000000	-5.56886000000000
-125.554417000000	46.2764820000000	-5.43835333333333
-125.345089333333	46.2290540000000	-6.46740333333333
-125.399605666667	46.2807353333333	-6.28002333333333
-125.190391666667	46.2330213333333	-7.68328333333333
-125.244768000000	46.2847796666667	-7.39049000000000
-125.035669333333	46.2367803333333	-9.07964000000000
-125.089904666667	46.2886150000000	-8.70046333333333
-124.880923666667	46.2403303333333	-10.5996500000000
-124.935017666667	46.2922413333333	-10.1615400000000
-124.726156333333	46.2436713333333	-12.4572666666667
-124.780108000000	46.2956583333333	-11.8639666666667
-124.571368000000	46.2468030000000	-14.4279333333333
-124.625177333333	46.2988656666667	-13.8665333333333
-124.416560333333	46.2497260000000	-16.5226666666667
-124.470226666667	46.3018636666667	-15.8762000000000
-124.261734333333	46.2524396666667	-18.8638333333333
-124.315257333333	46.3046523333333	-18.0912000000000
-124.106892000000	46.2549436666667	-21.4158666666667
-124.160270666667	46.3072310000000	-20.5235000000000
-123.952034000000	46.2572383333333	-23.8828666666667
-124.005268333333	46.3095996666667	-23.0568666666667
-123.797162333333	46.2593233333333	-26.4877333333333
-123.850251333333	46.3117586666667	-25.4936333333333
-123.642278000000	46.2611990000000	-29.4895666666667
-123.695221666667	46.3137076666667	-28.2932666666667
-123.487382000000	46.2628650000000	-32.4892666666667
-123.540179666667	46.3154470000000	-31.2818666666667
-123.332476000000	46.2643206666667	-35.5541333333333
-123.385127000000	46.3169756666667	-34.2551666666667
-123.177561333333	46.2655670000000	-38.9512333333333
-123.230065333333	46.3182940000000	-37.5792666666667
-123.022639333333	46.2666036666667	-42.6084666666667
-123.074995666667	46.3194026666667	-41.2218000000000
-122.867711666667	46.2674300000000	-46.3709000000000
-122.919920000000	46.3203006666667	-45.0116000000000
-122.712779000000	46.2680466666667	-50.4758000000000
-122.764839000000	46.3209883333333	-48.9224666666667
-122.557843333333	46.2684533333333	-54.9411333333333
-122.609754333333	46.3214660000000	-53.2926000000000
-122.402905666667	46.2686500000000	-59.4418666666667
-122.454667333333	46.3217333333333	-57.8562333333333
-122.247967333333	46.2686363333333	-65.0428000000000
-122.299579333333	46.3217900000000	-62.9058666666667
-122.093029666667	46.2684133333333	-71.6224666666667
-122.144491333333	46.3216363333333	-69.3041000000000
-121.938094000000	46.2679803333333	-78.0280333333333
-121.989405000000	46.3212726666667	-75.9122000000000
-121.783162333333	46.2673373333333	-84.2831000000000
-121.834321666667	46.3206986666667	-82.1983333333333
-121.628235333333	46.2664840000000	-89.8472333333333
-121.679243333333	46.3199140000000	-88.1613000000000
-125.490646000000	46.0657396666667	-5.30111666666667
-125.545128333333	46.1173533333333	-5.17359333333333
-125.336418333333	46.0698923333333	-6.12769333333333
-125.390762000000	46.1215830000000	-5.88376333333333
-125.182164666667	46.0738380000000	-7.34631666666667
-125.236369333333	46.1256050000000	-7.00412666666667
-125.027887000000	46.0775763333333	-8.81934666666667
-125.081951666667	46.1294196666667	-8.40465000000000
-124.873586333333	46.0811066666667	-10.3842300000000
-124.927510666667	46.1330260000000	-9.93244666666667
-124.719264000000	46.0844290000000	-12.2577000000000
-124.773047666667	46.1364240000000	-11.6447333333333
-124.564921000000	46.0875436666667	-14.1992333333333
-124.618563333333	46.1396136666667	-13.6316333333333
-124.410558666667	46.0904503333333	-16.3082333333333
-124.464059333333	46.1425953333333	-15.6420000000000
-124.256178666667	46.0931490000000	-18.7793666666667
-124.309536666667	46.1453683333333	-17.9615333333333
-124.101782333333	46.0956393333333	-21.4600000000000
-124.154997666667	46.1479330000000	-20.5740333333333
-123.947370333333	46.0979213333333	-23.9851000000000
-124.000442333333	46.1502886666667	-23.1278333333333
-123.792945000000	46.0999946666667	-26.8755333333333
-123.845873000000	46.1524356666667	-25.7342333333333
-123.638507000000	46.1018600000000	-30.0029666666667
-123.691290666667	46.1543736666667	-28.8253333333333
-123.484057666667	46.1035166666667	-32.9630333333333
-123.536696666667	46.1561033333333	-31.8746000000000
-123.329598333333	46.1049643333333	-36.0058666666667
-123.382092000000	46.1576233333333	-34.8766666666667
-123.175130666667	46.1062040000000	-39.2544333333333
-123.227478333333	46.1589346666667	-38.0553000000000
-123.020656000000	46.1072350000000	-42.7797333333333
-123.072857333333	46.1600373333333	-41.5370333333333
-122.866175000000	46.1080570000000	-46.5607000000000
-122.918229666667	46.1609306666667	-45.2104666666667
-122.711689666667	46.1086700000000	-50.7561666666667
-122.763597000000	46.1616146666667	-49.2744666666667
-122.557201000000	46.1090743333333	-55.1113666666667
-122.608960666667	46.1620893333333	-53.6060333333333
-122.402710333333	46.1092700000000	-59.5961000000000
-122.454322000000	46.1623550000000	-58.0321000000000
-122.248219000000	46.1092566666667	-65.3554666666667
-122.299682000000	46.1624113333333	-63.1428000000000
-122.093728666667	46.1090346666667	-71.8484666666667
-122.145042666667	46.1622586666667	-69.5738333333333
-121.939240333333	46.1086040000000	-78.0800666666667
-121.990404666667	46.1618970000000	-76.0129333333333
-121.784756000000	46.1079643333333	-84.1648333333333
-121.835770333333	46.1613260000000	-82.1799333333333
-121.630275666667	46.1071160000000	-89.5745666666667
-121.681140000000	46.1605456666667	-87.9539333333333
-125.481608000000	45.9065950000000	-5.14984666666667
-125.535917666667	45.9582190000000	-5.04296333333333
-125.327820666667	45.9107246666667	-5.89143000000000
-125.381992666667	45.9624250000000	-5.65193000000000
-125.174007666667	45.9146486666667	-7.06224666666667
-125.228041666667	45.9664250000000	-6.70938333333333
-125.020170666667	45.9183660000000	-8.53692333333333
-125.074066000000	45.9702183333333	-8.11387666666667
-124.866311000000	45.9218770000000	-10.1801800000000
-124.920067333333	45.9738046666667	-9.69417666666667
-124.712429333333	45.9251813333333	-12.0866333333333
-124.766046333333	45.9771840000000	-11.4832000000000
-124.558528000000	45.9282790000000	-13.9743000000000
-124.612004666667	45.9803563333333	-13.4287333333333
-124.404607333333	45.9311696666667	-16.0542000000000
-124.457943666667	45.9833213333333	-15.4110333333333
-124.250669666667	45.9338536666667	-18.6232000000000
-124.303864333333	45.9860793333333	-17.7692333333333
-124.096715333333	45.9363300000000	-21.3518333333333
-124.149768666667	45.9886296666667	-20.5193000000000
-123.942746000000	45.9385993333333	-24.0313666666667
-123.995657000000	45.9909723333333	-23.1498000000000
-123.788763000000	45.9406613333333	-27.1379333333333
-123.841531333333	45.9931073333333	-26.0079666666667
-123.634768000000	45.9425163333333	-30.2784333333333
-123.687393000000	45.9950350000000	-29.1831333333333
-123.480761333333	45.9441636666667	-33.2375333333333
-123.533243000000	45.9967546666667	-32.1867000000000
-123.326745000000	45.9456040000000	-36.1956000000000
-123.379082333333	45.9982666666667	-35.1430666666667
-123.172720666667	45.9468366666667	-39.4821000000000
-123.224913333333	45.9995710000000	-38.2575333333333
-123.018688666667	45.9478616666667	-42.8753000000000
-123.070736666667	46.0006673333333	-41.7217000000000
-122.864651000000	45.9486790000000	-46.6684333333333
-122.916553333333	46.0015556666667	-45.2835666666667
-122.710609000000	45.9492886666667	-50.9557333333333
-122.762365333333	46.0022356666667	-49.4272666666667
-122.556564000000	45.9496910000000	-55.3795666666667
-122.608173666667	46.0027080000000	-53.7899666666667
-122.402516666667	45.9498856666667	-59.9483000000000
-122.453979666667	46.0029723333333	-58.2649666666667
-122.248469000000	45.9498726666667	-65.6323333333333
-122.299784333333	46.0030286666667	-63.4921000000000
-122.094422000000	45.9496516666667	-71.8706666666667
-122.145589666667	46.0028766666667	-69.7703333333333
-121.940377333333	45.9492233333333	-77.9801000000000
-121.991396666667	46.0025166666667	-76.0159333333333
-121.786335666667	45.9485873333333	-83.8430000000000
-121.837206666667	46.0019490000000	-82.0291333333333
-121.632298666667	45.9477436666667	-89.2417333333333
-121.683020666667	46.0011730000000	-87.5993333333333
-125.475721666667	45.8004900000000	-5.06700333333333
-125.319294666667	45.7515516666667	-5.72900666666667
-125.373297333333	45.8032610000000	-5.48783666666667
-125.165918333333	45.7554540000000	-6.87272000000000
-125.219784000000	45.8072390000000	-6.48546333333333
-125.012518666667	45.7591510000000	-8.33746666666667
-125.066246666667	45.8110113333333	-7.87255000000000
-124.859096000000	45.7626426666667	-9.99766333333333
-124.912686333333	45.8145780000000	-9.48784333333333
-124.705652000000	45.7659286666667	-11.8877000000000
-124.759103666667	45.8179390000000	-11.2934333333333
-124.552188666667	45.7690090000000	-13.8046666666667
-124.605501000000	45.8210936666667	-13.2264666666667
-124.398706333333	45.7718840000000	-15.8932333333333
-124.451879333333	45.8240426666667	-15.1956666666667
-124.245206666667	45.7745530000000	-18.5507666666667
-124.298239666667	45.8267853333333	-17.6057333333333
-124.091690666667	45.7770160000000	-21.2426000000000
-124.144583333333	45.8293216666667	-20.4007666666667
-123.938160333333	45.7792726666667	-24.0189666666667
-123.990911666667	45.8316513333333	-23.0752333333333
-123.784616333333	45.7813236666667	-27.2672333333333
-123.837226333333	45.8337746666667	-26.1050666666667
-123.631060000000	45.7831680000000	-30.4230666666667
-123.683528000000	45.8356916666667	-29.3954000000000
-123.477492666667	45.7848063333333	-33.4356000000000
-123.529818333333	45.8374016666667	-32.3569333333333
-123.323915666667	45.7862386666667	-36.4967000000000
-123.376098333333	45.8389056666667	-35.3687333333333
-123.170330333333	45.7874643333333	-39.7325666666667
-123.222369666667	45.8402026666667	-38.5481333333333
-123.016738000000	45.7884836666667	-42.9379333333333
-123.068633333333	45.8412926666667	-41.8201333333333
-122.863140000000	45.7892966666667	-46.7525333333333
-122.914891000000	45.8421760000000	-45.3779666666667
-122.709537666667	45.7899033333333	-51.0754000000000
-122.761143666667	45.8428526666667	-49.5714666666667
-122.555932333333	45.7903030000000	-55.5031333333333
-122.607393333333	45.8433223333333	-54.0492666666667
-122.402324666667	45.7904966666667	-60.0557000000000
-122.453640000000	45.8435850000000	-58.5167666666667
-122.248717000000	45.7904836666667	-65.6303333333333
-122.299886000000	45.8436413333333	-63.6274666666667
-122.095109666667	45.7902640000000	-71.7232666666667
-122.146132333333	45.8434900000000	-69.7355333333333
-121.941504333333	45.7898383333333	-77.7642333333333
-121.992380000000	45.8431323333333	-75.8225666666667
-121.787902333333	45.7892056666667	-83.4797666666667
-121.838630666667	45.8425676666667	-81.7356333333333
-121.634304666667	45.7883666666667	-88.9197333333333
-121.684885333333	45.8417960000000	-87.2295333333333
-125.310840000000	45.5923730000000	-5.63832666666667
-125.364674000000	45.6440916666667	-5.38514333333333
-125.157897000000	45.5962540000000	-6.79371666666667
-125.211595000000	45.6480480000000	-6.36944666666667
-125.004930666667	45.5999306666667	-8.24015666666667
-125.058492333333	45.6517996666667	-7.76190666666667
-124.851941666667	45.6034030000000	-9.80154000000000
-124.905366666667	45.6553466666667	-9.32553666666667
-124.698931666667	45.6066706666667	-11.6248666666667
-124.752219333333	45.6586886666667	-11.0679333333333
-124.545902333333	45.6097343333333	-13.6408333333333
-124.599052000000	45.6618260000000	-13.0228333333333
-124.392854333333	45.6125930000000	-15.8769666666667
-124.445866000000	45.6647586666667	-15.1202333333333
-124.239789000000	45.6152473333333	-18.5465000000000
-124.292661666667	45.6674860000000	-17.5950000000000
-124.086708333333	45.6176966666667	-21.1833000000000
-124.139441333333	45.6700086666667	-20.3441000000000
-123.933613000000	45.6199410000000	-24.0163333333333
-123.986206333333	45.6723253333333	-23.0255333333333
-123.780504000000	45.6219806666667	-27.3380666666667
-123.832957000000	45.6744373333333	-26.1719333333333
-123.627383333333	45.6238146666667	-30.4387666666667
-123.679695333333	45.6763433333333	-29.4610333333333
-123.474251333333	45.6254443333333	-33.5233000000000
-123.526422333333	45.6780440000000	-32.4794666666667
-123.321110000000	45.6268686666667	-36.7303333333333
-123.373139000000	45.6795396666667	-35.6074000000000
-123.167960666667	45.6280876666667	-39.8726000000000
-123.219847333333	45.6808293333333	-38.8040666666667
-123.014804333333	45.6291013333333	-43.1423000000000
-123.066548333333	45.6819136666667	-41.9189000000000
-122.861642000000	45.6299096666667	-46.8784000000000
-122.913243000000	45.6827920000000	-45.5359000000000
-122.708475666667	45.6305130000000	-51.0949000000000
-122.759933000000	45.6834650000000	-49.5989666666667
-122.555305666667	45.6309106666667	-55.4929000000000
-122.606619333333	45.6839320000000	-54.0252000000000
-122.402134333333	45.6311033333333	-60.1509333333333
-122.453303333333	45.6841933333333	-58.5097666666667
-122.248962333333	45.6310903333333	-65.7467666666667
-122.299986666667	45.6842490000000	-63.6997333333333
-122.095791000000	45.6308720000000	-71.6274000000000
-122.146670000000	45.6840990000000	-69.6651000000000
-121.942622000000	45.6304480000000	-77.5119333333333
-121.993355000000	45.6837430000000	-75.6272333333333
-121.789456000000	45.6298190000000	-83.1736000000000
-121.840043000000	45.6831813333333	-81.3930666666667
-121.636294333333	45.6289846666667	-88.7552666666667
-121.686734666667	45.6824140000000	-86.9505000000000
-125.302455666667	45.4331886666667	-5.57897000000000
-125.356123000000	45.4849166666667	-5.31782000000000
-125.149942333333	45.4370480000000	-6.73635000000000
-125.203474666667	45.4888510000000	-6.32374666666667
-124.997405666667	45.4407043333333	-8.12195666666667
-125.050803000000	45.4925820000000	-7.68457000000000
-124.844846666667	45.4441573333333	-9.58698333333333
-124.898108333333	45.4961093333333	-9.15354666666667
-124.692267000000	45.4474073333333	-11.3355433333333
-124.745392333333	45.4994330000000	-10.7919100000000
-124.539668333333	45.4504540000000	-13.4898000000000
-124.592656666667	45.5025533333333	-12.7865000000000
-124.387051333333	45.4532970000000	-15.8996000000000
-124.439902333333	45.5054693333333	-15.1008666666667
-124.234417333333	45.4559370000000	-18.4661333333333
-124.287130666667	45.5081820000000	-17.6272000000000
-124.081767666667	45.4583723333333	-21.0643666666667
-124.134342666667	45.5106903333333	-20.2246333333333
-123.929103666667	45.4606046666667	-24.1244000000000
-123.981540000000	45.5129943333333	-23.0138333333333
-123.776426333333	45.4626330000000	-27.4521333333333
-123.828723666667	45.5150946666667	-26.2930333333333
-123.623737000000	45.4644573333333	-30.4515333333333
-123.675894666667	45.5169903333333	-29.4749000000000
-123.471037000000	45.4660780000000	-33.5595666666667
-123.523054666667	45.5186820000000	-32.4592333333333
-123.318328000000	45.4674943333333	-36.9040333333333
-123.370204666667	45.5201693333333	-35.7465666666667
-123.165610666667	45.4687066666667	-40.0802000000000
-123.217346666667	45.5214520000000	-38.9563333333333
-123.012886000000	45.4697143333333	-43.4419666666667
-123.064480666667	45.5225300000000	-42.2198666666667
-122.860156333333	45.4705183333333	-46.9420666666667
-122.911608666667	45.5234033333333	-45.7069000000000
-122.707422333333	45.4711183333333	-51.0828000000000
-122.758732333333	45.5240726666667	-49.6095000000000
-122.554684666667	45.4715140000000	-55.6093333333333
-122.605852000000	45.5245373333333	-54.0359000000000
-122.401945333333	45.4717053333333	-60.4260333333333
-122.452969333333	45.5247973333333	-58.7075000000000
-122.249205666667	45.4716923333333	-65.9216000000000
-122.300086000000	45.5248526666667	-63.9165000000000
-122.096467000000	45.4714750000000	-71.6524666666667
-122.147203000000	45.5247030000000	-69.7141666666667
-121.943730333333	45.4710536666667	-77.3242000000000
-121.994322000000	45.5243490000000	-75.4504000000000
-121.790996333333	45.4704280000000	-83.1153666666667
-121.841443333333	45.5237903333333	-81.1662666666667
-121.638267000000	45.4695983333333	-88.6056000000000
-121.688568666667	45.5230273333333	-86.9274666666667
-125.294141333333	45.2739980000000	-5.55410333333333
-125.347643000000	45.3257356666667	-5.28290000000000
-125.142053666667	45.2778360000000	-6.63752666666667
-125.195421666667	45.3296480000000	-6.26277666666667
-124.989943000000	45.2814723333333	-7.99492666666667
-125.043177000000	45.3333583333333	-7.54848666666667
-124.837811000000	45.2849066666667	-9.48502666666667
-124.890910000000	45.3368663333333	-9.00183333333333
-124.685658333333	45.2881390000000	-11.1798000000000
-124.738622333333	45.3401720000000	-10.6138100000000
-124.533486333333	45.2911686666667	-13.3945666666667
-124.586314666667	45.3432750000000	-12.6048333333333
-124.381297000000	45.2939963333333	-15.9011666666667
-124.433989000000	45.3461753333333	-15.0782666666667
-124.229090333333	45.2966213333333	-18.3800666666667
-124.281646000000	45.3488730000000	-17.5614333333333
-124.076868333333	45.2990433333333	-21.1633333333333
-124.129286666667	45.3513673333333	-20.1245000000000
-123.924632000000	45.3012633333333	-24.3468000000000
-123.976913000000	45.3536586666667	-23.2137666666667
-123.772382333333	45.3032806666667	-27.4908000000000
-123.824525333333	45.3557476666667	-26.4165333333333
-123.620121333333	45.3050950000000	-30.4511666666667
-123.672125666667	45.3576330000000	-29.5030333333333
-123.467849666667	45.3067066666667	-33.6803000000000
-123.519715000000	45.3593153333333	-32.5000000000000
-123.315569000000	45.3081150000000	-36.9786666666667
-123.367295000000	45.3607943333333	-35.8973333333333
-123.163279666667	45.3093203333333	-40.2860333333333
-123.214866000000	45.3620696666667	-39.1092333333333
-123.010984000000	45.3103230000000	-43.5722333333333
-123.062429666667	45.3631416666667	-42.4791000000000
-122.858683000000	45.3111226666667	-46.9959666666667
-122.909988000000	45.3640106666667	-45.7702666666667
-122.706377333333	45.3117190000000	-51.1286666666667
-122.757541333333	45.3646760000000	-49.6410666666667
-122.554068666667	45.3121123333333	-55.8514666666667
-122.605091000000	45.3651380000000	-54.1438333333333
-122.401758333333	45.3123026666667	-60.8104666666667
-122.452638333333	45.3653963333333	-59.0355000000000
-122.249447333333	45.3122900000000	-66.1484333333333
-122.300185000000	45.3654513333333	-64.2061000000000
-122.097137333333	45.3120743333333	-71.6830000000000
-122.147732000000	45.3653030000000	-69.8022333333333
-121.944829000000	45.3116550000000	-77.2789000000000
-121.995280666667	45.3649510000000	-75.4070333333333
-121.792524000000	45.3110330000000	-83.0094666666667
-121.842831666667	45.3643953333333	-81.1451666666667
-121.640223333333	45.3102076666667	-88.2740666666667
-121.690387000000	45.3636366666667	-86.6578000000000
-125.285896000000	45.1148020000000	-5.49480000000000
-125.339233666667	45.1665486666667	-5.24340666666667
-125.134230666667	45.1186190000000	-6.53354333333333
-125.187435666667	45.1704393333333	-6.18024666666667
-124.982543000000	45.1222353333333	-7.90169666666667
-125.035614666667	45.1741296666667	-7.43726333333333
-124.830834000000	45.1256506666667	-9.39009333333333
-124.883772333333	45.1776183333333	-8.94255333333333
-124.679104333333	45.1288650000000	-11.0243566666667
-124.731908666667	45.1809060000000	-10.4985566666667
-124.527356000000	45.1318780000000	-13.3299000000000
-124.580025666667	45.1839916666667	-12.4953333333333
-124.375590000000	45.1346900000000	-15.9015333333333
-124.428124666667	45.1868760000000	-15.0520333333333
-124.223807333333	45.1373006666667	-18.3912666666667
-124.276206666667	45.1895586666667	-17.5693000000000
-124.072009333333	45.1397096666667	-21.3462000000000
-124.124272666667	45.1920393333333	-20.2408666666667
-123.920197333333	45.1419173333333	-24.4385666666667
-123.972324000000	45.1943183333333	-23.4017000000000
-123.768372666667	45.1439233333333	-27.5269666666667
-123.820362333333	45.1963953333333	-26.4579333333333
-123.616535666667	45.1457280000000	-30.4676666666667
-123.668388333333	45.1982706666667	-29.5079666666667
-123.464688666667	45.1473303333333	-33.7835000000000
-123.516403333333	45.1999436666667	-32.5911666666667
-123.312832666667	45.1487306666667	-36.9660666666667
-123.364409000000	45.2014140000000	-35.9539666666667
-123.160968666667	45.1499296666667	-40.3404333333333
-123.212406333333	45.2026823333333	-39.1675666666667
-123.009098000000	45.1509270000000	-43.6501666666667
-123.060396333333	45.2037490000000	-42.5520333333333
-122.857221666667	45.1517220000000	-47.1755333333333
-122.908380666667	45.2046130000000	-45.8960666666667
-122.705341333333	45.1523153333333	-51.2894666666667
-122.756360000000	45.2052746666667	-49.7630333333333
-122.553458000000	45.1527063333333	-56.0731000000000
-122.604336333333	45.2057340000000	-54.3627333333333
-122.401573000000	45.1528956666667	-61.0883666666667
-122.452310333333	45.2059910000000	-59.3368000000000
-122.249687000000	45.1528830000000	-66.3800333333333
-122.300283333333	45.2060460000000	-64.5043666666667
-122.097802000000	45.1526683333333	-71.7665666666667
-122.148256333333	45.2058983333333	-69.9048666666667
-121.945919000000	45.1522516666667	-77.1799666666667
-121.996231333333	45.2055483333333	-75.4165666666667
-121.794039000000	45.1516330000000	-82.6057000000000
-121.844209000000	45.2049960000000	-80.9066000000000
-121.642163333333	45.1508120000000	-87.9902333333333
-121.692190333333	45.2042410000000	-86.3248333333333
-125.277719333333	44.9556006666667	-5.48670000000000
-125.330894000000	45.0073563333333	-5.18798333333333
-125.126473000000	44.9593966666667	-6.56503666666667
-125.179516333333	45.0112260000000	-6.14681333333333
-124.975204333333	44.9629926666667	-7.90530333333333
-125.028115666667	45.0148953333333	-7.41620000000000
-124.823914333333	44.9663896666667	-9.31465333333333
-124.876693333333	45.0183650000000	-8.83834000000000
-124.672605000000	44.9695860000000	-10.9782833333333
-124.725250666667	45.0216343333333	-10.3922066666667
-124.521276666667	44.9725823333333	-13.3186666666667
-124.573789000000	45.0247030000000	-12.4450000000000
-124.369930666667	44.9753786666667	-15.9125666666667
-124.422309000000	45.0275713333333	-15.0530666666667
-124.218568333333	44.9779750000000	-18.3977666666667
-124.270812333333	45.0302393333333	-17.5830000000000
-124.067190666667	44.9803710000000	-21.3286666666667
-124.119300000000	45.0327066666667	-20.3113666666667
-123.915799666667	44.9825663333333	-24.3669000000000
-123.967773333333	45.0349730000000	-23.4003666666667
-123.764395666667	44.9845613333333	-27.5145666666667
-123.816234000000	45.0370386666667	-26.4741333333333
-123.612979666667	44.9863556666667	-30.5471000000000
-123.664681666667	45.0389033333333	-29.5271000000000
-123.461554000000	44.9879493333333	-33.8625333333333
-123.513119000000	45.0405670000000	-32.6800000000000
-123.310119666667	44.9893423333333	-37.0289000000000
-123.361547333333	45.0420293333333	-35.9781333333333
-123.158677000000	44.9905346666667	-40.3437666666667
-123.209967333333	45.0432910000000	-39.1897000000000
-123.007227666667	44.9915263333333	-43.7628000000000
-123.058380000000	45.0443513333333	-42.5926333333333
-122.855772666667	44.9923173333333	-47.3641666666667
-122.906786666667	45.0452110000000	-46.0998000000000
-122.704314000000	44.9929070000000	-51.5191666666667
-122.755189000000	45.0458690000000	-49.9663333333333
-122.552852333333	44.9932960000000	-56.2454333333333
-122.603588000000	45.0463256666667	-54.5526666666667
-122.401389000000	44.9934843333333	-61.3183000000000
-122.451985000000	45.0465813333333	-59.5174333333333
-122.249924666667	44.9934716666667	-66.6066000000000
-122.300380666667	45.0466356666667	-64.7649000000000
-122.098461333333	44.9932583333333	-71.9120333333333
-122.148776666667	45.0464890000000	-70.0834333333333
-121.946999666667	44.9928440000000	-77.1259333333334
-121.997174333333	45.0461410000000	-75.3585666666667
-121.795541000000	44.9922286666667	-82.4379666666667
-121.845574333333	45.0455916666667	-80.6464333333333
-121.644087333333	44.9914123333333	-87.7497666666667
-121.693978666667	45.0448410000000	-86.0626333333333
-125.269610333333	44.7963933333333	-5.49436000000000
-125.322623666667	44.8481583333333	-5.19691333333333
-125.118779333333	44.8001683333333	-6.57308666666667
-125.171662666667	44.8520063333333	-6.20237000000000
-124.967926000000	44.8037450000000	-7.78959666666667
-125.020678333333	44.8556560000000	-7.42485666666667
-124.817052333333	44.8071226666667	-9.20700333333334
-124.869673000000	44.8591063333333	-8.74635666666667
-124.666159333333	44.8103016666667	-11.0007600000000
-124.718648000000	44.8623576666667	-10.3613766666667
-124.515247333333	44.8132816666667	-13.3828666666667
-124.567604000000	44.8654093333333	-12.4913333333333
-124.364318000000	44.8160626666667	-15.9262333333333
-124.416541666667	44.8682620000000	-15.0697000000000
-124.213372666667	44.8186443333333	-18.4025666666667
-124.265463000000	44.8709150000000	-17.5838666666667
-124.062412000000	44.8210270000000	-21.1397333333333
-124.114368666667	44.8733686666667	-20.2337666666667
-123.911438333333	44.8232106666667	-24.2357000000000
-123.963260333333	44.8756226666667	-23.2011666666667
-123.760451666667	44.8251946666667	-27.3693000000000
-123.812139333333	44.8776770000000	-26.4418666666667
-123.609453666667	44.8269793333333	-30.5272666666667
-123.661006000000	44.8795313333333	-29.4620000000000
-123.458445666667	44.8285640000000	-33.9343000000000
-123.509862333333	44.8811860000000	-32.7949000000000
-123.307429000000	44.8299493333333	-37.1890333333333
-123.358709666667	44.8826403333333	-36.0527000000000
-123.156404000000	44.8311350000000	-40.4924000000000
-123.207548666667	44.8838950000000	-39.3193000000000
-123.005372333333	44.8321213333333	-43.8728000000000
-123.056380000000	44.8849496666667	-42.6870333333333
-122.854336000000	44.8329076666667	-47.4402666666667
-122.905206000000	44.8858043333333	-46.2129333333333
-122.703295333333	44.8334943333333	-51.6608333333333
-122.754027666667	44.8864586666667	-50.1443333333333
-122.552251666667	44.8338813333333	-56.4338666666667
-122.602846000000	44.8869130000000	-54.7284333333333
-122.401206000000	44.8340683333333	-61.5506333333333
-122.451662000000	44.8871673333333	-59.7517333333333
-122.250160000000	44.8340560000000	-66.6955333333333
-122.300477000000	44.8872213333333	-64.9589000000000
-122.099115000000	44.8338436666667	-71.9189666666667
-122.149292333333	44.8870756666667	-70.1718333333333
-121.948071666667	44.8334313333333	-77.1286000000000
-121.998109333333	44.8867293333333	-75.4265333333333
-121.797031333333	44.8328193333333	-82.3111333333333
-121.846928666667	44.8861830000000	-80.6195333333333
-121.645995333333	44.8320076666667	-87.4438000000000
-121.695752333333	44.8854363333333	-85.8167000000000
-125.261568000000	44.6371803333333	-5.40421666666667
-125.314421666667	44.6889543333333	-5.16030000000000
-125.111149000000	44.6409346666667	-6.39556333333333
-125.163873333333	44.6927813333333	-6.10899333333333
-124.960708333333	44.6444913333333	-7.58825000000000
-125.013302666667	44.6964106666667	-7.22439666666667
-124.810247333333	44.6478506666667	-9.15435666666667
-124.862711000000	44.6998420000000	-8.61409666666667
-124.659767000000	44.6510120000000	-11.1422866666667
-124.712100000000	44.7030753333333	-10.3866466666667
-124.509267666667	44.6539760000000	-13.5204000000000
-124.561469666667	44.7061106666667	-12.6479333333333
-124.358751666667	44.6567413333333	-15.9406666666667
-124.410821666667	44.7089476666667	-15.1118666666667
-124.208220000000	44.6593090000000	-18.3985666666667
-124.260157666667	44.7115856666667	-17.5737333333333
-124.057673333333	44.6616786666667	-21.0271000000000
-124.109478333333	44.7140260000000	-20.1333666666667
-123.907113333333	44.6638500000000	-24.1921666666667
-123.958785000000	44.7162676666667	-23.0680000000000
-123.756540666667	44.6658230000000	-27.1649000000000
-123.808079000000	44.7183106666667	-26.2873000000000
-123.605956666667	44.6675976666667	-30.4428666666667
-123.657361000000	44.7201550000000	-29.3121666666667
-123.455363000000	44.6691736666667	-33.8978333333333
-123.506632666667	44.7218000000000	-32.7973666666667
-123.304760333333	44.6705516666667	-37.3402666666667
-123.355895333333	44.7232466666667	-36.1711000000000
-123.154149666667	44.6717306666667	-40.6463666666667
-123.205149333333	44.7244943333333	-39.5313000000000
-123.003533000000	44.6727113333333	-43.9177666666667
-123.054396666667	44.7255430000000	-42.7932333333333
-122.852911000000	44.6734936666667	-47.4352333333333
-122.903638666667	44.7263930000000	-46.2246666666667
-122.702285000000	44.6740770000000	-51.6627000000000
-122.752876000000	44.7270440000000	-50.1673333333333
-122.551656000000	44.6744616666667	-56.5477333333333
-122.602110000000	44.7274956666667	-54.8616333333333
-122.401025000000	44.6746476666667	-61.5746333333333
-122.451341666667	44.7277483333333	-59.9188666666667
-122.250393666667	44.6746356666667	-66.5803666666667
-122.300572333333	44.7278023333333	-64.9430333333333
-122.099763666667	44.6744243333333	-71.7977333333333
-122.149804000000	44.7276573333333	-70.0800000000000
-121.949134666667	44.6740143333333	-76.9643000000000
-121.999037000000	44.7273126666667	-75.3387666666667
-121.798509000000	44.6734060000000	-82.0643000000000
-121.848272000000	44.7267693333333	-80.4457333333333
-121.647887666667	44.6725990000000	-87.1810333333333
-121.697511333333	44.7260273333333	-85.5568000000000
-125.253592000000	44.4779616666667	-5.34850000000000
-125.306287000000	44.5297446666667	-5.08278000000000
-125.103582000000	44.4816953333333	-6.25909000000000
-125.156148666667	44.5335506666667	-5.95650666666667
-124.953550000000	44.4852326666667	-7.50348333333333
-125.005988000000	44.5371600000000	-7.06200000000000
-124.803498333333	44.4885733333333	-9.14768666666667
-124.855806666667	44.5405726666667	-8.56999333333333
-124.653427333333	44.4917173333333	-11.3170700000000
-124.705606000000	44.5437880000000	-10.4876900000000
-124.503338000000	44.4946650000000	-13.6460333333333
-124.555386333333	44.5468066666667	-12.8441333333333
-124.353231666667	44.4974153333333	-15.9440000000000
-124.405149333333	44.5496280000000	-15.1511000000000
-124.203110000000	44.4999690000000	-18.3962000000000
-124.254896333333	44.5522520000000	-17.5584000000000
-124.052973666667	44.5023253333333	-21.0429333333333
-124.104628666667	44.5546786666667	-20.1301000000000
-123.902823666667	44.5044846666667	-24.1198666666667
-123.954346666667	44.5569076666667	-23.0641000000000
-123.752661666667	44.5064470000000	-26.9517333333333
-123.804052000000	44.5589393333333	-26.1255333333333
-123.602488333333	44.5082116666667	-30.2712000000000
-123.653746000000	44.5607733333333	-29.1218000000000
-123.452305333333	44.5097793333333	-33.8317333333333
-123.503429333333	44.5624096666667	-32.6927333333333
-123.302113666667	44.5111493333333	-37.4440333333333
-123.353104000000	44.5638483333333	-36.2060000000000
-123.151914333333	44.5123220000000	-40.8038000000000
-123.202770333333	44.5650890000000	-39.6933666666667
-123.001708666667	44.5132973333333	-43.9638666666667
-123.052430000000	44.5661320000000	-42.8813333333333
-122.851497666667	44.5140753333333	-47.3941000000000
-122.902084000000	44.5669773333333	-46.2108666666667
-122.701283000000	44.5146553333333	-51.6196333333333
-122.751733666667	44.5676246666667	-50.1138333333333
-122.551065333333	44.5150380000000	-56.5798000000000
-122.601380333333	44.5680736666667	-54.8546000000000
-122.400845666667	44.5152233333333	-61.6269333333333
-122.451024333333	44.5683253333333	-59.9287000000000
-122.250625666667	44.5152110000000	-66.5847333333333
-122.300667666667	44.5683790000000	-64.9102000000000
-122.100406333333	44.5150006666667	-71.7187333333333
-122.150311333333	44.5682346666667	-69.9726333333333
-121.950188666667	44.5145930000000	-76.7777666666667
-121.999956333333	44.5678920000000	-75.1693666666667
-121.799974333333	44.5139880000000	-81.8000000000000
-121.849604000000	44.5673520000000	-80.1912666666667
-121.649764000000	44.5131850000000	-86.9733333333333
-121.699255666667	44.5666136666667	-85.2972666666667
-125.245682000000	44.3187380000000	-5.34410333333333
-125.298219666667	44.3705296666667	-5.08689666666667
-125.096077000000	44.3224506666667	-6.21132333333333
-125.148487666667	44.3743146666667	-5.90829000000000
-124.946450666667	44.3259686666667	-7.47424000000000
-124.998733333333	44.3779040000000	-7.00360666666667
-124.796804666667	44.3292910000000	-9.14398666666667
-124.848959000000	44.3812980000000	-8.55181000000000
-124.647139666667	44.3324176666667	-11.3966733333333
-124.699165333333	44.3844956666667	-10.5692433333333
-124.497456666667	44.3353490000000	-13.6782333333333
-124.549353333333	44.3874976666667	-12.9464000000000
-124.347756666667	44.3380843333333	-15.9464333333333
-124.399523666667	44.3903036666667	-15.1707666666667
-124.198041666667	44.3406233333333	-18.4047666666667
-124.249678333333	44.3929130000000	-17.5574666666667
-124.048312000000	44.3429670000000	-21.0801000000000
-124.099818333333	44.3953260000000	-20.1563333333333
-123.898569333333	44.3451146666667	-24.0334333333333
-123.949944333333	44.3975433333333	-23.0224666666667
-123.748814666667	44.3470656666667	-26.8877000000000
-123.800058333333	44.3995636666667	-25.9570333333333
-123.599048333333	44.3488206666667	-30.2353333333333
-123.650160333333	44.4013873333333	-29.0318000000000
-123.449273000000	44.3503796666667	-33.7930000000000
-123.500252333333	44.4030146666667	-32.6137333333333
-123.299489000000	44.3517423333333	-37.4996000000000
-123.350335666667	44.4044453333333	-36.2490333333333
-123.149697333333	44.3529086666667	-40.8676000000000
-123.200411000000	44.4056793333333	-39.8050333333333
-122.999899333333	44.3538786666667	-44.0560333333333
-123.050479333333	44.4067166666667	-42.9489000000000
-122.850096333333	44.3546523333333	-47.4809333333333
-122.900542333333	44.4075573333333	-46.2542333333333
-122.700289333333	44.3552290000000	-51.7068333333333
-122.750601000000	44.4082010000000	-50.1266000000000
-122.550479333333	44.3556096666667	-56.7373333333333
-122.600656333333	44.4086476666667	-54.9250666666667
-122.400667666667	44.3557940000000	-61.8355000000000
-122.450709666667	44.4088980000000	-60.0903000000000
-122.250855333333	44.3557816666667	-66.7336666666667
-122.300761666667	44.4089513333333	-65.0466666666667
-122.101044000000	44.3555723333333	-71.7900000000000
-122.150814333333	44.4088073333333	-70.0178333333333
-121.951234333333	44.3551670000000	-76.7622666666667
-122.000868333333	44.4084666666667	-75.0993000000000
-121.801427666667	44.3545650000000	-81.6723000000000
-121.850925000000	44.4079293333333	-80.0494666666667
-121.651625000000	44.3537666666667	-86.7768333333333
-121.700985333333	44.4071950000000	-85.0989000000000
-125.237836666667	44.1595080000000	-5.32758000000000
-125.290218666667	44.2113090000000	-5.09577666666667
-125.088633666667	44.1632006666667	-6.19007666666667
-125.140889333333	44.2150730000000	-5.87894000000000
-124.939410000000	44.1666993333333	-7.45137333333333
-124.991538666667	44.2186430000000	-6.99309333333333
-124.790166333333	44.1700030000000	-9.11898333333333
-124.842167666667	44.2220180000000	-8.52469666666667
-124.640904000000	44.1731123333333	-11.3508966666667
-124.692777666667	44.2251980000000	-10.5657033333333
-124.491623666667	44.1760273333333	-13.6195333333333
-124.543369333333	44.2281833333333	-12.9137000000000
-124.342327000000	44.1787476666667	-15.9392333333333
-124.393944000000	44.2309736666667	-15.1597333333333
-124.193015333333	44.1812730000000	-18.4182333333333
-124.244503000000	44.2335686666667	-17.5732333333333
-124.043689333333	44.1836040000000	-21.0868333333333
-124.095047666667	44.2359686666667	-20.1735333333333
-123.894350333333	44.1857393333333	-23.9997666666667
-123.945578666667	44.2381736666667	-23.0043666666667
-123.744999000000	44.1876796666667	-26.9201000000000
-123.796097333333	44.2401823333333	-25.9595000000000
-123.595637000000	44.1894253333333	-30.1009333333333
-123.646604333333	44.2419963333333	-29.0518333333333
-123.446265666667	44.1909756666667	-33.6357000000000
-123.497101666667	44.2436146666667	-32.4637000000000
-123.296886000000	44.1923310000000	-37.4980333333333
-123.347590333333	44.2450376666667	-36.2155666666667
-123.147498333333	44.1934906666667	-40.9626000000000
-123.198071000000	44.2462650000000	-39.8446333333333
-122.998104666667	44.1944550000000	-44.2430333333333
-123.048544666667	44.2472963333333	-43.0927000000000
-122.848706000000	44.1952243333333	-47.6309666666667
-122.899013333333	44.2481323333333	-46.4330666666667
-122.699303333333	44.1957980000000	-51.8301666666667
-122.749477333333	44.2487723333333	-50.2590666666667
-122.549898000000	44.1961766666667	-56.9049000000000
-122.599938333333	44.2492166666667	-55.0902000000000
-122.400490666667	44.1963600000000	-62.0343333333333
-122.450397000000	44.2494656666667	-60.2972333333333
-122.251083333333	44.1963476666667	-66.9673333333333
-122.300855000000	44.2495186666667	-65.2596000000000
-122.101676333333	44.1961396666667	-71.9997000000000
-122.151313333333	44.2493756666667	-70.2135666666667
-121.952271333333	44.1957363333333	-76.8393666666667
-122.001773000000	44.2490366666667	-75.2391000000000
-121.802869000000	44.1951380000000	-81.4832666666667
-121.852235333333	44.2485023333333	-79.9853666666667
-121.653470666667	44.1943443333333	-86.5227666666667
-121.702701000000	44.2477723333333	-84.8481333333333
-125.230055666667	44.0002726666667	-5.27947666666667
-125.282283000000	44.0520823333333	-5.08160333333333
-125.081251666667	44.0039450000000	-6.16148000000000
-125.133353666667	44.0558260000000	-5.83659000000000
-124.932426666667	44.0074240000000	-7.38151666666667
-124.984403000000	44.0593760000000	-6.97324666666667
-124.783582333333	44.0107096666667	-9.04255333333333
-124.835432333333	44.0627323333333	-8.45393000000000
-124.634719333333	44.0138020000000	-11.2276033333333
-124.686442666667	44.0658946666667	-10.4928000000000
-124.485839000000	44.0167010000000	-13.5266666666667
-124.537435000000	44.0688636666667	-12.7915333333333
-124.336942333333	44.0194063333333	-15.9419000000000
-124.388410666667	44.0716386666667	-15.1341666666667
-124.188030666667	44.0219180000000	-18.4301666666667
-124.239371000000	44.0742196666667	-17.5919666666667
-124.039104666667	44.0242360000000	-21.0813000000000
-124.090316666667	44.0766066666667	-20.1697333333333
-123.890166000000	44.0263593333333	-23.9949666666667
-123.941249000000	44.0787990000000	-22.9938000000000
-123.741215333333	44.0282893333333	-26.9433666666667
-123.792169000000	44.0807970000000	-25.9615333333333
-123.592254000000	44.0300250000000	-29.9267666666667
-123.643078000000	44.0826010000000	-28.9510333333333
-123.443283333333	44.0315670000000	-33.5358333333333
-123.493977000000	44.0842103333333	-32.2486666666667
-123.294304333333	44.0329146666667	-37.5234666666667
-123.344867666667	44.0856256666667	-36.2053333333333
-123.145317333333	44.0340676666667	-41.0935666666667
-123.195750000000	44.0868456666667	-39.9341333333333
-122.996324666667	44.0350270000000	-44.3884333333333
-123.046625666667	44.0878713333333	-43.2723666666667
-122.847327000000	44.0357920000000	-47.7500000000000
-122.897496333333	44.0887026666667	-46.5570000000000
-122.698325666667	44.0363626666667	-51.9837333333333
-122.748362666667	44.0893393333333	-50.3950666666667
-122.549321333333	44.0367393333333	-57.0264000000000
-122.599226000000	44.0897813333333	-55.2335333333333
-122.400315666667	44.0369216666667	-62.1143666666667
-122.450087000000	44.0900290000000	-60.4348666666667
-122.251309333333	44.0369093333333	-67.0968666666667
-122.300947666667	44.0900816666667	-65.4215666666667
-122.102303333333	44.0367023333333	-72.1716333333333
-122.151808000000	44.0899393333333	-70.4287666666667
-121.953299333333	44.0363016666667	-76.8769666666667
-122.002670000000	44.0896023333333	-75.3428333333333
-121.804298333333	44.0357066666667	-81.3858000000000
-121.853534333333	44.0890713333333	-79.8714000000000
-121.655301666667	44.0349170000000	-86.3433333333334
-121.704402666667	44.0883453333333	-84.6723000000000
-125.224991666667	43.8941080000000	-5.23019666666667
-125.073930000000	43.8446836666667	-6.10470333333333
-125.125879666667	43.8965730000000	-5.77981000000000
-124.925501000000	43.8481440000000	-7.30190666666667
-124.977325666667	43.9001036666667	-6.89464333333333
-124.777052666667	43.8514113333333	-9.01134000000000
-124.828752000000	43.9034416666667	-8.37740333333333
-124.628585666667	43.8544866666667	-11.1301566666667
-124.680159666667	43.9065866666667	-10.4112933333333
-124.480101666667	43.8573696666667	-13.4646333333333
-124.531549333333	43.9095393333333	-12.6816000000000
-124.331601666667	43.8600600000000	-15.9438000000000
-124.382923000000	43.9122990000000	-15.1174333333333
-124.183086333333	43.8625576666667	-18.4375666666667
-124.234280666667	43.9148656666667	-17.6064666666667
-124.034557666667	43.8648626666667	-21.0831333333333
-124.085624333333	43.9172393333333	-20.1728333333333
-123.886016000000	43.8669746666667	-23.9932333333333
-123.936955000000	43.9194196666667	-22.9927666666667
-123.737462666667	43.8688940000000	-26.9621000000000
-123.788273333333	43.9214066666667	-25.9772666666667
-123.588898666667	43.8706203333333	-29.8942333333333
-123.639580666667	43.9232006666667	-28.9039333333333
-123.440325333333	43.8721536666667	-33.4287666666667
-123.490878333333	43.9248013333333	-32.2042333333333
-123.291743333333	43.8734936666667	-37.3371333333333
-123.342167000000	43.9262083333333	-36.0785000000000
-123.143154333333	43.8746410000000	-40.9632666666667
-123.193448000000	43.9274220000000	-39.9415333333333
-122.994559666667	43.8755950000000	-44.1862666666667
-123.044722666667	43.9284423333333	-43.2313666666667
-122.845960000000	43.8763556666667	-47.7191000000000
-122.895992333333	43.9292690000000	-46.5363333333333
-122.697356333333	43.8769230000000	-52.1045333333333
-122.747257666667	43.9299020000000	-50.5214333333333
-122.548749666667	43.8772976666667	-57.0979000000000
-122.598519666667	43.9303416666667	-55.3597000000000
-122.400142000000	43.8774786666667	-62.0804000000000
-122.449780000000	43.9305880000000	-60.4441000000000
-122.251533333333	43.8774663333333	-67.1015000000000
-122.301039333333	43.9306400000000	-65.4259666666667
-122.102925666667	43.8772606666667	-72.2176666666667
-122.152298666667	43.9304986666667	-70.5152666666667
-121.954319666667	43.8768620000000	-76.8823000000000
-122.003559666667	43.9301636666667	-75.4081666666667
-121.805716666667	43.8762700000000	-81.3709666666667
-121.854823333333	43.9296353333333	-79.8655000000000
-121.657117333333	43.8754846666667	-86.2506333333333
-121.706090666667	43.9289130000000	-84.5623000000000
-125.066668333333	43.6854173333333	-6.02561333333333
-125.118467000000	43.7373150000000	-5.70653333333333
-124.918631666667	43.6888583333333	-7.26949000000000
-124.970306666667	43.7408263333333	-6.83104666666667
-124.770576000000	43.6921076666667	-8.97738666666667
-124.822126666667	43.7441456666667	-8.37428666666667
-124.622502000000	43.6951660000000	-10.9953133333333
-124.673928000000	43.7472733333333	-10.3333033333333
-124.474411333333	43.6980330000000	-13.3886333333333
-124.525712000000	43.7502096666667	-12.5752000000000
-124.326304333333	43.7007083333333	-15.9399000000000
-124.377479666667	43.7529540000000	-15.1044333333333
-124.178182666667	43.7031923333333	-18.4369666666667
-124.229232000000	43.7555063333333	-17.6103666666667
-124.030047333333	43.7054846666667	-21.0895333333333
-124.080970333333	43.7578670000000	-20.1744666666667
-123.881899333333	43.7075850000000	-24.0016000000000
-123.932695666667	43.7600353333333	-22.9986666666667
-123.733740000000	43.7094940000000	-26.9713000000000
-123.784409000000	43.7620116666667	-25.9810000000000
-123.585570333333	43.7112110000000	-29.9332333333333
-123.636111666667	43.7637960000000	-28.9427000000000
-123.437391000000	43.7127356666667	-33.2949000000000
-123.487804333333	43.7653876666667	-32.1093000000000
-123.289203666667	43.7140683333333	-37.1937333333333
-123.339488333333	43.7667870000000	-35.8730000000000
-123.141009333333	43.7152090000000	-40.6780000000000
-123.191165000000	43.7679940000000	-39.6796000000000
-122.992809333333	43.7161576666667	-43.9107333333333
-123.042835666667	43.7690086666667	-42.9165666666667
-122.844604000000	43.7169143333333	-47.6168666666667
-122.894501000000	43.7698306666667	-46.3632000000000
-122.696394666667	43.7174786666667	-52.1286666666667
-122.746161666667	43.7704603333333	-50.5558666666667
-122.548183000000	43.7178510000000	-57.2039000000000
-122.597819333333	43.7708973333333	-55.4155333333333
-122.399969666667	43.7180310000000	-62.2104000000000
-122.449475333333	43.7711420000000	-60.5225666666667
-122.251755666667	43.7180190000000	-67.1497000000000
-122.301130333333	43.7711940000000	-65.4437666666667
-122.103542666667	43.7178143333333	-72.2107000000000
-122.152785666667	43.7710533333333	-70.5098333333333
-121.955331333333	43.7174180000000	-76.8531666666667
-122.004442666667	43.7707200000000	-75.3926666666667
-121.807122666667	43.7168293333333	-81.3600666666667
-121.856101666667	43.7701946666667	-79.8482666666667
-121.658918000000	43.7160483333333	-86.2581666666667
-121.707764333333	43.7694763333333	-84.5711000000000
-125.059466333333	43.5261453333333	-5.96346333333333
-125.111115000000	43.5780513333333	-5.63755000000000
-124.911818666667	43.5295673333333	-7.26198333333333
-124.963344666667	43.5815433333333	-6.78997000000000
-124.764152333333	43.5327990000000	-8.91131666666667
-124.815555000000	43.5848443333333	-8.34460333333333
-124.616468333333	43.5358403333333	-10.8720300000000
-124.667747333333	43.5879550000000	-10.2061100000000
-124.468767333333	43.5386913333333	-13.3107333333333
-124.519922333333	43.5908746666667	-12.4746666666667
-124.321050666667	43.5413523333333	-15.8457333333333
-124.372081000000	43.5936040000000	-15.0601666666667
-124.173319000000	43.5438226666667	-18.3787666666667
-124.224224666667	43.5961426666667	-17.5520666666667
-124.025574000000	43.5461020000000	-21.0700666666667
-124.076354000000	43.5984900000000	-20.1787333333333
-123.877817000000	43.5481910000000	-23.9838000000000
-123.928471000000	43.6006463333333	-22.9838000000000
-123.730048333333	43.5500893333333	-26.9831333333333
-123.780576333333	43.6026120000000	-25.9919000000000
-123.582269333333	43.5517966666667	-29.8349666666667
-123.632670666667	43.6043863333333	-28.9530666666667
-123.434481333333	43.5533130000000	-33.1788666666667
-123.484755666667	43.6059693333333	-32.0007333333333
-123.286685000000	43.5546380000000	-37.0475000000000
-123.336832000000	43.6073606666667	-35.7937666666667
-123.138882000000	43.5557723333333	-40.4859000000000
-123.188901000000	43.6085606666667	-39.4458666666667
-122.991073000000	43.5567160000000	-43.7842333333333
-123.040964000000	43.6095696666667	-42.7122000000000
-122.843259000000	43.5574686666667	-47.5709000000000
-122.893021333333	43.6103876666667	-46.2364333333333
-122.695441333333	43.5580296666667	-52.1415333333333
-122.745074666667	43.6110136666667	-50.5241333333333
-122.547621000000	43.5584000000000	-57.3498333333333
-122.597125000000	43.6114483333333	-55.5344333333333
-122.399798666667	43.5585790000000	-62.3108666666667
-122.449173333333	43.6116916666667	-60.7071333333333
-122.251976000000	43.5585670000000	-67.1690666666667
-122.301220333333	43.6117433333333	-65.5200666666667
-122.104154666667	43.5583640000000	-72.2069000000000
-122.153268333333	43.6116036666667	-70.4995666666667
-121.956334333333	43.5579696666667	-76.8611333333333
-122.005317666667	43.6112726666667	-75.3785333333333
-121.808517000000	43.5573840000000	-81.3707000000000
-121.857369000000	43.6107496666667	-79.8475666666667
-121.660703666667	43.5566076666667	-86.2539333333333
-121.709424333333	43.6100356666667	-84.5702666666667
-125.052322333333	43.3668680000000	-5.91110000000000
-125.103823000000	43.4187823333333	-5.57720000000000
-124.905061000000	43.3702710000000	-7.27144000000000
-124.956439666667	43.4222550000000	-6.76937666666667
-124.757781000000	43.3734850000000	-8.90923000000000
-124.809037333333	43.4255380000000	-8.33076000000000
-124.610483666667	43.3765093333333	-10.8217766666667
-124.661617000000	43.4286313333333	-10.1557066666667
-124.463169333333	43.3793450000000	-13.1874000000000
-124.514180000000	43.4315350000000	-12.3741666666667
-124.315839333333	43.3819913333333	-15.6981666666667
-124.366726333333	43.4342496666667	-14.9095333333333
-124.168495000000	43.3844476666667	-18.2956666666667
-124.219258000000	43.4367740000000	-17.4610666666667
-124.021137666667	43.3867146666667	-20.9386333333333
-124.071776000000	43.4391083333333	-20.1047000000000
-123.873768000000	43.3887920000000	-23.8171000000000
-123.924281666667	43.4412530000000	-22.9040000000000
-123.726386666667	43.3906793333333	-26.7387000000000
-123.776775333333	43.4432073333333	-25.8881333333333
-123.578995666667	43.3923773333333	-29.5688333333333
-123.629258333333	43.4449716666667	-28.7156000000000
-123.431595333333	43.3938853333333	-33.1445000000000
-123.481732333333	43.4465460000000	-31.8663333333333
-123.284186666667	43.3952033333333	-36.9629000000000
-123.334197333333	43.4479296666667	-35.7107666666667
-123.136771666667	43.3963316666667	-40.4454666666667
-123.186655333333	43.4491233333333	-39.3396666666667
-122.989350666667	43.3972700000000	-43.8081333333333
-123.039107333333	43.4501270000000	-42.6637333333333
-122.841925000000	43.3980180000000	-47.7528000000000
-122.891554000000	43.4509400000000	-46.2631000000000
-122.694495333333	43.3985763333333	-52.3744333333333
-122.743996666667	43.4515626666667	-50.6780000000000
-122.547063000000	43.3989446666667	-57.4584000000000
-122.596436000000	43.4519950000000	-55.6533666666667
-122.399629000000	43.3991226666667	-62.3362666666667
-122.448873333333	43.4522370000000	-60.7586000000000
-122.252195000000	43.3991106666667	-67.1678333333333
-122.301310000000	43.4522883333333	-65.5375333333333
-122.104761666667	43.3989086666667	-72.2207333333333
-122.153747333333	43.4521496666667	-70.5067000000000
-121.957329666667	43.3985163333333	-76.8827333333333
-122.006185666667	43.4518200000000	-75.4035333333333
-121.809900333333	43.3979346666667	-81.3767000000000
-121.858626333333	43.4513003333333	-79.8634666666667
-121.662474666667	43.3971623333333	-86.2957000000000
-121.711070333333	43.4505903333333	-84.5676000000000
-125.045236666667	43.2075853333333	-5.88809333333333
-125.096589666667	43.2595080000000	-5.51613333333333
-124.898358666667	43.2109693333333	-7.31050333333333
-124.949590666667	43.2629613333333	-6.78512333333333
-124.751461666667	43.2141653333333	-8.92703000000000
-124.802572666667	43.2662260000000	-8.37529000000000
-124.604547666667	43.2171733333333	-10.7041300000000
-124.655536666667	43.2693023333333	-10.1270400000000
-124.457617000000	43.2199933333333	-12.9848000000000
-124.508484000000	43.2721903333333	-12.2121000000000
-124.310671000000	43.2226246666667	-15.5453000000000
-124.361415333333	43.2748896666667	-14.7487333333333
-124.163710666667	43.2250676666667	-18.1369333333333
-124.214332000000	43.2774000000000	-17.3293333333333
-124.016737333333	43.2273223333333	-20.7400000000000
-124.067235333333	43.2797216666667	-19.9372000000000
-123.869751666667	43.2293880000000	-23.5793666666667
-123.920126000000	43.2818543333333	-22.6545333333333
-123.722755000000	43.2312650000000	-26.4095333333333
-123.773005000000	43.2837976666667	-25.5925000000000
-123.575748666667	43.2329536666667	-29.2852333333333
-123.625874000000	43.2855523333333	-28.4089666666667
-123.428732666667	43.2344533333333	-32.9903000000000
-123.478733333333	43.2871180000000	-31.7232666666667
-123.281709000000	43.2357643333333	-36.8389333333333
-123.331584000000	43.2884943333333	-35.6636666666667
-123.134678666667	43.2368863333333	-40.3593666666667
-123.184428000000	43.2896816666667	-39.2439666666667
-122.987642333333	43.2378193333333	-43.9661000000000
-123.037265666667	43.2906793333333	-42.7052666666667
-122.840601666667	43.2385636666667	-48.0130000000000
-122.890098333333	43.2914880000000	-46.5586666666667
-122.693557000000	43.2391186666667	-52.4817333333333
-122.742927000000	43.2921073333333	-50.9035666666667
-122.546509666667	43.2394850000000	-57.4940333333333
-122.595752333333	43.2925373333333	-55.7576333333333
-122.399461000000	43.2396620000000	-62.3428333333333
-122.448576000000	43.2927780000000	-60.7724666666667
-122.252412000000	43.2396500000000	-67.1675666666667
-122.301399000000	43.2928290000000	-65.5369333333333
-122.105363666667	43.2394490000000	-72.2247333333333
-122.154222333333	43.2926906666667	-70.5125000000000
-121.958316666667	43.2390593333333	-76.8836333333333
-122.007047000000	43.2923633333333	-75.4121666666667
-121.811272000000	43.2384803333333	-81.3806000000000
-121.859873333333	43.2918466666667	-79.8674333333333
-121.664231666667	43.2377123333333	-86.3987666666667
-121.712703333333	43.2911403333333	-84.6179666666667
-125.038209000000	43.0482966666667	-5.87288666666667
-125.089416000000	43.1002280000000	-5.46786666666667
-124.891710666667	43.0516620000000	-7.33278333333333
-124.942797666667	43.1036620000000	-6.81849333333333
-124.745194000000	43.0548406666667	-8.87300000000000
-124.796160666667	43.1069086666667	-8.37653333333333
-124.598660000000	43.0578323333333	-10.5450900000000
-124.649506000000	43.1099683333333	-10.0005866666667
-124.452110000000	43.0606366666667	-12.7840333333333
-124.502834666667	43.1128403333333	-12.0213333333333
-124.305544666667	43.0632533333333	-15.3223666666667
-124.356148000000	43.1155246666667	-14.5440666666667
-124.158965333333	43.0656826666667	-17.8907666666667
-124.209446333333	43.1180210000000	-17.1312000000000
-124.012373000000	43.0679250000000	-20.4726000000000
-124.062731666667	43.1203300000000	-19.6993000000000
-123.865768333333	43.0699793333333	-23.3267666666667
-123.916004333333	43.1224510000000	-22.4381333333333
-123.719153000000	43.0718460000000	-26.1058333333333
-123.769265666667	43.1243836666667	-25.2850333333333
-123.572527666667	43.0735253333333	-29.0569000000000
-123.622517000000	43.1261286666667	-28.1066000000000
-123.425893333333	43.0750166666667	-32.7282666666667
-123.475758666667	43.1276856666667	-31.5025666666667
-123.279251666667	43.0763203333333	-36.5366000000000
-123.328992333333	43.1290543333333	-35.3912666666667
-123.132603000000	43.0774360000000	-40.3687333333333
-123.182219000000	43.1302350000000	-39.0996666666667
-122.985948333333	43.0783640000000	-44.2732666666667
-123.035439333333	43.1312273333333	-42.8892666666667
-122.839289333333	43.0791040000000	-48.1744000000000
-122.888654666667	43.1320316666667	-46.8044333333333
-122.692626666667	43.0796560000000	-52.5524333333333
-122.741866333333	43.1326473333333	-50.9611333333333
-122.545961333333	43.0800203333333	-57.5330333333333
-122.595074666667	43.1330750000000	-55.8094333333333
-122.399294333333	43.0801963333333	-62.3514333333333
-122.448281333333	43.1333143333333	-60.7880000000000
-122.252627000000	43.0801843333333	-67.1669000000000
-122.301487000000	43.1333650000000	-65.5369000000000
-122.105960666667	43.0799846666667	-72.2214000000000
-122.154693333333	43.1332276666667	-70.5098000000000
-121.959295333333	43.0795970000000	-76.8816000000000
-122.007900666667	43.1329020000000	-75.4078000000000
-121.812633000000	43.0790213333333	-81.3805000000000
-121.861110000000	43.1323880000000	-79.8706000000000
-121.665974666667	43.0782576666667	-86.4290333333333
-121.714323333333	43.1316856666667	-84.6713000000000
-125.031238000000	42.8890030000000	-5.80815666666667
-125.082300333333	42.9409423333333	-5.43641333333333
-124.885116666667	42.8923496666667	-7.15900666666667
-124.936059666667	42.9443573333333	-6.75892000000000
-124.738977000000	42.8955110000000	-8.62746666666667
-124.789801000000	42.9475863333333	-8.22933666666667
-124.592820000000	42.8984860000000	-10.3177100000000
-124.643524000000	42.9506293333333	-9.81563333333333
-124.446647666667	42.9012746666667	-12.5517000000000
-124.497231333333	42.9534853333333	-11.8098666666667
-124.300459666667	42.9038770000000	-15.0646333333333
-124.350923000000	42.9561546666667	-14.3041666666667
-124.154258333333	42.9062933333333	-17.6259666666667
-124.204600333333	42.9586373333333	-16.8424000000000
-124.008044000000	42.9085230000000	-20.2525333333333
-124.058264666667	42.9609336666667	-19.4476333333333
-123.861817333333	42.9105660000000	-23.0674666666667
-123.911916333333	42.9630426666667	-22.1661333333333
-123.715580000000	42.9124226666667	-25.9013666666667
-123.765556666667	42.9649650000000	-25.0489000000000
-123.569333000000	42.9140923333333	-28.7713666666667
-123.619187000000	42.9667003333333	-27.9086000000000
-123.423077333333	42.9155753333333	-32.3501000000000
-123.472808333333	42.9682483333333	-31.1453666666667
-123.276814000000	42.9168720000000	-36.3450000000000
-123.326421666667	42.9696096666667	-35.0783333333333
-123.130544000000	42.9179813333333	-40.4582000000000
-123.180028000000	42.9707836666667	-39.0723333333333
-122.984268000000	42.9189040000000	-44.5449000000000
-123.033628000000	42.9717703333333	-43.1386000000000
-122.837987666667	42.9196400000000	-48.3163333333333
-122.887223000000	42.9725700000000	-47.0495333333333
-122.691703666667	42.9201893333333	-52.6297333333333
-122.740814333333	42.9731826666667	-51.0325000000000
-122.545417333333	42.9205513333333	-57.5803000000000
-122.594402666667	42.9736080000000	-55.8732666666667
-122.399129000000	42.9207263333333	-62.3582666666667
-122.447989000000	42.9738456666667	-60.8035000000000
-122.252840666667	42.9207146666667	-67.1678666666667
-122.301574333333	42.9738963333333	-65.5362000000000
-122.106553000000	42.9205160000000	-72.2205000000000
-122.155160666667	42.9737596666667	-70.5101666666667
-121.960266333333	42.9201306666667	-76.8781666666667
-122.008747666667	42.9734360000000	-75.4055333333333
-121.813983000000	42.9195580000000	-81.3733333333333
-121.862337000000	42.9729250000000	-79.8641333333333
-121.667703333333	42.9187983333333	-86.3245666666667
-121.715930333333	42.9722263333333	-84.6474333333333
-125.024324000000	42.7297040000000	-5.52953666666667
-125.075242333333	42.7816516666667	-5.33558000000000
-124.878576333333	42.7330323333333	-6.69263333333333
-124.929376666667	42.7850476666667	-6.40220000000000
-124.732810333333	42.7361760000000	-8.23353000000000
-124.783492333333	42.7882590000000	-7.84757000000000
-124.587028000000	42.7391343333333	-10.0248933333333
-124.637591000000	42.7912846666667	-9.51550333333333
-124.441229333333	42.7419076666667	-12.2619000000000
-124.491673333333	42.7941250000000	-11.5689333333333
-124.295416000000	42.7444956666667	-14.7128333333333
-124.345740333333	42.7967796666667	-14.0051333333333
-124.149589333333	42.7468986666667	-17.2999666666667
-124.199793333333	42.7992490000000	-16.5559000000000
-124.003749666667	42.7491160000000	-19.9265333333333
-124.053833666667	42.8015323333333	-19.1749333333333
-123.857898000000	42.7511480000000	-22.7570666666667
-123.907861000000	42.8036300000000	-21.9054666666667
-123.712036000000	42.7529940000000	-25.5657333333333
-123.761877666667	42.8055416666667	-24.7715333333333
-123.566164333333	42.7546543333333	-28.3971333333333
-123.615884333333	42.8072670000000	-27.5583333333333
-123.420284000000	42.7561296666667	-32.0121000000000
-123.469882000000	42.8088066666667	-30.8149000000000
-123.274396000000	42.7574190000000	-36.1069666666667
-123.323871666667	42.8101606666667	-34.8139666666667
-123.128501333333	42.7585223333333	-40.4663000000000
-123.177854333333	42.8113280000000	-39.0238666666667
-122.982601000000	42.7594400000000	-44.6934333333333
-123.031831000000	42.8123093333333	-43.3069333333333
-122.836696333333	42.7601720000000	-48.5170000000000
-122.885802666667	42.8131046666667	-47.1982000000000
-122.690788000000	42.7607180000000	-52.8669333333333
-122.739770666667	42.8137140000000	-51.2323666666667
-122.544877333333	42.7610780000000	-57.6552666666667
-122.593735666667	42.8141366666667	-55.9713333333333
-122.398965000000	42.7612523333333	-62.3664333333333
-122.447699000000	42.8143733333333	-60.8190000000000
-122.253052333333	42.7612403333333	-67.1652333333333
-122.301661333333	42.8144236666667	-65.5373666666667
-122.107140000000	42.7610426666667	-72.2152000000000
-122.155624000000	42.8142876666667	-70.5060666666667
-121.961229333333	42.7606593333333	-76.8737666666667
-122.009587666667	42.8139656666667	-75.4022666666667
-121.815321666667	42.7600900000000	-81.3663666666667
-121.863554000000	42.8134573333333	-79.8588666666667
-121.669417333333	42.7593346666667	-86.2435666666667
-121.717523666667	42.8127626666667	-84.5579666666667
-125.019828000000	42.6234976666667	-5.25236000000000
-124.872088666667	42.5737096666667	-6.27144333333333
-124.922747666667	42.6257330000000	-5.95095000000000
-124.726694000000	42.5768356666667	-7.83062666666667
-124.777235333333	42.6289260000000	-7.39908666666667
-124.581282333333	42.5797780000000	-9.68980000000000
-124.631706000000	42.6319353333333	-9.17446000000000
-124.435855000000	42.5825356666667	-11.8943333333333
-124.486160333333	42.6347596666667	-11.2332000000000
-124.290413333333	42.5851096666667	-14.3432666666667
-124.340599666667	42.6373996666667	-13.6307333333333
-124.144958333333	42.5874993333333	-16.8923000000000
-124.195025666667	42.6398553333333	-16.1694333333333
-123.999490000000	42.5897043333333	-19.5417333333333
-124.049438000000	42.6421263333333	-18.7744333333333
-123.854011000000	42.5917246666667	-22.3738333333333
-123.903838666667	42.6442120000000	-21.5454333333333
-123.708521000000	42.5935606666667	-25.1710000000000
-123.758228666667	42.6461130000000	-24.3796666666667
-123.563021333333	42.5952120000000	-28.0898666666667
-123.612608333333	42.6478290000000	-27.1958666666667
-123.417513333333	42.5966790000000	-31.7226000000000
-123.466979333333	42.6493603333333	-30.4883333333333
-123.271997666667	42.5979613333333	-35.9722333333333
-123.321342333333	42.6507066666667	-34.5393666666667
-123.126475333333	42.5990590000000	-40.4906000000000
-123.175698333333	42.6518680000000	-38.9822666666667
-122.980947666667	42.5999713333333	-44.7235333333333
-123.030048333333	42.6528440000000	-43.3611333333333
-122.835415666667	42.6006990000000	-48.6618666666667
-122.884394000000	42.6536346666667	-47.3746333333333
-122.689879666667	42.6012420000000	-52.9409666666667
-122.738735333333	42.6542403333333	-51.4388000000000
-122.544341666667	42.6016003333333	-57.6802000000000
-122.593074000000	42.6546610000000	-56.0530333333333
-122.398802000000	42.6017733333333	-62.3748333333333
-122.447411000000	42.6548963333333	-60.8298666666667
-122.253262000000	42.6017613333333	-67.1608000000000
-122.301747000000	42.6549460000000	-65.5392666666667
-122.107722666667	42.6015650000000	-72.2133333333333
-122.156083333333	42.6548106666667	-70.4959000000000
-121.962185000000	42.6011836666667	-76.8840333333333
-122.010421000000	42.6544906666667	-75.4041333333333
-121.816649666667	42.6006173333333	-81.3867333333333
-121.864761000000	42.6539850000000	-79.8611666666667
-121.671118000000	42.5998663333333	-86.2681333333333
-121.719104000000	42.6532943333333	-84.5775333333333
-124.865653333333	42.4143816666667	-5.94375000000000
-124.916172000000	42.4664126666667	-5.64680333333333
-124.720626666667	42.4174906666667	-7.47104000000000
-124.771028666667	42.4695883333333	-6.99993000000000
-124.575583333333	42.4204163333333	-9.36930000000000
-124.625868333333	42.4725806666667	-8.81707666666667
-124.430524333333	42.4231590000000	-11.5609233333333
-124.480692000000	42.4753896666667	-10.9031566666667
-124.285451333333	42.4257183333333	-13.9628666666667
-124.335501000000	42.4780150000000	-13.2646333333333
-124.140364333333	42.4280946666667	-16.4889333333333
-124.190296333333	42.4804570000000	-15.7643666666667
-123.995265333333	42.4302873333333	-19.1584000000000
-124.045078333333	42.4827150000000	-18.3841666666667
-123.850155333333	42.4322970000000	-21.9493666666667
-123.899849333333	42.4847893333333	-21.1443666666667
-123.705034333333	42.4341230000000	-24.8000666666667
-123.754609333333	42.4866800000000	-23.9701666666667
-123.559903666667	42.4357653333333	-27.7837333333333
-123.609359000000	42.4883866666667	-26.8949000000000
-123.414765000000	42.4372240000000	-31.4482666666667
-123.464100000000	42.4899093333333	-30.2129666666667
-123.269619000000	42.4384990000000	-35.8783000000000
-123.318833666667	42.4912483333333	-34.3907666666667
-123.124466000000	42.4395903333333	-40.3554333333333
-123.173560000000	42.4924030000000	-38.9681000000000
-122.979308000000	42.4404980000000	-44.5545666666667
-123.028280666667	42.4933736666667	-43.2403333333333
-122.834145333333	42.4412216666667	-48.6120333333333
-122.882996666667	42.4941600000000	-47.3250000000000
-122.688979333333	42.4417616666667	-52.9683000000000
-122.737708666667	42.4947623333333	-51.4510666666667
-122.543810666667	42.4421176666667	-57.7005333333333
-122.592418000000	42.4951806666667	-56.0853666666667
-122.398640666667	42.4422896666667	-62.3651000000000
-122.447125333333	42.4954143333333	-60.8403333333333
-122.253470333333	42.4422780000000	-67.2690000000000
-122.301832333333	42.4954640000000	-65.5211333333333
-122.108300666667	42.4420826666667	-72.4115333333333
-122.156539333333	42.4953296666667	-70.6261000000000
-121.963132666667	42.4417033333333	-77.0372333333333
-122.011248000000	42.4950110000000	-75.4786666666667
-121.817966666667	42.4411406666667	-81.5582333333333
-121.865958333333	42.4945083333333	-79.9681666666667
-121.672804666667	42.4403936666667	-86.3449000000000
-121.720672000000	42.4938216666667	-84.6674000000000
-124.859270000000	42.2550483333333	-5.67498000000000
-124.909649333333	42.3070870000000	-5.43447000000000
-124.714608333333	42.2581400000000	-7.11063000000000
-124.764872000000	42.3102453333333	-6.65537000000000
-124.569930333333	42.2610496666667	-9.02311666666667
-124.620078000000	42.3132210000000	-8.47852333333333
-124.425236666667	42.2637770000000	-11.1443700000000
-124.475268000000	42.3160143333333	-10.5716600000000
-124.280529000000	42.2663223333333	-13.4895666666667
-124.330443333333	42.3186250000000	-12.8318666666667
-124.135808000000	42.2686853333333	-16.0452000000000
-124.185605000000	42.3210533333333	-15.3451333333333
-123.991075000000	42.2708660000000	-18.7180333333333
-124.040754333333	42.3232990000000	-17.9632333333333
-123.846330666667	42.2728643333333	-21.5017666666667
-123.895892000000	42.3253620000000	-20.7182000000000
-123.701575666667	42.2746803333333	-24.4091333333333
-123.751019000000	42.3272423333333	-23.5628333333333
-123.556811333333	42.2763136666667	-27.3843333333333
-123.606135666667	42.3289396666667	-26.5352000000000
-123.412039000000	42.2777643333333	-31.0647333333333
-123.461244333333	42.3304540000000	-29.8681666666667
-123.267259000000	42.2790320000000	-35.5823666666667
-123.316345000000	42.3317850000000	-34.1323666666667
-123.122473000000	42.2801173333333	-40.0415666666667
-123.171439000000	42.3329333333333	-38.7156333333333
-122.977681333333	42.2810200000000	-44.4189000000000
-123.026527333333	42.3338986666667	-42.9956000000000
-122.832885333333	42.2817396666667	-48.6174000000000
-122.881610666667	42.3346810000000	-47.2649000000000
-122.688086000000	42.2822766666667	-53.0618666666667
-122.736690666667	42.3352796666667	-51.4817666666667
-122.543284000000	42.2826306666667	-57.7748000000000
-122.591767333333	42.3356956666667	-56.1635666666667
-122.398481000000	42.2828020000000	-62.3578000000000
-122.446842666667	42.3359280000000	-60.8365333333333
-122.253677000000	42.2827903333333	-67.2959333333333
-122.301917000000	42.3359776666667	-65.6342333333333
-122.108874000000	42.2825960000000	-72.3268666666667
-122.156991666667	42.3358436666667	-70.7161333333333
-121.964072333333	42.2822190000000	-77.0553666666667
-122.012067666667	42.3355273333333	-75.5808333333333
-121.819273333333	42.2816590000000	-81.6069666666667
-121.867145666667	42.3350273333333	-80.1018333333333
-121.674478000000	42.2809163333333	-86.3454000000000
-121.722227000000	42.3343443333333	-84.7408666666667
-124.852938333333	42.0957096666667	-5.43612000000000
-124.903179666667	42.1477560000000	-5.25767333333333
-124.708638333333	42.0987840000000	-6.73591333333333
-124.758765000000	42.1508966666667	-6.30868666666667
-124.564322666667	42.1016776666667	-8.63028000000000
-124.614334000000	42.1538560000000	-8.08245000000000
-124.419991666667	42.1043900000000	-10.6878533333333
-124.469887666667	42.1566340000000	-10.1436566666667
-124.275646333333	42.1069213333333	-13.0099000000000
-124.325426333333	42.1592303333333	-12.3462666666667
-124.131288333333	42.1092713333333	-15.5319333333333
-124.180952000000	42.1616453333333	-14.8532666666667
-123.986918000000	42.1114400000000	-18.2220000000000
-124.036465000000	42.1638783333333	-17.4786666666667
-123.842536666667	42.1134273333333	-20.9743000000000
-123.891966666667	42.1659300000000	-20.2449333333333
-123.698144666667	42.1152330000000	-23.9474000000000
-123.747457333333	42.1677996666667	-23.0774333333333
-123.553744000000	42.1168573333333	-27.0280666666667
-123.602938666667	42.1694876666667	-26.1282333333333
-123.409334666667	42.1182996666667	-30.6762666666667
-123.458411333333	42.1709936666667	-29.4807333333333
-123.264918333333	42.1195606666667	-35.1552333333333
-123.313876333333	42.1723173333333	-33.7102666666667
-123.120495666667	42.1206400000000	-39.7442000000000
-123.169335000000	42.1734593333333	-38.3532666666667
-122.976067666667	42.1215376666667	-44.3696333333333
-123.024787666667	42.1744193333333	-42.8558000000000
-122.831635666667	42.1222530000000	-48.6827000000000
-122.880236000000	42.1751970000000	-47.2852333333333
-122.687199666667	42.1227873333333	-53.2574333333333
-122.735680333333	42.1757926666667	-51.5949666666667
-122.542761666667	42.1231393333333	-57.9016000000000
-122.591122000000	42.1762063333333	-56.3355666666667
-122.398322000000	42.1233100000000	-62.3633333333333
-122.446562000000	42.1764376666667	-60.8621000000000
-122.253882000000	42.1232983333333	-67.1572000000000
-122.302001000000	42.1764870000000	-65.5207333333333
-122.109442666667	42.1231050000000	-72.2546666666667
-122.157440333333	42.1763540000000	-70.5431333333333
-121.965004666667	42.1227296666667	-77.0361333333333
-122.012881000000	42.1760386666667	-75.5129333333334
-121.820569333333	42.1221730000000	-81.6118666666667
-121.868323666667	42.1755416666667	-80.0837000000000
-121.676137666667	42.1214343333333	-86.3461666666667
-121.723770000000	42.1748623333333	-84.7396666666667
-124.846657666667	41.9363656666667	-5.21204000000000
-124.896762000000	41.9884196666667	-5.09259000000000
-124.702717000000	41.9394233333333	-6.37644333333333
-124.752707333333	41.9915430000000	-5.98279666666667
-124.558760333333	41.9423006666667	-8.21536000000000
-124.608636666667	41.9944860000000	-7.67739000000000
-124.414788666667	41.9449980000000	-10.2275933333333
-124.464550333333	41.9972483333333	-9.71244666666667
-124.270803333333	41.9475156666667	-12.4817000000000
-124.320450000000	41.9998306666667	-11.8666333333333
-124.126804666667	41.9498523333333	-14.9196666666667
-124.176336000000	42.0022323333333	-14.3036333333333
-123.982794666667	41.9520090000000	-17.6081666666667
-124.032210000000	42.0044530000000	-16.8913000000000
-123.838773333333	41.9539853333333	-20.3806666666667
-123.888072666667	42.0064933333333	-19.6682333333333
-123.694742000000	41.9557810000000	-23.3905333333333
-123.743924666667	42.0083526666667	-22.5567000000000
-123.550701333333	41.9573960000000	-26.5456666666667
-123.599767333333	42.0100310000000	-25.6810666666667
-123.406652666667	41.9588303333333	-30.2102000000000
-123.455601333333	42.0115283333333	-29.0882000000000
-123.262596666667	41.9600846666667	-34.7096333333333
-123.311428000000	42.0128450000000	-33.2432333333333
-123.118534333333	41.9611580000000	-39.5307666666667
-123.167247666667	42.0139810000000	-38.0125666666667
-122.974467333333	41.9620503333333	-44.2807333333333
-123.023062333333	42.0149353333333	-42.7762333333333
-122.830395666667	41.9627620000000	-48.7474000000000
-122.878872333333	42.0157086666667	-47.2716000000000
-122.686320666667	41.9632930000000	-53.5319000000000
-122.734678333333	42.0163010000000	-51.8209666666667
-122.542243333333	41.9636433333333	-58.0101666666667
-122.590481666667	42.0167123333333	-56.5344000000000
-122.398164666667	41.9638130000000	-62.3544333333333
-122.446283333333	42.0169426666667	-60.8786000000000
-122.254085333333	41.9638016666667	-67.2421666666667
-122.302084333333	42.0169916666667	-65.4756333333333
-122.110006666667	41.9636093333333	-72.4172000000000
-122.157885333333	42.0168593333333	-70.6352666666667
-121.965929333333	41.9632363333333	-77.0857333333333
-122.013687666667	42.0165460000000	-75.5598000000000
-121.821855000000	41.9626820000000	-81.6129000000000
-121.869492000000	42.0160513333333	-80.0902333333333
-121.677784000000	41.9619476666667	-86.3418000000000
-121.725300000000	42.0153756666667	-84.7410333333333
-124.842577666667	41.8301296666667	-5.06807666666667
-124.696843000000	41.7800573333333	-6.06511333333333
-124.746698666667	41.8321843333333	-5.70332333333333
-124.553242666667	41.7829186666667	-7.81935333333333
-124.602985000000	41.8351110000000	-7.27620333333333
-124.409628000000	41.7856010000000	-9.78356333333333
-124.459256333333	41.8378580000000	-9.27365666666667
-124.265999000000	41.7881043333333	-11.9175333333333
-124.315513666667	41.8404260000000	-11.3525666666667
-124.122357666667	41.7904283333333	-14.2646000000000
-124.171757333333	41.8428140000000	-13.6627000000000
-123.978704666667	41.7925733333333	-16.9058000000000
-124.027989666667	41.8450226666667	-16.2384333333333
-123.835040333333	41.7945386666667	-19.6709000000000
-123.884210333333	41.8470516666667	-18.9879666666667
-123.691366333333	41.7963243333333	-22.6958333333333
-123.740420666667	41.8489006666667	-21.8974333333333
-123.547683000000	41.7979303333333	-25.9226333333333
-123.596621666667	41.8505696666667	-25.0535333333333
-123.403992000000	41.7993570000000	-29.7622333333333
-123.452814000000	41.8520586666667	-28.5367666666667
-123.260293666667	41.8006043333333	-34.4888333333333
-123.308999333333	41.8533683333333	-32.9020666666667
-123.116589000000	41.8016713333333	-39.3915000000000
-123.165177666667	41.8544976666667	-37.8146000000000
-122.972879333333	41.8025586666667	-44.1269333333333
-123.021350666667	41.8554466666667	-42.6121666666667
-122.829165666667	41.8032663333333	-48.9138000000000
-122.877519333333	41.8562156666667	-47.2713000000000
-122.685448666667	41.8037946666667	-53.7311666666667
-122.733684333333	41.8568046666667	-52.1008333333333
-122.541729333333	41.8041433333333	-58.0303000000000
-122.589846666667	41.8572140000000	-56.6380000000000
-122.398008333333	41.8043116666667	-62.3673666666667
-122.446007333333	41.8574430000000	-60.8783000000000
-122.254286666667	41.8043003333333	-67.2683000000000
-122.302166666667	41.8574916666667	-65.6100333333333
-122.110566333333	41.8041090000000	-72.2740000000000
-122.158326666667	41.8573603333333	-70.6823666666667
-121.966847000000	41.8037376666667	-77.0073000000000
-122.014488000000	41.8570483333333	-75.5347666666667
-121.823130333333	41.8031870000000	-81.6057000000000
-121.870651333333	41.8565563333333	-80.0809333333333
-121.679417000000	41.8024566666667	-86.3875333333333
-121.726818000000	41.8558846666667	-84.7384333333333
-124.691016333333	41.6206860000000	-5.83863666666667
-124.740738000000	41.6728203333333	-5.49249666666667
-124.547769666667	41.6235316666667	-7.48730333333333
-124.597379000000	41.6757306666667	-6.95440333333333
-124.404508666667	41.6261993333333	-9.37965000000000
-124.454005000000	41.6784626666667	-8.86216000000000
-124.261233666667	41.6286886666667	-11.4276866666667
-124.310617000000	41.6810160000000	-10.8660200000000
-124.117946333333	41.6310000000000	-13.6720666666667
-124.167216000000	41.6833913333333	-13.0811000000000
-123.974647000000	41.6331326666667	-16.1016666666667
-124.023803000000	41.6855876666667	-15.5229333333333
-123.831337333333	41.6350870000000	-18.8129000000000
-123.880378666667	41.6876053333333	-18.1674666666667
-123.688018000000	41.6368626666667	-21.8180333333333
-123.736944666667	41.6894440000000	-21.1147333333333
-123.544689000000	41.6384596666667	-25.1028000000000
-123.593501000000	41.6911036666667	-24.2682333333333
-123.401352666667	41.6398786666667	-29.2144333333333
-123.450049000000	41.6925846666667	-27.9826666666667
-123.258009000000	41.6411190000000	-34.0628666666667
-123.306590000000	41.6938870000000	-32.5807666666667
-123.114659333333	41.6421803333333	-39.0562666666667
-123.163124000000	41.6950100000000	-37.5478333333333
-122.971304666667	41.6430626666667	-43.9336000000000
-123.019653000000	41.6959536666667	-42.4147000000000
-122.827945666667	41.6437666666667	-48.7843000000000
-122.876177333333	41.6967183333333	-47.2883333333333
-122.684583666667	41.6442920000000	-53.4855000000000
-122.732698333333	41.6973046666667	-52.0401000000000
-122.541219333333	41.6446383333333	-57.9438333333333
-122.589216666667	41.6977113333333	-56.5688666666667
-122.397853000000	41.6448060000000	-62.4028000000000
-122.445733000000	41.6979390000000	-60.8943333333333
-122.254486666667	41.6447946666667	-67.1746333333333
-122.302248333333	41.6979873333333	-65.5341000000000
-122.111121333333	41.6446043333333	-72.2006333333333
-122.158764666667	41.6978563333333	-70.5004666666667
-121.967757000000	41.6442353333333	-77.0098333333333
-122.015282000000	41.6975463333333	-75.4467000000000
-121.824395000000	41.6436876666667	-81.6563666666667
-121.871801000000	41.6970573333333	-80.0952000000000
-121.681036666667	41.6429613333333	-86.5257000000000
-121.728323333333	41.6963893333333	-84.8159666666667
-124.685236333333	41.4613096666667	-5.67409666666667
-124.734825333333	41.5134510000000	-5.33889333333333
-124.542340333333	41.4641400000000	-7.23427666666667
-124.591818000000	41.5163456666667	-6.70674000000000
-124.399430000000	41.4667926666667	-9.04436333333333
-124.448795666667	41.5190626666667	-8.53233000000000
-124.256506333333	41.4692683333333	-11.0278966666667
-124.305759666667	41.5216020000000	-10.4533500000000
-124.113570000000	41.4715663333333	-13.2149666666667
-124.162710666667	41.5239636666667	-12.5932000000000
-123.970622333333	41.4736873333333	-15.4825333333333
-124.019649666667	41.5261476666667	-14.8725666666667
-123.827664333333	41.4756306666667	-18.0070333333333
-123.876578333333	41.5281540000000	-17.3570666666667
-123.684696333333	41.4773966666667	-20.8001333333333
-123.733496666667	41.5299823333333	-20.1661666666667
-123.541719333333	41.4789850000000	-24.1162333333333
-123.590405666667	41.5316330000000	-23.2865666666667
-123.398734666667	41.4803956666667	-28.3471000000000
-123.447306333333	41.5331056666667	-27.1642333333333
-123.255743000000	41.4816290000000	-33.2761000000000
-123.304200000000	41.5344006666667	-31.8794000000000
-123.112745333333	41.4826846666667	-38.4045666666667
-123.161087333333	41.5355176666667	-36.9680000000000
-122.969742333333	41.4835623333333	-43.3144000000000
-123.017969000000	41.5364563333333	-42.0117333333333
-122.826735666667	41.4842623333333	-48.1470666666667
-122.874846333333	41.5372170000000	-46.7322333333333
-122.683725666667	41.4847843333333	-53.1410333333333
-122.731720333333	41.5377993333333	-51.6445333333333
-122.540713333333	41.4851290000000	-57.8010333333333
-122.588591666667	41.5382040000000	-56.3569666666667
-122.397699333333	41.4852956666667	-62.4324333333333
-122.445461000000	41.5384303333333	-60.8963666666667
-122.254685333333	41.4852843333333	-67.2114000000000
-122.302329666667	41.5384786666667	-65.5794000000000
-122.111672000000	41.4850953333333	-72.2302333333333
-122.159199000000	41.5383483333333	-70.5068000000000
-121.968659666667	41.4847283333333	-77.1269666666667
-122.016069333333	41.5380403333333	-75.4872000000000
-121.825649666667	41.4841836666667	-81.8208000000000
-121.872941333333	41.5375536666667	-80.2107666666667
-121.682643333333	41.4834616666667	-86.6965333333333
-121.729816666667	41.5368896666667	-84.9761333333333
-124.679502333333	41.3019283333333	-5.64320000000000
-124.728960000000	41.3540770000000	-5.21006333333333
-124.536954000000	41.3047426666667	-7.25949000000000
-124.586301000000	41.3569553333333	-6.63477000000000
-124.394392000000	41.3073806666667	-8.98606666666667
-124.443627666667	41.3596573333333	-8.37103000000000
-124.251817000000	41.3098423333333	-10.9984833333333
-124.300941000000	41.3621823333333	-10.2339466666667
-124.109229333333	41.3121280000000	-13.2456333333333
-124.158241666667	41.3645310000000	-12.4142000000000
-123.966630333333	41.3142370000000	-15.3709000000000
-124.015530333333	41.3667030000000	-14.6563666666667
-123.824020666667	41.3161696666667	-17.4757666666667
-123.872808333333	41.3686980000000	-16.8470333333333
-123.681401333333	41.3179260000000	-19.7867000000000
-123.730076333333	41.3705166666667	-19.2697333333333
-123.538773000000	41.3195053333333	-22.8640000000000
-123.587335000000	41.3721580000000	-22.1467666666667
-123.396137333333	41.3209083333333	-26.9633000000000
-123.444585666667	41.3736223333333	-26.0163333333333
-123.253494666667	41.3221346666667	-31.7122666666667
-123.301829333333	41.3749100000000	-30.6907666666667
-123.110846000000	41.3231843333333	-36.8013000000000
-123.159066333333	41.3760206666667	-35.7341666666667
-122.968192666667	41.3240573333333	-41.7187666666667
-123.016298333333	41.3769543333333	-40.7743666666667
-122.825535000000	41.3247533333333	-46.8636666666667
-122.873526000000	41.3777106666667	-45.6736333333333
-122.682874333333	41.3252726666667	-52.1623000000000
-122.730750000000	41.3782900000000	-50.8336000000000
-122.540211333333	41.3256150000000	-57.3366333333333
-122.587971666667	41.3786920000000	-55.9138000000000
-122.397547000000	41.3257810000000	-62.2398666666667
-122.445191333333	41.3789173333333	-60.7599333333333
-122.254882333333	41.3257693333333	-67.1718000000000
-122.302410666667	41.3789650000000	-65.5443666666667
-122.112218000000	41.3255816666667	-72.3218000000000
-122.159630000000	41.3788356666667	-70.5622666666667
-121.969555000000	41.3252166666667	-77.2844333333333
-122.016850333333	41.3785293333333	-75.6295333333333
-121.826894666667	41.3246753333333	-82.0085666666667
-121.874072666667	41.3780456666667	-80.3919000000000
-121.684237666667	41.3239570000000	-86.8389000000000
-121.731298333333	41.3773853333333	-85.1578666666667
-124.673814333333	41.1425420000000	-5.72229000000000
-124.723141333333	41.1946976666667	-5.22257000000000
-124.531611333333	41.1453406666667	-7.43068666666667
-124.580828333333	41.1975600000000	-6.76764000000000
-124.389394666667	41.1479636666667	-9.21825666666667
-124.438501333333	41.2002466666667	-8.53757333333333
-124.247165333333	41.1504116666667	-11.3995366666667
-124.296161333333	41.2027576666667	-10.4312866666667
-124.104923333333	41.1526846666667	-13.7733666666667
-124.153808666667	41.2050933333333	-12.7981666666667
-123.962669666667	41.1547820000000	-15.6113666666667
-124.011444000000	41.2072533333333	-14.9353666666667
-123.820405666667	41.1567040000000	-17.2221666666667
-123.869068333333	41.2092373333333	-16.6756333333333
-123.678132333333	41.1584503333333	-18.9419000000000
-123.726683000000	41.2110456666667	-18.5392666666667
-123.535850333333	41.1600213333333	-21.3279000000000
-123.584288666667	41.2126780000000	-20.9065666666667
-123.393561000000	41.1614166666667	-24.7028333333333
-123.441886333333	41.2141346666667	-24.2323000000000
-123.251264666667	41.1626360000000	-28.9234000000000
-123.299477333333	41.2154150000000	-28.4553333333333
-123.108962333333	41.1636796666667	-33.8427000000000
-123.157061666667	41.2165193333333	-33.2474666666667
-122.966655333333	41.1645476666667	-38.9101333333333
-123.014641000000	41.2174476666667	-38.3409333333333
-122.824344333333	41.1652400000000	-44.4333666666667
-122.872216000000	41.2182000000000	-43.4780000000000
-122.682030333333	41.1657563333333	-50.5200333333333
-122.729787666667	41.2187760000000	-49.1477333333333
-122.539713666667	41.1660970000000	-56.3579666666667
-122.587356666667	41.2191760000000	-54.9574333333333
-122.397396000000	41.1662613333333	-61.7005666666667
-122.444924000000	41.2193996666667	-60.2171000000000
-122.255077666667	41.1662503333333	-67.1161333333333
-122.302490666667	41.2194470000000	-65.3507666666667
-122.112759666667	41.1660636666667	-72.4815333333333
-122.160057333333	41.2193186666667	-70.6967000000000
-121.970443333333	41.1657006666667	-77.3572000000000
-122.017625000000	41.2190140000000	-75.7615333333333
-121.828129666667	41.1651620000000	-82.1165333333333
-121.875195333333	41.2185330000000	-80.4967666666667
-121.685818666667	41.1644476666667	-86.9823333333333
-121.732768333333	41.2178760000000	-85.3093666666667
-124.668171666667	40.9831503333333	-5.92157000000000
-124.717369333333	41.0353133333333	-5.26954333333333
-124.526311333333	40.9859333333333	-7.96206666666667
-124.575399666667	41.0381596666667	-7.03736333333333
-124.384437333333	40.9885420000000	-10.0446700000000
-124.433416333333	41.0408313333333	-9.03607333333333
-124.242550333333	40.9909763333333	-12.4467333333333
-124.291419666667	41.0433283333333	-11.1951033333333
-124.100651333333	40.9932366666667	-14.6079666666667
-124.149410666667	41.0456510000000	-13.6263666666667
-123.958740666667	40.9953223333333	-16.0014333333333
-124.007389666667	41.0477990000000	-15.4309666666667
-123.816820000000	40.9972336666667	-17.2021666666667
-123.865358000000	41.0497720000000	-16.7283666666667
-123.674890000000	40.9989703333333	-18.4888666666667
-123.723317000000	41.0515703333333	-18.0986000000000
-123.532951333333	41.0005323333333	-20.1021000000000
-123.581267000000	41.0531936666667	-19.7535000000000
-123.391005666667	41.0019196666667	-22.6813000000000
-123.439209333333	41.0546420000000	-22.1470333333333
-123.249052666667	41.0031326666667	-26.0151000000000
-123.297144666667	41.0559153333333	-25.7051666666667
-123.107094000000	41.0041706666667	-30.5092000000000
-123.155073333333	41.0570136666667	-29.8285666666667
-122.965130666667	41.0050336666667	-35.8336666666667
-123.012997333333	41.0579366666667	-35.0925333333333
-122.823163000000	41.0057220000000	-41.5628000000000
-122.870917000000	41.0586846666667	-40.6066333333333
-122.681192333333	41.0062356666667	-48.2390666666667
-122.728833000000	41.0592576666667	-46.7618333333333
-122.539219666667	41.0065743333333	-54.9646666666667
-122.586746666667	41.0596553333333	-53.3978000000000
-122.397245666667	41.0067380000000	-61.0883666666667
-122.444658666667	41.0598776666667	-59.4083000000000
-122.255271333333	41.0067270000000	-67.0198333333333
-122.302570000000	41.0599250000000	-65.1460000000000
-122.113297000000	41.0065410000000	-72.4918333333333
-122.160481333333	41.0597973333333	-70.7748000000000
-121.971324333333	41.0061800000000	-77.3515000000000
-122.018393666667	41.0594940000000	-75.7942333333333
-121.829354000000	41.0056446666667	-82.1886000000000
-121.876308333333	41.0590156666667	-80.5342333333334
-121.687387000000	41.0049343333333	-87.1277000000000
-121.734225666667	41.0583626666667	-85.4438666666667
-124.662574666667	40.8237536666667	-5.86548000000000
-124.711643333333	40.8759236666667	-5.34943000000000
-124.521054000000	40.8265210000000	-8.32114333333333
-124.570014666667	40.8787540000000	-7.36232333333333
-124.379519333333	40.8291153333333	-11.0816500000000
-124.428371666667	40.8814110000000	-9.92948333333333
-124.237972333333	40.8315363333333	-13.6582000000000
-124.286715666667	40.8838943333333	-12.4484666666667
-124.096413333333	40.8337836666667	-15.5831666666667
-124.145047666667	40.8862040000000	-14.6380666666667
-123.954843333333	40.8358576666667	-16.7980000000000
-124.003368000000	40.8883396666667	-16.1235333333333
-123.813263000000	40.8377583333333	-17.7081000000000
-123.861678000000	40.8903020000000	-17.1497000000000
-123.671673333333	40.8394853333333	-18.6186333333333
-123.719978000000	40.8920900000000	-18.1508333333333
-123.530075666667	40.8410386666667	-19.7311000000000
-123.578269666667	40.8937043333333	-19.3052666666667
-123.388470333333	40.8424183333333	-21.7842666666667
-123.436553666667	40.8951443333333	-21.0622000000000
-123.246858000000	40.8436246666667	-24.2774000000000
-123.294830333333	40.8964110000000	-23.7133000000000
-123.105240333333	40.8446566666667	-28.4333333333333
-123.153101000000	40.8975033333333	-27.2598333333333
-122.963617666667	40.8455146666667	-33.5399333333333
-123.011366666667	40.8984210000000	-32.4238333333333
-122.821991000000	40.8461993333333	-39.1477666666667
-122.869627666667	40.8991646666667	-37.9059333333333
-122.680361333333	40.8467103333333	-46.2991000000000
-122.727885666667	40.8997346666667	-44.2818666666667
-122.538729333333	40.8470470000000	-53.7823000000000
-122.586141000000	40.9001303333333	-51.8231666666667
-122.397096333333	40.8472096666667	-60.4763000000000
-122.444395000000	40.9003513333333	-58.6038666666667
-122.255463000000	40.8471990000000	-66.8078000000000
-122.302648333333	40.9003983333333	-64.8346333333333
-122.113830000000	40.8470140000000	-72.4589666666667
-122.160901666667	40.9002713333333	-70.7100333333333
-121.972198333333	40.8466550000000	-77.4358000000000
-122.019156000000	40.8999696666667	-75.7980333333333
-121.830569000000	40.8461226666667	-82.3180333333333
-121.877412333333	40.8994943333333	-80.6436333333333
-121.688943333333	40.8454160000000	-87.3184333333334
-121.735672000000	40.8988446666667	-85.5468333333333
-124.658943000000	40.7174826666667	-5.70773333333333
-124.515838333333	40.6671036666667	-8.63593333333333
-124.564672666667	40.7193433333333	-7.38846000000000
-124.374641000000	40.6696836666667	-12.1038666666667
-124.423367333333	40.7219856666667	-10.7207833333333
-124.233431333333	40.6720910000000	-14.9375000000000
-124.282049666667	40.7244553333333	-13.6744666666667
-124.092209666667	40.6743256666667	-16.8952000000000
-124.140719666667	40.7267516666667	-15.8663333333333
-123.950977333333	40.6763883333333	-18.0205000000000
-123.999378666667	40.7288756666667	-17.2865000000000
-123.809734333333	40.6782783333333	-18.6685666666667
-123.858027000000	40.7308266666667	-18.0904000000000
-123.668482666667	40.6799960000000	-19.2777666666667
-123.716665666667	40.7326053333333	-18.7540666666667
-123.527222666667	40.6815403333333	-20.1701666666667
-123.575296333333	40.7342103333333	-19.5681666666667
-123.385955000000	40.6829126666667	-21.9116666666667
-123.433918666667	40.7356426666667	-21.0551666666667
-123.244681000000	40.6841120000000	-23.9805000000000
-123.292534333333	40.7369020000000	-23.2048666666667
-123.103401333333	40.6851383333333	-27.5847333333333
-123.151144000000	40.7379880000000	-26.2265333333333
-122.962117000000	40.6859916666667	-32.4605000000000
-123.009748666667	40.7389006666667	-30.9076333333333
-122.820828666667	40.6866723333333	-37.9445666666667
-122.868349333333	40.7396403333333	-36.3346333333333
-122.679537000000	40.6871803333333	-45.1114000000000
-122.726946000000	40.7402070000000	-42.7749333333333
-122.538243666667	40.6875153333333	-52.7721000000000
-122.585540666667	40.7406003333333	-50.5947000000000
-122.396948666667	40.6876773333333	-59.9436666666667
-122.444133666667	40.7408203333333	-57.8321333333333
-122.255653666667	40.6876666666667	-66.6477666666667
-122.302726000000	40.7408673333333	-64.5610000000000
-122.114359333333	40.6874826666667	-72.4294666666667
-122.161319000000	40.7407410000000	-70.6435000000000
-121.973065666667	40.6871256666667	-77.4913333333333
-122.019912666667	40.7404410000000	-75.8827000000000
-121.831774666667	40.6865960000000	-82.3024333333333
-121.878508000000	40.7399680000000	-80.7188333333333
-121.690487000000	40.6858936666667	-87.4348000000000
-121.737107000000	40.7393220000000	-85.6732333333333
-124.510664333333	40.5076813333333	-9.27201666666667
-124.559373000000	40.5599276666667	-7.70130000000000
-124.369801666667	40.5102470000000	-13.2802000000000
-124.418403333333	40.5625553333333	-11.5897333333333
-124.228926333333	40.5126406666667	-16.4560666666667
-124.277421000000	40.5650110000000	-15.0573666666667
-124.088039333333	40.5148633333333	-18.4005000000000
-124.136426666667	40.5672946666667	-17.3650666666667
-123.947141666667	40.5169143333333	-19.3319666666667
-123.995421000000	40.5694070000000	-18.6646333333333
-123.806234000000	40.5187940000000	-19.7684666666667
-123.854405333333	40.5713473333333	-19.2660000000000
-123.665317333333	40.5205016666667	-20.2211666666667
-123.713380000000	40.5731156666667	-19.6947333333333
-123.524392333333	40.5220380000000	-21.1832666666667
-123.572346333333	40.5747120000000	-20.4062000000000
-123.383460333333	40.5234023333333	-22.7681666666667
-123.431305000000	40.5761363333333	-21.8037333333333
-123.242521333333	40.5245950000000	-24.5995000000000
-123.290257000000	40.5773886666667	-23.6517333333333
-123.101577000000	40.5256156666667	-27.7501666666667
-123.149202666667	40.5784686666667	-26.2864666666667
-122.960628333333	40.5264643333333	-32.4866000000000
-123.008144000000	40.5793763333333	-30.6013000000000
-122.819675333333	40.5271410000000	-37.9396333333333
-122.867080666667	40.5801116666667	-35.9557333333333
-122.678719666667	40.5276460000000	-44.9419666666667
-122.726014333333	40.5806750000000	-42.2649333333333
-122.537761333333	40.5279793333333	-52.5159333333333
-122.584945333333	40.5810663333333	-49.9658333333333
-122.396802000000	40.5281403333333	-59.8436333333333
-122.443874666667	40.5812853333333	-57.4337333333333
-122.255842666667	40.5281293333333	-66.6358000000000
-122.302803666667	40.5813316666667	-64.4403333333333
-122.114883666667	40.5279466666667	-72.4580333333333
-122.161733000000	40.5812060000000	-70.6292000000000
-121.973925666667	40.5275920000000	-77.4356666666667
-122.020663000000	40.5809080000000	-75.8669333333333
-121.832970333333	40.5270653333333	-82.2766666666667
-121.879595000000	40.5804376666667	-80.6436666666667
-121.692018000000	40.5263666666667	-87.4775333333333
-121.738530000000	40.5797953333333	-85.6970000000000
-124.507311333333	40.4013936666667	-9.91448333333334
-124.365000333333	40.3508053333333	-14.4230000000000
-124.413478333333	40.4031200000000	-12.7166333333333
-124.224457333333	40.3531860000000	-17.8196333333333
-124.272829000000	40.4055620000000	-16.3852666666667
-124.083902000000	40.3553963333333	-19.8180666666667
-124.132167333333	40.4078333333333	-18.9258666666667
-123.943336666667	40.3574356666667	-20.5588333333333
-123.991494666667	40.4099336666667	-19.9600333333333
-123.802761333333	40.3593046666667	-20.9778333333333
-123.850812333333	40.4118630000000	-20.4332333333333
-123.662177000000	40.3610030000000	-21.4850000000000
-123.710120333333	40.4136216666667	-20.8395000000000
-123.521584666667	40.3625303333333	-22.5178000000000
-123.569420000000	40.4152090000000	-21.6437333333333
-123.380985000000	40.3638873333333	-23.9465333333333
-123.428712333333	40.4166253333333	-23.0217666666667
-123.240378666667	40.3650733333333	-25.7185000000000
-123.287997333333	40.4178706666667	-24.6407000000000
-123.099767333333	40.3660883333333	-28.8154333333333
-123.147277000000	40.4189446666667	-27.1410000000000
-122.959151000000	40.3669323333333	-33.5647333333333
-123.006551666667	40.4198473333333	-31.3099000000000
-122.818531333333	40.3676053333333	-39.0171333333333
-122.865822333333	40.4205786666667	-36.7253333333333
-122.677908333333	40.3681073333333	-45.7369000000000
-122.725089666667	40.4211386666667	-42.9084666666667
-122.537283333333	40.3684386666667	-53.0986333333333
-122.584354333333	40.4215276666667	-50.3205000000000
-122.396657000000	40.3685986666667	-60.3024333333333
-122.443617666667	40.4217453333333	-57.7039666666667
-122.256030333333	40.3685880000000	-66.9308333333333
-122.302880333333	40.4217913333333	-64.6375666666667
-122.115404333333	40.3684063333333	-72.6421333333333
-122.162143333333	40.4216666666667	-70.7579000000000
-121.974779333333	40.3680536666667	-77.5926666666667
-122.021407333333	40.4213703333333	-75.9110000000000
-121.834156666667	40.3675300000000	-82.5463333333333
-121.880673000000	40.4209030000000	-80.7503333333333
-121.693537333333	40.3668350000000	-87.6382000000000
-121.739942000000	40.4202636666667	-85.8532000000000
-123.940890000000	40.2511113333333	-21.3305333333333
-123.799316333333	40.1998106666667	-22.2428000000000
-123.847248000000	40.2523740000000	-21.6450000000000
-123.659061666667	40.2014993333333	-22.9363333333333
-123.706886333333	40.2541226666667	-22.2211333333333
-123.518799333333	40.2030183333333	-23.9593666666667
-123.566517000000	40.2557010000000	-23.0742666666667
-123.378529333333	40.2043676666667	-25.3997000000000
-123.426139666667	40.2571096666667	-24.3276666666667
-123.238253666667	40.2055470000000	-27.5630000000000
-123.285756000000	40.2583480000000	-26.0963666666667
-123.097972000000	40.2065563333333	-30.9155666666667
-123.145366666667	40.2594160000000	-28.8595666666667
-122.957686000000	40.2073956666667	-35.5677333333333
-123.004972000000	40.2603136666667	-33.1262666666667
-122.817396333333	40.2080650000000	-40.8162000000000
-122.864574000000	40.2610410000000	-38.2980000000000
-122.677103666667	40.2085643333333	-47.2683666666667
-122.724172333333	40.2615980000000	-44.3637666666667
-122.536809000000	40.2088936666667	-54.2741666666667
-122.583768666667	40.2619846666667	-51.4196333333333
-122.396512666667	40.2090530000000	-61.2144000000000
-122.443363000000	40.2622010000000	-58.5516333333333
-122.256216333333	40.2090423333333	-67.6532000000000
-122.302956666667	40.2622473333333	-65.2584666666667
-122.115920666667	40.2088613333333	-73.2017333333333
-122.162551000000	40.2621226666667	-71.2098000000000
-121.975626000000	40.2085110000000	-78.0657666666667
-122.022146000000	40.2618283333333	-76.3157333333333
-121.835333666667	40.2079900000000	-82.9880666666667
-121.881743000000	40.2613633333333	-81.1387000000000
-121.695044000000	40.2072993333333	-88.0221333333333
-121.741342666667	40.2607280000000	-86.1807000000000
-123.657071333333	40.0951593333333	-23.9170666666667
-123.516036000000	40.0435020000000	-25.4735666666667
-123.563637000000	40.0961890000000	-24.5327000000000
-123.376093666667	40.0448433333333	-27.3929000000000
-123.423588000000	40.0975893333333	-25.9722666666667
-123.236145000000	40.0460163333333	-30.0834000000000
-123.283532666667	40.0988206666667	-28.2869666666667
-123.096191000000	40.0470200000000	-33.6129333333333
-123.143471333333	40.0998830000000	-31.4154333333333
-122.956233000000	40.0478543333333	-37.9265666666667
-123.003405666667	40.1007753333333	-35.5545333333333
-122.816270333333	40.0485200000000	-43.1508000000000
-122.863335666667	40.1014986666667	-40.4579666666667
-122.676305333333	40.0490166666667	-49.3224666666667
-122.723262333333	40.1020526666667	-46.4136333333333
-122.536338000000	40.0493443333333	-56.0099000000000
-122.583187000000	40.1024373333333	-53.0317333333333
-122.396369333333	40.0495030000000	-62.6725000000000
-122.443109666667	40.1026526666667	-59.9151000000000
-122.256401000000	40.0494920000000	-68.7690000000000
-122.303032000000	40.1026983333333	-66.3665333333333
-122.116432666667	40.0493123333333	-74.1070000000000
-122.162955000000	40.1025746666667	-72.0476000000000
-121.976465666667	40.0489633333333	-78.8840000000000
-122.022878333333	40.1022816666667	-77.0111666666667
-121.836501000000	40.0484456666667	-83.7951666666667
-121.882804000000	40.1018193333333	-81.7879666666667
-121.696539000000	40.0477586666667	-88.6538333333333
-121.742732000000	40.1011876666667	-86.8367000000000
-123.374552666667	39.9384900000000	-28.9353666666667
-123.234053333333	39.8864813333333	-32.5745666666667
-123.281326666667	39.9392893333333	-30.7606000000000
-123.094424333333	39.8874790000000	-36.2024666666667
-123.141591333333	39.9403453333333	-34.0948666666667
-122.954790666667	39.8883090000000	-40.4653000000000
-123.001851333333	39.9412326666667	-38.0925666666667
-122.815153333333	39.8889710000000	-45.8187000000000
-122.862107000000	39.9419520000000	-42.9921333333333
-122.675513333333	39.8894650000000	-51.9041000000000
-122.722359666667	39.9425030000000	-48.8862000000000
-122.535871000000	39.8897906666667	-58.3972333333333
-122.582610000000	39.9428856666667	-55.3185333333333
-122.396227666667	39.8899480000000	-64.6123666666667
-122.442858666667	39.9430996666667	-61.8460000000000
-122.256584333333	39.8899373333333	-70.2678000000000
-122.303107333333	39.9431450000000	-67.8413333333333
-122.116940666667	39.8897583333333	-75.3775000000000
-122.163355666667	39.9430220000000	-73.2548666666667
-121.977299000000	39.8894113333333	-80.0135000000000
-122.023605000000	39.9427303333333	-78.1024666666667
-121.837659333333	39.8888966666667	-84.7942666666667
-121.883856666667	39.9422706666667	-82.8022333333333
-121.698022333333	39.8882136666667	-89.3467333333334
-121.744110666667	39.9416426666667	-87.6043333333333
-122.953907000000	39.7819420000000	-42.3739666666667
-122.814045333333	39.7294173333333	-48.7824666666667
-122.860888000000	39.7824013333333	-45.8268666666667
-122.674727666667	39.7299083333333	-54.9703333333333
-122.721464333333	39.7829490000000	-51.7922000000000
-122.535407666667	39.7302320000000	-61.1616666666667
-122.582037666667	39.7833293333333	-58.1609333333333
-122.396087000000	39.7303883333333	-66.8089333333333
-122.442610000000	39.7835416666667	-64.1643333333333
-122.256765666667	39.7303780000000	-72.0826333333333
-122.303181666667	39.7835870000000	-69.6834333333333
-122.117445000000	39.7302000000000	-76.8957333333333
-122.163753333333	39.7834646666667	-74.7896333333333
-121.978125666667	39.7298550000000	-81.4156000000000
-122.024326333333	39.7831746666667	-79.3946333333333
-121.838808333333	39.7293433333333	-86.0957333333333
-121.884901000000	39.7827176666667	-84.0265000000000
-121.745478333333	39.7820933333333	-88.6059000000000
-122.674278333333	39.6235340000000	-56.7239666666667
-122.534948333333	39.5706690000000	-63.4296000000000
-122.581470000000	39.6237680000000	-60.7823666666667
-122.395947333333	39.5708250000000	-69.0230666666667
-122.442363000000	39.6239796666667	-66.4535000000000
-122.256946000000	39.5708143333333	-74.1394666666667
-122.303255333333	39.6240246666667	-71.7777000000000
-122.117945333333	39.5706376666667	-78.6565333333333
-122.164148000000	39.6239030000000	-76.5505000000000
-121.978945666667	39.5702946666667	-83.2174333333333
-122.025041666667	39.6236150000000	-81.0227333333333
-121.839948000000	39.5697856666667	-87.7384333333333
-121.885937000000	39.6231603333333	-85.6795333333333
-122.395925333333	39.4644466666667	-70.1694333333333
-122.257124666667	39.4112463333333	-75.7973000000000
-122.303328666667	39.4644580000000	-73.5752000000000
-122.118441333333	39.4110710000000	-80.6269000000000
-122.164539333333	39.4643373333333	-78.4676000000000
-121.979759000000	39.4107296666667	-85.3391333333333
-122.025751333333	39.4640510000000	-83.0105333333333
-121.841078333333	39.4102233333333	-89.5166333333333
-121.886964333333	39.4635986666667	-87.6049333333333
-122.118839666667	39.3046906666667	-81.5295333333333
-121.980566000000	39.2511600000000	-86.7295000000000
-122.026455000000	39.3044820000000	-84.6599333333333
-121.887984000000	39.3040323333333	-89.3204000000000