-126.908618000000	-126.893277000000	-127.060957000000
-126.908618000000	-127.076857000000	-127.060957000000
-126.740327000000	-126.725546000000	-126.893277000000
-126.740327000000	-126.908618000000	-126.893277000000
-126.557766000000	-126.740327000000	-126.725546000000
-127.060957000000	-127.045199000000	-127.212272000000
-127.060957000000	-127.228584000000	-127.212272000000
-126.893277000000	-126.878073000000	-127.045199000000
-126.893277000000	-127.060957000000	-127.045199000000
-126.725546000000	-126.710897000000	-126.878073000000
-126.725546000000	-126.893277000000	-126.878073000000
-126.557766000000	-126.543673000000	-126.710897000000
-126.557766000000	-126.725546000000	-126.710897000000
-126.376402000000	-126.557766000000	-126.543673000000
-127.379291000000	-127.362576000000	-127.528992000000
-127.379291000000	-127.546254000000	-127.528992000000
-127.212272000000	-127.196105000000	-127.362576000000
-127.212272000000	-127.379291000000	-127.362576000000
-127.045199000000	-127.029581000000	-127.196105000000
-127.045199000000	-127.212272000000	-127.196105000000
-126.878073000000	-126.863005000000	-127.029581000000
-126.878073000000	-127.045199000000	-127.029581000000
-126.710897000000	-126.696379000000	-126.863005000000
-126.710897000000	-126.878073000000	-126.863005000000
-126.543673000000	-126.529705000000	-126.696379000000
-126.543673000000	-126.710897000000	-126.696379000000
-126.376402000000	-126.362986000000	-126.529705000000
-126.376402000000	-126.543673000000	-126.529705000000
-126.209085000000	-126.196221000000	-126.362986000000
-126.209085000000	-126.376402000000	-126.362986000000
-126.029414000000	-126.209085000000	-126.196221000000
-127.528992000000	-127.511883000000	-127.677701000000
-127.528992000000	-127.695351000000	-127.677701000000
-127.362576000000	-127.346010000000	-127.511883000000
-127.362576000000	-127.528992000000	-127.511883000000
-127.196105000000	-127.180082000000	-127.346010000000
-127.196105000000	-127.362576000000	-127.346010000000
-127.029581000000	-127.014102000000	-127.180082000000
-127.029581000000	-127.196105000000	-127.180082000000
-126.863005000000	-126.848070000000	-127.014102000000
-126.863005000000	-127.029581000000	-127.014102000000
-126.696379000000	-126.681990000000	-126.848070000000
-126.696379000000	-126.863005000000	-126.848070000000
-126.529705000000	-126.515862000000	-126.681990000000
-126.529705000000	-126.696379000000	-126.681990000000
-126.362986000000	-126.349689000000	-126.515862000000
-126.362986000000	-126.529705000000	-126.515862000000
-126.196221000000	-126.183472000000	-126.349689000000
-126.196221000000	-126.362986000000	-126.349689000000
-126.029414000000	-126.017212000000	-126.183472000000
-126.029414000000	-126.196221000000	-126.183472000000
-125.850913000000	-126.029414000000	-126.017212000000
-127.511883000000	-127.494926000000	-127.660206000000
-127.511883000000	-127.677701000000	-127.660206000000
-127.346010000000	-127.329590000000	-127.494926000000
-127.346010000000	-127.511883000000	-127.494926000000
-127.180082000000	-127.164201000000	-127.329590000000
-127.180082000000	-127.346010000000	-127.329590000000
-127.014102000000	-126.998760000000	-127.164201000000
-127.014102000000	-127.180082000000	-127.164201000000
-126.848070000000	-126.833268000000	-126.998760000000
-126.848070000000	-127.014102000000	-126.998760000000
-126.681990000000	-126.667728000000	-126.833268000000
-126.681990000000	-126.848070000000	-126.833268000000
-126.515862000000	-126.502142000000	-126.667728000000
-126.515862000000	-126.681990000000	-126.667728000000
-126.349689000000	-126.336510000000	-126.502142000000
-126.349689000000	-126.515862000000	-126.502142000000
-126.183472000000	-126.170835000000	-126.336510000000
-126.183472000000	-126.349689000000	-126.336510000000
-126.017212000000	-126.005119000000	-126.170835000000
-126.017212000000	-126.183472000000	-126.170835000000
-125.850913000000	-125.839363000000	-126.005119000000
-125.850913000000	-126.017212000000	-126.005119000000
-125.673569000000	-125.850913000000	-125.839363000000
-127.825430000000	-127.990594000000	-127.807558000000
-127.660206000000	-127.642866000000	-127.807558000000
-127.660206000000	-127.825430000000	-127.807558000000
-127.494926000000	-127.478118000000	-127.642866000000
-127.494926000000	-127.660206000000	-127.642866000000
-127.329590000000	-127.313316000000	-127.478118000000
-127.329590000000	-127.494926000000	-127.478118000000
-127.164201000000	-127.148460000000	-127.313316000000
-127.164201000000	-127.329590000000	-127.313316000000
-126.998760000000	-126.983553000000	-127.148460000000
-126.998760000000	-127.164201000000	-127.148460000000
-126.833268000000	-126.818597000000	-126.983553000000
-126.833268000000	-126.998760000000	-126.983553000000
-126.667728000000	-126.653593000000	-126.818597000000
-126.667728000000	-126.833268000000	-126.818597000000
-126.502142000000	-126.488542000000	-126.653593000000
-126.502142000000	-126.667728000000	-126.653593000000
-126.336510000000	-126.323448000000	-126.488542000000
-126.336510000000	-126.502142000000	-126.488542000000
-126.170835000000	-126.158311000000	-126.323448000000
-126.170835000000	-126.336510000000	-126.323448000000
-126.005119000000	-125.993132000000	-126.158311000000
-126.005119000000	-126.170835000000	-126.158311000000
-125.839363000000	-125.827915000000	-125.993132000000
-125.839363000000	-126.005119000000	-125.993132000000
-125.673569000000	-125.662660000000	-125.827915000000
-125.673569000000	-125.839363000000	-125.827915000000
-125.497370000000	-125.673569000000	-125.662660000000
-124.678109000000	-124.670445000000	-124.835887000000
-124.678109000000	-124.844093000000	-124.835887000000
-124.512100000000	-124.504977000000	-124.670445000000
-124.512100000000	-124.678109000000	-124.670445000000
-124.346067000000	-124.339486000000	-124.504977000000
-124.346067000000	-124.512100000000	-124.504977000000
-124.346067000000	-124.173974000000	-124.339486000000
-127.642866000000	-127.625679000000	-127.789844000000
-127.642866000000	-127.807558000000	-127.789844000000
-127.478118000000	-127.461459000000	-127.625679000000
-127.478118000000	-127.642866000000	-127.625679000000
-127.313316000000	-127.297185000000	-127.461459000000
-127.313316000000	-127.478118000000	-127.461459000000
-127.148460000000	-127.132858000000	-127.297185000000
-127.148460000000	-127.313316000000	-127.297185000000
-126.983553000000	-126.968481000000	-127.132858000000
-126.983553000000	-127.148460000000	-127.132858000000
-126.818597000000	-126.804055000000	-126.968481000000
-126.818597000000	-126.983553000000	-126.968481000000
-126.653593000000	-126.639582000000	-126.804055000000
-126.653593000000	-126.818597000000	-126.804055000000
-126.488542000000	-126.475063000000	-126.639582000000
-126.488542000000	-126.653593000000	-126.639582000000
-126.323448000000	-126.310501000000	-126.475063000000
-126.323448000000	-126.488542000000	-126.475063000000
-126.158311000000	-126.145897000000	-126.310501000000
-126.158311000000	-126.323448000000	-126.310501000000
-125.993132000000	-125.981252000000	-126.145897000000
-125.993132000000	-126.158311000000	-126.145897000000
-125.827915000000	-125.816568000000	-125.981252000000
-125.827915000000	-125.993132000000	-125.981252000000
-125.662660000000	-125.651848000000	-125.816568000000
-125.662660000000	-125.827915000000	-125.816568000000
-125.497370000000	-125.487093000000	-125.651848000000
-125.497370000000	-125.662660000000	-125.651848000000
-125.332046000000	-125.322304000000	-125.487093000000
-125.332046000000	-125.497370000000	-125.487093000000
-125.166689000000	-125.157483000000	-125.322304000000
-125.166689000000	-125.332046000000	-125.322304000000
-125.001302000000	-124.992632000000	-125.157483000000
-125.001302000000	-125.166689000000	-125.157483000000
-124.835887000000	-124.827753000000	-124.992632000000
-124.835887000000	-125.001302000000	-124.992632000000
-124.670445000000	-124.662848000000	-124.827753000000
-124.670445000000	-124.835887000000	-124.827753000000
-124.504977000000	-124.497918000000	-124.662848000000
-124.504977000000	-124.670445000000	-124.662848000000
-124.339486000000	-124.332964000000	-124.497918000000
-124.339486000000	-124.504977000000	-124.497918000000
-124.173974000000	-124.167990000000	-124.332964000000
-124.173974000000	-124.339486000000	-124.332964000000
-124.008442000000	-124.002996000000	-124.167990000000
-124.008442000000	-124.173974000000	-124.167990000000
-123.842892000000	-123.837984000000	-124.002996000000
-123.842892000000	-124.008442000000	-124.002996000000
-123.842892000000	-123.672956000000	-123.837984000000
-127.625679000000	-127.608643000000	-127.772285000000
-127.625679000000	-127.789844000000	-127.772285000000
-127.461459000000	-127.444946000000	-127.608643000000
-127.461459000000	-127.625679000000	-127.608643000000
-127.297185000000	-127.281195000000	-127.444946000000
-127.297185000000	-127.461459000000	-127.444946000000
-127.132858000000	-127.117393000000	-127.281195000000
-127.132858000000	-127.297185000000	-127.281195000000
-126.968481000000	-126.953541000000	-127.117393000000
-126.968481000000	-127.132858000000	-127.117393000000
-126.804055000000	-126.789641000000	-126.953541000000
-126.804055000000	-126.968481000000	-126.953541000000
-126.639582000000	-126.625694000000	-126.789641000000
-126.639582000000	-126.804055000000	-126.789641000000
-126.475063000000	-126.461703000000	-126.625694000000
-126.475063000000	-126.639582000000	-126.625694000000
-126.310501000000	-126.297668000000	-126.461703000000
-126.310501000000	-126.475063000000	-126.461703000000
-126.145897000000	-126.133592000000	-126.297668000000
-126.145897000000	-126.310501000000	-126.297668000000
-125.981252000000	-125.969476000000	-126.133592000000
-125.981252000000	-126.145897000000	-126.133592000000
-125.816568000000	-125.805322000000	-125.969476000000
-125.816568000000	-125.981252000000	-125.969476000000
-125.651848000000	-125.641131000000	-125.805322000000
-125.651848000000	-125.816568000000	-125.805322000000
-125.487093000000	-125.476906000000	-125.641131000000
-125.487093000000	-125.651848000000	-125.641131000000
-125.322304000000	-125.312647000000	-125.476906000000
-125.322304000000	-125.487093000000	-125.476906000000
-125.157483000000	-125.148358000000	-125.312647000000
-125.157483000000	-125.322304000000	-125.312647000000
-124.992632000000	-124.984038000000	-125.148358000000
-124.992632000000	-125.157483000000	-125.148358000000
-124.827753000000	-124.819691000000	-124.984038000000
-124.827753000000	-124.992632000000	-124.984038000000
-124.662848000000	-124.655318000000	-124.819691000000
-124.662848000000	-124.827753000000	-124.819691000000
-124.497918000000	-124.490920000000	-124.655318000000
-124.497918000000	-124.662848000000	-124.655318000000
-124.332964000000	-124.326500000000	-124.490920000000
-124.332964000000	-124.497918000000	-124.490920000000
-124.167990000000	-124.162058000000	-124.326500000000
-124.167990000000	-124.332964000000	-124.326500000000
-124.002996000000	-123.997598000000	-124.162058000000
-124.002996000000	-124.167990000000	-124.162058000000
-123.837984000000	-123.833119000000	-123.997598000000
-123.837984000000	-124.002996000000	-123.997598000000
-123.672956000000	-123.668625000000	-123.833119000000
-123.672956000000	-123.837984000000	-123.833119000000
-123.507914000000	-123.504117000000	-123.668625000000
-123.507914000000	-123.672956000000	-123.668625000000
-123.342859000000	-123.339597000000	-123.504117000000
-123.342859000000	-123.507914000000	-123.504117000000
-123.177794000000	-123.175065000000	-123.339597000000
-123.177794000000	-123.342859000000	-123.339597000000
-123.177794000000	-123.010526000000	-123.175065000000
-127.608643000000	-127.772285000000	-127.591756000000
-127.444946000000	-127.428577000000	-127.591756000000
-127.444946000000	-127.608643000000	-127.591756000000
-127.281195000000	-127.265346000000	-127.428577000000
-127.281195000000	-127.444946000000	-127.428577000000
-127.117393000000	-127.102064000000	-127.265346000000
-127.117393000000	-127.281195000000	-127.265346000000
-126.953541000000	-126.938733000000	-127.102064000000
-126.953541000000	-127.117393000000	-127.102064000000
-126.789641000000	-126.775354000000	-126.938733000000
-126.789641000000	-126.953541000000	-126.938733000000
-126.625694000000	-126.611929000000	-126.775354000000
-126.625694000000	-126.789641000000	-126.775354000000
-126.461703000000	-126.448460000000	-126.611929000000
-126.461703000000	-126.625694000000	-126.611929000000
-126.297668000000	-126.284948000000	-126.448460000000
-126.297668000000	-126.461703000000	-126.448460000000
-126.133592000000	-126.121395000000	-126.284948000000
-126.133592000000	-126.297668000000	-126.284948000000
-125.969476000000	-125.957803000000	-126.121395000000
-125.969476000000	-126.133592000000	-126.121395000000
-125.805322000000	-125.794174000000	-125.957803000000
-125.805322000000	-125.969476000000	-125.957803000000
-125.641131000000	-125.630508000000	-125.794174000000
-125.641131000000	-125.805322000000	-125.794174000000
-125.476906000000	-125.466808000000	-125.630508000000
-125.476906000000	-125.641131000000	-125.630508000000
-125.312647000000	-125.303076000000	-125.466808000000
-125.312647000000	-125.476906000000	-125.466808000000
-125.148358000000	-125.139313000000	-125.303076000000
-125.148358000000	-125.312647000000	-125.303076000000
-124.984038000000	-124.975520000000	-125.139313000000
-124.984038000000	-125.148358000000	-125.139313000000
-124.819691000000	-124.811700000000	-124.975520000000
-124.819691000000	-124.984038000000	-124.975520000000
-124.655318000000	-124.647854000000	-124.811700000000
-124.655318000000	-124.819691000000	-124.811700000000
-124.490920000000	-124.483984000000	-124.647854000000
-124.490920000000	-124.655318000000	-124.647854000000
-124.326500000000	-124.320092000000	-124.483984000000
-124.326500000000	-124.490920000000	-124.483984000000
-124.162058000000	-124.156179000000	-124.320092000000
-124.162058000000	-124.326500000000	-124.320092000000
-123.997598000000	-123.992247000000	-124.156179000000
-123.997598000000	-124.162058000000	-124.156179000000
-123.833119000000	-123.828298000000	-123.992247000000
-123.833119000000	-123.997598000000	-123.992247000000
-123.668625000000	-123.664333000000	-123.828298000000
-123.668625000000	-123.833119000000	-123.828298000000
-123.504117000000	-123.500354000000	-123.664333000000
-123.504117000000	-123.668625000000	-123.664333000000
-123.339597000000	-123.336363000000	-123.500354000000
-123.339597000000	-123.504117000000	-123.500354000000
-123.175065000000	-123.172361000000	-123.336363000000
-123.175065000000	-123.339597000000	-123.336363000000
-123.010526000000	-123.008351000000	-123.172361000000
-123.010526000000	-123.175065000000	-123.172361000000
-122.845978000000	-122.844334000000	-123.008351000000
-122.845978000000	-123.010526000000	-123.008351000000
-122.681426000000	-122.680311000000	-122.844334000000
-122.681426000000	-122.845978000000	-122.844334000000
-122.516285000000	-122.681426000000	-122.680311000000
-127.428577000000	-127.412352000000	-127.575016000000
-127.428577000000	-127.591756000000	-127.575016000000
-127.265346000000	-127.249635000000	-127.412352000000
-127.265346000000	-127.428577000000	-127.412352000000
-127.102064000000	-127.086869000000	-127.249635000000
-127.102064000000	-127.265346000000	-127.249635000000
-126.938733000000	-126.924053000000	-127.086869000000
-126.938733000000	-127.102064000000	-127.086869000000
-126.775354000000	-126.761191000000	-126.924053000000
-126.775354000000	-126.938733000000	-126.924053000000
-126.611929000000	-126.598284000000	-126.761191000000
-126.611929000000	-126.775354000000	-126.761191000000
-126.448460000000	-126.435333000000	-126.598284000000
-126.448460000000	-126.611929000000	-126.598284000000
-126.284948000000	-126.272339000000	-126.435333000000
-126.284948000000	-126.448460000000	-126.435333000000
-126.121395000000	-126.109306000000	-126.272339000000
-126.121395000000	-126.284948000000	-126.272339000000
-125.957803000000	-125.946233000000	-126.109306000000
-125.957803000000	-126.121395000000	-126.109306000000
-125.794174000000	-125.783124000000	-125.946233000000
-125.794174000000	-125.957803000000	-125.946233000000
-125.630508000000	-125.619979000000	-125.783124000000
-125.630508000000	-125.794174000000	-125.783124000000
-125.466808000000	-125.456800000000	-125.619979000000
-125.466808000000	-125.630508000000	-125.619979000000
-125.303076000000	-125.293589000000	-125.456800000000
-125.303076000000	-125.466808000000	-125.456800000000
-125.139313000000	-125.130347000000	-125.293589000000
-125.139313000000	-125.303076000000	-125.293589000000
-124.975520000000	-124.967077000000	-125.130347000000
-124.975520000000	-125.139313000000	-125.130347000000
-124.811700000000	-124.803779000000	-124.967077000000
-124.811700000000	-124.975520000000	-124.967077000000
-124.647854000000	-124.640456000000	-124.803779000000
-124.647854000000	-124.811700000000	-124.803779000000
-124.483984000000	-124.477110000000	-124.640456000000
-124.483984000000	-124.647854000000	-124.640456000000
-124.320092000000	-124.313741000000	-124.477110000000
-124.320092000000	-124.483984000000	-124.477110000000
-124.156179000000	-124.150351000000	-124.313741000000
-124.156179000000	-124.320092000000	-124.313741000000
-123.992247000000	-123.986943000000	-124.150351000000
-123.992247000000	-124.156179000000	-124.150351000000
-123.828298000000	-123.823518000000	-123.986943000000
-123.828298000000	-123.992247000000	-123.986943000000
-123.664333000000	-123.660078000000	-123.823518000000
-123.664333000000	-123.828298000000	-123.823518000000
-123.500354000000	-123.496623000000	-123.660078000000
-123.500354000000	-123.664333000000	-123.660078000000
-123.336363000000	-123.333157000000	-123.496623000000
-123.336363000000	-123.500354000000	-123.496623000000
-123.172361000000	-123.169680000000	-123.333157000000
-123.172361000000	-123.336363000000	-123.333157000000
-123.008351000000	-123.006195000000	-123.169680000000
-123.008351000000	-123.172361000000	-123.169680000000
-122.844334000000	-122.842703000000	-123.006195000000
-122.844334000000	-123.008351000000	-123.006195000000
-122.680311000000	-122.679206000000	-122.842703000000
-122.680311000000	-122.844334000000	-122.842703000000
-122.516285000000	-122.515705000000	-122.679206000000
-122.516285000000	-122.680311000000	-122.679206000000
-122.352256000000	-122.352202000000	-122.515705000000
-122.352256000000	-122.516285000000	-122.515705000000
-122.188228000000	-122.188699000000	-122.352202000000
-122.188228000000	-122.352256000000	-122.352202000000
-122.025197000000	-122.188228000000	-122.188699000000
-127.412352000000	-127.575016000000	-127.396268000000
-127.249635000000	-127.234061000000	-127.396268000000
-127.249635000000	-127.412352000000	-127.396268000000
-127.086869000000	-127.071806000000	-127.234061000000
-127.086869000000	-127.249635000000	-127.234061000000
-126.924053000000	-126.909502000000	-127.071806000000
-126.924053000000	-127.086869000000	-127.071806000000
-126.761191000000	-126.747152000000	-126.909502000000
-126.761191000000	-126.924053000000	-126.909502000000
-126.598284000000	-126.584758000000	-126.747152000000
-126.598284000000	-126.761191000000	-126.747152000000
-126.435333000000	-126.422320000000	-126.584758000000
-126.435333000000	-126.598284000000	-126.584758000000
-126.272339000000	-126.259841000000	-126.422320000000
-126.272339000000	-126.435333000000	-126.422320000000
-126.109306000000	-126.097322000000	-126.259841000000
-126.109306000000	-126.272339000000	-126.259841000000
-125.946233000000	-125.934764000000	-126.097322000000
-125.946233000000	-126.109306000000	-126.097322000000
-125.783124000000	-125.772170000000	-125.934764000000
-125.783124000000	-125.946233000000	-125.934764000000
-125.619979000000	-125.609541000000	-125.772170000000
-125.619979000000	-125.783124000000	-125.772170000000
-125.456800000000	-125.446878000000	-125.609541000000
-125.456800000000	-125.619979000000	-125.609541000000
-125.293589000000	-125.284184000000	-125.446878000000
-125.293589000000	-125.456800000000	-125.446878000000
-125.130347000000	-125.121460000000	-125.284184000000
-125.130347000000	-125.293589000000	-125.284184000000
-124.967077000000	-124.958707000000	-125.121460000000
-124.967077000000	-125.130347000000	-125.121460000000
-124.803779000000	-124.795928000000	-124.958707000000
-124.803779000000	-124.967077000000	-124.958707000000
-124.640456000000	-124.633123000000	-124.795928000000
-124.640456000000	-124.803779000000	-124.795928000000
-124.477110000000	-124.470295000000	-124.633123000000
-124.477110000000	-124.640456000000	-124.633123000000
-124.313741000000	-124.307445000000	-124.470295000000
-124.313741000000	-124.477110000000	-124.470295000000
-124.150351000000	-124.144575000000	-124.307445000000
-124.150351000000	-124.313741000000	-124.307445000000
-123.986943000000	-123.981686000000	-124.144575000000
-123.986943000000	-124.150351000000	-124.144575000000
-123.823518000000	-123.818781000000	-123.981686000000
-123.823518000000	-123.986943000000	-123.981686000000
-123.660078000000	-123.655860000000	-123.818781000000
-123.660078000000	-123.823518000000	-123.818781000000
-123.496623000000	-123.492926000000	-123.655860000000
-123.496623000000	-123.660078000000	-123.655860000000
-123.333157000000	-123.329980000000	-123.492926000000
-123.333157000000	-123.496623000000	-123.492926000000
-123.169680000000	-123.167023000000	-123.329980000000
-123.169680000000	-123.333157000000	-123.329980000000
-123.006195000000	-123.004059000000	-123.167023000000
-123.006195000000	-123.169680000000	-123.167023000000
-122.842703000000	-122.841087000000	-123.004059000000
-122.842703000000	-123.006195000000	-123.004059000000
-122.679206000000	-122.678110000000	-122.841087000000
-122.679206000000	-122.842703000000	-122.841087000000
-122.515705000000	-122.515130000000	-122.678110000000
-122.515705000000	-122.679206000000	-122.678110000000
-122.352202000000	-122.352148000000	-122.515130000000
-122.352202000000	-122.515705000000	-122.515130000000
-122.188699000000	-122.189165000000	-122.352148000000
-122.188699000000	-122.352202000000	-122.352148000000
-122.025197000000	-122.026184000000	-122.189165000000
-122.025197000000	-122.188699000000	-122.189165000000
-122.025197000000	-121.863207000000	-122.026184000000
-127.234061000000	-127.218623000000	-127.380323000000
-127.234061000000	-127.396268000000	-127.380323000000
-127.071806000000	-127.056874000000	-127.218623000000
-127.071806000000	-127.234061000000	-127.218623000000
-126.909502000000	-126.895078000000	-127.056874000000
-126.909502000000	-127.071806000000	-127.056874000000
-126.747152000000	-126.733236000000	-126.895078000000
-126.747152000000	-126.909502000000	-126.895078000000
-126.584758000000	-126.571350000000	-126.733236000000
-126.584758000000	-126.747152000000	-126.733236000000
-126.422320000000	-126.409421000000	-126.571350000000
-126.422320000000	-126.584758000000	-126.571350000000
-126.259841000000	-126.247451000000	-126.409421000000
-126.259841000000	-126.422320000000	-126.409421000000
-126.097322000000	-126.085442000000	-126.247451000000
-126.097322000000	-126.259841000000	-126.247451000000
-125.934764000000	-125.923395000000	-126.085442000000
-125.934764000000	-126.097322000000	-126.085442000000
-125.772170000000	-125.761312000000	-125.923395000000
-125.772170000000	-125.934764000000	-125.923395000000
-125.609541000000	-125.599194000000	-125.761312000000
-125.609541000000	-125.772170000000	-125.761312000000
-125.446878000000	-125.437044000000	-125.599194000000
-125.446878000000	-125.609541000000	-125.599194000000
-125.284184000000	-125.274862000000	-125.437044000000
-125.284184000000	-125.446878000000	-125.437044000000
-125.121460000000	-125.112651000000	-125.274862000000
-125.121460000000	-125.284184000000	-125.274862000000
-124.958707000000	-124.950411000000	-125.112651000000
-124.958707000000	-125.121460000000	-125.112651000000
-124.795928000000	-124.788145000000	-124.950411000000
-124.795928000000	-124.958707000000	-124.950411000000
-124.633123000000	-124.625854000000	-124.788145000000
-124.633123000000	-124.795928000000	-124.788145000000
-124.470295000000	-124.463540000000	-124.625854000000
-124.470295000000	-124.633123000000	-124.625854000000
-124.307445000000	-124.301204000000	-124.463540000000
-124.307445000000	-124.470295000000	-124.463540000000
-124.144575000000	-124.138849000000	-124.301204000000
-124.144575000000	-124.307445000000	-124.301204000000
-123.981686000000	-123.976475000000	-124.138849000000
-123.981686000000	-124.144575000000	-124.138849000000
-123.818781000000	-123.814085000000	-123.976475000000
-123.818781000000	-123.981686000000	-123.976475000000
-123.655860000000	-123.651679000000	-123.814085000000
-123.655860000000	-123.818781000000	-123.814085000000
-123.492926000000	-123.489260000000	-123.651679000000
-123.492926000000	-123.655860000000	-123.651679000000
-123.329980000000	-123.326830000000	-123.489260000000
-123.329980000000	-123.492926000000	-123.489260000000
-123.167023000000	-123.164390000000	-123.326830000000
-123.167023000000	-123.329980000000	-123.326830000000
-123.004059000000	-123.001941000000	-123.164390000000
-123.004059000000	-123.167023000000	-123.164390000000
-122.841087000000	-122.839485000000	-123.001941000000
-122.841087000000	-123.004059000000	-123.001941000000
-122.678110000000	-122.677024000000	-122.839485000000
-122.678110000000	-122.841087000000	-122.839485000000
-122.515130000000	-122.514560000000	-122.677024000000
-122.515130000000	-122.678110000000	-122.677024000000
-122.352148000000	-122.352094000000	-122.514560000000
-122.352148000000	-122.515130000000	-122.514560000000
-122.189165000000	-122.189627000000	-122.352094000000
-122.189165000000	-122.352148000000	-122.352094000000
-122.026184000000	-122.027163000000	-122.189627000000
-122.026184000000	-122.189165000000	-122.189627000000
-121.863207000000	-121.864701000000	-122.027163000000
-121.863207000000	-122.026184000000	-122.027163000000
-121.863207000000	-121.702244000000	-121.864701000000
-127.056874000000	-127.218623000000	-127.042072000000
-126.895078000000	-126.880779000000	-127.042072000000
-126.895078000000	-127.056874000000	-127.042072000000
-126.733236000000	-126.719440000000	-126.880779000000
-126.733236000000	-126.895078000000	-126.880779000000
-126.571350000000	-126.558058000000	-126.719440000000
-126.571350000000	-126.733236000000	-126.719440000000
-126.409421000000	-126.396634000000	-126.558058000000
-126.409421000000	-126.571350000000	-126.558058000000
-126.247451000000	-126.235169000000	-126.396634000000
-126.247451000000	-126.409421000000	-126.396634000000
-126.085442000000	-126.073666000000	-126.235169000000
-126.085442000000	-126.247451000000	-126.235169000000
-125.923395000000	-125.912125000000	-126.073666000000
-125.923395000000	-126.085442000000	-126.073666000000
-125.761312000000	-125.750549000000	-125.912125000000
-125.761312000000	-125.923395000000	-125.912125000000
-125.599194000000	-125.588938000000	-125.750549000000
-125.599194000000	-125.761312000000	-125.750549000000
-125.437044000000	-125.427295000000	-125.588938000000
-125.437044000000	-125.599194000000	-125.588938000000
-125.274862000000	-125.265621000000	-125.427295000000
-125.274862000000	-125.437044000000	-125.427295000000
-125.112651000000	-125.103918000000	-125.265621000000
-125.112651000000	-125.274862000000	-125.265621000000
-124.950411000000	-124.942187000000	-125.103918000000
-124.950411000000	-125.112651000000	-125.103918000000
-124.788145000000	-124.780430000000	-124.942187000000
-124.788145000000	-124.950411000000	-124.942187000000
-124.625854000000	-124.618648000000	-124.780430000000
-124.625854000000	-124.788145000000	-124.780430000000
-124.463540000000	-124.456844000000	-124.618648000000
-124.463540000000	-124.625854000000	-124.618648000000
-124.301204000000	-124.295018000000	-124.456844000000
-124.301204000000	-124.463540000000	-124.456844000000
-124.138849000000	-124.133173000000	-124.295018000000
-124.138849000000	-124.301204000000	-124.295018000000
-123.976475000000	-123.971309000000	-124.133173000000
-123.976475000000	-124.138849000000	-124.133173000000
-123.814085000000	-123.809430000000	-123.971309000000
-123.814085000000	-123.976475000000	-123.971309000000
-123.651679000000	-123.647535000000	-123.809430000000
-123.651679000000	-123.814085000000	-123.809430000000
-123.489260000000	-123.485627000000	-123.647535000000
-123.489260000000	-123.651679000000	-123.647535000000
-123.326830000000	-123.323708000000	-123.485627000000
-123.326830000000	-123.489260000000	-123.485627000000
-123.164390000000	-123.161779000000	-123.323708000000
-123.164390000000	-123.326830000000	-123.323708000000
-123.001941000000	-122.999841000000	-123.161779000000
-123.001941000000	-123.164390000000	-123.161779000000
-122.839485000000	-122.837897000000	-122.999841000000
-122.839485000000	-123.001941000000	-122.999841000000
-122.677024000000	-122.675948000000	-122.837897000000
-122.677024000000	-122.839485000000	-122.837897000000
-122.514560000000	-122.513995000000	-122.675948000000
-122.514560000000	-122.677024000000	-122.675948000000
-122.352094000000	-122.352040000000	-122.513995000000
-122.352094000000	-122.514560000000	-122.513995000000
-122.189627000000	-122.190086000000	-122.352040000000
-122.189627000000	-122.352094000000	-122.352040000000
-122.027163000000	-122.028133000000	-122.190086000000
-122.027163000000	-122.189627000000	-122.190086000000
-121.864701000000	-121.866182000000	-122.028133000000
-121.864701000000	-122.027163000000	-122.028133000000
-121.702244000000	-121.704237000000	-121.866182000000
-121.702244000000	-121.864701000000	-121.866182000000
-121.702244000000	-121.542298000000	-121.704237000000
-126.880779000000	-127.042072000000	-126.866604000000
-126.719440000000	-126.705764000000	-126.866604000000
-126.719440000000	-126.880779000000	-126.866604000000
-126.558058000000	-126.544882000000	-126.705764000000
-126.558058000000	-126.719440000000	-126.705764000000
-126.396634000000	-126.383958000000	-126.544882000000
-126.396634000000	-126.558058000000	-126.544882000000
-126.235169000000	-126.222994000000	-126.383958000000
-126.235169000000	-126.396634000000	-126.383958000000
-126.073666000000	-126.061992000000	-126.222994000000
-126.073666000000	-126.235169000000	-126.222994000000
-125.912125000000	-125.900953000000	-126.061992000000
-125.912125000000	-126.073666000000	-126.061992000000
-125.750549000000	-125.739879000000	-125.900953000000
-125.750549000000	-125.912125000000	-125.900953000000
-125.588938000000	-125.578771000000	-125.739879000000
-125.588938000000	-125.750549000000	-125.739879000000
-125.427295000000	-125.417631000000	-125.578771000000
-125.427295000000	-125.588938000000	-125.578771000000
-125.265621000000	-125.256460000000	-125.417631000000
-125.265621000000	-125.427295000000	-125.417631000000
-125.103918000000	-125.095261000000	-125.256460000000
-125.103918000000	-125.265621000000	-125.256460000000
-124.942187000000	-124.934034000000	-125.095261000000
-124.942187000000	-125.103918000000	-125.095261000000
-124.780430000000	-124.772782000000	-124.934034000000
-124.780430000000	-124.942187000000	-124.934034000000
-124.618648000000	-124.611505000000	-124.772782000000
-124.618648000000	-124.780430000000	-124.772782000000
-124.456844000000	-124.450206000000	-124.611505000000
-124.456844000000	-124.618648000000	-124.611505000000
-124.295018000000	-124.288886000000	-124.450206000000
-124.295018000000	-124.456844000000	-124.450206000000
-124.133173000000	-124.127546000000	-124.288886000000
-124.133173000000	-124.295018000000	-124.288886000000
-123.971309000000	-123.966189000000	-124.127546000000
-123.971309000000	-124.133173000000	-124.127546000000
-123.809430000000	-123.804815000000	-123.966189000000
-123.809430000000	-123.971309000000	-123.966189000000
-123.647535000000	-123.643427000000	-123.804815000000
-123.647535000000	-123.809430000000	-123.804815000000
-123.485627000000	-123.482025000000	-123.643427000000
-123.485627000000	-123.647535000000	-123.643427000000
-123.323708000000	-123.320613000000	-123.482025000000
-123.323708000000	-123.485627000000	-123.482025000000
-123.161779000000	-123.159190000000	-123.320613000000
-123.161779000000	-123.323708000000	-123.320613000000
-122.999841000000	-122.997760000000	-123.159190000000
-122.999841000000	-123.161779000000	-123.159190000000
-122.837897000000	-122.836323000000	-122.997760000000
-122.837897000000	-122.999841000000	-122.997760000000
-122.675948000000	-122.674880000000	-122.836323000000
-122.675948000000	-122.837897000000	-122.836323000000
-122.513995000000	-122.513435000000	-122.674880000000
-122.513995000000	-122.675948000000	-122.674880000000
-122.352040000000	-122.351988000000	-122.513435000000
-122.352040000000	-122.513995000000	-122.513435000000
-122.190086000000	-122.190540000000	-122.351988000000
-122.190086000000	-122.352040000000	-122.351988000000
-122.028133000000	-122.029094000000	-122.190540000000
-122.028133000000	-122.190086000000	-122.190540000000
-121.866182000000	-121.867651000000	-122.029094000000
-121.866182000000	-122.028133000000	-122.029094000000
-121.704237000000	-121.706213000000	-121.867651000000
-121.704237000000	-121.866182000000	-121.867651000000
-121.542298000000	-121.544781000000	-121.706213000000
-121.542298000000	-121.704237000000	-121.706213000000
-121.383356000000	-121.542298000000	-121.544781000000
-126.705764000000	-126.866604000000	-126.692207000000
-126.544882000000	-126.531819000000	-126.692207000000
-126.544882000000	-126.705764000000	-126.692207000000
-126.383958000000	-126.371391000000	-126.531819000000
-126.383958000000	-126.544882000000	-126.531819000000
-126.222994000000	-126.210924000000	-126.371391000000
-126.222994000000	-126.383958000000	-126.371391000000
-126.061992000000	-126.050419000000	-126.210924000000
-126.061992000000	-126.222994000000	-126.210924000000
-125.900953000000	-125.889877000000	-126.050419000000
-125.900953000000	-126.061992000000	-126.050419000000
-125.739879000000	-125.729301000000	-125.889877000000
-125.739879000000	-125.900953000000	-125.889877000000
-125.578771000000	-125.568691000000	-125.729301000000
-125.578771000000	-125.739879000000	-125.729301000000
-125.417631000000	-125.408050000000	-125.568691000000
-125.417631000000	-125.578771000000	-125.568691000000
-125.256460000000	-125.247379000000	-125.408050000000
-125.256460000000	-125.417631000000	-125.408050000000
-125.095261000000	-125.086679000000	-125.247379000000
-125.095261000000	-125.256460000000	-125.247379000000
-124.934034000000	-124.925952000000	-125.086679000000
-124.934034000000	-125.095261000000	-125.086679000000
-124.772782000000	-124.765200000000	-124.925952000000
-124.772782000000	-124.934034000000	-124.925952000000
-124.611505000000	-124.604424000000	-124.765200000000
-124.611505000000	-124.772782000000	-124.765200000000
-124.450206000000	-124.443625000000	-124.604424000000
-124.450206000000	-124.611505000000	-124.604424000000
-124.288886000000	-124.282806000000	-124.443625000000
-124.288886000000	-124.450206000000	-124.443625000000
-124.127546000000	-124.121968000000	-124.282806000000
-124.127546000000	-124.288886000000	-124.282806000000
-123.966189000000	-123.961112000000	-124.121968000000
-123.966189000000	-124.127546000000	-124.121968000000
-123.804815000000	-123.800240000000	-123.961112000000
-123.804815000000	-123.966189000000	-123.961112000000
-123.643427000000	-123.639354000000	-123.800240000000
-123.643427000000	-123.804815000000	-123.800240000000
-123.482025000000	-123.478455000000	-123.639354000000
-123.482025000000	-123.643427000000	-123.639354000000
-123.320613000000	-123.317545000000	-123.478455000000
-123.320613000000	-123.482025000000	-123.478455000000
-123.159190000000	-123.156625000000	-123.317545000000
-123.159190000000	-123.320613000000	-123.317545000000
-122.997760000000	-122.995697000000	-123.156625000000
-122.997760000000	-123.159190000000	-123.156625000000
-122.836323000000	-122.834762000000	-122.995697000000
-122.836323000000	-122.997760000000	-122.995697000000
-122.674880000000	-122.673823000000	-122.834762000000
-122.674880000000	-122.836323000000	-122.834762000000
-122.513435000000	-122.512880000000	-122.673823000000
-122.513435000000	-122.674880000000	-122.673823000000
-122.351988000000	-122.351935000000	-122.512880000000
-122.351988000000	-122.513435000000	-122.512880000000
-122.190540000000	-122.190990000000	-122.351935000000
-122.190540000000	-122.351988000000	-122.351935000000
-122.029094000000	-122.030047000000	-122.190990000000
-122.029094000000	-122.190540000000	-122.190990000000
-121.867651000000	-121.869107000000	-122.030047000000
-121.867651000000	-122.029094000000	-122.030047000000
-121.706213000000	-121.708171000000	-121.869107000000
-121.706213000000	-121.867651000000	-121.869107000000
-121.544781000000	-121.547242000000	-121.708171000000
-121.544781000000	-121.706213000000	-121.708171000000
-121.383356000000	-121.386320000000	-121.547242000000
-121.383356000000	-121.544781000000	-121.547242000000
-121.225407000000	-121.383356000000	-121.386320000000
-126.531819000000	-126.518870000000	-126.692207000000
-126.371391000000	-126.358933000000	-126.518870000000
-126.371391000000	-126.531819000000	-126.518870000000
-126.210924000000	-126.198958000000	-126.358933000000
-126.210924000000	-126.371391000000	-126.358933000000
-126.050419000000	-126.038946000000	-126.198958000000
-126.050419000000	-126.210924000000	-126.198958000000
-125.889877000000	-125.878897000000	-126.038946000000
-125.889877000000	-126.050419000000	-126.038946000000
-125.729301000000	-125.718815000000	-125.878897000000
-125.729301000000	-125.889877000000	-125.878897000000
-125.568691000000	-125.558699000000	-125.718815000000
-125.568691000000	-125.729301000000	-125.718815000000
-125.408050000000	-125.398552000000	-125.558699000000
-125.408050000000	-125.568691000000	-125.558699000000
-125.247379000000	-125.238376000000	-125.398552000000
-125.247379000000	-125.408050000000	-125.398552000000
-125.086679000000	-125.078171000000	-125.238376000000
-125.086679000000	-125.247379000000	-125.238376000000
-124.925952000000	-124.917940000000	-125.078171000000
-124.925952000000	-125.086679000000	-125.078171000000
-124.765200000000	-124.757684000000	-124.917940000000
-124.765200000000	-124.925952000000	-124.917940000000
-124.604424000000	-124.597404000000	-124.757684000000
-124.604424000000	-124.765200000000	-124.757684000000
-124.443625000000	-124.437102000000	-124.597404000000
-124.443625000000	-124.604424000000	-124.597404000000
-124.282806000000	-124.276780000000	-124.437102000000
-124.282806000000	-124.443625000000	-124.437102000000
-124.121968000000	-124.116438000000	-124.276780000000
-124.121968000000	-124.282806000000	-124.276780000000
-123.961112000000	-123.956080000000	-124.116438000000
-123.961112000000	-124.121968000000	-124.116438000000
-123.800240000000	-123.795705000000	-123.956080000000
-123.800240000000	-123.961112000000	-123.956080000000
-123.639354000000	-123.635317000000	-123.795705000000
-123.639354000000	-123.800240000000	-123.795705000000
-123.478455000000	-123.474916000000	-123.635317000000
-123.478455000000	-123.639354000000	-123.635317000000
-123.317545000000	-123.314503000000	-123.474916000000
-123.317545000000	-123.478455000000	-123.474916000000
-123.156625000000	-123.154081000000	-123.314503000000
-123.156625000000	-123.317545000000	-123.314503000000
-122.995697000000	-122.993651000000	-123.154081000000
-122.995697000000	-123.156625000000	-123.154081000000
-122.834762000000	-122.833215000000	-122.993651000000
-122.834762000000	-122.995697000000	-122.993651000000
-122.673823000000	-122.672774000000	-122.833215000000
-122.673823000000	-122.834762000000	-122.833215000000
-122.512880000000	-122.512329000000	-122.672774000000
-122.512880000000	-122.673823000000	-122.672774000000
-122.351935000000	-122.351883000000	-122.512329000000
-122.351935000000	-122.512880000000	-122.512329000000
-122.190990000000	-122.191437000000	-122.351883000000
-122.190990000000	-122.351935000000	-122.351883000000
-122.030047000000	-122.030992000000	-122.191437000000
-122.030047000000	-122.190990000000	-122.191437000000
-121.869107000000	-121.870550000000	-122.030992000000
-121.869107000000	-122.030047000000	-122.030992000000
-121.708171000000	-121.710113000000	-121.870550000000
-121.708171000000	-121.869107000000	-121.870550000000
-121.547242000000	-121.549681000000	-121.710113000000
-121.547242000000	-121.708171000000	-121.710113000000
-121.386320000000	-121.389258000000	-121.549681000000
-121.386320000000	-121.547242000000	-121.549681000000
-121.225407000000	-121.228843000000	-121.389258000000
-121.225407000000	-121.386320000000	-121.389258000000
-126.358933000000	-126.346583000000	-126.506032000000
-126.358933000000	-126.518870000000	-126.506032000000
-126.198958000000	-126.187096000000	-126.346583000000
-126.198958000000	-126.358933000000	-126.346583000000
-126.038946000000	-126.027572000000	-126.187096000000
-126.038946000000	-126.198958000000	-126.187096000000
-125.878897000000	-125.868012000000	-126.027572000000
-125.878897000000	-126.038946000000	-126.027572000000
-125.718815000000	-125.708419000000	-125.868012000000
-125.718815000000	-125.878897000000	-125.868012000000
-125.558699000000	-125.548793000000	-125.708419000000
-125.558699000000	-125.718815000000	-125.708419000000
-125.398552000000	-125.389137000000	-125.548793000000
-125.398552000000	-125.558699000000	-125.548793000000
-125.238376000000	-125.229451000000	-125.389137000000
-125.238376000000	-125.398552000000	-125.389137000000
-125.078171000000	-125.069737000000	-125.229451000000
-125.078171000000	-125.238376000000	-125.229451000000
-124.917940000000	-124.909997000000	-125.069737000000
-124.917940000000	-125.078171000000	-125.069737000000
-124.757684000000	-124.750232000000	-124.909997000000
-124.757684000000	-124.917940000000	-124.909997000000
-124.597404000000	-124.590444000000	-124.750232000000
-124.597404000000	-124.757684000000	-124.750232000000
-124.437102000000	-124.430635000000	-124.590444000000
-124.437102000000	-124.597404000000	-124.590444000000
-124.276780000000	-124.270805000000	-124.430635000000
-124.276780000000	-124.437102000000	-124.430635000000
-124.116438000000	-124.110956000000	-124.270805000000
-124.116438000000	-124.276780000000	-124.270805000000
-123.956080000000	-123.951091000000	-124.110956000000
-123.956080000000	-124.116438000000	-124.110956000000
-123.795705000000	-123.791210000000	-123.951091000000
-123.795705000000	-123.956080000000	-123.951091000000
-123.635317000000	-123.631314000000	-123.791210000000
-123.635317000000	-123.795705000000	-123.791210000000
-123.474916000000	-123.471407000000	-123.631314000000
-123.474916000000	-123.635317000000	-123.631314000000
-123.314503000000	-123.311488000000	-123.471407000000
-123.314503000000	-123.474916000000	-123.471407000000
-123.154081000000	-123.151560000000	-123.311488000000
-123.154081000000	-123.314503000000	-123.311488000000
-122.993651000000	-122.991624000000	-123.151560000000
-122.993651000000	-123.154081000000	-123.151560000000
-122.833215000000	-122.831681000000	-122.991624000000
-122.833215000000	-122.993651000000	-122.991624000000
-122.672774000000	-122.671734000000	-122.831681000000
-122.672774000000	-122.833215000000	-122.831681000000
-122.512329000000	-122.511784000000	-122.671734000000
-122.512329000000	-122.672774000000	-122.671734000000
-122.351883000000	-122.351832000000	-122.511784000000
-122.351883000000	-122.512329000000	-122.511784000000
-122.191437000000	-122.191880000000	-122.351832000000
-122.191437000000	-122.351883000000	-122.351832000000
-122.030992000000	-122.031929000000	-122.191880000000
-122.030992000000	-122.191437000000	-122.191880000000
-121.870550000000	-121.871981000000	-122.031929000000
-121.870550000000	-122.030992000000	-122.031929000000
-121.710113000000	-121.712037000000	-121.871981000000
-121.710113000000	-121.870550000000	-121.871981000000
-121.552100000000	-121.549681000000	-121.712037000000
-121.549681000000	-121.710113000000	-121.712037000000
-121.392170000000	-121.389258000000	-121.552100000000
-121.389258000000	-121.552100000000	-121.549681000000
-121.232249000000	-121.228843000000	-121.392170000000
-121.228843000000	-121.392170000000	-121.389258000000
-126.346583000000	-126.334338000000	-126.506032000000
-126.187096000000	-126.175335000000	-126.334338000000
-126.187096000000	-126.346583000000	-126.334338000000
-126.027572000000	-126.016295000000	-126.175335000000
-126.027572000000	-126.187096000000	-126.175335000000
-125.868012000000	-125.857220000000	-126.016295000000
-125.868012000000	-126.027572000000	-126.016295000000
-125.708419000000	-125.698112000000	-125.857220000000
-125.708419000000	-125.868012000000	-125.857220000000
-125.548793000000	-125.538972000000	-125.698112000000
-125.548793000000	-125.708419000000	-125.698112000000
-125.389137000000	-125.379802000000	-125.538972000000
-125.389137000000	-125.548793000000	-125.538972000000
-125.229451000000	-125.220602000000	-125.379802000000
-125.229451000000	-125.389137000000	-125.379802000000
-125.069737000000	-125.061375000000	-125.220602000000
-125.069737000000	-125.229451000000	-125.220602000000
-124.909997000000	-124.902123000000	-125.061375000000
-124.909997000000	-125.069737000000	-125.061375000000
-124.750232000000	-124.742845000000	-124.902123000000
-124.750232000000	-124.909997000000	-124.902123000000
-124.590444000000	-124.583545000000	-124.742845000000
-124.590444000000	-124.750232000000	-124.742845000000
-124.430635000000	-124.424223000000	-124.583545000000
-124.430635000000	-124.590444000000	-124.583545000000
-124.270805000000	-124.264882000000	-124.424223000000
-124.270805000000	-124.430635000000	-124.424223000000
-124.110956000000	-124.105522000000	-124.264882000000
-124.110956000000	-124.270805000000	-124.264882000000
-123.951091000000	-123.946145000000	-124.105522000000
-123.951091000000	-124.110956000000	-124.105522000000
-123.791210000000	-123.786752000000	-123.946145000000
-123.791210000000	-123.951091000000	-123.946145000000
-123.631314000000	-123.627346000000	-123.786752000000
-123.631314000000	-123.791210000000	-123.786752000000
-123.471407000000	-123.467928000000	-123.627346000000
-123.471407000000	-123.631314000000	-123.627346000000
-123.311488000000	-123.308499000000	-123.467928000000
-123.311488000000	-123.471407000000	-123.467928000000
-123.151560000000	-123.149060000000	-123.308499000000
-123.151560000000	-123.311488000000	-123.308499000000
-122.991624000000	-122.989614000000	-123.149060000000
-122.991624000000	-123.151560000000	-123.149060000000
-122.831681000000	-122.830161000000	-122.989614000000
-122.831681000000	-122.991624000000	-122.989614000000
-122.671734000000	-122.670704000000	-122.830161000000
-122.671734000000	-122.831681000000	-122.830161000000
-122.511784000000	-122.511243000000	-122.670704000000
-122.511784000000	-122.671734000000	-122.670704000000
-122.351832000000	-122.351781000000	-122.511243000000
-122.351832000000	-122.511784000000	-122.511243000000
-122.191880000000	-122.192318000000	-122.351781000000
-122.191880000000	-122.351832000000	-122.351781000000
-122.032857000000	-122.031929000000	-122.192318000000
-122.031929000000	-122.191880000000	-122.192318000000
-121.873399000000	-121.871981000000	-122.032857000000
-121.871981000000	-122.032857000000	-122.031929000000
-121.713945000000	-121.712037000000	-121.873399000000
-121.712037000000	-121.873399000000	-121.871981000000
-121.554498000000	-121.552100000000	-121.713945000000
-121.552100000000	-121.713945000000	-121.712037000000
-121.395057000000	-121.392170000000	-121.554498000000
-121.392170000000	-121.554498000000	-121.552100000000
-121.232249000000	-121.395057000000	-121.392170000000
-126.175335000000	-126.163675000000	-126.322199000000
-126.175335000000	-126.334338000000	-126.322199000000
-126.016295000000	-126.005115000000	-126.163675000000
-126.016295000000	-126.175335000000	-126.163675000000
-125.857220000000	-125.846521000000	-126.005115000000
-125.857220000000	-126.016295000000	-126.005115000000
-125.698112000000	-125.687894000000	-125.846521000000
-125.698112000000	-125.857220000000	-125.846521000000
-125.538972000000	-125.529236000000	-125.687894000000
-125.538972000000	-125.698112000000	-125.687894000000
-125.379802000000	-125.370547000000	-125.529236000000
-125.379802000000	-125.538972000000	-125.529236000000
-125.220602000000	-125.211830000000	-125.370547000000
-125.220602000000	-125.379802000000	-125.370547000000
-125.061375000000	-125.053086000000	-125.211830000000
-125.061375000000	-125.220602000000	-125.211830000000
-124.902123000000	-124.894316000000	-125.053086000000
-124.902123000000	-125.061375000000	-125.053086000000
-124.742845000000	-124.735522000000	-124.894316000000
-124.742845000000	-124.902123000000	-124.894316000000
-124.583545000000	-124.576705000000	-124.735522000000
-124.583545000000	-124.742845000000	-124.735522000000
-124.424223000000	-124.417867000000	-124.576705000000
-124.424223000000	-124.583545000000	-124.576705000000
-124.264882000000	-124.259009000000	-124.417867000000
-124.264882000000	-124.424223000000	-124.417867000000
-124.105522000000	-124.100134000000	-124.259009000000
-124.105522000000	-124.264882000000	-124.259009000000
-123.946145000000	-123.941241000000	-124.100134000000
-123.946145000000	-124.105522000000	-124.100134000000
-123.786752000000	-123.782334000000	-123.941241000000
-123.786752000000	-123.946145000000	-123.941241000000
-123.627346000000	-123.623413000000	-123.782334000000
-123.627346000000	-123.786752000000	-123.782334000000
-123.467928000000	-123.464479000000	-123.623413000000
-123.467928000000	-123.627346000000	-123.623413000000
-123.308499000000	-123.305535000000	-123.464479000000
-123.308499000000	-123.467928000000	-123.464479000000
-123.149060000000	-123.146582000000	-123.305535000000
-123.149060000000	-123.308499000000	-123.305535000000
-122.989614000000	-122.987621000000	-123.146582000000
-122.989614000000	-123.149060000000	-123.146582000000
-122.830161000000	-122.828654000000	-122.987621000000
-122.830161000000	-122.989614000000	-122.987621000000
-122.670704000000	-122.669682000000	-122.828654000000
-122.670704000000	-122.830161000000	-122.828654000000
-122.511243000000	-122.510707000000	-122.669682000000
-122.511243000000	-122.670704000000	-122.669682000000
-122.351781000000	-122.351730000000	-122.510707000000
-122.351781000000	-122.511243000000	-122.510707000000
-122.192753000000	-122.192318000000	-122.351730000000
-122.192318000000	-122.351781000000	-122.351730000000
-122.033778000000	-122.032857000000	-122.192753000000
-122.032857000000	-122.192753000000	-122.192318000000
-121.874805000000	-121.873399000000	-122.033778000000
-121.873399000000	-122.033778000000	-122.032857000000
-121.715837000000	-121.713945000000	-121.874805000000
-121.713945000000	-121.874805000000	-121.873399000000
-121.556875000000	-121.554498000000	-121.715837000000
-121.554498000000	-121.715837000000	-121.713945000000
-121.397920000000	-121.395057000000	-121.556875000000
-121.395057000000	-121.556875000000	-121.554498000000
-126.163675000000	-126.152115000000	-126.322199000000
-126.005115000000	-125.994031000000	-126.152115000000
-126.005115000000	-126.163675000000	-126.152115000000
-125.846521000000	-125.835914000000	-125.994031000000
-125.846521000000	-126.005115000000	-125.994031000000
-125.687894000000	-125.677764000000	-125.835914000000
-125.687894000000	-125.846521000000	-125.835914000000
-125.529236000000	-125.519583000000	-125.677764000000
-125.529236000000	-125.687894000000	-125.677764000000
-125.370547000000	-125.361372000000	-125.519583000000
-125.370547000000	-125.529236000000	-125.519583000000
-125.211830000000	-125.203133000000	-125.361372000000
-125.211830000000	-125.370547000000	-125.361372000000
-125.053086000000	-125.044867000000	-125.203133000000
-125.053086000000	-125.211830000000	-125.203133000000
-124.894316000000	-124.886576000000	-125.044867000000
-124.894316000000	-125.053086000000	-125.044867000000
-124.735522000000	-124.728261000000	-124.886576000000
-124.735522000000	-124.894316000000	-124.886576000000
-124.576705000000	-124.569923000000	-124.728261000000
-124.576705000000	-124.735522000000	-124.728261000000
-124.417867000000	-124.411565000000	-124.569923000000
-124.417867000000	-124.576705000000	-124.569923000000
-124.259009000000	-124.253187000000	-124.411565000000
-124.259009000000	-124.417867000000	-124.411565000000
-124.100134000000	-124.094792000000	-124.253187000000
-124.100134000000	-124.259009000000	-124.253187000000
-123.941241000000	-123.936380000000	-124.094792000000
-123.941241000000	-124.100134000000	-124.094792000000
-123.782334000000	-123.777953000000	-123.936380000000
-123.782334000000	-123.941241000000	-123.936380000000
-123.623413000000	-123.619512000000	-123.777953000000
-123.623413000000	-123.782334000000	-123.777953000000
-123.464479000000	-123.461060000000	-123.619512000000
-123.464479000000	-123.623413000000	-123.619512000000
-123.305535000000	-123.302597000000	-123.461060000000
-123.305535000000	-123.464479000000	-123.461060000000
-123.146582000000	-123.144125000000	-123.302597000000
-123.146582000000	-123.305535000000	-123.302597000000
-122.987621000000	-122.985645000000	-123.144125000000
-122.987621000000	-123.146582000000	-123.144125000000
-122.828654000000	-122.827159000000	-122.985645000000
-122.828654000000	-122.987621000000	-122.985645000000
-122.669682000000	-122.668669000000	-122.827159000000
-122.669682000000	-122.828654000000	-122.827159000000
-122.510707000000	-122.510175000000	-122.668669000000
-122.510707000000	-122.669682000000	-122.668669000000
-122.351680000000	-122.351730000000	-122.510175000000
-122.351730000000	-122.510707000000	-122.510175000000
-122.193185000000	-122.192753000000	-122.351680000000
-122.192753000000	-122.351680000000	-122.351730000000
-122.034691000000	-122.033778000000	-122.193185000000
-122.033778000000	-122.193185000000	-122.192753000000
-121.876199000000	-121.874805000000	-122.034691000000
-121.874805000000	-122.034691000000	-122.033778000000
-121.717713000000	-121.715837000000	-121.876199000000
-121.715837000000	-121.876199000000	-121.874805000000
-121.559231000000	-121.556875000000	-121.717713000000
-121.556875000000	-121.717713000000	-121.715837000000
-121.400758000000	-121.397920000000	-121.559231000000
-121.397920000000	-121.559231000000	-121.556875000000
-125.994031000000	-125.983042000000	-126.140653000000
-125.994031000000	-126.152115000000	-126.140653000000
-125.835914000000	-125.825397000000	-125.983042000000
-125.835914000000	-125.994031000000	-125.983042000000
-125.677764000000	-125.667720000000	-125.825397000000
-125.677764000000	-125.835914000000	-125.825397000000
-125.519583000000	-125.510012000000	-125.667720000000
-125.519583000000	-125.677764000000	-125.667720000000
-125.361372000000	-125.352275000000	-125.510012000000
-125.361372000000	-125.519583000000	-125.510012000000
-125.203133000000	-125.194510000000	-125.352275000000
-125.203133000000	-125.361372000000	-125.352275000000
-125.044867000000	-125.036718000000	-125.194510000000
-125.044867000000	-125.203133000000	-125.194510000000
-124.886576000000	-124.878902000000	-125.036718000000
-124.886576000000	-125.044867000000	-125.036718000000
-124.728261000000	-124.721062000000	-124.878902000000
-124.728261000000	-124.886576000000	-124.878902000000
-124.569923000000	-124.563200000000	-124.721062000000
-124.569923000000	-124.728261000000	-124.721062000000
-124.411565000000	-124.405317000000	-124.563200000000
-124.411565000000	-124.569923000000	-124.563200000000
-124.253187000000	-124.247415000000	-124.405317000000
-124.253187000000	-124.411565000000	-124.405317000000
-124.094792000000	-124.089496000000	-124.247415000000
-124.094792000000	-124.253187000000	-124.247415000000
-123.936380000000	-123.931560000000	-124.089496000000
-123.936380000000	-124.094792000000	-124.089496000000
-123.777953000000	-123.773610000000	-123.931560000000
-123.777953000000	-123.936380000000	-123.931560000000
-123.619512000000	-123.615646000000	-123.773610000000
-123.619512000000	-123.777953000000	-123.773610000000
-123.461060000000	-123.457670000000	-123.615646000000
-123.461060000000	-123.619512000000	-123.615646000000
-123.302597000000	-123.299684000000	-123.457670000000
-123.302597000000	-123.461060000000	-123.457670000000
-123.144125000000	-123.141689000000	-123.299684000000
-123.144125000000	-123.302597000000	-123.299684000000
-122.985645000000	-122.983686000000	-123.141689000000
-122.985645000000	-123.144125000000	-123.141689000000
-122.827159000000	-122.825678000000	-122.983686000000
-122.827159000000	-122.985645000000	-122.983686000000
-122.667664000000	-122.668669000000	-122.825678000000
-122.668669000000	-122.827159000000	-122.825678000000
-122.509648000000	-122.510175000000	-122.667664000000
-122.510175000000	-122.667664000000	-122.668669000000
-122.351630000000	-122.351680000000	-122.509648000000
-122.351680000000	-122.509648000000	-122.510175000000
-122.193612000000	-122.193185000000	-122.351630000000
-122.193185000000	-122.351630000000	-122.351680000000
-122.035596000000	-122.034691000000	-122.193612000000
-122.034691000000	-122.193612000000	-122.193185000000
-121.877582000000	-121.876199000000	-122.035596000000
-121.876199000000	-122.035596000000	-122.034691000000
-121.719572000000	-121.717713000000	-121.877582000000
-121.717713000000	-121.877582000000	-121.876199000000
-121.561568000000	-121.559231000000	-121.719572000000
-121.559231000000	-121.719572000000	-121.717713000000
-121.403571000000	-121.400758000000	-121.561568000000
-121.400758000000	-121.561568000000	-121.559231000000
-125.983042000000	-125.972146000000	-126.129289000000
-125.983042000000	-126.140653000000	-126.129289000000
-125.825397000000	-125.814970000000	-125.972146000000
-125.825397000000	-125.983042000000	-125.972146000000
-125.667720000000	-125.657761000000	-125.814970000000
-125.667720000000	-125.825397000000	-125.814970000000
-125.510012000000	-125.500523000000	-125.657761000000
-125.510012000000	-125.667720000000	-125.657761000000
-125.352275000000	-125.343255000000	-125.500523000000
-125.352275000000	-125.510012000000	-125.500523000000
-125.194510000000	-125.185960000000	-125.343255000000
-125.194510000000	-125.352275000000	-125.343255000000
-125.036718000000	-125.028639000000	-125.185960000000
-125.036718000000	-125.194510000000	-125.185960000000
-124.878902000000	-124.871293000000	-125.028639000000
-124.878902000000	-125.036718000000	-125.028639000000
-124.721062000000	-124.713924000000	-124.871293000000
-124.721062000000	-124.878902000000	-124.871293000000
-124.563200000000	-124.556534000000	-124.713924000000
-124.563200000000	-124.721062000000	-124.713924000000
-124.405317000000	-124.399123000000	-124.556534000000
-124.405317000000	-124.563200000000	-124.556534000000
-124.247415000000	-124.241692000000	-124.399123000000
-124.247415000000	-124.405317000000	-124.399123000000
-124.089496000000	-124.084245000000	-124.241692000000
-124.089496000000	-124.247415000000	-124.241692000000
-123.931560000000	-123.926781000000	-124.084245000000
-123.931560000000	-124.089496000000	-124.084245000000
-123.773610000000	-123.769303000000	-123.926781000000
-123.773610000000	-123.931560000000	-123.926781000000
-123.615646000000	-123.611812000000	-123.769303000000
-123.615646000000	-123.773610000000	-123.769303000000
-123.457670000000	-123.454309000000	-123.611812000000
-123.457670000000	-123.615646000000	-123.611812000000
-123.299684000000	-123.296796000000	-123.454309000000
-123.299684000000	-123.457670000000	-123.454309000000
-123.141689000000	-123.139274000000	-123.296796000000
-123.141689000000	-123.299684000000	-123.296796000000
-122.983686000000	-122.981744000000	-123.139274000000
-122.983686000000	-123.141689000000	-123.139274000000
-122.825678000000	-122.824209000000	-122.981744000000
-122.825678000000	-122.983686000000	-122.981744000000
-122.666669000000	-122.667664000000	-122.824209000000
-122.667664000000	-122.825678000000	-122.824209000000
-122.509126000000	-122.509648000000	-122.666669000000
-122.509648000000	-122.666669000000	-122.667664000000
-122.351630000000	-122.351581000000	-122.509126000000
-122.351630000000	-122.509126000000	-122.509648000000
-122.193612000000	-122.194036000000	-122.351581000000
-122.193612000000	-122.351630000000	-122.351581000000
-122.035596000000	-122.036493000000	-122.194036000000
-122.035596000000	-122.193612000000	-122.194036000000
-121.878952000000	-121.877582000000	-122.036493000000
-121.877582000000	-122.035596000000	-122.036493000000
-121.721416000000	-121.719572000000	-121.878952000000
-121.719572000000	-121.878952000000	-121.877582000000
-121.563885000000	-121.561568000000	-121.721416000000
-121.561568000000	-121.721416000000	-121.719572000000
-121.403571000000	-121.563885000000	-121.561568000000
-125.972146000000	-125.961343000000	-126.129289000000
-125.814970000000	-125.804631000000	-125.961343000000
-125.814970000000	-125.972146000000	-125.961343000000
-125.657761000000	-125.647888000000	-125.804631000000
-125.657761000000	-125.814970000000	-125.804631000000
-125.500523000000	-125.491114000000	-125.647888000000
-125.500523000000	-125.657761000000	-125.647888000000
-125.343255000000	-125.334312000000	-125.491114000000
-125.343255000000	-125.500523000000	-125.491114000000
-125.185960000000	-125.177483000000	-125.334312000000
-125.185960000000	-125.343255000000	-125.334312000000
-125.028639000000	-125.020629000000	-125.177483000000
-125.028639000000	-125.185960000000	-125.177483000000
-124.871293000000	-124.863750000000	-125.020629000000
-124.871293000000	-125.028639000000	-125.020629000000
-124.713924000000	-124.706848000000	-124.863750000000
-124.713924000000	-124.871293000000	-124.863750000000
-124.556534000000	-124.549924000000	-124.706848000000
-124.556534000000	-124.713924000000	-124.706848000000
-124.399123000000	-124.392981000000	-124.549924000000
-124.399123000000	-124.556534000000	-124.549924000000
-124.241692000000	-124.236018000000	-124.392981000000
-124.241692000000	-124.399123000000	-124.392981000000
-124.084245000000	-124.079039000000	-124.236018000000
-124.084245000000	-124.241692000000	-124.236018000000
-123.926781000000	-123.922043000000	-124.079039000000
-123.926781000000	-124.084245000000	-124.079039000000
-123.769303000000	-123.765034000000	-123.922043000000
-123.769303000000	-123.926781000000	-123.922043000000
-123.611812000000	-123.608011000000	-123.765034000000
-123.611812000000	-123.769303000000	-123.765034000000
-123.454309000000	-123.450977000000	-123.608011000000
-123.454309000000	-123.611812000000	-123.608011000000
-123.296796000000	-123.293932000000	-123.450977000000
-123.296796000000	-123.454309000000	-123.450977000000
-123.139274000000	-123.136879000000	-123.293932000000
-123.139274000000	-123.296796000000	-123.293932000000
-122.979818000000	-122.981744000000	-123.136879000000
-122.981744000000	-123.139274000000	-123.136879000000
-122.822752000000	-122.824209000000	-122.979818000000
-122.824209000000	-122.979818000000	-122.981744000000
-122.665681000000	-122.666669000000	-122.822752000000
-122.666669000000	-122.822752000000	-122.824209000000
-122.508607000000	-122.509126000000	-122.665681000000
-122.509126000000	-122.665681000000	-122.666669000000
-122.351532000000	-122.351581000000	-122.508607000000
-122.351581000000	-122.508607000000	-122.509126000000
-122.194457000000	-122.194036000000	-122.351532000000
-122.194036000000	-122.351532000000	-122.351581000000
-122.037382000000	-122.036493000000	-122.194457000000
-122.036493000000	-122.194457000000	-122.194036000000
-121.880311000000	-121.878952000000	-122.037382000000
-121.878952000000	-122.037382000000	-122.036493000000
-121.723243000000	-121.721416000000	-121.880311000000
-121.721416000000	-121.880311000000	-121.878952000000
-121.566182000000	-121.563885000000	-121.723243000000
-121.563885000000	-121.723243000000	-121.721416000000
-125.804631000000	-125.794380000000	-125.950631000000
-125.804631000000	-125.961343000000	-125.950631000000
-125.647888000000	-125.638098000000	-125.794380000000
-125.647888000000	-125.804631000000	-125.794380000000
-125.491114000000	-125.481786000000	-125.638098000000
-125.491114000000	-125.647888000000	-125.638098000000
-125.334312000000	-125.325446000000	-125.481786000000
-125.334312000000	-125.491114000000	-125.481786000000
-125.177483000000	-125.169079000000	-125.325446000000
-125.177483000000	-125.334312000000	-125.325446000000
-125.020629000000	-125.012686000000	-125.169079000000
-125.020629000000	-125.177483000000	-125.169079000000
-124.863750000000	-124.856270000000	-125.012686000000
-124.863750000000	-125.020629000000	-125.012686000000
-124.706848000000	-124.699831000000	-124.856270000000
-124.706848000000	-124.863750000000	-124.856270000000
-124.549924000000	-124.543371000000	-124.699831000000
-124.549924000000	-124.706848000000	-124.699831000000
-124.392981000000	-124.386891000000	-124.543371000000
-124.392981000000	-124.549924000000	-124.543371000000
-124.236018000000	-124.230392000000	-124.386891000000
-124.236018000000	-124.392981000000	-124.386891000000
-124.079039000000	-124.073877000000	-124.230392000000
-124.079039000000	-124.236018000000	-124.230392000000
-123.922043000000	-123.917346000000	-124.073877000000
-123.922043000000	-124.079039000000	-124.073877000000
-123.765034000000	-123.760800000000	-123.917346000000
-123.765034000000	-123.922043000000	-123.917346000000
-123.608011000000	-123.604242000000	-123.760800000000
-123.608011000000	-123.765034000000	-123.760800000000
-123.450977000000	-123.447673000000	-123.604242000000
-123.450977000000	-123.608011000000	-123.604242000000
-123.293932000000	-123.291093000000	-123.447673000000
-123.293932000000	-123.450977000000	-123.447673000000
-123.134505000000	-123.136879000000	-123.291093000000
-123.136879000000	-123.293932000000	-123.291093000000
-122.977909000000	-122.979818000000	-123.134505000000
-122.979818000000	-123.134505000000	-123.136879000000
-122.821308000000	-122.822752000000	-122.977909000000
-122.822752000000	-122.977909000000	-122.979818000000
-122.664702000000	-122.665681000000	-122.821308000000
-122.665681000000	-122.821308000000	-122.822752000000
-122.508094000000	-122.508607000000	-122.664702000000
-122.508607000000	-122.664702000000	-122.665681000000
-122.351484000000	-122.351532000000	-122.508094000000
-122.351532000000	-122.508094000000	-122.508607000000
-122.194873000000	-122.194457000000	-122.351484000000
-122.194457000000	-122.351484000000	-122.351532000000
-122.038264000000	-122.037382000000	-122.194873000000
-122.037382000000	-122.194873000000	-122.194457000000
-121.881658000000	-121.880311000000	-122.038264000000
-121.880311000000	-122.038264000000	-122.037382000000
-121.725056000000	-121.723243000000	-121.881658000000
-121.723243000000	-121.881658000000	-121.880311000000
-121.568459000000	-121.566182000000	-121.725056000000
-121.566182000000	-121.725056000000	-121.723243000000
-125.794380000000	-125.784216000000	-125.950631000000
-125.638098000000	-125.628390000000	-125.784216000000
-125.638098000000	-125.794380000000	-125.784216000000
-125.481786000000	-125.472536000000	-125.628390000000
-125.481786000000	-125.638098000000	-125.628390000000
-125.325446000000	-125.316654000000	-125.472536000000
-125.325446000000	-125.481786000000	-125.472536000000
-125.169079000000	-125.160745000000	-125.316654000000
-125.169079000000	-125.325446000000	-125.316654000000
-125.012686000000	-125.004811000000	-125.160745000000
-125.012686000000	-125.169079000000	-125.160745000000
-124.856270000000	-124.848854000000	-125.004811000000
-124.856270000000	-125.012686000000	-125.004811000000
-124.699831000000	-124.692874000000	-124.848854000000
-124.699831000000	-124.856270000000	-124.848854000000
-124.543371000000	-124.536873000000	-124.692874000000
-124.543371000000	-124.699831000000	-124.692874000000
-124.386891000000	-124.380853000000	-124.536873000000
-124.386891000000	-124.543371000000	-124.536873000000
-124.230392000000	-124.224814000000	-124.380853000000
-124.230392000000	-124.386891000000	-124.380853000000
-124.073877000000	-124.068759000000	-124.224814000000
-124.073877000000	-124.230392000000	-124.224814000000
-123.917346000000	-123.912688000000	-124.068759000000
-123.917346000000	-124.073877000000	-124.068759000000
-123.760800000000	-123.756603000000	-123.912688000000
-123.760800000000	-123.917346000000	-123.912688000000
-123.604242000000	-123.600505000000	-123.756603000000
-123.604242000000	-123.760800000000	-123.756603000000
-123.444397000000	-123.447673000000	-123.600505000000
-123.447673000000	-123.604242000000	-123.600505000000
-123.288278000000	-123.291093000000	-123.444397000000
-123.291093000000	-123.444397000000	-123.447673000000
-123.132151000000	-123.134505000000	-123.288278000000
-123.134505000000	-123.288278000000	-123.291093000000
-122.976016000000	-122.977909000000	-123.132151000000
-122.977909000000	-123.132151000000	-123.134505000000
-122.819876000000	-122.821308000000	-122.976016000000
-122.821308000000	-122.976016000000	-122.977909000000
-122.663732000000	-122.664702000000	-122.819876000000
-122.664702000000	-122.819876000000	-122.821308000000
-122.507584000000	-122.508094000000	-122.663732000000
-122.508094000000	-122.663732000000	-122.664702000000
-122.351436000000	-122.351484000000	-122.507584000000
-122.351484000000	-122.507584000000	-122.508094000000
-122.195287000000	-122.194873000000	-122.351436000000
-122.194873000000	-122.351436000000	-122.351484000000
-122.039139000000	-122.038264000000	-122.195287000000
-122.038264000000	-122.195287000000	-122.194873000000
-121.882994000000	-121.881658000000	-122.039139000000
-121.881658000000	-122.039139000000	-122.038264000000
-121.726853000000	-121.725056000000	-121.882994000000
-121.725056000000	-121.882994000000	-121.881658000000
-121.570717000000	-121.568459000000	-121.726853000000
-121.568459000000	-121.726853000000	-121.725056000000
-125.628390000000	-125.618765000000	-125.774137000000
-125.628390000000	-125.784216000000	-125.774137000000
-125.472536000000	-125.463365000000	-125.618765000000
-125.472536000000	-125.628390000000	-125.618765000000
-125.316654000000	-125.307937000000	-125.463365000000
-125.316654000000	-125.472536000000	-125.463365000000
-125.160745000000	-125.152482000000	-125.307937000000
-125.160745000000	-125.316654000000	-125.307937000000
-125.004811000000	-124.997003000000	-125.152482000000
-125.004811000000	-125.160745000000	-125.152482000000
-124.848854000000	-124.841501000000	-124.997003000000
-124.848854000000	-125.004811000000	-124.997003000000
-124.692874000000	-124.685976000000	-124.841501000000
-124.692874000000	-124.848854000000	-124.841501000000
-124.536873000000	-124.530431000000	-124.685976000000
-124.536873000000	-124.692874000000	-124.685976000000
-124.380853000000	-124.374866000000	-124.530431000000
-124.380853000000	-124.536873000000	-124.530431000000
-124.224814000000	-124.219283000000	-124.374866000000
-124.224814000000	-124.380853000000	-124.374866000000
-124.068759000000	-124.063684000000	-124.219283000000
-124.068759000000	-124.224814000000	-124.219283000000
-123.912688000000	-123.908070000000	-124.063684000000
-123.912688000000	-124.068759000000	-124.063684000000
-123.752441000000	-123.756603000000	-123.908070000000
-123.756603000000	-123.912688000000	-123.908070000000
-123.596800000000	-123.600505000000	-123.752441000000
-123.600505000000	-123.752441000000	-123.756603000000
-123.441148000000	-123.444397000000	-123.596800000000
-123.444397000000	-123.596800000000	-123.600505000000
-123.285487000000	-123.288278000000	-123.441148000000
-123.288278000000	-123.441148000000	-123.444397000000
-123.129816000000	-123.132151000000	-123.285487000000
-123.132151000000	-123.285487000000	-123.288278000000
-122.974139000000	-122.976016000000	-123.129816000000
-122.976016000000	-123.129816000000	-123.132151000000
-122.818456000000	-122.819876000000	-122.974139000000
-122.819876000000	-122.974139000000	-122.976016000000
-122.662769000000	-122.663732000000	-122.818456000000
-122.663732000000	-122.818456000000	-122.819876000000
-122.507079000000	-122.507584000000	-122.662769000000
-122.507584000000	-122.662769000000	-122.663732000000
-122.351388000000	-122.351436000000	-122.507079000000
-122.351436000000	-122.507079000000	-122.507584000000
-122.195696000000	-122.195287000000	-122.351388000000
-122.195287000000	-122.351388000000	-122.351436000000
-122.040006000000	-122.039139000000	-122.195696000000
-122.039139000000	-122.195696000000	-122.195287000000
-121.884318000000	-121.882994000000	-122.040006000000
-121.882994000000	-122.040006000000	-122.039139000000
-121.728634000000	-121.726853000000	-121.884318000000
-121.726853000000	-121.884318000000	-121.882994000000
-121.572956000000	-121.570717000000	-121.728634000000
-121.570717000000	-121.728634000000	-121.726853000000
-125.618765000000	-125.609222000000	-125.774137000000
-125.463365000000	-125.454271000000	-125.609222000000
-125.463365000000	-125.618765000000	-125.609222000000
-125.307937000000	-125.299293000000	-125.454271000000
-125.307937000000	-125.463365000000	-125.454271000000
-125.152482000000	-125.144289000000	-125.299293000000
-125.152482000000	-125.307937000000	-125.299293000000
-124.997003000000	-124.989261000000	-125.144289000000
-124.997003000000	-125.152482000000	-125.144289000000
-124.841501000000	-124.834209000000	-124.989261000000
-124.841501000000	-124.997003000000	-124.989261000000
-124.685976000000	-124.679136000000	-124.834209000000
-124.685976000000	-124.841501000000	-124.834209000000
-124.530431000000	-124.524042000000	-124.679136000000
-124.530431000000	-124.685976000000	-124.679136000000
-124.374866000000	-124.368930000000	-124.524042000000
-124.374866000000	-124.530431000000	-124.524042000000
-124.219283000000	-124.213799000000	-124.368930000000
-124.219283000000	-124.374866000000	-124.368930000000
-124.063684000000	-124.058652000000	-124.213799000000
-124.063684000000	-124.219283000000	-124.213799000000
-123.908070000000	-123.903490000000	-124.058652000000
-123.908070000000	-124.063684000000	-124.058652000000
-123.748315000000	-123.752441000000	-123.903490000000
-123.752441000000	-123.908070000000	-123.903490000000
-123.593127000000	-123.596800000000	-123.748315000000
-123.596800000000	-123.748315000000	-123.752441000000
-123.437928000000	-123.441148000000	-123.593127000000
-123.441148000000	-123.593127000000	-123.596800000000
-123.282719000000	-123.285487000000	-123.437928000000
-123.285487000000	-123.437928000000	-123.441148000000
-123.127502000000	-123.129816000000	-123.282719000000
-123.129816000000	-123.282719000000	-123.285487000000
-122.972278000000	-122.974139000000	-123.127502000000
-122.974139000000	-123.127502000000	-123.129816000000
-122.817049000000	-122.818456000000	-122.972278000000
-122.818456000000	-122.972278000000	-122.974139000000
-122.661815000000	-122.662769000000	-122.817049000000
-122.662769000000	-122.817049000000	-122.818456000000
-122.506579000000	-122.507079000000	-122.661815000000
-122.507079000000	-122.661815000000	-122.662769000000
-122.351341000000	-122.351388000000	-122.506579000000
-122.351388000000	-122.506579000000	-122.507079000000
-122.196103000000	-122.195696000000	-122.351341000000
-122.195696000000	-122.351341000000	-122.351388000000
-122.040866000000	-122.040006000000	-122.196103000000
-122.040006000000	-122.196103000000	-122.195696000000
-121.885631000000	-121.884318000000	-122.040866000000
-121.884318000000	-122.040866000000	-122.040006000000
-121.730401000000	-121.728634000000	-121.885631000000
-121.728634000000	-121.885631000000	-121.884318000000
-121.575176000000	-121.572956000000	-121.730401000000
-121.572956000000	-121.730401000000	-121.728634000000
-125.454271000000	-125.445253000000	-125.599758000000
-125.454271000000	-125.609222000000	-125.599758000000
-125.299293000000	-125.290722000000	-125.445253000000
-125.299293000000	-125.454271000000	-125.445253000000
-125.144289000000	-125.136164000000	-125.290722000000
-125.144289000000	-125.299293000000	-125.290722000000
-124.989261000000	-124.981583000000	-125.136164000000
-124.989261000000	-125.144289000000	-125.136164000000
-124.834209000000	-124.826979000000	-124.981583000000
-124.834209000000	-124.989261000000	-124.981583000000
-124.679136000000	-124.672354000000	-124.826979000000
-124.679136000000	-124.834209000000	-124.826979000000
-124.524042000000	-124.517708000000	-124.672354000000
-124.524042000000	-124.679136000000	-124.672354000000
-124.368930000000	-124.363043000000	-124.517708000000
-124.368930000000	-124.524042000000	-124.517708000000
-124.213799000000	-124.208361000000	-124.363043000000
-124.213799000000	-124.368930000000	-124.363043000000
-124.053663000000	-124.058652000000	-124.208361000000
-124.058652000000	-124.213799000000	-124.208361000000
-123.898949000000	-123.903490000000	-124.053663000000
-123.903490000000	-124.053663000000	-124.058652000000
-123.744223000000	-123.748315000000	-123.898949000000
-123.748315000000	-123.898949000000	-123.903490000000
-123.589484000000	-123.593127000000	-123.744223000000
-123.593127000000	-123.744223000000	-123.748315000000
-123.434734000000	-123.437928000000	-123.589484000000
-123.437928000000	-123.589484000000	-123.593127000000
-123.279975000000	-123.282719000000	-123.434734000000
-123.282719000000	-123.434734000000	-123.437928000000
-123.125207000000	-123.127502000000	-123.279975000000
-123.127502000000	-123.279975000000	-123.282719000000
-122.970433000000	-122.972278000000	-123.125207000000
-122.972278000000	-123.125207000000	-123.127502000000
-122.815653000000	-122.817049000000	-122.970433000000
-122.817049000000	-122.970433000000	-122.972278000000
-122.660869000000	-122.661815000000	-122.815653000000
-122.661815000000	-122.815653000000	-122.817049000000
-122.506082000000	-122.506579000000	-122.660869000000
-122.506579000000	-122.660869000000	-122.661815000000
-122.351294000000	-122.351341000000	-122.506082000000
-122.351341000000	-122.506082000000	-122.506579000000
-122.196505000000	-122.196103000000	-122.351294000000
-122.196103000000	-122.351294000000	-122.351341000000
-122.041718000000	-122.040866000000	-122.196505000000
-122.040866000000	-122.196505000000	-122.196103000000
-121.885631000000	-121.886933000000	-122.041718000000
-121.885631000000	-122.041718000000	-122.040866000000
-121.730401000000	-121.732153000000	-121.886933000000
-121.730401000000	-121.885631000000	-121.886933000000
-121.575176000000	-121.577377000000	-121.732153000000
-121.575176000000	-121.730401000000	-121.732153000000
-125.445253000000	-125.436311000000	-125.590374000000
-125.445253000000	-125.599758000000	-125.590374000000
-125.290722000000	-125.282222000000	-125.436311000000
-125.290722000000	-125.445253000000	-125.436311000000
-125.136164000000	-125.128108000000	-125.282222000000
-125.136164000000	-125.290722000000	-125.282222000000
-124.981583000000	-124.973970000000	-125.128108000000
-124.981583000000	-125.136164000000	-125.128108000000
-124.826979000000	-124.819810000000	-124.973970000000
-124.826979000000	-124.981583000000	-124.973970000000
-124.672354000000	-124.665628000000	-124.819810000000
-124.672354000000	-124.826979000000	-124.819810000000
-124.517708000000	-124.511427000000	-124.665628000000
-124.517708000000	-124.672354000000	-124.665628000000
-124.363043000000	-124.357206000000	-124.511427000000
-124.363043000000	-124.517708000000	-124.511427000000
-124.208361000000	-124.202969000000	-124.357206000000
-124.208361000000	-124.363043000000	-124.357206000000
-124.053663000000	-124.048715000000	-124.202969000000
-124.053663000000	-124.208361000000	-124.202969000000
-123.894447000000	-123.898949000000	-124.048715000000
-123.898949000000	-124.053663000000	-124.048715000000
-123.740165000000	-123.744223000000	-123.894447000000
-123.744223000000	-123.894447000000	-123.898949000000
-123.585872000000	-123.589484000000	-123.740165000000
-123.589484000000	-123.740165000000	-123.744223000000
-123.431567000000	-123.434734000000	-123.585872000000
-123.434734000000	-123.585872000000	-123.589484000000
-123.277253000000	-123.279975000000	-123.431567000000
-123.279975000000	-123.431567000000	-123.434734000000
-123.122932000000	-123.125207000000	-123.277253000000
-123.125207000000	-123.277253000000	-123.279975000000
-122.968603000000	-122.970433000000	-123.122932000000
-122.970433000000	-123.122932000000	-123.125207000000
-122.814269000000	-122.815653000000	-122.968603000000
-122.815653000000	-122.968603000000	-122.970433000000
-122.659931000000	-122.660869000000	-122.814269000000
-122.660869000000	-122.814269000000	-122.815653000000
-122.505590000000	-122.506082000000	-122.659931000000
-122.506082000000	-122.659931000000	-122.660869000000
-122.351247000000	-122.351294000000	-122.505590000000
-122.351294000000	-122.505590000000	-122.506082000000
-122.196905000000	-122.196505000000	-122.351247000000
-122.196505000000	-122.351247000000	-122.351294000000
-122.042563000000	-122.041718000000	-122.196905000000
-122.041718000000	-122.196905000000	-122.196505000000
-121.886933000000	-121.888225000000	-122.042563000000
-121.886933000000	-122.042563000000	-122.041718000000
-121.732153000000	-121.733890000000	-121.888225000000
-121.732153000000	-121.886933000000	-121.888225000000
-121.577377000000	-121.579560000000	-121.733890000000
-121.577377000000	-121.732153000000	-121.733890000000
-125.436311000000	-125.427445000000	-125.581068000000
-125.436311000000	-125.590374000000	-125.581068000000
-125.282222000000	-125.273795000000	-125.427445000000
-125.282222000000	-125.436311000000	-125.427445000000
-125.128108000000	-125.120120000000	-125.273795000000
-125.128108000000	-125.282222000000	-125.273795000000
-124.973970000000	-124.966422000000	-125.120120000000
-124.973970000000	-125.128108000000	-125.120120000000
-124.819810000000	-124.812701000000	-124.966422000000
-124.819810000000	-124.973970000000	-124.966422000000
-124.665628000000	-124.658959000000	-124.812701000000
-124.665628000000	-124.819810000000	-124.812701000000
-124.511427000000	-124.505198000000	-124.658959000000
-124.511427000000	-124.665628000000	-124.658959000000
-124.357206000000	-124.351418000000	-124.505198000000
-124.357206000000	-124.511427000000	-124.505198000000
-124.202969000000	-124.197622000000	-124.351418000000
-124.202969000000	-124.357206000000	-124.351418000000
-124.048715000000	-124.043809000000	-124.197622000000
-124.048715000000	-124.202969000000	-124.197622000000
-123.889982000000	-123.894447000000	-124.043809000000
-123.894447000000	-124.048715000000	-124.043809000000
-123.736142000000	-123.740165000000	-123.889982000000
-123.740165000000	-123.889982000000	-123.894447000000
-123.582290000000	-123.585872000000	-123.736142000000
-123.585872000000	-123.736142000000	-123.740165000000
-123.428427000000	-123.431567000000	-123.582290000000
-123.431567000000	-123.582290000000	-123.585872000000
-123.274555000000	-123.277253000000	-123.428427000000
-123.277253000000	-123.428427000000	-123.431567000000
-123.120675000000	-123.122932000000	-123.274555000000
-123.122932000000	-123.274555000000	-123.277253000000
-122.968603000000	-122.966788000000	-123.120675000000
-122.968603000000	-123.120675000000	-123.122932000000
-122.812896000000	-122.814269000000	-122.966788000000
-122.814269000000	-122.968603000000	-122.966788000000
-122.659000000000	-122.659931000000	-122.812896000000
-122.659931000000	-122.812896000000	-122.814269000000
-122.505102000000	-122.505590000000	-122.659000000000
-122.505590000000	-122.659000000000	-122.659931000000
-122.351201000000	-122.351247000000	-122.505102000000
-122.351247000000	-122.505102000000	-122.505590000000
-122.197301000000	-122.196905000000	-122.351201000000
-122.196905000000	-122.351201000000	-122.351247000000
-122.042563000000	-122.043402000000	-122.197301000000
-122.042563000000	-122.197301000000	-122.196905000000
-121.888225000000	-121.889505000000	-122.043402000000
-121.888225000000	-122.042563000000	-122.043402000000
-121.733890000000	-121.735612000000	-121.889505000000
-121.733890000000	-121.888225000000	-121.889505000000
-121.579560000000	-121.581724000000	-121.735612000000
-121.579560000000	-121.733890000000	-121.735612000000
-125.427445000000	-125.418652000000	-125.581068000000
-125.273795000000	-125.265437000000	-125.418652000000
-125.273795000000	-125.427445000000	-125.418652000000
-125.120120000000	-125.112198000000	-125.265437000000
-125.120120000000	-125.273795000000	-125.265437000000
-124.966422000000	-124.958936000000	-125.112198000000
-124.966422000000	-125.120120000000	-125.112198000000
-124.812701000000	-124.805651000000	-124.958936000000
-124.812701000000	-124.966422000000	-124.958936000000
-124.658959000000	-124.652346000000	-124.805651000000
-124.658959000000	-124.812701000000	-124.805651000000
-124.505198000000	-124.499022000000	-124.652346000000
-124.505198000000	-124.658959000000	-124.652346000000
-124.351418000000	-124.345679000000	-124.499022000000
-124.351418000000	-124.505198000000	-124.499022000000
-124.197622000000	-124.192319000000	-124.345679000000
-124.197622000000	-124.351418000000	-124.345679000000
-124.043809000000	-124.038944000000	-124.192319000000
-124.043809000000	-124.197622000000	-124.192319000000
-123.889982000000	-123.885555000000	-124.038944000000
-123.889982000000	-124.043809000000	-124.038944000000
-123.732152000000	-123.736142000000	-123.885555000000
-123.736142000000	-123.889982000000	-123.885555000000
-123.578738000000	-123.582290000000	-123.732152000000
-123.582290000000	-123.732152000000	-123.736142000000
-123.425313000000	-123.428427000000	-123.578738000000
-123.428427000000	-123.578738000000	-123.582290000000
-123.271879000000	-123.274555000000	-123.425313000000
-123.274555000000	-123.425313000000	-123.428427000000
-123.118437000000	-123.120675000000	-123.271879000000
-123.120675000000	-123.271879000000	-123.274555000000
-122.964989000000	-122.966788000000	-123.118437000000
-122.966788000000	-123.118437000000	-123.120675000000
-122.812896000000	-122.811535000000	-122.964989000000
-122.812896000000	-122.964989000000	-122.966788000000
-122.658078000000	-122.659000000000	-122.811535000000
-122.659000000000	-122.812896000000	-122.811535000000
-122.505102000000	-122.504617000000	-122.658078000000
-122.505102000000	-122.658078000000	-122.659000000000
-122.351201000000	-122.351156000000	-122.504617000000
-122.351201000000	-122.505102000000	-122.504617000000
-122.197694000000	-122.197301000000	-122.351156000000
-122.197301000000	-122.351201000000	-122.351156000000
-122.043402000000	-122.044233000000	-122.197694000000
-122.043402000000	-122.197694000000	-122.197301000000
-121.889505000000	-121.890775000000	-122.044233000000
-121.889505000000	-122.043402000000	-122.044233000000
-121.735612000000	-121.737320000000	-121.890775000000
-121.735612000000	-121.889505000000	-121.890775000000
-121.581724000000	-121.583870000000	-121.737320000000
-121.581724000000	-121.735612000000	-121.737320000000
-125.265437000000	-125.257150000000	-125.409933000000
-125.265437000000	-125.418652000000	-125.409933000000
-125.112198000000	-125.104343000000	-125.257150000000
-125.112198000000	-125.265437000000	-125.257150000000
-124.958936000000	-124.951513000000	-125.104343000000
-124.958936000000	-125.112198000000	-125.104343000000
-124.805651000000	-124.798661000000	-124.951513000000
-124.805651000000	-124.958936000000	-124.951513000000
-124.652346000000	-124.645788000000	-124.798661000000
-124.652346000000	-124.805651000000	-124.798661000000
-124.499022000000	-124.492897000000	-124.645788000000
-124.499022000000	-124.652346000000	-124.645788000000
-124.339987000000	-124.345679000000	-124.492897000000
-124.345679000000	-124.499022000000	-124.492897000000
-124.192319000000	-124.187061000000	-124.339987000000
-124.192319000000	-124.339987000000	-124.345679000000
-124.038944000000	-124.034120000000	-124.187061000000
-124.038944000000	-124.192319000000	-124.187061000000
-123.881164000000	-123.885555000000	-124.034120000000
-123.885555000000	-124.038944000000	-124.034120000000
-123.732152000000	-123.728196000000	-123.881164000000
-123.732152000000	-123.881164000000	-123.885555000000
-123.578738000000	-123.575216000000	-123.728196000000
-123.578738000000	-123.732152000000	-123.728196000000
-123.425313000000	-123.422225000000	-123.575216000000
-123.425313000000	-123.578738000000	-123.575216000000
-123.269226000000	-123.271879000000	-123.422225000000
-123.271879000000	-123.425313000000	-123.422225000000
-123.116219000000	-123.118437000000	-123.269226000000
-123.118437000000	-123.269226000000	-123.271879000000
-122.963205000000	-122.964989000000	-123.116219000000
-122.964989000000	-123.116219000000	-123.118437000000
-122.810186000000	-122.811535000000	-122.963205000000
-122.811535000000	-122.963205000000	-122.964989000000
-122.658078000000	-122.657163000000	-122.810186000000
-122.658078000000	-122.810186000000	-122.811535000000
-122.504137000000	-122.504617000000	-122.657163000000
-122.504617000000	-122.658078000000	-122.657163000000
-122.351110000000	-122.351156000000	-122.504137000000
-122.351156000000	-122.504137000000	-122.504617000000
-122.198083000000	-122.197694000000	-122.351110000000
-122.197694000000	-122.351110000000	-122.351156000000
-122.044233000000	-122.045057000000	-122.198083000000
-122.044233000000	-122.198083000000	-122.197694000000
-121.890775000000	-121.892034000000	-122.045057000000
-121.890775000000	-122.044233000000	-122.045057000000
-121.737320000000	-121.739014000000	-121.892034000000
-121.737320000000	-121.890775000000	-121.892034000000
-121.585999000000	-121.583870000000	-121.739014000000
-121.583870000000	-121.737320000000	-121.739014000000
-125.257150000000	-125.248931000000	-125.401286000000
-125.257150000000	-125.409933000000	-125.401286000000
-125.104343000000	-125.096553000000	-125.248931000000
-125.104343000000	-125.257150000000	-125.248931000000
-124.951513000000	-124.944151000000	-125.096553000000
-124.951513000000	-125.104343000000	-125.096553000000
-124.798661000000	-124.791728000000	-124.944151000000
-124.798661000000	-124.951513000000	-124.944151000000
-124.645788000000	-124.639285000000	-124.791728000000
-124.645788000000	-124.798661000000	-124.791728000000
-124.492897000000	-124.486823000000	-124.639285000000
-124.492897000000	-124.645788000000	-124.639285000000
-124.334344000000	-124.339987000000	-124.486823000000
-124.339987000000	-124.492897000000	-124.486823000000
-124.187061000000	-124.181847000000	-124.334344000000
-124.187061000000	-124.334344000000	-124.339987000000
-124.034120000000	-124.029336000000	-124.181847000000
-124.034120000000	-124.187061000000	-124.181847000000
-123.876811000000	-123.881164000000	-124.029336000000
-123.881164000000	-124.034120000000	-124.029336000000
-123.724272000000	-123.728196000000	-123.876811000000
-123.728196000000	-123.876811000000	-123.881164000000
-123.575216000000	-123.571723000000	-123.724272000000
-123.575216000000	-123.724272000000	-123.728196000000
-123.419163000000	-123.422225000000	-123.571723000000
-123.422225000000	-123.575216000000	-123.571723000000
-123.266595000000	-123.269226000000	-123.419163000000
-123.269226000000	-123.419163000000	-123.422225000000
-123.114018000000	-123.116219000000	-123.266595000000
-123.116219000000	-123.266595000000	-123.269226000000
-122.961435000000	-122.963205000000	-123.114018000000
-122.963205000000	-123.114018000000	-123.116219000000
-122.808848000000	-122.810186000000	-122.961435000000
-122.810186000000	-122.961435000000	-122.963205000000
-122.656256000000	-122.657163000000	-122.808848000000
-122.657163000000	-122.808848000000	-122.810186000000
-122.503661000000	-122.504137000000	-122.656256000000
-122.504137000000	-122.656256000000	-122.657163000000
-122.351065000000	-122.351110000000	-122.503661000000
-122.351110000000	-122.503661000000	-122.504137000000
-122.198469000000	-122.198083000000	-122.351065000000
-122.198083000000	-122.351065000000	-122.351110000000
-122.045875000000	-122.045057000000	-122.198469000000
-122.045057000000	-122.198469000000	-122.198083000000
-121.892034000000	-121.893282000000	-122.045875000000
-121.892034000000	-122.045875000000	-122.045057000000
-121.740693000000	-121.739014000000	-121.893282000000
-121.739014000000	-121.892034000000	-121.893282000000
-121.585999000000	-121.588109000000	-121.740693000000
-121.585999000000	-121.740693000000	-121.739014000000
-125.248931000000	-125.240781000000	-125.392712000000
-125.248931000000	-125.392712000000	-125.401286000000
-125.096553000000	-125.088827000000	-125.240781000000
-125.096553000000	-125.248931000000	-125.240781000000
-124.944151000000	-124.936851000000	-125.088827000000
-124.944151000000	-125.096553000000	-125.088827000000
-124.784854000000	-124.791728000000	-124.936851000000
-124.791728000000	-124.944151000000	-124.936851000000
-124.639285000000	-124.632836000000	-124.784854000000
-124.639285000000	-124.784854000000	-124.791728000000
-124.486823000000	-124.480800000000	-124.632836000000
-124.486823000000	-124.639285000000	-124.632836000000
-124.334344000000	-124.328747000000	-124.480800000000
-124.334344000000	-124.486823000000	-124.480800000000
-124.181847000000	-124.176677000000	-124.328747000000
-124.181847000000	-124.334344000000	-124.328747000000
-124.024592000000	-124.029336000000	-124.176677000000
-124.029336000000	-124.181847000000	-124.176677000000
-123.872493000000	-123.876811000000	-124.024592000000
-123.876811000000	-124.024592000000	-124.029336000000
-123.720382000000	-123.724272000000	-123.872493000000
-123.724272000000	-123.872493000000	-123.876811000000
-123.571723000000	-123.568259000000	-123.720382000000
-123.571723000000	-123.720382000000	-123.724272000000
-123.416127000000	-123.419163000000	-123.568259000000
-123.419163000000	-123.571723000000	-123.568259000000
-123.266595000000	-123.263985000000	-123.416127000000
-123.266595000000	-123.416127000000	-123.419163000000
-123.111836000000	-123.114018000000	-123.263985000000
-123.114018000000	-123.266595000000	-123.263985000000
-122.959681000000	-122.961435000000	-123.111836000000
-122.961435000000	-123.111836000000	-123.114018000000
-122.807520000000	-122.808848000000	-122.959681000000
-122.808848000000	-122.959681000000	-122.961435000000
-122.655356000000	-122.656256000000	-122.807520000000
-122.656256000000	-122.807520000000	-122.808848000000
-122.503189000000	-122.503661000000	-122.655356000000
-122.503661000000	-122.655356000000	-122.656256000000
-122.351021000000	-122.351065000000	-122.503189000000
-122.351065000000	-122.503189000000	-122.503661000000
-122.198852000000	-122.198469000000	-122.351021000000
-122.198469000000	-122.351021000000	-122.351065000000
-122.045875000000	-122.046685000000	-122.198852000000
-122.045875000000	-122.198852000000	-122.198469000000
-121.894520000000	-121.893282000000	-122.046685000000
-121.893282000000	-122.045875000000	-122.046685000000
-121.740693000000	-121.742359000000	-121.894520000000
-121.740693000000	-121.894520000000	-121.893282000000
-121.588109000000	-121.590202000000	-121.742359000000
-121.588109000000	-121.740693000000	-121.742359000000
-125.240781000000	-125.232699000000	-125.384208000000
-125.240781000000	-125.392712000000	-125.384208000000
-125.088827000000	-125.081166000000	-125.232699000000
-125.088827000000	-125.240781000000	-125.232699000000
-124.936851000000	-124.929612000000	-125.081166000000
-124.936851000000	-125.088827000000	-125.081166000000
-124.784854000000	-124.778036000000	-124.929612000000
-124.784854000000	-124.936851000000	-124.929612000000
-124.632836000000	-124.626441000000	-124.778036000000
-124.632836000000	-124.784854000000	-124.778036000000
-124.480800000000	-124.474827000000	-124.626441000000
-124.480800000000	-124.632836000000	-124.626441000000
-124.323196000000	-124.328747000000	-124.474827000000
-124.328747000000	-124.480800000000	-124.474827000000
-124.171549000000	-124.176677000000	-124.323196000000
-124.176677000000	-124.323196000000	-124.328747000000
-124.019887000000	-124.024592000000	-124.171549000000
-124.024592000000	-124.171549000000	-124.176677000000
-123.868212000000	-123.872493000000	-124.019887000000
-123.872493000000	-124.019887000000	-124.024592000000
-123.716524000000	-123.720382000000	-123.868212000000
-123.720382000000	-123.868212000000	-123.872493000000
-123.564824000000	-123.568259000000	-123.716524000000
-123.568259000000	-123.716524000000	-123.720382000000
-123.413115000000	-123.416127000000	-123.564824000000
-123.416127000000	-123.564824000000	-123.568259000000
-123.261398000000	-123.263985000000	-123.413115000000
-123.263985000000	-123.413115000000	-123.416127000000
-123.111836000000	-123.109672000000	-123.261398000000
-123.111836000000	-123.261398000000	-123.263985000000
-122.957941000000	-122.959681000000	-123.109672000000
-122.959681000000	-123.111836000000	-123.109672000000
-122.806204000000	-122.807520000000	-122.957941000000
-122.807520000000	-122.957941000000	-122.959681000000
-122.654464000000	-122.655356000000	-122.806204000000
-122.655356000000	-122.806204000000	-122.807520000000
-122.502721000000	-122.503189000000	-122.654464000000
-122.503189000000	-122.654464000000	-122.655356000000
-122.350977000000	-122.351021000000	-122.502721000000
-122.351021000000	-122.502721000000	-122.503189000000
-122.199232000000	-122.198852000000	-122.350977000000
-122.198852000000	-122.350977000000	-122.351021000000
-122.047489000000	-122.046685000000	-122.199232000000
-122.046685000000	-122.199232000000	-122.198852000000
-121.894520000000	-121.895748000000	-122.047489000000
-121.894520000000	-122.047489000000	-122.046685000000
-121.742359000000	-121.744010000000	-121.895748000000
-121.742359000000	-121.894520000000	-121.895748000000
-121.590202000000	-121.592278000000	-121.744010000000
-121.590202000000	-121.742359000000	-121.744010000000
-125.224684000000	-125.232699000000	-125.375775000000
-125.232699000000	-125.384208000000	-125.375775000000
-125.073569000000	-125.081166000000	-125.224684000000
-125.081166000000	-125.224684000000	-125.232699000000
-124.929612000000	-124.922432000000	-125.073569000000
-124.929612000000	-125.073569000000	-125.081166000000
-124.778036000000	-124.771275000000	-124.922432000000
-124.778036000000	-124.929612000000	-124.922432000000
-124.626441000000	-124.620099000000	-124.771275000000
-124.626441000000	-124.778036000000	-124.771275000000
-124.474827000000	-124.468904000000	-124.620099000000
-124.474827000000	-124.626441000000	-124.620099000000
-124.317692000000	-124.323196000000	-124.468904000000
-124.323196000000	-124.474827000000	-124.468904000000
-124.166464000000	-124.171549000000	-124.317692000000
-124.171549000000	-124.317692000000	-124.323196000000
-124.019887000000	-124.015221000000	-124.166464000000
-124.019887000000	-124.166464000000	-124.171549000000
-123.868212000000	-123.863966000000	-124.015221000000
-123.868212000000	-124.019887000000	-124.015221000000
-123.716524000000	-123.712697000000	-123.863966000000
-123.716524000000	-123.868212000000	-123.863966000000
-123.561418000000	-123.564824000000	-123.712697000000
-123.564824000000	-123.716524000000	-123.712697000000
-123.410129000000	-123.413115000000	-123.561418000000
-123.413115000000	-123.561418000000	-123.564824000000
-123.258832000000	-123.261398000000	-123.410129000000
-123.261398000000	-123.410129000000	-123.413115000000
-123.109672000000	-123.107527000000	-123.258832000000
-123.109672000000	-123.258832000000	-123.261398000000
-122.956215000000	-122.957941000000	-123.107527000000
-122.957941000000	-123.109672000000	-123.107527000000
-122.804899000000	-122.806204000000	-122.956215000000
-122.806204000000	-122.956215000000	-122.957941000000
-122.653579000000	-122.654464000000	-122.804899000000
-122.654464000000	-122.804899000000	-122.806204000000
-122.502257000000	-122.502721000000	-122.653579000000
-122.502721000000	-122.653579000000	-122.654464000000
-122.350933000000	-122.350977000000	-122.502257000000
-122.350977000000	-122.502257000000	-122.502721000000
-122.199609000000	-122.199232000000	-122.350933000000
-122.199232000000	-122.350933000000	-122.350977000000
-122.048286000000	-122.047489000000	-122.199609000000
-122.047489000000	-122.199609000000	-122.199232000000
-121.896965000000	-121.895748000000	-122.048286000000
-121.895748000000	-122.048286000000	-122.047489000000
-121.744010000000	-121.745648000000	-121.896965000000
-121.744010000000	-121.896965000000	-121.895748000000
-121.592278000000	-121.594336000000	-121.745648000000
-121.592278000000	-121.744010000000	-121.745648000000
-125.224684000000	-125.216735000000	-125.367412000000
-125.224684000000	-125.375775000000	-125.367412000000
-125.073569000000	-125.066034000000	-125.216735000000
-125.073569000000	-125.224684000000	-125.216735000000
-124.922432000000	-124.915312000000	-125.066034000000
-124.922432000000	-125.073569000000	-125.066034000000
-124.771275000000	-124.764570000000	-124.915312000000
-124.771275000000	-124.922432000000	-124.915312000000
-124.613809000000	-124.620099000000	-124.764570000000
-124.620099000000	-124.771275000000	-124.764570000000
-124.463029000000	-124.468904000000	-124.613809000000
-124.468904000000	-124.613809000000	-124.620099000000
-124.317692000000	-124.312233000000	-124.463029000000
-124.317692000000	-124.463029000000	-124.468904000000
-124.161421000000	-124.166464000000	-124.312233000000
-124.166464000000	-124.317692000000	-124.312233000000
-124.015221000000	-124.010594000000	-124.161421000000
-124.015221000000	-124.161421000000	-124.166464000000
-123.863966000000	-123.859755000000	-124.010594000000
-123.863966000000	-124.015221000000	-124.010594000000
-123.712697000000	-123.708903000000	-123.859755000000
-123.712697000000	-123.863966000000	-123.859755000000
-123.558040000000	-123.561418000000	-123.708903000000
-123.561418000000	-123.712697000000	-123.708903000000
-123.407168000000	-123.410129000000	-123.558040000000
-123.410129000000	-123.558040000000	-123.561418000000
-123.256287000000	-123.258832000000	-123.407168000000
-123.258832000000	-123.407168000000	-123.410129000000
-123.105398000000	-123.107527000000	-123.256287000000
-123.107527000000	-123.256287000000	-123.258832000000
-122.954504000000	-122.956215000000	-123.105398000000
-122.956215000000	-123.105398000000	-123.107527000000
-122.803605000000	-122.804899000000	-122.954504000000
-122.804899000000	-122.954504000000	-122.956215000000
-122.652702000000	-122.653579000000	-122.803605000000
-122.653579000000	-122.803605000000	-122.804899000000
-122.501796000000	-122.502257000000	-122.652702000000
-122.502257000000	-122.652702000000	-122.653579000000
-122.350889000000	-122.350933000000	-122.501796000000
-122.350933000000	-122.501796000000	-122.502257000000
-122.199609000000	-122.199982000000	-122.350889000000
-122.199609000000	-122.350889000000	-122.350933000000
-122.048286000000	-122.049077000000	-122.199982000000
-122.048286000000	-122.199609000000	-122.199982000000
-121.896965000000	-121.898173000000	-122.049077000000
-121.896965000000	-122.048286000000	-122.049077000000
-121.745648000000	-121.747273000000	-121.898173000000
-121.745648000000	-121.896965000000	-121.898173000000
-121.594336000000	-121.596377000000	-121.747273000000
-121.594336000000	-121.745648000000	-121.747273000000
-125.216735000000	-125.208851000000	-125.359118000000
-125.216735000000	-125.367412000000	-125.359118000000
-125.066034000000	-125.058562000000	-125.208851000000
-125.066034000000	-125.216735000000	-125.208851000000
-124.915312000000	-124.908251000000	-125.058562000000
-124.915312000000	-125.066034000000	-125.058562000000
-124.757921000000	-124.764570000000	-124.908251000000
-124.764570000000	-124.915312000000	-124.908251000000
-124.607571000000	-124.613809000000	-124.757921000000
-124.613809000000	-124.757921000000	-124.764570000000
-124.457203000000	-124.463029000000	-124.607571000000
-124.463029000000	-124.607571000000	-124.613809000000
-124.312233000000	-124.306819000000	-124.457203000000
-124.312233000000	-124.457203000000	-124.463029000000
-124.156420000000	-124.161421000000	-124.306819000000
-124.161421000000	-124.312233000000	-124.306819000000
-124.010594000000	-124.006006000000	-124.156420000000
-124.010594000000	-124.156420000000	-124.161421000000
-123.859755000000	-123.855579000000	-124.006006000000
-123.859755000000	-124.010594000000	-124.006006000000
-123.708903000000	-123.705140000000	-123.855579000000
-123.708903000000	-123.859755000000	-123.855579000000
-123.558040000000	-123.554690000000	-123.705140000000
-123.558040000000	-123.708903000000	-123.705140000000
-123.407168000000	-123.404231000000	-123.554690000000
-123.407168000000	-123.558040000000	-123.554690000000
-123.253763000000	-123.256287000000	-123.404231000000
-123.256287000000	-123.407168000000	-123.404231000000
-123.103288000000	-123.105398000000	-123.253763000000
-123.105398000000	-123.253763000000	-123.256287000000
-122.954504000000	-122.952807000000	-123.103288000000
-122.954504000000	-123.103288000000	-123.105398000000
-122.803605000000	-122.802321000000	-122.952807000000
-122.803605000000	-122.954504000000	-122.952807000000
-122.652702000000	-122.651832000000	-122.802321000000
-122.652702000000	-122.803605000000	-122.802321000000
-122.501340000000	-122.501796000000	-122.651832000000
-122.501796000000	-122.652702000000	-122.651832000000
-122.350889000000	-122.350846000000	-122.501340000000
-122.350889000000	-122.501340000000	-122.501796000000
-122.199982000000	-122.200353000000	-122.350846000000
-122.199982000000	-122.350889000000	-122.350846000000
-122.049077000000	-122.049861000000	-122.200353000000
-122.049077000000	-122.199982000000	-122.200353000000
-121.898173000000	-121.899370000000	-122.049861000000
-121.898173000000	-122.049077000000	-122.049861000000
-121.747273000000	-121.748884000000	-121.899370000000
-121.747273000000	-121.898173000000	-121.899370000000
-121.596377000000	-121.598402000000	-121.748884000000
-121.596377000000	-121.747273000000	-121.748884000000
-125.208851000000	-125.201033000000	-125.350892000000
-125.208851000000	-125.350892000000	-125.359118000000
-125.058562000000	-125.051151000000	-125.201033000000
-125.058562000000	-125.208851000000	-125.201033000000
-124.908251000000	-124.901248000000	-125.051151000000
-124.908251000000	-125.058562000000	-125.051151000000
-124.751326000000	-124.757921000000	-124.901248000000
-124.757921000000	-124.908251000000	-124.901248000000
-124.601385000000	-124.607571000000	-124.751326000000
-124.607571000000	-124.751326000000	-124.757921000000
-124.451426000000	-124.457203000000	-124.601385000000
-124.457203000000	-124.601385000000	-124.607571000000
-124.306819000000	-124.301450000000	-124.451426000000
-124.306819000000	-124.451426000000	-124.457203000000
-124.151460000000	-124.156420000000	-124.301450000000
-124.156420000000	-124.306819000000	-124.301450000000
-124.001455000000	-124.006006000000	-124.151460000000
-124.006006000000	-124.151460000000	-124.156420000000
-123.855579000000	-123.851437000000	-124.001455000000
-123.855579000000	-124.001455000000	-124.006006000000
-123.705140000000	-123.701408000000	-123.851437000000
-123.705140000000	-123.855579000000	-123.851437000000
-123.554690000000	-123.551367000000	-123.701408000000
-123.554690000000	-123.705140000000	-123.701408000000
-123.404231000000	-123.401318000000	-123.551367000000
-123.404231000000	-123.554690000000	-123.551367000000
-123.251260000000	-123.253763000000	-123.401318000000
-123.253763000000	-123.404231000000	-123.401318000000
-123.101195000000	-123.103288000000	-123.251260000000
-123.103288000000	-123.251260000000	-123.253763000000
-122.951124000000	-122.952807000000	-123.101195000000
-122.952807000000	-123.101195000000	-123.103288000000
-122.802321000000	-122.801048000000	-122.951124000000
-122.802321000000	-122.951124000000	-122.952807000000
-122.651832000000	-122.650969000000	-122.801048000000
-122.651832000000	-122.802321000000	-122.801048000000
-122.500887000000	-122.501340000000	-122.650969000000
-122.501340000000	-122.651832000000	-122.650969000000
-122.350804000000	-122.350846000000	-122.500887000000
-122.350846000000	-122.500887000000	-122.501340000000
-122.200720000000	-122.200353000000	-122.350804000000
-122.200353000000	-122.350804000000	-122.350846000000
-122.049861000000	-122.050638000000	-122.200720000000
-122.049861000000	-122.200720000000	-122.200353000000
-121.899370000000	-121.900558000000	-122.050638000000
-121.899370000000	-122.049861000000	-122.050638000000
-121.748884000000	-121.750481000000	-121.900558000000
-121.748884000000	-121.899370000000	-121.900558000000
-121.598402000000	-121.600409000000	-121.750481000000
-121.598402000000	-121.748884000000	-121.750481000000
-125.201033000000	-125.193279000000	-125.342734000000
-125.201033000000	-125.342734000000	-125.350892000000
-125.051151000000	-125.043801000000	-125.193279000000
-125.051151000000	-125.201033000000	-125.193279000000
-124.901248000000	-124.894303000000	-125.043801000000
-124.901248000000	-125.051151000000	-125.043801000000
-124.751326000000	-124.744785000000	-124.894303000000
-124.751326000000	-124.901248000000	-124.894303000000
-124.595249000000	-124.601385000000	-124.744785000000
-124.601385000000	-124.751326000000	-124.744785000000
-124.445695000000	-124.451426000000	-124.595249000000
-124.451426000000	-124.595249000000	-124.601385000000
-124.296125000000	-124.301450000000	-124.445695000000
-124.301450000000	-124.445695000000	-124.451426000000
-124.146540000000	-124.151460000000	-124.296125000000
-124.151460000000	-124.296125000000	-124.301450000000
-123.996941000000	-124.001455000000	-124.146540000000
-124.001455000000	-124.146540000000	-124.151460000000
-123.851437000000	-123.847330000000	-123.996941000000
-123.851437000000	-123.996941000000	-124.001455000000
-123.697706000000	-123.701408000000	-123.847330000000
-123.701408000000	-123.851437000000	-123.847330000000
-123.551367000000	-123.548072000000	-123.697706000000
-123.551367000000	-123.697706000000	-123.701408000000
-123.401318000000	-123.398429000000	-123.548072000000
-123.401318000000	-123.551367000000	-123.548072000000
-123.251260000000	-123.248778000000	-123.398429000000
-123.251260000000	-123.401318000000	-123.398429000000
-123.099119000000	-123.101195000000	-123.248778000000
-123.101195000000	-123.251260000000	-123.248778000000
-122.949455000000	-122.951124000000	-123.099119000000
-122.951124000000	-123.099119000000	-123.101195000000
-122.799786000000	-122.801048000000	-122.949455000000
-122.801048000000	-122.949455000000	-122.951124000000
-122.650113000000	-122.650969000000	-122.799786000000
-122.650969000000	-122.799786000000	-122.801048000000
-122.500438000000	-122.500887000000	-122.650113000000
-122.500887000000	-122.650113000000	-122.650969000000
-122.350761000000	-122.350804000000	-122.500438000000
-122.350804000000	-122.500438000000	-122.500887000000
-122.201085000000	-122.200720000000	-122.350761000000
-122.200720000000	-122.350761000000	-122.350804000000
-122.051409000000	-122.050638000000	-122.201085000000
-122.050638000000	-122.201085000000	-122.200720000000
-121.901736000000	-121.900558000000	-122.051409000000
-121.900558000000	-122.051409000000	-122.050638000000
-121.750481000000	-121.752066000000	-121.901736000000
-121.750481000000	-121.901736000000	-121.900558000000
-121.600409000000	-121.602400000000	-121.752066000000
-121.600409000000	-121.750481000000	-121.752066000000
-125.193279000000	-125.185588000000	-125.334643000000
-125.193279000000	-125.334643000000	-125.342734000000
-125.036512000000	-125.043801000000	-125.185588000000
-125.043801000000	-125.193279000000	-125.185588000000
-124.894303000000	-124.887415000000	-125.036512000000
-124.894303000000	-125.036512000000	-125.043801000000
-124.744785000000	-124.738299000000	-124.887415000000
-124.744785000000	-124.894303000000	-124.887415000000
-124.595249000000	-124.589164000000	-124.738299000000
-124.595249000000	-124.744785000000	-124.738299000000
-124.445695000000	-124.440012000000	-124.589164000000
-124.445695000000	-124.595249000000	-124.589164000000
-124.290844000000	-124.296125000000	-124.440012000000
-124.296125000000	-124.445695000000	-124.440012000000
-124.141662000000	-124.146540000000	-124.290844000000
-124.146540000000	-124.290844000000	-124.296125000000
-123.996941000000	-123.992465000000	-124.141662000000
-123.996941000000	-124.141662000000	-124.146540000000
-123.847330000000	-123.843256000000	-123.992465000000
-123.847330000000	-123.996941000000	-123.992465000000
-123.694035000000	-123.697706000000	-123.843256000000
-123.697706000000	-123.847330000000	-123.843256000000
-123.548072000000	-123.544804000000	-123.694035000000
-123.548072000000	-123.694035000000	-123.697706000000
-123.398429000000	-123.395564000000	-123.544804000000
-123.398429000000	-123.548072000000	-123.544804000000
-123.246316000000	-123.248778000000	-123.395564000000
-123.248778000000	-123.398429000000	-123.395564000000
-123.097060000000	-123.099119000000	-123.246316000000
-123.099119000000	-123.246316000000	-123.248778000000
-122.947799000000	-122.949455000000	-123.097060000000
-122.949455000000	-123.097060000000	-123.099119000000
-122.798533000000	-122.799786000000	-122.947799000000
-122.799786000000	-122.947799000000	-122.949455000000
-122.649264000000	-122.650113000000	-122.798533000000
-122.650113000000	-122.798533000000	-122.799786000000
-122.499992000000	-122.500438000000	-122.649264000000
-122.500438000000	-122.649264000000	-122.650113000000
-122.350719000000	-122.350761000000	-122.499992000000
-122.350761000000	-122.499992000000	-122.500438000000
-122.201446000000	-122.201085000000	-122.350719000000
-122.201085000000	-122.350719000000	-122.350761000000
-122.052174000000	-122.051409000000	-122.201446000000
-122.051409000000	-122.201446000000	-122.201085000000
-121.901736000000	-121.902904000000	-122.052174000000
-121.901736000000	-122.052174000000	-122.051409000000
-121.752066000000	-121.753637000000	-121.902904000000
-121.752066000000	-121.901736000000	-121.902904000000
-121.602400000000	-121.604375000000	-121.753637000000
-121.602400000000	-121.752066000000	-121.753637000000
-125.185588000000	-125.177961000000	-125.326618000000
-125.185588000000	-125.334643000000	-125.326618000000
-125.036512000000	-125.029282000000	-125.177961000000
-125.036512000000	-125.185588000000	-125.177961000000
-124.887415000000	-124.880583000000	-125.029282000000
-124.887415000000	-125.036512000000	-125.029282000000
-124.738299000000	-124.731865000000	-124.880583000000
-124.738299000000	-124.887415000000	-124.880583000000
-124.589164000000	-124.583129000000	-124.731865000000
-124.589164000000	-124.738299000000	-124.731865000000
-124.440012000000	-124.434376000000	-124.583129000000
-124.440012000000	-124.589164000000	-124.583129000000
-124.285607000000	-124.290844000000	-124.434376000000
-124.290844000000	-124.440012000000	-124.434376000000
-124.136823000000	-124.141662000000	-124.285607000000
-124.141662000000	-124.285607000000	-124.290844000000
-123.988026000000	-123.992465000000	-124.136823000000
-123.992465000000	-124.136823000000	-124.141662000000
-123.843256000000	-123.839216000000	-123.988026000000
-123.843256000000	-123.988026000000	-123.992465000000
-123.690395000000	-123.694035000000	-123.839216000000
-123.694035000000	-123.843256000000	-123.839216000000
-123.544804000000	-123.541563000000	-123.690395000000
-123.544804000000	-123.690395000000	-123.694035000000
-123.395564000000	-123.392723000000	-123.541563000000
-123.395564000000	-123.544804000000	-123.541563000000
-123.243874000000	-123.246316000000	-123.392723000000
-123.246316000000	-123.395564000000	-123.392723000000
-123.095018000000	-123.097060000000	-123.243874000000
-123.097060000000	-123.243874000000	-123.246316000000
-122.946157000000	-122.947799000000	-123.095018000000
-122.947799000000	-123.095018000000	-123.097060000000
-122.797291000000	-122.798533000000	-122.946157000000
-122.798533000000	-122.946157000000	-122.947799000000
-122.648422000000	-122.649264000000	-122.797291000000
-122.649264000000	-122.797291000000	-122.798533000000
-122.499550000000	-122.499992000000	-122.648422000000
-122.499992000000	-122.648422000000	-122.649264000000
-122.350719000000	-122.350678000000	-122.499550000000
-122.350719000000	-122.499550000000	-122.499992000000
-122.201804000000	-122.201446000000	-122.350678000000
-122.201446000000	-122.350719000000	-122.350678000000
-122.052932000000	-122.052174000000	-122.201804000000
-122.052174000000	-122.201804000000	-122.201446000000
-121.904062000000	-121.902904000000	-122.052932000000
-121.902904000000	-122.052932000000	-122.052174000000
-121.753637000000	-121.755196000000	-121.904062000000
-121.753637000000	-121.904062000000	-121.902904000000
-121.604375000000	-121.606334000000	-121.755196000000
-121.604375000000	-121.753637000000	-121.755196000000
-125.177961000000	-125.170396000000	-125.326618000000
-125.029282000000	-125.022112000000	-125.170396000000
-125.029282000000	-125.177961000000	-125.170396000000
-124.880583000000	-124.873808000000	-125.022112000000
-124.880583000000	-125.029282000000	-125.022112000000
-124.731865000000	-124.725485000000	-124.873808000000
-124.731865000000	-124.880583000000	-124.873808000000
-124.583129000000	-124.577143000000	-124.725485000000
-124.583129000000	-124.731865000000	-124.725485000000
-124.434376000000	-124.428786000000	-124.577143000000
-124.434376000000	-124.583129000000	-124.577143000000
-124.280412000000	-124.285607000000	-124.428786000000
-124.285607000000	-124.434376000000	-124.428786000000
-124.132024000000	-124.136823000000	-124.280412000000
-124.136823000000	-124.280412000000	-124.285607000000
-123.983623000000	-123.988026000000	-124.132024000000
-123.988026000000	-124.132024000000	-124.136823000000
-123.839216000000	-123.835209000000	-123.983623000000
-123.839216000000	-123.983623000000	-123.988026000000
-123.686784000000	-123.690395000000	-123.835209000000
-123.690395000000	-123.839216000000	-123.835209000000
-123.538349000000	-123.541563000000	-123.686784000000
-123.541563000000	-123.686784000000	-123.690395000000
-123.392723000000	-123.389904000000	-123.538349000000
-123.392723000000	-123.538349000000	-123.541563000000
-123.243874000000	-123.241452000000	-123.389904000000
-123.243874000000	-123.392723000000	-123.389904000000
-123.095018000000	-123.092993000000	-123.241452000000
-123.095018000000	-123.243874000000	-123.241452000000
-122.946157000000	-122.944529000000	-123.092993000000
-122.946157000000	-123.095018000000	-123.092993000000
-122.796060000000	-122.797291000000	-122.944529000000
-122.797291000000	-122.946157000000	-122.944529000000
-122.647587000000	-122.648422000000	-122.796060000000
-122.648422000000	-122.796060000000	-122.797291000000
-122.499112000000	-122.499550000000	-122.647587000000
-122.499550000000	-122.647587000000	-122.648422000000
-122.350678000000	-122.350636000000	-122.499112000000
-122.350678000000	-122.499112000000	-122.499550000000
-122.201804000000	-122.202160000000	-122.350636000000
-122.201804000000	-122.350678000000	-122.350636000000
-122.053685000000	-122.052932000000	-122.202160000000
-122.052932000000	-122.201804000000	-122.202160000000
-121.904062000000	-121.905212000000	-122.053685000000
-121.904062000000	-122.053685000000	-122.052932000000
-121.755196000000	-121.756742000000	-121.905212000000
-121.755196000000	-121.904062000000	-121.905212000000
-121.608276000000	-121.606334000000	-121.756742000000
-121.606334000000	-121.755196000000	-121.756742000000
-125.022112000000	-125.015000000000	-125.162893000000
-125.022112000000	-125.170396000000	-125.162893000000
-124.867087000000	-124.873808000000	-125.015000000000
-124.873808000000	-125.022112000000	-125.015000000000
-124.725485000000	-124.719156000000	-124.867087000000
-124.725485000000	-124.867087000000	-124.873808000000
-124.577143000000	-124.571207000000	-124.719156000000
-124.577143000000	-124.725485000000	-124.719156000000
-124.428786000000	-124.423241000000	-124.571207000000
-124.428786000000	-124.577143000000	-124.571207000000
-124.280412000000	-124.275260000000	-124.423241000000
-124.280412000000	-124.428786000000	-124.423241000000
-124.132024000000	-124.127264000000	-124.275260000000
-124.132024000000	-124.280412000000	-124.275260000000
-123.979255000000	-123.983623000000	-124.127264000000
-123.983623000000	-124.132024000000	-124.127264000000
-123.831234000000	-123.835209000000	-123.979255000000
-123.835209000000	-123.979255000000	-123.983623000000
-123.683202000000	-123.686784000000	-123.831234000000
-123.686784000000	-123.831234000000	-123.835209000000
-123.535160000000	-123.538349000000	-123.683202000000
-123.538349000000	-123.683202000000	-123.686784000000
-123.389904000000	-123.387109000000	-123.535160000000
-123.389904000000	-123.535160000000	-123.538349000000
-123.241452000000	-123.239050000000	-123.387109000000
-123.241452000000	-123.389904000000	-123.387109000000
-123.092993000000	-123.090985000000	-123.239050000000
-123.092993000000	-123.241452000000	-123.239050000000
-122.944529000000	-122.942914000000	-123.090985000000
-122.944529000000	-123.092993000000	-123.090985000000
-122.796060000000	-122.794838000000	-122.942914000000
-122.796060000000	-122.944529000000	-122.942914000000
-122.647587000000	-122.646759000000	-122.794838000000
-122.647587000000	-122.796060000000	-122.794838000000
-122.498678000000	-122.499112000000	-122.646759000000
-122.499112000000	-122.647587000000	-122.646759000000
-122.350595000000	-122.350636000000	-122.498678000000
-122.350636000000	-122.498678000000	-122.499112000000
-122.202512000000	-122.202160000000	-122.350595000000
-122.202160000000	-122.350595000000	-122.350636000000
-122.053685000000	-122.054431000000	-122.202512000000
-122.053685000000	-122.202512000000	-122.202160000000
-121.905212000000	-121.906351000000	-122.054431000000
-121.905212000000	-122.053685000000	-122.054431000000
-121.756742000000	-121.758275000000	-121.906351000000
-121.756742000000	-121.905212000000	-121.906351000000
-121.608276000000	-121.610203000000	-121.758275000000
-121.608276000000	-121.756742000000	-121.758275000000
-125.015000000000	-125.007947000000	-125.155452000000
-125.015000000000	-125.162893000000	-125.155452000000
-124.860422000000	-124.867087000000	-125.007947000000
-124.867087000000	-125.015000000000	-125.007947000000
-124.719156000000	-124.712879000000	-124.860422000000
-124.719156000000	-124.860422000000	-124.867087000000
-124.571207000000	-124.565319000000	-124.712879000000
-124.571207000000	-124.719156000000	-124.712879000000
-124.423241000000	-124.417742000000	-124.565319000000
-124.423241000000	-124.571207000000	-124.565319000000
-124.275260000000	-124.270150000000	-124.417742000000
-124.275260000000	-124.423241000000	-124.417742000000
-124.127264000000	-124.122543000000	-124.270150000000
-124.127264000000	-124.275260000000	-124.270150000000
-123.979255000000	-123.974924000000	-124.122543000000
-123.979255000000	-124.127264000000	-124.122543000000
-123.827293000000	-123.831234000000	-123.974924000000
-123.831234000000	-123.979255000000	-123.974924000000
-123.679650000000	-123.683202000000	-123.827293000000
-123.683202000000	-123.827293000000	-123.831234000000
-123.535160000000	-123.531998000000	-123.679650000000
-123.535160000000	-123.679650000000	-123.683202000000
-123.387109000000	-123.384337000000	-123.531998000000
-123.387109000000	-123.535160000000	-123.531998000000
-123.239050000000	-123.236668000000	-123.384337000000
-123.239050000000	-123.387109000000	-123.384337000000
-123.090985000000	-123.088993000000	-123.236668000000
-123.090985000000	-123.239050000000	-123.236668000000
-122.942914000000	-122.941312000000	-123.088993000000
-122.942914000000	-123.090985000000	-123.088993000000
-122.794838000000	-122.793627000000	-122.941312000000
-122.794838000000	-122.942914000000	-122.941312000000
-122.645938000000	-122.646759000000	-122.793627000000
-122.646759000000	-122.794838000000	-122.793627000000
-122.498247000000	-122.498678000000	-122.645938000000
-122.498678000000	-122.645938000000	-122.646759000000
-122.350554000000	-122.350595000000	-122.498247000000
-122.350595000000	-122.498247000000	-122.498678000000
-122.202862000000	-122.202512000000	-122.350554000000
-122.202512000000	-122.350554000000	-122.350595000000
-122.055171000000	-122.054431000000	-122.202862000000
-122.054431000000	-122.202862000000	-122.202512000000
-121.907481000000	-121.906351000000	-122.055171000000
-121.906351000000	-122.055171000000	-122.054431000000
-121.759795000000	-121.758275000000	-121.907481000000
-121.758275000000	-121.907481000000	-121.906351000000
-121.610203000000	-121.612113000000	-121.759795000000
-121.610203000000	-121.759795000000	-121.758275000000
-125.007947000000	-125.000950000000	-125.148070000000
-125.007947000000	-125.155452000000	-125.148070000000
-124.853811000000	-124.860422000000	-125.000950000000
-124.860422000000	-125.007947000000	-125.000950000000
-124.706653000000	-124.712879000000	-124.853811000000
-124.712879000000	-124.853811000000	-124.860422000000
-124.565319000000	-124.559479000000	-124.706653000000
-124.565319000000	-124.706653000000	-124.712879000000
-124.417742000000	-124.412287000000	-124.559479000000
-124.417742000000	-124.565319000000	-124.559479000000
-124.270150000000	-124.265081000000	-124.412287000000
-124.270150000000	-124.417742000000	-124.412287000000
-124.122543000000	-124.117861000000	-124.265081000000
-124.122543000000	-124.270150000000	-124.265081000000
-123.974924000000	-123.970628000000	-124.117861000000
-123.974924000000	-124.122543000000	-124.117861000000
-123.827293000000	-123.823383000000	-123.970628000000
-123.827293000000	-123.974924000000	-123.970628000000
-123.679650000000	-123.676127000000	-123.823383000000
-123.679650000000	-123.827293000000	-123.823383000000
-123.531998000000	-123.528862000000	-123.676127000000
-123.531998000000	-123.679650000000	-123.676127000000
-123.384337000000	-123.381587000000	-123.528862000000
-123.384337000000	-123.531998000000	-123.528862000000
-123.236668000000	-123.234305000000	-123.381587000000
-123.236668000000	-123.384337000000	-123.381587000000
-123.088993000000	-123.087017000000	-123.234305000000
-123.088993000000	-123.236668000000	-123.234305000000
-122.939723000000	-122.941312000000	-123.087017000000
-122.941312000000	-123.088993000000	-123.087017000000
-122.792425000000	-122.793627000000	-122.939723000000
-122.793627000000	-122.939723000000	-122.941312000000
-122.645123000000	-122.645938000000	-122.792425000000
-122.645938000000	-122.792425000000	-122.793627000000
-122.497819000000	-122.498247000000	-122.645123000000
-122.498247000000	-122.645123000000	-122.645938000000
-122.350554000000	-122.350514000000	-122.497819000000
-122.350554000000	-122.497819000000	-122.498247000000
-122.202862000000	-122.203209000000	-122.350514000000
-122.202862000000	-122.350554000000	-122.350514000000
-122.055905000000	-122.055171000000	-122.203209000000
-122.055171000000	-122.202862000000	-122.203209000000
-121.908603000000	-121.907481000000	-122.055905000000
-121.907481000000	-122.055905000000	-122.055171000000
-121.759795000000	-121.761303000000	-121.908603000000
-121.759795000000	-121.908603000000	-121.907481000000
-121.614008000000	-121.612113000000	-121.761303000000
-121.612113000000	-121.759795000000	-121.761303000000
-124.994011000000	-125.000950000000	-125.140749000000
-125.000950000000	-125.148070000000	-125.140749000000
-124.847254000000	-124.853811000000	-124.994011000000
-124.853811000000	-124.994011000000	-125.000950000000
-124.706653000000	-124.700478000000	-124.847254000000
-124.706653000000	-124.847254000000	-124.853811000000
-124.559479000000	-124.553686000000	-124.700478000000
-124.559479000000	-124.706653000000	-124.700478000000
-124.412287000000	-124.406878000000	-124.553686000000
-124.412287000000	-124.559479000000	-124.553686000000
-124.265081000000	-124.260054000000	-124.406878000000
-124.265081000000	-124.412287000000	-124.406878000000
-124.117861000000	-124.113217000000	-124.260054000000
-124.117861000000	-124.265081000000	-124.260054000000
-123.970628000000	-123.966367000000	-124.113217000000
-123.970628000000	-124.117861000000	-124.113217000000
-123.823383000000	-123.819505000000	-123.966367000000
-123.823383000000	-123.970628000000	-123.966367000000
-123.676127000000	-123.672633000000	-123.819505000000
-123.676127000000	-123.823383000000	-123.819505000000
-123.528862000000	-123.525751000000	-123.672633000000
-123.528862000000	-123.676127000000	-123.672633000000
-123.381587000000	-123.378860000000	-123.525751000000
-123.381587000000	-123.528862000000	-123.525751000000
-123.234305000000	-123.231962000000	-123.378860000000
-123.234305000000	-123.381587000000	-123.378860000000
-123.085057000000	-123.087017000000	-123.231962000000
-123.087017000000	-123.234305000000	-123.231962000000
-122.938147000000	-122.939723000000	-123.085057000000
-122.939723000000	-123.085057000000	-123.087017000000
-122.791233000000	-122.792425000000	-122.938147000000
-122.792425000000	-122.938147000000	-122.939723000000
-122.644315000000	-122.645123000000	-122.791233000000
-122.645123000000	-122.791233000000	-122.792425000000
-122.497395000000	-122.497819000000	-122.644315000000
-122.497819000000	-122.644315000000	-122.645123000000
-122.350474000000	-122.350514000000	-122.497395000000
-122.350514000000	-122.497395000000	-122.497819000000
-122.203553000000	-122.203209000000	-122.350474000000
-122.203209000000	-122.350474000000	-122.350514000000
-122.055905000000	-122.056633000000	-122.203553000000
-122.055905000000	-122.203553000000	-122.203209000000
-121.908603000000	-121.909714000000	-122.056633000000
-121.908603000000	-122.055905000000	-122.056633000000
-121.762799000000	-121.761303000000	-121.909714000000
-121.761303000000	-121.908603000000	-121.909714000000
-121.615888000000	-121.614008000000	-121.762799000000
-121.614008000000	-121.762799000000	-121.761303000000
-124.987128000000	-124.994011000000	-125.133488000000
-124.994011000000	-125.140749000000	-125.133488000000
-124.847254000000	-124.840750000000	-124.987128000000
-124.847254000000	-124.987128000000	-124.994011000000
-124.700478000000	-124.694354000000	-124.840750000000
-124.700478000000	-124.847254000000	-124.840750000000
-124.553686000000	-124.547940000000	-124.694354000000
-124.553686000000	-124.700478000000	-124.694354000000
-124.406878000000	-124.401512000000	-124.547940000000
-124.406878000000	-124.553686000000	-124.547940000000
-124.260054000000	-124.255068000000	-124.401512000000
-124.260054000000	-124.406878000000	-124.401512000000
-124.113217000000	-124.108611000000	-124.255068000000
-124.113217000000	-124.260054000000	-124.255068000000
-123.966367000000	-123.962141000000	-124.108611000000
-123.966367000000	-124.113217000000	-124.108611000000
-123.819505000000	-123.815659000000	-123.962141000000
-123.819505000000	-123.966367000000	-123.962141000000
-123.672633000000	-123.669167000000	-123.815659000000
-123.672633000000	-123.819505000000	-123.815659000000
-123.525751000000	-123.522665000000	-123.669167000000
-123.525751000000	-123.672633000000	-123.669167000000
-123.378860000000	-123.376155000000	-123.522665000000
-123.378860000000	-123.525751000000	-123.522665000000
-123.231962000000	-123.229638000000	-123.376155000000
-123.231962000000	-123.378860000000	-123.376155000000
-123.083114000000	-123.085057000000	-123.229638000000
-123.085057000000	-123.231962000000	-123.229638000000
-122.936584000000	-122.938147000000	-123.083114000000
-122.938147000000	-123.083114000000	-123.085057000000
-122.790051000000	-122.791233000000	-122.936584000000
-122.791233000000	-122.936584000000	-122.938147000000
-122.643514000000	-122.644315000000	-122.790051000000
-122.644315000000	-122.790051000000	-122.791233000000
-122.496975000000	-122.497395000000	-122.643514000000
-122.497395000000	-122.643514000000	-122.644315000000
-122.350474000000	-122.350434000000	-122.496975000000
-122.350474000000	-122.496975000000	-122.497395000000
-122.203894000000	-122.203553000000	-122.350434000000
-122.203553000000	-122.350474000000	-122.350434000000
-122.056633000000	-122.057355000000	-122.203894000000
-122.056633000000	-122.203894000000	-122.203553000000
-121.909714000000	-121.910817000000	-122.057355000000
-121.909714000000	-122.056633000000	-122.057355000000
-121.762799000000	-121.764283000000	-121.910817000000
-121.762799000000	-121.909714000000	-121.910817000000
-121.615888000000	-121.617753000000	-121.764283000000
-121.615888000000	-121.762799000000	-121.764283000000
-124.987128000000	-124.980301000000	-125.126285000000
-124.987128000000	-125.133488000000	-125.126285000000
-124.840750000000	-124.834299000000	-124.980301000000
-124.840750000000	-124.987128000000	-124.980301000000
-124.694354000000	-124.688278000000	-124.834299000000
-124.694354000000	-124.840750000000	-124.834299000000
-124.547940000000	-124.542242000000	-124.688278000000
-124.547940000000	-124.694354000000	-124.688278000000
-124.401512000000	-124.396189000000	-124.542242000000
-124.401512000000	-124.547940000000	-124.542242000000
-124.255068000000	-124.250122000000	-124.396189000000
-124.255068000000	-124.401512000000	-124.396189000000
-124.108611000000	-124.104042000000	-124.250122000000
-124.108611000000	-124.255068000000	-124.250122000000
-123.962141000000	-123.957949000000	-124.104042000000
-123.962141000000	-124.108611000000	-124.104042000000
-123.815659000000	-123.811844000000	-123.957949000000
-123.815659000000	-123.962141000000	-123.957949000000
-123.669167000000	-123.665729000000	-123.811844000000
-123.669167000000	-123.815659000000	-123.811844000000
-123.522665000000	-123.519605000000	-123.665729000000
-123.522665000000	-123.669167000000	-123.665729000000
-123.376155000000	-123.373472000000	-123.519605000000
-123.376155000000	-123.522665000000	-123.519605000000
-123.229638000000	-123.227332000000	-123.373472000000
-123.229638000000	-123.376155000000	-123.373472000000
-123.081186000000	-123.083114000000	-123.227332000000
-123.083114000000	-123.229638000000	-123.227332000000
-122.935034000000	-122.936584000000	-123.081186000000
-122.936584000000	-123.081186000000	-123.083114000000
-122.788878000000	-122.790051000000	-122.935034000000
-122.790051000000	-122.935034000000	-122.936584000000
-122.642719000000	-122.643514000000	-122.788878000000
-122.643514000000	-122.788878000000	-122.790051000000
-122.496558000000	-122.496975000000	-122.642719000000
-122.496975000000	-122.642719000000	-122.643514000000
-122.350395000000	-122.350434000000	-122.496558000000
-122.350434000000	-122.496558000000	-122.496975000000
-122.204233000000	-122.203894000000	-122.350395000000
-122.203894000000	-122.350395000000	-122.350434000000
-122.057355000000	-122.058071000000	-122.204233000000
-122.057355000000	-122.204233000000	-122.203894000000
-121.910817000000	-121.911911000000	-122.058071000000
-121.910817000000	-122.057355000000	-122.058071000000
-121.764283000000	-121.765755000000	-121.911911000000
-121.764283000000	-121.910817000000	-121.911911000000
-121.617753000000	-121.619602000000	-121.765755000000
-121.617753000000	-121.764283000000	-121.765755000000
-124.980301000000	-124.973530000000	-125.119141000000
-124.980301000000	-125.126285000000	-125.119141000000
-124.834299000000	-124.827900000000	-124.973530000000
-124.834299000000	-124.980301000000	-124.973530000000
-124.688278000000	-124.682253000000	-124.827900000000
-124.688278000000	-124.834299000000	-124.827900000000
-124.542242000000	-124.536589000000	-124.682253000000
-124.542242000000	-124.688278000000	-124.682253000000
-124.396189000000	-124.390910000000	-124.536589000000
-124.396189000000	-124.542242000000	-124.536589000000
-124.250122000000	-124.245216000000	-124.390910000000
-124.250122000000	-124.396189000000	-124.390910000000
-124.104042000000	-124.099510000000	-124.245216000000
-124.104042000000	-124.250122000000	-124.245216000000
-123.957949000000	-123.953790000000	-124.099510000000
-123.957949000000	-124.104042000000	-124.099510000000
-123.811844000000	-123.808060000000	-123.953790000000
-123.811844000000	-123.957949000000	-123.953790000000
-123.665729000000	-123.662319000000	-123.808060000000
-123.665729000000	-123.811844000000	-123.808060000000
-123.519605000000	-123.516569000000	-123.662319000000
-123.519605000000	-123.665729000000	-123.662319000000
-123.373472000000	-123.370811000000	-123.516569000000
-123.373472000000	-123.519605000000	-123.516569000000
-123.227332000000	-123.225045000000	-123.370811000000
-123.227332000000	-123.373472000000	-123.370811000000
-123.079273000000	-123.081186000000	-123.225045000000
-123.081186000000	-123.227332000000	-123.225045000000
-122.933496000000	-122.935034000000	-123.079273000000
-122.935034000000	-123.079273000000	-123.081186000000
-122.787715000000	-122.788878000000	-122.933496000000
-122.788878000000	-122.933496000000	-122.935034000000
-122.641930000000	-122.642719000000	-122.787715000000
-122.642719000000	-122.787715000000	-122.788878000000
-122.496144000000	-122.496558000000	-122.641930000000
-122.496558000000	-122.641930000000	-122.642719000000
-122.350356000000	-122.350395000000	-122.496144000000
-122.350395000000	-122.496144000000	-122.496558000000
-122.204233000000	-122.204568000000	-122.350356000000
-122.204233000000	-122.350356000000	-122.350395000000
-122.058071000000	-122.058781000000	-122.204568000000
-122.058071000000	-122.204233000000	-122.204568000000
-121.911911000000	-121.912996000000	-122.058781000000
-121.911911000000	-122.058071000000	-122.058781000000
-121.765755000000	-121.767214000000	-121.912996000000
-121.765755000000	-121.911911000000	-121.912996000000
-121.621436000000	-121.619602000000	-121.767214000000
-121.619602000000	-121.765755000000	-121.767214000000
-124.973530000000	-124.966813000000	-125.119141000000
-124.827900000000	-124.821553000000	-124.966813000000
-124.827900000000	-124.973530000000	-124.966813000000
-124.682253000000	-124.676276000000	-124.821553000000
-124.682253000000	-124.827900000000	-124.821553000000
-124.536589000000	-124.530982000000	-124.676276000000
-124.536589000000	-124.682253000000	-124.676276000000
-124.390910000000	-124.385673000000	-124.530982000000
-124.390910000000	-124.536589000000	-124.530982000000
-124.245216000000	-124.240351000000	-124.385673000000
-124.245216000000	-124.390910000000	-124.385673000000
-124.099510000000	-124.095014000000	-124.240351000000
-124.099510000000	-124.245216000000	-124.240351000000
-123.953790000000	-123.949666000000	-124.095014000000
-123.953790000000	-124.099510000000	-124.095014000000
-123.808060000000	-123.804307000000	-123.949666000000
-123.808060000000	-123.953790000000	-123.949666000000
-123.662319000000	-123.658937000000	-123.804307000000
-123.662319000000	-123.808060000000	-123.804307000000
-123.516569000000	-123.513558000000	-123.658937000000
-123.516569000000	-123.662319000000	-123.658937000000
-123.370811000000	-123.368171000000	-123.513558000000
-123.370811000000	-123.516569000000	-123.513558000000
-123.222777000000	-123.225045000000	-123.368171000000
-123.225045000000	-123.370811000000	-123.368171000000
-123.077376000000	-123.079273000000	-123.222777000000
-123.079273000000	-123.222777000000	-123.225045000000
-122.933496000000	-122.931971000000	-123.077376000000
-122.933496000000	-123.077376000000	-123.079273000000
-122.787715000000	-122.786561000000	-122.931971000000
-122.787715000000	-122.933496000000	-122.931971000000
-122.641148000000	-122.641930000000	-122.786561000000
-122.641930000000	-122.787715000000	-122.786561000000
-122.495733000000	-122.496144000000	-122.641148000000
-122.496144000000	-122.641148000000	-122.641930000000
-122.350317000000	-122.350356000000	-122.495733000000
-122.350356000000	-122.495733000000	-122.496144000000
-122.204568000000	-122.204901000000	-122.350317000000
-122.204568000000	-122.350317000000	-122.350356000000
-122.059486000000	-122.058781000000	-122.204901000000
-122.058781000000	-122.204568000000	-122.204901000000
-121.914073000000	-121.912996000000	-122.059486000000
-121.912996000000	-122.059486000000	-122.058781000000
-121.768662000000	-121.767214000000	-121.914073000000
-121.767214000000	-121.914073000000	-121.912996000000
-121.623256000000	-121.621436000000	-121.768662000000
-121.621436000000	-121.768662000000	-121.767214000000
-124.821553000000	-124.815257000000	-124.960150000000
-124.821553000000	-124.966813000000	-124.960150000000
-124.676276000000	-124.670347000000	-124.815257000000
-124.676276000000	-124.821553000000	-124.815257000000
-124.530982000000	-124.525421000000	-124.670347000000
-124.530982000000	-124.676276000000	-124.670347000000
-124.385673000000	-124.380479000000	-124.525421000000
-124.385673000000	-124.530982000000	-124.525421000000
-124.240351000000	-124.235524000000	-124.380479000000
-124.240351000000	-124.385673000000	-124.380479000000
-124.095014000000	-124.090555000000	-124.235524000000
-124.095014000000	-124.240351000000	-124.235524000000
-123.949666000000	-123.945575000000	-124.090555000000
-123.949666000000	-124.095014000000	-124.090555000000
-123.804307000000	-123.800584000000	-123.945575000000
-123.804307000000	-123.949666000000	-123.945575000000
-123.658937000000	-123.655582000000	-123.800584000000
-123.658937000000	-123.804307000000	-123.800584000000
-123.513558000000	-123.510571000000	-123.655582000000
-123.513558000000	-123.658937000000	-123.655582000000
-123.368171000000	-123.365553000000	-123.510571000000
-123.368171000000	-123.513558000000	-123.510571000000
-123.222777000000	-123.220527000000	-123.365553000000
-123.222777000000	-123.368171000000	-123.365553000000
-123.077376000000	-123.075495000000	-123.220527000000
-123.077376000000	-123.222777000000	-123.220527000000
-122.931971000000	-122.930458000000	-123.075495000000
-122.931971000000	-123.077376000000	-123.075495000000
-122.786561000000	-122.785417000000	-122.930458000000
-122.786561000000	-122.931971000000	-122.930458000000
-122.640373000000	-122.641148000000	-122.785417000000
-122.641148000000	-122.786561000000	-122.785417000000
-122.495326000000	-122.495733000000	-122.640373000000
-122.495733000000	-122.640373000000	-122.641148000000
-122.350317000000	-122.350279000000	-122.495326000000
-122.350317000000	-122.495326000000	-122.495733000000
-122.205231000000	-122.204901000000	-122.350279000000
-122.204901000000	-122.350317000000	-122.350279000000
-122.060185000000	-122.059486000000	-122.205231000000
-122.059486000000	-122.205231000000	-122.204901000000
-121.915140000000	-121.914073000000	-122.060185000000
-121.914073000000	-122.060185000000	-122.059486000000
-121.770098000000	-121.768662000000	-121.915140000000
-121.768662000000	-121.915140000000	-121.914073000000
-121.625060000000	-121.623256000000	-121.770098000000
-121.623256000000	-121.770098000000	-121.768662000000
-124.815257000000	-124.809012000000	-124.953541000000
-124.815257000000	-124.960150000000	-124.953541000000
-124.670347000000	-124.664466000000	-124.809012000000
-124.670347000000	-124.815257000000	-124.809012000000
-124.525421000000	-124.519904000000	-124.664466000000
-124.525421000000	-124.670347000000	-124.664466000000
-124.380479000000	-124.375327000000	-124.519904000000
-124.380479000000	-124.525421000000	-124.519904000000
-124.235524000000	-124.230736000000	-124.375327000000
-124.235524000000	-124.380479000000	-124.375327000000
-124.090555000000	-124.086133000000	-124.230736000000
-124.090555000000	-124.235524000000	-124.230736000000
-123.945575000000	-123.941517000000	-124.086133000000
-123.945575000000	-124.090555000000	-124.086133000000
-123.800584000000	-123.796891000000	-123.941517000000
-123.800584000000	-123.945575000000	-123.941517000000
-123.655582000000	-123.652254000000	-123.796891000000
-123.655582000000	-123.800584000000	-123.796891000000
-123.510571000000	-123.507609000000	-123.652254000000
-123.510571000000	-123.655582000000	-123.652254000000
-123.365553000000	-123.362955000000	-123.507609000000
-123.365553000000	-123.510571000000	-123.507609000000
-123.220527000000	-123.218295000000	-123.362955000000
-123.220527000000	-123.365553000000	-123.362955000000
-123.075495000000	-123.073629000000	-123.218295000000
-123.075495000000	-123.220527000000	-123.218295000000
-122.930458000000	-122.928957000000	-123.073629000000
-122.930458000000	-123.075495000000	-123.073629000000
-122.784282000000	-122.785417000000	-122.928957000000
-122.785417000000	-122.930458000000	-122.928957000000
-122.639603000000	-122.640373000000	-122.784282000000
-122.640373000000	-122.784282000000	-122.785417000000
-122.494923000000	-122.495326000000	-122.639603000000
-122.495326000000	-122.639603000000	-122.640373000000
-122.350279000000	-122.350241000000	-122.494923000000
-122.350279000000	-122.494923000000	-122.495326000000
-122.205231000000	-122.205559000000	-122.350241000000
-122.205231000000	-122.350279000000	-122.350241000000
-122.060185000000	-122.060878000000	-122.205559000000
-122.060185000000	-122.205231000000	-122.205559000000
-121.915140000000	-121.916199000000	-122.060878000000
-121.915140000000	-122.060185000000	-122.060878000000
-121.770098000000	-121.771523000000	-121.916199000000
-121.770098000000	-121.915140000000	-121.916199000000
-121.625060000000	-121.626851000000	-121.771523000000
-121.625060000000	-121.770098000000	-121.771523000000
-124.809012000000	-124.802817000000	-124.946986000000
-124.809012000000	-124.953541000000	-124.946986000000
-124.664466000000	-124.658632000000	-124.802817000000
-124.664466000000	-124.809012000000	-124.802817000000
-124.519904000000	-124.514432000000	-124.658632000000
-124.519904000000	-124.664466000000	-124.658632000000
-124.375327000000	-124.370216000000	-124.514432000000
-124.375327000000	-124.519904000000	-124.514432000000
-124.230736000000	-124.225987000000	-124.370216000000
-124.230736000000	-124.375327000000	-124.370216000000
-124.086133000000	-124.081745000000	-124.225987000000
-124.086133000000	-124.230736000000	-124.225987000000
-123.941517000000	-123.937492000000	-124.081745000000
-123.941517000000	-124.086133000000	-124.081745000000
-123.796891000000	-123.793227000000	-123.937492000000
-123.796891000000	-123.941517000000	-123.937492000000
-123.652254000000	-123.648953000000	-123.793227000000
-123.652254000000	-123.796891000000	-123.793227000000
-123.507609000000	-123.504670000000	-123.648953000000
-123.507609000000	-123.652254000000	-123.648953000000
-123.362955000000	-123.360379000000	-123.504670000000
-123.362955000000	-123.507609000000	-123.504670000000
-123.218295000000	-123.216081000000	-123.360379000000
-123.218295000000	-123.362955000000	-123.360379000000
-123.073629000000	-123.071777000000	-123.216081000000
-123.073629000000	-123.218295000000	-123.216081000000
-122.927469000000	-122.928957000000	-123.071777000000
-122.928957000000	-123.073629000000	-123.071777000000
-122.783156000000	-122.784282000000	-122.927469000000
-122.784282000000	-122.927469000000	-122.928957000000
-122.638840000000	-122.639603000000	-122.783156000000
-122.639603000000	-122.783156000000	-122.784282000000
-122.494522000000	-122.494923000000	-122.638840000000
-122.494923000000	-122.638840000000	-122.639603000000
-122.350241000000	-122.350203000000	-122.494522000000
-122.350241000000	-122.494522000000	-122.494923000000
-122.205559000000	-122.205884000000	-122.350203000000
-122.205559000000	-122.350241000000	-122.350203000000
-122.060878000000	-122.061566000000	-122.205884000000
-122.060878000000	-122.205559000000	-122.205884000000
-121.917249000000	-121.916199000000	-122.061566000000
-121.916199000000	-122.060878000000	-122.061566000000
-121.772936000000	-121.771523000000	-121.917249000000
-121.771523000000	-121.917249000000	-121.916199000000
-121.628626000000	-121.626851000000	-121.772936000000
-121.626851000000	-121.772936000000	-121.771523000000
-124.802817000000	-124.796673000000	-124.940483000000
-124.802817000000	-124.946986000000	-124.940483000000
-124.658632000000	-124.652846000000	-124.796673000000
-124.658632000000	-124.802817000000	-124.796673000000
-124.514432000000	-124.509003000000	-124.652846000000
-124.514432000000	-124.658632000000	-124.652846000000
-124.370216000000	-124.365147000000	-124.509003000000
-124.370216000000	-124.514432000000	-124.509003000000
-124.225987000000	-124.221276000000	-124.365147000000
-124.225987000000	-124.370216000000	-124.365147000000
-124.081745000000	-124.077393000000	-124.221276000000
-124.081745000000	-124.225987000000	-124.221276000000
-123.937492000000	-123.933499000000	-124.077393000000
-123.937492000000	-124.081745000000	-124.077393000000
-123.793227000000	-123.789594000000	-123.933499000000
-123.793227000000	-123.937492000000	-123.933499000000
-123.648953000000	-123.645679000000	-123.789594000000
-123.648953000000	-123.793227000000	-123.789594000000
-123.504670000000	-123.501755000000	-123.645679000000
-123.504670000000	-123.648953000000	-123.645679000000
-123.360379000000	-123.357824000000	-123.501755000000
-123.360379000000	-123.504670000000	-123.501755000000
-123.216081000000	-123.213885000000	-123.357824000000
-123.216081000000	-123.360379000000	-123.357824000000
-123.071777000000	-123.069941000000	-123.213885000000
-123.071777000000	-123.216081000000	-123.213885000000
-122.927469000000	-122.925992000000	-123.069941000000
-122.927469000000	-123.071777000000	-123.069941000000
-122.782039000000	-122.783156000000	-122.925992000000
-122.783156000000	-122.927469000000	-122.925992000000
-122.638083000000	-122.638840000000	-122.782039000000
-122.638840000000	-122.782039000000	-122.783156000000
-122.494125000000	-122.494522000000	-122.638083000000
-122.494522000000	-122.638083000000	-122.638840000000
-122.350203000000	-122.350166000000	-122.494125000000
-122.350203000000	-122.494125000000	-122.494522000000
-122.206206000000	-122.205884000000	-122.350166000000
-122.205884000000	-122.350203000000	-122.350166000000
-122.062248000000	-122.061566000000	-122.206206000000
-122.061566000000	-122.206206000000	-122.205884000000
-121.917249000000	-121.918291000000	-122.062248000000
-121.917249000000	-122.062248000000	-122.061566000000
-121.772936000000	-121.774338000000	-121.918291000000
-121.772936000000	-121.917249000000	-121.918291000000
-121.628626000000	-121.630388000000	-121.774338000000
-121.628626000000	-121.772936000000	-121.774338000000
-124.796673000000	-124.790577000000	-124.940483000000
-124.652846000000	-124.647106000000	-124.790577000000
-124.652846000000	-124.796673000000	-124.790577000000
-124.509003000000	-124.503619000000	-124.647106000000
-124.509003000000	-124.652846000000	-124.647106000000
-124.365147000000	-124.360118000000	-124.503619000000
-124.365147000000	-124.509003000000	-124.503619000000
-124.221276000000	-124.216603000000	-124.360118000000
-124.221276000000	-124.365147000000	-124.360118000000
-124.077393000000	-124.073077000000	-124.216603000000
-124.077393000000	-124.221276000000	-124.216603000000
-123.933499000000	-123.929538000000	-124.073077000000
-123.933499000000	-124.077393000000	-124.073077000000
-123.789594000000	-123.785989000000	-123.929538000000
-123.789594000000	-123.933499000000	-123.929538000000
-123.645679000000	-123.642431000000	-123.785989000000
-123.645679000000	-123.789594000000	-123.785989000000
-123.501755000000	-123.498863000000	-123.642431000000
-123.501755000000	-123.645679000000	-123.642431000000
-123.357824000000	-123.355289000000	-123.498863000000
-123.357824000000	-123.501755000000	-123.498863000000
-123.213885000000	-123.211707000000	-123.355289000000
-123.213885000000	-123.357824000000	-123.355289000000
-123.069941000000	-123.068119000000	-123.211707000000
-123.069941000000	-123.213885000000	-123.211707000000
-122.925992000000	-122.924527000000	-123.068119000000
-122.925992000000	-123.069941000000	-123.068119000000
-122.780931000000	-122.782039000000	-122.924527000000
-122.782039000000	-122.925992000000	-122.924527000000
-122.637332000000	-122.638083000000	-122.780931000000
-122.638083000000	-122.780931000000	-122.782039000000
-122.494125000000	-122.493731000000	-122.637332000000
-122.494125000000	-122.637332000000	-122.638083000000
-122.350128000000	-122.350166000000	-122.493731000000
-122.350166000000	-122.494125000000	-122.493731000000
-122.206206000000	-122.206526000000	-122.350128000000
-122.206206000000	-122.350128000000	-122.350166000000
-122.062248000000	-122.062925000000	-122.206526000000
-122.062248000000	-122.206206000000	-122.206526000000
-121.918291000000	-121.919325000000	-122.062925000000
-121.918291000000	-122.062248000000	-122.062925000000
-121.775728000000	-121.774338000000	-121.919325000000
-121.774338000000	-121.918291000000	-121.919325000000
-121.632135000000	-121.630388000000	-121.775728000000
-121.630388000000	-121.775728000000	-121.774338000000
-124.647106000000	-124.641412000000	-124.784531000000
-124.647106000000	-124.790577000000	-124.784531000000
-124.503619000000	-124.498278000000	-124.641412000000
-124.503619000000	-124.647106000000	-124.641412000000
-124.360118000000	-124.355130000000	-124.498278000000
-124.360118000000	-124.503619000000	-124.498278000000
-124.216603000000	-124.211968000000	-124.355130000000
-124.216603000000	-124.360118000000	-124.355130000000
-124.073077000000	-124.068794000000	-124.211968000000
-124.073077000000	-124.216603000000	-124.211968000000
-123.929538000000	-123.925609000000	-124.068794000000
-123.929538000000	-124.073077000000	-124.068794000000
-123.785989000000	-123.782414000000	-123.925609000000
-123.785989000000	-123.929538000000	-123.925609000000
-123.642431000000	-123.639209000000	-123.782414000000
-123.642431000000	-123.785989000000	-123.782414000000
-123.498863000000	-123.495995000000	-123.639209000000
-123.498863000000	-123.642431000000	-123.639209000000
-123.355289000000	-123.352774000000	-123.495995000000
-123.355289000000	-123.498863000000	-123.495995000000
-123.211707000000	-123.209546000000	-123.352774000000
-123.211707000000	-123.355289000000	-123.352774000000
-123.068119000000	-123.066313000000	-123.209546000000
-123.068119000000	-123.211707000000	-123.209546000000
-122.924527000000	-122.923074000000	-123.066313000000
-122.924527000000	-123.068119000000	-123.066313000000
-122.780931000000	-122.779832000000	-122.923074000000
-122.780931000000	-122.924527000000	-122.923074000000
-122.637332000000	-122.636587000000	-122.779832000000
-122.637332000000	-122.780931000000	-122.779832000000
-122.493731000000	-122.493340000000	-122.636587000000
-122.493731000000	-122.637332000000	-122.636587000000
-122.350091000000	-122.350128000000	-122.493340000000
-122.350128000000	-122.493731000000	-122.493340000000
-122.206843000000	-122.206526000000	-122.350091000000
-122.206526000000	-122.350091000000	-122.350128000000
-122.062925000000	-122.063596000000	-122.206843000000
-122.062925000000	-122.206843000000	-122.206526000000
-121.920350000000	-121.919325000000	-122.063596000000
-121.919325000000	-122.062925000000	-122.063596000000
-121.777107000000	-121.775728000000	-121.920350000000
-121.775728000000	-121.920350000000	-121.919325000000
-121.633868000000	-121.632135000000	-121.777107000000
-121.632135000000	-121.777107000000	-121.775728000000
-124.641412000000	-124.635764000000	-124.778533000000
-124.641412000000	-124.784531000000	-124.778533000000
-124.498278000000	-124.492979000000	-124.635764000000
-124.498278000000	-124.641412000000	-124.635764000000
-124.355130000000	-124.350181000000	-124.492979000000
-124.355130000000	-124.498278000000	-124.492979000000
-124.211968000000	-124.207370000000	-124.350181000000
-124.211968000000	-124.355130000000	-124.350181000000
-124.068794000000	-124.064546000000	-124.207370000000
-124.068794000000	-124.211968000000	-124.207370000000
-123.925609000000	-123.921712000000	-124.064546000000
-123.925609000000	-124.068794000000	-124.064546000000
-123.782414000000	-123.778867000000	-123.921712000000
-123.782414000000	-123.925609000000	-123.921712000000
-123.639209000000	-123.636013000000	-123.778867000000
-123.639209000000	-123.782414000000	-123.778867000000
-123.495995000000	-123.493150000000	-123.636013000000
-123.495995000000	-123.639209000000	-123.636013000000
-123.352774000000	-123.350280000000	-123.493150000000
-123.352774000000	-123.495995000000	-123.493150000000
-123.209546000000	-123.207403000000	-123.350280000000
-123.209546000000	-123.352774000000	-123.350280000000
-123.066313000000	-123.064520000000	-123.207403000000
-123.066313000000	-123.209546000000	-123.207403000000
-122.923074000000	-122.921633000000	-123.064520000000
-122.923074000000	-123.066313000000	-123.064520000000
-122.779832000000	-122.778742000000	-122.921633000000
-122.779832000000	-122.923074000000	-122.921633000000
-122.636587000000	-122.635848000000	-122.778742000000
-122.636587000000	-122.779832000000	-122.778742000000
-122.493340000000	-122.492952000000	-122.635848000000
-122.493340000000	-122.636587000000	-122.635848000000
-122.350055000000	-122.350091000000	-122.492952000000
-122.350091000000	-122.493340000000	-122.492952000000
-122.207158000000	-122.206843000000	-122.350055000000
-122.206843000000	-122.350055000000	-122.350091000000
-122.064262000000	-122.063596000000	-122.207158000000
-122.063596000000	-122.207158000000	-122.206843000000
-121.921367000000	-121.920350000000	-122.064262000000
-121.920350000000	-122.064262000000	-122.063596000000
-121.778475000000	-121.777107000000	-121.921367000000
-121.777107000000	-121.921367000000	-121.920350000000
-121.635587000000	-121.633868000000	-121.778475000000
-121.633868000000	-121.778475000000	-121.777107000000
-124.630160000000	-124.635764000000	-124.772583000000
-124.635764000000	-124.778533000000	-124.772583000000
-124.487723000000	-124.492979000000	-124.630160000000
-124.492979000000	-124.630160000000	-124.635764000000
-124.345272000000	-124.350181000000	-124.487723000000
-124.350181000000	-124.487723000000	-124.492979000000
-124.202809000000	-124.207370000000	-124.345272000000
-124.207370000000	-124.345272000000	-124.350181000000
-124.060333000000	-124.064546000000	-124.202809000000
-124.064546000000	-124.202809000000	-124.207370000000
-123.921712000000	-123.917846000000	-124.060333000000
-123.921712000000	-124.060333000000	-124.064546000000
-123.778867000000	-123.775349000000	-123.917846000000
-123.778867000000	-123.921712000000	-123.917846000000
-123.636013000000	-123.632842000000	-123.775349000000
-123.636013000000	-123.778867000000	-123.775349000000
-123.493150000000	-123.490327000000	-123.632842000000
-123.493150000000	-123.636013000000	-123.632842000000
-123.350280000000	-123.347805000000	-123.490327000000
-123.350280000000	-123.493150000000	-123.490327000000
-123.207403000000	-123.205276000000	-123.347805000000
-123.207403000000	-123.350280000000	-123.347805000000
-123.064520000000	-123.062742000000	-123.205276000000
-123.064520000000	-123.207403000000	-123.205276000000
-122.921633000000	-122.920203000000	-123.062742000000
-122.921633000000	-123.064520000000	-123.062742000000
-122.778742000000	-122.777660000000	-122.920203000000
-122.778742000000	-122.921633000000	-122.920203000000
-122.635848000000	-122.635115000000	-122.777660000000
-122.635848000000	-122.778742000000	-122.777660000000
-122.492952000000	-122.492567000000	-122.635115000000
-122.492952000000	-122.635848000000	-122.635115000000
-122.350055000000	-122.350019000000	-122.492567000000
-122.350055000000	-122.492952000000	-122.492567000000
-122.207470000000	-122.207158000000	-122.350019000000
-122.207158000000	-122.350055000000	-122.350019000000
-122.064922000000	-122.064262000000	-122.207470000000
-122.064262000000	-122.207470000000	-122.207158000000
-121.922376000000	-121.921367000000	-122.064922000000
-121.921367000000	-122.064922000000	-122.064262000000
-121.779833000000	-121.778475000000	-121.922376000000
-121.778475000000	-121.922376000000	-121.921367000000
-121.637293000000	-121.635587000000	-121.779833000000
-121.635587000000	-121.779833000000	-121.778475000000
-124.624602000000	-124.630160000000	-124.766681000000
-124.630160000000	-124.772583000000	-124.766681000000
-124.482509000000	-124.487723000000	-124.624602000000
-124.487723000000	-124.624602000000	-124.630160000000
-124.340403000000	-124.345272000000	-124.482509000000
-124.345272000000	-124.482509000000	-124.487723000000
-124.198284000000	-124.202809000000	-124.340403000000
-124.202809000000	-124.340403000000	-124.345272000000
-124.056153000000	-124.060333000000	-124.198284000000
-124.060333000000	-124.198284000000	-124.202809000000
-123.914010000000	-123.917846000000	-124.056153000000
-123.917846000000	-124.056153000000	-124.060333000000
-123.775349000000	-123.771858000000	-123.914010000000
-123.775349000000	-123.914010000000	-123.917846000000
-123.632842000000	-123.629697000000	-123.771858000000
-123.632842000000	-123.775349000000	-123.771858000000
-123.490327000000	-123.487527000000	-123.629697000000
-123.490327000000	-123.632842000000	-123.629697000000
-123.347805000000	-123.345351000000	-123.487527000000
-123.347805000000	-123.490327000000	-123.487527000000
-123.205276000000	-123.203167000000	-123.345351000000
-123.205276000000	-123.347805000000	-123.345351000000
-123.062742000000	-123.060978000000	-123.203167000000
-123.062742000000	-123.205276000000	-123.203167000000
-122.920203000000	-122.918785000000	-123.060978000000
-122.920203000000	-123.062742000000	-123.060978000000
-122.777660000000	-122.776588000000	-122.918785000000
-122.777660000000	-122.920203000000	-122.918785000000
-122.635115000000	-122.634388000000	-122.776588000000
-122.635115000000	-122.777660000000	-122.776588000000
-122.492567000000	-122.492186000000	-122.634388000000
-122.492567000000	-122.635115000000	-122.634388000000
-122.350019000000	-122.349983000000	-122.492186000000
-122.350019000000	-122.492567000000	-122.492186000000
-122.207780000000	-122.207470000000	-122.349983000000
-122.207470000000	-122.350019000000	-122.349983000000
-122.065577000000	-122.064922000000	-122.207780000000
-122.064922000000	-122.207780000000	-122.207470000000
-121.922376000000	-121.923377000000	-122.065577000000
-121.922376000000	-122.065577000000	-122.064922000000
-121.781179000000	-121.779833000000	-121.923377000000
-121.779833000000	-121.922376000000	-121.923377000000
-121.638984000000	-121.637293000000	-121.781179000000
-121.637293000000	-121.781179000000	-121.779833000000
-124.619088000000	-124.624602000000	-124.760825000000
-124.624602000000	-124.760825000000	-124.766681000000
-124.477337000000	-124.482509000000	-124.619088000000
-124.482509000000	-124.619088000000	-124.624602000000
-124.335572000000	-124.340403000000	-124.477337000000
-124.340403000000	-124.477337000000	-124.482509000000
-124.193795000000	-124.198284000000	-124.335572000000
-124.198284000000	-124.335572000000	-124.340403000000
-124.052006000000	-124.056153000000	-124.193795000000
-124.056153000000	-124.193795000000	-124.198284000000
-123.910206000000	-123.914010000000	-124.052006000000
-123.914010000000	-124.052006000000	-124.056153000000
-123.771858000000	-123.768396000000	-123.910206000000
-123.771858000000	-123.910206000000	-123.914010000000
-123.629697000000	-123.626577000000	-123.768396000000
-123.629697000000	-123.771858000000	-123.768396000000
-123.487527000000	-123.484750000000	-123.626577000000
-123.487527000000	-123.629697000000	-123.626577000000
-123.345351000000	-123.342916000000	-123.484750000000
-123.345351000000	-123.487527000000	-123.484750000000
-123.203167000000	-123.201075000000	-123.342916000000
-123.203167000000	-123.345351000000	-123.342916000000
-123.060978000000	-123.059229000000	-123.201075000000
-123.060978000000	-123.203167000000	-123.201075000000
-122.918785000000	-122.917378000000	-123.059229000000
-122.918785000000	-123.060978000000	-123.059229000000
-122.776588000000	-122.775523000000	-122.917378000000
-122.776588000000	-122.918785000000	-122.917378000000
-122.634388000000	-122.633666000000	-122.775523000000
-122.634388000000	-122.776588000000	-122.775523000000
-122.492186000000	-122.491807000000	-122.633666000000
-122.492186000000	-122.634388000000	-122.633666000000
-122.349983000000	-122.349947000000	-122.491807000000
-122.349983000000	-122.492186000000	-122.491807000000
-122.207780000000	-122.208087000000	-122.349947000000
-122.207780000000	-122.349983000000	-122.349947000000
-122.066227000000	-122.065577000000	-122.208087000000
-122.065577000000	-122.207780000000	-122.208087000000
-121.924369000000	-121.923377000000	-122.066227000000
-121.923377000000	-122.066227000000	-122.065577000000
-121.782514000000	-121.781179000000	-121.924369000000
-121.781179000000	-121.924369000000	-121.923377000000
-121.640663000000	-121.638984000000	-121.782514000000
-121.638984000000	-121.782514000000	-121.781179000000
-124.619088000000	-124.613619000000	-124.755017000000
-124.619088000000	-124.760825000000	-124.755017000000
-124.472206000000	-124.477337000000	-124.613619000000
-124.477337000000	-124.619088000000	-124.613619000000
-124.330780000000	-124.335572000000	-124.472206000000
-124.335572000000	-124.472206000000	-124.477337000000
-124.189342000000	-124.193795000000	-124.330780000000
-124.193795000000	-124.330780000000	-124.335572000000
-124.047892000000	-124.052006000000	-124.189342000000
-124.052006000000	-124.189342000000	-124.193795000000
-123.906432000000	-124.047892000000	-123.910206000000
-124.047892000000	-123.910206000000	-124.052006000000
-123.764961000000	-123.768396000000	-123.906432000000
-123.768396000000	-123.906432000000	-123.910206000000
-123.623482000000	-123.626577000000	-123.764961000000
-123.626577000000	-123.764961000000	-123.768396000000
-123.484750000000	-123.481995000000	-123.623482000000
-123.484750000000	-123.623482000000	-123.626577000000
-123.342916000000	-123.340500000000	-123.481995000000
-123.342916000000	-123.484750000000	-123.481995000000
-123.201075000000	-123.198999000000	-123.340500000000
-123.201075000000	-123.342916000000	-123.340500000000
-123.059229000000	-123.057493000000	-123.198999000000
-123.059229000000	-123.201075000000	-123.198999000000
-122.917378000000	-122.915982000000	-123.057493000000
-122.917378000000	-123.059229000000	-123.057493000000
-122.775523000000	-122.774468000000	-122.915982000000
-122.775523000000	-122.917378000000	-122.915982000000
-122.633666000000	-122.632950000000	-122.774468000000
-122.633666000000	-122.775523000000	-122.774468000000
-122.491807000000	-122.491431000000	-122.632950000000
-122.491807000000	-122.633666000000	-122.632950000000
-122.349947000000	-122.349911000000	-122.491431000000
-122.349947000000	-122.491807000000	-122.491431000000
-122.208087000000	-122.208391000000	-122.349911000000
-122.208087000000	-122.349947000000	-122.349911000000
-122.066227000000	-122.066872000000	-122.208391000000
-122.066227000000	-122.208087000000	-122.208391000000
-121.925354000000	-121.924369000000	-122.066872000000
-121.924369000000	-122.066227000000	-122.066872000000
-121.783839000000	-121.782514000000	-121.925354000000
-121.782514000000	-121.925354000000	-121.924369000000
-121.642328000000	-121.640663000000	-121.783839000000
-121.640663000000	-121.783839000000	-121.782514000000
-124.613619000000	-124.608193000000	-124.755017000000
-124.467116000000	-124.472206000000	-124.608193000000
-124.472206000000	-124.613619000000	-124.608193000000
-124.326027000000	-124.330780000000	-124.467116000000
-124.330780000000	-124.467116000000	-124.472206000000
-124.184925000000	-124.189342000000	-124.326027000000
-124.189342000000	-124.326027000000	-124.330780000000
-124.043812000000	-124.047892000000	-124.184925000000
-124.047892000000	-124.184925000000	-124.189342000000
-123.902688000000	-124.043812000000	-123.906432000000
-124.043812000000	-123.906432000000	-124.047892000000
-123.761554000000	-123.902688000000	-123.764961000000
-123.902688000000	-123.764961000000	-123.906432000000
-123.620412000000	-123.761554000000	-123.623482000000
-123.761554000000	-123.623482000000	-123.764961000000
-123.479261000000	-123.481995000000	-123.620412000000
-123.481995000000	-123.620412000000	-123.623482000000
-123.338104000000	-123.340500000000	-123.479261000000
-123.340500000000	-123.479261000000	-123.481995000000
-123.196940000000	-123.198999000000	-123.338104000000
-123.198999000000	-123.338104000000	-123.340500000000
-123.057493000000	-123.055771000000	-123.196940000000
-123.057493000000	-123.196940000000	-123.198999000000
-122.915982000000	-122.914598000000	-123.055771000000
-122.915982000000	-123.057493000000	-123.055771000000
-122.774468000000	-122.773420000000	-122.914598000000
-122.774468000000	-122.915982000000	-122.914598000000
-122.632950000000	-122.632241000000	-122.773420000000
-122.632950000000	-122.774468000000	-122.773420000000
-122.491431000000	-122.491059000000	-122.632241000000
-122.491431000000	-122.632950000000	-122.632241000000
-122.349911000000	-122.349876000000	-122.491059000000
-122.349911000000	-122.491431000000	-122.491059000000
-122.208391000000	-122.208694000000	-122.349876000000
-122.208391000000	-122.349911000000	-122.349876000000
-122.067512000000	-122.066872000000	-122.208694000000
-122.066872000000	-122.208391000000	-122.208694000000
-121.925354000000	-121.926331000000	-122.067512000000
-121.925354000000	-122.067512000000	-122.066872000000
-121.783839000000	-121.785154000000	-121.926331000000
-121.783839000000	-121.925354000000	-121.926331000000
-121.643979000000	-121.642328000000	-121.785154000000
-121.642328000000	-121.783839000000	-121.785154000000
-124.462067000000	-124.467116000000	-124.602810000000
-124.467116000000	-124.602810000000	-124.608193000000
-124.321311000000	-124.326027000000	-124.462067000000
-124.326027000000	-124.462067000000	-124.467116000000
-124.180543000000	-124.184925000000	-124.321311000000
-124.184925000000	-124.321311000000	-124.326027000000
-124.039763000000	-124.180543000000	-124.043812000000
-124.180543000000	-124.043812000000	-124.184925000000
-123.898974000000	-124.039763000000	-123.902688000000
-124.039763000000	-123.902688000000	-124.043812000000
-123.758174000000	-123.898974000000	-123.761554000000
-123.898974000000	-123.761554000000	-123.902688000000
-123.617366000000	-123.758174000000	-123.620412000000
-123.758174000000	-123.620412000000	-123.761554000000
-123.476550000000	-123.479261000000	-123.617366000000
-123.479261000000	-123.617366000000	-123.620412000000
-123.335727000000	-123.338104000000	-123.476550000000
-123.338104000000	-123.476550000000	-123.479261000000
-123.194897000000	-123.196940000000	-123.335727000000
-123.196940000000	-123.335727000000	-123.338104000000
-123.054063000000	-123.055771000000	-123.194897000000
-123.055771000000	-123.194897000000	-123.196940000000
-122.913224000000	-122.914598000000	-123.054063000000
-122.914598000000	-123.054063000000	-123.055771000000
-122.772382000000	-122.773420000000	-122.913224000000
-122.773420000000	-122.913224000000	-122.914598000000
-122.631536000000	-122.632241000000	-122.772382000000
-122.632241000000	-122.772382000000	-122.773420000000
-122.491059000000	-122.490689000000	-122.631536000000
-122.491059000000	-122.631536000000	-122.632241000000
-122.349841000000	-122.349876000000	-122.490689000000
-122.349876000000	-122.491059000000	-122.490689000000
-122.208993000000	-122.208694000000	-122.349841000000
-122.208694000000	-122.349841000000	-122.349876000000
-122.068146000000	-122.067512000000	-122.208993000000
-122.067512000000	-122.208993000000	-122.208694000000
-121.926331000000	-121.927300000000	-122.068146000000
-121.926331000000	-122.068146000000	-122.067512000000
-121.786457000000	-121.785154000000	-121.927300000000
-121.785154000000	-121.926331000000	-121.927300000000
-121.645618000000	-121.643979000000	-121.786457000000
-121.643979000000	-121.786457000000	-121.785154000000
-124.457057000000	-124.462067000000	-124.602810000000
-124.316633000000	-124.321311000000	-124.457057000000
-124.321311000000	-124.457057000000	-124.462067000000
-124.176196000000	-124.180543000000	-124.316633000000
-124.180543000000	-124.316633000000	-124.321311000000
-124.035747000000	-124.176196000000	-124.039763000000
-124.176196000000	-124.039763000000	-124.180543000000
-123.895289000000	-124.035747000000	-123.898974000000
-124.035747000000	-123.898974000000	-124.039763000000
-123.754821000000	-123.895289000000	-123.758174000000
-123.895289000000	-123.758174000000	-123.898974000000
-123.614344000000	-123.754821000000	-123.617366000000
-123.754821000000	-123.617366000000	-123.758174000000
-123.473860000000	-123.614344000000	-123.476550000000
-123.614344000000	-123.476550000000	-123.617366000000
-123.333368000000	-123.335727000000	-123.473860000000
-123.335727000000	-123.473860000000	-123.476550000000
-123.192871000000	-123.194897000000	-123.333368000000
-123.194897000000	-123.333368000000	-123.335727000000
-123.052368000000	-123.054063000000	-123.192871000000
-123.054063000000	-123.192871000000	-123.194897000000
-122.911861000000	-122.913224000000	-123.052368000000
-122.913224000000	-123.052368000000	-123.054063000000
-122.771351000000	-122.772382000000	-122.911861000000
-122.772382000000	-122.911861000000	-122.913224000000
-122.630838000000	-122.631536000000	-122.771351000000
-122.631536000000	-122.771351000000	-122.772382000000
-122.490323000000	-122.490689000000	-122.630838000000
-122.490689000000	-122.630838000000	-122.631536000000
-122.349807000000	-122.349841000000	-122.490323000000
-122.349841000000	-122.490323000000	-122.490689000000
-122.209291000000	-122.208993000000	-122.349807000000
-122.208993000000	-122.349807000000	-122.349841000000
-122.068776000000	-122.068146000000	-122.209291000000
-122.068146000000	-122.209291000000	-122.208993000000
-121.928262000000	-121.927300000000	-122.068776000000
-121.927300000000	-122.068776000000	-122.068146000000
-121.787751000000	-121.786457000000	-121.928262000000
-121.786457000000	-121.928262000000	-121.927300000000
-121.647243000000	-121.645618000000	-121.787751000000
-121.645618000000	-121.787751000000	-121.786457000000
-123.891634000000	-123.895289000000	-124.035747000000
-123.751494000000	-123.891634000000	-123.754821000000
-123.891634000000	-123.754821000000	-123.895289000000
-123.611347000000	-123.751494000000	-123.614344000000
-123.751494000000	-123.614344000000	-123.754821000000
-123.471191000000	-123.611347000000	-123.473860000000
-123.611347000000	-123.473860000000	-123.614344000000
-123.331029000000	-123.471191000000	-123.333368000000
-123.471191000000	-123.333368000000	-123.473860000000
-123.190861000000	-123.192871000000	-123.331029000000
-123.192871000000	-123.331029000000	-123.333368000000
-123.050687000000	-123.052368000000	-123.190861000000
-123.052368000000	-123.190861000000	-123.192871000000
-122.910510000000	-122.911861000000	-123.050687000000
-122.911861000000	-123.050687000000	-123.052368000000
-122.770328000000	-122.771351000000	-122.910510000000
-122.771351000000	-122.910510000000	-122.911861000000
-122.630145000000	-122.630838000000	-122.770328000000
-122.630838000000	-122.770328000000	-122.771351000000
-122.489959000000	-122.490323000000	-122.630145000000
-122.490323000000	-122.630145000000	-122.630838000000
-122.349772000000	-122.349807000000	-122.489959000000
-122.349807000000	-122.489959000000	-122.490323000000
-122.209586000000	-122.209291000000	-122.349772000000
-122.209291000000	-122.349772000000	-122.349807000000
-122.069400000000	-122.068776000000	-122.209586000000
-122.068776000000	-122.209586000000	-122.209291000000
-121.929216000000	-121.928262000000	-122.069400000000
-121.928262000000	-122.069400000000	-122.068776000000
-121.789034000000	-121.787751000000	-121.929216000000
-121.787751000000	-121.929216000000	-121.928262000000
-121.648855000000	-121.647243000000	-121.789034000000
-121.647243000000	-121.789034000000	-121.787751000000
-123.608373000000	-123.611347000000	-123.751494000000
-123.468544000000	-123.608373000000	-123.471191000000
-123.608373000000	-123.471191000000	-123.611347000000
-123.328708000000	-123.331029000000	-123.468544000000
-123.331029000000	-123.468544000000	-123.471191000000
-123.188866000000	-123.190861000000	-123.328708000000
-123.190861000000	-123.328708000000	-123.331029000000
-123.049020000000	-123.050687000000	-123.188866000000
-123.050687000000	-123.188866000000	-123.190861000000
-122.909169000000	-122.910510000000	-123.049020000000
-122.910510000000	-123.049020000000	-123.050687000000
-122.769314000000	-122.770328000000	-122.909169000000
-122.770328000000	-122.909169000000	-122.910510000000
-122.629457000000	-122.630145000000	-122.769314000000
-122.630145000000	-122.769314000000	-122.770328000000
-122.489598000000	-122.489959000000	-122.629457000000
-122.489959000000	-122.629457000000	-122.630145000000
-122.349738000000	-122.349772000000	-122.489598000000
-122.349772000000	-122.489598000000	-122.489959000000
-122.209879000000	-122.209586000000	-122.349738000000
-122.209586000000	-122.349738000000	-122.349772000000
-122.070019000000	-122.069400000000	-122.209879000000
-122.069400000000	-122.209879000000	-122.209586000000
-121.930162000000	-121.929216000000	-122.070019000000
-121.929216000000	-122.070019000000	-122.069400000000
-121.790307000000	-121.789034000000	-121.930162000000
-121.789034000000	-121.930162000000	-121.929216000000
-121.650455000000	-121.648855000000	-121.790307000000
-121.648855000000	-121.790307000000	-121.789034000000
-123.326406000000	-123.328708000000	-123.468544000000
-123.186888000000	-123.188866000000	-123.326406000000
-123.188866000000	-123.326406000000	-123.328708000000
-123.047365000000	-123.049020000000	-123.186888000000
-123.049020000000	-123.186888000000	-123.188866000000
-122.907838000000	-122.909169000000	-123.047365000000
-122.909169000000	-123.047365000000	-123.049020000000
-122.768308000000	-122.769314000000	-122.907838000000
-122.769314000000	-122.907838000000	-122.909169000000
-122.628775000000	-122.629457000000	-122.768308000000
-122.629457000000	-122.768308000000	-122.769314000000
-122.489240000000	-122.489598000000	-122.628775000000
-122.489598000000	-122.628775000000	-122.629457000000
-122.349705000000	-122.349738000000	-122.489240000000
-122.349738000000	-122.489240000000	-122.489598000000
-122.210169000000	-122.209879000000	-122.349705000000
-122.209879000000	-122.349705000000	-122.349738000000
-122.070634000000	-122.070019000000	-122.210169000000
-122.070019000000	-122.210169000000	-122.209879000000
-121.931101000000	-121.930162000000	-122.070634000000
-121.930162000000	-122.070634000000	-122.070019000000
-121.791570000000	-121.790307000000	-121.931101000000
-121.790307000000	-121.931101000000	-121.930162000000
-121.652042000000	-121.650455000000	-121.791570000000
-121.650455000000	-121.791570000000	-121.790307000000
-122.906518000000	-122.907838000000	-123.047365000000
-122.767310000000	-122.768308000000	-122.906518000000
-122.768308000000	-122.906518000000	-122.907838000000
-122.628098000000	-122.628775000000	-122.767310000000
-122.628775000000	-122.767310000000	-122.768308000000
-122.488885000000	-122.489240000000	-122.628098000000
-122.489240000000	-122.628098000000	-122.628775000000
-122.349671000000	-122.349705000000	-122.488885000000
-122.349705000000	-122.488885000000	-122.489240000000
-122.210457000000	-122.210169000000	-122.349671000000
-122.210169000000	-122.349671000000	-122.349705000000
-122.071244000000	-122.070634000000	-122.210457000000
-122.070634000000	-122.210457000000	-122.210169000000
-121.932032000000	-121.931101000000	-122.071244000000
-121.931101000000	-122.071244000000	-122.070634000000
-121.792823000000	-121.791570000000	-121.932032000000
-121.791570000000	-121.932032000000	-121.931101000000
-121.652042000000	-121.792823000000	-121.791570000000
-122.627427000000	-122.628098000000	-122.767310000000
-122.488533000000	-122.488885000000	-122.627427000000
-122.488885000000	-122.627427000000	-122.628098000000
-122.349638000000	-122.349671000000	-122.488533000000
-122.349671000000	-122.488533000000	-122.488885000000
-122.210743000000	-122.210457000000	-122.349638000000
-122.210457000000	-122.349638000000	-122.349671000000
-122.071849000000	-122.071244000000	-122.210743000000
-122.071244000000	-122.210743000000	-122.210457000000
-121.932956000000	-121.932032000000	-122.071849000000
-121.932032000000	-122.071849000000	-122.071244000000
-121.794065000000	-121.792823000000	-121.932956000000
-121.792823000000	-121.932956000000	-121.932032000000
-122.349605000000	-122.349638000000	-122.488533000000
-122.211026000000	-122.210743000000	-122.349605000000
-122.210743000000	-122.349605000000	-122.349638000000
-122.072449000000	-122.071849000000	-122.211026000000
-122.071849000000	-122.211026000000	-122.210743000000
-121.933872000000	-121.932956000000	-122.072449000000
-121.932956000000	-122.072449000000	-122.071849000000
-121.795298000000	-121.794065000000	-121.933872000000
-121.794065000000	-121.933872000000	-121.932956000000
-122.073044000000	-122.072449000000	-122.211026000000
-121.934782000000	-121.933872000000	-122.073044000000
-121.933872000000	-122.073044000000	-122.072449000000
-121.795298000000	-121.934782000000	-121.933872000000